well,distance_m,azimuth_deg,time_h,observed_m,pathway,pathway_short,predicted_m,eta,valid_time_flag,validity_note
MW-01,28.53505435743645,172.39885239945636,0.4860936329079513,0.0049685251186085,Theis confined,Theis,0.003930103147034747,0.19113993791847883,True,infinite line source confined fit
MW-01,28.53505435743645,172.39885239945636,0.4860936329079513,0.0049685251186085,Hantush-Jacob leaky,Hantush leaky,0.003930103154641815,0.19113993637549526,True,conventional Hantush-Jacob leaky fit
MW-01,28.53505435743645,172.39885239945636,0.4860936329079513,0.0049685251186085,Lagging Darcy no-leakage,"Lagging
without leakage",0.004763465474779,0.03496090935466869,True,finite radius lagging Darcy limit without leakage
MW-01,28.53505435743645,172.39885239945636,0.4860936329079513,0.0049685251186085,Lagging Darcy with leakage,Lagging leaky,0.005017887921376518,-0.008236506061912674,True,formal Lin and Yeh lagging leaky finite radius fit
MW-01,28.53505435743645,172.39885239945636,0.657423577795513,0.0111396390308051,Theis confined,Theis,0.009693166525984445,0.12687115630065832,True,infinite line source confined fit
MW-01,28.53505435743645,172.39885239945636,0.657423577795513,0.0111396390308051,Hantush-Jacob leaky,Hantush leaky,0.009693166539626109,0.12687115502492158,True,conventional Hantush-Jacob leaky fit
MW-01,28.53505435743645,172.39885239945636,0.657423577795513,0.0111396390308051,Lagging Darcy no-leakage,"Lagging
without leakage",0.0104553018975249,0.05802338067275371,True,finite radius lagging Darcy limit without leakage
MW-01,28.53505435743645,172.39885239945636,0.657423577795513,0.0111396390308051,Lagging Darcy with leakage,Lagging leaky,0.010436937071390645,0.0596278397297196,True,formal Lin and Yeh lagging leaky finite radius fit
MW-01,28.53505435743645,172.39885239945636,0.7716239411926175,0.0152776408800078,Theis confined,Theis,0.014467561809452644,0.051047396483093796,True,infinite line source confined fit
MW-01,28.53505435743645,172.39885239945636,0.7716239411926175,0.0152776408800078,Hantush-Jacob leaky,Hantush leaky,0.014467561827095769,0.05104739534244073,True,conventional Hantush-Jacob leaky fit
MW-01,28.53505435743645,172.39885239945636,0.7716239411926175,0.0152776408800078,Lagging Darcy no-leakage,"Lagging
without leakage",0.0148714075884019,0.02527321545711709,True,finite radius lagging Darcy limit without leakage
MW-01,28.53505435743645,172.39885239945636,0.7716239411926175,0.0152776408800078,Lagging Darcy with leakage,Lagging leaky,0.014691190717060282,0.03669298692952784,True,formal Lin and Yeh lagging leaky finite radius fit
MW-01,28.53505435743645,172.39885239945636,0.9612067658087852,0.0220844989712554,Theis confined,Theis,0.023327445895124803,-0.052443821616253744,True,infinite line source confined fit
MW-01,28.53505435743645,172.39885239945636,0.9612067658087852,0.0220844989712554,Hantush-Jacob leaky,Hantush leaky,0.02332744591839849,-0.052443822572938184,True,conventional Hantush-Jacob leaky fit
MW-01,28.53505435743645,172.39885239945636,0.9612067658087852,0.0220844989712554,Lagging Darcy no-leakage,"Lagging
without leakage",0.0228766149231321,-0.03373817276461801,True,finite radius lagging Darcy limit without leakage
MW-01,28.53505435743645,172.39885239945636,0.9612067658087852,0.0220844989712554,Lagging Darcy with leakage,Lagging leaky,0.022508029615746297,-0.01818069649115768,True,formal Lin and Yeh lagging leaky finite radius fit
MW-01,28.53505435743645,172.39885239945636,1.0342606693873764,0.0238982177094655,Theis confined,Theis,0.02692033942214592,-0.11455921179820007,True,infinite line source confined fit
MW-01,28.53505435743645,172.39885239945636,1.0342606693873764,0.0238982177094655,Hantush-Jacob leaky,Hantush leaky,0.026920339447222545,-0.11455921269634904,True,conventional Hantush-Jacob leaky fit
MW-01,28.53505435743645,172.39885239945636,1.0342606693873764,0.0238982177094655,Lagging Darcy no-leakage,"Lagging
without leakage",0.0261102725463673,-0.08511649383611264,True,finite radius lagging Darcy limit without leakage
MW-01,28.53505435743645,172.39885239945636,1.0342606693873764,0.0238982177094655,Lagging Darcy with leakage,Lagging leaky,0.025694865450671775,-0.06967501871917191,True,formal Lin and Yeh lagging leaky finite radius fit
MW-01,28.53505435743645,172.39885239945636,1.1333864274387484,0.0287336802445527,Theis confined,Theis,0.0318752319599917,-0.10043912802279265,True,infinite line source confined fit
MW-01,28.53505435743645,172.39885239945636,1.1333864274387484,0.0287336802445527,Hantush-Jacob leaky,Hantush leaky,0.031875231987197876,-0.10043912885035104,True,conventional Hantush-Jacob leaky fit
MW-01,28.53505435743645,172.39885239945636,1.1333864274387484,0.0287336802445527,Lagging Darcy no-leakage,"Lagging
without leakage",0.0305829356586403,-0.06033654566451661,True,finite radius lagging Darcy limit without leakage
MW-01,28.53505435743645,172.39885239945636,1.1333864274387484,0.0287336802445527,Lagging Darcy with leakage,Lagging leaky,0.030123182376009625,-0.045672537254262374,True,formal Lin and Yeh lagging leaky finite radius fit
MW-01,28.53505435743645,172.39885239945636,1.213905107934798,0.0336503949286067,Theis confined,Theis,0.03593445953493164,-0.06383585478128949,True,infinite line source confined fit
MW-01,28.53505435743645,172.39885239945636,1.213905107934798,0.0336503949286067,Hantush-Jacob leaky,Hantush leaky,0.03593445956361305,-0.06383585555783818,True,conventional Hantush-Jacob leaky fit
MW-01,28.53505435743645,172.39885239945636,1.213905107934798,0.0336503949286067,Lagging Darcy no-leakage,"Lagging
without leakage",0.03426658747963,-0.01762686215251038,True,finite radius lagging Darcy limit without leakage
MW-01,28.53505435743645,172.39885239945636,1.213905107934798,0.0336503949286067,Lagging Darcy with leakage,Lagging leaky,0.03378456551999137,-0.0038646456341218213,True,formal Lin and Yeh lagging leaky finite radius fit
MW-01,28.53505435743645,172.39885239945636,1.3363908906030342,0.0383826036616287,Theis confined,Theis,0.04211769291761114,-0.09060923403394812,True,infinite line source confined fit
MW-01,28.53505435743645,172.39885239945636,1.3363908906030342,0.0383826036616287,Hantush-Jacob leaky,Hantush leaky,0.04211769294813251,-0.09060923474181001,True,conventional Hantush-Jacob leaky fit
MW-01,28.53505435743645,172.39885239945636,1.3363908906030342,0.0383826036616287,Lagging Darcy no-leakage,"Lagging
without leakage",0.0399216178568551,-0.0383342900012111,True,finite radius lagging Darcy limit without leakage
MW-01,28.53505435743645,172.39885239945636,1.3363908906030342,0.0383826036616287,Lagging Darcy with leakage,Lagging leaky,0.0394245834322747,-0.026113913335001043,True,formal Lin and Yeh lagging leaky finite radius fit
MW-01,28.53505435743645,172.39885239945636,1.512212877647885,0.0449472369198928,Theis confined,Theis,0.050918476783315354,-0.12218101952829619,True,infinite line source confined fit
MW-01,28.53505435743645,172.39885239945636,1.512212877647885,0.0449472369198928,Hantush-Jacob leaky,Hantush leaky,0.05091847681571633,-0.12218102015237031,True,conventional Hantush-Jacob leaky fit
MW-01,28.53505435743645,172.39885239945636,1.512212877647885,0.0449472369198928,Lagging Darcy no-leakage,"Lagging
without leakage",0.0480759192457991,-0.06587475676125293,True,finite radius lagging Darcy limit without leakage
MW-01,28.53505435743645,172.39885239945636,1.512212877647885,0.0449472369198928,Lagging Darcy with leakage,Lagging leaky,0.047586552092376756,-0.05585307202452214,True,formal Lin and Yeh lagging leaky finite radius fit
MW-01,28.53505435743645,172.39885239945636,1.7111444308443955,0.0540394649203654,Theis confined,Theis,0.060661099398090425,-0.11360278037626706,True,infinite line source confined fit
MW-01,28.53505435743645,172.39885239945636,1.7111444308443955,0.0540394649203654,Hantush-Jacob leaky,Hantush leaky,0.060661099431693566,-0.11360278092123206,True,conventional Hantush-Jacob leaky fit
MW-01,28.53505435743645,172.39885239945636,1.7111444308443955,0.0540394649203654,Lagging Darcy no-leakage,"Lagging
without leakage",0.0572574396794459,-0.056821332181647345,True,finite radius lagging Darcy limit without leakage
MW-01,28.53505435743645,172.39885239945636,1.7111444308443955,0.0540394649203654,Lagging Darcy with leakage,Lagging leaky,0.05680331319162546,-0.04899562376243356,True,formal Lin and Yeh lagging leaky finite radius fit
MW-01,28.53505435743645,172.39885239945636,1.883728756870389,0.066707355827164,Theis confined,Theis,0.06887135484709643,-0.03146093604919507,True,infinite line source confined fit
MW-01,28.53505435743645,172.39885239945636,1.883728756870389,0.066707355827164,Hantush-Jacob leaky,Hantush leaky,0.06887135488107668,-0.03146093653552097,True,conventional Hantush-Jacob leaky fit
MW-01,28.53505435743645,172.39885239945636,1.883728756870389,0.066707355827164,Lagging Darcy no-leakage,"Lagging
without leakage",0.0651221071815535,0.023691685802959682,True,finite radius lagging Darcy limit without leakage
MW-01,28.53505435743645,172.39885239945636,1.883728756870389,0.066707355827164,Lagging Darcy with leakage,Lagging leaky,0.06471158522229385,0.029919582157411223,True,formal Lin and Yeh lagging leaky finite radius fit
MW-01,28.53505435743645,172.39885239945636,2.045524338911346,0.0741115855443019,Theis confined,Theis,0.07634145766902066,-0.0292553184401038,True,infinite line source confined fit
MW-01,28.53505435743645,172.39885239945636,2.045524338911346,0.0741115855443019,Hantush-Jacob leaky,Hantush leaky,0.07634145770288084,-0.029255318877904946,True,conventional Hantush-Jacob leaky fit
MW-01,28.53505435743645,172.39885239945636,2.045524338911346,0.0741115855443019,Lagging Darcy no-leakage,"Lagging
without leakage",0.0723765220558393,0.02337079365109188,True,finite radius lagging Darcy limit without leakage
MW-01,28.53505435743645,172.39885239945636,2.045524338911346,0.0741115855443019,Lagging Darcy with leakage,Lagging leaky,0.07201259629407081,0.02834283686843257,True,formal Lin and Yeh lagging leaky finite radius fit
MW-01,28.53505435743645,172.39885239945636,2.2520108953320284,0.0781109555100175,Theis confined,Theis,0.08554480619849109,-0.08981090335487873,True,infinite line source confined fit
MW-01,28.53505435743645,172.39885239945636,2.2520108953320284,0.0781109555100175,Hantush-Jacob leaky,Hantush leaky,0.08554480623163442,-0.08981090373784036,True,conventional Hantush-Jacob leaky fit
MW-01,28.53505435743645,172.39885239945636,2.2520108953320284,0.0781109555100175,Lagging Darcy no-leakage,"Lagging
without leakage",0.0814383023943627,-0.041198796590136005,True,finite radius lagging Darcy limit without leakage
MW-01,28.53505435743645,172.39885239945636,2.2520108953320284,0.0781109555100175,Lagging Darcy with leakage,Lagging leaky,0.08113715925401276,-0.037539156526743736,True,formal Lin and Yeh lagging leaky finite radius fit
MW-01,28.53505435743645,172.39885239945636,2.5135164926548725,0.091471985056576,Theis confined,Theis,0.09667213053146206,-0.054710528399787156,True,infinite line source confined fit
MW-01,28.53505435743645,172.39885239945636,2.5135164926548725,0.091471985056576,Hantush-Jacob leaky,Hantush leaky,0.0966721305629437,-0.05471052872210673,True,conventional Hantush-Jacob leaky fit
MW-01,28.53505435743645,172.39885239945636,2.5135164926548725,0.091471985056576,Lagging Darcy no-leakage,"Lagging
without leakage",0.0925672290673923,-0.011774470984478237,True,finite radius lagging Darcy limit without leakage
MW-01,28.53505435743645,172.39885239945636,2.5135164926548725,0.091471985056576,Lagging Darcy with leakage,Lagging leaky,0.09234568983056213,-0.00940396238744963,True,formal Lin and Yeh lagging leaky finite radius fit
MW-01,28.53505435743645,172.39885239945636,2.7294052518063148,0.1016249821532724,Theis confined,Theis,0.10542880772118193,-0.03639489565056886,True,infinite line source confined fit
MW-01,28.53505435743645,172.39885239945636,2.7294052518063148,0.1016249821532724,Hantush-Jacob leaky,Hantush leaky,0.10542880775470753,-0.036394895965573784,True,conventional Hantush-Jacob leaky fit
MW-01,28.53505435743645,172.39885239945636,2.7294052518063148,0.1016249821532724,Lagging Darcy no-leakage,"Lagging
without leakage",0.1014492882069814,0.0017134669207243202,True,finite radius lagging Darcy limit without leakage
MW-01,28.53505435743645,172.39885239945636,2.7294052518063148,0.1016249821532724,Lagging Darcy with leakage,Lagging leaky,0.1012908977330001,0.003260701088282961,True,formal Lin and Yeh lagging leaky finite radius fit
MW-01,28.53505435743645,172.39885239945636,3.046346325310526,0.1190081312948063,Theis confined,Theis,0.11762264895010878,0.01161206371991547,True,infinite line source confined fit
MW-01,28.53505435743645,172.39885239945636,3.046346325310526,0.1190081312948063,Hantush-Jacob leaky,Hantush leaky,0.11762264898036569,0.01161206346484702,True,conventional Hantush-Jacob leaky fit
MW-01,28.53505435743645,172.39885239945636,3.046346325310526,0.1190081312948063,Lagging Darcy no-leakage,"Lagging
without leakage",0.1139854047449491,0.04275429622892517,True,finite radius lagging Darcy limit without leakage
MW-01,28.53505435743645,172.39885239945636,3.046346325310526,0.1190081312948063,Lagging Darcy with leakage,Lagging leaky,0.1139132491027646,0.043382013210700905,True,formal Lin and Yeh lagging leaky finite radius fit
MW-01,28.53505435743645,172.39885239945636,3.4002245200953207,0.1287758333788951,Theis confined,Theis,0.13038142835373237,-0.012296155917870468,True,infinite line source confined fit
MW-01,28.53505435743645,172.39885239945636,3.4002245200953207,0.1287758333788951,Hantush-Jacob leaky,Hantush leaky,0.13038142837951205,-0.012296156114090628,True,conventional Hantush-Jacob leaky fit
MW-01,28.53505435743645,172.39885239945636,3.4002245200953207,0.1287758333788951,Lagging Darcy no-leakage,"Lagging
without leakage",0.1272930034516,0.011491866002753735,True,finite radius lagging Darcy limit without leakage
MW-01,28.53505435743645,172.39885239945636,3.4002245200953207,0.1287758333788951,Lagging Darcy with leakage,Lagging leaky,0.12730705312867954,0.011382359580340326,True,formal Lin and Yeh lagging leaky finite radius fit
MW-01,28.53505435743645,172.39885239945636,3.592222434430806,0.1393549647746444,Theis confined,Theis,0.13695729746840318,0.01723047778623607,True,infinite line source confined fit
MW-01,28.53505435743645,172.39885239945636,3.592222434430806,0.1393549647746444,Hantush-Jacob leaky,Hantush leaky,0.13695729749145444,0.01723047761914626,True,conventional Hantush-Jacob leaky fit
MW-01,28.53505435743645,172.39885239945636,3.592222434430806,0.1393549647746444,Lagging Darcy no-leakage,"Lagging
without leakage",0.1342214018325873,0.03726122776323571,True,finite radius lagging Darcy limit without leakage
MW-01,28.53505435743645,172.39885239945636,3.592222434430806,0.1393549647746444,Lagging Darcy with leakage,Lagging leaky,0.1342778608096507,0.036843785014358636,True,formal Lin and Yeh lagging leaky finite radius fit
MW-01,28.53505435743645,172.39885239945636,4.009459689723935,0.1548173582579949,Theis confined,Theis,0.15048701821487606,0.028184608025974358,True,infinite line source confined fit
MW-01,28.53505435743645,172.39885239945636,4.009459689723935,0.1548173582579949,Hantush-Jacob leaky,Hantush leaky,0.15048701823140603,0.02818460791685623,True,conventional Hantush-Jacob leaky fit
MW-01,28.53505435743645,172.39885239945636,4.009459689723935,0.1548173582579949,Lagging Darcy no-leakage,"Lagging
without leakage",0.1486120523217707,0.04063891500978844,True,finite radius lagging Darcy limit without leakage
MW-01,28.53505435743645,172.39885239945636,4.009459689723935,0.1548173582579949,Lagging Darcy with leakage,Lagging leaky,0.14875102477572363,0.03971046073758141,True,formal Lin and Yeh lagging leaky finite radius fit
MW-01,28.53505435743645,172.39885239945636,4.414138931228963,0.1675270618394586,Theis confined,Theis,0.16271306993422305,0.028981019324342806,True,infinite line source confined fit
MW-01,28.53505435743645,172.39885239945636,4.414138931228963,0.1675270618394586,Hantush-Jacob leaky,Hantush leaky,0.16271306994379242,0.028981019265890834,True,conventional Hantush-Jacob leaky fit
MW-01,28.53505435743645,172.39885239945636,4.414138931228963,0.1675270618394586,Lagging Darcy no-leakage,"Lagging
without leakage",0.1617589625350863,0.03482599237296445,True,finite radius lagging Darcy limit without leakage
MW-01,28.53505435743645,172.39885239945636,4.414138931228963,0.1675270618394586,Lagging Darcy with leakage,Lagging leaky,0.16196690384708934,0.03354920497771556,True,formal Lin and Yeh lagging leaky finite radius fit
MW-01,28.53505435743645,172.39885239945636,4.926777386633068,0.1910828243258747,Theis confined,Theis,0.17709341727875533,0.07561842691184205,True,infinite line source confined fit
MW-01,28.53505435743645,172.39885239945636,4.926777386633068,0.1910828243258747,Hantush-Jacob leaky,Hantush leaky,0.17709341727880126,0.0756184269115843,True,conventional Hantush-Jacob leaky fit
MW-01,28.53505435743645,172.39885239945636,4.926777386633068,0.1910828243258747,Lagging Darcy no-leakage,"Lagging
without leakage",0.1773766752463908,0.07402918824529835,True,finite radius lagging Darcy limit without leakage
MW-01,28.53505435743645,172.39885239945636,4.926777386633068,0.1910828243258747,Lagging Darcy with leakage,Lagging leaky,0.17765915054700118,0.07244685202499955,True,formal Lin and Yeh lagging leaky finite radius fit
MW-01,28.53505435743645,172.39885239945636,5.652331265326424,0.206758900206965,Theis confined,Theis,0.19564060687667942,0.055000541720938406,True,infinite line source confined fit
MW-01,28.53505435743645,172.39885239945636,5.652331265326424,0.206758900206965,Hantush-Jacob leaky,Hantush leaky,0.19564060686221366,0.05500054179450281,True,conventional Hantush-Jacob leaky fit
MW-01,28.53505435743645,172.39885239945636,5.652331265326424,0.206758900206965,Lagging Darcy no-leakage,"Lagging
without leakage",0.1977352595900921,0.04440468856640089,True,finite radius lagging Darcy limit without leakage
MW-01,28.53505435743645,172.39885239945636,5.652331265326424,0.206758900206965,Lagging Darcy with leakage,Lagging leaky,0.19810419847048244,0.0425499756731645,True,formal Lin and Yeh lagging leaky finite radius fit
MW-01,28.53505435743645,172.39885239945636,5.890151125493114,0.2122662410565332,Theis confined,Theis,0.20131859718999404,0.05269767445653399,True,infinite line source confined fit
MW-01,28.53505435743645,172.39885239945636,5.890151125493114,0.2122662410565332,Hantush-Jacob leaky,Hantush leaky,0.2013185971705614,0.052697674552583666,True,conventional Hantush-Jacob leaky fit
MW-01,28.53505435743645,172.39885239945636,5.890151125493114,0.2122662410565332,Lagging Darcy no-leakage,"Lagging
without leakage",0.2040110355158498,0.03947753370000581,True,finite radius lagging Darcy limit without leakage
MW-01,28.53505435743645,172.39885239945636,5.890151125493114,0.2122662410565332,Lagging Darcy with leakage,Lagging leaky,0.20440446930631873,0.037560286878856264,True,formal Lin and Yeh lagging leaky finite radius fit
MW-01,28.53505435743645,172.39885239945636,6.484650652679722,0.2296922004872855,Theis confined,Theis,0.21475646517892258,0.06693406099595253,True,infinite line source confined fit
MW-01,28.53505435743645,172.39885239945636,6.484650652679722,0.2296922004872855,Hantush-Jacob leaky,Hantush leaky,0.21475646514670726,0.06693406114526594,True,conventional Hantush-Jacob leaky fit
MW-01,28.53505435743645,172.39885239945636,6.484650652679722,0.2296922004872855,Lagging Darcy no-leakage,"Lagging
without leakage",0.2189358724110812,0.04774834175673101,True,finite radius lagging Darcy limit without leakage
MW-01,28.53505435743645,172.39885239945636,6.484650652679722,0.2296922004872855,Lagging Darcy with leakage,Lagging leaky,0.21938398473865545,0.045712946463956836,True,formal Lin and Yeh lagging leaky finite radius fit
MW-01,28.53505435743645,172.39885239945636,6.665262253857036,0.2358145239668788,Theis confined,Theis,0.2186424546255627,0.07527621742395141,True,infinite line source confined fit
MW-01,28.53505435743645,172.39885239945636,6.665262253857036,0.2358145239668788,Hantush-Jacob leaky,Hantush leaky,0.21864245458937304,0.07527621758871758,True,conventional Hantush-Jacob leaky fit
MW-01,28.53505435743645,172.39885239945636,6.665262253857036,0.2358145239668788,Lagging Darcy no-leakage,"Lagging
without leakage",0.2232695483205534,0.0544285663109116,True,finite radius lagging Darcy limit without leakage
MW-01,28.53505435743645,172.39885239945636,6.665262253857036,0.2358145239668788,Lagging Darcy with leakage,Lagging leaky,0.22373267304621164,0.05236565941264554,True,formal Lin and Yeh lagging leaky finite radius fit
MW-01,28.53505435743645,172.39885239945636,7.041809089566733,0.2420915773086706,Theis confined,Theis,0.2264758434493404,0.06639418358573132,True,infinite line source confined fit
MW-01,28.53505435743645,172.39885239945636,7.041809089566733,0.2420915773086706,Hantush-Jacob leaky,Hantush leaky,0.22647584340474713,0.06639418378176656,True,conventional Hantush-Jacob leaky fit
MW-01,28.53505435743645,172.39885239945636,7.041809089566733,0.2420915773086706,Lagging Darcy no-leakage,"Lagging
without leakage",0.2320277705206315,0.04228060045135259,True,finite radius lagging Darcy limit without leakage
MW-01,28.53505435743645,172.39885239945636,7.041809089566733,0.2420915773086706,Lagging Darcy with leakage,Lagging leaky,0.2325201588942304,0.04016982672214279,True,formal Lin and Yeh lagging leaky finite radius fit
MW-01,28.53505435743645,172.39885239945636,7.439531073710187,0.255169218407915,Theis confined,Theis,0.23438383385308767,0.08462071826759046,True,infinite line source confined fit
MW-01,28.53505435743645,172.39885239945636,7.439531073710187,0.255169218407915,Hantush-Jacob leaky,Hantush leaky,0.23438383379946384,0.08462071849540494,True,conventional Hantush-Jacob leaky fit
MW-01,28.53505435743645,172.39885239945636,7.439531073710187,0.255169218407915,Lagging Darcy no-leakage,"Lagging
without leakage",0.2408980663061894,0.057321811704460546,True,finite radius lagging Darcy limit without leakage
MW-01,28.53505435743645,172.39885239945636,7.439531073710187,0.255169218407915,Lagging Darcy with leakage,Lagging leaky,0.2414187367810503,0.055171687355556116,True,formal Lin and Yeh lagging leaky finite radius fit
MW-01,28.53505435743645,172.39885239945636,7.968472000729379,0.2689486080088942,Theis confined,Theis,0.244372132408152,0.09545563421406433,True,infinite line source confined fit
MW-01,28.53505435743645,172.39885239945636,7.968472000729379,0.2689486080088942,Hantush-Jacob leaky,Hantush leaky,0.24437213234230878,0.09545563448240456,True,conventional Hantush-Jacob leaky fit
MW-01,28.53505435743645,172.39885239945636,7.968472000729379,0.2689486080088942,Lagging Darcy no-leakage,"Lagging
without leakage",0.2521400099111703,0.06428886565626185,True,finite radius lagging Darcy limit without leakage
MW-01,28.53505435743645,172.39885239945636,7.968472000729379,0.2689486080088942,Lagging Darcy with leakage,Lagging leaky,0.2526947608370273,0.0620997847983246,True,formal Lin and Yeh lagging leaky finite radius fit
MW-01,28.53505435743645,172.39885239945636,8.535131747861813,0.2761028216472062,Theis confined,Theis,0.2544701649827282,0.08128300287230324,True,infinite line source confined fit
MW-01,28.53505435743645,172.39885239945636,8.535131747861813,0.2761028216472062,Hantush-Jacob leaky,Hantush leaky,0.25447016489802754,0.08128300320385144,True,conventional Hantush-Jacob leaky fit
MW-01,28.53505435743645,172.39885239945636,8.535131747861813,0.2761028216472062,Lagging Darcy no-leakage,"Lagging
without leakage",0.2635454260913907,0.04637565478415907,True,finite radius lagging Darcy limit without leakage
MW-01,28.53505435743645,172.39885239945636,8.535131747861813,0.2761028216472062,Lagging Darcy with leakage,Lagging leaky,0.26413296308018763,0.04415718696754943,True,formal Lin and Yeh lagging leaky finite radius fit
MW-01,28.53505435743645,172.39885239945636,9.142207977977131,0.2760787091458907,Theis confined,Theis,0.26467188280538884,0.04203959028828726,True,infinite line source confined fit
MW-01,28.53505435743645,172.39885239945636,9.142207977977131,0.2760787091458907,Hantush-Jacob leaky,Hantush leaky,0.26467188271167935,0.04203959064101352,True,conventional Hantush-Jacob leaky fit
MW-01,28.53505435743645,172.39885239945636,9.142207977977131,0.2760787091458907,Lagging Darcy no-leakage,"Lagging
without leakage",0.2751053527176295,0.0035191087375010363,True,finite radius lagging Darcy limit without leakage
MW-01,28.53505435743645,172.39885239945636,9.142207977977131,0.2760787091458907,Lagging Darcy with leakage,Lagging leaky,0.2757245060625554,0.001279166035536914,True,formal Lin and Yeh lagging leaky finite radius fit
MW-01,28.53505435743645,172.39885239945636,9.658813735955054,0.2760594206610109,Theis confined,Theis,0.27290260273168676,0.011459419491280947,True,infinite line source confined fit
MW-01,28.53505435743645,172.39885239945636,9.658813735955054,0.2760594206610109,Hantush-Jacob leaky,Hantush leaky,0.2729026026254653,0.011459419879088217,True,conventional Hantush-Jacob leaky fit
MW-01,28.53505435743645,172.39885239945636,9.658813735955054,0.2760594206610109,Lagging Darcy no-leakage,"Lagging
without leakage",0.284457126273968,-0.02985984894622606,True,finite radius lagging Darcy limit without leakage
MW-01,28.53505435743645,172.39885239945636,9.658813735955054,0.2760594206610109,Lagging Darcy with leakage,Lagging leaky,0.28510080851069564,-0.03211222782046234,True,formal Lin and Yeh lagging leaky finite radius fit
MW-01,28.53505435743645,172.39885239945636,10.34572346504638,0.2809253680643443,Theis confined,Theis,0.2832716709528119,-0.008287985127192764,True,infinite line source confined fit
MW-01,28.53505435743645,172.39885239945636,10.34572346504638,0.2809253680643443,Hantush-Jacob leaky,Hantush leaky,0.2832716708297583,-0.00828798469431946,True,conventional Hantush-Jacob leaky fit
MW-01,28.53505435743645,172.39885239945636,10.34572346504638,0.2809253680643443,Lagging Darcy no-leakage,"Lagging
without leakage",0.2962680905212433,-0.0529920096788952,True,finite radius lagging Darcy limit without leakage
MW-01,28.53505435743645,172.39885239945636,10.34572346504638,0.2809253680643443,Lagging Darcy with leakage,Lagging leaky,0.29694157413852346,-0.055255023687873946,True,formal Lin and Yeh lagging leaky finite radius fit
MW-01,28.53505435743645,172.39885239945636,11.081532819160389,0.2833780366735856,Theis confined,Theis,0.29372751677053055,-0.03574678946689299,True,infinite line source confined fit
MW-01,28.53505435743645,172.39885239945636,11.081532819160389,0.2833780366735856,Hantush-Jacob leaky,Hantush leaky,0.29372751662923413,-0.035746788987479315,True,conventional Hantush-Jacob leaky fit
MW-01,28.53505435743645,172.39885239945636,11.081532819160389,0.2833780366735856,Lagging Darcy no-leakage,"Lagging
without leakage",0.3082086981862495,-0.08371197951890724,True,finite radius lagging Darcy limit without leakage
MW-01,28.53505435743645,172.39885239945636,11.081532819160389,0.2833780366735856,Lagging Darcy with leakage,Lagging leaky,0.3089111384496987,-0.08598113816410935,True,formal Lin and Yeh lagging leaky finite radius fit
MW-01,28.53505435743645,172.39885239945636,11.869726296014518,0.2833532888160979,Theis confined,Theis,0.3042650834261671,-0.07096308535323365,True,infinite line source confined fit
MW-01,28.53505435743645,172.39885239945636,11.869726296014518,0.2833532888160979,Hantush-Jacob leaky,Hantush leaky,0.30426508326512197,-0.07096308482567537,True,conventional Hantush-Jacob leaky fit
MW-01,28.53505435743645,172.39885239945636,11.869726296014518,0.2833532888160979,Lagging Darcy no-leakage,"Lagging
without leakage",0.3202713116732549,-0.12206853407764784,True,finite radius lagging Darcy limit without leakage
MW-01,28.53505435743645,172.39885239945636,11.869726296014518,0.2833532888160979,Lagging Darcy with leakage,Lagging leaky,0.32100196810879705,-0.12434021789453285,True,formal Lin and Yeh lagging leaky finite radius fit
MW-01,28.53505435743645,172.39885239945636,12.540458023504687,0.283333492086231,Theis confined,Theis,0.31275025483887897,-0.09844948552396615,True,infinite line source confined fit
MW-01,28.53505435743645,172.39885239945636,12.540458023504687,0.283333492086231,Hantush-Jacob leaky,Hantush leaky,0.3127502546608838,-0.09844948495665123,True,conventional Hantush-Jacob leaky fit
MW-01,28.53505435743645,172.39885239945636,12.540458023504687,0.283333492086231,Lagging Darcy no-leakage,"Lagging
without leakage",0.3300037922934956,-0.15198201523430965,True,finite radius lagging Darcy limit without leakage
MW-01,28.53505435743645,172.39885239945636,12.540458023504687,0.283333492086231,Lagging Darcy with leakage,Lagging leaky,0.33075655198353765,-0.15425360562210677,True,formal Lin and Yeh lagging leaky finite radius fit
MW-02,26.68220604044817,186.32856752624525,0.2503023495701375,0.001909677097608,Theis confined,Theis,0.000564663621437938,0.6203712494940055,True,infinite line source confined fit
MW-02,26.68220604044817,186.32856752624525,0.2503023495701375,0.001909677097608,Hantush-Jacob leaky,Hantush leaky,0.0005646531855752553,0.6203779192326905,True,conventional Hantush-Jacob leaky fit
MW-02,26.68220604044817,186.32856752624525,0.2503023495701375,0.001909677097608,Lagging Darcy no-leakage,"Lagging
without leakage",0.001482514408741,0.15877019095962017,True,finite radius lagging Darcy limit without leakage
MW-02,26.68220604044817,186.32856752624525,0.2503023495701375,0.001909677097608,Lagging Darcy with leakage,Lagging leaky,0.001824747268333568,0.02962321394564118,True,formal Lin and Yeh lagging leaky finite radius fit
MW-02,26.68220604044817,186.32856752624525,0.4159896534413013,0.0049260668931811,Theis confined,Theis,0.004239582690822674,0.1231188811652667,True,infinite line source confined fit
MW-02,26.68220604044817,186.32856752624525,0.4159896534413013,0.0049260668931811,Hantush-Jacob leaky,Hantush leaky,0.0042395374311501,0.12312751923259434,True,conventional Hantush-Jacob leaky fit
MW-02,26.68220604044817,186.32856752624525,0.4159896534413013,0.0049260668931811,Lagging Darcy no-leakage,"Lagging
without leakage",0.0057220912622194,-0.126038568686621,True,finite radius lagging Darcy limit without leakage
MW-02,26.68220604044817,186.32856752624525,0.4159896534413013,0.0049260668931811,Lagging Darcy with leakage,Lagging leaky,0.005384980569058949,-0.07458770909191967,True,formal Lin and Yeh lagging leaky finite radius fit
MW-02,26.68220604044817,186.32856752624525,0.58628731264642,0.0111412606238008,Theis confined,Theis,0.011140014162825018,0.00010266849560651325,True,infinite line source confined fit
MW-02,26.68220604044817,186.32856752624525,0.58628731264642,0.0111412606238008,Hantush-Jacob leaky,Hantush leaky,0.01113993433266614,0.00010924430517996576,True,conventional Hantush-Jacob leaky fit
MW-02,26.68220604044817,186.32856752624525,0.58628731264642,0.0111412606238008,Lagging Darcy no-leakage,"Lagging
without leakage",0.0113592150356072,-0.01779232081570475,True,finite radius lagging Darcy limit without leakage
MW-02,26.68220604044817,186.32856752624525,0.58628731264642,0.0111412606238008,Lagging Darcy with leakage,Lagging leaky,0.01049975363996758,0.054284008222851635,True,formal Lin and Yeh lagging leaky finite radius fit
MW-02,26.68220604044817,186.32856752624525,0.7506853979064352,0.0161046175483056,Theis confined,Theis,0.019434268728881758,-0.1778648720275409,True,infinite line source confined fit
MW-02,26.68220604044817,186.32856752624525,0.7506853979064352,0.0161046175483056,Hantush-Jacob leaky,Hantush leaky,0.019434166816039666,-0.177859884665498,True,conventional Hantush-Jacob leaky fit
MW-02,26.68220604044817,186.32856752624525,0.7506853979064352,0.0161046175483056,Lagging Darcy no-leakage,"Lagging
without leakage",0.0176414154528817,-0.08603728356665208,True,finite radius lagging Darcy limit without leakage
MW-02,26.68220604044817,186.32856752624525,0.7506853979064352,0.0161046175483056,Lagging Darcy with leakage,Lagging leaky,0.01658720823755215,-0.027823373987824522,True,formal Lin and Yeh lagging leaky finite radius fit
MW-02,26.68220604044817,186.32856752624525,0.8973555901462611,0.0232811498918052,Theis confined,Theis,0.027428628927692666,-0.15769637354988342,True,infinite line source confined fit
MW-02,26.68220604044817,186.32856752624525,0.8973555901462611,0.0232811498918052,Hantush-Jacob leaky,Hantush leaky,0.027428516473877642,-0.15769241788822533,True,conventional Hantush-Jacob leaky fit
MW-02,26.68220604044817,186.32856752624525,0.8973555901462611,0.0232811498918052,Lagging Darcy no-leakage,"Lagging
without leakage",0.0237708592601138,-0.01996760774859255,True,finite radius lagging Darcy limit without leakage
MW-02,26.68220604044817,186.32856752624525,0.8973555901462611,0.0232811498918052,Lagging Darcy with leakage,Lagging leaky,0.02273355887932032,0.022810291652592237,True,formal Lin and Yeh lagging leaky finite radius fit
MW-02,26.68220604044817,186.32856752624525,1.0727246127308625,0.0310985412653234,Theis confined,Theis,0.03719407337238557,-0.17386977060067346,True,infinite line source confined fit
MW-02,26.68220604044817,186.32856752624525,1.0727246127308625,0.0310985412653234,Hantush-Jacob leaky,Hantush leaky,0.037193957217531604,-0.17386672942123552,True,conventional Hantush-Jacob leaky fit
MW-02,26.68220604044817,186.32856752624525,1.0727246127308625,0.0310985412653234,Lagging Darcy no-leakage,"Lagging
without leakage",0.0315712014171746,-0.014617920185179515,True,finite radius lagging Darcy limit without leakage
MW-02,26.68220604044817,186.32856752624525,1.0727246127308625,0.0310985412653234,Lagging Darcy with leakage,Lagging leaky,0.03070025461910951,0.01248587265597365,True,formal Lin and Yeh lagging leaky finite radius fit
MW-02,26.68220604044817,186.32856752624525,1.247633276410579,0.0394104899641595,Theis confined,Theis,0.04684780085813689,-0.16893575392380028,True,infinite line source confined fit
MW-02,26.68220604044817,186.32856752624525,1.247633276410579,0.0394104899641595,Hantush-Jacob leaky,Hantush leaky,0.0468476880916879,-0.1689333971471073,True,conventional Hantush-Jacob leaky fit
MW-02,26.68220604044817,186.32856752624525,1.247633276410579,0.0394104899641595,Lagging Darcy no-leakage,"Lagging
without leakage",0.0396983708610972,-0.0070986598231250735,True,finite radius lagging Darcy limit without leakage
MW-02,26.68220604044817,186.32856752624525,1.247633276410579,0.0394104899641595,Lagging Darcy with leakage,Lagging leaky,0.039079103831584604,0.008234306806183192,True,formal Lin and Yeh lagging leaky finite radius fit
MW-02,26.68220604044817,186.32856752624525,1.4510989661890674,0.047381052476127,Theis confined,Theis,0.057753478708270564,-0.19424210401778316,True,infinite line source confined fit
MW-02,26.68220604044817,186.32856752624525,1.4510989661890674,0.047381052476127,Hantush-Jacob leaky,Hantush leaky,0.05775337602022668,-0.19424035623814717,True,conventional Hantush-Jacob leaky fit
MW-02,26.68220604044817,186.32856752624525,1.4510989661890674,0.047381052476127,Lagging Darcy no-leakage,"Lagging
without leakage",0.0494068865766923,-0.04101954486038811,True,finite radius lagging Darcy limit without leakage
MW-02,26.68220604044817,186.32856752624525,1.4510989661890674,0.047381052476127,Lagging Darcy with leakage,Lagging leaky,0.04912264029102121,-0.03536454872105591,True,formal Lin and Yeh lagging leaky finite radius fit
MW-02,26.68220604044817,186.32856752624525,1.5329768288304169,0.055489549684889,Theis confined,Theis,0.062017127468181436,-0.10935089430182333,True,infinite line source confined fit
MW-02,26.68220604044817,186.32856752624525,1.5329768288304169,0.055489549684889,Hantush-Jacob leaky,Hantush leaky,0.062017030183451234,-0.10934935051826483,True,conventional Hantush-Jacob leaky fit
MW-02,26.68220604044817,186.32856752624525,1.5329768288304169,0.055489549684889,Lagging Darcy no-leakage,"Lagging
without leakage",0.0533549606406289,0.038519778176684165,True,finite radius lagging Darcy limit without leakage
MW-02,26.68220604044817,186.32856752624525,1.5329768288304169,0.055489549684889,Lagging Darcy with leakage,Lagging leaky,0.053207938026488696,0.04122830394057683,True,formal Lin and Yeh lagging leaky finite radius fit
MW-02,26.68220604044817,186.32856752624525,1.782976723663114,0.0667120167216234,Theis confined,Theis,0.07454945739234894,-0.109523842845119,True,infinite line source confined fit
MW-02,26.68220604044817,186.32856752624525,1.782976723663114,0.0667120167216234,Hantush-Jacob leaky,Hantush leaky,0.07454937989226665,-0.1095228170254146,True,conventional Hantush-Jacob leaky fit
MW-02,26.68220604044817,186.32856752624525,1.782976723663114,0.0667120167216234,Lagging Darcy no-leakage,"Lagging
without leakage",0.0654448743962221,0.01889101630826203,True,finite radius lagging Darcy limit without leakage
MW-02,26.68220604044817,186.32856752624525,1.782976723663114,0.0667120167216234,Lagging Darcy with leakage,Lagging leaky,0.06570069945719444,0.01504822426668724,True,formal Lin and Yeh lagging leaky finite radius fit
MW-02,26.68220604044817,186.32856752624525,1.9097190181638288,0.0721912498052654,Theis confined,Theis,0.08061934148838239,-0.10899038628468068,True,infinite line source confined fit
MW-02,26.68220604044817,186.32856752624525,1.9097190181638288,0.0721912498052654,Hantush-Jacob leaky,Hantush leaky,0.08061927537787747,-0.10898957629858562,True,conventional Hantush-Jacob leaky fit
MW-02,26.68220604044817,186.32856752624525,1.9097190181638288,0.0721912498052654,Lagging Darcy no-leakage,"Lagging
without leakage",0.0715532167881776,0.008755558381773722,True,finite radius lagging Darcy limit without leakage
MW-02,26.68220604044817,186.32856752624525,1.9097190181638288,0.0721912498052654,Lagging Darcy with leakage,Lagging leaky,0.07199721172766572,0.002654630735078259,True,formal Lin and Yeh lagging leaky finite radius fit
MW-02,26.68220604044817,186.32856752624525,2.1024690901346235,0.0781177776605678,Theis confined,Theis,0.08949247438169637,-0.1343290925381462,True,infinite line source confined fit
MW-02,26.68220604044817,186.32856752624525,2.1024690901346235,0.0781177776605678,Hantush-Jacob leaky,Hantush leaky,0.08949242672659094,-0.13432856591846534,True,conventional Hantush-Jacob leaky fit
MW-02,26.68220604044817,186.32856752624525,2.1024690901346235,0.0781177776605678,Lagging Darcy no-leakage,"Lagging
without leakage",0.0807667870724776,-0.0329335364422641,True,finite radius lagging Darcy limit without leakage
MW-02,26.68220604044817,186.32856752624525,2.1024690901346235,0.0781177776605678,Lagging Darcy with leakage,Lagging leaky,0.08147068345393624,-0.0415052794078986,True,formal Lin and Yeh lagging leaky finite radius fit
MW-02,26.68220604044817,186.32856752624525,2.283052525473057,0.0867885151469966,Theis confined,Theis,0.09742941261527,-0.11440898298239699,True,infinite line source confined fit
MW-02,26.68220604044817,186.32856752624525,2.283052525473057,0.0867885151469966,Hantush-Jacob leaky,Hantush leaky,0.09742938306818258,-0.11440868279680129,True,conventional Hantush-Jacob leaky fit
MW-02,26.68220604044817,186.32856752624525,2.283052525473057,0.0867885151469966,Lagging Darcy no-leakage,"Lagging
without leakage",0.0892826517687714,-0.028014639130366923,True,finite radius lagging Darcy limit without leakage
MW-02,26.68220604044817,186.32856752624525,2.283052525473057,0.0867885151469966,Lagging Darcy with leakage,Lagging leaky,0.09019959174537844,-0.03811973549087646,True,formal Lin and Yeh lagging leaky finite radius fit
MW-02,26.68220604044817,186.32856752624525,2.445342538406944,0.0939166837565277,Theis confined,Theis,0.1042686499371165,-0.10351615970683248,True,infinite line source confined fit
MW-02,26.68220604044817,186.32856752624525,2.445342538406944,0.0939166837565277,Hantush-Jacob leaky,Hantush leaky,0.10426863706981103,-0.10351603747380046,True,conventional Hantush-Jacob leaky fit
MW-02,26.68220604044817,186.32856752624525,2.445342538406944,0.0939166837565277,Lagging Darcy no-leakage,"Lagging
without leakage",0.0968191795146527,-0.030121173660202942,True,finite radius lagging Darcy limit without leakage
MW-02,26.68220604044817,186.32856752624525,2.445342538406944,0.0939166837565277,Lagging Darcy with leakage,Lagging leaky,0.09790256758816648,-0.04113570603899378,True,formal Lin and Yeh lagging leaky finite radius fit
MW-02,26.68220604044817,186.32856752624525,2.6553409739118923,0.1071259289170434,Theis confined,Theis,0.11273169143357013,-0.050545534090927303,True,infinite line source confined fit
MW-02,26.68220604044817,186.32856752624525,2.6553409739118923,0.1071259289170434,Hantush-Jacob leaky,Hantush leaky,0.11273170044049691,-0.050545613285444685,True,conventional Hantush-Jacob leaky fit
MW-02,26.68220604044817,186.32856752624525,2.6553409739118923,0.1071259289170434,Lagging Darcy no-leakage,"Lagging
without leakage",0.1063873048361298,0.006854585772673329,True,finite radius lagging Darcy limit without leakage
MW-02,26.68220604044817,186.32856752624525,2.6553409739118923,0.1071259289170434,Lagging Darcy with leakage,Lagging leaky,0.10765260066878495,-0.004859086266574803,True,formal Lin and Yeh lagging leaky finite radius fit
MW-02,26.68220604044817,186.32856752624525,2.844057726402018,0.1190185253731157,Theis confined,Theis,0.11998994795164479,-0.008061358389775846,True,infinite line source confined fit
MW-02,26.68220604044817,186.32856752624525,2.844057726402018,0.1190185253731157,Hantush-Jacob leaky,Hantush leaky,0.11998997670074588,-0.008061596005364168,True,conventional Hantush-Jacob leaky fit
MW-02,26.68220604044817,186.32856752624525,2.844057726402018,0.1190185253731157,Lagging Darcy no-leakage,"Lagging
without leakage",0.1147964777911836,0.03581196061098253,True,finite radius lagging Darcy limit without leakage
MW-02,26.68220604044817,186.32856752624525,2.844057726402018,0.1190185253731157,Lagging Darcy with leakage,Lagging leaky,0.11619538507407452,0.02380360910970257,True,formal Lin and Yeh lagging leaky finite radius fit
MW-02,26.68220604044817,186.32856752624525,3.0884179613830334,0.1254434520432249,Theis confined,Theis,0.128938630219814,-0.027267074957328358,True,infinite line source confined fit
MW-02,26.68220604044817,186.32856752624525,3.0884179613830334,0.1254434520432249,Hantush-Jacob leaky,Hantush leaky,0.1289386844311058,-0.027267492164131168,True,conventional Hantush-Jacob leaky fit
MW-02,26.68220604044817,186.32856752624525,3.0884179613830334,0.1254434520432249,Lagging Darcy no-leakage,"Lagging
without leakage",0.1254082018854938,0.00027882086125830577,True,finite radius lagging Darcy limit without leakage
MW-02,26.68220604044817,186.32856752624525,3.0884179613830334,0.1254434520432249,Lagging Darcy with leakage,Lagging leaky,0.1269423888295574,-0.011784886527395521,True,formal Lin and Yeh lagging leaky finite radius fit
MW-02,26.68220604044817,186.32856752624525,3.307913767658236,0.1393695702882484,Theis confined,Theis,0.13657896840222356,0.020080664359374913,True,infinite line source confined fit
MW-02,26.68220604044817,186.32856752624525,3.307913767658236,0.1393695702882484,Hantush-Jacob leaky,Hantush leaky,0.13657904524198666,0.02008010584565323,True,conventional Hantush-Jacob leaky fit
MW-02,26.68220604044817,186.32856752624525,3.307913767658236,0.1393695702882484,Lagging Darcy no-leakage,"Lagging
without leakage",0.1346700802521725,0.03405267424055435,True,finite radius lagging Darcy limit without leakage
MW-02,26.68220604044817,186.32856752624525,3.307913767658236,0.1393695702882484,Lagging Darcy with leakage,Lagging leaky,0.1362936828897509,0.02215643008992913,True,formal Lin and Yeh lagging leaky finite radius fit
MW-02,26.68220604044817,186.32856752624525,3.5920812594997127,0.1508137247076044,Theis confined,Theis,0.14596213125858248,0.03247933086246343,True,infinite line source confined fit
MW-02,26.68220604044817,186.32856752624525,3.5920812594997127,0.1508137247076044,Hantush-Jacob leaky,Hantush leaky,0.14596223689991486,0.03247861202902297,True,conventional Hantush-Jacob leaky fit
MW-02,26.68220604044817,186.32856752624525,3.5920812594997127,0.1508137247076044,Lagging Darcy no-leakage,"Lagging
without leakage",0.14628327282114,0.030296515527940823,True,finite radius lagging Darcy limit without leakage
MW-02,26.68220604044817,186.32856752624525,3.5920812594997127,0.1508137247076044,Lagging Darcy with leakage,Lagging leaky,0.14798386430596297,0.018816267135334033,True,formal Lin and Yeh lagging leaky finite radius fit
MW-02,26.68220604044817,186.32856752624525,3.7950120340681193,0.154828175466358,Theis confined,Theis,0.15234158894854485,0.016085920566825652,True,infinite line source confined fit
MW-02,26.68220604044817,186.32856752624525,3.7950120340681193,0.154828175466358,Hantush-Jacob leaky,Hantush leaky,0.15234171475412267,0.016085100140175095,True,conventional Hantush-Jacob leaky fit
MW-02,26.68220604044817,186.32856752624525,3.7950120340681193,0.154828175466358,Lagging Darcy no-leakage,"Lagging
without leakage",0.1543206018617567,0.003262581066177034,True,finite radius lagging Darcy limit without leakage
MW-02,26.68220604044817,186.32856752624525,3.7950120340681193,0.154828175466358,Lagging Darcy with leakage,Lagging leaky,0.15605313316991812,-0.007830215027144805,True,formal Lin and Yeh lagging leaky finite radius fit
MW-02,26.68220604044817,186.32856752624525,4.064725925341065,0.1720164419249591,Theis confined,Theis,0.16044276691634846,0.06923593457560837,True,infinite line source confined fit
MW-02,26.68220604044817,186.32856752624525,4.064725925341065,0.1720164419249591,Hantush-Jacob leaky,Hantush leaky,0.1604429189508188,0.06923499285241018,True,conventional Hantush-Jacob leaky fit
MW-02,26.68220604044817,186.32856752624525,4.064725925341065,0.1720164419249591,Lagging Darcy no-leakage,"Lagging
without leakage",0.1646826930306271,0.04331215864533052,True,finite radius lagging Darcy limit without leakage
MW-02,26.68220604044817,186.32856752624525,4.064725925341065,0.1720164419249591,Lagging Darcy with leakage,Lagging leaky,0.1664324959703676,0.03280636910744471,True,formal Lin and Yeh lagging leaky finite radius fit
MW-02,26.68220604044817,186.32856752624525,4.536903977062756,0.1861348499699167,Theis confined,Theis,0.17369581767516776,0.06878320298989125,True,infinite line source confined fit
MW-02,26.68220604044817,186.32856752624525,4.536903977062756,0.1861348499699167,Hantush-Jacob leaky,Hantush leaky,0.17369601398127993,0.06878207928810798,True,conventional Hantush-Jacob leaky fit
MW-02,26.68220604044817,186.32856752624525,4.536903977062756,0.1861348499699167,Lagging Darcy no-leakage,"Lagging
without leakage",0.1819840050204837,0.022430735042432245,True,finite radius lagging Darcy limit without leakage
MW-02,26.68220604044817,186.32856752624525,4.536903977062756,0.1861348499699167,Lagging Darcy with leakage,Lagging leaky,0.18370782428787716,0.013054231352930145,True,formal Lin and Yeh lagging leaky finite radius fit
MW-02,26.68220604044817,186.32856752624525,4.663266604068176,0.1910961754303542,Theis confined,Theis,0.17706085439215094,0.07587078983965576,True,infinite line source confined fit
MW-02,26.68220604044817,186.32856752624525,4.663266604068176,0.1910961754303542,Hantush-Jacob leaky,Hantush leaky,0.17706106218640408,0.075869622855859,True,conventional Hantush-Jacob leaky fit
MW-02,26.68220604044817,186.32856752624525,4.663266604068176,0.1910961754303542,Lagging Darcy no-leakage,"Lagging
without leakage",0.186441642825368,0.024528601611075018,True,finite radius lagging Darcy limit without leakage
MW-02,26.68220604044817,186.32856752624525,4.663266604068176,0.1910961754303542,Lagging Darcy with leakage,Lagging leaky,0.18814854373574286,0.015463508254333604,True,formal Lin and Yeh lagging leaky finite radius fit
MW-02,26.68220604044817,186.32856752624525,5.063932495119142,0.2014120393702688,Theis confined,Theis,0.18727583268145434,0.07239733603400061,True,infinite line source confined fit
MW-02,26.68220604044817,186.32856752624525,5.063932495119142,0.2014120393702688,Hantush-Jacob leaky,Hantush leaky,0.1872760759101948,0.07239604416037088,True,conventional Hantush-Jacob leaky fit
MW-02,26.68220604044817,186.32856752624525,5.063932495119142,0.2014120393702688,Lagging Darcy no-leakage,"Lagging
without leakage",0.2001228303267116,0.006389601130301632,True,finite radius lagging Darcy limit without leakage
MW-02,26.68220604044817,186.32856752624525,5.063932495119142,0.2014120393702688,Lagging Darcy with leakage,Lagging leaky,0.2017539516092887,-0.001687764164786076,True,formal Lin and Yeh lagging leaky finite radius fit
MW-02,26.68220604044817,186.32856752624525,5.349943838782403,0.2122921963473654,Theis confined,Theis,0.19417907002336646,0.08874559448064236,True,infinite line source confined fit
MW-02,26.68220604044817,186.32856752624525,5.349943838782403,0.2122921963473654,Hantush-Jacob leaky,Hantush leaky,0.19417933764571454,0.0887442233184344,True,conventional Hantush-Jacob leaky fit
MW-02,26.68220604044817,186.32856752624525,5.349943838782403,0.2122921963473654,Lagging Darcy no-leakage,"Lagging
without leakage",0.2094890625617992,0.013229347023727455,True,finite radius lagging Darcy limit without leakage
MW-02,26.68220604044817,186.32856752624525,5.349943838782403,0.2122921963473654,Lagging Darcy with leakage,Lagging leaky,0.21104898125635102,0.005845747822292176,True,formal Lin and Yeh lagging leaky finite radius fit
MW-02,26.68220604044817,186.32856752624525,5.889919641587413,0.2297202865731176,Theis confined,Theis,0.20643110453789373,0.1064068379632278,True,infinite line source confined fit
MW-02,26.68220604044817,186.32856752624525,5.889919641587413,0.2297202865731176,Hantush-Jacob leaky,Hantush leaky,0.20643141626384715,0.10640533517163886,True,conventional Hantush-Jacob leaky fit
MW-02,26.68220604044817,186.32856752624525,5.889919641587413,0.2297202865731176,Lagging Darcy no-leakage,"Lagging
without leakage",0.2263336174577583,0.014787477188875787,True,finite radius lagging Darcy limit without leakage
MW-02,26.68220604044817,186.32856752624525,5.889919641587413,0.2297202865731176,Lagging Darcy with leakage,Lagging leaky,0.22772984001154384,0.008664527002851988,True,formal Lin and Yeh lagging leaky finite radius fit
MW-02,26.68220604044817,186.32856752624525,6.308685222969169,0.2421254087414165,Theis confined,Theis,0.21530794465805916,0.11687433347471363,True,infinite line source confined fit
MW-02,26.68220604044817,186.32856752624525,6.308685222969169,0.2421254087414165,Hantush-Jacob leaky,Hantush leaky,0.2153082889311019,0.1168727418883791,True,conventional Hantush-Jacob leaky fit
MW-02,26.68220604044817,186.32856752624525,6.308685222969169,0.2421254087414165,Lagging Darcy no-leakage,"Lagging
without leakage",0.2387015603494933,0.014182744557560781,True,finite radius lagging Darcy limit without leakage
MW-02,26.68220604044817,186.32856752624525,6.308685222969169,0.2421254087414165,Lagging Darcy with leakage,Lagging leaky,0.23995118460187795,0.008983036115184024,True,formal Lin and Yeh lagging leaky finite radius fit
MW-02,26.68220604044817,186.32856752624525,6.665000307956808,0.2552048773942678,Theis confined,Theis,0.22247936152612474,0.13665835910494267,True,infinite line source confined fit
MW-02,26.68220604044817,186.32856752624525,6.665000307956808,0.2552048773942678,Hantush-Jacob leaky,Hantush leaky,0.22247973242240163,0.13665669946189288,True,conventional Hantush-Jacob leaky fit
MW-02,26.68220604044817,186.32856752624525,6.665000307956808,0.2552048773942678,Lagging Darcy no-leakage,"Lagging
without leakage",0.2487863051277407,0.025371653888868657,True,finite radius lagging Darcy limit without leakage
MW-02,26.68220604044817,186.32856752624525,6.665000307956808,0.2552048773942678,Lagging Darcy with leakage,Lagging leaky,0.249901440252165,0.02091723303045148,True,formal Lin and Yeh lagging leaky finite radius fit
MW-02,26.68220604044817,186.32856752624525,7.041532345314078,0.2619980748680343,Theis confined,Theis,0.22971220170886583,0.13097565853775012,True,infinite line source confined fit
MW-02,26.68220604044817,186.32856752624525,7.041532345314078,0.2619980748680343,Hantush-Jacob leaky,Hantush leaky,0.22971259974845792,0.13097393327464843,True,conventional Hantush-Jacob leaky fit
MW-02,26.68220604044817,186.32856752624525,7.041532345314078,0.2619980748680343,Lagging Darcy no-leakage,"Lagging
without leakage",0.2590363243299689,0.01132538203900952,True,finite radius lagging Darcy limit without leakage
MW-02,26.68220604044817,186.32856752624525,7.041532345314078,0.2619980748680343,Lagging Darcy with leakage,Lagging leaky,0.26000210357396203,0.007618245297001182,True,formal Lin and Yeh lagging leaky finite radius fit
MW-02,26.68220604044817,186.32856752624525,7.542176083402369,0.2761462294567354,Theis confined,Theis,0.2388317661290548,0.1446075679886395,True,infinite line source confined fit
MW-02,26.68220604044817,186.32856752624525,7.542176083402369,0.2761462294567354,Hantush-Jacob leaky,Hantush leaky,0.23883219876350303,0.1446057640822389,True,conventional Hantush-Jacob leaky fit
MW-02,26.68220604044817,186.32856752624525,7.542176083402369,0.2761462294567354,Lagging Darcy no-leakage,"Lagging
without leakage",0.2720659519925151,0.01483192267209074,True,finite radius lagging Darcy limit without leakage
MW-02,26.68220604044817,186.32856752624525,7.542176083402369,0.2761462294567354,Lagging Darcy with leakage,Lagging leaky,0.27282493411047887,0.012056295487497176,True,formal Lin and Yeh lagging leaky finite radius fit
MW-02,26.68220604044817,186.32856752624525,8.303633890983127,0.2834820012803632,Theis confined,Theis,0.25174220091506244,0.11829998666191628,True,infinite line source confined fit
MW-02,26.68220604044817,186.32856752624525,8.303633890983127,0.2834820012803632,Hantush-Jacob leaky,Hantush leaky,0.2517426831868765,0.11829807850668074,True,conventional Hantush-Jacob leaky fit
MW-02,26.68220604044817,186.32856752624525,8.303633890983127,0.2834820012803632,Lagging Darcy no-leakage,"Lagging
without leakage",0.2906980187245275,-0.02504909750966645,True,finite radius lagging Darcy limit without leakage
MW-02,26.68220604044817,186.32856752624525,8.303633890983127,0.2834820012803632,Lagging Darcy with leakage,Lagging leaky,0.29113160996398024,-0.026534432606972868,True,formal Lin and Yeh lagging leaky finite radius fit
MW-02,26.68220604044817,186.32856752624525,8.772853699869126,0.2834621955578855,Theis confined,Theis,0.2591893624800701,0.08919068129611113,True,infinite line source confined fit
MW-02,26.68220604044817,186.32856752624525,8.772853699869126,0.2834621955578855,Hantush-Jacob leaky,Hantush leaky,0.25918987370906604,0.0891887164636949,True,conventional Hantush-Jacob leaky fit
MW-02,26.68220604044817,186.32856752624525,8.772853699869126,0.2834621955578855,Lagging Darcy no-leakage,"Lagging
without leakage",0.3015370764076942,-0.0616034721488349,True,finite radius lagging Darcy limit without leakage
MW-02,26.68220604044817,186.32856752624525,8.772853699869126,0.2834621955578855,Lagging Darcy with leakage,Lagging leaky,0.301766913940446,-0.06236288410534726,True,formal Lin and Yeh lagging leaky finite radius fit
MW-03,20.09827833430204,180.2794893905448,0.2480142654818677,0.0019954037586295,Theis confined,Theis,0.0005534007433053402,0.6566324778703883,True,infinite line source confined fit
MW-03,20.09827833430204,180.2794893905448,0.2480142654818677,0.0019954037586295,Hantush-Jacob leaky,Hantush leaky,0.0005534227995030767,0.6566182793184379,True,conventional Hantush-Jacob leaky fit
MW-03,20.09827833430204,180.2794893905448,0.2480142654818677,0.0019954037586295,Lagging Darcy no-leakage,"Lagging
without leakage",0.0015431711630201,0.163667241682247,True,finite radius lagging Darcy limit without leakage
MW-03,20.09827833430204,180.2794893905448,0.2480142654818677,0.0019954037586295,Lagging Darcy with leakage,Lagging leaky,0.001904374645090859,0.03086093471691205,True,formal Lin and Yeh lagging leaky finite radius fit
MW-03,20.09827833430204,180.2794893905448,0.4159896534413013,0.0049260668931811,Theis confined,Theis,0.004226769540174221,0.1255673286791252,True,infinite line source confined fit
MW-03,20.09827833430204,180.2794893905448,0.4159896534413013,0.0049260668931811,Hantush-Jacob leaky,Hantush leaky,0.004226866266329742,0.12554882293484365,True,conventional Hantush-Jacob leaky fit
MW-03,20.09827833430204,180.2794893905448,0.4159896534413013,0.0049260668931811,Lagging Darcy no-leakage,"Lagging
without leakage",0.0057454874407783,-0.1295130168574468,True,finite radius lagging Darcy limit without leakage
MW-03,20.09827833430204,180.2794893905448,0.4159896534413013,0.0049260668931811,Lagging Darcy with leakage,Lagging leaky,0.005439301633863359,-0.08305935511845274,True,formal Lin and Yeh lagging leaky finite radius fit
MW-03,20.09827833430204,180.2794893905448,0.5862949932435153,0.010851627070073,Theis confined,Theis,0.010972214722472881,-0.010123361571266028,True,infinite line source confined fit
MW-03,20.09827833430204,180.2794893905448,0.5862949932435153,0.010851627070073,Hantush-Jacob leaky,Hantush leaky,0.010972383933895912,-0.01013749514898524,True,conventional Hantush-Jacob leaky fit
MW-03,20.09827833430204,180.2794893905448,0.5862949932435153,0.010851627070073,Lagging Darcy no-leakage,"Lagging
without leakage",0.0111542869846201,-0.025216782147125038,True,finite radius lagging Darcy limit without leakage
MW-03,20.09827833430204,180.2794893905448,0.5862949932435153,0.010851627070073,Lagging Darcy with leakage,Lagging leaky,0.010341380424845122,0.044007142169967345,True,formal Lin and Yeh lagging leaky finite radius fit
MW-03,20.09827833430204,180.2794893905448,0.740439867892767,0.0161048988514509,Theis confined,Theis,0.01848771015190808,-0.13041911323813893,True,infinite line source confined fit
MW-03,20.09827833430204,180.2794893905448,0.740439867892767,0.0161048988514509,Hantush-Jacob leaky,Hantush leaky,0.0184879234615105,-0.13043005903081228,True,conventional Hantush-Jacob leaky fit
MW-03,20.09827833430204,180.2794893905448,0.740439867892767,0.0161048988514509,Lagging Darcy no-leakage,"Lagging
without leakage",0.0167502625775089,-0.03703540388978599,True,finite radius lagging Darcy limit without leakage
MW-03,20.09827833430204,180.2794893905448,0.740439867892767,0.0161048988514509,Lagging Darcy with leakage,Lagging leaky,0.01573318042265529,0.02197130512182309,True,formal Lin and Yeh lagging leaky finite radius fit
MW-03,20.09827833430204,180.2794893905448,0.9223609749498768,0.0232803365984643,Theis confined,Theis,0.0280649125806557,-0.1798648641361822,True,infinite line source confined fit
MW-03,20.09827833430204,180.2794893905448,0.9223609749498768,0.0232803365984643,Hantush-Jacob leaky,Hantush leaky,0.028065152760634,-0.1798731276733687,True,conventional Hantush-Jacob leaky fit
MW-03,20.09827833430204,180.2794893905448,0.9223609749498768,0.0232803365984643,Lagging Darcy no-leakage,"Lagging
without leakage",0.0240023236550035,-0.029301937455211577,True,finite radius lagging Darcy limit without leakage
MW-03,20.09827833430204,180.2794893905448,0.9223609749498768,0.0232803365984643,Lagging Darcy with leakage,Lagging leaky,0.022967297008003734,0.012976552829667249,True,formal Lin and Yeh lagging leaky finite radius fit
MW-03,20.09827833430204,180.2794893905448,1.072738665850156,0.0302900886739546,Theis confined,Theis,0.03612273526582068,-0.17092820070537126,True,infinite line source confined fit
MW-03,20.09827833430204,180.2794893905448,1.072738665850156,0.0302900886739546,Hantush-Jacob leaky,Hantush leaky,0.036122981645479,-0.1709348375773302,True,conventional Hantush-Jacob leaky fit
MW-03,20.09827833430204,180.2794893905448,1.072738665850156,0.0302900886739546,Lagging Darcy no-leakage,"Lagging
without leakage",0.0303848657151043,-0.003024401511493361,True,finite radius lagging Darcy limit without leakage
MW-03,20.09827833430204,180.2794893905448,1.072738665850156,0.0302900886739546,Lagging Darcy with leakage,Lagging leaky,0.029446673646634912,0.027324643274867194,True,formal Lin and Yeh lagging leaky finite radius fit
MW-03,20.09827833430204,180.2794893905448,1.264946597765801,0.0364154623337162,Theis confined,Theis,0.046288811178976166,-0.23418966702407285,True,infinite line source confined fit
MW-03,20.09827833430204,180.2794893905448,1.264946597765801,0.0364154623337162,Hantush-Jacob leaky,Hantush leaky,0.046289050379425246,-0.23419472529976532,True,conventional Hantush-Jacob leaky fit
MW-03,20.09827833430204,180.2794893905448,1.264946597765801,0.0364154623337162,Lagging Darcy no-leakage,"Lagging
without leakage",0.0388840192843766,-0.0638916741139619,True,finite radius lagging Darcy limit without leakage
MW-03,20.09827833430204,180.2794893905448,1.264946597765801,0.0364154623337162,Lagging Darcy with leakage,Lagging leaky,0.03814525214647284,-0.04519509132064866,True,formal Lin and Yeh lagging leaky finite radius fit
MW-03,20.09827833430204,180.2794893905448,1.4313315291471715,0.0449503774180422,Theis confined,Theis,0.0548316810676003,-0.1947794069041244,True,infinite line source confined fit
MW-03,20.09827833430204,180.2794893905448,1.4313315291471715,0.0449503774180422,Hantush-Jacob leaky,Hantush leaky,0.054831904361908546,-0.1947834063155241,True,conventional Hantush-Jacob leaky fit
MW-03,20.09827833430204,180.2794893905448,1.4313315291471715,0.0449503774180422,Lagging Darcy no-leakage,"Lagging
without leakage",0.0464307111015634,-0.031707869994856336,True,finite radius lagging Darcy limit without leakage
MW-03,20.09827833430204,180.2794893905448,1.4313315291471715,0.0449503774180422,Lagging Darcy with leakage,Lagging leaky,0.04589288114989795,-0.020303813646722787,True,formal Lin and Yeh lagging leaky finite radius fit
MW-03,20.09827833430204,180.2794893905448,1.5757354888186066,0.0526401456064555,Theis confined,Theis,0.06200452791441993,-0.16090882254396138,True,infinite line source confined fit
MW-03,20.09827833430204,180.2794893905448,1.5757354888186066,0.0526401456064555,Hantush-Jacob leaky,Hantush leaky,0.06200473228174898,-0.1609120662314289,True,conventional Hantush-Jacob leaky fit
MW-03,20.09827833430204,180.2794893905448,1.5757354888186066,0.0526401456064555,Lagging Darcy no-leakage,"Lagging
without leakage",0.0530530144881726,-0.007667541821727632,True,finite radius lagging Darcy limit without leakage
MW-03,20.09827833430204,180.2794893905448,1.5757354888186066,0.0526401456064555,Lagging Darcy with leakage,Lagging leaky,0.052692221239280225,-0.0009703622204806575,True,formal Lin and Yeh lagging leaky finite radius fit
MW-03,20.09827833430204,180.2794893905448,1.807695287769156,0.0632874412225074,Theis confined,Theis,0.07302292598100046,-0.14101055896738818,True,infinite line source confined fit
MW-03,20.09827833430204,180.2794893905448,1.807695287769156,0.0632874412225074,Hantush-Jacob leaky,Hantush leaky,0.07302309313815557,-0.1410128171457046,True,conventional Hantush-Jacob leaky fit
MW-03,20.09827833430204,180.2794893905448,1.807695287769156,0.0632874412225074,Lagging Darcy no-leakage,"Lagging
without leakage",0.0637227382531242,-0.006748284272034289,True,finite radius lagging Darcy limit without leakage
MW-03,20.09827833430204,180.2794893905448,1.807695287769156,0.0632874412225074,Lagging Darcy with leakage,Lagging leaky,0.06362957563292623,-0.005307836343309024,True,formal Lin and Yeh lagging leaky finite radius fit
MW-03,20.09827833430204,180.2794893905448,1.962934554390876,0.0721887279082367,Theis confined,Theis,0.08004945788500387,-0.10201814072547828,True,infinite line source confined fit
MW-03,20.09827833430204,180.2794893905448,1.962934554390876,0.0721887279082367,Hantush-Jacob leaky,Hantush leaky,0.08004959695803916,-0.10201985662734371,True,conventional Hantush-Jacob leaky fit
MW-03,20.09827833430204,180.2794893905448,1.962934554390876,0.0721887279082367,Lagging Darcy no-leakage,"Lagging
without leakage",0.07083102802478,0.01872489088664391,True,finite radius lagging Darcy limit without leakage
MW-03,20.09827833430204,180.2794893905448,1.962934554390876,0.0721887279082367,Lagging Darcy with leakage,Lagging leaky,0.0708975562169711,0.017799143272926858,True,formal Lin and Yeh lagging leaky finite radius fit
MW-03,20.09827833430204,180.2794893905448,2.161027419508636,0.0801999654898903,Theis confined,Theis,0.08862486893321747,-0.0987180143616451,True,infinite line source confined fit
MW-03,20.09827833430204,180.2794893905448,2.161027419508636,0.0801999654898903,Hantush-Jacob leaky,Hantush leaky,0.0886249698228279,-0.0987191400486876,True,conventional Hantush-Jacob leaky fit
MW-03,20.09827833430204,180.2794893905448,2.161027419508636,0.0801999654898903,Lagging Darcy no-leakage,"Lagging
without leakage",0.0798133900902276,0.004772151430547308,True,finite radius lagging Darcy limit without leakage
MW-03,20.09827833430204,180.2794893905448,2.161027419508636,0.0801999654898903,Lagging Darcy with leakage,Lagging leaky,0.08005656921382133,0.0017675258955015699,True,formal Lin and Yeh lagging leaky finite radius fit
MW-03,20.09827833430204,180.2794893905448,2.4119995288333405,0.0914767784283815,Theis confined,Theis,0.09889610720399934,-0.07717314898428582,True,infinite line source confined fit
MW-03,20.09827833430204,180.2794893905448,2.4119995288333405,0.0914767784283815,Hantush-Jacob leaky,Hantush leaky,0.09889615744422149,-0.07717365190888346,True,conventional Hantush-Jacob leaky fit
MW-03,20.09827833430204,180.2794893905448,2.4119995288333405,0.0914767784283815,Lagging Darcy no-leakage,"Lagging
without leakage",0.0909952994287199,0.005220086406406176,True,finite radius lagging Darcy limit without leakage
MW-03,20.09827833430204,180.2794893905448,2.4119995288333405,0.0914767784283815,Lagging Darcy with leakage,Lagging leaky,0.0914171926728313,0.0006445397571174127,True,formal Lin and Yeh lagging leaky finite radius fit
MW-03,20.09827833430204,180.2794893905448,2.619237506518643,0.0964149306326512,Theis confined,Theis,0.10691424701756565,-0.10235741181860102,True,infinite line source confined fit
MW-03,20.09827833430204,180.2794893905448,2.619237506518643,0.0964149306326512,Hantush-Jacob leaky,Hantush leaky,0.10691425447759563,-0.10235748094783956,True,conventional Hantush-Jacob leaky fit
MW-03,20.09827833430204,180.2794893905448,2.619237506518643,0.0964149306326512,Lagging Darcy no-leakage,"Lagging
without leakage",0.1000276762600545,-0.036415010863941395,True,finite radius lagging Darcy limit without leakage
MW-03,20.09827833430204,180.2794893905448,2.619237506518643,0.0964149306326512,Lagging Darcy with leakage,Lagging leaky,0.10056065800106251,-0.04167674493784241,True,formal Lin and Yeh lagging leaky finite radius fit
MW-03,20.09827833430204,180.2794893905448,2.8835245202916924,0.1099736296524262,Theis confined,Theis,0.11658470367243973,-0.057866353802915126,True,infinite line source confined fit
MW-03,20.09827833430204,180.2794893905448,2.8835245202916924,0.1099736296524262,Hantush-Jacob leaky,Hantush leaky,0.11658465623011367,-0.05786595032921372,True,conventional Hantush-Jacob leaky fit
MW-03,20.09827833430204,180.2794893905448,2.8835245202916924,0.1099736296524262,Lagging Darcy no-leakage,"Lagging
without leakage",0.1112539543713854,-0.011471151865657586,True,finite radius lagging Darcy limit without leakage
MW-03,20.09827833430204,180.2794893905448,2.8835245202916924,0.1099736296524262,Lagging Darcy with leakage,Lagging leaky,0.11188508658594344,-0.01707776602845026,True,formal Lin and Yeh lagging leaky finite radius fit
MW-03,20.09827833430204,180.2794893905448,3.174520280993021,0.1221780956458189,Theis confined,Theis,0.12658083214334462,-0.03511890110508133,True,infinite line source confined fit
MW-03,20.09827833430204,180.2794893905448,3.174520280993021,0.1221780956458189,Hantush-Jacob leaky,Hantush leaky,0.1265807245940864,-0.03511805811556834,True,conventional Hantush-Jacob leaky fit
MW-03,20.09827833430204,180.2794893905448,3.174520280993021,0.1221780956458189,Lagging Darcy no-leakage,"Lagging
without leakage",0.1232165696079223,-0.008395331083408163,True,finite radius lagging Darcy limit without leakage
MW-03,20.09827833430204,180.2794893905448,3.174520280993021,0.1221780956458189,Lagging Darcy with leakage,Lagging leaky,0.1239063840665427,-0.013933289039004367,True,formal Lin and Yeh lagging leaky finite radius fit
MW-03,20.09827833430204,180.2794893905448,3.494928156085803,0.1322082847491515,Theis confined,Theis,0.13688245343237454,-0.0344875814703001,True,infinite line source confined fit
MW-03,20.09827833430204,180.2794893905448,3.494928156085803,0.1322082847491515,Hantush-Jacob leaky,Hantush leaky,0.13688228079742948,-0.03448632942517884,True,conventional Hantush-Jacob leaky fit
MW-03,20.09827833430204,180.2794893905448,3.494928156085803,0.1322082847491515,Lagging Darcy no-leakage,"Lagging
without leakage",0.1358989357220857,-0.027329004149172987,True,finite radius lagging Darcy limit without leakage
MW-03,20.09827833430204,180.2794893905448,3.494928156085803,0.1322082847491515,Lagging Darcy with leakage,Lagging leaky,0.13660316145599635,-0.0324599469444164,True,formal Lin and Yeh lagging leaky finite radius fit
MW-03,20.09827833430204,180.2794893905448,3.6418806145381977,0.1430718962943032,Theis confined,Theis,0.141383131103857,0.01179092418739508,True,infinite line source confined fit
MW-03,20.09827833430204,180.2794893905448,3.6418806145381977,0.1430718962943032,Hantush-Jacob leaky,Hantush leaky,0.14138292912914766,0.011792342718165134,True,conventional Hantush-Jacob leaky fit
MW-03,20.09827833430204,180.2794893905448,3.6418806145381977,0.1430718962943032,Lagging Darcy no-leakage,"Lagging
without leakage",0.1415457007399728,0.010649799558449524,True,finite radius lagging Darcy limit without leakage
MW-03,20.09827833430204,180.2794893905448,3.6418806145381977,0.1430718962943032,Lagging Darcy with leakage,Lagging leaky,0.14224163196245163,0.005779516530145597,True,formal Lin and Yeh lagging leaky finite radius fit
MW-03,20.09827833430204,180.2794893905448,4.009354640753395,0.1631919001911477,Theis confined,Theis,0.15208192585384359,0.07006262570022614,True,infinite line source confined fit
MW-03,20.09827833430204,180.2794893905448,4.009354640753395,0.1631919001911477,Hantush-Jacob leaky,Hantush leaky,0.15208165213514796,0.07006441375547053,True,conventional Hantush-Jacob leaky fit
MW-03,20.09827833430204,180.2794893905448,4.009354640753395,0.1631919001911477,Lagging Darcy no-leakage,"Lagging
without leakage",0.1552109964194705,0.04982823234033352,True,finite radius lagging Darcy limit without leakage
MW-03,20.09827833430204,180.2794893905448,4.009354640753395,0.1631919001911477,Lagging Darcy with leakage,Lagging leaky,0.15585227035194152,0.0457314576788457,True,formal Lin and Yeh lagging leaky finite radius fit
MW-03,20.09827833430204,180.2794893905448,4.35383669294302,0.1720014194537744,Theis confined,Theis,0.16146089187106458,0.0628624920028388,True,infinite line source confined fit
MW-03,20.09827833430204,180.2794893905448,4.35383669294302,0.1720014194537744,Hantush-Jacob leaky,Hantush leaky,0.16146055314726068,0.06286457696096694,True,conventional Hantush-Jacob leaky fit
MW-03,20.09827833430204,180.2794893905448,4.35383669294302,0.1720014194537744,Lagging Darcy no-leakage,"Lagging
without leakage",0.16745316726316,0.026642027330080455,True,finite radius lagging Darcy limit without leakage
MW-03,20.09827833430204,180.2794893905448,4.35383669294302,0.1720014194537744,Lagging Darcy with leakage,Lagging leaky,0.16800719256403487,0.023358525831287058,True,formal Lin and Yeh lagging leaky finite radius fit
MW-03,20.09827833430204,180.2794893905448,4.663388786164799,0.1812896658393014,Theis confined,Theis,0.1694121175913068,0.06737726792439949,True,infinite line source confined fit
MW-03,20.09827833430204,180.2794893905448,4.663388786164799,0.1812896658393014,Hantush-Jacob leaky,Hantush leaky,0.1694117223628215,0.06737958717815436,True,conventional Hantush-Jacob leaky fit
MW-03,20.09827833430204,180.2794893905448,4.663388786164799,0.1812896658393014,Lagging Darcy no-leakage,"Lagging
without leakage",0.1780098822298127,0.01815598011164137,True,finite radius lagging Darcy limit without leakage
MW-03,20.09827833430204,180.2794893905448,4.663388786164799,0.1812896658393014,Lagging Darcy with leakage,Lagging leaky,0.17846230898974852,0.01563178430934614,True,formal Lin and Yeh lagging leaky finite radius fit
MW-03,20.09827833430204,180.2794893905448,4.994949628261642,0.1910794866955053,Theis confined,Theis,0.17748003592366188,0.07343252816217895,True,infinite line source confined fit
MW-03,20.09827833430204,180.2794893905448,4.994949628261642,0.1910794866955053,Hantush-Jacob leaky,Hantush leaky,0.1774795821646211,0.07343507051721167,True,conventional Hantush-Jacob leaky fit
MW-03,20.09827833430204,180.2794893905448,4.994949628261642,0.1910794866955053,Lagging Darcy no-leakage,"Lagging
without leakage",0.1888773267591772,0.011531064558258067,True,finite radius lagging Darcy limit without leakage
MW-03,20.09827833430204,180.2794893905448,4.994949628261642,0.1910794866955053,Lagging Darcy with leakage,Lagging leaky,0.18920186825254434,0.009823306930364331,True,formal Lin and Yeh lagging leaky finite radius fit
MW-03,20.09827833430204,180.2794893905448,5.350013925175581,0.2067733466109706,Theis confined,Theis,0.1856568768352379,0.10717575765347673,True,infinite line source confined fit
MW-03,20.09827833430204,180.2794893905448,5.350013925175581,0.2067733466109706,Hantush-Jacob leaky,Hantush leaky,0.18565636262323132,0.10717851250892911,True,conventional Hantush-Jacob leaky fit
MW-03,20.09827833430204,180.2794893905448,5.350013925175581,0.2067733466109706,Lagging Darcy no-leakage,"Lagging
without leakage",0.2000411751511309,0.03293806723569973,True,finite radius lagging Darcy limit without leakage
MW-03,20.09827833430204,180.2794893905448,5.350013925175581,0.2067733466109706,Lagging Darcy with leakage,Lagging leaky,0.20021179996048194,0.03208972139295346,True,formal Lin and Yeh lagging leaky finite radius fit
MW-03,20.09827833430204,180.2794893905448,5.730392916419819,0.2179393113767366,Theis confined,Theis,0.19393979260528463,0.11610381939278251,True,infinite line source confined fit
MW-03,20.09827833430204,180.2794893905448,5.730392916419819,0.2179393113767366,Hantush-Jacob leaky,Hantush leaky,0.19393921608526024,0.1161067768232239,True,conventional Hantush-Jacob leaky fit
MW-03,20.09827833430204,180.2794893905448,5.730392916419819,0.2179393113767366,Lagging Darcy no-leakage,"Lagging
without leakage",0.2114932293264531,0.029884448547581245,True,finite radius lagging Darcy limit without leakage
MW-03,20.09827833430204,180.2794893905448,5.730392916419819,0.2179393113767366,Lagging Darcy with leakage,Lagging leaky,0.21148426937791803,0.029926615243765102,True,formal Lin and Yeh lagging leaky finite radius fit
MW-03,20.09827833430204,180.2794893905448,6.308767869256002,0.2358310005097514,Theis confined,Theis,0.20570028527466291,0.13607696193070873,True,infinite line source confined fit
MW-03,20.09827833430204,180.2794893905448,6.308767869256002,0.2358310005097514,Hantush-Jacob leaky,Hantush leaky,0.2056996185970325,0.1360801872707447,True,conventional Hantush-Jacob leaky fit
MW-03,20.09827833430204,180.2794893905448,6.308767869256002,0.2358310005097514,Lagging Darcy no-leakage,"Lagging
without leakage",0.2279822604040888,0.03370227368684241,True,finite radius lagging Darcy limit without leakage
MW-03,20.09827833430204,180.2794893905448,6.308767869256002,0.2358310005097514,Lagging Darcy with leakage,Lagging leaky,0.22767996514556377,0.03502331477615018,True,formal Lin and Yeh lagging leaky finite radius fit
MW-03,20.09827833430204,180.2794893905448,6.85081453190316,0.24856176557396,Theis confined,Theis,0.21592442797676198,0.1401574072520595,True,infinite line source confined fit
MW-03,20.09827833430204,180.2794893905448,6.85081453190316,0.24856176557396,Hantush-Jacob leaky,Hantush leaky,0.21592368145076535,0.14016084866844644,True,conventional Hantush-Jacob leaky fit
MW-03,20.09827833430204,180.2794893905448,6.85081453190316,0.24856176557396,Lagging Darcy no-leakage,"Lagging
without leakage",0.2425173330299225,0.024518319101266145,True,finite radius lagging Darcy limit without leakage
MW-03,20.09827833430204,180.2794893905448,6.85081453190316,0.24856176557396,Lagging Darcy with leakage,Lagging leaky,0.24192607090362028,0.026949279877777815,True,formal Lin and Yeh lagging leaky finite radius fit
MW-03,20.09827833430204,180.2794893905448,7.237843944366166,0.2551781326873646,Theis confined,Theis,0.22280961876387378,0.13507725907281248,True,infinite line source confined fit
MW-03,20.09827833430204,180.2794893905448,7.237843944366166,0.2551781326873646,Hantush-Jacob leaky,Hantush leaky,0.2228088177724578,0.1350808379755144,True,conventional Hantush-Jacob leaky fit
MW-03,20.09827833430204,180.2794893905448,7.237843944366166,0.2551781326873646,Lagging Darcy no-leakage,"Lagging
without leakage",0.2524020873328065,0.010895528154560977,True,finite radius lagging Darcy limit without leakage
MW-03,20.09827833430204,180.2794893905448,7.237843944366166,0.2551781326873646,Lagging Darcy with leakage,Lagging leaky,0.2515997154781529,0.014066949768918171,True,formal Lin and Yeh lagging leaky finite radius fit
MW-03,20.09827833430204,180.2794893905448,7.64673816800075,0.2619706182543793,Theis confined,Theis,0.22974671272388802,0.13072168104176166,True,infinite line source confined fit
MW-03,20.09827833430204,180.2794893905448,7.64673816800075,0.2619706182543793,Hantush-Jacob leaky,Hantush leaky,0.22974585632123834,0.13072539248895326,True,conventional Hantush-Jacob leaky fit
MW-03,20.09827833430204,180.2794893905448,7.64673816800075,0.2619706182543793,Lagging Darcy no-leakage,"Lagging
without leakage",0.2624345970852964,-0.0017628204947410268,True,finite radius lagging Darcy limit without leakage
MW-03,20.09827833430204,180.2794893905448,7.64673816800075,0.2619706182543793,Lagging Darcy with leakage,Lagging leaky,0.2614069243413495,0.0021458630551641497,True,formal Lin and Yeh lagging leaky finite radius fit
MW-03,20.09827833430204,180.2794893905448,8.30374267189136,0.2761124672373931,Theis confined,Theis,0.2402435768093402,0.13861632745136515,True,infinite line source confined fit
MW-03,20.09827833430204,180.2794893905448,8.30374267189136,0.2761124672373931,Hantush-Jacob leaky,Hantush leaky,0.24024263561930778,0.13862022886868314,True,conventional Hantush-Jacob leaky fit
MW-03,20.09827833430204,180.2794893905448,8.30374267189136,0.2761124672373931,Lagging Darcy no-leakage,"Lagging
without leakage",0.2777455792693383,-0.005876020833598968,True,finite radius lagging Darcy limit without leakage
MW-03,20.09827833430204,180.2794893905448,8.30374267189136,0.2761124672373931,Lagging Darcy with leakage,Lagging leaky,0.2763545026386166,-0.0008730381780932432,True,formal Lin and Yeh lagging leaky finite radius fit
MW-03,20.09827833430204,180.2794893905448,9.142207977977131,0.2760787091458907,Theis confined,Theis,0.2526242921482367,0.08844760716227108,True,infinite line source confined fit
MW-03,20.09827833430204,180.2794893905448,9.142207977977131,0.2760787091458907,Hantush-Jacob leaky,Hantush leaky,0.2526232496180126,0.08845171770057138,True,conventional Hantush-Jacob leaky fit
MW-03,20.09827833430204,180.2794893905448,9.142207977977131,0.2760787091458907,Lagging Darcy no-leakage,"Lagging
without leakage",0.2959893971495428,-0.06939482396634696,True,finite radius lagging Darcy limit without leakage
MW-03,20.09827833430204,180.2794893905448,9.142207977977131,0.2760787091458907,Lagging Darcy with leakage,Lagging leaky,0.29413769279817686,-0.0631403883256209,True,formal Lin and Yeh lagging leaky finite radius fit
MW-03,20.09827833430204,180.2794893905448,9.658687203309212,0.2834275388731264,Theis confined,Theis,0.25975616850851574,0.08689277432890333,True,infinite line source confined fit
MW-03,20.09827833430204,180.2794893905448,9.658687203309212,0.2834275388731264,Hantush-Jacob leaky,Hantush leaky,0.25975506699964074,0.08689699862475755,True,conventional Hantush-Jacob leaky fit
MW-03,20.09827833430204,180.2794893905448,9.658687203309212,0.2834275388731264,Lagging Darcy no-leakage,"Lagging
without leakage",0.3065819959108513,-0.07826318034752948,True,finite radius lagging Darcy limit without leakage
MW-03,20.09827833430204,180.2794893905448,9.658687203309212,0.2834275388731264,Lagging Darcy with leakage,Lagging leaky,0.3044505306713741,-0.07130931171514428,True,formal Lin and Yeh lagging leaky finite radius fit
MW-04,20.03325282529062,193.73021550831643,0.2036664838714789,0.0021224214255649,Theis confined,Theis,0.00015255317090580227,0.9966291686499343,True,infinite line source confined fit
MW-04,20.03325282529062,193.73021550831643,0.2036664838714789,0.0021224214255649,Hantush-Jacob leaky,Hantush leaky,0.00015259143904563727,0.9965959662732388,True,conventional Hantush-Jacob leaky fit
MW-04,20.03325282529062,193.73021550831643,0.2036664838714789,0.0021224214255649,Lagging Darcy no-leakage,"Lagging
without leakage",0.0014224431625536,0.2538321965532215,True,finite radius lagging Darcy limit without leakage
MW-04,20.03325282529062,193.73021550831643,0.2036664838714789,0.0021224214255649,Lagging Darcy with leakage,Lagging leaky,0.0019095924299696078,0.07059578580597065,True,formal Lin and Yeh lagging leaky finite radius fit
MW-04,20.03325282529062,193.73021550831643,0.3726760221193158,0.0050582520390065,Theis confined,Theis,0.002543716904714455,0.5362451666728758,True,infinite line source confined fit
MW-04,20.03325282529062,193.73021550831643,0.3726760221193158,0.0050582520390065,Hantush-Jacob leaky,Hantush leaky,0.002544050631544925,0.5361509968714513,True,conventional Hantush-Jacob leaky fit
MW-04,20.03325282529062,193.73021550831643,0.3726760221193158,0.0050582520390065,Lagging Darcy no-leakage,"Lagging
without leakage",0.0048611604971143,0.03307369503314734,True,finite radius lagging Darcy limit without leakage
MW-04,20.03325282529062,193.73021550831643,0.3726760221193158,0.0050582520390065,Lagging Darcy with leakage,Lagging leaky,0.00458679968354995,0.08101470025851645,True,formal Lin and Yeh lagging leaky finite radius fit
MW-04,20.03325282529062,193.73021550831643,0.5400125635854307,0.0069353650858096,Theis confined,Theis,0.008053754899730928,-0.13185021523594795,True,infinite line source confined fit
MW-04,20.03325282529062,193.73021550831643,0.5400125635854307,0.0069353650858096,Hantush-Jacob leaky,Hantush leaky,0.00805444304892009,-0.131926219396212,True,conventional Hantush-Jacob leaky fit
MW-04,20.03325282529062,193.73021550831643,0.5400125635854307,0.0069353650858096,Lagging Darcy no-leakage,"Lagging
without leakage",0.0090927583854323,-0.24048881267070318,True,finite radius lagging Darcy limit without leakage
MW-04,20.03325282529062,193.73021550831643,0.5400125635854307,0.0069353650858096,Lagging Darcy with leakage,Lagging leaky,0.008311811477334318,-0.15995428317873264,True,formal Lin and Yeh lagging leaky finite radius fit
MW-04,20.03325282529062,193.73021550831643,0.6634655364914736,0.011436826540595,Theis confined,Theis,0.013428298526577363,-0.1485295000786519,True,infinite line source confined fit
MW-04,20.03325282529062,193.73021550831643,0.6634655364914736,0.011436826540595,Hantush-Jacob leaky,Hantush leaky,0.013429186019711985,-0.14859100877553622,True,conventional Hantush-Jacob leaky fit
MW-04,20.03325282529062,193.73021550831643,0.6634655364914736,0.011436826540595,Lagging Darcy no-leakage,"Lagging
without leakage",0.0127338453203853,-0.09920129407421271,True,finite radius lagging Darcy limit without leakage
MW-04,20.03325282529062,193.73021550831643,0.6634655364914736,0.011436826540595,Lagging Darcy with leakage,Lagging leaky,0.011736454945980945,-0.023806396196271045,True,formal Lin and Yeh lagging leaky finite radius fit
MW-04,20.03325282529062,193.73021550831643,0.8041002824130353,0.0152768403335269,Theis confined,Theis,0.02027813567151744,-0.2679367921836258,True,infinite line source confined fit
MW-04,20.03325282529062,193.73021550831643,0.8041002824130353,0.0152768403335269,Hantush-Jacob leaky,Hantush leaky,0.020279170375722168,-0.26798541857946867,True,conventional Hantush-Jacob leaky fit
MW-04,20.03325282529062,193.73021550831643,0.8041002824130353,0.0152768403335269,Lagging Darcy no-leakage,"Lagging
without leakage",0.0173741184103195,-0.12119980724753267,True,finite radius lagging Darcy limit without leakage
MW-04,20.03325282529062,193.73021550831643,0.8041002824130353,0.0152768403335269,Lagging Darcy with leakage,Lagging leaky,0.016261389896080447,-0.05872895038594347,True,formal Lin and Yeh lagging leaky finite radius fit
MW-04,20.03325282529062,193.73021550831643,0.9879914042718618,0.0220837274811859,Theis confined,Theis,0.029752095703132964,-0.28683021362684846,True,infinite line source confined fit
MW-04,20.03325282529062,193.73021550831643,0.9879914042718618,0.0220837274811859,Hantush-Jacob leaky,Hantush leaky,0.029753212133818537,-0.2868665171825889,True,conventional Hantush-Jacob leaky fit
MW-04,20.03325282529062,193.73021550831643,0.9879914042718618,0.0220837274811859,Lagging Darcy no-leakage,"Lagging
without leakage",0.0241140293133471,-0.08429869552670576,True,finite radius lagging Darcy limit without leakage
MW-04,20.03325282529062,193.73021550831643,0.9879914042718618,0.0220837274811859,Lagging Darcy with leakage,Lagging leaky,0.023008002917898552,-0.03925929842586683,True,formal Lin and Yeh lagging leaky finite radius fit
MW-04,20.03325282529062,193.73021550831643,1.1649537004309751,0.0294995612141422,Theis confined,Theis,0.03897503383602239,-0.2705428080609248,True,infinite line source confined fit
MW-04,20.03325282529062,193.73021550831643,1.1649537004309751,0.0294995612141422,Hantush-Jacob leaky,Hantush leaky,0.03897613903715305,-0.270570454963178,True,conventional Hantush-Jacob leaky fit
MW-04,20.03325282529062,193.73021550831643,1.1649537004309751,0.0294995612141422,Lagging Darcy no-leakage,"Lagging
without leakage",0.0311679221506986,-0.05325745241850996,True,finite radius lagging Darcy limit without leakage
MW-04,20.03325282529062,193.73021550831643,1.1649537004309751,0.0294995612141422,Lagging Darcy with leakage,Lagging leaky,0.03018150576116936,-0.02211285790796326,True,formal Lin and Yeh lagging leaky finite radius fit
MW-04,20.03325282529062,193.73021550831643,1.354882646076215,0.0383819332353667,Theis confined,Theis,0.04870908954478681,-0.23288064079246226,True,infinite line source confined fit
MW-04,20.03325282529062,193.73021550831643,1.354882646076215,0.0383819332353667,Hantush-Jacob leaky,Hantush leaky,0.048710113817947195,-0.23290124592961442,True,conventional Hantush-Jacob leaky fit
MW-04,20.03325282529062,193.73021550831643,1.354882646076215,0.0383819332353667,Lagging Darcy no-leakage,"Lagging
without leakage",0.0391917328589597,-0.02035416038822894,True,finite radius lagging Darcy limit without leakage
MW-04,20.03325282529062,193.73021550831643,1.354882646076215,0.0383819332353667,Lagging Darcy with leakage,Lagging leaky,0.0384061414519889,-0.0006145147595007648,True,formal Lin and Yeh lagging leaky finite radius fit
MW-04,20.03325282529062,193.73021550831643,1.5542905659298367,0.0486414203000463,Theis confined,Theis,0.058594030360664025,-0.1827298353864877,True,infinite line source confined fit
MW-04,20.03325282529062,193.73021550831643,1.5542905659298367,0.0486414203000463,Hantush-Jacob leaky,Hantush leaky,0.05859491732708176,-0.18274471875335951,True,conventional Hantush-Jacob leaky fit
MW-04,20.03325282529062,193.73021550831643,1.5542905659298367,0.0486414203000463,Lagging Darcy no-leakage,"Lagging
without leakage",0.0479607079721622,0.013807473619215816,True,finite radius lagging Darcy limit without leakage
MW-04,20.03325282529062,193.73021550831643,1.5542905659298367,0.0486414203000463,Lagging Darcy with leakage,Lagging leaky,0.04742604314960407,0.024787821322490182,True,formal Lin and Yeh lagging leaky finite radius fit
MW-04,20.03325282529062,193.73021550831643,1.8837781123862805,0.0632841249684634,Theis confined,Theis,0.07401775761790413,-0.154412143059207,True,infinite line source confined fit
MW-04,20.03325282529062,193.73021550831643,1.8837781123862805,0.0632841249684634,Hantush-Jacob leaky,Hantush leaky,0.07401834590888993,-0.15441998505152718,True,conventional Hantush-Jacob leaky fit
MW-04,20.03325282529062,193.73021550831643,1.8837781123862805,0.0632841249684634,Lagging Darcy no-leakage,"Lagging
without leakage",0.062873983782324,0.006400571767717409,True,finite radius lagging Darcy limit without leakage
MW-04,20.03325282529062,193.73021550831643,1.8837781123862805,0.0632841249684634,Lagging Darcy with leakage,Lagging leaky,0.06277325413904081,0.007978822356327839,True,formal Lin and Yeh lagging leaky finite radius fit
MW-04,20.03325282529062,193.73021550831643,2.0175801128626216,0.0760909776105637,Theis confined,Theis,0.07994754786544875,-0.048815135890612794,True,infinite line source confined fit
MW-04,20.03325282529062,193.73021550831643,2.0175801128626216,0.0760909776105637,Hantush-Jacob leaky,Hantush leaky,0.07994799921658985,-0.048820711722057715,True,conventional Hantush-Jacob leaky fit
MW-04,20.03325282529062,193.73021550831643,2.0175801128626216,0.0760909776105637,Lagging Darcy no-leakage,"Lagging
without leakage",0.0689947826190255,0.09656554655177207,True,finite radius lagging Darcy limit without leakage
MW-04,20.03325282529062,193.73021550831643,2.0175801128626216,0.0760909776105637,Lagging Darcy with leakage,Lagging leaky,0.0690636212983585,0.09558254684663806,True,formal Lin and Yeh lagging leaky finite radius fit
MW-04,20.03325282529062,193.73021550831643,2.2211585290044566,0.08679154708432,Theis confined,Theis,0.08861076433753441,-0.020510229120317615,True,infinite line source confined fit
MW-04,20.03325282529062,193.73021550831643,2.2211585290044566,0.08679154708432,Hantush-Jacob leaky,Hantush leaky,0.088610997251548,-0.020512828291439772,True,conventional Hantush-Jacob leaky fit
MW-04,20.03325282529062,193.73021550831643,2.2211585290044566,0.08679154708432,Lagging Darcy no-leakage,"Lagging
without leakage",0.0783087544751369,0.1016167018806042,True,finite radius lagging Darcy limit without leakage
MW-04,20.03325282529062,193.73021550831643,2.2211585290044566,0.08679154708432,Lagging Darcy with leakage,Lagging leaky,0.07862015545990245,0.09769795124677755,True,formal Lin and Yeh lagging leaky finite radius fit
MW-04,20.03325282529062,193.73021550831643,2.445342538406944,0.0939166837565277,Theis confined,Theis,0.09767392240907226,-0.038821207171576784,True,infinite line source confined fit
MW-04,20.03325282529062,193.73021550831643,2.445342538406944,0.0939166837565277,Hantush-Jacob leaky,Hantush leaky,0.09767390627624188,-0.03882104367517059,True,conventional Hantush-Jacob leaky fit
MW-04,20.03325282529062,193.73021550831643,2.445342538406944,0.0939166837565277,Lagging Darcy no-leakage,"Lagging
without leakage",0.0885081186134285,0.05867016177897804,True,finite radius lagging Darcy limit without leakage
MW-04,20.03325282529062,193.73021550831643,2.445342538406944,0.0939166837565277,Lagging Darcy with leakage,Lagging leaky,0.08906076789698852,0.052514852368879095,True,formal Lin and Yeh lagging leaky finite radius fit
MW-04,20.03325282529062,193.73021550831643,2.619237506518643,0.0964149306326512,Theis confined,Theis,0.10438111727685653,-0.07860397626962992,True,infinite line source confined fit
MW-04,20.03325282529062,193.73021550831643,2.619237506518643,0.0964149306326512,Hantush-Jacob leaky,Hantush leaky,0.10438090492395855,-0.078601961173212,True,conventional Hantush-Jacob leaky fit
MW-04,20.03325282529062,193.73021550831643,2.619237506518643,0.0964149306326512,Lagging Darcy no-leakage,"Lagging
without leakage",0.096343863415071,0.0007297972970300365,True,finite radius lagging Darcy limit without leakage
MW-04,20.03325282529062,193.73021550831643,2.619237506518643,0.0964149306326512,Lagging Darcy with leakage,Lagging leaky,0.09706360234641512,-0.0066367808768818815,True,formal Lin and Yeh lagging leaky finite radius fit
MW-04,20.03325282529062,193.73021550831643,2.8442440227227888,0.1043319196296718,Theis confined,Theis,0.11267058209584506,-0.07618813102170545,True,infinite line source confined fit
MW-04,20.03325282529062,193.73021550831643,2.8442440227227888,0.1043319196296718,Hantush-Jacob leaky,Hantush leaky,0.11267011476937537,-0.0761840197783061,True,conventional Hantush-Jacob leaky fit
MW-04,20.03325282529062,193.73021550831643,2.8442440227227888,0.1043319196296718,Lagging Darcy no-leakage,"Lagging
without leakage",0.1063517356635244,-0.018994188870218455,True,finite radius lagging Darcy limit without leakage
MW-04,20.03325282529062,193.73021550831643,2.8442440227227888,0.1043319196296718,Lagging Darcy with leakage,Lagging leaky,0.10726168628212647,-0.027434813881153607,True,formal Lin and Yeh lagging leaky finite radius fit
MW-04,20.03325282529062,193.73021550831643,3.0885798025803166,0.1128990020755771,Theis confined,Theis,0.12121273809651889,-0.07045117204098976,True,infinite line source confined fit
MW-04,20.03325282529062,193.73021550831643,3.0885798025803166,0.1128990020755771,Hantush-Jacob leaky,Hantush leaky,0.1212119950744929,-0.07044509227961417,True,conventional Hantush-Jacob leaky fit
MW-04,20.03325282529062,193.73021550831643,3.0885798025803166,0.1128990020755771,Lagging Darcy no-leakage,"Lagging
without leakage",0.1170223376395886,-0.035561799574407,True,finite radius lagging Darcy limit without leakage
MW-04,20.03325282529062,193.73021550831643,3.0885798025803166,0.1128990020755771,Lagging Darcy with leakage,Lagging leaky,0.11810705240020446,-0.04471057970937735,True,formal Lin and Yeh lagging leaky finite radius fit
MW-04,20.03325282529062,193.73021550831643,3.2629375638397176,0.1254346878247327,Theis confined,Theis,0.1270385744765076,-0.012605708559448526,True,infinite line source confined fit
MW-04,20.03325282529062,193.73021550831643,3.2629375638397176,0.1254346878247327,Hantush-Jacob leaky,Hantush leaky,0.12703763659949416,-0.01259838357592511,True,conventional Hantush-Jacob leaky fit
MW-04,20.03325282529062,193.73021550831643,3.2629375638397176,0.1254346878247327,Lagging Darcy no-leakage,"Lagging
without leakage",0.1244986774566184,0.007430652735111393,True,finite radius lagging Darcy limit without leakage
MW-04,20.03325282529062,193.73021550831643,3.2629375638397176,0.1254346878247327,Lagging Darcy with leakage,Lagging leaky,0.12568921859019974,-0.0020111166492444085,True,formal Lin and Yeh lagging leaky finite radius fit
MW-04,20.03325282529062,193.73021550831643,3.692128522272329,0.1548335843539637,Theis confined,Theis,0.14051706006473288,0.09636839524259114,True,infinite line source confined fit
MW-04,20.03325282529062,193.73021550831643,3.692128522272329,0.1548335843539637,Hantush-Jacob leaky,Hantush leaky,0.14051565245671963,0.09637834185265423,True,conventional Hantush-Jacob leaky fit
MW-04,20.03325282529062,193.73021550831643,3.692128522272329,0.1548335843539637,Lagging Darcy no-leakage,"Lagging
without leakage",0.142378591905305,0.08330004322943985,True,finite radius lagging Darcy limit without leakage
MW-04,20.03325282529062,193.73021550831643,3.692128522272329,0.1548335843539637,Lagging Darcy with leakage,Lagging leaky,0.1437699825087251,0.07364251554209357,True,formal Lin and Yeh lagging leaky finite radius fit
MW-04,20.03325282529062,193.73021550831643,3.9546340301995695,0.1631947507024796,Theis confined,Theis,0.14821709106054656,0.09565099502879311,True,infinite line source confined fit
MW-04,20.03325282529062,193.73021550831643,3.9546340301995695,0.1631947507024796,Hantush-Jacob leaky,Hantush leaky,0.14821540444662398,0.09566229818074871,True,conventional Hantush-Jacob leaky fit
MW-04,20.03325282529062,193.73021550831643,3.9546340301995695,0.1631947507024796,Lagging Darcy no-leakage,"Lagging
without leakage",0.1529373214887575,0.06450771133655422,True,finite radius lagging Darcy limit without leakage
MW-04,20.03325282529062,193.73021550831643,3.9546340301995695,0.1631947507024796,Lagging Darcy with leakage,Lagging leaky,0.154415064760403,0.054953852516968535,True,formal Lin and Yeh lagging leaky finite radius fit
MW-04,20.03325282529062,193.73021550831643,4.294414510712543,0.1720044238430528,Theis confined,Theis,0.15764170049620307,0.08666896214928037,True,infinite line source confined fit
MW-04,20.03325282529062,193.73021550831643,4.294414510712543,0.1720044238430528,Hantush-Jacob leaky,Hantush leaky,0.15763966300339846,0.08668180559386306,True,conventional Hantush-Jacob leaky fit
MW-04,20.03325282529062,193.73021550831643,4.294414510712543,0.1720044238430528,Lagging Darcy no-leakage,"Lagging
without leakage",0.1661785790978563,0.034254588518290066,True,finite radius lagging Darcy limit without leakage
MW-04,20.03325282529062,193.73021550831643,4.294414510712543,0.1720044238430528,Lagging Darcy with leakage,Lagging leaky,0.16773361688776195,0.02499592558794751,True,formal Lin and Yeh lagging leaky finite radius fit
MW-04,20.03325282529062,193.73021550831643,4.663266604068176,0.1910961754303542,Theis confined,Theis,0.16725258118493067,0.1325298505383946,True,infinite line source confined fit
MW-04,20.03325282529062,193.73021550831643,4.663266604068176,0.1910961754303542,Hantush-Jacob leaky,Hantush leaky,0.1672501762271426,0.13254414437542933,True,conventional Hantush-Jacob leaky fit
MW-04,20.03325282529062,193.73021550831643,4.663266604068176,0.1910961754303542,Lagging Darcy no-leakage,"Lagging
without leakage",0.180019727174912,0.05939014506865827,True,finite radius lagging Darcy limit without leakage
MW-04,20.03325282529062,193.73021550831643,4.663266604068176,0.1910961754303542,Lagging Darcy with leakage,Lagging leaky,0.1816216322164044,0.0505797313892651,True,formal Lin and Yeh lagging leaky finite radius fit
MW-04,20.03325282529062,193.73021550831643,5.063998834649906,0.1961760354119952,Theis confined,Theis,0.1770458006117232,0.10205608650211839,True,infinite line source confined fit
MW-04,20.03325282529062,193.73021550831643,5.063998834649906,0.1961760354119952,Hantush-Jacob leaky,Hantush leaky,0.17704301216013085,0.10207174805335176,True,conventional Hantush-Jacob leaky fit
MW-04,20.03325282529062,193.73021550831643,5.063998834649906,0.1961760354119952,Lagging Darcy no-leakage,"Lagging
without leakage",0.1944511668110357,0.008786348413059397,True,finite radius lagging Darcy limit without leakage
MW-04,20.03325282529062,193.73021550831643,5.063998834649906,0.1961760354119952,Lagging Darcy with leakage,Lagging leaky,0.1960683159727784,0.0005464602930593379,True,formal Lin and Yeh lagging leaky finite radius fit
MW-04,20.03325282529062,193.73021550831643,5.499023429789011,0.212284780226151,Theis confined,Theis,0.18700246652029198,0.12617318655987145,True,infinite line source confined fit
MW-04,20.03325282529062,193.73021550831643,5.499023429789011,0.212284780226151,Hantush-Jacob leaky,Hantush leaky,0.18699927969371113,0.12619013768636478,True,conventional Hantush-Jacob leaky fit
MW-04,20.03325282529062,193.73021550831643,5.499023429789011,0.212284780226151,Lagging Darcy no-leakage,"Lagging
without leakage",0.2094388962639174,0.013432937140492126,True,finite radius lagging Darcy limit without leakage
MW-04,20.03325282529062,193.73021550831643,5.499023429789011,0.212284780226151,Lagging Darcy with leakage,Lagging leaky,0.211038967670325,0.005858201545792686,True,formal Lin and Yeh lagging leaky finite radius fit
MW-04,20.03325282529062,193.73021550831643,5.890073963180375,0.2179316979817163,Theis confined,Theis,0.1954216110119348,0.10849637424017086,True,infinite line source confined fit
MW-04,20.03325282529062,193.73021550831643,5.890073963180375,0.2179316979817163,Hantush-Jacob leaky,Hantush leaky,0.19541808124973173,0.1085143447369038,True,conventional Hantush-Jacob leaky fit
MW-04,20.03325282529062,193.73021550831643,5.890073963180375,0.2179316979817163,Lagging Darcy no-leakage,"Lagging
without leakage",0.2223434074339064,-0.019950730803216337,True,finite radius lagging Darcy limit without leakage
MW-04,20.03325282529062,193.73021550831643,5.890073963180375,0.2179316979817163,Lagging Darcy with leakage,Lagging leaky,0.22390440312379112,-0.026915637104719867,True,formal Lin and Yeh lagging leaky finite radius fit
MW-04,20.03325282529062,193.73021550831643,6.484565702288636,0.2358227620944165,Theis confined,Theis,0.20737649830856397,0.12796549061166662,True,infinite line source confined fit
MW-04,20.03325282529062,193.73021550831643,6.484565702288636,0.2358227620944165,Hantush-Jacob leaky,Hantush leaky,0.20737247290768657,0.12798480871995493,True,conventional Hantush-Jacob leaky fit
MW-04,20.03325282529062,193.73021550831643,6.484565702288636,0.2358227620944165,Lagging Darcy no-leakage,"Lagging
without leakage",0.2410042791717277,-0.021643386428360757,True,finite radius lagging Darcy limit without leakage
MW-04,20.03325282529062,193.73021550831643,6.484565702288636,0.2358227620944165,Lagging Darcy with leakage,Lagging leaky,0.24247291930864365,-0.027693699899860307,True,formal Lin and Yeh lagging leaky finite radius fit
MW-04,20.03325282529062,193.73021550831643,6.850904280299655,0.2421000347236599,Theis confined,Theis,0.21429313936228264,0.12147248577581615,True,infinite line source confined fit
MW-04,20.03325282529062,193.73021550831643,6.850904280299655,0.2421000347236599,Hantush-Jacob leaky,Hantush leaky,0.21428882293296214,0.12149253505655075,True,conventional Hantush-Jacob leaky fit
MW-04,20.03325282529062,193.73021550831643,6.850904280299655,0.2421000347236599,Lagging Darcy no-leakage,"Lagging
without leakage",0.2519689905878461,-0.03979389021012585,True,finite radius lagging Darcy limit without leakage
MW-04,20.03325282529062,193.73021550831643,6.850904280299655,0.2421000347236599,Lagging Darcy with leakage,Lagging leaky,0.2533654281677792,-0.045298902505415524,True,formal Lin and Yeh lagging leaky finite radius fit
MW-04,20.03325282529062,193.73021550831643,7.439433614169488,0.2619797701392082,Theis confined,Theis,0.2247729999510935,0.15254704009220985,True,infinite line source confined fit
MW-04,20.03325282529062,193.73021550831643,7.439433614169488,0.2619797701392082,Hantush-Jacob leaky,Hantush leaky,0.22476823711365934,0.1525681360056873,True,conventional Hantush-Jacob leaky fit
MW-04,20.03325282529062,193.73021550831643,7.439433614169488,0.2619797701392082,Lagging Darcy no-leakage,"Lagging
without leakage",0.2687999760977546,-0.025603745584676516,True,finite radius lagging Darcy limit without leakage
MW-04,20.03325282529062,193.73021550831643,7.439433614169488,0.2619797701392082,Lagging Darcy with leakage,Lagging leaky,0.27006233767902194,-0.03027171316659786,True,formal Lin and Yeh lagging leaky finite radius fit
MW-04,20.03325282529062,193.73021550831643,7.96836761194283,0.276126936254489,Theis confined,Theis,0.2335998690989191,0.16659427660392803,True,infinite line source confined fit
MW-04,20.03325282529062,193.73021550831643,7.96836761194283,0.276126936254489,Hantush-Jacob leaky,Hantush leaky,0.23359472555446378,0.1666162015984364,True,conventional Hantush-Jacob leaky fit
MW-04,20.03325282529062,193.73021550831643,7.96836761194283,0.276126936254489,Lagging Darcy no-leakage,"Lagging
without leakage",0.2831660587791142,-0.02508312644601551,True,finite radius lagging Darcy limit without leakage
MW-04,20.03325282529062,193.73021550831643,7.96836761194283,0.276126936254489,Lagging Darcy with leakage,Lagging leaky,0.284293723980336,-0.02904360516409525,True,formal Lin and Yeh lagging leaky finite radius fit
MW-04,20.03325282529062,193.73021550831643,8.535131747861813,0.2761028216472062,Theis confined,Theis,0.24250934997443413,0.12923329455525745,True,infinite line source confined fit
MW-04,20.03325282529062,193.73021550831643,8.535131747861813,0.2761028216472062,Hantush-Jacob leaky,Hantush leaky,0.24250381814035,0.12925601194544947,True,conventional Hantush-Jacob leaky fit
MW-04,20.03325282529062,193.73021550831643,8.535131747861813,0.2761028216472062,Lagging Darcy no-leakage,"Lagging
without leakage",0.2978299246946572,-0.07548596323153646,True,finite radius lagging Darcy limit without leakage
MW-04,20.03325282529062,193.73021550831643,8.535131747861813,0.2761028216472062,Lagging Darcy with leakage,Lagging leaky,0.29880273457351186,-0.07873607235981774,True,formal Lin and Yeh lagging leaky finite radius fit
MW-05,17.354672008507535,192.2303948891566,0.2335925922747143,0.0040996105049567,Theis confined,Theis,0.0018518694828541654,0.5811894271069481,True,infinite line source confined fit
MW-05,17.354672008507535,192.2303948891566,0.2335925922747143,0.0040996105049567,Hantush-Jacob leaky,Hantush leaky,0.0018518494008340244,0.5811964688355292,True,conventional Hantush-Jacob leaky fit
MW-05,17.354672008507535,192.2303948891566,0.2335925922747143,0.0040996105049567,Lagging Darcy no-leakage,"Lagging
without leakage",0.0035603330259655,0.11176851236713956,True,finite radius lagging Darcy limit without leakage
MW-05,17.354672008507535,192.2303948891566,0.2335925922747143,0.0040996105049567,Lagging Darcy with leakage,Lagging leaky,0.004100795659168615,-0.00023237392671994746,True,formal Lin and Yeh lagging leaky finite radius fit
MW-05,17.354672008507535,192.2303948891566,0.3936010253936651,0.0100322057376973,Theis confined,Theis,0.008986429555118311,0.09959166260486316,True,infinite line source confined fit
MW-05,17.354672008507535,192.2303948891566,0.3936010253936651,0.0100322057376973,Hantush-Jacob leaky,Hantush leaky,0.008986373543532312,0.09959727139054252,True,conventional Hantush-Jacob leaky fit
MW-05,17.354672008507535,192.2303948891566,0.3936010253936651,0.0100322057376973,Lagging Darcy no-leakage,"Lagging
without leakage",0.0100724791325446,-0.003643882701410584,True,finite radius lagging Darcy limit without leakage
MW-05,17.354672008507535,192.2303948891566,0.3936010253936651,0.0100322057376973,Lagging Darcy with leakage,Lagging leaky,0.00985282161448159,0.016393686680137867,True,formal Lin and Yeh lagging leaky finite radius fit
MW-05,17.354672008507535,192.2303948891566,0.5548277193782015,0.016110807352674,Theis confined,Theis,0.018957742352662992,-0.15390688309865666,True,infinite line source confined fit
MW-05,17.354672008507535,192.2303948891566,0.5548277193782015,0.016110807352674,Hantush-Jacob leaky,Hantush leaky,0.018957662561082333,-0.1539028850642722,True,conventional Hantush-Jacob leaky fit
MW-05,17.354672008507535,192.2303948891566,0.5548277193782015,0.016110807352674,Lagging Darcy no-leakage,"Lagging
without leakage",0.0172131905236011,-0.06243581281599741,True,finite radius lagging Darcy limit without leakage
MW-05,17.354672008507535,192.2303948891566,0.5548277193782015,0.016110807352674,Lagging Darcy with leakage,Lagging leaky,0.016336723511407712,-0.013116725181849927,True,formal Lin and Yeh lagging leaky finite radius fit
MW-05,17.354672008507535,192.2303948891566,0.7402846842629806,0.0245464999679223,Theis confined,Theis,0.03129761364814199,-0.23449302692760457,True,infinite line source confined fit
MW-05,17.354672008507535,192.2303948891566,0.7402846842629806,0.0245464999679223,Hantush-Jacob leaky,Hantush leaky,0.03129752198361808,-0.23449018880293715,True,conventional Hantush-Jacob leaky fit
MW-05,17.354672008507535,192.2303948891566,0.7402846842629806,0.0245464999679223,Lagging Darcy no-leakage,"Lagging
without leakage",0.0259607642505943,-0.05388231350708991,True,finite radius lagging Darcy limit without leakage
MW-05,17.354672008507535,192.2303948891566,0.7402846842629806,0.0245464999679223,Lagging Darcy with leakage,Lagging leaky,0.024608354398458925,-0.0024183222275950436,True,formal Lin and Yeh lagging leaky finite radius fit
MW-05,17.354672008507535,192.2303948891566,0.8729137442554922,0.0302980259060257,Theis confined,Theis,0.04002183851720789,-0.27054954619746274,True,infinite line source confined fit
MW-05,17.354672008507535,192.2303948891566,0.8729137442554922,0.0302980259060257,Hantush-Jacob leaky,Hantush leaky,0.04002174528806711,-0.27054727352392843,True,conventional Hantush-Jacob leaky fit
MW-05,17.354672008507535,192.2303948891566,0.8729137442554922,0.0302980259060257,Lagging Darcy no-leakage,"Lagging
without leakage",0.0325025263404612,-0.06806582367360786,True,finite radius lagging Darcy limit without leakage
MW-05,17.354672008507535,192.2303948891566,0.8729137442554922,0.0302980259060257,Lagging Darcy with leakage,Lagging leaky,0.030946325106859008,-0.020502128616532937,True,formal Lin and Yeh lagging leaky finite radius fit
MW-05,17.354672008507535,192.2303948891566,1.057940593140254,0.0408277545944082,Theis confined,Theis,0.05169124407134068,-0.23088919038753694,True,infinite line source confined fit
MW-05,17.354672008507535,192.2303948891566,1.057940593140254,0.0408277545944082,Hantush-Jacob leaky,Hantush leaky,0.05169115470735875,-0.2308874943930832,True,conventional Hantush-Jacob leaky fit
MW-05,17.354672008507535,192.2303948891566,1.057940593140254,0.0408277545944082,Lagging Darcy no-leakage,"Lagging
without leakage",0.0419040633151365,-0.025406432717226445,True,finite radius lagging Darcy limit without leakage
MW-05,17.354672008507535,192.2303948891566,1.057940593140254,0.0408277545944082,Lagging Darcy with leakage,Lagging leaky,0.040193822390569935,0.015271801565417381,True,formal Lin and Yeh lagging leaky finite radius fit
MW-05,17.354672008507535,192.2303948891566,1.213682492848571,0.0486567159313581,Theis confined,Theis,0.06096582205880659,-0.22144932910181064,True,infinite line source confined fit
MW-05,17.354672008507535,192.2303948891566,1.213682492848571,0.0486567159313581,Hantush-Jacob leaky,Hantush leaky,0.060965739441108266,-0.2214479958224212,True,conventional Hantush-Jacob leaky fit
MW-05,17.354672008507535,192.2303948891566,1.213682492848571,0.0486567159313581,Lagging Darcy no-leakage,"Lagging
without leakage",0.0499656073274512,-0.026017392279609905,True,finite radius lagging Darcy limit without leakage
MW-05,17.354672008507535,192.2303948891566,1.213682492848571,0.0486567159313581,Lagging Darcy with leakage,Lagging leaky,0.04820866661923551,0.009063888046189513,True,formal Lin and Yeh lagging leaky finite radius fit
MW-05,17.354672008507535,192.2303948891566,1.4311440325309976,0.0584962568235812,Theis confined,Theis,0.07306273680922072,-0.218999128703829,True,infinite line source confined fit
MW-05,17.354672008507535,192.2303948891566,1.4311440325309976,0.0584962568235812,Hantush-Jacob leaky,Hantush leaky,0.07306266675340005,-0.21899818280503006,True,conventional Hantush-Jacob leaky fit
MW-05,17.354672008507535,192.2303948891566,1.4311440325309976,0.0584962568235812,Lagging Darcy no-leakage,"Lagging
without leakage",0.0612984760477899,-0.046023563937432385,True,finite radius lagging Darcy limit without leakage
MW-05,17.354672008507535,192.2303948891566,1.4311440325309976,0.0584962568235812,Lagging Darcy with leakage,Lagging leaky,0.05956164475887895,-0.017748367878269306,True,formal Lin and Yeh lagging leaky finite radius fit
MW-05,17.354672008507535,192.2303948891566,1.6418404191313851,0.0684997613167065,Theis confined,Theis,0.0838933895165124,-0.2000729100167222,True,infinite line source confined fit
MW-05,17.354672008507535,192.2303948891566,1.6418404191313851,0.0684997613167065,Hantush-Jacob leaky,Hantush leaky,0.08389333360003179,-0.20007225134942971,True,conventional Hantush-Jacob leaky fit
MW-05,17.354672008507535,192.2303948891566,1.6418404191313851,0.0684997613167065,Lagging Darcy no-leakage,"Lagging
without leakage",0.0722338689560656,-0.052334686342727865,True,finite radius lagging Darcy limit without leakage
MW-05,17.354672008507535,192.2303948891566,1.6418404191313851,0.0684997613167065,Lagging Darcy with leakage,Lagging leaky,0.07058007239672061,-0.02949339847441139,True,formal Lin and Yeh lagging leaky finite radius fit
MW-05,17.354672008507535,192.2303948891566,1.7345262612086343,0.0761055989766672,Theis confined,Theis,0.08840274296930034,-0.14797546608797887,True,infinite line source confined fit
MW-05,17.354672008507535,192.2303948891566,1.7345262612086343,0.0761055989766672,Hantush-Jacob leaky,Hantush leaky,0.08840269361808858,-0.14797491407778618,True,conventional Hantush-Jacob leaky fit
MW-05,17.354672008507535,192.2303948891566,1.7345262612086343,0.0761055989766672,Lagging Darcy no-leakage,"Lagging
without leakage",0.0770036231725591,-0.011579378936993108,True,finite radius lagging Darcy limit without leakage
MW-05,17.354672008507535,192.2303948891566,1.7345262612086343,0.0761055989766672,Lagging Darcy with leakage,Lagging leaky,0.07540014571880312,0.009191294119199589,True,formal Lin and Yeh lagging leaky finite radius fit
MW-05,17.354672008507535,192.2303948891566,1.935966423663216,0.0868067083598114,Theis confined,Theis,0.09771328136193476,-0.11708159759259314,True,infinite line source confined fit
MW-05,17.354672008507535,192.2303948891566,1.935966423663216,0.0868067083598114,Hantush-Jacob leaky,Hantush leaky,0.09771324666174247,-0.1170812460674699,True,conventional Hantush-Jacob leaky fit
MW-05,17.354672008507535,192.2303948891566,1.935966423663216,0.0868067083598114,Lagging Darcy no-leakage,"Lagging
without leakage",0.0872458672064882,-0.004988961463844538,True,finite radius lagging Darcy limit without leakage
MW-05,17.354672008507535,192.2303948891566,1.935966423663216,0.0868067083598114,Lagging Darcy with leakage,Lagging leaky,0.08577236825666412,0.011849669802473943,True,formal Lin and Yeh lagging leaky finite radius fit
MW-05,17.354672008507535,192.2303948891566,2.10230383862145,0.0914927581485894,Theis confined,Theis,0.10493793931869166,-0.1357230933592569,True,infinite line source confined fit
MW-05,17.354672008507535,192.2303948891566,2.10230383862145,0.0914927581485894,Hantush-Jacob leaky,Hantush leaky,0.1049379168961935,-0.1357228817023125,True,conventional Hantush-Jacob leaky fit
MW-05,17.354672008507535,192.2303948891566,2.10230383862145,0.0914927581485894,Lagging Darcy no-leakage,"Lagging
without leakage",0.0955499041476246,-0.042929664931542134,True,finite radius lagging Darcy limit without leakage
MW-05,17.354672008507535,192.2303948891566,2.10230383862145,0.0914927581485894,Lagging Darcy with leakage,Lagging leaky,0.09419931607657349,-0.028842406533892737,True,formal Lin and Yeh lagging leaky finite radius fit
MW-05,17.354672008507535,192.2303948891566,2.282843174167529,0.1043610816929935,Theis confined,Theis,0.11235247096640687,-0.07310885213444504,True,infinite line source confined fit
MW-05,17.354672008507535,192.2303948891566,2.282843174167529,0.1043610816929935,Hantush-Jacob leaky,Hantush leaky,0.11235246187501254,-0.07310877192980007,True,conventional Hantush-Jacob leaky fit
MW-05,17.354672008507535,192.2303948891566,2.282843174167529,0.1043610816929935,Lagging Darcy no-leakage,"Lagging
without leakage",0.1043847658852515,-0.00022476544738477745,True,finite radius lagging Darcy limit without leakage
MW-05,17.354672008507535,192.2303948891566,2.282843174167529,0.1043610816929935,Lagging Darcy with leakage,Lagging leaky,0.10317839715135987,0.011288537199382675,True,formal Lin and Yeh lagging leaky finite radius fit
MW-05,17.354672008507535,192.2303948891566,2.4117467585057977,0.1129345039482725,Theis confined,Theis,0.11739797030157963,-0.03842782305861133,True,infinite line source confined fit
MW-05,17.354672008507535,192.2303948891566,2.4117467585057977,0.1129345039482725,Hantush-Jacob leaky,Hantush leaky,0.11739797066632121,-0.03842782613925189,True,conventional Hantush-Jacob leaky fit
MW-05,17.354672008507535,192.2303948891566,2.4117467585057977,0.1129345039482725,Lagging Darcy no-leakage,"Lagging
without leakage",0.1105719163461865,0.02095438388556821,True,finite radius lagging Darcy limit without leakage
MW-05,17.354672008507535,192.2303948891566,2.4117467585057977,0.1129345039482725,Lagging Darcy with leakage,Lagging leaky,0.10947334158716197,0.03084951727436335,True,formal Lin and Yeh lagging leaky finite radius fit
MW-05,17.354672008507535,192.2303948891566,2.655167050630385,0.1222058420298216,Theis confined,Theis,0.12641631214057203,-0.033603304673400294,True,infinite line source confined fit
MW-05,17.354672008507535,192.2303948891566,2.655167050630385,0.1222058420298216,Hantush-Jacob leaky,Hantush leaky,0.1264163301090532,-0.03360344569521775,True,conventional Hantush-Jacob leaky fit
MW-05,17.354672008507535,192.2303948891566,2.655167050630385,0.1222058420298216,Lagging Darcy no-leakage,"Lagging
without leakage",0.1219702884735639,0.0019136999810987212,True,finite radius lagging Darcy limit without leakage
MW-05,17.354672008507535,192.2303948891566,2.655167050630385,0.1222058420298216,Lagging Darcy with leakage,Lagging leaky,0.1210822811350484,0.009161216111394973,True,formal Lin and Yeh lagging leaky finite radius fit
MW-05,17.354672008507535,192.2303948891566,3.0046116281188078,0.1322336894133303,Theis confined,Theis,0.13833769019489117,-0.04479576305906786,True,infinite line source confined fit
MW-05,17.354672008507535,192.2303948891566,3.0046116281188078,0.1322336894133303,Hantush-Jacob leaky,Hantush leaky,0.13833773266472765,-0.0447960678569294,True,conventional Hantush-Jacob leaky fit
MW-05,17.354672008507535,192.2303948891566,3.0046116281188078,0.1322336894133303,Lagging Darcy no-leakage,"Lagging
without leakage",0.1376712650261497,-0.04000148263957628,True,finite radius lagging Darcy limit without leakage
MW-05,17.354672008507535,192.2303948891566,3.0046116281188078,0.1322336894133303,Lagging Darcy with leakage,Lagging leaky,0.13709357641657263,-0.03582689568321127,True,formal Lin and Yeh lagging leaky finite radius fit
MW-05,17.354672008507535,192.2303948891566,3.307783766104396,0.1508295311907924,Theis confined,Theis,0.147839933785231,0.0198869275586656,True,infinite line source confined fit
MW-05,17.354672008507535,192.2303948891566,3.307783766104396,0.1508295311907924,Hantush-Jacob leaky,Hantush leaky,0.14783999666550607,0.01988650508964006,True,conventional Hantush-Jacob leaky fit
MW-05,17.354672008507535,192.2303948891566,3.307783766104396,0.1508295311907924,Lagging Darcy no-leakage,"Lagging
without leakage",0.1506687268896702,0.001059672086334683,True,finite radius lagging Darcy limit without leakage
MW-05,17.354672008507535,192.2303948891566,3.307783766104396,0.1508295311907924,Lagging Darcy with leakage,Lagging leaky,0.15036179194235608,0.0030854419887347004,True,formal Lin and Yeh lagging leaky finite radius fit
MW-05,17.354672008507535,192.2303948891566,3.743020677483075,0.1720344706222984,Theis confined,Theis,0.16033327567122405,0.07001856616302943,True,infinite line source confined fit
MW-05,17.354672008507535,192.2303948891566,3.743020677483075,0.1720344706222984,Hantush-Jacob leaky,Hantush leaky,0.16033336642159557,0.07001800366068377,True,conventional Hantush-Jacob leaky fit
MW-05,17.354672008507535,192.2303948891566,3.743020677483075,0.1720344706222984,Lagging Darcy no-leakage,"Lagging
without leakage",0.1683575346797116,0.021478756766748836,True,finite radius lagging Darcy limit without leakage
MW-05,17.354672008507535,192.2303948891566,3.743020677483075,0.1720344706222984,Lagging Darcy with leakage,Lagging leaky,0.16843484791469773,0.021022351957784985,True,formal Lin and Yeh lagging leaky finite radius fit
MW-05,17.354672008507535,192.2303948891566,4.064566180945249,0.1861608616499942,Theis confined,Theis,0.1688206834954419,0.09722539241618672,True,infinite line source confined fit
MW-05,17.354672008507535,192.2303948891566,4.064566180945249,0.1861608616499942,Hantush-Jacob leaky,Hantush leaky,0.16882079377412565,0.09722474303328657,True,conventional Hantush-Jacob leaky fit
MW-05,17.354672008507535,192.2303948891566,4.064566180945249,0.1861608616499942,Lagging Darcy no-leakage,"Lagging
without leakage",0.1807338159702371,0.029425402909246248,True,finite radius lagging Darcy limit without leakage
MW-05,17.354672008507535,192.2303948891566,4.064566180945249,0.1861608616499942,Lagging Darcy with leakage,Lagging leaky,0.18108887030122245,0.027473603545992722,True,formal Lin and Yeh lagging leaky finite radius fit
MW-05,17.354672008507535,192.2303948891566,4.536725675992031,0.2014401859829677,Theis confined,Theis,0.1803189207411121,0.11018699123014097,True,infinite line source confined fit
MW-05,17.354672008507535,192.2303948891566,4.536725675992031,0.2014401859829677,Hantush-Jacob leaky,Hantush leaky,0.18031905814966817,0.11018623340242263,True,conventional Hantush-Jacob leaky fit
MW-05,17.354672008507535,192.2303948891566,4.536725675992031,0.2014401859829677,Lagging Darcy no-leakage,"Lagging
without leakage",0.1979248224025588,0.017517488574803387,True,finite radius lagging Darcy limit without leakage
MW-05,17.354672008507535,192.2303948891566,4.536725675992031,0.2014401859829677,Lagging Darcy with leakage,Lagging leaky,0.1986758240355437,0.01374929337323104,True,formal Lin and Yeh lagging leaky finite radius fit
MW-05,17.354672008507535,192.2303948891566,4.792960333083676,0.2123218634231185,Theis confined,Theis,0.18613944708051194,0.13094807576939688,True,infinite line source confined fit
MW-05,17.354672008507535,192.2303948891566,4.792960333083676,0.2123218634231185,Hantush-Jacob leaky,Hantush leaky,0.18613959849869585,0.13094726665018128,True,conventional Hantush-Jacob leaky fit
MW-05,17.354672008507535,192.2303948891566,4.792960333083676,0.2123218634231185,Lagging Darcy no-leakage,"Lagging
without leakage",0.2068000655359587,0.026225726991023678,True,finite radius lagging Darcy limit without leakage
MW-05,17.354672008507535,192.2303948891566,4.792960333083676,0.2123218634231185,Lagging Darcy with leakage,Lagging leaky,0.20775957149287932,0.02161890689336188,True,formal Lin and Yeh lagging leaky finite radius fit
MW-05,17.354672008507535,192.2303948891566,5.276719169000438,0.2297523891621955,Theis confined,Theis,0.19643341873118964,0.15594382007343516,True,infinite line source confined fit
MW-05,17.354672008507535,192.2303948891566,5.276719169000438,0.2297523891621955,Hantush-Jacob leaky,Hantush leaky,0.19643359532181476,0.15594292564255682,True,conventional Hantush-Jacob leaky fit
MW-05,17.354672008507535,192.2303948891566,5.276719169000438,0.2297523891621955,Lagging Darcy no-leakage,"Lagging
without leakage",0.2227590259330877,0.030775531521256397,True,finite radius lagging Darcy limit without leakage
MW-05,17.354672008507535,192.2303948891566,5.276719169000438,0.2297523891621955,Lagging Darcy with leakage,Lagging leaky,0.22409970066238238,0.02480180911495349,True,formal Lin and Yeh lagging leaky finite radius fit
MW-05,17.354672008507535,192.2303948891566,5.7301677110379465,0.2358598372299713,Theis confined,Theis,0.20536073561152582,0.13784278102354286,True,infinite line source confined fit
MW-05,17.354672008507535,192.2303948891566,5.7301677110379465,0.2358598372299713,Hantush-Jacob leaky,Hantush leaky,0.20536093441381933,0.13784181765133363,True,conventional Hantush-Jacob leaky fit
MW-05,17.354672008507535,192.2303948891566,5.7301677110379465,0.2358598372299713,Lagging Darcy no-leakage,"Lagging
without leakage",0.2368511585386255,-0.004176531651858217,True,finite radius lagging Darcy limit without leakage
MW-05,17.354672008507535,192.2303948891566,5.7301677110379465,0.2358598372299713,Lagging Darcy with leakage,Lagging leaky,0.23853451937734263,-0.011228975383160212,True,formal Lin and Yeh lagging leaky finite radius fit
MW-05,17.354672008507535,192.2303948891566,6.137575139143533,0.2485965011923929,Theis confined,Theis,0.21286520855713548,0.15449966872120655,True,infinite line source confined fit
MW-05,17.354672008507535,192.2303948891566,6.137575139143533,0.2485965011923929,Hantush-Jacob leaky,Hantush leaky,0.21286542628059069,0.15449865068117152,True,conventional Hantush-Jacob leaky fit
MW-05,17.354672008507535,192.2303948891566,6.137575139143533,0.2485965011923929,Lagging Darcy no-leakage,"Lagging
without leakage",0.2488640507677486,-0.001071354283723859,True,finite radius lagging Darcy limit without leakage
MW-05,17.354672008507535,192.2303948891566,6.137575139143533,0.2485965011923929,Lagging Darcy with leakage,Lagging leaky,0.2508436893926508,-0.008962996131844373,True,formal Lin and Yeh lagging leaky finite radius fit
MW-05,17.354672008507535,192.2303948891566,6.573948702421037,0.2620209575776229,Theis confined,Theis,0.22042649423699887,0.1721430356610747,True,infinite line source confined fit
MW-05,17.354672008507535,192.2303948891566,6.573948702421037,0.2620209575776229,Hantush-Jacob leaky,Hantush leaky,0.22042673123731227,0.17214196532761075,True,conventional Hantush-Jacob leaky fit
MW-05,17.354672008507535,192.2303948891566,6.573948702421037,0.2620209575776229,Lagging Darcy no-leakage,"Lagging
without leakage",0.2611108433388016,0.0034662351374207764,True,finite radius lagging Darcy limit without leakage
MW-05,17.354672008507535,192.2303948891566,6.573948702421037,0.2620209575776229,Lagging Darcy with leakage,Lagging leaky,0.2633962062855015,-0.005215043874015101,True,formal Lin and Yeh lagging leaky finite radius fit
MW-05,17.354672008507535,192.2303948891566,7.237464682244226,0.283531521641074,Theis confined,Theis,0.2311010402482379,0.20367124889121918,True,infinite line source confined fit
MW-05,17.354672008507535,192.2303948891566,7.237464682244226,0.283531521641074,Hantush-Jacob leaky,Hantush leaky,0.2311013047954697,0.20367010909847735,True,conventional Hantush-Jacob leaky fit
MW-05,17.354672008507535,192.2303948891566,7.237464682244226,0.283531521641074,Lagging Darcy no-leakage,"Lagging
without leakage",0.2786253355038113,0.017393424413933444,True,finite radius lagging Darcy limit without leakage
MW-05,17.354672008507535,192.2303948891566,7.237464682244226,0.283531521641074,Lagging Darcy with leakage,Lagging leaky,0.2813539661445166,0.007682561129986041,True,formal Lin and Yeh lagging leaky finite radius fit
MW-05,17.354672008507535,192.2303948891566,7.752140507966496,0.2910736505780223,Theis confined,Theis,0.23878667871012685,0.1972563090882364,True,infinite line source confined fit
MW-05,17.354672008507535,192.2303948891566,7.752140507966496,0.2910736505780223,Hantush-Jacob leaky,Hantush leaky,0.23878696331264723,0.19725512219014435,True,conventional Hantush-Jacob leaky fit
MW-05,17.354672008507535,192.2303948891566,7.752140507966496,0.2910736505780223,Lagging Darcy no-leakage,"Lagging
without leakage",0.2913860209216906,-0.0010689201963561734,True,finite radius lagging Darcy limit without leakage
MW-05,17.354672008507535,192.2303948891566,7.752140507966496,0.2910736505780223,Lagging Darcy with leakage,Lagging leaky,0.29444181922583995,-0.01146592973719125,True,formal Lin and Yeh lagging leaky finite radius fit
MW-05,17.354672008507535,192.2303948891566,8.190196657281495,0.2910533144582056,Theis confined,Theis,0.2449696561811858,0.17172818989557503,True,infinite line source confined fit
MW-05,17.354672008507535,192.2303948891566,8.190196657281495,0.2910533144582056,Hantush-Jacob leaky,Hantush leaky,0.2449699570421216,0.1717269667335131,True,conventional Hantush-Jacob leaky fit
MW-05,17.354672008507535,192.2303948891566,8.190196657281495,0.2910533144582056,Lagging Darcy no-leakage,"Lagging
without leakage",0.3017361704210008,-0.03592533216239926,True,finite radius lagging Darcy limit without leakage
MW-05,17.354672008507535,192.2303948891566,8.190196657281495,0.2910533144582056,Lagging Darcy with leakage,Lagging leaky,0.3050598020250565,-0.04684414494970129,True,formal Lin and Yeh lagging leaky finite radius fit
MW-06,17.042475827018023,185.61220322932485,0.294980189083456,0.0073161407556857,Theis confined,Theis,0.004483121201927776,0.41652379452425153,True,infinite line source confined fit
MW-06,17.042475827018023,185.61220322932485,0.294980189083456,0.0073161407556857,Hantush-Jacob leaky,Hantush leaky,0.004483121549023859,0.41652373122160713,True,conventional Hantush-Jacob leaky fit
MW-06,17.042475827018023,185.61220322932485,0.294980189083456,0.0073161407556857,Lagging Darcy no-leakage,"Lagging
without leakage",0.0061817847709385,0.14665036823063093,True,finite radius lagging Darcy limit without leakage
MW-06,17.042475827018023,185.61220322932485,0.294980189083456,0.0073161407556857,Lagging Darcy with leakage,Lagging leaky,0.0069773128933709955,0.04159667113927837,True,formal Lin and Yeh lagging leaky finite radius fit
MW-06,17.042475827018023,185.61220322932485,0.4515124019085875,0.0137592338545959,Theis confined,Theis,0.01386781585399719,-0.0073299560117504855,True,infinite line source confined fit
MW-06,17.042475827018023,185.61220322932485,0.4515124019085875,0.0137592338545959,Hantush-Jacob leaky,Hantush leaky,0.013867816535909882,-0.007330001876770826,True,conventional Hantush-Jacob leaky fit
MW-06,17.042475827018023,185.61220322932485,0.4515124019085875,0.0137592338545959,Lagging Darcy no-leakage,"Lagging
without leakage",0.0146881837782951,-0.06103889244821722,True,finite radius lagging Darcy limit without leakage
MW-06,17.042475827018023,185.61220322932485,0.4515124019085875,0.0137592338545959,Lagging Darcy with leakage,Lagging leaky,0.01410468985773264,-0.023136371248732336,True,formal Lin and Yeh lagging leaky finite radius fit
MW-06,17.042475827018023,185.61220322932485,0.6192142687675718,0.0215224062613374,Theis confined,Theis,0.026197306259126554,-0.18860728627275178,True,infinite line source confined fit
MW-06,17.042475827018023,185.61220322932485,0.6192142687675718,0.0215224062613374,Hantush-Jacob leaky,Hantush leaky,0.026197307158191876,-0.18860731932989724,True,conventional Hantush-Jacob leaky fit
MW-06,17.042475827018023,185.61220322932485,0.6192142687675718,0.0215224062613374,Lagging Darcy no-leakage,"Lagging
without leakage",0.0246732819914238,-0.13094019236793283,True,finite radius lagging Darcy limit without leakage
MW-06,17.042475827018023,185.61220322932485,0.6192142687675718,0.0215224062613374,Lagging Darcy with leakage,Lagging leaky,0.023132896411953558,-0.06906525854859503,True,formal Lin and Yeh lagging leaky finite radius fit
MW-06,17.042475827018023,185.61220322932485,0.7820038211347733,0.0327939280601552,Theis confined,Theis,0.03861745540721511,-0.15898867109065515,True,infinite line source confined fit
MW-06,17.042475827018023,185.61220322932485,0.7820038211347733,0.0327939280601552,Hantush-Jacob leaky,Hantush leaky,0.03861745640071699,-0.15898869616803224,True,conventional Hantush-Jacob leaky fit
MW-06,17.042475827018023,185.61220322932485,0.7820038211347733,0.0327939280601552,Lagging Darcy no-leakage,"Lagging
without leakage",0.034752628025378,-0.056342634477057604,True,finite radius lagging Darcy limit without leakage
MW-06,17.042475827018023,185.61220322932485,0.7820038211347733,0.0327939280601552,Lagging Darcy with leakage,Lagging leaky,0.032765556908502816,0.0008398866075820251,True,formal Lin and Yeh lagging leaky finite radius fit
MW-06,17.042475827018023,185.61220322932485,0.9741496741830648,0.0461726945588318,Theis confined,Theis,0.05288917740539936,-0.13311444741818965,True,infinite line source confined fit
MW-06,17.042475827018023,185.61220322932485,0.9741496741830648,0.0461726945588318,Hantush-Jacob leaky,Hantush leaky,0.05288917841435937,-0.13311446614105849,True,conventional Hantush-Jacob leaky fit
MW-06,17.042475827018023,185.61220322932485,0.9741496741830648,0.0461726945588318,Lagging Darcy no-leakage,"Lagging
without leakage",0.0468316486773992,-0.013872306540161607,True,finite radius lagging Darcy limit without leakage
MW-06,17.042475827018023,185.61220322932485,0.9741496741830648,0.0461726945588318,Lagging Darcy with leakage,Lagging leaky,0.04469018306845045,0.031931757765276125,True,formal Lin and Yeh lagging leaky finite radius fit
MW-06,17.042475827018023,185.61220322932485,1.1487230220864526,0.052661297660028,Theis confined,Theis,0.06517540312016534,-0.2096168121138962,True,infinite line source confined fit
MW-06,17.042475827018023,185.61220322932485,1.1487230220864526,0.052661297660028,Hantush-Jacob leaky,Hantush leaky,0.06517540408716871,-0.2096168267266271,True,conventional Hantush-Jacob leaky fit
MW-06,17.042475827018023,185.61220322932485,1.1487230220864526,0.052661297660028,Lagging Darcy no-leakage,"Lagging
without leakage",0.0577833805539611,-0.09116714360352644,True,finite radius lagging Darcy limit without leakage
MW-06,17.042475827018023,185.61220322932485,1.1487230220864526,0.052661297660028,Lagging Darcy with leakage,Lagging leaky,0.05569281538033945,-0.05495546212646419,True,formal Lin and Yeh lagging leaky finite radius fit
MW-06,17.042475827018023,185.61220322932485,1.3545099602462338,0.0667353260792802,Theis confined,Theis,0.07872877523009013,-0.1630227178623269,True,infinite line source confined fit
MW-06,17.042475827018023,185.61220322932485,1.3545099602462338,0.0667353260792802,Hantush-Jacob leaky,Hantush leaky,0.07872877610688168,-0.16302272885950517,True,conventional Hantush-Jacob leaky fit
MW-06,17.042475827018023,185.61220322932485,1.3545099602462338,0.0667353260792802,Lagging Darcy no-leakage,"Lagging
without leakage",0.070496360219669,-0.05403869532033329,True,finite radius lagging Darcy limit without leakage
MW-06,17.042475827018023,185.61220322932485,1.3545099602462338,0.0667353260792802,Lagging Darcy with leakage,Lagging leaky,0.06857875052116091,-0.02685136505494598,True,formal Lin and Yeh lagging leaky finite radius fit
MW-06,17.042475827018023,185.61220322932485,1.5327157788859214,0.0781491672283398,Theis confined,Theis,0.0896747450349038,-0.13594460847276355,True,infinite line source confined fit
MW-06,17.042475827018023,185.61220322932485,1.5327157788859214,0.0781491672283398,Hantush-Jacob leaky,Hantush leaky,0.0896747458154956,-0.13594461708146485,True,conventional Hantush-Jacob leaky fit
MW-06,17.042475827018023,185.61220322932485,1.5327157788859214,0.0781491672283398,Lagging Darcy no-leakage,"Lagging
without leakage",0.0812433375290313,-0.03834811884237666,True,finite radius lagging Darcy limit without leakage
MW-06,17.042475827018023,185.61220322932485,1.5327157788859214,0.0781491672283398,Lagging Darcy with leakage,Lagging leaky,0.0795185751748138,-0.017153640483959467,True,formal Lin and Yeh lagging leaky finite radius fit
MW-06,17.042475827018023,185.61220322932485,1.7107185698499143,0.0891376200880101,Theis confined,Theis,0.0999290697752019,-0.11308037615629034,True,infinite line source confined fit
MW-06,17.042475827018023,185.61220322932485,1.7107185698499143,0.0891376200880101,Hantush-Jacob leaky,Hantush leaky,0.09992907044494112,-0.11308038279203192,True,conventional Hantush-Jacob leaky fit
MW-06,17.042475827018023,185.61220322932485,1.7107185698499143,0.0891376200880101,Lagging Darcy no-leakage,"Lagging
without leakage",0.0916860971342689,-0.02788086982974263,True,finite radius lagging Darcy limit without leakage
MW-06,17.042475827018023,185.61220322932485,1.7107185698499143,0.0891376200880101,Lagging Darcy with leakage,Lagging leaky,0.09016607406391143,-0.011345218441969993,True,formal Lin and Yeh lagging leaky finite radius fit
MW-06,17.042475827018023,185.61220322932485,1.88333395929303,0.1016729209400868,Theis confined,Theis,0.10928080183554986,-0.0714814463378688,True,infinite line source confined fit
MW-06,17.042475827018023,185.61220322932485,1.88333395929303,0.1016729209400868,Hantush-Jacob leaky,Hantush leaky,0.10928080239131055,-0.07148145137737408,True,conventional Hantush-Jacob leaky fit
MW-06,17.042475827018023,185.61220322932485,1.88333395929303,0.1016729209400868,Lagging Darcy no-leakage,"Lagging
without leakage",0.1015111912811083,0.0015764348488896379,True,finite radius lagging Darcy limit without leakage
MW-06,17.042475827018023,185.61220322932485,1.88333395929303,0.1016729209400868,Lagging Darcy with leakage,Lagging leaky,0.10018826877284592,0.014565581780578242,True,formal Lin and Yeh lagging leaky finite radius fit
MW-06,17.042475827018023,185.61220322932485,2.01718368787555,0.1129601511323862,Theis confined,Theis,0.11616527329600033,-0.027736694484530335,True,infinite line source confined fit
MW-06,17.042475827018023,185.61220322932485,2.01718368787555,0.1129601511323862,Hantush-Jacob leaky,Hantush leaky,0.11616527376091686,-0.027736698452570603,True,conventional Hantush-Jacob leaky fit
MW-06,17.042475827018023,185.61220322932485,2.01718368787555,0.1129601511323862,Lagging Darcy no-leakage,"Lagging
without leakage",0.1089191370101722,0.036103858445565254,True,finite radius lagging Darcy limit without leakage
MW-06,17.042475827018023,185.61220322932485,2.01718368787555,0.1129601511323862,Lagging Darcy with leakage,Lagging leaky,0.10774377740502031,0.046854386749315274,True,formal Lin and Yeh lagging leaky finite radius fit
MW-06,17.042475827018023,185.61220322932485,2.282603939039181,0.1288410807091418,Theis confined,Theis,0.12896522421895365,-0.0009556620983040177,True,infinite line source confined fit
MW-06,17.042475827018023,185.61220322932485,2.282603939039181,0.1288410807091418,Hantush-Jacob leaky,Hantush leaky,0.12896522450118622,-0.0009556642699047927,True,conventional Hantush-Jacob leaky fit
MW-06,17.042475827018023,185.61220322932485,2.282603939039181,0.1288410807091418,Lagging Darcy no-leakage,"Lagging
without leakage",0.1230635833296143,0.045517043591857036,True,finite radius lagging Darcy limit without leakage
MW-06,17.042475827018023,185.61220322932485,2.282603939039181,0.1288410807091418,Lagging Darcy with leakage,Lagging leaky,0.12216128680539147,0.05281647532015522,True,formal Lin and Yeh lagging leaky finite radius fit
MW-06,17.042475827018023,185.61220322932485,2.547762156489556,0.1394158311809514,Theis confined,Theis,0.14075321887252026,-0.009479407511294259,True,infinite line source confined fit
MW-06,17.042475827018023,185.61220322932485,2.547762156489556,0.1394158311809514,Hantush-Jacob leaky,Hantush leaky,0.140753218972563,-0.009479408217046995,True,conventional Hantush-Jacob leaky fit
MW-06,17.042475827018023,185.61220322932485,2.547762156489556,0.1394158311809514,Lagging Darcy no-leakage,"Lagging
without leakage",0.1364871362483063,0.021077884761770273,True,finite radius lagging Darcy limit without leakage
MW-06,17.042475827018023,185.61220322932485,2.547762156489556,0.1394158311809514,Lagging Darcy with leakage,Lagging leaky,0.13582895820735125,0.025876577345041174,True,formal Lin and Yeh lagging leaky finite radius fit
MW-06,17.042475827018023,185.61220322932485,2.7288689635891803,0.1508664194277089,Theis confined,Theis,0.14830071219937666,0.017038840112620364,True,infinite line source confined fit
MW-06,17.042475827018023,185.61220322932485,2.7288689635891803,0.1508664194277089,Hantush-Jacob leaky,Hantush leaky,0.1483007121765691,0.01703884026538287,True,conventional Hantush-Jacob leaky fit
MW-06,17.042475827018023,185.61220322932485,2.7288689635891803,0.1508664194277089,Lagging Darcy no-leakage,"Lagging
without leakage",0.1452666789497494,0.037569791193148974,True,finite radius lagging Darcy limit without leakage
MW-06,17.042475827018023,185.61220322932485,2.7288689635891803,0.1508664194277089,Lagging Darcy with leakage,Lagging leaky,0.14475909154676356,0.04104611393889784,True,formal Lin and Yeh lagging leaky finite radius fit
MW-06,17.042475827018023,185.61220322932485,3.0042573968505524,0.1676090157325658,Theis confined,Theis,0.15908676811462213,0.0518665492756274,True,infinite line source confined fit
MW-06,17.042475827018023,185.61220322932485,3.0042573968505524,0.1676090157325658,Hantush-Jacob leaky,Hantush leaky,0.15908676790872253,0.05186655056180227,True,conventional Hantush-Jacob leaky fit
MW-06,17.042475827018023,185.61220322932485,3.0042573968505524,0.1676090157325658,Lagging Darcy no-leakage,"Lagging
without leakage",0.1580450557666931,0.05839498655345686,True,finite radius lagging Darcy limit without leakage
MW-06,17.042475827018023,185.61220322932485,3.0042573968505524,0.1676090157325658,Lagging Darcy with leakage,Lagging leaky,0.1577434617361479,0.0602930672233403,True,formal Lin and Yeh lagging leaky finite radius fit
MW-06,17.042475827018023,185.61220322932485,3.3532902687724486,0.1766508110170435,Theis confined,Theis,0.1717097897709293,0.028207217591069055,True,infinite line source confined fit
MW-06,17.042475827018023,185.61220322932485,3.3532902687724486,0.1766508110170435,Hantush-Jacob leaky,Hantush leaky,0.17170978934063963,0.02820722008247194,True,conventional Hantush-Jacob leaky fit
MW-06,17.042475827018023,185.61220322932485,3.3532902687724486,0.1766508110170435,Lagging Darcy no-leakage,"Lagging
without leakage",0.1733179852467801,0.018938754924982953,True,finite radius lagging Darcy limit without leakage
MW-06,17.042475827018023,185.61220322932485,3.3532902687724486,0.1766508110170435,Lagging Darcy with leakage,Lagging leaky,0.17324262352902065,0.019371171652727594,True,formal Lin and Yeh lagging leaky finite radius fit
MW-06,17.042475827018023,185.61220322932485,3.641355844849439,0.1911562669454957,Theis confined,Theis,0.18136453925217727,0.052301284594635976,True,infinite line source confined fit
MW-06,17.042475827018023,185.61220322932485,3.641355844849439,0.1911562669454957,Hantush-Jacob leaky,Hantush leaky,0.18136453864365581,0.052301287931477036,True,conventional Hantush-Jacob leaky fit
MW-06,17.042475827018023,185.61220322932485,3.641355844849439,0.1911562669454957,Lagging Darcy no-leakage,"Lagging
without leakage",0.1852106312148031,0.03143047245105844,True,finite radius lagging Darcy limit without leakage
MW-06,17.042475827018023,185.61220322932485,3.641355844849439,0.1911562669454957,Lagging Darcy with leakage,Lagging leaky,0.18529730149299092,0.030965138576841505,True,formal Lin and Yeh lagging leaky finite radius fit
MW-06,17.042475827018023,185.61220322932485,3.95427139824613,0.1962377243242712,Theis confined,Theis,0.19117350560148408,0.026011084724803683,True,infinite line source confined fit
MW-06,17.042475827018023,185.61220322932485,3.95427139824613,0.1962377243242712,Hantush-Jacob leaky,Hantush leaky,0.19117350480657835,0.026011088861199825,True,conventional Hantush-Jacob leaky fit
MW-06,17.042475827018023,185.61220322932485,3.95427139824613,0.1962377243242712,Lagging Darcy no-leakage,"Lagging
without leakage",0.1974639978037732,-0.0061979887199843965,True,finite radius lagging Darcy limit without leakage
MW-06,17.042475827018023,185.61220322932485,3.95427139824613,0.1962377243242712,Lagging Darcy with leakage,Lagging leaky,0.19770576532918757,-0.007415440689990201,True,formal Lin and Yeh lagging leaky finite radius fit
MW-06,17.042475827018023,185.61220322932485,4.353380423895789,0.2123478255152898,Theis confined,Theis,0.20279230017974056,0.045822478663759776,True,infinite line source confined fit
MW-06,17.042475827018023,185.61220322932485,4.353380423895789,0.2123478255152898,Hantush-Jacob leaky,Hantush leaky,0.20279229915775274,0.04582248367860983,True,conventional Hantush-Jacob leaky fit
MW-06,17.042475827018023,185.61220322932485,4.353380423895789,0.2123478255152898,Lagging Darcy no-leakage,"Lagging
without leakage",0.2121813461192479,0.0007806237676918609,True,finite radius lagging Darcy limit without leakage
MW-06,17.042475827018023,185.61220322932485,4.353380423895789,0.2123478255152898,Lagging Darcy with leakage,Lagging leaky,0.2125950690147818,-0.0011582042015366026,True,formal Lin and Yeh lagging leaky finite radius fit
MW-06,17.042475827018023,185.61220322932485,4.859153622129008,0.2238030897743245,Theis confined,Theis,0.2162896799649538,0.033993468446087166,True,infinite line source confined fit
MW-06,17.042475827018023,185.61220322932485,4.859153622129008,0.2238030897743245,Hantush-Jacob leaky,Hantush leaky,0.2162896786713446,0.03399347439947256,True,conventional Hantush-Jacob leaky fit
MW-06,17.042475827018023,185.61220322932485,4.859153622129008,0.2238030897743245,Lagging Darcy no-leakage,"Lagging
without leakage",0.2295273431616382,-0.025144618358576454,True,finite radius lagging Darcy limit without leakage
MW-06,17.042475827018023,185.61220322932485,4.859153622129008,0.2238030897743245,Lagging Darcy with leakage,Lagging leaky,0.2301261511404934,-0.027738807819149305,True,formal Lin and Yeh lagging leaky finite radius fit
MW-06,17.042475827018023,185.61220322932485,5.276650042785155,0.2358845572251783,Theis confined,Theis,0.22655154704473834,0.040196129005558995,True,infinite line source confined fit
MW-06,17.042475827018023,185.61220322932485,5.276650042785155,0.2358845572251783,Hantush-Jacob leaky,Hantush leaky,0.2265515455395155,0.04019613562042438,True,conventional Hantush-Jacob leaky fit
MW-06,17.042475827018023,185.61220322932485,5.276650042785155,0.2358845572251783,Lagging Darcy no-leakage,"Lagging
without leakage",0.2428760451573915,-0.029087162413999633,True,finite radius lagging Darcy limit without leakage
MW-06,17.042475827018023,185.61220322932485,5.276650042785155,0.2358845572251783,Lagging Darcy with leakage,Lagging leaky,0.24360611971512067,-0.03207632006942737,True,formal Lin and Yeh lagging leaky finite radius fit
MW-06,17.042475827018023,185.61220322932485,5.889533855294078,0.2620575740700381,Theis confined,Theis,0.24040246938127408,0.08590738300553044,True,infinite line source confined fit
MW-06,17.042475827018023,185.61220322932485,5.889533855294078,0.2620575740700381,Hantush-Jacob leaky,Hantush leaky,0.24040246758404366,0.0859073904504851,True,conventional Hantush-Jacob leaky fit
MW-06,17.042475827018023,185.61220322932485,5.889533855294078,0.2620575740700381,Lagging Darcy no-leakage,"Lagging
without leakage",0.2610895540509834,0.0036866663211981305,True,finite radius lagging Darcy limit without leakage
MW-06,17.042475827018023,185.61220322932485,5.889533855294078,0.2620575740700381,Lagging Darcy with leakage,Lagging leaky,0.26198552389141594,0.00027393260876122937,True,formal Lin and Yeh lagging leaky finite radius fit
MW-06,17.042475827018023,185.61220322932485,6.3955601090681125,0.2762041171520366,Theis confined,Theis,0.2509104152663,0.09568059051316824,True,infinite line source confined fit
MW-06,17.042475827018023,185.61220322932485,6.3955601090681125,0.2762041171520366,Hantush-Jacob leaky,Hantush leaky,0.25091041324302127,0.09568059854490733,True,conventional Hantush-Jacob leaky fit
MW-06,17.042475827018023,185.61220322932485,6.3955601090681125,0.2762041171520366,Lagging Darcy no-leakage,"Lagging
without leakage",0.2750421772642224,0.0042004496296066,True,finite radius lagging Darcy limit without leakage
MW-06,17.042475827018023,185.61220322932485,6.3955601090681125,0.2762041171520366,Lagging Darcy with leakage,Lagging leaky,0.2760565053139064,0.0005326441592164765,True,formal Lin and Yeh lagging leaky finite radius fit
MW-06,17.042475827018023,185.61220322932485,7.138592551879871,0.2911041574219668,Theis confined,Theis,0.26506614948779533,0.09336548201426943,True,infinite line source confined fit
MW-06,17.042475827018023,185.61220322932485,7.138592551879871,0.2911041574219668,Hantush-Jacob leaky,Hantush leaky,0.26506614715431775,0.09336549078456045,True,conventional Hantush-Jacob leaky fit
MW-06,17.042475827018023,185.61220322932485,7.138592551879871,0.2911041574219668,Lagging Darcy no-leakage,"Lagging
without leakage",0.2940017797899644,-0.009870947343340859,True,finite radius lagging Darcy limit without leakage
MW-06,17.042475827018023,185.61220322932485,7.138592551879871,0.2911041574219668,Lagging Darcy with leakage,Lagging leaky,0.29516696035603496,-0.01381290839696382,True,formal Lin and Yeh lagging leaky finite radius fit
MW-06,17.042475827018023,185.61220322932485,7.859201622956719,0.306813350735506,Theis confined,Theis,0.2775758505083074,0.09980321917730992,True,infinite line source confined fit
MW-06,17.042475827018023,185.61220322932485,7.859201622956719,0.306813350735506,Hantush-Jacob leaky,Hantush leaky,0.2775758478956541,0.09980322855591649,True,conventional Hantush-Jacob leaky fit
MW-06,17.042475827018023,185.61220322932485,7.859201622956719,0.306813350735506,Lagging Darcy no-leakage,"Lagging
without leakage",0.3108958581477948,-0.013175748928665888,True,finite radius lagging Darcy limit without leakage
MW-06,17.042475827018023,185.61220322932485,7.859201622956719,0.306813350735506,Lagging Darcy with leakage,Lagging leaky,0.3121875038620815,-0.017308469878105203,True,formal Lin and Yeh lagging leaky finite radius fit
MW-06,17.042475827018023,185.61220322932485,8.534572701721865,0.314969290323123,Theis confined,Theis,0.28838398221785644,0.08789056192214947,True,infinite line source confined fit
MW-06,17.042475827018023,185.61220322932485,8.534572701721865,0.314969290323123,Hantush-Jacob leaky,Hantush leaky,0.28838397936043886,0.08789057179628822,True,conventional Hantush-Jacob leaky fit
MW-06,17.042475827018023,185.61220322932485,8.534572701721865,0.314969290323123,Lagging Darcy no-leakage,"Lagging
without leakage",0.3255855570952355,-0.033046931217254605,True,finite radius lagging Darcy limit without leakage
MW-06,17.042475827018023,185.61220322932485,8.534572701721865,0.314969290323123,Lagging Darcy with leakage,Lagging leaky,0.3269822182787141,-0.03731436800707127,True,formal Lin and Yeh lagging leaky finite radius fit
MW-06,17.042475827018023,185.61220322932485,8.772279083080312,0.3233646292915562,Theis confined,Theis,0.29200177881908423,0.10168960200001409,True,infinite line source confined fit
MW-06,17.042475827018023,185.61220322932485,8.772279083080312,0.3233646292915562,Hantush-Jacob leaky,Hantush leaky,0.2920017758790339,0.1016896120342546,True,conventional Hantush-Jacob leaky fit
MW-06,17.042475827018023,185.61220322932485,8.772279083080312,0.3233646292915562,Lagging Darcy no-leakage,"Lagging
without leakage",0.3305204470365477,-0.02182120602179175,True,finite radius lagging Darcy limit without leakage
MW-06,17.042475827018023,185.61220322932485,8.772279083080312,0.3233646292915562,Lagging Darcy with leakage,Lagging leaky,0.3319515029439904,-0.02612856051599332,True,formal Lin and Yeh lagging leaky finite radius fit
MW-07,17.497459583829144,175.8228930310977,1.965739497582156,0.0040885262398682,Theis confined,Theis,0.003786407412939904,0.061208136493510215,True,infinite line source confined fit
MW-07,17.497459583829144,175.8228930310977,1.965739497582156,0.0040885262398682,Hantush-Jacob leaky,Hantush leaky,0.0035820822871098588,0.10483470569094268,True,conventional Hantush-Jacob leaky fit
MW-07,17.497459583829144,175.8228930310977,1.965739497582156,0.0040885262398682,Lagging Darcy no-leakage,"Lagging
without leakage",0.0035889989325907,0.10332634552565494,True,finite radius lagging Darcy limit without leakage
MW-07,17.497459583829144,175.8228930310977,1.965739497582156,0.0040885262398682,Lagging Darcy with leakage,Lagging leaky,0.003797259493001229,0.05894343242854472,True,formal Lin and Yeh lagging leaky finite radius fit
MW-07,17.497459583829144,175.8228930310977,2.0765741986630584,0.0051819319617621,Theis confined,Theis,0.004643095036913959,0.09119815738394961,True,infinite line source confined fit
MW-07,17.497459583829144,175.8228930310977,2.0765741986630584,0.0051819319617621,Hantush-Jacob leaky,Hantush leaky,0.00443916137726298,0.12800594739468862,True,conventional Hantush-Jacob leaky fit
MW-07,17.497459583829144,175.8228930310977,2.0765741986630584,0.0051819319617621,Lagging Darcy no-leakage,"Lagging
without leakage",0.0044939229982977,0.11798826581190996,True,finite radius lagging Darcy limit without leakage
MW-07,17.497459583829144,175.8228930310977,2.0765741986630584,0.0051819319617621,Lagging Darcy with leakage,Lagging leaky,0.004624329519714057,0.09452909329678053,True,formal Lin and Yeh lagging leaky finite radius fit
MW-07,17.497459583829144,175.8228930310977,2.224303323119569,0.0050467791918019,Theis confined,Theis,0.005920926617005816,-0.13502389956203054,True,infinite line source confined fit
MW-07,17.497459583829144,175.8228930310977,2.224303323119569,0.0050467791918019,Hantush-Jacob leaky,Hantush leaky,0.005729125850556346,-0.10691948144959831,True,conventional Hantush-Jacob leaky fit
MW-07,17.497459583829144,175.8228930310977,2.224303323119569,0.0050467791918019,Lagging Darcy no-leakage,"Lagging
without leakage",0.0058352654467925,-0.12256954052680634,True,finite radius lagging Darcy limit without leakage
MW-07,17.497459583829144,175.8228930310977,2.224303323119569,0.0050467791918019,Lagging Darcy with leakage,Lagging leaky,0.005863647998319671,-0.12671331327982055,True,formal Lin and Yeh lagging leaky finite radius fit
MW-07,17.497459583829144,175.8228930310977,2.382011468205237,0.0076914451749578,Theis confined,Theis,0.007447348267423568,0.028486651054772015,True,infinite line source confined fit
MW-07,17.497459583829144,175.8228930310977,2.382011468205237,0.0076914451749578,Hantush-Jacob leaky,Hantush leaky,0.007283114458144113,0.048120188706363275,True,conventional Hantush-Jacob leaky fit
MW-07,17.497459583829144,175.8228930310977,2.382011468205237,0.0076914451749578,Lagging Darcy no-leakage,"Lagging
without leakage",0.0074266186641992,0.03094364456871809,True,finite radius lagging Darcy limit without leakage
MW-07,17.497459583829144,175.8228930310977,2.382011468205237,0.0076914451749578,Lagging Darcy with leakage,Lagging leaky,0.00735349025255698,0.03965978282201529,True,formal Lin and Yeh lagging leaky finite radius fit
MW-07,17.497459583829144,175.8228930310977,2.6223274823410767,0.0090072390309083,Theis confined,Theis,0.010068547675992025,-0.1007988093397024,True,infinite line source confined fit
MW-07,17.497459583829144,175.8228930310977,2.6223274823410767,0.0090072390309083,Hantush-Jacob leaky,Hantush leaky,0.009973450255015554,-0.09217000796490077,True,conventional Hantush-Jacob leaky fit
MW-07,17.497459583829144,175.8228930310977,2.6223274823410767,0.0090072390309083,Lagging Darcy no-leakage,"Lagging
without leakage",0.010138538537593,-0.10710230117821912,True,finite radius lagging Darcy limit without leakage
MW-07,17.497459583829144,175.8228930310977,2.6223274823410767,0.0090072390309083,Lagging Darcy with leakage,Lagging leaky,0.009934978637968333,-0.08865796638684482,True,formal Lin and Yeh lagging leaky finite radius fit
MW-07,17.497459583829144,175.8228930310977,2.808440393300041,0.0120333892716418,Theis confined,Theis,0.012318361377709067,-0.021629167597362654,True,infinite line source confined fit
MW-07,17.497459583829144,175.8228930310977,2.808440393300041,0.0120333892716418,Hantush-Jacob leaky,Hantush leaky,0.012296390810411782,-0.019978160506810016,True,conventional Hantush-Jacob leaky fit
MW-07,17.497459583829144,175.8228930310977,2.808440393300041,0.0120333892716418,Lagging Darcy no-leakage,"Lagging
without leakage",0.0124511552995123,-0.031550527977703115,True,finite radius lagging Darcy limit without leakage
MW-07,17.497459583829144,175.8228930310977,2.808440393300041,0.0120333892716418,Lagging Darcy with leakage,Lagging leaky,0.012171756710592977,-0.01056042389283076,True,formal Lin and Yeh lagging leaky finite radius fit
MW-07,17.497459583829144,175.8228930310977,2.92641284925295,0.0140929544685323,Theis confined,Theis,0.013833284034361787,0.01735446647288078,True,infinite line source confined fit
MW-07,17.497459583829144,175.8228930310977,2.92641284925295,0.0140929544685323,Hantush-Jacob leaky,Hantush leaky,0.013864970309858523,0.015220584315837563,True,conventional Hantush-Jacob leaky fit
MW-07,17.497459583829144,175.8228930310977,2.92641284925295,0.0140929544685323,Lagging Darcy no-leakage,"Lagging
without leakage",0.0140026671058949,0.006000051089202566,True,finite radius lagging Darcy limit without leakage
MW-07,17.497459583829144,175.8228930310977,2.92641284925295,0.0140929544685323,Lagging Darcy with leakage,Lagging leaky,0.013687559465491746,0.027227202834757856,True,formal Lin and Yeh lagging leaky finite radius fit
MW-07,17.497459583829144,175.8228930310977,3.1344359121725134,0.0152504458196402,Theis confined,Theis,0.016654483009071366,-0.08286940252211748,True,infinite line source confined fit
MW-07,17.497459583829144,175.8228930310977,3.1344359121725134,0.0152504458196402,Hantush-Jacob leaky,Hantush leaky,0.01679152832337689,-0.0906020636609972,True,conventional Hantush-Jacob leaky fit
MW-07,17.497459583829144,175.8228930310977,3.1344359121725134,0.0152504458196402,Lagging Darcy no-leakage,"Lagging
without leakage",0.0168830175105616,-0.0957311766248321,True,finite radius lagging Darcy limit without leakage
MW-07,17.497459583829144,175.8228930310977,3.1344359121725134,0.0152504458196402,Lagging Darcy with leakage,Lagging leaky,0.016528360110040483,-0.0756998034727763,True,formal Lin and Yeh lagging leaky finite radius fit
MW-07,17.497459583829144,175.8228930310977,3.266102264596502,0.017860623778498,Theis confined,Theis,0.018528967352304568,-0.03482251773474425,True,infinite line source confined fit
MW-07,17.497459583829144,175.8228930310977,3.266102264596502,0.017860623778498,Hantush-Jacob leaky,Hantush leaky,0.018737932271758004,-0.04546592957106231,True,conventional Hantush-Jacob leaky fit
MW-07,17.497459583829144,175.8228930310977,3.266102264596502,0.017860623778498,Lagging Darcy no-leakage,"Lagging
without leakage",0.0187919411258554,-0.048198490192273624,True,finite radius lagging Darcy limit without leakage
MW-07,17.497459583829144,175.8228930310977,3.266102264596502,0.017860623778498,Lagging Darcy with leakage,Lagging leaky,0.018427071341086804,-0.029591172504714013,True,formal Lin and Yeh lagging leaky finite radius fit
MW-07,17.497459583829144,175.8228930310977,3.4033440303802185,0.020373762153777,Theis confined,Theis,0.020548019509833693,-0.008119808019104417,True,infinite line source confined fit
MW-07,17.497459583829144,175.8228930310977,3.4033440303802185,0.020373762153777,Hantush-Jacob leaky,Hantush leaky,0.02083468863620245,-0.021335824775585616,True,conventional Hantush-Jacob leaky fit
MW-07,17.497459583829144,175.8228930310977,3.4033440303802185,0.020373762153777,Lagging Darcy no-leakage,"Lagging
without leakage",0.0208449174439326,-0.02180418101022584,True,finite radius lagging Darcy limit without leakage
MW-07,17.497459583829144,175.8228930310977,3.4033440303802185,0.020373762153777,Lagging Darcy with leakage,Lagging leaky,0.020480704347803688,-0.004990957757636962,True,formal Lin and Yeh lagging leaky finite radius fit
MW-07,17.497459583829144,175.8228930310977,3.546399160038991,0.0226363483064248,Theis confined,Theis,0.022716361508607102,-0.0033794593232658395,True,infinite line source confined fit
MW-07,17.497459583829144,175.8228930310977,3.546399160038991,0.0226363483064248,Hantush-Jacob leaky,Hantush leaky,0.023085568360298472,-0.01882712826363187,True,conventional Hantush-Jacob leaky fit
MW-07,17.497459583829144,175.8228930310977,3.546399160038991,0.0226363483064248,Lagging Darcy no-leakage,"Lagging
without leakage",0.0230469521033199,-0.017222547207331844,True,finite radius lagging Darcy limit without leakage
MW-07,17.497459583829144,175.8228930310977,3.546399160038991,0.0226363483064248,Lagging Darcy with leakage,Lagging leaky,0.02269454795454865,-0.0024592679223973688,True,formal Lin and Yeh lagging leaky finite radius fit
MW-07,17.497459583829144,175.8228930310977,3.798394217570303,0.0258205688235015,Theis confined,Theis,0.026673466680497818,-0.03130498600250542,True,infinite line source confined fit
MW-07,17.497459583829144,175.8228930310977,3.798394217570303,0.0258205688235015,Hantush-Jacob leaky,Hantush leaky,0.02718755073861606,-0.049711330742285745,True,conventional Hantush-Jacob leaky fit
MW-07,17.497459583829144,175.8228930310977,3.798394217570303,0.0258205688235015,Lagging Darcy no-leakage,"Lagging
without leakage",0.0270607230221591,-0.04520175478872321,True,finite radius lagging Darcy limit without leakage
MW-07,17.497459583829144,175.8228930310977,3.798394217570303,0.0258205688235015,Lagging Darcy with leakage,Lagging leaky,0.026752384868815114,-0.034152691159685875,True,formal Lin and Yeh lagging leaky finite radius fit
MW-07,17.497459583829144,175.8228930310977,3.9581066189457967,0.027942256054416,Theis confined,Theis,0.029259277757068547,-0.04450016573259805,True,infinite line source confined fit
MW-07,17.497459583829144,175.8228930310977,3.9581066189457967,0.027942256054416,Hantush-Jacob leaky,Hantush leaky,0.029862074385738457,-0.06422538948204586,True,conventional Hantush-Jacob leaky fit
MW-07,17.497459583829144,175.8228930310977,3.9581066189457967,0.027942256054416,Lagging Darcy no-leakage,"Lagging
without leakage",0.0296815973479851,-0.058360365507559464,True,finite radius lagging Darcy limit without leakage
MW-07,17.497459583829144,175.8228930310977,3.9581066189457967,0.027942256054416,Lagging Darcy with leakage,Lagging leaky,0.029413266205430815,-0.04957622712541823,True,formal Lin and Yeh lagging leaky finite radius fit
MW-07,17.497459583829144,175.8228930310977,4.124426439189231,0.031873963975321,Theis confined,Theis,0.032006191596582266,-0.004014192063455793,True,infinite line source confined fit
MW-07,17.497459583829144,175.8228930310977,4.124426439189231,0.031873963975321,Hantush-Jacob leaky,Hantush leaky,0.03269664273370578,-0.024717234307798017,True,conventional Hantush-Jacob leaky fit
MW-07,17.497459583829144,175.8228930310977,4.124426439189231,0.031873963975321,Lagging Darcy no-leakage,"Lagging
without leakage",0.0324650275165737,-0.017819962858920093,True,finite radius lagging Darcy limit without leakage
MW-07,17.497459583829144,175.8228930310977,4.124426439189231,0.031873963975321,Lagging Darcy with leakage,Lagging leaky,0.032245363225781636,-0.011234329578684097,True,formal Lin and Yeh lagging leaky finite radius fit
MW-07,17.497459583829144,175.8228930310977,4.239245135330145,0.0335969499599582,Theis confined,Theis,0.03393062990493549,-0.009598565274897363,True,infinite line source confined fit
MW-07,17.497459583829144,175.8228930310977,4.239245135330145,0.0335969499599582,Hantush-Jacob leaky,Hantush leaky,0.034677892814107804,-0.03076572133543946,True,conventional Hantush-Jacob leaky fit
MW-07,17.497459583829144,175.8228930310977,4.239245135330145,0.0335969499599582,Lagging Darcy no-leakage,"Lagging
without leakage",0.0344149551911986,-0.023368667223741247,True,finite radius lagging Darcy limit without leakage
MW-07,17.497459583829144,175.8228930310977,4.239245135330145,0.0335969499599582,Lagging Darcy with leakage,Lagging leaky,0.03423170169939821,-0.01818076702074236,True,formal Lin and Yeh lagging leaky finite radius fit
MW-07,17.497459583829144,175.8228930310977,4.417320540168519,0.0393472092840099,Theis confined,Theis,0.036954424234180605,0.06113615194073801,True,infinite line source confined fit
MW-07,17.497459583829144,175.8228930310977,4.417320540168519,0.0393472092840099,Hantush-Jacob leaky,Hantush leaky,0.037782472065308034,0.03955383593327692,True,conventional Hantush-Jacob leaky fit
MW-07,17.497459583829144,175.8228930310977,4.417320540168519,0.0393472092840099,Lagging Darcy no-leakage,"Lagging
without leakage",0.0374791430512271,0.047405874027184915,True,finite radius lagging Darcy limit without leakage
MW-07,17.497459583829144,175.8228930310977,4.417320540168519,0.0393472092840099,Lagging Darcy with leakage,Lagging leaky,0.03735465325855149,0.05064637254715551,True,formal Lin and Yeh lagging leaky finite radius fit
MW-07,17.497459583829144,175.8228930310977,4.540293029152564,0.0414741706554736,Theis confined,Theis,0.03906663552738849,0.05835218564688923,True,infinite line source confined fit
MW-07,17.497459583829144,175.8228930310977,4.540293029152564,0.0414741706554736,Hantush-Jacob leaky,Hantush leaky,0.03994448921150598,0.036678914239298546,True,conventional Hantush-Jacob leaky fit
MW-07,17.497459583829144,175.8228930310977,4.540293029152564,0.0414741706554736,Lagging Darcy no-leakage,"Lagging
without leakage",0.0396200872884388,0.044633436840037906,True,finite radius lagging Darcy limit without leakage
MW-07,17.497459583829144,175.8228930310977,4.540293029152564,0.0414741706554736,Lagging Darcy with leakage,Lagging leaky,0.039536394136267014,0.04669595064969323,True,formal Lin and Yeh lagging leaky finite radius fit
MW-07,17.497459583829144,175.8228930310977,4.796666332420432,0.0448813371197203,Theis confined,Theis,0.04352178544880022,0.030079805660257544,True,infinite line source confined fit
MW-07,17.497459583829144,175.8228930310977,4.796666332420432,0.0448813371197203,Hantush-Jacob leaky,Hantush leaky,0.04448533535692067,0.008668461524682107,True,conventional Hantush-Jacob leaky fit
MW-07,17.497459583829144,175.8228930310977,4.796666332420432,0.0448813371197203,Lagging Darcy no-leakage,"Lagging
without leakage",0.0441380100379369,0.016333749494527063,True,finite radius lagging Darcy limit without leakage
MW-07,17.497459583829144,175.8228930310977,4.796666332420432,0.0448813371197203,Lagging Darcy with leakage,Lagging leaky,0.04413518459619582,0.01639634707409542,True,formal Lin and Yeh lagging leaky finite radius fit
MW-07,17.497459583829144,175.8228930310977,4.930134730759986,0.0485701042393151,Theis confined,Theis,0.04586361653428776,0.05614630737138955,True,infinite line source confined fit
MW-07,17.497459583829144,175.8228930310977,4.930134730759986,0.0485701042393151,Hantush-Jacob leaky,Hantush leaky,0.04686103602954045,0.035086185569237816,True,conventional Hantush-Jacob leaky fit
MW-07,17.497459583829144,175.8228930310977,4.930134730759986,0.0485701042393151,Lagging Darcy no-leakage,"Lagging
without leakage",0.0465143235914716,0.04235670002337978,True,finite radius lagging Darcy limit without leakage
MW-07,17.497459583829144,175.8228930310977,4.930134730759986,0.0485701042393151,Lagging Darcy with leakage,Lagging leaky,0.04654914951567766,0.041624012175445264,True,formal Lin and Yeh lagging leaky finite radius fit
MW-07,17.497459583829144,175.8228930310977,5.13750112113143,0.05119472621216,Theis confined,Theis,0.04952535453149275,0.0325061791493592,True,infinite line source confined fit
MW-07,17.497459583829144,175.8228930310977,5.13750112113143,0.05119472621216,Hantush-Jacob leaky,Hantush leaky,0.0505593926823917,0.012247060216654327,True,conventional Hantush-Jacob leaky fit
MW-07,17.497459583829144,175.8228930310977,5.13750112113143,0.05119472621216,Lagging Darcy no-leakage,"Lagging
without leakage",0.0502324180989546,0.018608961690633568,True,finite radius lagging Darcy limit without leakage
MW-07,17.497459583829144,175.8228930310977,5.13750112113143,0.05119472621216,Lagging Darcy with leakage,Lagging leaky,0.05031644541563762,0.016970185157994682,True,formal Lin and Yeh lagging leaky finite radius fit
MW-07,17.497459583829144,175.8228930310977,5.208384466754603,0.0554033542907908,Theis confined,Theis,0.05078228962221421,0.08548043835699007,True,infinite line source confined fit
MW-07,17.497459583829144,175.8228930310977,5.208384466754603,0.0554033542907908,Hantush-Jacob leaky,Hantush leaky,0.05182414662138965,0.06556022142950813,True,conventional Hantush-Jacob leaky fit
MW-07,17.497459583829144,175.8228930310977,5.208384466754603,0.0554033542907908,Lagging Darcy no-leakage,"Lagging
without leakage",0.051509443562897,0.07153559916642702,True,finite radius lagging Darcy limit without leakage
MW-07,17.497459583829144,175.8228930310977,5.208384466754603,0.0554033542907908,Lagging Darcy with leakage,Lagging leaky,0.05160711437999966,0.06967726500628849,True,formal Lin and Yeh lagging leaky finite radius fit
MW-07,17.497459583829144,175.8228930310977,5.502626555875864,0.0568781142179882,Theis confined,Theis,0.05602015313486852,0.014934551225578227,True,infinite line source confined fit
MW-07,17.497459583829144,175.8228930310977,5.502626555875864,0.0568781142179882,Hantush-Jacob leaky,Hantush leaky,0.05706739283759771,-0.0032649611452522974,True,conventional Hantush-Jacob leaky fit
MW-07,17.497459583829144,175.8228930310977,5.502626555875864,0.0568781142179882,Lagging Darcy no-leakage,"Lagging
without leakage",0.0568354846601969,0.0007368115784692071,True,finite radius lagging Darcy limit without leakage
MW-07,17.497459583829144,175.8228930310977,5.502626555875864,0.0568781142179882,Lagging Darcy with leakage,Lagging leaky,0.05696847292791252,-0.00155997220936012,True,formal Lin and Yeh lagging leaky finite radius fit
MW-07,17.497459583829144,175.8228930310977,5.733997406496445,0.061551813294089,Theis confined,Theis,0.06015306683368606,0.022615212495052522,True,infinite line source confined fit
MW-07,17.497459583829144,175.8228930310977,5.733997406496445,0.061551813294089,Hantush-Jacob leaky,Hantush leaky,0.061172482118353584,0.006082733826216144,True,conventional Hantush-Jacob leaky fit
MW-07,17.497459583829144,175.8228930310977,5.733997406496445,0.061551813294089,Lagging Darcy no-leakage,"Lagging
without leakage",0.0610433660620961,0.008161632849974895,True,finite radius lagging Darcy limit without leakage
MW-07,17.497459583829144,175.8228930310977,5.733997406496445,0.061551813294089,Lagging Darcy with leakage,Lagging leaky,0.06117574805341406,0.006030204971455306,True,formal Lin and Yeh lagging leaky finite radius fit
MW-07,17.497459583829144,175.8228930310977,6.0577747148318215,0.0666083887663587,Theis confined,Theis,0.06594199298517926,0.009905601477214995,True,infinite line source confined fit
MW-07,17.497459583829144,175.8228930310977,6.0577747148318215,0.0666083887663587,Hantush-Jacob leaky,Hantush leaky,0.06687282787927114,-0.0039037064365606508,True,conventional Hantush-Jacob leaky fit
MW-07,17.497459583829144,175.8228930310977,6.0577747148318215,0.0666083887663587,Lagging Darcy no-leakage,"Lagging
without leakage",0.0669457673463081,-0.00497777842100306,True,finite radius lagging Darcy limit without leakage
MW-07,17.497459583829144,175.8228930310977,6.0577747148318215,0.0666083887663587,Lagging Darcy with leakage,Lagging leaky,0.06702758672265592,-0.006181240478449883,True,formal Lin and Yeh lagging leaky finite radius fit
MW-07,17.497459583829144,175.8228930310977,6.312570769077672,0.0702077600971386,Theis confined,Theis,0.0704918394984536,-0.0039815076902586745,True,infinite line source confined fit
MW-07,17.497459583829144,175.8228930310977,6.312570769077672,0.0702077600971386,Hantush-Jacob leaky,Hantush leaky,0.07131105255311122,-0.015375185594656247,True,conventional Hantush-Jacob leaky fit
MW-07,17.497459583829144,175.8228930310977,6.312570769077672,0.0702077600971386,Lagging Darcy no-leakage,"Lagging
without leakage",0.0715919656456851,-0.019252447062128624,True,finite radius lagging Darcy limit without leakage
MW-07,17.497459583829144,175.8228930310977,6.312570769077672,0.0702077600971386,Lagging Darcy with leakage,Lagging leaky,0.07158818022756804,-0.01920029918618942,True,formal Lin and Yeh lagging leaky finite radius fit
MW-07,17.497459583829144,175.8228930310977,6.488134577074775,0.0780059695962913,Theis confined,Theis,0.07361981880700379,0.057117274541664965,True,infinite line source confined fit
MW-07,17.497459583829144,175.8228930310977,6.488134577074775,0.0780059695962913,Hantush-Jacob leaky,Hantush leaky,0.07434027141989132,0.04750860926468154,True,conventional Hantush-Jacob leaky fit
MW-07,17.497459583829144,175.8228930310977,6.488134577074775,0.0780059695962913,Lagging Darcy no-leakage,"Lagging
without leakage",0.0747899092417306,0.041558253795590964,True,finite radius lagging Darcy limit without leakage
MW-07,17.497459583829144,175.8228930310977,6.488134577074775,0.0780059695962913,Lagging Darcy with leakage,Lagging leaky,0.07470166113486267,0.04272331026217276,True,formal Lin and Yeh lagging leaky finite radius fit
MW-07,17.497459583829144,175.8228930310977,6.854584977044736,0.0822198050602082,Theis confined,Theis,0.08012094611873297,0.02554415811457076,True,infinite line source confined fit
MW-07,17.497459583829144,175.8228930310977,6.854584977044736,0.0822198050602082,Hantush-Jacob leaky,Hantush leaky,0.08057733857379323,0.01993385124474496,True,conventional Hantush-Jacob leaky fit
MW-07,17.497459583829144,175.8228930310977,6.854584977044736,0.0822198050602082,Lagging Darcy no-leakage,"Lagging
without leakage",0.0814462316424665,0.009339017888553767,True,finite radius lagging Darcy limit without leakage
MW-07,17.497459583829144,175.8228930310977,6.854584977044736,0.0822198050602082,Lagging Darcy with leakage,Lagging leaky,0.08111033570646971,0.013421460879691623,True,formal Lin and Yeh lagging leaky finite radius fit
MW-07,17.497459583829144,175.8228930310977,7.241542791753417,0.0913490410998824,Theis confined,Theis,0.08693203966993811,0.04901108362462798,True,infinite line source confined fit
MW-07,17.497459583829144,175.8228930310977,7.241542791753417,0.0913490410998824,Hantush-Jacob leaky,Hantush leaky,0.08702453450025471,0.04795974650610965,True,conventional Hantush-Jacob leaky fit
MW-07,17.497459583829144,175.8228930310977,7.241542791753417,0.0913490410998824,Lagging Darcy no-leakage,"Lagging
without leakage",0.0884340912393271,0.032073380002301054,True,finite radius lagging Darcy limit without leakage
MW-07,17.497459583829144,175.8228930310977,7.241542791753417,0.0913490410998824,Lagging Darcy with leakage,Lagging leaky,0.08772634416794797,0.04001847502605712,True,formal Lin and Yeh lagging leaky finite radius fit
MW-07,17.497459583829144,175.8228930310977,7.650545752606605,0.0962836612446436,Theis confined,Theis,0.09405675146250853,0.02315695660560399,True,infinite line source confined fit
MW-07,17.497459583829144,175.8228930310977,7.650545752606605,0.0962836612446436,Hantush-Jacob leaky,Hantush leaky,0.09367054453978377,0.027228141556805644,True,conventional Hantush-Jacob leaky fit
MW-07,17.497459583829144,175.8228930310977,7.650545752606605,0.0962836612446436,Lagging Darcy no-leakage,"Lagging
without leakage",0.0957590885867217,0.005406787280587564,True,finite radius lagging Darcy limit without leakage
MW-07,17.497459583829144,175.8228930310977,7.650545752606605,0.0962836612446436,Lagging Darcy with leakage,Lagging leaky,0.09452979618833286,0.01819285286308003,True,formal Lin and Yeh lagging leaky finite radius fit
MW-07,17.497459583829144,175.8228930310977,8.082543351396787,0.1041935110731739,Theis confined,Theis,0.1014865238783911,0.02607030100947988,True,infinite line source confined fit
MW-07,17.497459583829144,175.8228930310977,8.082543351396787,0.1041935110731739,Hantush-Jacob leaky,Hantush leaky,0.10049183204026867,0.035823293853184376,True,conventional Hantush-Jacob leaky fit
MW-07,17.497459583829144,175.8228930310977,8.082543351396787,0.1041935110731739,Lagging Darcy no-leakage,"Lagging
without leakage",0.1034141844412595,0.007436084072133687,True,finite radius lagging Darcy limit without leakage
MW-07,17.497459583829144,175.8228930310977,8.082543351396787,0.1041935110731739,Lagging Darcy with leakage,Lagging leaky,0.10148738423821473,0.026061906186631106,True,formal Lin and Yeh lagging leaky finite radius fit
MW-07,17.497459583829144,175.8228930310977,8.538934232887996,0.1127531671460985,Theis confined,Theis,0.10921878663112296,0.031563540700516556,True,infinite line source confined fit
MW-07,17.497459583829144,175.8228930310977,8.538934232887996,0.1127531671460985,Hantush-Jacob leaky,Hantush leaky,0.10746986176730698,0.047558537821161345,True,conventional Hantush-Jacob leaky fit
MW-07,17.497459583829144,175.8228930310977,8.538934232887996,0.1127531671460985,Lagging Darcy no-leakage,"Lagging
without leakage",0.1113983647176965,0.011981511907259448,True,finite radius lagging Darcy limit without leakage
MW-07,17.497459583829144,175.8228930310977,8.538934232887996,0.1127531671460985,Lagging Darcy with leakage,Lagging leaky,0.10857023147220396,0.03746517352008625,True,formal Lin and Yeh lagging leaky finite radius fit
MW-07,17.497459583829144,175.8228930310977,9.400655243128096,0.1252660959130316,Theis confined,Theis,0.12346579644114714,0.014360601629516492,True,infinite line source confined fit
MW-07,17.497459583829144,175.8228930310977,9.400655243128096,0.1252660959130316,Hantush-Jacob leaky,Hantush leaky,0.1199964502500809,0.04263034401923601,True,conventional Hantush-Jacob leaky fit
MW-07,17.497459583829144,175.8228930310977,9.400655243128096,0.1252660959130316,Lagging Darcy no-leakage,"Lagging
without leakage",0.1261543089663763,-0.007009827727372563,True,finite radius lagging Darcy limit without leakage
MW-07,17.497459583829144,175.8228930310977,9.400655243128096,0.1252660959130316,Lagging Darcy with leakage,Lagging leaky,0.12117159798371258,0.032964955078107164,True,formal Lin and Yeh lagging leaky finite radius fit
MW-07,17.497459583829144,175.8228930310977,10.069029533069491,0.1320305887078479,Theis confined,Theis,0.13418591801028354,-0.016071909392889536,True,infinite line source confined fit
MW-07,17.497459583829144,175.8228930310977,10.069029533069491,0.1320305887078479,Hantush-Jacob leaky,Hantush leaky,0.1291331595847017,0.02202086135121924,True,conventional Hantush-Jacob leaky fit
MW-07,17.497459583829144,175.8228930310977,10.069029533069491,0.1320305887078479,Lagging Darcy no-leakage,"Lagging
without leakage",0.1372938283457915,-0.03880152049155553,True,finite radius lagging Darcy limit without leakage
MW-07,17.497459583829144,175.8228930310977,10.069029533069491,0.1320305887078479,Lagging Darcy with leakage,Lagging leaky,0.13024914590249684,0.013481698021601426,True,formal Lin and Yeh lagging leaky finite radius fit
MW-07,17.497459583829144,175.8228930310977,11.239137979325884,0.1320121404829983,Theis confined,Theis,0.152251218652705,-0.14163812095862974,True,infinite line source confined fit
MW-07,17.497459583829144,175.8228930310977,11.239137979325884,0.1320121404829983,Hantush-Jacob leaky,Hantush leaky,0.14395562578116763,-0.08598726060584307,True,conventional Hantush-Jacob leaky fit
MW-07,17.497459583829144,175.8228930310977,11.239137979325884,0.1320121404829983,Lagging Darcy no-leakage,"Lagging
without leakage",0.1561319534112646,-0.16664551405799483,True,finite radius lagging Darcy limit without leakage
MW-07,17.497459583829144,175.8228930310977,11.239137979325884,0.1320121404829983,Lagging Darcy with leakage,Lagging leaky,0.14472301217589154,-0.09126723702855219,True,formal Lin and Yeh lagging leaky finite radius fit
MW-07,17.497459583829144,175.8228930310977,11.394654896348008,0.132009834636145,Theis confined,Theis,0.15458565887733947,-0.1567733707779606,True,infinite line source confined fit
MW-07,17.497459583829144,175.8228930310977,11.394654896348008,0.132009834636145,Hantush-Jacob leaky,Hantush leaky,0.14581766699482304,-0.09876838619477615,True,conventional Hantush-Jacob leaky fit
MW-07,17.497459583829144,175.8228930310977,11.394654896348008,0.132009834636145,Lagging Darcy no-leakage,"Lagging
without leakage",0.1585719977032788,-0.18207214651440415,True,finite radius lagging Darcy limit without leakage
MW-07,17.497459583829144,175.8228930310977,11.394654896348008,0.132009834636145,Lagging Darcy with leakage,Lagging leaky,0.14651619990154172,-0.1035149294693266,True,formal Lin and Yeh lagging leaky finite radius fit
MW-08,5.843416890268858,266.6335393365701,0.1922193487680795,0.6914056951381791,Theis confined,Theis,0.7998652064302723,-0.14552060281503815,True,infinite line source confined fit
MW-08,5.843416890268858,266.6335393365701,0.1922193487680795,0.6914056951381791,Hantush-Jacob leaky,Hantush leaky,0.6669997548317669,0.035884241963969866,True,conventional Hantush-Jacob leaky fit
MW-08,5.843416890268858,266.6335393365701,0.1922193487680795,0.6914056951381791,Lagging Darcy no-leakage,"Lagging
without leakage",0.7065332096850675,-0.021612519417728713,True,finite radius lagging Darcy limit without leakage
MW-08,5.843416890268858,266.6335393365701,0.1922193487680795,0.6914056951381791,Lagging Darcy with leakage,Lagging leaky,0.6768464775959775,0.021251220406161224,True,formal Lin and Yeh lagging leaky finite radius fit
MW-08,5.843416890268858,266.6335393365701,0.3566915696113067,0.9644763554547042,Theis confined,Theis,1.0310633927863817,-0.06669375913548184,True,infinite line source confined fit
MW-08,5.843416890268858,266.6335393365701,0.3566915696113067,0.9644763554547042,Hantush-Jacob leaky,Hantush leaky,0.9883299127223721,-0.02440624598427564,True,conventional Hantush-Jacob leaky fit
MW-08,5.843416890268858,266.6335393365701,0.3566915696113067,0.9644763554547042,Lagging Darcy no-leakage,"Lagging
without leakage",0.9298885803199002,0.03648201944512588,True,finite radius lagging Darcy limit without leakage
MW-08,5.843416890268858,266.6335393365701,0.3566915696113067,0.9644763554547042,Lagging Darcy with leakage,Lagging leaky,0.9873453125454651,-0.02341053117157485,True,formal Lin and Yeh lagging leaky finite radius fit
MW-08,5.843416890268858,266.6335393365701,0.5216464784559247,1.1390209390125663,Theis confined,Theis,1.176683067333242,-0.03250237622739577,True,infinite line source confined fit
MW-08,5.843416890268858,266.6335393365701,0.5216464784559247,1.1390209390125663,Hantush-Jacob leaky,Hantush leaky,1.190717449747757,-0.0443488719501983,True,conventional Hantush-Jacob leaky fit
MW-08,5.843416890268858,266.6335393365701,0.5216464784559247,1.1390209390125663,Lagging Darcy no-leakage,"Lagging
without leakage",1.071943155719688,0.060641144509452995,True,finite radius lagging Darcy limit without leakage
MW-08,5.843416890268858,266.6335393365701,0.5216464784559247,1.1390209390125663,Lagging Darcy with leakage,Lagging leaky,1.1825318041041066,-0.037456392741002764,True,formal Lin and Yeh lagging leaky finite radius fit
MW-08,5.843416890268858,266.6335393365701,0.6929341773519717,1.2875352937401914,Theis confined,Theis,1.2865909212127806,0.000733172593976584,True,infinite line source confined fit
MW-08,5.843416890268858,266.6335393365701,0.6929341773519717,1.2875352937401914,Hantush-Jacob leaky,Hantush leaky,1.338700526713628,-0.03893995938455657,True,conventional Hantush-Jacob leaky fit
MW-08,5.843416890268858,266.6335393365701,0.6929341773519717,1.2875352937401914,Lagging Darcy no-leakage,"Lagging
without leakage",1.1834515654436792,0.08422628858998754,True,finite radius lagging Darcy limit without leakage
MW-08,5.843416890268858,266.6335393365701,0.6929341773519717,1.2875352937401914,Lagging Darcy with leakage,Lagging leaky,1.3281863429326093,-0.03106084071949209,True,formal Lin and Yeh lagging leaky finite radius fit
MW-08,5.843416890268858,266.6335393365701,0.8515215056470445,1.4053255196694014,Theis confined,Theis,1.366818270368939,0.0277633213263169,True,infinite line source confined fit
MW-08,5.843416890268858,266.6335393365701,0.8515215056470445,1.4053255196694014,Hantush-Jacob leaky,Hantush leaky,1.442341105908954,-0.02598035008344376,True,conventional Hantush-Jacob leaky fit
MW-08,5.843416890268858,266.6335393365701,0.8515215056470445,1.4053255196694014,Lagging Darcy no-leakage,"Lagging
without leakage",1.268123542259123,0.10265375038490765,True,finite radius lagging Darcy limit without leakage
MW-08,5.843416890268858,266.6335393365701,0.8515215056470445,1.4053255196694014,Lagging Darcy with leakage,Lagging leaky,1.4321924536311452,-0.018924152631827378,True,formal Lin and Yeh lagging leaky finite radius fit
MW-08,5.843416890268858,266.6335393365701,1.013378356379229,1.5474819106845756,Theis confined,Theis,1.434801087256947,0.0755520961236634,True,infinite line source confined fit
MW-08,5.843416890268858,266.6335393365701,1.013378356379229,1.5474819106845756,Hantush-Jacob leaky,Hantush leaky,1.5263442202238213,0.013744615155725275,True,conventional Hantush-Jacob leaky fit
MW-08,5.843416890268858,266.6335393365701,1.013378356379229,1.5474819106845756,Lagging Darcy no-leakage,"Lagging
without leakage",1.3421925380574815,0.142225767113365,True,finite radius lagging Darcy limit without leakage
MW-08,5.843416890268858,266.6335393365701,1.013378356379229,1.5474819106845756,Lagging Darcy with leakage,Lagging leaky,1.5176589981476492,0.01944733113542578,True,formal Lin and Yeh lagging leaky finite radius fit
MW-08,5.843416890268858,266.6335393365701,1.1787289428610892,1.6024879325846222,Theis confined,Theis,1.493997753923203,0.07005651000153659,True,infinite line source confined fit
MW-08,5.843416890268858,266.6335393365701,1.1787289428610892,1.6024879325846222,Hantush-Jacob leaky,Hantush leaky,1.5960747812870202,0.004007520210652379,True,conventional Hantush-Jacob leaky fit
MW-08,5.843416890268858,266.6335393365701,1.1787289428610892,1.6024879325846222,Lagging Darcy no-leakage,"Lagging
without leakage",1.408355695524835,0.12904856802403966,True,finite radius lagging Darcy limit without leakage
MW-08,5.843416890268858,266.6335393365701,1.1787289428610892,1.6024879325846222,Lagging Darcy with leakage,Lagging leaky,1.589257554894232,0.008285227126227986,True,formal Lin and Yeh lagging leaky finite radius fit
MW-08,5.843416890268858,266.6335393365701,1.3523291438353853,1.7037701838608306,Theis confined,Theis,1.5479106826970972,0.09587841362106587,True,infinite line source confined fit
MW-08,5.843416890268858,266.6335393365701,1.3523291438353853,1.7037701838608306,Hantush-Jacob leaky,Hantush leaky,1.6564195367148968,0.02816841519496884,True,conventional Hantush-Jacob leaky fit
MW-08,5.843416890268858,266.6335393365701,1.3523291438353853,1.7037701838608306,Lagging Darcy no-leakage,"Lagging
without leakage",1.469841599052306,0.1475955587983255,True,finite radius lagging Darcy limit without leakage
MW-08,5.843416890268858,266.6335393365701,1.3523291438353853,1.7037701838608306,Lagging Darcy with leakage,Lagging leaky,1.6515527701318053,0.031109086378323984,True,formal Lin and Yeh lagging leaky finite radius fit
MW-08,5.843416890268858,266.6335393365701,1.516392045545129,1.7489897797907252,Theis confined,Theis,1.592908920371372,0.09342050810254714,True,infinite line source confined fit
MW-08,5.843416890268858,266.6335393365701,1.516392045545129,1.7489897797907252,Hantush-Jacob leaky,Hantush leaky,1.704232561833003,0.02590844646286968,True,conventional Hantush-Jacob leaky fit
MW-08,5.843416890268858,266.6335393365701,1.516392045545129,1.7489897797907252,Lagging Darcy no-leakage,"Lagging
without leakage",1.5219517200063324,0.13895957497501407,True,finite radius lagging Darcy limit without leakage
MW-08,5.843416890268858,266.6335393365701,1.516392045545129,1.7489897797907252,Lagging Darcy with leakage,Lagging leaky,1.7010251330010429,0.027791151011009884,True,formal Lin and Yeh lagging leaky finite radius fit
MW-08,5.843416890268858,266.6335393365701,1.684852184361011,1.7954304517100623,Theis confined,Theis,1.6343539379444099,0.0939423568788226,True,infinite line source confined fit
MW-08,5.843416890268858,266.6335393365701,1.684852184361011,1.7954304517100623,Hantush-Jacob leaky,Hantush leaky,1.746046344780881,0.02787505459859718,True,conventional Hantush-Jacob leaky fit
MW-08,5.843416890268858,266.6335393365701,1.684852184361011,1.7954304517100623,Lagging Darcy no-leakage,"Lagging
without leakage",1.5704992554617514,0.1337715101276703,True,finite radius lagging Darcy limit without leakage
MW-08,5.843416890268858,266.6335393365701,1.684852184361011,1.7954304517100623,Lagging Darcy with leakage,Lagging leaky,1.7442934095777207,0.028878929063092893,True,formal Lin and Yeh lagging leaky finite radius fit
MW-08,5.843416890268858,266.6335393365701,1.829661907917865,1.7952422959753995,Theis confined,Theis,1.666821665888597,0.07417848616707064,True,infinite line source confined fit
MW-08,5.843416890268858,266.6335393365701,1.829661907917865,1.7952422959753995,Hantush-Jacob leaky,Hantush leaky,1.7772233618362518,0.010082114921685452,True,conventional Hantush-Jacob leaky fit
MW-08,5.843416890268858,266.6335393365701,1.829661907917865,1.7952422959753995,Lagging Darcy no-leakage,"Lagging
without leakage",1.608851634344337,0.10955484728401825,True,finite radius lagging Darcy limit without leakage
MW-08,5.843416890268858,266.6335393365701,1.829661907917865,1.7952422959753995,Lagging Darcy with leakage,Lagging leaky,1.7765119987720694,0.010482236416414013,True,formal Lin and Yeh lagging leaky finite radius fit
MW-08,5.843416890268858,266.6335393365701,2.00516947294017,1.85919580372598,Theis confined,Theis,1.702916759774974,0.08775217568833217,True,infinite line source confined fit
MW-08,5.843416890268858,266.6335393365701,2.00516947294017,1.85919580372598,Hantush-Jacob leaky,Hantush leaky,1.810175084428993,0.02670590046142457,True,conventional Hantush-Jacob leaky fit
MW-08,5.843416890268858,266.6335393365701,2.00516947294017,1.85919580372598,Lagging Darcy no-leakage,"Lagging
without leakage",1.651773436021568,0.11822700585785534,True,finite radius lagging Darcy limit without leakage
MW-08,5.843416890268858,266.6335393365701,2.00516947294017,1.85919580372598,Lagging Darcy with leakage,Lagging leaky,1.8104834070543336,0.026535681476217814,True,formal Lin and Yeh lagging leaky finite radius fit
MW-08,5.843416890268858,266.6335393365701,2.1576611381915805,1.84277161830948,Theis confined,Theis,1.7318187259804332,0.062063862240448214,True,infinite line source confined fit
MW-08,5.843416890268858,266.6335393365701,2.1576611381915805,1.84277161830948,Hantush-Jacob leaky,Hantush leaky,1.8352146934615365,0.004107045423605993,True,conventional Hantush-Jacob leaky fit
MW-08,5.843416890268858,266.6335393365701,2.1576611381915805,1.84277161830948,Lagging Darcy no-leakage,"Lagging
without leakage",1.6863283016070854,0.08866687482990662,True,finite radius lagging Darcy limit without leakage
MW-08,5.843416890268858,266.6335393365701,2.1576611381915805,1.84277161830948,Lagging Darcy with leakage,Lagging leaky,1.8362156262171618,0.003562087336319137,True,formal Lin and Yeh lagging leaky finite radius fit
MW-08,5.843416890268858,266.6335393365701,2.3431078591865204,1.8425785013623248,Theis confined,Theis,1.7643497728113737,0.043359678253065345,True,infinite line source confined fit
MW-08,5.843416890268858,266.6335393365701,2.3431078591865204,1.8425785013623248,Hantush-Jacob leaky,Hantush leaky,1.8619213352066337,-0.010437345363356242,True,conventional Hantush-Jacob leaky fit
MW-08,5.843416890268858,266.6335393365701,2.3431078591865204,1.8425785013623248,Lagging Darcy no-leakage,"Lagging
without leakage",1.7253914547497688,0.06567515481102994,True,finite radius lagging Darcy limit without leakage
MW-08,5.843416890268858,266.6335393365701,2.3431078591865204,1.8425785013623248,Lagging Darcy with leakage,Lagging leaky,1.8635565532885092,-0.011314731218184536,True,formal Lin and Yeh lagging leaky finite radius fit
MW-08,5.843416890268858,266.6335393365701,2.5097655193058177,1.8424175860327632,Theis confined,Theis,1.7914726982920772,0.028025170232860257,True,infinite line source confined fit
MW-08,5.843416890268858,266.6335393365701,2.5097655193058177,1.8424175860327632,Hantush-Jacob leaky,Hantush leaky,1.8829635238867386,-0.021756582442279286,True,conventional Hantush-Jacob leaky fit
MW-08,5.843416890268858,266.6335393365701,2.5097655193058177,1.8424175860327632,Lagging Darcy no-leakage,"Lagging
without leakage",1.7580780649681051,0.046831387447920765,True,finite radius lagging Darcy limit without leakage
MW-08,5.843416890268858,266.6335393365701,2.5097655193058177,1.8424175860327632,Lagging Darcy with leakage,Lagging leaky,1.8850048206731695,-0.02283950770814633,True,formal Lin and Yeh lagging leaky finite radius fit
MW-08,5.843416890268858,266.6335393365701,2.651586764411063,1.842288863887328,Theis confined,Theis,1.8131794250167141,0.015918144045084633,True,infinite line source confined fit
MW-08,5.843416890268858,266.6335393365701,2.651586764411063,1.842288863887328,Hantush-Jacob leaky,Hantush leaky,1.8989872032096602,-0.030295748895189795,True,conventional Hantush-Jacob leaky fit
MW-08,5.843416890268858,266.6335393365701,2.651586764411063,1.842288863887328,Lagging Darcy no-leakage,"Lagging
without leakage",1.7843036555707688,0.031962886172358235,True,finite radius lagging Darcy limit without leakage
MW-08,5.843416890268858,266.6335393365701,2.651586764411063,1.842288863887328,Lagging Darcy with leakage,Lagging leaky,1.9012725232558612,-0.03149783422643975,True,formal Lin and Yeh lagging leaky finite radius fit
MW-08,5.843416890268858,266.6335393365701,2.814234883599264,1.9079961149420688,Theis confined,Theis,1.8366960609342289,0.03806486337329926,True,infinite line source confined fit
MW-08,5.843416890268858,266.6335393365701,2.814234883599264,1.9079961149420688,Hantush-Jacob leaky,Hantush leaky,1.9155176055160064,-0.003932282467414572,True,conventional Hantush-Jacob leaky fit
MW-08,5.843416890268858,266.6335393365701,2.814234883599264,1.9079961149420688,Lagging Darcy no-leakage,"Lagging
without leakage",1.8127736483094552,0.05116794613184057,True,finite radius lagging Darcy limit without leakage
MW-08,5.843416890268858,266.6335393365701,2.814234883599264,1.9079961149420688,Lagging Darcy with leakage,Lagging leaky,1.9179876531031097,-0.005220273364061285,True,formal Lin and Yeh lagging leaky finite radius fit
MW-08,5.843416890268858,266.6335393365701,2.986925040728585,1.891173859274054,Theis confined,Theis,1.8602290932083148,0.01648928591054842,True,infinite line source confined fit
MW-08,5.843416890268858,266.6335393365701,2.986925040728585,1.891173859274054,Hantush-Jacob leaky,Hantush leaky,1.9311889733675507,-0.020927185107268178,True,conventional Hantush-Jacob leaky fit
MW-08,5.843416890268858,266.6335393365701,2.986925040728585,1.891173859274054,Lagging Darcy no-leakage,"Lagging
without leakage",1.841315782188331,0.026703000649101576,True,finite radius lagging Darcy limit without leakage
MW-08,5.843416890268858,266.6335393365701,2.986925040728585,1.891173859274054,Lagging Darcy with leakage,Lagging leaky,1.9337643118212098,-0.022259158185027716,True,formal Lin and Yeh lagging leaky finite radius fit
MW-08,5.843416890268858,266.6335393365701,3.170156626172978,1.9415029624504867,Theis confined,Theis,1.8837625460063805,0.030175485652879523,True,infinite line source confined fit
MW-08,5.843416890268858,266.6335393365701,3.170156626172978,1.9415029624504867,Hantush-Jacob leaky,Hantush leaky,1.9459853537974212,-0.0023048755861193406,True,conventional Hantush-Jacob leaky fit
MW-08,5.843416890268858,266.6335393365701,3.170156626172978,1.9415029624504867,Lagging Darcy no-leakage,"Lagging
without leakage",1.869903537170709,0.03755583919687772,True,finite radius lagging Darcy limit without leakage
MW-08,5.843416890268858,266.6335393365701,3.170156626172978,1.9415029624504867,Lagging Darcy with leakage,Lagging leaky,1.948591438644624,-0.0036425036502373384,True,formal Lin and Yeh lagging leaky finite radius fit
MW-08,5.843416890268858,266.6335393365701,3.318750711057046,1.941389924431098,Theis confined,Theis,1.901873903519962,0.020553810520220532,True,infinite line source confined fit
MW-08,5.843416890268858,266.6335393365701,3.318750711057046,1.941389924431098,Hantush-Jacob leaky,Hantush leaky,1.9567757778160897,-0.007889886929964708,True,conventional Hantush-Jacob leaky fit
MW-08,5.843416890268858,266.6335393365701,3.318750711057046,1.941389924431098,Lagging Darcy no-leakage,"Lagging
without leakage",1.8919313472469763,0.025792529766810544,True,finite radius lagging Darcy limit without leakage
MW-08,5.843416890268858,266.6335393365701,3.318750711057046,1.941389924431098,Lagging Darcy with leakage,Lagging leaky,1.959358808533889,-0.009208387371987573,True,formal Lin and Yeh lagging leaky finite radius fit
MW-08,5.843416890268858,266.6335393365701,3.4583557821267665,2.028410279443301,Theis confined,Theis,1.9181688316217214,0.05585305599798302,True,infinite line source confined fit
MW-08,5.843416890268858,266.6335393365701,3.4583557821267665,2.028410279443301,Hantush-Jacob leaky,Hantush leaky,1.9660409637593843,0.031214883421787926,True,conventional Hantush-Jacob leaky fit
MW-08,5.843416890268858,266.6335393365701,3.4583557821267665,2.028410279443301,Lagging Darcy no-leakage,"Lagging
without leakage",1.9117673433511608,0.05919418378994652,True,finite radius lagging Darcy limit without leakage
MW-08,5.843416890268858,266.6335393365701,3.4583557821267665,2.028410279443301,Lagging Darcy with leakage,Lagging leaky,1.9685716607965547,0.029929160071715092,True,formal Lin and Yeh lagging leaky finite radius fit
MW-08,5.843416890268858,266.6335393365701,3.637096878561026,2.010549778706668,Theis confined,Theis,1.9381012421676949,0.036680870663217284,True,infinite line source confined fit
MW-08,5.843416890268858,266.6335393365701,3.637096878561026,2.010549778706668,Hantush-Jacob leaky,Hantush leaky,1.9768059831031088,0.016917318179573707,True,conventional Hantush-Jacob leaky fit
MW-08,5.843416890268858,266.6335393365701,3.637096878561026,2.010549778706668,Lagging Darcy no-leakage,"Lagging
without leakage",1.9360510894579408,0.03773869952314323,True,finite radius lagging Darcy limit without leakage
MW-08,5.843416890268858,266.6335393365701,3.637096878561026,2.010549778706668,Lagging Darcy with leakage,Lagging leaky,1.9792362063628295,0.015689325425186466,True,formal Lin and Yeh lagging leaky finite radius fit
MW-08,5.843416890268858,266.6335393365701,3.807561128919378,2.0281622817324294,Theis confined,Theis,1.9562220637824157,0.03609688527943066,True,infinite line source confined fit
MW-08,5.843416890268858,266.6335393365701,3.807561128919378,2.0281622817324294,Hantush-Jacob leaky,Hantush leaky,1.9860532450911264,0.020970278850121135,True,conventional Hantush-Jacob leaky fit
MW-08,5.843416890268858,266.6335393365701,3.807561128919378,2.0281622817324294,Lagging Darcy no-leakage,"Lagging
without leakage",1.9581444290728152,0.035115176622543494,True,finite radius lagging Darcy limit without leakage
MW-08,5.843416890268858,266.6335393365701,3.807561128919378,2.0281622817324294,Lagging Darcy with leakage,Lagging leaky,1.988361670254426,0.019809220222302845,True,formal Lin and Yeh lagging leaky finite radius fit
MW-08,5.843416890268858,266.6335393365701,3.949680937341948,2.0280678143897224,Theis confined,Theis,1.9707225609271857,0.028668925754991782,True,infinite line source confined fit
MW-08,5.843416890268858,266.6335393365701,3.949680937341948,2.0280678143897224,Hantush-Jacob leaky,Hantush leaky,1.9930861533030286,0.017390605976178773,True,conventional Hantush-Jacob leaky fit
MW-08,5.843416890268858,266.6335393365701,3.949680937341948,2.0280678143897224,Lagging Darcy no-leakage,"Lagging
without leakage",1.9758338662542327,0.02607997545061854,True,finite radius lagging Darcy limit without leakage
MW-08,5.843416890268858,266.6335393365701,3.949680937341948,2.0280678143897224,Lagging Darcy with leakage,Lagging leaky,1.9952792648594542,0.016291402496085457,True,formal Lin and Yeh lagging leaky finite radius fit
MW-08,5.843416890268858,266.6335393365701,4.115916300172501,2.02796154388864,Theis confined,Theis,1.9870381266406743,0.020375820989112333,True,infinite line source confined fit
MW-08,5.843416890268858,266.6335393365701,4.115916300172501,2.02796154388864,Hantush-Jacob leaky,Hantush leaky,2.0006134107631044,0.013570546700673087,True,conventional Hantush-Jacob leaky fit
MW-08,5.843416890268858,266.6335393365701,4.115916300172501,2.02796154388864,Lagging Darcy no-leakage,"Lagging
without leakage",1.9957470639255952,0.01600471904263824,True,finite radius lagging Darcy limit without leakage
MW-08,5.843416890268858,266.6335393365701,4.115916300172501,2.02796154388864,Lagging Darcy with leakage,Lagging leaky,2.002660915833816,0.012548142199951883,True,formal Lin and Yeh lagging leaky finite radius fit
MW-08,5.843416890268858,266.6335393365701,4.289148227103751,2.027855278956117,Theis confined,Theis,2.0033562433529535,0.012148798440832834,True,infinite line source confined fit
MW-08,5.843416890268858,266.6335393365701,4.289148227103751,2.027855278956117,Hantush-Jacob leaky,Hantush leaky,2.007737909520346,0.00996511286474772,True,conventional Hantush-Jacob leaky fit
MW-08,5.843416890268858,266.6335393365701,4.289148227103751,2.027855278956117,Lagging Darcy no-leakage,"Lagging
without leakage",2.0156723650348742,0.006022923001334799,True,finite radius lagging Darcy limit without leakage
MW-08,5.843416890268858,266.6335393365701,4.289148227103751,2.027855278956117,Lagging Darcy with leakage,Lagging leaky,2.0096262142928265,0.009025509060146772,True,formal Lin and Yeh lagging leaky finite radius fit
MW-08,5.843416890268858,266.6335393365701,4.449224172679295,2.045643199720036,Theis confined,Theis,2.017861565695064,0.013667216287992176,True,infinite line source confined fit
MW-08,5.843416890268858,266.6335393365701,4.449224172679295,2.045643199720036,Hantush-Jacob leaky,Hantush leaky,2.0137365541771377,0.01571254298310256,True,conventional Hantush-Jacob leaky fit
MW-08,5.843416890268858,266.6335393365701,4.449224172679295,2.045643199720036,Lagging Darcy no-leakage,"Lagging
without leakage",2.0333908638873983,0.0060045431889771544,True,finite radius lagging Darcy limit without leakage
MW-08,5.843416890268858,266.6335393365701,4.449224172679295,2.045643199720036,Lagging Darcy with leakage,Lagging leaky,2.0154746615346277,0.014850217804793366,True,formal Lin and Yeh lagging leaky finite radius fit
MW-08,5.843416890268858,266.6335393365701,4.615294490565357,2.045547918154578,Theis confined,Theis,2.032370481682266,0.00645967933797426,True,infinite line source confined fit
MW-08,5.843416890268858,266.6335393365701,4.615294490565357,2.045547918154578,Hantush-Jacob leaky,Hantush leaky,2.0194267531411962,0.012845678330727585,True,conventional Hantush-Jacob leaky fit
MW-08,5.843416890268858,266.6335393365701,4.615294490565357,2.045547918154578,Lagging Darcy no-leakage,"Lagging
without leakage",2.0511194012099767,-0.0027186819777990047,True,finite radius lagging Darcy limit without leakage
MW-08,5.843416890268858,266.6335393365701,4.615294490565357,2.045547918154578,Lagging Darcy with leakage,Lagging leaky,2.021008876961356,0.01206292058479819,True,formal Lin and Yeh lagging leaky finite radius fit
MW-08,5.843416890268858,266.6335393365701,4.809544397426259,2.045440731698232,Theis confined,Theis,2.0486951583403266,-0.0015890231253280283,True,infinite line source confined fit
MW-08,5.843416890268858,266.6335393365701,4.809544397426259,2.045440731698232,Hantush-Jacob leaky,Hantush leaky,2.0254650583026175,0.00980913116843147,True,conventional Hantush-Jacob leaky fit
MW-08,5.843416890268858,266.6335393365701,4.809544397426259,2.045440731698232,Lagging Darcy no-leakage,"Lagging
without leakage",2.0710726577541663,-0.012447334547149571,True,finite radius lagging Darcy limit without leakage
MW-08,5.843416890268858,266.6335393365701,4.809544397426259,2.045440731698232,Lagging Darcy with leakage,Lagging leaky,2.0268676328035995,0.009117241940884216,True,formal Lin and Yeh lagging leaky finite radius fit
MW-08,5.843416890268858,266.6335393365701,5.058120105971941,2.027430274905802,Theis confined,Theis,2.0686522278450927,-0.020118356952782003,True,infinite line source confined fit
MW-08,5.843416890268858,266.6335393365701,5.058120105971941,2.027430274905802,Hantush-Jacob leaky,Hantush leaky,2.032335087628176,-0.0024151149407467,True,conventional Hantush-Jacob leaky fit
MW-08,5.843416890268858,266.6335393365701,5.058120105971941,2.027430274905802,Lagging Darcy no-leakage,"Lagging
without leakage",2.095473336989316,-0.032994339341613894,True,finite radius lagging Darcy limit without leakage
MW-08,5.843416890268858,266.6335393365701,5.058120105971941,2.027430274905802,Lagging Darcy with leakage,Lagging leaky,2.0335167135563603,-0.0029960731561245405,True,formal Lin and Yeh lagging leaky finite radius fit
MW-08,5.843416890268858,266.6335393365701,5.295185183113407,2.0451906518084173,Theis confined,Theis,2.086794413513449,-0.02012835832154418,True,infinite line source confined fit
MW-08,5.843416890268858,266.6335393365701,5.295185183113407,2.0451906518084173,Hantush-Jacob leaky,Hantush leaky,2.0381050384677364,0.003468840927504694,True,conventional Hantush-Jacob leaky fit
MW-08,5.843416890268858,266.6335393365701,5.295185183113407,2.0451906518084173,Lagging Darcy no-leakage,"Lagging
without leakage",2.117661391467401,-0.03480462424550767,True,finite radius lagging Darcy limit without leakage
MW-08,5.843416890268858,266.6335393365701,5.295185183113407,2.0451906518084173,Lagging Darcy with leakage,Lagging leaky,2.039088625553751,0.002986595078893957,True,formal Lin and Yeh lagging leaky finite radius fit
MW-08,5.843416890268858,266.6335393365701,5.49283157099942,2.0450953913216474,Theis confined,Theis,2.101311315090127,-0.02710407595081187,True,infinite line source confined fit
MW-08,5.843416890268858,266.6335393365701,5.49283157099942,2.0450953913216474,Hantush-Jacob leaky,Hantush leaky,2.042405578900872,0.0013154723905175916,True,conventional Hantush-Jacob leaky fit
MW-08,5.843416890268858,266.6335393365701,5.49283157099942,2.0450953913216474,Lagging Darcy no-leakage,"Lagging
without leakage",2.135419511599029,-0.04319801260826155,True,finite radius lagging Darcy limit without leakage
MW-08,5.843416890268858,266.6335393365701,5.49283157099942,2.0450953913216474,Lagging Darcy with leakage,Lagging leaky,2.0432351951185472,0.0009095579401387017,True,formal Lin and Yeh lagging leaky finite radius fit
MW-08,5.843416890268858,266.6335393365701,5.645892819630971,2.045023948868379,Theis confined,Theis,2.1121999863489913,-0.032305007172957506,True,infinite line source confined fit
MW-08,5.843416890268858,266.6335393365701,5.645892819630971,2.045023948868379,Hantush-Jacob leaky,Hantush leaky,2.0454516289340594,-0.0002090079997334839,True,conventional Hantush-Jacob leaky fit
MW-08,5.843416890268858,266.6335393365701,5.645892819630971,2.045023948868379,Lagging Darcy no-leakage,"Lagging
without leakage",2.148741317880859,-0.04944914496096131,True,finite radius lagging Darcy limit without leakage
MW-08,5.843416890268858,266.6335393365701,5.645892819630971,2.045023948868379,Lagging Darcy with leakage,Lagging leaky,2.0461695017238486,-0.0005597355215217581,True,formal Lin and Yeh lagging leaky finite radius fit
MW-08,5.843416890268858,266.6335393365701,5.964929615399978,2.044881071448971,Theis confined,Theis,2.1339797884619784,-0.04262864137980746,True,infinite line source confined fit
MW-08,5.843416890268858,266.6335393365701,5.964929615399978,2.044881071448971,Hantush-Jacob leaky,Hantush leaky,2.0510971204620745,-0.0030337173549594646,True,conventional Hantush-Jacob leaky fit
MW-08,5.843416890268858,266.6335393365701,5.964929615399978,2.044881071448971,Lagging Darcy no-leakage,"Lagging
without leakage",2.1753925191810346,-0.06184015988577845,True,finite radius lagging Darcy limit without leakage
MW-08,5.843416890268858,266.6335393365701,5.964929615399978,2.044881071448971,Lagging Darcy with leakage,Lagging leaky,2.0516038719241028,-0.003280630085286276,True,formal Lin and Yeh lagging leaky finite radius fit
MW-08,5.843416890268858,266.6335393365701,6.215983372552827,2.044773919935309,Theis confined,Theis,2.150316705596988,-0.05030391303545876,True,infinite line source confined fit
MW-08,5.843416890268858,266.6335393365701,6.215983372552827,2.044773919935309,Hantush-Jacob leaky,Hantush leaky,2.054954469864467,-0.004964039481483447,True,conventional Hantush-Jacob leaky fit
MW-08,5.843416890268858,266.6335393365701,6.215983372552827,2.044773919935309,Lagging Darcy no-leakage,"Lagging
without leakage",2.1953870079688884,-0.07103757839838985,True,finite radius lagging Darcy limit without leakage
MW-08,5.843416890268858,266.6335393365701,6.215983372552827,2.044773919935309,Lagging Darcy with leakage,Lagging leaky,2.055315853823059,-0.005139798335390042,True,formal Lin and Yeh lagging leaky finite radius fit
MW-08,5.843416890268858,266.6335393365701,6.389195706515373,2.04470248871218,Theis confined,Theis,2.161208927568226,-0.05538910502647288,True,infinite line source confined fit
MW-08,5.843416890268858,266.6335393365701,6.389195706515373,2.04470248871218,Hantush-Jacob leaky,Hantush leaky,2.057353606698201,-0.0061651974358735715,True,conventional Hantush-Jacob leaky fit
MW-08,5.843416890268858,266.6335393365701,6.389195706515373,2.04470248871218,Lagging Darcy no-leakage,"Lagging
without leakage",2.208719330279433,-0.07712426182134954,True,finite radius lagging Darcy limit without leakage
MW-08,5.843416890268858,266.6335393365701,6.389195706515373,2.04470248871218,Lagging Darcy with leakage,Lagging leaky,2.05762511305506,-0.006297093360401735,True,formal Lin and Yeh lagging leaky finite radius fit
MW-08,5.843416890268858,266.6335393365701,6.567234712436089,2.044631059984395,Theis confined,Theis,2.1721018808474337,-0.06044925637561075,True,infinite line source confined fit
MW-08,5.843416890268858,266.6335393365701,6.567234712436089,2.044631059984395,Hantush-Jacob leaky,Hantush leaky,2.0596193217935,-0.007300250584085612,True,conventional Hantush-Jacob leaky fit
MW-08,5.843416890268858,266.6335393365701,6.567234712436089,2.044631059984395,Lagging Darcy no-leakage,"Lagging
without leakage",2.222053651672457,-0.08317544081515368,True,finite radius lagging Darcy limit without leakage
MW-08,5.843416890268858,266.6335393365701,6.567234712436089,2.044631059984395,Lagging Darcy with leakage,Lagging leaky,2.0598070011433682,-0.007391325534984848,True,formal Lin and Yeh lagging leaky finite radius fit
MW-08,5.843416890268858,266.6335393365701,6.9383344811800844,2.044488210014519,Theis confined,Theis,2.193889902748343,-0.07049539256207057,True,infinite line source confined fit
MW-08,5.843416890268858,266.6335393365701,6.9383344811800844,2.044488210014519,Hantush-Jacob leaky,Hantush leaky,2.0637665157556144,-0.009380658083807983,True,conventional Hantush-Jacob leaky fit
MW-08,5.843416890268858,266.6335393365701,6.9383344811800844,2.044488210014519,Lagging Darcy no-leakage,"Lagging
without leakage",2.248727887953359,-0.09517277570937097,True,finite radius lagging Darcy limit without leakage
MW-08,5.843416890268858,266.6335393365701,6.9383344811800844,2.044488210014519,Lagging Darcy with leakage,Lagging leaky,2.0638057602589077,-0.009399664654305546,True,formal Lin and Yeh lagging leaky finite radius fit
MW-08,5.843416890268858,266.6335393365701,7.230357195980686,2.0443810790867483,Theis confined,Theis,2.2102326955958365,-0.07796602196430712,True,infinite line source confined fit
MW-08,5.843416890268858,266.6335393365701,7.230357195980686,2.0443810790867483,Hantush-Jacob leaky,Hantush leaky,2.0665569235456474,-0.010783561209927114,True,conventional Hantush-Jacob leaky fit
MW-08,5.843416890268858,266.6335393365701,7.230357195980686,2.0443810790867483,Lagging Darcy no-leakage,"Lagging
without leakage",2.268738103250576,-0.10408033294391149,True,finite radius lagging Darcy limit without leakage
MW-08,5.843416890268858,266.6335393365701,7.230357195980686,2.0443810790867483,Lagging Darcy with leakage,Lagging leaky,2.066502330230299,-0.010757156115343893,True,formal Lin and Yeh lagging leaky finite radius fit
MW-08,5.843416890268858,266.6335393365701,7.638928535495,2.04423824658201,Theis confined,Theis,2.2320253384804847,-0.0878430353705144,True,infinite line source confined fit
MW-08,5.843416890268858,266.6335393365701,7.638928535495,2.04423824658201,Hantush-Jacob leaky,Hantush leaky,2.069877927212621,-0.012458352085415014,True,conventional Hantush-Jacob leaky fit
MW-08,5.843416890268858,266.6335393365701,7.638928535495,2.04423824658201,Lagging Darcy no-leakage,"Lagging
without leakage",2.2954239308540045,-0.11583881558232899,True,finite radius lagging Darcy limit without leakage
MW-08,5.843416890268858,266.6335393365701,7.638928535495,2.04423824658201,Lagging Darcy with leakage,Lagging leaky,2.069721911233251,-0.012383011161361696,True,formal Lin and Yeh lagging leaky finite radius fit
MW-08,5.843416890268858,266.6335393365701,7.851792142313622,2.044166834071854,Theis confined,Theis,2.24292258629571,-0.0927461213592778,True,infinite line source confined fit
MW-08,5.843416890268858,266.6335393365701,7.851792142313622,2.044166834071854,Hantush-Jacob leaky,Hantush leaky,2.07137687973568,-0.013216832000851133,True,conventional Hantush-Jacob leaky fit
MW-08,5.843416890268858,266.6335393365701,7.851792142313622,2.044166834071854,Lagging Darcy no-leakage,"Lagging
without leakage",2.308769061981627,-0.12166817874751633,True,finite radius lagging Darcy limit without leakage
MW-08,5.843416890268858,266.6335393365701,7.851792142313622,2.044166834071854,Lagging Darcy with leakage,Lagging leaky,2.0711801968184895,-0.013121920571858608,True,formal Lin and Yeh lagging leaky finite radius fit
MW-08,5.843416890268858,266.6335393365701,8.070587329051772,2.044095424056392,Theis confined,Theis,2.2538204294650295,-0.09762588708116146,True,infinite line source confined fit
MW-08,5.843416890268858,266.6335393365701,8.070587329051772,2.044095424056392,Hantush-Jacob leaky,Hantush leaky,2.0727739261948064,-0.013925649566253962,True,conventional Hantush-Jacob leaky fit
MW-08,5.843416890268858,266.6335393365701,8.070587329051772,2.044095424056392,Lagging Darcy no-leakage,"Lagging
without leakage",2.3221155877426174,-0.1274647599746608,True,finite radius lagging Darcy limit without leakage
MW-08,5.843416890268858,266.6335393365701,8.070587329051772,2.044095424056392,Lagging Darcy with leakage,Lagging leaky,2.072543092591664,-0.01381433248953429,True,formal Lin and Yeh lagging leaky finite radius fit
MW-08,5.843416890268858,266.6335393365701,8.295479382960114,2.0440240165355346,Theis confined,Theis,2.264718851879495,-0.10248254902782622,True,infinite line source confined fit
MW-08,5.843416890268858,266.6335393365701,8.295479382960114,2.0440240165355346,Hantush-Jacob leaky,Hantush leaky,2.0740734302406754,-0.014587007671353252,True,conventional Hantush-Jacob leaky fit
MW-08,5.843416890268858,266.6335393365701,8.295479382960114,2.0440240165355346,Lagging Darcy no-leakage,"Lagging
without leakage",2.3354634512609618,-0.13322890706686452,True,finite radius lagging Darcy limit without leakage
MW-08,5.843416890268858,266.6335393365701,8.295479382960114,2.0440240165355346,Lagging Darcy with leakage,Lagging leaky,2.073814754454895,-0.014462341282957925,True,formal Lin and Yeh lagging leaky finite radius fit
MW-10,9.271058098308242,321.0090059574945,0.1641209620762556,0.0068851532459562,Theis confined,Theis,0.0012142655386699166,1.2700608920906284,True,infinite line source confined fit
MW-10,9.271058098308242,321.0090059574945,0.1641209620762556,0.0068851532459562,Hantush-Jacob leaky,Hantush leaky,0.001214225524885255,1.2700789631600236,True,conventional Hantush-Jacob leaky fit
MW-10,9.271058098308242,321.0090059574945,0.1641209620762556,0.0068851532459562,Lagging Darcy no-leakage,"Lagging
without leakage",0.0054941589922569,0.19407849902277047,True,finite radius lagging Darcy limit without leakage
MW-10,9.271058098308242,321.0090059574945,0.1641209620762556,0.0068851532459562,Lagging Darcy with leakage,Lagging leaky,0.006867438629123316,0.0022491059808793855,True,formal Lin and Yeh lagging leaky finite radius fit
MW-10,9.271058098308242,321.0090059574945,0.3291085076272816,0.0183908979313357,Theis confined,Theis,0.016833239765555594,0.08373965874453143,True,infinite line source confined fit
MW-10,9.271058098308242,321.0090059574945,0.3291085076272816,0.0183908979313357,Hantush-Jacob leaky,Hantush leaky,0.016832965519010028,0.0837550372544337,True,conventional Hantush-Jacob leaky fit
MW-10,9.271058098308242,321.0090059574945,0.3291085076272816,0.0183908979313357,Lagging Darcy no-leakage,"Lagging
without leakage",0.0192697717794565,-0.04432692419691592,True,finite radius lagging Darcy limit without leakage
MW-10,9.271058098308242,321.0090059574945,0.3291085076272816,0.0183908979313357,Lagging Darcy with leakage,Lagging leaky,0.018120434041603187,0.014046168887081083,True,formal Lin and Yeh lagging leaky finite radius fit
MW-10,9.271058098308242,321.0090059574945,0.4946242978484903,0.0319600042325634,Theis confined,Theis,0.04533848941124851,-0.3406780870719187,True,infinite line source confined fit
MW-10,9.271058098308242,321.0090059574945,0.4946242978484903,0.0319600042325634,Hantush-Jacob leaky,Hantush leaky,0.045338011426404215,-0.3406677719469414,True,conventional Hantush-Jacob leaky fit
MW-10,9.271058098308242,321.0090059574945,0.4946242978484903,0.0319600042325634,Lagging Darcy no-leakage,"Lagging
without leakage",0.0352342310414418,-0.09470944744848932,True,finite radius lagging Darcy limit without leakage
MW-10,9.271058098308242,321.0090059574945,0.4946242978484903,0.0319600042325634,Lagging Darcy with leakage,Lagging leaky,0.03192145399892807,0.0011702909762465795,True,formal Lin and Yeh lagging leaky finite radius fit
MW-10,9.271058098308242,321.0090059574945,0.6599634035657151,0.0478467874816704,Theis confined,Theis,0.07811824545350866,-0.48225489789130743,True,infinite line source confined fit
MW-10,9.271058098308242,321.0090059574945,0.6599634035657151,0.0478467874816704,Hantush-Jacob leaky,Hantush leaky,0.07811765322431188,-0.48224741249511427,True,conventional Hantush-Jacob leaky fit
MW-10,9.271058098308242,321.0090059574945,0.6599634035657151,0.0478467874816704,Lagging Darcy no-leakage,"Lagging
without leakage",0.0536166189397648,-0.11164959921128231,True,finite radius lagging Darcy limit without leakage
MW-10,9.271058098308242,321.0090059574945,0.6599634035657151,0.0478467874816704,Lagging Darcy with leakage,Lagging leaky,0.048490096046404474,-0.013083956272668723,True,formal Lin and Yeh lagging leaky finite radius fit
MW-10,9.271058098308242,321.0090059574945,0.8335021761597803,0.0667765258501425,Theis confined,Theis,0.11290542292059229,-0.5191525719658111,True,infinite line source confined fit
MW-10,9.271058098308242,321.0090059574945,0.8335021761597803,0.0667765258501425,Hantush-Jacob leaky,Hantush leaky,0.11290478188383193,-0.5191469441515444,True,conventional Hantush-Jacob leaky fit
MW-10,9.271058098308242,321.0090059574945,0.8335021761597803,0.0667765258501425,Lagging Darcy no-leakage,"Lagging
without leakage",0.0751929087575476,-0.11705248884051779,True,finite radius lagging Darcy limit without leakage
MW-10,9.271058098308242,321.0090059574945,0.8335021761597803,0.0667765258501425,Lagging Darcy with leakage,Lagging leaky,0.06851445663380257,-0.025318831462236464,True,formal Lin and Yeh lagging leaky finite radius fit
MW-10,9.271058098308242,321.0090059574945,0.99639676106962,0.0884191333528719,Theis confined,Theis,0.1444212741039168,-0.48630018984121604,True,infinite line source confined fit
MW-10,9.271058098308242,321.0090059574945,0.99639676106962,0.0884191333528719,Hantush-Jacob leaky,Hantush leaky,0.14442063011669368,-0.48629576140629116,True,conventional Hantush-Jacob leaky fit
MW-10,9.271058098308242,321.0090059574945,0.99639676106962,0.0884191333528719,Lagging Darcy no-leakage,"Lagging
without leakage",0.0970906320388302,-0.09255718912621416,True,finite radius lagging Darcy limit without leakage
MW-10,9.271058098308242,321.0090059574945,0.99639676106962,0.0884191333528719,Lagging Darcy with leakage,Lagging leaky,0.08929882011785081,-0.009789715202468642,True,formal Lin and Yeh lagging leaky finite radius fit
MW-10,9.271058098308242,321.0090059574945,1.1535738781921387,0.1101017654764233,Theis confined,Theis,0.17332547323562902,-0.4504775003816484,True,infinite line source confined fit
MW-10,9.271058098308242,321.0090059574945,1.1535738781921387,0.1101017654764233,Hantush-Jacob leaky,Hantush leaky,0.1733248514649659,-0.4504739336523551,True,conventional Hantush-Jacob leaky fit
MW-10,9.271058098308242,321.0090059574945,1.1535738781921387,0.1101017654764233,Lagging Darcy no-leakage,"Lagging
without leakage",0.1193090049293191,-0.07961688672579581,True,finite radius lagging Darcy limit without leakage
MW-10,9.271058098308242,321.0090059574945,1.1535738781921387,0.1101017654764233,Lagging Darcy with leakage,Lagging leaky,0.11075723839208892,-0.00588241708333937,True,formal Lin and Yeh lagging leaky finite radius fit
MW-10,9.271058098308242,321.0090059574945,1.3416709423670032,0.1383097961383468,Theis confined,Theis,0.20584600843773967,-0.395274393478419,True,infinite line source confined fit
MW-10,9.271058098308242,321.0090059574945,1.3416709423670032,0.1383097961383468,Hantush-Jacob leaky,Hantush leaky,0.20584543366964453,-0.39527161474994327,True,conventional Hantush-Jacob leaky fit
MW-10,9.271058098308242,321.0090059574945,1.3416709423670032,0.1383097961383468,Lagging Darcy no-leakage,"Lagging
without leakage",0.1468312742989271,-0.05937138255502861,True,finite radius lagging Darcy limit without leakage
MW-10,9.271058098308242,321.0090059574945,1.3416709423670032,0.1383097961383468,Lagging Darcy with leakage,Lagging leaky,0.1377532556013656,0.004002986205189157,True,formal Lin and Yeh lagging leaky finite radius fit
MW-10,9.271058098308242,321.0090059574945,1.4974670186300627,0.1619679534444106,Theis confined,Theis,0.23112603563406378,-0.3537269043569828,True,infinite line source confined fit
MW-10,9.271058098308242,321.0090059574945,1.4974670186300627,0.1619679534444106,Hantush-Jacob leaky,Hantush leaky,0.23112551046011465,-0.35372464190270114,True,conventional Hantush-Jacob leaky fit
MW-10,9.271058098308242,321.0090059574945,1.4974670186300627,0.1619679534444106,Lagging Darcy no-leakage,"Lagging
without leakage",0.1700876225652691,-0.04862226108449466,True,finite radius lagging Darcy limit without leakage
MW-10,9.271058098308242,321.0090059574945,1.4974670186300627,0.1619679534444106,Lagging Darcy with leakage,Lagging leaky,0.16086182851683187,0.006810515934579509,True,formal Lin and Yeh lagging leaky finite radius fit
MW-10,9.271058098308242,321.0090059574945,1.671368876911581,0.1863712562235201,Theis confined,Theis,0.2576941479849413,-0.3225544919864514,True,infinite line source confined fit
MW-10,9.271058098308242,321.0090059574945,1.671368876911581,0.1863712562235201,Hantush-Jacob leaky,Hantush leaky,0.25769368516613095,-0.3225527029269465,True,conventional Hantush-Jacob leaky fit
MW-10,9.271058098308242,321.0090059574945,1.671368876911581,0.1863712562235201,Lagging Darcy no-leakage,"Lagging
without leakage",0.196273292871477,-0.051498064727282696,True,finite radius lagging Darcy limit without leakage
MW-10,9.271058098308242,321.0090059574945,1.671368876911581,0.1863712562235201,Lagging Darcy with leakage,Lagging leaky,0.18715566287077154,-0.004177638130309602,True,formal Lin and Yeh lagging leaky finite radius fit
MW-10,9.271058098308242,321.0090059574945,1.8232335177888288,0.2125828649775576,Theis confined,Theis,0.27958512650189765,-0.2728522764860954,True,infinite line source confined fit
MW-10,9.271058098308242,321.0090059574945,1.8232335177888288,0.2125828649775576,Hantush-Jacob leaky,Hantush leaky,0.27958472187594324,-0.27285083440592806,True,conventional Hantush-Jacob leaky fit
MW-10,9.271058098308242,321.0090059574945,1.8232335177888288,0.2125828649775576,Lagging Darcy no-leakage,"Lagging
without leakage",0.2191731566058826,-0.030389428526460083,True,finite radius lagging Darcy limit without leakage
MW-10,9.271058098308242,321.0090059574945,1.8232335177888288,0.2125828649775576,Lagging Darcy with leakage,Lagging leaky,0.21035725933558888,0.010475009843161551,True,formal Lin and Yeh lagging leaky finite radius fit
MW-10,9.271058098308242,321.0090059574945,1.988914319456344,0.2382600690607651,Theis confined,Theis,0.3021960081554486,-0.23682837258144068,True,infinite line source confined fit
MW-10,9.271058098308242,321.0090059574945,1.988914319456344,0.2382600690607651,Hantush-Jacob leaky,Hantush leaky,0.3021956693036277,-0.23682725498094082,True,conventional Hantush-Jacob leaky fit
MW-10,9.271058098308242,321.0090059574945,1.988914319456344,0.2382600690607651,Lagging Darcy no-leakage,"Lagging
without leakage",0.2440563576972295,-0.02393710012293285,True,finite radius lagging Darcy limit without leakage
MW-10,9.271058098308242,321.0090059574945,1.988914319456344,0.2382600690607651,Lagging Darcy with leakage,Lagging leaky,0.23576096266285285,0.010500079585597682,True,formal Lin and Yeh lagging leaky finite radius fit
MW-10,9.271058098308242,321.0090059574945,2.14006699275839,0.2601012164886404,Theis confined,Theis,0.32176580715707165,-0.21201887021656254,True,infinite line source confined fit
MW-10,9.271058098308242,321.0090059574945,2.14006699275839,0.2601012164886404,Hantush-Jacob leaky,Hantush leaky,0.3217655293905344,-0.2120180096339028,True,conventional Hantush-Jacob leaky fit
MW-10,9.271058098308242,321.0090059574945,2.14006699275839,0.2601012164886404,Lagging Darcy no-leakage,"Lagging
without leakage",0.2665786666222124,-0.02450546914831612,True,finite radius lagging Darcy limit without leakage
MW-10,9.271058098308242,321.0090059574945,2.14006699275839,0.2601012164886404,Lagging Darcy with leakage,Lagging leaky,0.25890918308955935,0.004575860597004095,True,formal Lin and Yeh lagging leaky finite radius fit
MW-10,9.271058098308242,321.0090059574945,2.302696847933722,0.286448571796467,Theis confined,Theis,0.34179256683788745,-0.1760815392900218,True,infinite line source confined fit
MW-10,9.271058098308242,321.0090059574945,2.302696847933722,0.286448571796467,Hantush-Jacob leaky,Hantush leaky,0.3417923551842619,-0.1760809218504638,True,conventional Hantush-Jacob leaky fit
MW-10,9.271058098308242,321.0090059574945,2.302696847933722,0.286448571796467,Lagging Darcy no-leakage,"Lagging
without leakage",0.2905488663079581,-0.014163665632659198,True,finite radius lagging Darcy limit without leakage
MW-10,9.271058098308242,321.0090059574945,2.302696847933722,0.286448571796467,Lagging Darcy with leakage,Lagging leaky,0.2836911839320533,0.00963893589158076,True,formal Lin and Yeh lagging leaky finite radius fit
MW-10,9.271058098308242,321.0090059574945,2.489093695374437,0.3072620594253882,Theis confined,Theis,0.3635520779539495,-0.16771915278549354,True,infinite line source confined fit
MW-10,9.271058098308242,321.0090059574945,2.489093695374437,0.3072620594253882,Hantush-Jacob leaky,Hantush leaky,0.3635519418788417,-0.16771877951884276,True,conventional Hantush-Jacob leaky fit
MW-10,9.271058098308242,321.0090059574945,2.489093695374437,0.3072620594253882,Lagging Darcy no-leakage,"Lagging
without leakage",0.3176189652551963,-0.03304565905408224,True,finite radius lagging Darcy limit without leakage
MW-10,9.271058098308242,321.0090059574945,2.489093695374437,0.3072620594253882,Lagging Darcy with leakage,Lagging leaky,0.311841682707322,-0.01474699302754761,True,formal Lin and Yeh lagging leaky finite radius fit
MW-10,9.271058098308242,321.0090059574945,2.64171682326938,0.3325021709456003,Theis confined,Theis,0.38050323628775357,-0.1344699588329826,True,infinite line source confined fit
MW-10,9.271058098308242,321.0090059574945,2.64171682326938,0.3325021709456003,Hantush-Jacob leaky,Hantush leaky,0.38050316155990466,-0.13446976295559782,True,conventional Hantush-Jacob leaky fit
MW-10,9.271058098308242,321.0090059574945,2.64171682326938,0.3325021709456003,Lagging Darcy no-leakage,"Lagging
without leakage",0.3394245688565639,-0.020544195607513575,True,finite radius lagging Darcy limit without leakage
MW-10,9.271058098308242,321.0090059574945,2.64171682326938,0.3325021709456003,Lagging Darcy with leakage,Lagging leaky,0.33463275759621003,-0.006368203960206668,True,formal Lin and Yeh lagging leaky finite radius fit
MW-10,9.271058098308242,321.0090059574945,2.84246849405179,0.3661834929970484,Theis confined,Theis,0.40172221166095085,-0.09238531915586284,True,infinite line source confined fit
MW-10,9.271058098308242,321.0090059574945,2.84246849405179,0.3661834929970484,Hantush-Jacob leaky,Hantush leaky,0.4017222165152838,-0.09238533120966262,True,conventional Hantush-Jacob leaky fit
MW-10,9.271058098308242,321.0090059574945,2.84246849405179,0.3661834929970484,Lagging Darcy no-leakage,"Lagging
without leakage",0.3675751663440861,-0.003782966028427078,True,finite radius lagging Darcy limit without leakage
MW-10,9.271058098308242,321.0090059574945,2.84246849405179,0.3661834929970484,Lagging Darcy with leakage,Lagging leaky,0.36419443383222216,0.005431796842752468,True,formal Lin and Yeh lagging leaky finite radius fit
MW-10,9.271058098308242,321.0090059574945,2.989286796189463,0.3859667518236122,Theis confined,Theis,0.4165298591606939,-0.07601728394272442,True,infinite line source confined fit
MW-10,9.271058098308242,321.0090059574945,2.989286796189463,0.3859667518236122,Hantush-Jacob leaky,Hantush leaky,0.41652992125381755,-0.07601743265812194,True,conventional Hantush-Jacob leaky fit
MW-10,9.271058098308242,321.0090059574945,2.989286796189463,0.3859667518236122,Lagging Darcy no-leakage,"Lagging
without leakage",0.3877648284837875,-0.00463583003712481,True,finite radius lagging Darcy limit without leakage
MW-10,9.271058098308242,321.0090059574945,2.989286796189463,0.3859667518236122,Lagging Darcy with leakage,Lagging leaky,0.3854852855493353,0.0012449804595528005,True,formal Lin and Yeh lagging leaky finite radius fit
MW-10,9.271058098308242,321.0090059574945,3.1581081812488088,0.4104040672863653,Theis confined,Theis,0.4328762825373244,-0.053183566562074486,True,infinite line source confined fit
MW-10,9.271058098308242,321.0090059574945,3.1581081812488088,0.4104040672863653,Hantush-Jacob leaky,Hantush leaky,0.43287640932730287,-0.0531838587881423,True,conventional Hantush-Jacob leaky fit
MW-10,9.271058098308242,321.0090059574945,3.1581081812488088,0.4104040672863653,Lagging Darcy no-leakage,"Lagging
without leakage",0.4105549354215316,-0.0003666480015650346,True,finite radius lagging Darcy limit without leakage
MW-10,9.271058098308242,321.0090059574945,3.1581081812488088,0.4104040672863653,Lagging Darcy with leakage,Lagging leaky,0.40960143688199013,0.0019528595742608233,True,formal Lin and Yeh lagging leaky finite radius fit
MW-10,9.271058098308242,321.0090059574945,3.3517823737857912,0.4363860798456591,Theis confined,Theis,0.4508036454721755,-0.0324313898091534,True,infinite line source confined fit
MW-10,9.271058098308242,321.0090059574945,3.3517823737857912,0.4363860798456591,Hantush-Jacob leaky,Hantush leaky,0.4508038449197771,-0.03243183125658217,True,conventional Hantush-Jacob leaky fit
MW-10,9.271058098308242,321.0090059574945,3.3517823737857912,0.4363860798456591,Lagging Darcy no-leakage,"Lagging
without leakage",0.4361350701680485,0.0005740505749910128,True,finite radius lagging Darcy limit without leakage
MW-10,9.271058098308242,321.0090059574945,3.3517823737857912,0.4363860798456591,Lagging Darcy with leakage,Lagging leaky,0.4367678663827494,-0.0008725014906360795,True,formal Lin and Yeh lagging leaky finite radius fit
MW-10,9.271058098308242,321.0090059574945,3.508797830245685,0.4599647490023506,Theis confined,Theis,0.4647409780141369,-0.010308064716688882,True,infinite line source confined fit
MW-10,9.271058098308242,321.0090059574945,3.508797830245685,0.4599647490023506,Hantush-Jacob leaky,Hantush leaky,0.4647412351024633,-0.01030861671504757,True,conventional Hantush-Jacob leaky fit
MW-10,9.271058098308242,321.0090059574945,3.508797830245685,0.4599647490023506,Lagging Darcy no-leakage,"Lagging
without leakage",0.4564309347569082,0.007695662660962985,True,finite radius lagging Darcy limit without leakage
MW-10,9.271058098308242,321.0090059574945,3.508797830245685,0.4599647490023506,Lagging Darcy with leakage,Lagging leaky,0.45839129776195914,0.0034192262415659934,True,formal Lin and Yeh lagging leaky finite radius fit
MW-10,9.271058098308242,321.0090059574945,3.623068107986476,0.4763865376664573,Theis confined,Theis,0.474571118851793,0.0038100769712100797,True,infinite line source confined fit
MW-10,9.271058098308242,321.0090059574945,3.623068107986476,0.4763865376664573,Hantush-Jacob leaky,Hantush leaky,0.474571417169414,0.003809449688527092,True,conventional Hantush-Jacob leaky fit
MW-10,9.271058098308242,321.0090059574945,3.623068107986476,0.4763865376664573,Lagging Darcy no-leakage,"Lagging
without leakage",0.470954398541335,0.011444146574529449,True,finite radius lagging Darcy limit without leakage
MW-10,9.271058098308242,321.0090059574945,3.623068107986476,0.4763865376664573,Lagging Darcy with leakage,Lagging leaky,0.47390015889405906,0.0052219240935721415,True,formal Lin and Yeh lagging leaky finite radius fit
MW-10,9.271058098308242,321.0090059574945,3.810205699575216,0.5021235748524073,Theis confined,Theis,0.4901373937840685,0.024111902518882854,True,infinite line source confined fit
MW-10,9.271058098308242,321.0090059574945,3.810205699575216,0.5021235748524073,Hantush-Jacob leaky,Hantush leaky,0.49013775831348766,0.024111160304405743,True,conventional Hantush-Jacob leaky fit
MW-10,9.271058098308242,321.0090059574945,3.810205699575216,0.5021235748524073,Lagging Darcy no-leakage,"Lagging
without leakage",0.4942951236596568,0.015682021257409105,True,finite radius lagging Darcy limit without leakage
MW-10,9.271058098308242,321.0090059574945,3.810205699575216,0.5021235748524073,Lagging Darcy with leakage,Lagging leaky,0.49888325198311345,0.0064612404533518535,True,formal Lin and Yeh lagging leaky finite radius fit
MW-10,9.271058098308242,321.0090059574945,3.970466756451399,0.5292572322385969,Theis confined,Theis,0.5029761300553968,0.05083332670274304,True,infinite line source confined fit
MW-10,9.271058098308242,321.0090059574945,3.970466756451399,0.5292572322385969,Hantush-Jacob leaky,Hantush leaky,0.5029765500068789,0.050832493426557795,True,conventional Hantush-Jacob leaky fit
MW-10,9.271058098308242,321.0090059574945,3.970466756451399,0.5292572322385969,Lagging Darcy no-leakage,"Lagging
without leakage",0.513852625332624,0.029481537343128677,True,finite radius lagging Darcy limit without leakage
MW-10,9.271058098308242,321.0090059574945,3.970466756451399,0.5292572322385969,Lagging Darcy with leakage,Lagging leaky,0.5198699475145981,0.01786184295174681,True,formal Lin and Yeh lagging leaky finite radius fit
MW-10,9.271058098308242,321.0090059574945,4.175639244716656,0.5338904399735975,Theis confined,Theis,0.5187990664225831,0.02861961465478718,True,infinite line source confined fit
MW-10,9.271058098308242,321.0090059574945,4.175639244716656,0.5338904399735975,Hantush-Jacob leaky,Hantush leaky,0.5187995556333397,0.028618673501641673,True,conventional Hantush-Jacob leaky fit
MW-10,9.271058098308242,321.0090059574945,4.175639244716656,0.5338904399735975,Lagging Darcy no-leakage,"Lagging
without leakage",0.5383239196327105,-0.008254413641918909,True,finite radius lagging Darcy limit without leakage
MW-10,9.271058098308242,321.0090059574945,4.175639244716656,0.5338904399735975,Lagging Darcy with leakage,Lagging leaky,0.5461938410559889,-0.022741170036264885,True,formal Lin and Yeh lagging leaky finite radius fit
MW-10,9.271058098308242,321.0090059574945,4.291864897476698,0.5677133110615071,Theis confined,Theis,0.5274758043095261,0.07337943771578975,True,infinite line source confined fit
MW-10,9.271058098308242,321.0090059574945,4.291864897476698,0.5677133110615071,Hantush-Jacob leaky,Hantush leaky,0.5274763319269725,0.07337843934050244,True,conventional Hantush-Jacob leaky fit
MW-10,9.271058098308242,321.0090059574945,4.291864897476698,0.5677133110615071,Lagging Darcy no-leakage,"Lagging
without leakage",0.5519103406031217,0.028180604508216158,True,finite radius lagging Darcy limit without leakage
MW-10,9.271058098308242,321.0090059574945,4.291864897476698,0.5677133110615071,Lagging Darcy with leakage,Lagging leaky,0.5608382540123013,0.012162455939178533,True,formal Lin and Yeh lagging leaky finite radius fit
MW-10,9.271058098308242,321.0090059574945,4.513606102923091,0.5828284400872693,Theis confined,Theis,0.5434938943625652,0.06975044367814877,True,infinite line source confined fit
MW-10,9.271058098308242,321.0090059574945,4.513606102923091,0.5828284400872693,Hantush-Jacob leaky,Hantush leaky,0.5434944936271303,0.0697493430886995,True,conventional Hantush-Jacob leaky fit
MW-10,9.271058098308242,321.0090059574945,4.513606102923091,0.5828284400872693,Lagging Darcy no-leakage,"Lagging
without leakage",0.5772929594775184,0.009526582122131087,True,finite radius lagging Darcy limit without leakage
MW-10,9.271058098308242,321.0090059574945,4.513606102923091,0.5828284400872693,Lagging Darcy with leakage,Lagging leaky,0.5882509481792395,-0.00924497824750239,True,formal Lin and Yeh lagging leaky finite radius fit
MW-10,9.271058098308242,321.0090059574945,4.660599759424925,0.6036367422262995,Theis confined,Theis,0.5537477872498159,0.08611427855993645,True,infinite line source confined fit
MW-10,9.271058098308242,321.0090059574945,4.660599759424925,0.6036367422262995,Hantush-Jacob leaky,Hantush leaky,0.5537484328804508,0.08611311473328576,True,conventional Hantush-Jacob leaky fit
MW-10,9.271058098308242,321.0090059574945,4.660599759424925,0.6036367422262995,Lagging Darcy no-leakage,"Lagging
without leakage",0.5937403264883301,0.016502967416667538,True,finite radius lagging Darcy limit without leakage
MW-10,9.271058098308242,321.0090059574945,4.660599759424925,0.6036367422262995,Lagging Darcy with leakage,Lagging leaky,0.6060493815842212,-0.003982289635806421,True,formal Lin and Yeh lagging leaky finite radius fit
MW-10,9.271058098308242,321.0090059574945,4.878969849752808,0.6251770280081721,Theis confined,Theis,0.5684811725751934,0.09490740069590428,True,infinite line source confined fit
MW-10,9.271058098308242,321.0090059574945,4.878969849752808,0.6251770280081721,Hantush-Jacob leaky,Hantush leaky,0.568481885481832,0.09490614884382066,True,conventional Hantush-Jacob leaky fit
MW-10,9.271058098308242,321.0090059574945,4.878969849752808,0.6251770280081721,Lagging Darcy no-leakage,"Lagging
without leakage",0.6176350650727971,0.01211758025630734,True,finite radius lagging Darcy limit without leakage
MW-10,9.271058098308242,321.0090059574945,4.878969849752808,0.6251770280081721,Lagging Darcy with leakage,Lagging leaky,0.6319543964722937,-0.01076525259402887,True,formal Lin and Yeh lagging leaky finite radius fit
MW-10,9.271058098308242,321.0090059574945,5.060970215590215,0.6532036030334853,Theis confined,Theis,0.5803330256696823,0.1180948360676232,True,infinite line source confined fit
MW-10,9.271058098308242,321.0090059574945,5.060970215590215,0.6532036030334853,Hantush-Jacob leaky,Hantush leaky,0.5803337932114236,0.11809351575516754,True,conventional Hantush-Jacob leaky fit
MW-10,9.271058098308242,321.0090059574945,5.060970215590215,0.6532036030334853,Lagging Darcy no-leakage,"Lagging
without leakage",0.6370737608184882,0.024964733400031122,True,finite radius lagging Darcy limit without leakage
MW-10,9.271058098308242,321.0090059574945,5.060970215590215,0.6532036030334853,Lagging Darcy with leakage,Lagging leaky,0.6530681133256054,0.00020712778036859452,True,formal Lin and Yeh lagging leaky finite radius fit
MW-10,9.271058098308242,321.0090059574945,5.201929225274227,0.6706143977723698,Theis confined,Theis,0.589261223380864,0.12911917258358824,True,infinite line source confined fit
MW-10,9.271058098308242,321.0090059574945,5.201929225274227,0.6706143977723698,Hantush-Jacob leaky,Hantush leaky,0.5892620323774115,0.12911780201076195,True,conventional Hantush-Jacob leaky fit
MW-10,9.271058098308242,321.0090059574945,5.201929225274227,0.6706143977723698,Lagging Darcy no-leakage,"Lagging
without leakage",0.6518411800926606,0.02835047908073966,True,finite radius lagging Darcy limit without leakage
MW-10,9.271058098308242,321.0090059574945,5.201929225274227,0.6706143977723698,Lagging Darcy with leakage,Lagging leaky,0.6691307971005603,0.0022114501055922595,True,formal Lin and Yeh lagging leaky finite radius fit
MW-10,9.271058098308242,321.0090059574945,5.346814249450446,0.6884892679879229,Theis confined,Theis,0.5982213496620713,0.14032007034718164,True,infinite line source confined fit
MW-10,9.271058098308242,321.0090059574945,5.346814249450446,0.6884892679879229,Hantush-Jacob leaky,Hantush leaky,0.5982222005097322,0.1403186504260502,True,conventional Hantush-Jacob leaky fit
MW-10,9.271058098308242,321.0090059574945,5.346814249450446,0.6884892679879229,Lagging Darcy no-leakage,"Lagging
without leakage",0.6667656347660466,0.03201386637548324,True,finite radius lagging Darcy limit without leakage
MW-10,9.271058098308242,321.0090059574945,5.346814249450446,0.6884892679879229,Lagging Darcy with leakage,Lagging leaky,0.6853835575359495,0.004514538944535783,True,formal Lin and Yeh lagging leaky finite radius fit
MW-10,9.271058098308242,321.0090059574945,5.520966928397756,0.7068364678962098,Theis confined,Theis,0.6087148935137869,0.14922162924119958,True,infinite line source confined fit
MW-10,9.271058098308242,321.0090059574945,5.520966928397756,0.7068364678962098,Hantush-Jacob leaky,Hantush leaky,0.6087157936805966,0.14922015286895607,True,conventional Hantush-Jacob leaky fit
MW-10,9.271058098308242,321.0090059574945,5.520966928397756,0.7068364678962098,Lagging Darcy no-leakage,"Lagging
without leakage",0.6843735835734326,0.03224902238913037,True,finite radius lagging Darcy limit without leakage
MW-10,9.271058098308242,321.0090059574945,5.520966928397756,0.7068364678962098,Lagging Darcy with leakage,Lagging leaky,0.7045827233588285,0.0031890701094269996,True,formal Lin and Yeh lagging leaky finite radius fit
MW-10,9.271058098308242,321.0090059574945,5.648802778973147,0.7256810432967666,Theis confined,Theis,0.6162343805230949,0.16323882831191075,True,infinite line source confined fit
MW-10,9.271058098308242,321.0090059574945,5.648802778973147,0.7256810432967666,Hantush-Jacob leaky,Hantush leaky,0.6162353162277788,0.16323731234973463,True,conventional Hantush-Jacob leaky fit
MW-10,9.271058098308242,321.0090059574945,5.648802778973147,0.7256810432967666,Lagging Darcy no-leakage,"Lagging
without leakage",0.69707485260944,0.04016131556447846,True,finite radius lagging Darcy limit without leakage
MW-10,9.271058098308242,321.0090059574945,5.648802778973147,0.7256810432967666,Lagging Darcy with leakage,Lagging leaky,0.7184474646558986,0.010004144072647493,True,formal Lin and Yeh lagging leaky finite radius fit
MW-10,9.271058098308242,321.0090059574945,5.859545834031684,0.7515851325663183,Theis confined,Theis,0.6283094428953918,0.17889102738666018,True,infinite line source confined fit
MW-10,9.271058098308242,321.0090059574945,5.859545834031684,0.7515851325663183,Hantush-Jacob leaky,Hantush leaky,0.6283104359999724,0.17888944930165263,True,conventional Hantush-Jacob leaky fit
MW-10,9.271058098308242,321.0090059574945,5.859545834031684,0.7515851325663183,Lagging Darcy no-leakage,"Lagging
without leakage",0.7176132404424925,0.04619082336230674,True,finite radius lagging Darcy limit without leakage
MW-10,9.271058098308242,321.0090059574945,5.859545834031684,0.7515851325663183,Lagging Darcy with leakage,Lagging leaky,0.7408940408555755,0.014307692313716237,True,formal Lin and Yeh lagging leaky finite radius fit
MW-10,9.271058098308242,321.0090059574945,5.940547049208386,0.7716317127040275,Theis confined,Theis,0.6328486955382477,0.1979922207352831,True,infinite line source confined fit
MW-10,9.271058098308242,321.0090059574945,5.940547049208386,0.7716317127040275,Hantush-Jacob leaky,Hantush leaky,0.6328497103235009,0.19799061974683266,True,conventional Hantush-Jacob leaky fit
MW-10,9.271058098308242,321.0090059574945,5.940547049208386,0.7716317127040275,Lagging Darcy no-leakage,"Lagging
without leakage",0.7253783486489261,0.06173147565285514,True,finite radius lagging Darcy limit without leakage
MW-10,9.271058098308242,321.0090059574945,5.940547049208386,0.7716317127040275,Lagging Darcy with leakage,Lagging leaky,0.7493889829367472,0.0292107801235939,True,formal Lin and Yeh lagging leaky finite radius fit
MW-10,9.271058098308242,321.0090059574945,6.190574585559644,0.7715912792983102,Theis confined,Theis,0.6465217541691654,0.17659777251363548,True,infinite line source confined fit
MW-10,9.271058098308242,321.0090059574945,6.190574585559644,0.7715912792983102,Hantush-Jacob leaky,Hantush leaky,0.6465228345889894,0.17659610396904107,True,conventional Hantush-Jacob leaky fit
MW-10,9.271058098308242,321.0090059574945,6.190574585559644,0.7715912792983102,Lagging Darcy no-leakage,"Lagging
without leakage",0.7489105253707348,0.029796262787495097,True,finite radius lagging Darcy limit without leakage
MW-10,9.271058098308242,321.0090059574945,6.190574585559644,0.7715912792983102,Lagging Darcy with leakage,Lagging leaky,0.7751600587069807,-0.00460859743922159,True,formal Lin and Yeh lagging leaky finite radius fit
MW-10,9.271058098308242,321.0090059574945,6.421557866827258,0.7921484102011915,Theis confined,Theis,0.6587230751067878,0.18419019064188472,True,infinite line source confined fit
MW-10,9.271058098308242,321.0090059574945,6.421557866827258,0.7921484102011915,Hantush-Jacob leaky,Hantush leaky,0.6587242144988441,0.18418846356712354,True,conventional Hantush-Jacob leaky fit
MW-10,9.271058098308242,321.0090059574945,6.421557866827258,0.7921484102011915,Lagging Darcy no-leakage,"Lagging
without leakage",0.7700849826835197,0.02821176297862294,True,finite radius lagging Darcy limit without leakage
MW-10,9.271058098308242,321.0090059574945,6.421557866827258,0.7921484102011915,Lagging Darcy with leakage,Lagging leaky,0.7983827620821348,-0.007829528033543793,True,formal Lin and Yeh lagging leaky finite radius fit
MW-10,9.271058098308242,321.0090059574945,6.570160480004203,0.8349738198369397,Theis confined,Theis,0.6663669126133134,0.2252573080673376,True,infinite line source confined fit
MW-10,9.271058098308242,321.0090059574945,6.570160480004203,0.8349738198369397,Hantush-Jacob leaky,Hantush leaky,0.6663680891363184,0.22525554513611384,True,conventional Hantush-Jacob leaky fit
MW-10,9.271058098308242,321.0090059574945,6.570160480004203,0.8349738198369397,Lagging Darcy no-leakage,"Lagging
without leakage",0.7834318231759015,0.06363763302401156,True,finite radius lagging Darcy limit without leakage
MW-10,9.271058098308242,321.0090059574945,6.570160480004203,0.8349738198369397,Lagging Darcy with leakage,Lagging leaky,0.813036428385381,0.026592179292445832,True,formal Lin and Yeh lagging leaky finite radius fit
MW-10,9.271058098308242,321.0090059574945,6.784277633785919,0.8276410070838782,Theis confined,Theis,0.6771122395278758,0.20047419875462721,True,infinite line source confined fit
MW-10,9.271058098308242,321.0090059574945,6.784277633785919,0.8276410070838782,Hantush-Jacob leaky,Hantush leaky,0.6771134684822304,0.20047238643924725,True,conventional Hantush-Jacob leaky fit
MW-10,9.271058098308242,321.0090059574945,6.784277633785919,0.8276410070838782,Lagging Darcy no-leakage,"Lagging
without leakage",0.8022972965884664,0.03106214022843395,True,finite radius lagging Darcy limit without leakage
MW-10,9.271058098308242,321.0090059574945,6.784277633785919,0.8276410070838782,Lagging Darcy with leakage,Lagging leaky,0.8337691375892924,-0.0073681866733669625,True,formal Lin and Yeh lagging leaky finite radius fit
MW-10,9.271058098308242,321.0090059574945,7.037290295112984,0.8800632300798256,Theis confined,Theis,0.6894226901230931,0.2438253897532268,True,infinite line source confined fit
MW-10,9.271058098308242,321.0090059574945,7.037290295112984,0.8800632300798256,Hantush-Jacob leaky,Hantush leaky,0.6894239794713908,0.24382352227825504,True,conventional Hantush-Jacob leaky fit
MW-10,9.271058098308242,321.0090059574945,7.037290295112984,0.8800632300798256,Lagging Darcy no-leakage,"Lagging
without leakage",0.8240544803569692,0.06567997321580892,True,finite radius lagging Darcy limit without leakage
MW-10,9.271058098308242,321.0090059574945,7.037290295112984,0.8800632300798256,Lagging Darcy with leakage,Lagging leaky,0.8577079405784377,0.025700529321718225,True,formal Lin and Yeh lagging leaky finite radius fit
MW-10,9.271058098308242,321.0090059574945,7.468989731966448,0.903484023938236,Theis confined,Theis,0.7095314391960641,0.24135144585947912,True,infinite line source confined fit
MW-10,9.271058098308242,321.0090059574945,7.468989731966448,0.903484023938236,Hantush-Jacob leaky,Hantush leaky,0.7095328279095172,0.24134949138988157,True,conventional Hantush-Jacob leaky fit
MW-10,9.271058098308242,321.0090059574945,7.468989731966448,0.903484023938236,Lagging Darcy no-leakage,"Lagging
without leakage",0.8599110054286504,0.049373504599910516,True,finite radius lagging Darcy limit without leakage
MW-10,9.271058098308242,321.0090059574945,7.468989731966448,0.903484023938236,Lagging Darcy with leakage,Lagging leaky,0.8972225269525738,0.006946801367292687,True,formal Lin and Yeh lagging leaky finite radius fit
MW-10,9.271058098308242,321.0090059574945,7.783278849165212,0.9194413587048328,Theis confined,Theis,0.7235170022303309,0.23934806370631215,True,infinite line source confined fit
MW-10,9.271058098308242,321.0090059574945,7.783278849165212,0.9194413587048328,Hantush-Jacob leaky,Hantush leaky,0.7235184605480606,0.239346050894663,True,conventional Hantush-Jacob leaky fit
MW-10,9.271058098308242,321.0090059574945,7.783278849165212,0.9194413587048328,Lagging Darcy no-leakage,"Lagging
without leakage",0.8850705365472238,0.03805673293641083,True,finite radius lagging Darcy limit without leakage
MW-10,9.271058098308242,321.0090059574945,7.783278849165212,0.9194413587048328,Lagging Darcy with leakage,Lagging leaky,0.9249930075606716,-0.006013390658913073,True,formal Lin and Yeh lagging leaky finite radius fit
MW-10,9.271058098308242,321.0090059574945,8.147960519566583,0.9522508751586054,Theis confined,Theis,0.7391126133557256,0.2530757619856186,True,infinite line source confined fit
MW-10,9.271058098308242,321.0090059574945,8.147960519566583,0.9522508751586054,Hantush-Jacob leaky,Hantush leaky,0.7391141497456452,0.25307368610108816,True,conventional Hantush-Jacob leaky fit
MW-10,9.271058098308242,321.0090059574945,8.147960519566583,0.9522508751586054,Lagging Darcy no-leakage,"Lagging
without leakage",0.9133304882493716,0.041686026199906225,True,finite radius lagging Darcy limit without leakage
MW-10,9.271058098308242,321.0090059574945,8.147960519566583,0.9522508751586054,Lagging Darcy with leakage,Lagging leaky,0.9562267382772436,-0.004162172673880942,True,formal Lin and Yeh lagging leaky finite radius fit
MW-10,9.271058098308242,321.0090059574945,8.336696197693055,0.9606205990058588,Theis confined,Theis,0.7469343282276827,0.2513048075135303,True,infinite line source confined fit
MW-10,9.271058098308242,321.0090059574945,8.336696197693055,0.9606205990058588,Hantush-Jacob leaky,Hantush leaky,0.7469359039468817,0.25130270075431393,True,conventional Hantush-Jacob leaky fit
MW-10,9.271058098308242,321.0090059574945,8.336696197693055,0.9606205990058588,Lagging Darcy no-leakage,"Lagging
without leakage",0.9275818317932992,0.0349614749112514,True,finite radius lagging Darcy limit without leakage
MW-10,9.271058098308242,321.0090059574945,8.336696197693055,0.9606205990058588,Lagging Darcy with leakage,Lagging leaky,0.9719935498084382,-0.011757467838011095,True,formal Lin and Yeh lagging leaky finite radius fit
MW-10,9.271058098308242,321.0090059574945,8.727422294702428,0.9690356770038204,Theis confined,Theis,0.7626225621433042,0.2392592127514148,True,infinite line source confined fit
MW-10,9.271058098308242,321.0090059574945,8.727422294702428,0.9690356770038204,Hantush-Jacob leaky,Hantush leaky,0.7626242170684383,0.23925704555072833,True,conventional Hantush-Jacob leaky fit
MW-10,9.271058098308242,321.0090059574945,8.727422294702428,0.9690356770038204,Lagging Darcy no-leakage,"Lagging
without leakage",0.956317306256538,0.013197951252971102,True,finite radius lagging Darcy limit without leakage
MW-10,9.271058098308242,321.0090059574945,8.727422294702428,0.9690356770038204,Lagging Darcy with leakage,Lagging leaky,1.0038155629630188,-0.03522643297428546,True,formal Lin and Yeh lagging leaky finite radius fit
MW-10,9.271058098308242,321.0090059574945,9.053060668132408,0.9948532228939772,Theis confined,Theis,0.7752101031908301,0.2491766450815545,True,infinite line source confined fit
MW-10,9.271058098308242,321.0090059574945,9.053060668132408,0.9948532228939772,Hantush-Jacob leaky,Hantush leaky,0.7752118220016839,0.24917443072110787,True,conventional Hantush-Jacob leaky fit
MW-10,9.271058098308242,321.0090059574945,9.053060668132408,0.9948532228939772,Lagging Darcy no-leakage,"Lagging
without leakage",0.9795140758398652,0.015522878841881122,True,finite radius lagging Darcy limit without leakage
MW-10,9.271058098308242,321.0090059574945,9.053060668132408,0.9948532228939772,Lagging Darcy with leakage,Lagging leaky,1.0295328459038424,-0.03423139342412554,True,formal Lin and Yeh lagging leaky finite radius fit
MW-11,12.357706052704296,268.4088597288054,0.1795650202739737,0.2022687498663643,Theis confined,Theis,0.21052861796753858,-0.03983130443387117,True,infinite line source confined fit
MW-11,12.357706052704296,268.4088597288054,0.1795650202739737,0.2022687498663643,Hantush-Jacob leaky,Hantush leaky,0.17866338997758646,0.1234439499651202,True,conventional Hantush-Jacob leaky fit
MW-11,12.357706052704296,268.4088597288054,0.1795650202739737,0.2022687498663643,Lagging Darcy no-leakage,"Lagging
without leakage",0.1972030410841588,0.02523702914755839,True,finite radius lagging Darcy limit without leakage
MW-11,12.357706052704296,268.4088597288054,0.1795650202739737,0.2022687498663643,Lagging Darcy with leakage,Lagging leaky,0.19716988089500298,0.025404347283558136,True,formal Lin and Yeh lagging leaky finite radius fit
MW-11,12.357706052704296,268.4088597288054,0.3455955421899541,0.3802896966917835,Theis confined,Theis,0.4251474886294926,-0.11122605881856068,True,infinite line source confined fit
MW-11,12.357706052704296,268.4088597288054,0.3455955421899541,0.3802896966917835,Hantush-Jacob leaky,Hantush leaky,0.41855654719877705,-0.09563886851128092,True,conventional Hantush-Jacob leaky fit
MW-11,12.357706052704296,268.4088597288054,0.3455955421899541,0.3802896966917835,Lagging Darcy no-leakage,"Lagging
without leakage",0.4069472126949915,-0.06757834041272787,True,finite radius lagging Darcy limit without leakage
MW-11,12.357706052704296,268.4088597288054,0.3455955421899541,0.3802896966917835,Lagging Darcy with leakage,Lagging leaky,0.38945478132395805,-0.023752720737596683,True,formal Lin and Yeh lagging leaky finite radius fit
MW-11,12.357706052704296,268.4088597288054,0.5076951665236507,0.5353222678485561,Theis confined,Theis,0.5790918125664467,-0.07845116216012668,True,infinite line source confined fit
MW-11,12.357706052704296,268.4088597288054,0.5076951665236507,0.5353222678485561,Hantush-Jacob leaky,Hantush leaky,0.5989075694752996,-0.1120403660936279,True,conventional Hantush-Jacob leaky fit
MW-11,12.357706052704296,268.4088597288054,0.5076951665236507,0.5353222678485561,Lagging Darcy no-leakage,"Lagging
without leakage",0.5582253885882773,-0.041817365132259046,True,finite radius lagging Darcy limit without leakage
MW-11,12.357706052704296,268.4088597288054,0.5076951665236507,0.5353222678485561,Lagging Darcy with leakage,Lagging leaky,0.5498704907551525,-0.02676451114324287,True,formal Lin and Yeh lagging leaky finite radius fit
MW-11,12.357706052704296,268.4088597288054,0.6712873743528813,0.6664844302151164,Theis confined,Theis,0.7004698075155003,-0.04966179424196425,True,infinite line source confined fit
MW-11,12.357706052704296,268.4088597288054,0.6712873743528813,0.6664844302151164,Hantush-Jacob leaky,Hantush leaky,0.7411190451857234,-0.1059936040722962,True,conventional Hantush-Jacob leaky fit
MW-11,12.357706052704296,268.4088597288054,0.6712873743528813,0.6664844302151164,Lagging Darcy no-leakage,"Lagging
without leakage",0.6780866795376951,-0.017232712569416397,True,finite radius lagging Darcy limit without leakage
MW-11,12.357706052704296,268.4088597288054,0.6712873743528813,0.6664844302151164,Lagging Darcy with leakage,Lagging leaky,0.6917220603504566,-0.03711278694360253,True,formal Lin and Yeh lagging leaky finite radius fit
MW-11,12.357706052704296,268.4088597288054,0.8401381718930785,0.7941988646428686,Theis confined,Theis,0.8025933362498058,-0.010501112955976194,True,infinite line source confined fit
MW-11,12.357706052704296,268.4088597288054,0.8401381718930785,0.7941988646428686,Hantush-Jacob leaky,Hantush leaky,0.8589457150838671,-0.07827703768142016,True,conventional Hantush-Jacob leaky fit
MW-11,12.357706052704296,268.4088597288054,0.8401381718930785,0.7941988646428686,Lagging Darcy no-leakage,"Lagging
without leakage",0.7793817758695694,0.01880897139631315,True,finite radius lagging Darcy limit without leakage
MW-11,12.357706052704296,268.4088597288054,0.8401381718930785,0.7941988646428686,Lagging Darcy with leakage,Lagging leaky,0.8187299217157266,-0.030382694666480498,True,formal Lin and Yeh lagging leaky finite radius fit
MW-11,12.357706052704296,268.4088597288054,0.9998138193352706,0.9057962978148518,Theis confined,Theis,0.8841384221823231,0.024173793910151283,True,infinite line source confined fit
MW-11,12.357706052704296,268.4088597288054,0.9998138193352706,0.9057962978148518,Hantush-Jacob leaky,Hantush leaky,0.9509686119317132,-0.04861422765486327,True,conventional Hantush-Jacob leaky fit
MW-11,12.357706052704296,268.4088597288054,0.9998138193352706,0.9057962978148518,Lagging Darcy no-leakage,"Lagging
without leakage",0.8605559559236444,0.05117783033470561,True,finite radius lagging Darcy limit without leakage
MW-11,12.357706052704296,268.4088597288054,0.9998138193352706,0.9057962978148518,Lagging Darcy with leakage,Lagging leaky,0.9225917591553386,-0.018352318981922938,True,formal Lin and Yeh lagging leaky finite radius fit
MW-11,12.357706052704296,268.4088597288054,1.178991481284275,1.0240560322695995,Theis confined,Theis,0.9629982302494817,0.06141309693920115,True,infinite line source confined fit
MW-11,12.357706052704296,268.4088597288054,1.178991481284275,1.0240560322695995,Hantush-Jacob leaky,Hantush leaky,1.0376224947860082,-0.013148034226347291,True,conventional Hantush-Jacob leaky fit
MW-11,12.357706052704296,268.4088597288054,1.178991481284275,1.0240560322695995,Lagging Darcy no-leakage,"Lagging
without leakage",0.9392828217714242,0.08632185147187889,True,finite radius lagging Darcy limit without leakage
MW-11,12.357706052704296,268.4088597288054,1.178991481284275,1.0240560322695995,Lagging Darcy with leakage,Lagging leaky,1.0228444202818823,0.0011826949693322392,True,formal Lin and Yeh lagging leaky finite radius fit
MW-11,12.357706052704296,268.4088597288054,1.32198486158074,1.1178720112783955,Theis confined,Theis,1.0185651047227522,0.09294487656419273,True,infinite line source confined fit
MW-11,12.357706052704296,268.4088597288054,1.32198486158074,1.1178720112783955,Hantush-Jacob leaky,Hantush leaky,1.097015542967182,0.0188165463258925,True,conventional Hantush-Jacob leaky fit
MW-11,12.357706052704296,268.4088597288054,1.32198486158074,1.1178720112783955,Lagging Darcy no-leakage,"Lagging
without leakage",0.9948747207019696,0.11645485675740935,True,finite radius lagging Darcy limit without leakage
MW-11,12.357706052704296,268.4088597288054,1.32198486158074,1.1178720112783955,Lagging Darcy with leakage,Lagging leaky,1.0922182637709537,0.02319516338267748,True,formal Lin and Yeh lagging leaky finite radius fit
MW-11,12.357706052704296,268.4088597288054,1.4891528389907769,1.1781627440370952,Theis confined,Theis,1.0769838339176372,0.08971217167553178,True,infinite line source confined fit
MW-11,12.357706052704296,268.4088597288054,1.4891528389907769,1.1781627440370952,Hantush-Jacob leaky,Hantush leaky,1.1577476610446336,0.017464828304129897,True,conventional Hantush-Jacob leaky fit
MW-11,12.357706052704296,268.4088597288054,1.4891528389907769,1.1781627440370952,Lagging Darcy no-leakage,"Lagging
without leakage",1.0534119973728049,0.11182138459421817,True,finite radius lagging Darcy limit without leakage
MW-11,12.357706052704296,268.4088597288054,1.4891528389907769,1.1781627440370952,Lagging Darcy with leakage,Lagging leaky,1.1631170899298109,0.012841710710719791,True,formal Lin and Yeh lagging leaky finite radius fit
MW-11,12.357706052704296,268.4088597288054,1.6470034197723251,1.2417340850540572,Theis confined,Theis,1.1268589237974245,0.09699278197894588,True,infinite line source confined fit
MW-11,12.357706052704296,268.4088597288054,1.6470034197723251,1.2417340850540572,Hantush-Jacob leaky,Hantush leaky,1.2080584251795938,0.027471964002126942,True,conventional Hantush-Jacob leaky fit
MW-11,12.357706052704296,268.4088597288054,1.6470034197723251,1.2417340850540572,Lagging Darcy no-leakage,"Lagging
without leakage",1.1034533436597982,0.11796335873828237,True,finite radius lagging Darcy limit without leakage
MW-11,12.357706052704296,268.4088597288054,1.6470034197723251,1.2417340850540572,Lagging Darcy with leakage,Lagging leaky,1.2214072134258298,0.016491819229503102,True,formal Lin and Yeh lagging leaky finite radius fit
MW-11,12.357706052704296,268.4088597288054,1.829949560232065,1.3087279905056048,Theis confined,Theis,1.179397007647,0.10396864576690683,True,infinite line source confined fit
MW-11,12.357706052704296,268.4088597288054,1.829949560232065,1.3087279905056048,Hantush-Jacob leaky,Hantush leaky,1.259374059057817,0.03841092564365795,True,conventional Hantush-Jacob leaky fit
MW-11,12.357706052704296,268.4088597288054,1.829949560232065,1.3087279905056048,Lagging Darcy no-leakage,"Lagging
without leakage",1.156221966141759,0.12379719872953629,True,finite radius lagging Darcy limit without leakage
MW-11,12.357706052704296,268.4088597288054,1.829949560232065,1.3087279905056048,Lagging Darcy with leakage,Lagging leaky,1.2800530541718604,0.02213703654498405,True,formal Lin and Yeh lagging leaky finite radius fit
MW-11,12.357706052704296,268.4088597288054,2.00547596039691,1.367302499180636,Theis confined,Theis,1.2253823064812037,0.10950229861703377,True,infinite line source confined fit
MW-11,12.357706052704296,268.4088597288054,2.00547596039691,1.367302499180636,Hantush-Jacob leaky,Hantush leaky,1.3027606878696187,0.04831799479790546,True,conventional Hantush-Jacob leaky fit
MW-11,12.357706052704296,268.4088597288054,2.00547596039691,1.367302499180636,Lagging Darcy no-leakage,"Lagging
without leakage",1.2024487879469337,0.128379495151383,True,finite radius lagging Darcy limit without leakage
MW-11,12.357706052704296,268.4088597288054,2.00547596039691,1.367302499180636,Lagging Darcy with leakage,Lagging leaky,1.3287038286753503,0.028614687658717306,True,formal Lin and Yeh lagging leaky finite radius fit
MW-11,12.357706052704296,268.4088597288054,2.167860943368145,1.4036573188451884,Theis confined,Theis,1.2646736082670602,0.10418889475192454,True,infinite line source confined fit
MW-11,12.357706052704296,268.4088597288054,2.167860943368145,1.4036573188451884,Hantush-Jacob leaky,Hantush leaky,1.3386252770558769,0.04740344099218034,True,conventional Hantush-Jacob leaky fit
MW-11,12.357706052704296,268.4088597288054,2.167860943368145,1.4036573188451884,Lagging Darcy no-leakage,"Lagging
without leakage",1.2419714435094171,0.12228853344051044,True,finite radius lagging Darcy limit without leakage
MW-11,12.357706052704296,268.4088597288054,2.167860943368145,1.4036573188451884,Lagging Darcy with leakage,Lagging leaky,1.3680792746531052,0.02565492025124716,True,formal Lin and Yeh lagging leaky finite radius fit
MW-11,12.357706052704296,268.4088597288054,2.322023439499756,1.4409955464283053,Theis confined,Theis,1.299483987203371,0.10329145735881641,True,infinite line source confined fit
MW-11,12.357706052704296,268.4088597288054,2.322023439499756,1.4409955464283053,Hantush-Jacob leaky,Hantush leaky,1.3694216712352567,0.0509094686839435,True,conventional Hantush-Jacob leaky fit
MW-11,12.357706052704296,268.4088597288054,2.322023439499756,1.4409955464283053,Lagging Darcy no-leakage,"Lagging
without leakage",1.277003334087617,0.12072898560521508,True,finite radius lagging Darcy limit without leakage
MW-11,12.357706052704296,268.4088597288054,2.322023439499756,1.4409955464283053,Lagging Darcy with leakage,Lagging leaky,1.4011586872082855,0.028014981870907344,True,formal Lin and Yeh lagging leaky finite radius fit
MW-11,12.357706052704296,268.4088597288054,2.4871814332523514,1.440869701980931,Theis confined,Theis,1.3344257371941348,0.07669053026526514,True,infinite line source confined fit
MW-11,12.357706052704296,268.4088597288054,2.4871814332523514,1.440869701980931,Hantush-Jacob leaky,Hantush leaky,1.3993692624129799,0.029204714834217924,True,conventional Hantush-Jacob leaky fit
MW-11,12.357706052704296,268.4088597288054,2.4871814332523514,1.440869701980931,Lagging Darcy no-leakage,"Lagging
without leakage",1.3121809619943874,0.09348826641855715,True,finite radius lagging Darcy limit without leakage
MW-11,12.357706052704296,268.4088597288054,2.4871814332523514,1.440869701980931,Lagging Darcy with leakage,Lagging leaky,1.4325768398487775,0.005768067674971987,True,formal Lin and Yeh lagging leaky finite radius fit
MW-11,12.357706052704296,268.4088597288054,2.627692078273882,1.479223641448951,Theis confined,Theis,1.3624569517206222,0.08216983453762121,True,infinite line source confined fit
MW-11,12.357706052704296,268.4088597288054,2.627692078273882,1.479223641448951,Hantush-Jacob leaky,Hantush leaky,1.4226695703256975,0.03895544269436082,True,conventional Hantush-Jacob leaky fit
MW-11,12.357706052704296,268.4088597288054,2.627692078273882,1.479223641448951,Lagging Darcy no-leakage,"Lagging
without leakage",1.3404099651096169,0.09847191190397536,True,finite radius lagging Darcy limit without leakage
MW-11,12.357706052704296,268.4088597288054,2.627692078273882,1.479223641448951,Lagging Darcy with leakage,Lagging leaky,1.456447706448985,0.015506425785710445,True,formal Lin and Yeh lagging leaky finite radius fit
MW-11,12.357706052704296,268.4088597288054,2.8146035813024968,1.466164676783733,Theis confined,Theis,1.397605920734229,0.0478557773659213,True,infinite line source confined fit
MW-11,12.357706052704296,268.4088597288054,2.8146035813024968,1.466164676783733,Hantush-Jacob leaky,Hantush leaky,1.4509442249992612,0.01042824384391727,True,conventional Hantush-Jacob leaky fit
MW-11,12.357706052704296,268.4088597288054,2.8146035813024968,1.466164676783733,Lagging Darcy no-leakage,"Lagging
without leakage",1.3758163045555392,0.06355793877287123,True,finite radius lagging Darcy limit without leakage
MW-11,12.357706052704296,268.4088597288054,2.8146035813024968,1.466164676783733,Lagging Darcy with leakage,Lagging leaky,1.4846665963611219,-0.01253181099995412,True,formal Lin and Yeh lagging leaky finite radius fit
MW-11,12.357706052704296,268.4088597288054,2.987238094335151,1.5318479830893694,Theis confined,Theis,1.4281394651138546,0.07005494146573737,True,infinite line source confined fit
MW-11,12.357706052704296,268.4088597288054,2.987238094335151,1.5318479830893694,Hantush-Jacob leaky,Hantush leaky,1.4746302675595988,0.038042233386541856,True,conventional Hantush-Jacob leaky fit
MW-11,12.357706052704296,268.4088597288054,2.987238094335151,1.5318479830893694,Lagging Darcy no-leakage,"Lagging
without leakage",1.4065807823031993,0.08525495839100036,True,finite radius lagging Darcy limit without leakage
MW-11,12.357706052704296,268.4088597288054,2.987238094335151,1.5318479830893694,Lagging Darcy with leakage,Lagging leaky,1.5076145754027321,0.015935702019033313,True,formal Lin and Yeh lagging leaky finite radius fit
MW-11,12.357706052704296,268.4088597288054,3.1704888839135266,1.572614481004642,Theis confined,Theis,1.458751127078561,0.07510923023396501,True,infinite line source confined fit
MW-11,12.357706052704296,268.4088597288054,3.1704888839135266,1.572614481004642,Hantush-Jacob leaky,Hantush leaky,1.4975370346287191,0.04888586858287374,True,conventional Hantush-Jacob leaky fit
MW-11,12.357706052704296,268.4088597288054,3.1704888839135266,1.572614481004642,Lagging Darcy no-leakage,"Lagging
without leakage",1.437429896858032,0.08982302119859559,True,finite radius lagging Darcy limit without leakage
MW-11,12.357706052704296,268.4088597288054,3.1704888839135266,1.572614481004642,Lagging Darcy with leakage,Lagging leaky,1.5291541777481694,0.02800669042154638,True,formal Lin and Yeh lagging leaky finite radius fit
MW-11,12.357706052704296,268.4088597288054,3.2888438991538487,1.558794567877767,Theis confined,Theis,1.4776303000302506,0.05343793902308459,True,infinite line source confined fit
MW-11,12.357706052704296,268.4088597288054,3.2888438991538487,1.558794567877767,Hantush-Jacob leaky,Hantush leaky,1.5112364768922122,0.030964459742962063,True,conventional Hantush-Jacob leaky fit
MW-11,12.357706052704296,268.4088597288054,3.2888438991538487,1.558794567877767,Lagging Darcy no-leakage,"Lagging
without leakage",1.4564581240222625,0.06786021787641021,True,finite radius lagging Darcy limit without leakage
MW-11,12.357706052704296,268.4088597288054,3.2888438991538487,1.558794567877767,Lagging Darcy with leakage,Lagging leaky,1.5417077636446908,0.011014964804483045,True,formal Lin and Yeh lagging leaky finite radius fit
MW-11,12.357706052704296,268.4088597288054,3.4588239710637363,1.5450691141024682,Theis confined,Theis,1.5036296722130265,0.027168851330391437,True,infinite line source confined fit
MW-11,12.357706052704296,268.4088597288054,3.4588239710637363,1.5450691141024682,Hantush-Jacob leaky,Hantush leaky,1.5295589170173913,0.010082680340789055,True,conventional Hantush-Jacob leaky fit
MW-11,12.357706052704296,268.4088597288054,3.4588239710637363,1.5450691141024682,Lagging Darcy no-leakage,"Lagging
without leakage",1.4826656535875522,0.041199835733410725,True,finite radius lagging Darcy limit without leakage
MW-11,12.357706052704296,268.4088597288054,3.4588239710637363,1.5450691141024682,Lagging Darcy with leakage,Lagging leaky,1.5580901224907708,-0.008386742011036905,True,formal Lin and Yeh lagging leaky finite radius fit
MW-11,12.357706052704296,268.4088597288054,3.6043213007333703,1.6143248886048454,Theis confined,Theis,1.524922923876832,0.056936682870585335,True,infinite line source confined fit
MW-11,12.357706052704296,268.4088597288054,3.6043213007333703,1.6143248886048454,Hantush-Jacob leaky,Hantush leaky,1.5440891465951814,0.04445449711080112,True,conventional Hantush-Jacob leaky fit
MW-11,12.357706052704296,268.4088597288054,3.6043213007333703,1.6143248886048454,Lagging Darcy no-leakage,"Lagging
without leakage",1.504131622508014,0.07065575466486065,True,finite radius lagging Darcy limit without leakage
MW-11,12.357706052704296,268.4088597288054,3.6043213007333703,1.6143248886048454,Lagging Darcy with leakage,Lagging leaky,1.5707333459402892,0.02735705350329522,True,formal Lin and Yeh lagging leaky finite radius fit
MW-11,12.357706052704296,268.4088597288054,3.807993448867247,1.6142121023588458,Theis confined,Theis,1.55337459492495,0.03839300580883772,True,infinite line source confined fit
MW-11,12.357706052704296,268.4088597288054,3.807993448867247,1.6142121023588458,Hantush-Jacob leaky,Hantush leaky,1.56282629509896,0.0323307093408995,True,conventional Hantush-Jacob leaky fit
MW-11,12.357706052704296,268.4088597288054,3.807993448867247,1.6142121023588458,Lagging Darcy no-leakage,"Lagging
without leakage",1.5328168508949662,0.05170697812246494,True,finite radius lagging Darcy limit without leakage
MW-11,12.357706052704296,268.4088597288054,3.807993448867247,1.6142121023588458,Lagging Darcy with leakage,Lagging leaky,1.5865566438773246,0.01727014845044928,True,formal Lin and Yeh lagging leaky finite radius fit
MW-11,12.357706052704296,268.4088597288054,3.950129393925865,1.6141369159059429,Theis confined,Theis,1.5723701352290196,0.026199829040754328,True,infinite line source confined fit
MW-11,12.357706052704296,268.4088597288054,3.950129393925865,1.6141369159059429,Hantush-Jacob leaky,Hantush leaky,1.5748995870906206,0.02459345510104489,True,conventional Hantush-Jacob leaky fit
MW-11,12.357706052704296,268.4088597288054,3.950129393925865,1.6141369159059429,Lagging Darcy no-leakage,"Lagging
without leakage",1.5519698984842718,0.03925056957083272,True,finite radius lagging Darcy limit without leakage
MW-11,12.357706052704296,268.4088597288054,3.950129393925865,1.6141369159059429,Lagging Darcy with leakage,Lagging leaky,1.596451669471902,0.011010077771745381,True,formal Lin and Yeh lagging leaky finite radius fit
MW-11,12.357706052704296,268.4088597288054,4.173342385204957,1.614024142792824,Theis confined,Theis,1.600903159872414,0.00815750835942914,True,infinite line source confined fit
MW-11,12.357706052704296,268.4088597288054,4.173342385204957,1.614024142792824,Hantush-Jacob leaky,Hantush leaky,1.592371417439254,0.01349774595247651,True,conventional Hantush-Jacob leaky fit
MW-11,12.357706052704296,268.4088597288054,4.173342385204957,1.614024142792824,Lagging Darcy no-leakage,"Lagging
without leakage",1.580741594649519,0.020823390586234912,True,finite radius lagging Darcy limit without leakage
MW-11,12.357706052704296,268.4088597288054,4.173342385204957,1.614024142792824,Lagging Darcy with leakage,Lagging leaky,1.6103321736155003,0.002288631773273731,True,formal Lin and Yeh lagging leaky finite radius fit
MW-11,12.357706052704296,268.4088597288054,4.348991278527362,1.6139395681286053,Theis confined,Theis,1.6223328885375263,-0.005183837565734758,True,infinite line source confined fit
MW-11,12.357706052704296,268.4088597288054,4.348991278527362,1.6139395681286053,Hantush-Jacob leaky,Hantush leaky,1.6049660417532505,0.005572066169996763,True,conventional Hantush-Jacob leaky fit
MW-11,12.357706052704296,268.4088597288054,4.348991278527362,1.6139395681286053,Lagging Darcy no-leakage,"Lagging
without leakage",1.602352036430133,0.0072010763444306965,True,finite radius lagging Darcy limit without leakage
MW-11,12.357706052704296,268.4088597288054,4.348991278527362,1.6139395681286053,Lagging Darcy with leakage,Lagging leaky,1.6200011904095966,-0.0037464402616021386,True,formal Lin and Yeh lagging leaky finite radius fit
MW-11,12.357706052704296,268.4088597288054,4.532032935461667,1.6138549978960883,Theis confined,Theis,1.6437871783493283,-0.018365832924778093,True,infinite line source confined fit
MW-11,12.357706052704296,268.4088597288054,4.532032935461667,1.6138549978960883,Hantush-Jacob leaky,Hantush leaky,1.6171190965245519,-0.0020192551144659027,True,conventional Hantush-Jacob leaky fit
MW-11,12.357706052704296,268.4088597288054,4.532032935461667,1.6138549978960883,Lagging Darcy no-leakage,"Lagging
without leakage",1.6239883526214671,-0.00625548007917728,True,finite radius lagging Darcy limit without leakage
MW-11,12.357706052704296,268.4088597288054,4.532032935461667,1.6138549978960883,Lagging Darcy with leakage,Lagging leaky,1.6290513325119607,-0.009366338602146486,True,formal Lin and Yeh lagging leaky finite radius fit
MW-11,12.357706052704296,268.4088597288054,4.67964712962769,1.6568617979235165,Theis confined,Theis,1.6604833824359295,-0.002182108670641463,True,infinite line source confined fit
MW-11,12.357706052704296,268.4088597288054,4.67964712962769,1.6568617979235165,Hantush-Jacob leaky,Hantush leaky,1.6262601197866444,0.018631006147448528,True,conventional Hantush-Jacob leaky fit
MW-11,12.357706052704296,268.4088597288054,4.67964712962769,1.6568617979235165,Lagging Darcy no-leakage,"Lagging
without leakage",1.6408269029201334,0.009719111516150765,True,finite radius lagging Darcy limit without leakage
MW-11,12.357706052704296,268.4088597288054,4.67964712962769,1.6568617979235165,Lagging Darcy with leakage,Lagging leaky,1.6356705065178767,0.012864699271792152,True,formal Lin and Yeh lagging leaky finite radius fit
MW-11,12.357706052704296,268.4088597288054,4.85431814107818,1.656784624941506,Theis confined,Theis,1.6795894694698517,-0.01366245879996501,True,infinite line source confined fit
MW-11,12.357706052704296,268.4088597288054,4.85431814107818,1.656784624941506,Hantush-Jacob leaky,Hantush leaky,1.6363797417318746,0.01238490209084286,True,conventional Hantush-Jacob leaky fit
MW-11,12.357706052704296,268.4088597288054,4.85431814107818,1.656784624941506,Lagging Darcy no-leakage,"Lagging
without leakage",1.6600965504755765,-0.0019958091045592053,True,finite radius lagging Darcy limit without leakage
MW-11,12.357706052704296,268.4088597288054,4.85431814107818,1.656784624941506,Lagging Darcy with leakage,Lagging leaky,1.6428033600704586,0.008469468940187084,True,formal Lin and Yeh lagging leaky finite radius fit
MW-11,12.357706052704296,268.4088597288054,5.1995900412576255,1.656639935288534,Theis confined,Theis,1.7154598964040062,-0.034869105028621145,True,infinite line source confined fit
MW-11,12.357706052704296,268.4088597288054,5.1995900412576255,1.656639935288534,Hantush-Jacob leaky,Hantush leaky,1.6543959634458207,0.0013546319777073953,True,conventional Hantush-Jacob leaky fit
MW-11,12.357706052704296,268.4088597288054,5.1995900412576255,1.656639935288534,Lagging Darcy no-leakage,"Lagging
without leakage",1.696275748181445,-0.02362959958650435,True,finite radius lagging Darcy limit without leakage
MW-11,12.357706052704296,268.4088597288054,5.1995900412576255,1.656639935288534,Lagging Darcy with leakage,Lagging leaky,1.6549728251604057,0.0010062191265594825,True,formal Lin and Yeh lagging leaky finite radius fit
MW-11,12.357706052704296,268.4088597288054,5.41843195552636,1.656553127562092,Theis confined,Theis,1.7370099186082744,-0.047398238344157045,True,infinite line source confined fit
MW-11,12.357706052704296,268.4088597288054,5.41843195552636,1.656553127562092,Hantush-Jacob leaky,Hantush leaky,1.6646042687022682,-0.004845486344867841,True,conventional Hantush-Jacob leaky fit
MW-11,12.357706052704296,268.4088597288054,5.41843195552636,1.656553127562092,Lagging Darcy no-leakage,"Lagging
without leakage",1.718012199246531,-0.03640732769471017,True,finite radius lagging Darcy limit without leakage
MW-11,12.357706052704296,268.4088597288054,5.41843195552636,1.656553127562092,Lagging Darcy with leakage,Lagging leaky,1.661553190911628,-0.0030119921773602712,True,formal Lin and Yeh lagging leaky finite radius fit
MW-11,12.357706052704296,268.4088597288054,5.646484554303052,1.6564663243843638,Theis confined,Theis,1.7585797627379494,-0.05978488361008702,True,infinite line source confined fit
MW-11,12.357706052704296,268.4088597288054,5.646484554303052,1.6564663243843638,Hantush-Jacob leaky,Hantush leaky,1.674361589356164,-0.010738890464045175,True,conventional Hantush-Jacob leaky fit
MW-11,12.357706052704296,268.4088597288054,5.646484554303052,1.6564663243843638,Lagging Darcy no-leakage,"Lagging
without leakage",1.7397692470502135,-0.04903698577868198,True,finite radius lagging Darcy limit without leakage
MW-11,12.357706052704296,268.4088597288054,5.646484554303052,1.6564663243843638,Lagging Darcy with leakage,Lagging leaky,1.667619374812692,-0.006706437078815753,True,formal Lin and Yeh lagging leaky finite radius fit
MW-11,12.357706052704296,268.4088597288054,6.0481006813756695,1.6563216625290893,Theis confined,Theis,1.7945714375883743,-0.08012047787087916,True,infinite line source confined fit
MW-11,12.357706052704296,268.4088597288054,6.0481006813756695,1.6563216625290893,Hantush-Jacob leaky,Hantush leaky,1.6896253334739655,-0.019895637263338463,True,conventional Hantush-Jacob leaky fit
MW-11,12.357706052704296,268.4088597288054,6.0481006813756695,1.6563216625290893,Lagging Darcy no-leakage,"Lagging
without leakage",1.7760744561970117,-0.06976560519850256,True,finite radius lagging Darcy limit without leakage
MW-11,12.357706052704296,268.4088597288054,6.0481006813756695,1.6563216625290893,Lagging Darcy with leakage,Lagging leaky,1.6766493545915457,-0.012190776895836457,True,formal Lin and Yeh lagging leaky finite radius fit
MW-11,12.357706052704296,268.4088597288054,6.302654967444363,1.6562348714800994,Theis confined,Theis,1.8161903918616544,-0.09214109414922049,True,infinite line source confined fit
MW-11,12.357706052704296,268.4088597288054,6.302654967444363,1.6562348714800994,Hantush-Jacob leaky,Hantush leaky,1.6981886486878783,-0.025000398248369433,True,conventional Hantush-Jacob leaky fit
MW-11,12.357706052704296,268.4088597288054,6.302654967444363,1.6562348714800994,Lagging Darcy no-leakage,"Lagging
without leakage",1.7978823451010617,-0.08201507925487911,True,finite radius lagging Darcy limit without leakage
MW-11,12.357706052704296,268.4088597288054,6.302654967444363,1.6562348714800994,Lagging Darcy with leakage,Lagging leaky,1.6814575366810394,-0.015105070581384206,True,formal Lin and Yeh lagging leaky finite radius fit
MW-11,12.357706052704296,268.4088597288054,6.750942367145295,1.6560902298379785,Theis confined,Theis,1.8522596342117825,-0.11188286239431545,True,infinite line source confined fit
MW-11,12.357706052704296,268.4088597288054,6.750942367145295,1.6560902298379785,Hantush-Jacob leaky,Hantush leaky,1.711481803275551,-0.0328804745769711,True,conventional Hantush-Jacob leaky fit
MW-11,12.357706052704296,268.4088597288054,6.750942367145295,1.6560902298379785,Lagging Darcy no-leakage,"Lagging
without leakage",1.8342676592420344,-0.10212714352034573,True,finite radius lagging Darcy limit without leakage
MW-11,12.357706052704296,268.4088597288054,6.750942367145295,1.6560902298379785,Lagging Darcy with leakage,Lagging leaky,1.6885317908140778,-0.019388252998515005,True,formal Lin and Yeh lagging leaky finite radius fit
MW-11,12.357706052704296,268.4088597288054,7.132423045231542,1.6559745256192198,Theis confined,Theis,1.881147136912698,-0.1274198547212767,True,infinite line source confined fit
MW-11,12.357706052704296,268.4088597288054,7.132423045231542,1.6559745256192198,Hantush-Jacob leaky,Hantush leaky,1.721249459383034,-0.03863789705979646,True,conventional Hantush-Jacob leaky fit
MW-11,12.357706052704296,268.4088597288054,7.132423045231542,1.6559745256192198,Lagging Darcy no-leakage,"Lagging
without leakage",1.8634089563481424,-0.11795072485207699,True,finite radius lagging Darcy limit without leakage
MW-11,12.357706052704296,268.4088597288054,7.132423045231542,1.6559745256192198,Lagging Darcy with leakage,Lagging leaky,1.6934100455256156,-0.02234125998009702,True,formal Lin and Yeh lagging leaky finite radius fit
MW-11,12.357706052704296,268.4088597288054,7.535460344577302,1.6558588294842391,Theis confined,Theis,1.9100615570280948,-0.14273533831882793,True,infinite line source confined fit
MW-11,12.357706052704296,268.4088597288054,7.535460344577302,1.6558588294842391,Hantush-Jacob leaky,Hantush leaky,1.7302637948404753,-0.043928120694526486,True,conventional Hantush-Jacob leaky fit
MW-11,12.357706052704296,268.4088597288054,7.535460344577302,1.6558588294842391,Lagging Darcy no-leakage,"Lagging
without leakage",1.8925778988111028,-0.13354456926410813,True,finite radius lagging Darcy limit without leakage
MW-11,12.357706052704296,268.4088597288054,7.535460344577302,1.6558588294842391,Lagging Darcy with leakage,Lagging leaky,1.6976554517167164,-0.024913489006230964,True,formal Lin and Yeh lagging leaky finite radius fit
MW-11,12.357706052704296,268.4088597288054,7.852615072857476,1.655772062687643,Theis confined,Theis,1.9317641817132658,-0.15408002802902246,True,infinite line source confined fit
MW-11,12.357706052704296,268.4088597288054,7.852615072857476,1.655772062687643,Hantush-Jacob leaky,Hantush leaky,1.736541654011156,-0.047600102955689005,True,conventional Hantush-Jacob leaky fit
MW-11,12.357706052704296,268.4088597288054,7.852615072857476,1.655772062687643,Lagging Darcy no-leakage,"Lagging
without leakage",1.914471842529385,-0.14509281650322284,True,finite radius lagging Darcy limit without leakage
MW-11,12.357706052704296,268.4088597288054,7.852615072857476,1.655772062687643,Lagging Darcy with leakage,Lagging leaky,1.700457788008959,-0.026614237212779335,True,formal Lin and Yeh lagging leaky finite radius fit
MW-11,12.357706052704296,268.4088597288054,8.296348815471367,1.6556563806979163,Theis confined,Theis,1.9607223429434406,-0.16902149118366494,True,infinite line source confined fit
MW-11,12.357706052704296,268.4088597288054,8.296348815471367,1.6556563806979163,Hantush-Jacob leaky,Hantush leaky,1.744285889011773,-0.052117032892862104,True,conventional Hantush-Jacob leaky fit
MW-11,12.357706052704296,268.4088597288054,8.296348815471367,1.6556563806979163,Lagging Darcy no-leakage,"Lagging
without leakage",1.9436856067073076,-0.16029897962234085,True,finite radius lagging Darcy limit without leakage
MW-11,12.357706052704296,268.4088597288054,8.296348815471367,1.6556563806979163,Lagging Darcy with leakage,Lagging leaky,1.7037289569686427,-0.02860478599173198,True,formal Lin and Yeh lagging leaky finite radius fit
MW-12,17.74299900921008,303.1632246321373,0.1090559323220361,0.0576664006330145,Theis confined,Theis,0.04966905887549622,0.14655172598369295,True,infinite line source confined fit
MW-12,17.74299900921008,303.1632246321373,0.1090559323220361,0.0576664006330145,Hantush-Jacob leaky,Hantush leaky,0.04966905893679507,0.1465517247739044,True,conventional Hantush-Jacob leaky fit
MW-12,17.74299900921008,303.1632246321373,0.1090559323220361,0.0576664006330145,Lagging Darcy no-leakage,"Lagging
without leakage",0.054218389302667,0.06057113434977228,True,finite radius lagging Darcy limit without leakage
MW-12,17.74299900921008,303.1632246321373,0.1090559323220361,0.0576664006330145,Lagging Darcy with leakage,Lagging leaky,0.05629997747902718,0.02356694101079325,True,formal Lin and Yeh lagging leaky finite radius fit
MW-12,17.74299900921008,303.1632246321373,0.2737008024520013,0.1756651587772243,Theis confined,Theis,0.2013634830661734,-0.13580931888382602,True,infinite line source confined fit
MW-12,17.74299900921008,303.1632246321373,0.2737008024520013,0.1756651587772243,Hantush-Jacob leaky,Hantush leaky,0.20136348322658357,-0.1358093196765094,True,conventional Hantush-Jacob leaky fit
MW-12,17.74299900921008,303.1632246321373,0.2737008024520013,0.1756651587772243,Lagging Darcy no-leakage,"Lagging
without leakage",0.1952020146645198,-0.10488863288279793,True,finite radius lagging Darcy limit without leakage
MW-12,17.74299900921008,303.1632246321373,0.2737008024520013,0.1756651587772243,Lagging Darcy with leakage,Lagging leaky,0.18790923930439918,-0.06701050178032512,True,formal Lin and Yeh lagging leaky finite radius fit
MW-12,17.74299900921008,303.1632246321373,0.4366078720486606,0.2820578781063517,Theis confined,Theis,0.3187145041899698,-0.12177703015347158,True,infinite line source confined fit
MW-12,17.74299900921008,303.1632246321373,0.4366078720486606,0.2820578781063517,Hantush-Jacob leaky,Hantush leaky,0.31871450440696136,-0.12177703083217567,True,conventional Hantush-Jacob leaky fit
MW-12,17.74299900921008,303.1632246321373,0.4366078720486606,0.2820578781063517,Lagging Darcy no-leakage,"Lagging
without leakage",0.295105955509516,-0.04506595506537393,True,finite radius lagging Darcy limit without leakage
MW-12,17.74299900921008,303.1632246321373,0.4366078720486606,0.2820578781063517,Lagging Darcy with leakage,Lagging leaky,0.29309950524816686,-0.03826677029187025,True,formal Lin and Yeh lagging leaky finite radius fit
MW-12,17.74299900921008,303.1632246321373,0.6043427799094439,0.3636974688244829,Theis confined,Theis,0.4125287275494547,-0.12565882881390858,True,infinite line source confined fit
MW-12,17.74299900921008,303.1632246321373,0.6043427799094439,0.3636974688244829,Hantush-Jacob leaky,Hantush leaky,0.4125287277907565,-0.12565882939742748,True,conventional Hantush-Jacob leaky fit
MW-12,17.74299900921008,303.1632246321373,0.6043427799094439,0.3636974688244829,Lagging Darcy no-leakage,"Lagging
without leakage",0.3763311879638393,-0.03405512711201477,True,finite radius lagging Darcy limit without leakage
MW-12,17.74299900921008,303.1632246321373,0.6043427799094439,0.3636974688244829,Lagging Darcy with leakage,Lagging leaky,0.3827207073710298,-0.050846806045650395,True,formal Lin and Yeh lagging leaky finite radius fit
MW-12,17.74299900921008,303.1632246321373,0.7668138651820052,0.4410605979292842,Theis confined,Theis,0.4861960390968274,-0.09721961436206211,True,infinite line source confined fit
MW-12,17.74299900921008,303.1632246321373,0.7668138651820052,0.4410605979292842,Hantush-Jacob leaky,Hantush leaky,0.4861960393482034,-0.09721961487802686,True,conventional Hantush-Jacob leaky fit
MW-12,17.74299900921008,303.1632246321373,0.7668138651820052,0.4410605979292842,Lagging Darcy no-leakage,"Lagging
without leakage",0.4429494283126419,-0.004263683680395417,True,finite radius lagging Darcy limit without leakage
MW-12,17.74299900921008,303.1632246321373,0.7668138651820052,0.4410605979292842,Lagging Darcy with leakage,Lagging leaky,0.4561059366032095,-0.03346820072250697,True,formal Lin and Yeh lagging leaky finite radius fit
MW-12,17.74299900921008,303.1632246321373,0.933695639697646,0.5030219057004378,Theis confined,Theis,0.5497150971299873,-0.08859787951062155,True,infinite line source confined fit
MW-12,17.74299900921008,303.1632246321373,0.933695639697646,0.5030219057004378,Hantush-Jacob leaky,Hantush leaky,0.549715097383159,-0.08859787997033601,True,conventional Hantush-Jacob leaky fit
MW-12,17.74299900921008,303.1632246321373,0.933695639697646,0.5030219057004378,Lagging Darcy no-leakage,"Lagging
without leakage",0.5029517414821849,0.00013921835865913782,True,finite radius lagging Darcy limit without leakage
MW-12,17.74299900921008,303.1632246321373,0.933695639697646,0.5030219057004378,Lagging Darcy with leakage,Lagging leaky,0.5210806025016842,-0.03520225606707131,True,formal Lin and Yeh lagging leaky finite radius fit
MW-12,17.74299900921008,303.1632246321373,1.0859876742605798,0.5787806171100288,Theis confined,Theis,0.5998122825719823,-0.03563275831075243,True,infinite line source confined fit
MW-12,17.74299900921008,303.1632246321373,1.0859876742605798,0.5787806171100288,Hantush-Jacob leaky,Hantush leaky,0.5998122828215029,-0.035632758726057895,True,conventional Hantush-Jacob leaky fit
MW-12,17.74299900921008,303.1632246321373,1.0859876742605798,0.5787806171100288,Lagging Darcy no-leakage,"Lagging
without leakage",0.5520287647242618,0.047239769679443676,True,finite radius lagging Darcy limit without leakage
MW-12,17.74299900921008,303.1632246321373,1.0859876742605798,0.5787806171100288,Lagging Darcy with leakage,Lagging leaky,0.573212863791843,0.00964961520796026,True,formal Lin and Yeh lagging leaky finite radius fit
MW-12,17.74299900921008,303.1632246321373,1.2631416264808972,0.6429666211818124,Theis confined,Theis,0.6509368318053522,-0.012300779200913986,True,infinite line source confined fit
MW-12,17.74299900921008,303.1632246321373,1.2631416264808972,0.6429666211818124,Hantush-Jacob leaky,Hantush leaky,0.6509368320461372,-0.012300779570251807,True,conventional Hantush-Jacob leaky fit
MW-12,17.74299900921008,303.1632246321373,1.2631416264808972,0.6429666211818124,Lagging Darcy no-leakage,"Lagging
without leakage",0.6036579873155382,0.06298390633756296,True,finite radius lagging Darcy limit without leakage
MW-12,17.74299900921008,303.1632246321373,1.2631416264808972,0.6429666211818124,Lagging Darcy with leakage,Lagging leaky,0.6270634125079227,0.025005757596464125,True,formal Lin and Yeh lagging leaky finite radius fit
MW-12,17.74299900921008,303.1632246321373,1.4293890062424257,0.689644722784047,Theis confined,Theis,0.693439744392076,-0.0054798551202114455,True,infinite line source confined fit
MW-12,17.74299900921008,303.1632246321373,1.4293890062424257,0.689644722784047,Hantush-Jacob leaky,Hantush leaky,0.6934397446213096,-0.005479855450310116,True,conventional Hantush-Jacob leaky fit
MW-12,17.74299900921008,303.1632246321373,1.4293890062424257,0.689644722784047,Lagging Darcy no-leakage,"Lagging
without leakage",0.6476899202659584,0.06267072043727491,True,finite radius lagging Darcy limit without leakage
MW-12,17.74299900921008,303.1632246321373,1.4293890062424257,0.689644722784047,Lagging Darcy with leakage,Lagging leaky,0.6722415025246665,0.025521432138594348,True,formal Lin and Yeh lagging leaky finite radius fit
MW-12,17.74299900921008,303.1632246321373,1.5736725776807003,0.733270850356964,Theis confined,Theis,0.7268702452750018,0.00875516868582012,True,infinite line source confined fit
MW-12,17.74299900921008,303.1632246321373,1.5736725776807003,0.733270850356964,Hantush-Jacob leaky,Hantush leaky,0.7268702454921511,0.00875516838748497,True,conventional Hantush-Jacob leaky fit
MW-12,17.74299900921008,303.1632246321373,1.5736725776807003,0.733270850356964,Lagging Darcy no-leakage,"Lagging
without leakage",0.6829714243041813,0.07096182706770235,True,finite radius lagging Darcy limit without leakage
MW-12,17.74299900921008,303.1632246321373,1.5736725776807003,0.733270850356964,Lagging Darcy with leakage,Lagging leaky,0.7079934865074392,0.03503162686700082,True,formal Lin and Yeh lagging leaky finite radius fit
MW-12,17.74299900921008,303.1632246321373,1.7565086100541427,0.7660718833454676,Theis confined,Theis,0.765443822082622,0.00081911296472398,True,infinite line source confined fit
MW-12,17.74299900921008,303.1632246321373,1.7565086100541427,0.7660718833454676,Hantush-Jacob leaky,Hantush leaky,0.7654438222822709,0.0008191127042364198,True,conventional Hantush-Jacob leaky fit
MW-12,17.74299900921008,303.1632246321373,1.7565086100541427,0.7660718833454676,Lagging Darcy no-leakage,"Lagging
without leakage",0.7243239054538405,0.05596219588568055,True,finite radius lagging Darcy limit without leakage
MW-12,17.74299900921008,303.1632246321373,1.7565086100541427,0.7660718833454676,Lagging Darcy with leakage,Lagging leaky,0.7494470528260088,0.021911417727689057,True,formal Lin and Yeh lagging leaky finite radius fit
MW-12,17.74299900921008,303.1632246321373,1.9161678255056136,0.8217254570115434,Theis confined,Theis,0.796225969824186,0.03148439284055408,True,infinite line source confined fit
MW-12,17.74299900921008,303.1632246321373,1.9161678255056136,0.8217254570115434,Hantush-Jacob leaky,Hantush leaky,0.7962259700067977,0.03148439261149523,True,conventional Hantush-Jacob leaky fit
MW-12,17.74299900921008,303.1632246321373,1.9161678255056136,0.8217254570115434,Lagging Darcy no-leakage,"Lagging
without leakage",0.7577703592177879,0.08092338235516401,True,finite radius lagging Darcy limit without leakage
MW-12,17.74299900921008,303.1632246321373,1.9161678255056136,0.8217254570115434,Lagging Darcy with leakage,Lagging leaky,0.7826606686241833,0.04864645092176812,True,formal Lin and Yeh lagging leaky finite radius fit
MW-12,17.74299900921008,303.1632246321373,2.0808041532977284,0.8660843144894885,Theis confined,Theis,0.8255781629052861,0.04784173684052153,True,infinite line source confined fit
MW-12,17.74299900921008,303.1632246321373,2.0808041532977284,0.8660843144894885,Hantush-Jacob leaky,Hantush leaky,0.8255781630690254,0.04784173664242835,True,conventional Hantush-Jacob leaky fit
MW-12,17.74299900921008,303.1632246321373,2.0808041532977284,0.8660843144894885,Lagging Darcy no-leakage,"Lagging
without leakage",0.7899946332718897,0.09184503759213936,True,finite radius lagging Darcy limit without leakage
MW-12,17.74299900921008,303.1632246321373,2.0808041532977284,0.8660843144894885,Lagging Darcy with leakage,Lagging leaky,0.8144266913106184,0.061424696740316934,True,formal Lin and Yeh lagging leaky finite radius fit
MW-12,17.74299900921008,303.1632246321373,2.259625433346243,0.8813349113307359,Theis confined,Theis,0.8551055983191205,0.030177970938642773,True,infinite line source confined fit
MW-12,17.74299900921008,303.1632246321373,2.259625433346243,0.8813349113307359,Hantush-Jacob leaky,Hantush leaky,0.8551055984610417,0.03017797077286735,True,conventional Hantush-Jacob leaky fit
MW-12,17.74299900921008,303.1632246321373,2.259625433346243,0.8813349113307359,Lagging Darcy no-leakage,"Lagging
without leakage",0.8227050107088438,0.0687592328934091,True,finite radius lagging Darcy limit without leakage
MW-12,17.74299900921008,303.1632246321373,2.259625433346243,0.8813349113307359,Lagging Darcy with leakage,Lagging leaky,0.8464647864438143,0.040322413521611374,True,formal Lin and Yeh lagging leaky finite radius fit
MW-12,17.74299900921008,303.1632246321373,2.4314151996989453,0.9127527434163736,Theis confined,Theis,0.881480479955778,0.03482334389779872,True,infinite line source confined fit
MW-12,17.74299900921008,303.1632246321373,2.4314151996989453,0.9127527434163736,Hantush-Jacob leaky,Hantush leaky,0.8814804800756342,0.034823343761981464,True,conventional Hantush-Jacob leaky fit
MW-12,17.74299900921008,303.1632246321373,2.4314151996989453,0.9127527434163736,Lagging Darcy no-leakage,"Lagging
without leakage",0.8521467820594334,0.06862840329863741,True,finite radius lagging Darcy limit without leakage
MW-12,17.74299900921008,303.1632246321373,2.4314151996989453,0.9127527434163736,Lagging Darcy with leakage,Lagging leaky,0.875144085773336,0.04202945454313395,True,formal Lin and Yeh lagging leaky finite radius fit
MW-12,17.74299900921008,303.1632246321373,2.5805467441084726,0.9536435239517792,Theis confined,Theis,0.9029926505743416,0.054516766984481116,True,infinite line source confined fit
MW-12,17.74299900921008,303.1632246321373,2.5805467441084726,0.9536435239517792,Hantush-Jacob leaky,Hantush leaky,0.902992650674282,0.05451676687392688,True,conventional Hantush-Jacob leaky fit
MW-12,17.74299900921008,303.1632246321373,2.5805467441084726,0.9536435239517792,Lagging Darcy no-leakage,"Lagging
without leakage",0.8763015720491877,0.08448719639777746,True,finite radius lagging Darcy limit without leakage
MW-12,17.74299900921008,303.1632246321373,2.5805467441084726,0.9536435239517792,Lagging Darcy with leakage,Lagging leaky,0.8985744748205465,0.05941615168649227,True,formal Lin and Yeh lagging leaky finite radius fit
MW-12,17.74299900921008,303.1632246321373,2.764116802196239,0.9369616575691784,Theis confined,Theis,0.9279159388483456,0.009690822290548524,True,infinite line source confined fit
MW-12,17.74299900921008,303.1632246321373,2.764116802196239,0.9369616575691784,Hantush-Jacob leaky,Hantush leaky,0.9279159389229228,0.009690822210264504,True,conventional Hantush-Jacob leaky fit
MW-12,17.74299900921008,303.1632246321373,2.764116802196239,0.9369616575691784,Lagging Darcy no-leakage,"Lagging
without leakage",0.9044300713020632,0.035299023650336686,True,finite radius lagging Darcy limit without leakage
MW-12,17.74299900921008,303.1632246321373,2.764116802196239,0.9369616575691784,Lagging Darcy with leakage,Lagging leaky,0.9257593490115469,0.012015141444675071,True,formal Lin and Yeh lagging leaky finite radius fit
MW-12,17.74299900921008,303.1632246321373,2.906926188408289,0.9619078690995532,Theis confined,Theis,0.9462433973399599,0.016401656975778507,True,infinite line source confined fit
MW-12,17.74299900921008,303.1632246321373,2.906926188408289,0.9619078690995532,Hantush-Jacob leaky,Hantush leaky,0.9462433973942315,0.01640165691848434,True,conventional Hantush-Jacob leaky fit
MW-12,17.74299900921008,303.1632246321373,2.906926188408289,0.9619078690995532,Lagging Darcy no-leakage,"Lagging
without leakage",0.9252042484685584,0.03886295547998977,True,finite radius lagging Darcy limit without leakage
MW-12,17.74299900921008,303.1632246321373,2.906926188408289,0.9619078690995532,Lagging Darcy with leakage,Lagging leaky,0.9457744101278631,0.01689688697819209,True,formal Lin and Yeh lagging leaky finite radius fit
MW-12,17.74299900921008,303.1632246321373,3.043128773291385,0.996232768408728,Theis confined,Theis,0.9629427251064995,0.033952332471871,True,infinite line source confined fit
MW-12,17.74299900921008,303.1632246321373,3.043128773291385,0.996232768408728,Hantush-Jacob leaky,Hantush leaky,0.9629427251409871,0.033952332436093316,True,conventional Hantush-Jacob leaky fit
MW-12,17.74299900921008,303.1632246321373,3.043128773291385,0.996232768408728,Lagging Darcy no-leakage,"Lagging
without leakage",0.9441936784721118,0.05359435426906564,True,finite radius lagging Darcy limit without leakage
MW-12,17.74299900921008,303.1632246321373,3.043128773291385,0.996232768408728,Lagging Darcy with leakage,Lagging leaky,0.9640280903357445,0.032827001455874576,True,formal Lin and Yeh lagging leaky finite radius fit
MW-12,17.74299900921008,303.1632246321373,3.2150470664653565,1.0227510935862767,Theis confined,Theis,0.9830327547376958,0.03956951954955274,True,infinite line source confined fit
MW-12,17.74299900921008,303.1632246321373,3.2150470664653565,1.0227510935862767,Hantush-Jacob leaky,Hantush leaky,0.9830327547466875,0.03956951954041516,True,conventional Hantush-Jacob leaky fit
MW-12,17.74299900921008,303.1632246321373,3.2150470664653565,1.0227510935862767,Lagging Darcy no-leakage,"Lagging
without leakage",0.9671095989017536,0.05588340050945844,True,finite radius lagging Darcy limit without leakage
MW-12,17.74299900921008,303.1632246321373,3.2150470664653565,1.0227510935862767,Lagging Darcy with leakage,Lagging leaky,0.9860076211934202,0.036550942405300775,True,formal Lin and Yeh lagging leaky finite radius fit
MW-12,17.74299900921008,303.1632246321373,3.396662866573416,1.0592347992679934,Theis confined,Theis,1.00317099047363,0.054328076332677215,True,infinite line source confined fit
MW-12,17.74299900921008,303.1632246321373,3.396662866573416,1.0592347992679934,Hantush-Jacob leaky,Hantush leaky,1.0031709904551236,0.054328076351106716,True,conventional Hantush-Jacob leaky fit
MW-12,17.74299900921008,303.1632246321373,3.396662866573416,1.0592347992679934,Lagging Darcy no-leakage,"Lagging
without leakage",0.9901518162052456,0.06737795376334017,True,finite radius lagging Darcy limit without leakage
MW-12,17.74299900921008,303.1632246321373,3.396662866573416,1.0592347992679934,Lagging Darcy with leakage,Lagging leaky,1.00805974660009,0.0494714390425179,True,formal Lin and Yeh lagging leaky finite radius fit
MW-12,17.74299900921008,303.1632246321373,3.5558739308316203,1.059173128590125,Theis confined,Theis,1.019994403706441,0.037655165666970074,True,infinite line source confined fit
MW-12,17.74299900921008,303.1632246321373,3.5558739308316203,1.059173128590125,Hantush-Jacob leaky,Hantush leaky,1.01999440366341,0.03765516570911602,True,conventional Hantush-Jacob leaky fit
MW-12,17.74299900921008,303.1632246321373,3.5558739308316203,1.059173128590125,Lagging Darcy no-leakage,"Lagging
without leakage",1.009451434432404,0.048035027867156715,True,finite radius lagging Darcy limit without leakage
MW-12,17.74299900921008,303.1632246321373,3.5558739308316203,1.059173128590125,Lagging Darcy with leakage,Lagging leaky,1.026496148887315,0.0313073043061922,True,formal Lin and Yeh lagging leaky finite radius fit
MW-12,17.74299900921008,303.1632246321373,3.7054699012535393,1.096975246476864,Theis confined,Theis,1.0351559487764312,0.05795013642511164,True,infinite line source confined fit
MW-12,17.74299900921008,303.1632246321373,3.7054699012535393,1.096975246476864,Hantush-Jacob leaky,Hantush leaky,1.0351559487100463,0.05795013648917999,True,conventional Hantush-Jacob leaky fit
MW-12,17.74299900921008,303.1632246321373,3.7054699012535393,1.096975246476864,Lagging Darcy no-leakage,"Lagging
without leakage",1.026880764810478,0.06596862587347009,True,finite radius lagging Darcy limit without leakage
MW-12,17.74299900921008,303.1632246321373,3.7054699012535393,1.096975246476864,Lagging Darcy with leakage,Lagging leaky,1.043121643446384,0.050291799256925424,True,formal Lin and Yeh lagging leaky finite radius fit
MW-12,17.74299900921008,303.1632246321373,3.861426836323629,1.096917765110466,Theis confined,Theis,1.0503483787792844,0.04334193452503866,True,infinite line source confined fit
MW-12,17.74299900921008,303.1632246321373,3.861426836323629,1.096917765110466,Hantush-Jacob leaky,Hantush leaky,1.050348378687965,0.04334193461189779,True,conventional Hantush-Jacob leaky fit
MW-12,17.74299900921008,303.1632246321373,3.861426836323629,1.096917765110466,Lagging Darcy no-leakage,"Lagging
without leakage",1.0443776182846372,0.04903726776588511,True,finite radius lagging Darcy limit without leakage
MW-12,17.74299900921008,303.1632246321373,3.861426836323629,1.096917765110466,Lagging Darcy with leakage,Lagging leaky,1.0597902195962092,0.034401324549749,True,formal Lin and Yeh lagging leaky finite radius fit
MW-12,17.74299900921008,303.1632246321373,4.079591814708772,1.1162720284136376,Theis confined,Theis,1.070638141093155,0.04170157456120442,True,infinite line source confined fit
MW-12,17.74299900921008,303.1632246321373,4.079591814708772,1.1162720284136376,Hantush-Jacob leaky,Hantush leaky,1.0706381409667043,0.04170157467920196,True,conventional Hantush-Jacob leaky fit
MW-12,17.74299900921008,303.1632246321373,4.079591814708772,1.1162720284136376,Lagging Darcy no-leakage,"Lagging
without leakage",1.0677912367716729,0.0443617006365722,True,finite radius lagging Darcy limit without leakage
MW-12,17.74299900921008,303.1632246321373,4.079591814708772,1.1162720284136376,Lagging Darcy with leakage,Lagging leaky,1.082064892560036,0.03109513978979255,True,formal Lin and Yeh lagging leaky finite radius fit
MW-12,17.74299900921008,303.1632246321373,4.251294905737463,1.1162135358982677,Theis confined,Theis,1.0858840118056294,0.02752277335364734,True,infinite line source confined fit
MW-12,17.74299900921008,303.1632246321373,4.251294905737463,1.1162135358982677,Hantush-Jacob leaky,Hantush leaky,1.08588401165115,0.02752277349577809,True,conventional Hantush-Jacob leaky fit
MW-12,17.74299900921008,303.1632246321373,4.251294905737463,1.1162135358982677,Lagging Darcy no-leakage,"Lagging
without leakage",1.0854165943228509,0.027952918625467955,True,finite radius lagging Darcy limit without leakage
MW-12,17.74299900921008,303.1632246321373,4.251294905737463,1.1162135358982677,Lagging Darcy with leakage,Lagging leaky,1.0988117666369603,0.015698627006435695,True,formal Lin and Yeh lagging leaky finite radius fit
MW-12,17.74299900921008,303.1632246321373,4.369702699946839,1.1459656142212238,Theis confined,Theis,1.096055031133291,0.04449051366306659,True,infinite line source confined fit
MW-12,17.74299900921008,303.1632246321373,4.369702699946839,1.1459656142212238,Hantush-Jacob leaky,Hantush leaky,1.0960550309593038,0.044490513821661345,True,conventional Hantush-Jacob leaky fit
MW-12,17.74299900921008,303.1632246321373,4.369702699946839,1.1459656142212238,Lagging Darcy no-leakage,"Lagging
without leakage",1.0971893646529098,0.04345706734360167,True,finite radius lagging Darcy limit without leakage
MW-12,17.74299900921008,303.1632246321373,4.369702699946839,1.1459656142212238,Lagging Darcy with leakage,Lagging leaky,1.109988449912654,0.03186974432964982,True,formal Lin and Yeh lagging leaky finite radius fit
MW-12,17.74299900921008,303.1632246321373,4.595525634256004,1.145892222091727,Theis confined,Theis,1.1147346997786296,0.02754275720025442,True,infinite line source confined fit
MW-12,17.74299900921008,303.1632246321373,4.595525634256004,1.145892222091727,Hantush-Jacob leaky,Hantush leaky,1.1147346995670637,0.02754275738987459,True,conventional Hantush-Jacob leaky fit
MW-12,17.74299900921008,303.1632246321373,4.595525634256004,1.145892222091727,Lagging Darcy no-leakage,"Lagging
without leakage",1.118838636585627,0.02387126823563643,True,finite radius lagging Darcy limit without leakage
MW-12,17.74299900921008,303.1632246321373,4.595525634256004,1.145892222091727,Lagging Darcy with leakage,Lagging leaky,1.1305235645885003,0.013490856838154134,True,formal Lin and Yeh lagging leaky finite radius fit
MW-12,17.74299900921008,303.1632246321373,4.788943503528709,1.1458321774818945,Theis confined,Theis,1.130040215183274,0.013865759435230674,True,infinite line source confined fit
MW-12,17.74299900921008,303.1632246321373,4.788943503528709,1.1458321774818945,Hantush-Jacob leaky,Hantush leaky,1.1300402149391617,0.013865759651060574,True,conventional Hantush-Jacob leaky fit
MW-12,17.74299900921008,303.1632246321373,4.788943503528709,1.1458321774818945,Lagging Darcy no-leakage,"Lagging
without leakage",1.1366025135965925,0.008080523502898727,True,finite radius lagging Darcy limit without leakage
MW-12,17.74299900921008,303.1632246321373,4.788943503528709,1.1458321774818945,Lagging Darcy with leakage,Lagging leaky,1.147357138370753,-0.001328832530478707,True,formal Lin and Yeh lagging leaky finite radius fit
MW-12,17.74299900921008,303.1632246321373,4.990414833683142,1.1867271755538775,Theis confined,Theis,1.1453583310695408,0.03545129512487771,True,infinite line source confined fit
MW-12,17.74299900921008,303.1632246321373,4.990414833683142,1.1867271755538775,Hantush-Jacob leaky,Hantush leaky,1.145358330791203,0.03545129536767956,True,conventional Hantush-Jacob leaky fit
MW-12,17.74299900921008,303.1632246321373,4.990414833683142,1.1867271755538775,Lagging Darcy no-leakage,"Lagging
without leakage",1.154402061624168,0.027593155658159518,True,finite radius lagging Darcy limit without leakage
MW-12,17.74299900921008,303.1632246321373,4.990414833683142,1.1867271755538775,Lagging Darcy with leakage,Lagging leaky,1.1642111740658339,0.019139208475975614,True,formal Lin and Yeh lagging leaky finite radius fit
MW-12,17.74299900921008,303.1632246321373,5.176662855672213,1.197136897187468,Theis confined,Theis,1.1589940024446683,0.032352929808146844,True,infinite line source confined fit
MW-12,17.74299900921008,303.1632246321373,5.176662855672213,1.197136897187468,Hantush-Jacob leaky,Hantush leaky,1.1589940021344196,0.03235293007560401,True,conventional Hantush-Jacob leaky fit
MW-12,17.74299900921008,303.1632246321373,5.176662855672213,1.197136897187468,Lagging Darcy no-leakage,"Lagging
without leakage",1.1702631817377624,0.022684955680988887,True,finite radius lagging Darcy limit without leakage
MW-12,17.74299900921008,303.1632246321373,5.176662855672213,1.197136897187468,Lagging Darcy with leakage,Lagging leaky,1.1792193449462982,0.01506745785602763,True,formal Lin and Yeh lagging leaky finite radius fit
MW-12,17.74299900921008,303.1632246321373,5.345366850059806,1.1866235367702855,Theis confined,Theis,1.170939756693744,0.013293994785022646,True,infinite line source confined fit
MW-12,17.74299900921008,303.1632246321373,5.345366850059806,1.1866235367702855,Hantush-Jacob leaky,Hantush leaky,1.170939756354382,0.013293995074595518,True,conventional Hantush-Jacob leaky fit
MW-12,17.74299900921008,303.1632246321373,5.345366850059806,1.1866235367702855,Lagging Darcy no-leakage,"Lagging
without leakage",1.1841706275720545,0.0020675287463826886,True,finite radius lagging Darcy limit without leakage
MW-12,17.74299900921008,303.1632246321373,5.345366850059806,1.1866235367702855,Lagging Darcy with leakage,Lagging leaky,1.1923713932306583,-0.004828122524347241,True,formal Lin and Yeh lagging leaky finite radius fit
MW-12,17.74299900921008,303.1632246321373,5.519568795253878,1.1762025055992575,Theis confined,Theis,1.1828958959523244,-0.005669741065527493,True,infinite line source confined fit
MW-12,17.74299900921008,303.1632246321373,5.519568795253878,1.1762025055992575,Hantush-Jacob leaky,Hantush leaky,1.1828958955827047,-0.005669740753321256,True,conventional Hantush-Jacob leaky fit
MW-12,17.74299900921008,303.1632246321373,5.519568795253878,1.1762025055992575,Lagging Darcy no-leakage,"Lagging
without leakage",1.1981008160130475,-0.018431090109630968,True,finite radius lagging Darcy limit without leakage
MW-12,17.74299900921008,303.1632246321373,5.519568795253878,1.1762025055992575,Lagging Darcy with leakage,Lagging leaky,1.2055383618813305,-0.024614535768891062,True,formal Lin and Yeh lagging leaky finite radius fit
MW-12,17.74299900921008,303.1632246321373,5.725490445563127,1.2181885199585345,Theis confined,Theis,1.1965639783547957,0.017896014384539215,True,infinite line source confined fit
MW-12,17.74299900921008,303.1632246321373,5.725490445563127,1.2181885199585345,Hantush-Jacob leaky,Hantush leaky,1.1965639779491712,0.017896014723247075,True,conventional Hantush-Jacob leaky fit
MW-12,17.74299900921008,303.1632246321373,5.725490445563127,1.2181885199585345,Lagging Darcy no-leakage,"Lagging
without leakage",1.214037947998263,0.0034101806362491407,True,finite radius lagging Darcy limit without leakage
MW-12,17.74299900921008,303.1632246321373,5.725490445563127,1.2181885199585345,Lagging Darcy with leakage,Lagging leaky,1.2205947405998259,-0.0019716797142080296,True,formal Lin and Yeh lagging leaky finite radius fit
MW-12,17.74299900921008,303.1632246321373,5.966466614701902,1.218124687031691,Theis confined,Theis,1.2119630382971704,0.005066973409967851,True,infinite line source confined fit
MW-12,17.74299900921008,303.1632246321373,5.966466614701902,1.218124687031691,Hantush-Jacob leaky,Hantush leaky,1.2119630378491086,0.005066973779362181,True,conventional Hantush-Jacob leaky fit
MW-12,17.74299900921008,303.1632246321373,5.966466614701902,1.218124687031691,Lagging Darcy no-leakage,"Lagging
without leakage",1.2320082711924956,-0.01132380075053566,True,finite radius lagging Darcy limit without leakage
MW-12,17.74299900921008,303.1632246321373,5.966466614701902,1.218124687031691,Lagging Darcy with leakage,Lagging leaky,1.2375629115461941,-0.01581863362804331,True,formal Lin and Yeh lagging leaky finite radius fit
MW-12,17.74299900921008,303.1632246321373,6.246131549640233,1.2180537654803696,Theis confined,Theis,1.2290911634848278,-0.009013327547155505,True,infinite line source confined fit
MW-12,17.74299900921008,303.1632246321373,6.246131549640233,1.2180537654803696,Hantush-Jacob leaky,Hantush leaky,1.2290911629871393,-0.009013327142560661,True,conventional Hantush-Jacob leaky fit
MW-12,17.74299900921008,303.1632246321373,6.246131549640233,1.2180537654803696,Lagging Darcy no-leakage,"Lagging
without leakage",1.2520136538315645,-0.027476617022222836,True,finite radius lagging Darcy limit without leakage
MW-12,17.74299900921008,303.1632246321373,6.246131549640233,1.2180537654803696,Lagging Darcy with leakage,Lagging leaky,1.2564422390941563,-0.03100473306588078,True,formal Lin and Yeh lagging leaky finite radius fit
MW-12,17.74299900921008,303.1632246321373,6.509020618634408,1.217989939614644,Theis confined,Theis,1.2445220644750825,-0.02153217343569424,True,infinite line source confined fit
MW-12,17.74299900921008,303.1632246321373,6.509020618634408,1.217989939614644,Hantush-Jacob leaky,Hantush leaky,1.2445220639304089,-0.021532172998388777,True,conventional Hantush-Jacob leaky fit
MW-12,17.74299900921008,303.1632246321373,6.509020618634408,1.217989939614644,Lagging Darcy no-leakage,"Lagging
without leakage",1.270051249454554,-0.04182171606306488,True,finite radius lagging Darcy limit without leakage
MW-12,17.74299900921008,303.1632246321373,6.509020618634408,1.217989939614644,Lagging Darcy with leakage,Lagging leaky,1.2734558668734965,-0.044496718955249655,True,formal Lin and Yeh lagging leaky finite radius fit
MW-12,17.74299900921008,303.1632246321373,6.782974242072756,1.217926117093385,Theis confined,Theis,1.2599671288242582,-0.03390874987391179,True,infinite line source confined fit
MW-12,17.74299900921008,303.1632246321373,6.782974242072756,1.217926117093385,Hantush-Jacob leaky,Hantush leaky,1.259967128230311,-0.03390874940288668,True,conventional Hantush-Jacob leaky fit
MW-12,17.74299900921008,303.1632246321373,6.782974242072756,1.217926117093385,Lagging Darcy no-leakage,"Lagging
without leakage",1.288118294570174,-0.05598825288185798,True,finite radius lagging Darcy limit without leakage
MW-12,17.74299900921008,303.1632246321373,6.782974242072756,1.217926117093385,Lagging Darcy with leakage,Lagging leaky,1.290489659989288,-0.05782608809614714,True,formal Lin and Yeh lagging leaky finite radius fit
MW-12,17.74299900921008,303.1632246321373,7.100818143781594,1.2503601696568662,Theis confined,Theis,1.2771393278764926,-0.02117427481157537,True,infinite line source confined fit
MW-12,17.74299900921008,303.1632246321373,7.100818143781594,1.2503601696568662,Hantush-Jacob leaky,Hantush leaky,1.277139327225022,-0.021174274301872985,True,conventional Hantush-Jacob leaky fit
MW-12,17.74299900921008,303.1632246321373,7.100818143781594,1.2503601696568662,Lagging Darcy no-leakage,"Lagging
without leakage",1.3082198344134144,-0.04520031810651148,True,finite radius lagging Darcy limit without leakage
MW-12,17.74299900921008,303.1632246321373,7.100818143781594,1.2503601696568662,Lagging Darcy with leakage,Lagging leaky,1.3094333196377987,-0.04612676541828844,True,formal Lin and Yeh lagging leaky finite radius fit
MW-12,17.74299900921008,303.1632246321373,7.433588377563463,1.2724366222776378,Theis confined,Theis,1.2943292160935966,-0.01704563613199705,True,infinite line source confined fit
MW-12,17.74299900921008,303.1632246321373,7.433588377563463,1.2724366222776378,Hantush-Jacob leaky,Hantush leaky,1.2943292153815467,-0.01704563558229133,True,conventional Hantush-Jacob leaky fit
MW-12,17.74299900921008,303.1632246321373,7.433588377563463,1.2724366222776378,Lagging Darcy no-leakage,"Lagging
without leakage",1.3283560222154775,-0.04297538351849438,True,finite radius lagging Darcy limit without leakage
MW-12,17.74299900921008,303.1632246321373,7.433588377563463,1.2724366222776378,Lagging Darcy with leakage,Lagging leaky,1.3284015663162732,-0.04300964320504601,True,formal Lin and Yeh lagging leaky finite radius fit
MW-12,17.74299900921008,303.1632246321373,7.640730050155442,1.2723921715423276,Theis confined,Theis,1.304652528565887,-0.025018596794585405,True,infinite line source confined fit
MW-12,17.74299900921008,303.1632246321373,7.640730050155442,1.2723921715423276,Hantush-Jacob leaky,Hantush leaky,1.3046525278156218,-0.025018596219956873,True,conventional Hantush-Jacob leaky fit
MW-12,17.74299900921008,303.1632246321373,7.640730050155442,1.2723921715423276,Lagging Darcy no-leakage,"Lagging
without leakage",1.3404550303842078,-0.05207052753105297,True,finite radius lagging Darcy limit without leakage
MW-12,17.74299900921008,303.1632246321373,7.640730050155442,1.2723921715423276,Lagging Darcy with leakage,Lagging leaky,1.3397951907782033,-0.05157852300879855,True,formal Lin and Yeh lagging leaky finite radius fit
MW-12,17.74299900921008,303.1632246321373,8.072490643282816,1.2723032747301188,Theis confined,Theis,1.3253151496813143,-0.040790005528833106,True,infinite line source confined fit
MW-12,17.74299900921008,303.1632246321373,8.072490643282816,1.2723032747301188,Hantush-Jacob leaky,Hantush leaky,1.3253151488514734,-0.040790004903159066,True,conventional Hantush-Jacob leaky fit
MW-12,17.74299900921008,303.1632246321373,8.072490643282816,1.2723032747301188,Lagging Darcy no-leakage,"Lagging
without leakage",1.364685130840269,-0.07004170263017921,True,finite radius lagging Darcy limit without leakage
MW-12,17.74299900921008,303.1632246321373,8.072490643282816,1.2723032747301188,Lagging Darcy with leakage,Lagging leaky,1.3626050810855623,-0.0685174600645954,True,formal Lin and Yeh lagging leaky finite radius fit
MW-12,17.74299900921008,303.1632246321373,8.297435734253915,1.2722588286531118,Theis confined,Theis,1.3356541757507663,-0.048589987072303796,True,infinite line source confined fit
MW-12,17.74299900921008,303.1632246321373,8.297435734253915,1.2722588286531118,Hantush-Jacob leaky,Hantush leaky,1.3356541748792514,-0.04858998642029162,True,conventional Hantush-Jacob leaky fit
MW-12,17.74299900921008,303.1632246321373,8.297435734253915,1.2722588286531118,Lagging Darcy no-leakage,"Lagging
without leakage",1.3768155530765946,-0.07891969174497238,True,finite radius lagging Darcy limit without leakage
MW-12,17.74299900921008,303.1632246321373,8.297435734253915,1.2722588286531118,Lagging Darcy with leakage,Lagging leaky,1.37402093523122,-0.07688933591579346,True,formal Lin and Yeh lagging leaky finite radius fit
MW-12,17.74299900921008,303.1632246321373,8.646660712607542,1.2721921624488215,Theis confined,Theis,1.3511719760788388,-0.06018491015576115,True,infinite line source confined fit
MW-12,17.74299900921008,303.1632246321373,8.646660712607542,1.2721921624488215,Hantush-Jacob leaky,Hantush leaky,1.3511719751423559,-0.06018490946318433,True,conventional Hantush-Jacob leaky fit
MW-12,17.74299900921008,303.1632246321373,8.646660712607542,1.2721921624488215,Lagging Darcy no-leakage,"Lagging
without leakage",1.3950295072967571,-0.09210488053149386,True,finite radius lagging Darcy limit without leakage
MW-12,17.74299900921008,303.1632246321373,8.646660712607542,1.2721921624488215,Lagging Darcy with leakage,Lagging leaky,1.3911577959963422,-0.08932765406297075,True,formal Lin and Yeh lagging leaky finite radius fit
MW-13,36.57128860632061,287.63349167873656,0.1657892113869264,0.0010154070025281,Theis confined,Theis,5.0129862804493643e-05,0.6519073259851949,True,infinite line source confined fit
MW-13,36.57128860632061,287.63349167873656,0.1657892113869264,0.0010154070025281,Hantush-Jacob leaky,Hantush leaky,5.0125174246271876e-05,0.6519117907365121,True,conventional Hantush-Jacob leaky fit
MW-13,36.57128860632061,287.63349167873656,0.1657892113869264,0.0010154070025281,Lagging Darcy no-leakage,"Lagging
without leakage",0.00075043691566,0.1409557385029903,True,finite radius lagging Darcy limit without leakage
MW-13,36.57128860632061,287.63349167873656,0.1657892113869264,0.0010154070025281,Lagging Darcy with leakage,Lagging leaky,0.0010053101202714442,0.005022439118530086,True,formal Lin and Yeh lagging leaky finite radius fit
MW-13,36.57128860632061,287.63349167873656,0.3293672947699681,0.0037864700908095,Theis confined,Theis,0.0016630994823236725,0.5863025433574396,True,infinite line source confined fit
MW-13,36.57128860632061,287.63349167873656,0.3293672947699681,0.0037864700908095,Hantush-Jacob leaky,Hantush leaky,0.0016630242801853711,0.5863307823325966,True,conventional Hantush-Jacob leaky fit
MW-13,36.57128860632061,287.63349167873656,0.3293672947699681,0.0037864700908095,Lagging Darcy no-leakage,"Lagging
without leakage",0.0039135013162314,-0.026193579971873708,True,finite radius lagging Darcy limit without leakage
MW-13,36.57128860632061,287.63349167873656,0.3293672947699681,0.0037864700908095,Lagging Darcy with leakage,Lagging leaky,0.003935940945965928,-0.030750115857154144,True,formal Lin and Yeh lagging leaky finite radius fit
MW-13,36.57128860632061,287.63349167873656,0.5041207216971267,0.0079123342251462,Theis confined,Theis,0.006488072359974924,0.17412478271653675,True,infinite line source confined fit
MW-13,36.57128860632061,287.63349167873656,0.5041207216971267,0.0079123342251462,Hantush-Jacob leaky,Hantush leaky,0.006487891918043872,0.17414888025412575,True,conventional Hantush-Jacob leaky fit
MW-13,36.57128860632061,287.63349167873656,0.5041207216971267,0.0079123342251462,Lagging Darcy no-leakage,"Lagging
without leakage",0.0078926917398001,0.002206398727347318,True,finite radius lagging Darcy limit without leakage
MW-13,36.57128860632061,287.63349167873656,0.5041207216971267,0.0079123342251462,Lagging Darcy with leakage,Lagging leaky,0.007565276275989864,0.039719797656358684,True,formal Lin and Yeh lagging leaky finite radius fit
MW-13,36.57128860632061,287.63349167873656,0.6634481535079819,0.0120554792842156,Theis confined,Theis,0.012665986490731208,-0.04570209365594681,True,infinite line source confined fit
MW-13,36.57128860632061,287.63349167873656,0.6634481535079819,0.0120554792842156,Hantush-Jacob leaky,Hantush leaky,0.012665736535534317,-0.04568380317373618,True,conventional Hantush-Jacob leaky fit
MW-13,36.57128860632061,287.63349167873656,0.6634481535079819,0.0120554792842156,Lagging Darcy no-leakage,"Lagging
without leakage",0.0120152371029657,0.0030871582209770904,True,finite radius lagging Darcy limit without leakage
MW-13,36.57128860632061,287.63349167873656,0.6634481535079819,0.0120554792842156,Lagging Darcy with leakage,Lagging leaky,0.011428666717228822,0.049202277697499304,True,formal Lin and Yeh lagging leaky finite radius fit
MW-13,36.57128860632061,287.63349167873656,0.8379215433250978,0.0161023673000218,Theis confined,Theis,0.02030954965650664,-0.2199384203971476,True,infinite line source confined fit
MW-13,36.57128860632061,287.63349167873656,0.8379215433250978,0.0161023673000218,Hantush-Jacob leaky,Hantush leaky,0.020309259478918328,-0.219924803048648,True,conventional Hantush-Jacob leaky fit
MW-13,36.57128860632061,287.63349167873656,0.8379215433250978,0.0161023673000218,Lagging Darcy no-leakage,"Lagging
without leakage",0.0170764686474176,-0.05539412518850472,True,finite radius lagging Darcy limit without leakage
MW-13,36.57128860632061,287.63349167873656,0.8379215433250978,0.0161023673000218,Lagging Darcy with leakage,Lagging leaky,0.016274035818996883,-0.009987661909910649,True,formal Lin and Yeh lagging leaky finite radius fit
MW-13,36.57128860632061,287.63349167873656,1.0017016931858955,0.0204054592320603,Theis confined,Theis,0.027758004949864603,-0.29527016773072406,True,infinite line source confined fit
MW-13,36.57128860632061,287.63349167873656,1.0017016931858955,0.0204054592320603,Hantush-Jacob leaky,Hantush leaky,0.02775770450356067,-0.29525972027882635,True,conventional Hantush-Jacob leaky fit
MW-13,36.57128860632061,287.63349167873656,1.0017016931858955,0.0204054592320603,Lagging Darcy no-leakage,"Lagging
without leakage",0.022292534578741,-0.0844869110892165,True,finite radius lagging Darcy limit without leakage
MW-13,36.57128860632061,287.63349167873656,1.0017016931858955,0.0204054592320603,Lagging Darcy with leakage,Lagging leaky,0.021350586307339627,-0.043206559909966906,True,formal Lin and Yeh lagging leaky finite radius fit
MW-13,36.57128860632061,287.63349167873656,1.181150629462791,0.025858933147457,Theis confined,Theis,0.03588714978556176,-0.31726477480292387,True,infinite line source confined fit
MW-13,36.57128860632061,287.63349167873656,1.181150629462791,0.025858933147457,Hantush-Jacob leaky,Hantush leaky,0.03588686008596986,-0.3172569210996371,True,conventional Hantush-Jacob leaky fit
MW-13,36.57128860632061,287.63349167873656,1.181150629462791,0.025858933147457,Lagging Darcy no-leakage,"Lagging
without leakage",0.0284360936811134,-0.09162312629602161,True,finite radius lagging Darcy limit without leakage
MW-13,36.57128860632061,287.63349167873656,1.181150629462791,0.025858933147457,Lagging Darcy with leakage,Lagging leaky,0.027409918216039886,-0.056139845859962435,True,formal Lin and Yeh lagging leaky finite radius fit
MW-13,36.57128860632061,287.63349167873656,1.318255128186306,0.0327721683406644,Theis confined,Theis,0.04196448750303305,-0.2407368610337612,True,infinite line source confined fit
MW-13,36.57128860632061,287.63349167873656,1.318255128186306,0.0327721683406644,Hantush-Jacob leaky,Hantush leaky,0.04196421707727891,-0.24073056684474817,True,conventional Hantush-Jacob leaky fit
MW-13,36.57128860632061,287.63349167873656,1.318255128186306,0.0327721683406644,Lagging Darcy no-leakage,"Lagging
without leakage",0.0333726246556317,-0.017623411254945747,True,finite radius lagging Darcy limit without leakage
MW-13,36.57128860632061,287.63349167873656,1.318255128186306,0.0327721683406644,Lagging Darcy with leakage,Lagging leaky,0.03232853417628888,0.013223129173838267,True,formal Lin and Yeh lagging leaky finite radius fit
MW-13,36.57128860632061,287.63349167873656,1.4916910874550755,0.0383772405794097,Theis confined,Theis,0.049418465904341576,-0.24716949583399936,True,infinite line source confined fit
MW-13,36.57128860632061,287.63349167873656,1.4916910874550755,0.0383772405794097,Hantush-Jacob leaky,Hantush leaky,0.04941822948306195,-0.24716480664265456,True,conventional Hantush-Jacob leaky fit
MW-13,36.57128860632061,287.63349167873656,1.4916910874550755,0.0383772405794097,Lagging Darcy no-leakage,"Lagging
without leakage",0.0398494120812847,-0.036704429936526346,True,finite radius lagging Darcy limit without leakage
MW-13,36.57128860632061,287.63349167873656,1.4916910874550755,0.0383772405794097,Lagging Darcy with leakage,Lagging leaky,0.038836647815318204,-0.011599288863653334,True,formal Lin and Yeh lagging leaky finite radius fit
MW-13,36.57128860632061,287.63349167873656,1.6421630801616307,0.0461420576409277,Theis confined,Theis,0.05564886643230327,-0.18370643112311896,True,infinite line source confined fit
MW-13,36.57128860632061,287.63349167873656,1.6421630801616307,0.0461420576409277,Hantush-Jacob leaky,Hantush leaky,0.05564866570665242,-0.18370288778643604,True,conventional Hantush-Jacob leaky fit
MW-13,36.57128860632061,287.63349167873656,1.6421630801616307,0.0461420576409277,Lagging Darcy no-leakage,"Lagging
without leakage",0.0456271554908759,0.010982438866867677,True,finite radius lagging Darcy limit without leakage
MW-13,36.57128860632061,287.63349167873656,1.6421630801616307,0.0461420576409277,Lagging Darcy with leakage,Lagging leaky,0.044686679053965485,0.031358777504064156,True,formal Lin and Yeh lagging leaky finite radius fit
MW-13,36.57128860632061,287.63349167873656,1.832900605138676,0.0512618368502958,Theis confined,Theis,0.06321996733776719,-0.2060477722847441,True,infinite line source confined fit
MW-13,36.57128860632061,287.63349167873656,1.832900605138676,0.0512618368502958,Hantush-Jacob leaky,Hantush leaky,0.06321981744702607,-0.20604543826119565,True,conventional Hantush-Jacob leaky fit
MW-13,36.57128860632061,287.63349167873656,1.832900605138676,0.0512618368502958,Lagging Darcy no-leakage,"Lagging
without leakage",0.053097352310475,-0.034518836220732374,True,finite radius lagging Darcy limit without leakage
MW-13,36.57128860632061,287.63349167873656,1.832900605138676,0.0512618368502958,Lagging Darcy with leakage,Lagging leaky,0.052302726662368786,-0.01972107897838611,True,formal Lin and Yeh lagging leaky finite radius fit
MW-13,36.57128860632061,287.63349167873656,2.0457655261949625,0.0584696971219703,Theis confined,Theis,0.07124570474968933,-0.19460598464343778,True,infinite line source confined fit
MW-13,36.57128860632061,287.63349167873656,2.0457655261949625,0.0584696971219703,Hantush-Jacob leaky,Hantush leaky,0.0712456163309216,-0.19460476078075767,True,conventional Hantush-Jacob leaky fit
MW-13,36.57128860632061,287.63349167873656,2.0457655261949625,0.0584696971219703,Lagging Darcy no-leakage,"Lagging
without leakage",0.0615514920585155,-0.050523199730983896,True,finite radius lagging Darcy limit without leakage
MW-13,36.57128860632061,287.63349167873656,2.0457655261949625,0.0584696971219703,Lagging Darcy with leakage,Lagging leaky,0.060982639423296445,-0.04138744578289416,True,formal Lin and Yeh lagging leaky finite radius fit
MW-13,36.57128860632061,287.63349167873656,2.131756613193176,0.0649629861895055,Theis confined,Theis,0.07436577629817298,-0.1332595073224081,True,infinite line source confined fit
MW-13,36.57128860632061,287.63349167873656,2.131756613193176,0.0649629861895055,Hantush-Jacob leaky,Hantush leaky,0.074365713623013,-0.1332586757090536,True,conventional Hantush-Jacob leaky fit
MW-13,36.57128860632061,287.63349167873656,2.131756613193176,0.0649629861895055,Lagging Darcy no-leakage,"Lagging
without leakage",0.0649852428278942,-0.000337354108736834,True,finite radius lagging Darcy limit without leakage
MW-13,36.57128860632061,287.63349167873656,2.131756613193176,0.0649629861895055,Lagging Darcy with leakage,Lagging leaky,0.0645242641996727,0.006673249560544215,True,formal Lin and Yeh lagging leaky finite radius fit
MW-13,36.57128860632061,287.63349167873656,2.3469171874499377,0.0702961110246381,Theis confined,Theis,0.08188076839649079,-0.15056126756266244,True,infinite line source confined fit
MW-13,36.57128860632061,287.63349167873656,2.3469171874499377,0.0702961110246381,Hantush-Jacob leaky,Hantush leaky,0.08188077148821542,-0.15056130486594313,True,conventional Hantush-Jacob leaky fit
MW-13,36.57128860632061,287.63349167873656,2.3469171874499377,0.0702961110246381,Lagging Darcy no-leakage,"Lagging
without leakage",0.0735884565188373,-0.045143974784400014,True,finite radius lagging Darcy limit without leakage
MW-13,36.57128860632061,287.63349167873656,2.3469171874499377,0.0702961110246381,Lagging Darcy with leakage,Lagging leaky,0.07343407094621564,-0.04307199774199688,True,formal Lin and Yeh lagging leaky finite radius fit
MW-13,36.57128860632061,287.63349167873656,2.513648207508123,0.0823247101586541,Theis confined,Theis,0.08743294485785101,-0.059499433859580286,True,infinite line source confined fit
MW-13,36.57128860632061,287.63349167873656,2.513648207508123,0.0823247101586541,Hantush-Jacob leaky,Hantush leaky,0.08743299963336425,-0.059500053261052954,True,conventional Hantush-Jacob leaky fit
MW-13,36.57128860632061,287.63349167873656,2.513648207508123,0.0823247101586541,Lagging Darcy no-leakage,"Lagging
without leakage",0.080241307948319,0.02532130935419561,True,finite radius lagging Darcy limit without leakage
MW-13,36.57128860632061,287.63349167873656,2.513648207508123,0.0823247101586541,Lagging Darcy with leakage,Lagging leaky,0.08035618737828698,0.023908256233637015,True,formal Lin and Yeh lagging leaky finite radius fit
MW-13,36.57128860632061,287.63349167873656,2.655619274859261,0.086771841384874,Theis confined,Theis,0.09198585499475248,-0.05770664870946603,True,infinite line source confined fit
MW-13,36.57128860632061,287.63349167873656,2.655619274859261,0.086771841384874,Hantush-Jacob leaky,Hantush leaky,0.091985953922336,-0.0577077126081729,True,conventional Hantush-Jacob leaky fit
MW-13,36.57128860632061,287.63349167873656,2.655619274859261,0.086771841384874,Lagging Darcy no-leakage,"Lagging
without leakage",0.085880757085027,0.010204165751359007,True,finite radius lagging Darcy limit without leakage
MW-13,36.57128860632061,287.63349167873656,2.655619274859261,0.086771841384874,Lagging Darcy with leakage,Lagging leaky,0.08624366283273292,0.00603580989018536,True,formal Lin and Yeh lagging leaky finite radius fit
MW-13,36.57128860632061,287.63349167873656,2.844355806372688,0.0964048266366493,Theis confined,Theis,0.09780531729925344,-0.014275657912244253,True,infinite line source confined fit
MW-13,36.57128860632061,287.63349167873656,2.844355806372688,0.0964048266366493,Hantush-Jacob leaky,Hantush leaky,0.09780547478766921,-0.014277251837496055,True,conventional Hantush-Jacob leaky fit
MW-13,36.57128860632061,287.63349167873656,2.844355806372688,0.0964048266366493,Lagging Darcy no-leakage,"Lagging
without leakage",0.0933248670138388,0.032130908234210505,True,finite radius lagging Darcy limit without leakage
MW-13,36.57128860632061,287.63349167873656,2.844355806372688,0.0964048266366493,Lagging Darcy with leakage,Lagging leaky,0.09404052880906388,0.02457234454446329,True,formal Lin and Yeh lagging leaky finite radius fit
MW-13,36.57128860632061,287.63349167873656,3.005044634168239,0.0989709885041407,Theis confined,Theis,0.10256343881587834,-0.035304331418334195,True,infinite line source confined fit
MW-13,36.57128860632061,287.63349167873656,3.005044634168239,0.0989709885041407,Hantush-Jacob leaky,Hantush leaky,0.1025636458205006,-0.035306330235848796,True,conventional Hantush-Jacob leaky fit
MW-13,36.57128860632061,287.63349167873656,3.005044634168239,0.0989709885041407,Lagging Darcy no-leakage,"Lagging
without leakage",0.0996033139882588,-0.006305170414255591,True,finite radius lagging Darcy limit without leakage
MW-13,36.57128860632061,287.63349167873656,3.005044634168239,0.0989709885041407,Lagging Darcy with leakage,Lagging leaky,0.10063712400949386,-0.016528833260544423,True,formal Lin and Yeh lagging leaky finite radius fit
MW-13,36.57128860632061,287.63349167873656,3.0886202642047613,0.1099640254793365,Theis confined,Theis,0.104970738849844,0.04604304658425289,True,infinite line source confined fit
MW-13,36.57128860632061,287.63349167873656,3.0886202642047613,0.1099640254793365,Hantush-Jacob leaky,Hantush leaky,0.10497097143047066,0.04604085182394484,True,conventional Hantush-Jacob leaky fit
MW-13,36.57128860632061,287.63349167873656,3.0886202642047613,0.1099640254793365,Lagging Darcy no-leakage,"Lagging
without leakage",0.1028441570196717,0.06631476891491131,True,finite radius lagging Darcy limit without leakage
MW-13,36.57128860632061,287.63349167873656,3.0886202642047613,0.1099640254793365,Lagging Darcy with leakage,Lagging leaky,0.10404907914601196,0.054778392612689686,True,formal Lin and Yeh lagging leaky finite radius fit
MW-13,36.57128860632061,287.63349167873656,3.3539492707559635,0.1189935811101444,Theis confined,Theis,0.11232726326576774,0.05715848251452406,True,infinite line source confined fit
MW-13,36.57128860632061,287.63349167873656,3.3539492707559635,0.1189935811101444,Hantush-Jacob leaky,Hantush leaky,0.1123275760345156,0.05715572264626965,True,conventional Hantush-Jacob leaky fit
MW-13,36.57128860632061,287.63349167873656,3.3539492707559635,0.1189935811101444,Lagging Darcy no-leakage,"Lagging
without leakage",0.1130089353528373,0.051161424991600535,True,finite radius lagging Darcy limit without leakage
MW-13,36.57128860632061,287.63349167873656,3.3539492707559635,0.1189935811101444,Lagging Darcy with leakage,Lagging leaky,0.11477875225287071,0.03575718888946014,True,formal Lin and Yeh lagging leaky finite radius fit
MW-13,36.57128860632061,287.63349167873656,3.5434734545649857,0.1189852675176289,Theis confined,Theis,0.11733372250889182,0.013860174949248195,True,infinite line source confined fit
MW-13,36.57128860632061,287.63349167873656,3.5434734545649857,0.1189852675176289,Hantush-Jacob leaky,Hantush leaky,0.11733409147796658,0.013857056915844728,True,conventional Hantush-Jacob leaky fit
MW-13,36.57128860632061,287.63349167873656,3.5434734545649857,0.1189852675176289,Lagging Darcy no-leakage,"Lagging
without leakage",0.1201451609602183,-0.009620539357372056,True,finite radius lagging Darcy limit without leakage
MW-13,36.57128860632061,287.63349167873656,3.5434734545649857,0.1189852675176289,Lagging Darcy with leakage,Lagging leaky,0.12233528121801883,-0.0275375459463714,True,formal Lin and Yeh lagging leaky finite radius fit
MW-13,36.57128860632061,287.63349167873656,3.692418741894211,0.1321990478995979,Theis confined,Theis,0.12113391208734244,0.08672652735278145,True,infinite line source confined fit
MW-13,36.57128860632061,287.63349167873656,3.692418741894211,0.1321990478995979,Hantush-Jacob leaky,Hantush leaky,0.12113432453128262,0.08672315037715929,True,conventional Hantush-Jacob leaky fit
MW-13,36.57128860632061,287.63349167873656,3.692418741894211,0.1321990478995979,Lagging Darcy no-leakage,"Lagging
without leakage",0.1256763709682775,0.05020903615466908,True,finite radius lagging Darcy limit without leakage
MW-13,36.57128860632061,287.63349167873656,3.692418741894211,0.1321990478995979,Lagging Darcy with leakage,Lagging leaky,0.12820469200043483,0.030446703697887555,True,formal Lin and Yeh lagging leaky finite radius fit
MW-13,36.57128860632061,287.63349167873656,3.9009668705974567,0.1393403607916546,Theis confined,Theis,0.12626930547910098,0.09776526373840931,True,infinite line source confined fit
MW-13,36.57128860632061,287.63349167873656,3.9009668705974567,0.1393403607916546,Hantush-Jacob leaky,Hantush leaky,0.12626977772189582,0.0977615531664303,True,conventional Hantush-Jacob leaky fit
MW-13,36.57128860632061,287.63349167873656,3.9009668705974567,0.1393403607916546,Lagging Darcy no-leakage,"Lagging
without leakage",0.1333032775742441,0.043970112557707115,True,finite radius lagging Darcy limit without leakage
MW-13,36.57128860632061,287.63349167873656,3.9009668705974567,0.1393403607916546,Lagging Darcy with leakage,Lagging leaky,0.1363145897620239,0.02179605160911921,True,formal Lin and Yeh lagging leaky finite radius fit
MW-13,36.57128860632061,287.63349167873656,4.178265774946028,0.1507847504571941,Theis confined,Theis,0.13278737916941796,0.12621158463693793,True,infinite line source confined fit
MW-13,36.57128860632061,287.63349167873656,4.178265774946028,0.1507847504571941,Hantush-Jacob leaky,Hantush leaky,0.1327879289324657,0.12620747541586189,True,conventional Hantush-Jacob leaky fit
MW-13,36.57128860632061,287.63349167873656,4.178265774946028,0.1507847504571941,Lagging Darcy no-leakage,"Lagging
without leakage",0.1432273318254044,0.051072653812248146,True,finite radius lagging Darcy limit without leakage
MW-13,36.57128860632061,287.63349167873656,4.178265774946028,0.1507847504571941,Lagging Darcy with leakage,Lagging leaky,0.14689399609162593,0.025967627278350152,True,formal Lin and Yeh lagging leaky finite radius fit
MW-13,36.57128860632061,287.63349167873656,4.793462673617168,0.1719803901981434,Theis confined,Theis,0.14613510298615817,0.1618270039897501,True,infinite line source confined fit
MW-13,36.57128860632061,287.63349167873656,4.793462673617168,0.1719803901981434,Hantush-Jacob leaky,Hantush leaky,0.14613581657824767,0.16182215409095224,True,conventional Hantush-Jacob leaky fit
MW-13,36.57128860632061,287.63349167873656,4.793462673617168,0.1719803901981434,Lagging Darcy no-leakage,"Lagging
without leakage",0.1643525128389672,0.04509860021405088,True,finite radius lagging Darcy limit without leakage
MW-13,36.57128860632061,287.63349167873656,4.793462673617168,0.1719803901981434,Lagging Darcy with leakage,Lagging leaky,0.16950468818640677,0.014415443577186556,True,formal Lin and Yeh lagging leaky finite radius fit
MW-13,36.57128860632061,287.63349167873656,5.205314955806833,0.1812643347963131,Theis confined,Theis,0.15432928794322495,0.15991072053632027,True,infinite line source confined fit
MW-13,36.57128860632061,287.63349167873656,5.205314955806833,0.1812643347963131,Hantush-Jacob leaky,Hantush leaky,0.15433010512019502,0.1599054596172024,True,conventional Hantush-Jacob leaky fit
MW-13,36.57128860632061,287.63349167873656,5.205314955806833,0.1812643347963131,Lagging Darcy no-leakage,"Lagging
without leakage",0.1778202037330683,0.019077169744991677,True,finite radius lagging Darcy limit without leakage
MW-13,36.57128860632061,287.63349167873656,5.205314955806833,0.1812643347963131,Lagging Darcy with leakage,Lagging leaky,0.1839762996317711,-0.0147696844022258,True,formal Lin and Yeh lagging leaky finite radius fit
MW-13,36.57128860632061,287.63349167873656,6.484820556800563,0.2179050531935422,Theis confined,Theis,0.17677887217332525,0.20809760189869017,True,infinite line source confined fit
MW-13,36.57128860632061,287.63349167873656,6.484820556800563,0.2179050531935422,Hantush-Jacob leaky,Hantush leaky,0.17677998299573264,0.2080913535806339,True,conventional Hantush-Jacob leaky fit
MW-13,36.57128860632061,287.63349167873656,6.484820556800563,0.2179050531935422,Lagging Darcy no-leakage,"Lagging
without leakage",0.2164526384648257,0.006657016114205328,True,finite radius lagging Darcy limit without leakage
MW-13,36.57128860632061,287.63349167873656,6.484820556800563,0.2179050531935422,Lagging Darcy with leakage,Lagging leaky,0.22569338640689884,-0.03496029501515589,True,formal Lin and Yeh lagging leaky finite radius fit
MW-13,36.57128860632061,287.63349167873656,6.945700830928852,0.2420958059792337,Theis confined,Theis,0.1839535214057996,0.2733510710591911,True,infinite line source confined fit
MW-13,36.57128860632061,287.63349167873656,6.945700830928852,0.2420958059792337,Hantush-Jacob leaky,Hantush leaky,0.18395472871467833,0.2733445434465826,True,conventional Hantush-Jacob leaky fit
MW-13,36.57128860632061,287.63349167873656,6.945700830928852,0.2420958059792337,Lagging Darcy no-leakage,"Lagging
without leakage",0.229282381862457,0.05414932584226707,True,finite radius lagging Darcy limit without leakage
MW-13,36.57128860632061,287.63349167873656,6.945700830928852,0.2420958059792337,Lagging Darcy with leakage,Lagging leaky,0.23960536313733624,0.010297534957212532,True,formal Lin and Yeh lagging leaky finite radius fit
MW-13,36.57128860632061,287.63349167873656,7.968472000729379,0.2689486080088942,Theis confined,Theis,0.1985127878347254,0.3023532664756635,True,infinite line source confined fit
MW-13,36.57128860632061,287.63349167873656,7.968472000729379,0.2689486080088942,Hantush-Jacob leaky,Hantush leaky,0.19851419426231384,0.3023462171900184,True,conventional Hantush-Jacob leaky fit
MW-13,36.57128860632061,287.63349167873656,7.968472000729379,0.2689486080088942,Lagging Darcy no-leakage,"Lagging
without leakage",0.2559509929364057,0.04934622242511797,True,finite radius lagging Darcy limit without leakage
MW-13,36.57128860632061,287.63349167873656,7.968472000729379,0.2689486080088942,Lagging Darcy with leakage,Lagging leaky,0.2686014232784401,0.00128694192656637,True,formal Lin and Yeh lagging leaky finite radius fit
MW-13,36.57128860632061,287.63349167873656,8.418752559624917,0.2689298176748804,Theis confined,Theis,0.2044095439248271,0.2731562291897495,True,infinite line source confined fit
MW-13,36.57128860632061,287.63349167873656,8.418752559624917,0.2689298176748804,Hantush-Jacob leaky,Hantush leaky,0.2044110321490139,0.27314898406000915,True,conventional Hantush-Jacob leaky fit
MW-13,36.57128860632061,287.63349167873656,8.418752559624917,0.2689298176748804,Lagging Darcy no-leakage,"Lagging
without leakage",0.266974888057637,0.007268715828913424,True,finite radius lagging Darcy limit without leakage
MW-13,36.57128860632061,287.63349167873656,8.418752559624917,0.2689298176748804,Lagging Darcy with leakage,Lagging leaky,0.2806151175876792,-0.04237931678620058,True,formal Lin and Yeh lagging leaky finite radius fit
