case,record_id,well,time_h,pathway,bic_weight,deterministic_prediction_m,log_model_factor_sd
Massachusetts,Massachusetts|MW-01|0.4860936329,MW-01,0.4860936329079513,Theis confined,0.8552257706257106,0.0039301031470347,0.16616804136684765
Massachusetts,Massachusetts|MW-01|0.4860936329,MW-01,0.4860936329079513,Hantush-Jacob leaky,0.14455954082522846,0.0039301031546418,0.16379433138136562
Massachusetts,Massachusetts|MW-01|0.4860936329,MW-01,0.4860936329079513,Lagging Darcy no-leakage,0.0001893038624841896,0.004763465474779,0.062026000039015594
Massachusetts,Massachusetts|MW-01|0.4860936329,MW-01,0.4860936329079513,Lagging Darcy with leakage,2.538468657681934e-05,0.0050178879213765,0.03522875708589355
Massachusetts,Massachusetts|MW-01|0.6574235778,MW-01,0.657423577795513,Theis confined,0.8552257706257106,0.0096931665259844,0.16616804136684765
Massachusetts,Massachusetts|MW-01|0.6574235778,MW-01,0.657423577795513,Hantush-Jacob leaky,0.14455954082522846,0.0096931665396261,0.16379433138136562
Massachusetts,Massachusetts|MW-01|0.6574235778,MW-01,0.657423577795513,Lagging Darcy no-leakage,0.0001893038624841896,0.0104553018975249,0.062026000039015594
Massachusetts,Massachusetts|MW-01|0.6574235778,MW-01,0.657423577795513,Lagging Darcy with leakage,2.538468657681934e-05,0.0104369370713906,0.03522875708589355
Massachusetts,Massachusetts|MW-01|0.7716239412,MW-01,0.7716239411926175,Theis confined,0.8552257706257106,0.0144675618094526,0.16616804136684765
Massachusetts,Massachusetts|MW-01|0.7716239412,MW-01,0.7716239411926175,Hantush-Jacob leaky,0.14455954082522846,0.0144675618270957,0.16379433138136562
Massachusetts,Massachusetts|MW-01|0.7716239412,MW-01,0.7716239411926175,Lagging Darcy no-leakage,0.0001893038624841896,0.0148714075884019,0.062026000039015594
Massachusetts,Massachusetts|MW-01|0.7716239412,MW-01,0.7716239411926175,Lagging Darcy with leakage,2.538468657681934e-05,0.0146911907170602,0.03522875708589355
Massachusetts,Massachusetts|MW-01|0.9612067658,MW-01,0.9612067658087852,Theis confined,0.8552257706257106,0.0233274458951248,0.16616804136684765
Massachusetts,Massachusetts|MW-01|0.9612067658,MW-01,0.9612067658087852,Hantush-Jacob leaky,0.14455954082522846,0.0233274459183984,0.16379433138136562
Massachusetts,Massachusetts|MW-01|0.9612067658,MW-01,0.9612067658087852,Lagging Darcy no-leakage,0.0001893038624841896,0.0228766149231321,0.062026000039015594
Massachusetts,Massachusetts|MW-01|0.9612067658,MW-01,0.9612067658087852,Lagging Darcy with leakage,2.538468657681934e-05,0.0225080296157462,0.03522875708589355
Massachusetts,Massachusetts|MW-01|1.034260669,MW-01,1.0342606693873764,Theis confined,0.8552257706257106,0.0269203394221459,0.16616804136684765
Massachusetts,Massachusetts|MW-01|1.034260669,MW-01,1.0342606693873764,Hantush-Jacob leaky,0.14455954082522846,0.0269203394472225,0.16379433138136562
Massachusetts,Massachusetts|MW-01|1.034260669,MW-01,1.0342606693873764,Lagging Darcy no-leakage,0.0001893038624841896,0.0261102725463673,0.062026000039015594
Massachusetts,Massachusetts|MW-01|1.034260669,MW-01,1.0342606693873764,Lagging Darcy with leakage,2.538468657681934e-05,0.0256948654506717,0.03522875708589355
Massachusetts,Massachusetts|MW-01|1.133386427,MW-01,1.1333864274387484,Theis confined,0.8552257706257106,0.0318752319599917,0.16616804136684765
Massachusetts,Massachusetts|MW-01|1.133386427,MW-01,1.1333864274387484,Hantush-Jacob leaky,0.14455954082522846,0.0318752319871978,0.16379433138136562
Massachusetts,Massachusetts|MW-01|1.133386427,MW-01,1.1333864274387484,Lagging Darcy no-leakage,0.0001893038624841896,0.0305829356586403,0.062026000039015594
Massachusetts,Massachusetts|MW-01|1.133386427,MW-01,1.1333864274387484,Lagging Darcy with leakage,2.538468657681934e-05,0.0301231823760096,0.03522875708589355
Massachusetts,Massachusetts|MW-01|1.213905108,MW-01,1.213905107934798,Theis confined,0.8552257706257106,0.0359344595349316,0.16616804136684765
Massachusetts,Massachusetts|MW-01|1.213905108,MW-01,1.213905107934798,Hantush-Jacob leaky,0.14455954082522846,0.035934459563613,0.16379433138136562
Massachusetts,Massachusetts|MW-01|1.213905108,MW-01,1.213905107934798,Lagging Darcy no-leakage,0.0001893038624841896,0.03426658747963,0.062026000039015594
Massachusetts,Massachusetts|MW-01|1.213905108,MW-01,1.213905107934798,Lagging Darcy with leakage,2.538468657681934e-05,0.0337845655199913,0.03522875708589355
Massachusetts,Massachusetts|MW-01|1.336390891,MW-01,1.3363908906030342,Theis confined,0.8552257706257106,0.0421176929176111,0.16616804136684765
Massachusetts,Massachusetts|MW-01|1.336390891,MW-01,1.3363908906030342,Hantush-Jacob leaky,0.14455954082522846,0.0421176929481325,0.16379433138136562
Massachusetts,Massachusetts|MW-01|1.336390891,MW-01,1.3363908906030342,Lagging Darcy no-leakage,0.0001893038624841896,0.0399216178568551,0.062026000039015594
Massachusetts,Massachusetts|MW-01|1.336390891,MW-01,1.3363908906030342,Lagging Darcy with leakage,2.538468657681934e-05,0.0394245834322747,0.03522875708589355
Massachusetts,Massachusetts|MW-01|1.512212878,MW-01,1.512212877647885,Theis confined,0.8552257706257106,0.0509184767833153,0.16616804136684765
Massachusetts,Massachusetts|MW-01|1.512212878,MW-01,1.512212877647885,Hantush-Jacob leaky,0.14455954082522846,0.0509184768157163,0.16379433138136562
Massachusetts,Massachusetts|MW-01|1.512212878,MW-01,1.512212877647885,Lagging Darcy no-leakage,0.0001893038624841896,0.0480759192457991,0.062026000039015594
Massachusetts,Massachusetts|MW-01|1.512212878,MW-01,1.512212877647885,Lagging Darcy with leakage,2.538468657681934e-05,0.0475865520923767,0.03522875708589355
Massachusetts,Massachusetts|MW-01|1.711144431,MW-01,1.7111444308443955,Theis confined,0.8552257706257106,0.0606610993980904,0.16616804136684765
Massachusetts,Massachusetts|MW-01|1.711144431,MW-01,1.7111444308443955,Hantush-Jacob leaky,0.14455954082522846,0.0606610994316935,0.16379433138136562
Massachusetts,Massachusetts|MW-01|1.711144431,MW-01,1.7111444308443955,Lagging Darcy no-leakage,0.0001893038624841896,0.0572574396794459,0.062026000039015594
Massachusetts,Massachusetts|MW-01|1.711144431,MW-01,1.7111444308443955,Lagging Darcy with leakage,2.538468657681934e-05,0.0568033131916254,0.03522875708589355
Massachusetts,Massachusetts|MW-01|1.883728757,MW-01,1.883728756870389,Theis confined,0.8552257706257106,0.0688713548470964,0.16616804136684765
Massachusetts,Massachusetts|MW-01|1.883728757,MW-01,1.883728756870389,Hantush-Jacob leaky,0.14455954082522846,0.0688713548810766,0.16379433138136562
Massachusetts,Massachusetts|MW-01|1.883728757,MW-01,1.883728756870389,Lagging Darcy no-leakage,0.0001893038624841896,0.0651221071815535,0.062026000039015594
Massachusetts,Massachusetts|MW-01|1.883728757,MW-01,1.883728756870389,Lagging Darcy with leakage,2.538468657681934e-05,0.0647115852222938,0.03522875708589355
Massachusetts,Massachusetts|MW-01|2.045524339,MW-01,2.045524338911346,Theis confined,0.8552257706257106,0.0763414576690206,0.16616804136684765
Massachusetts,Massachusetts|MW-01|2.045524339,MW-01,2.045524338911346,Hantush-Jacob leaky,0.14455954082522846,0.0763414577028808,0.16379433138136562
Massachusetts,Massachusetts|MW-01|2.045524339,MW-01,2.045524338911346,Lagging Darcy no-leakage,0.0001893038624841896,0.0723765220558393,0.062026000039015594
Massachusetts,Massachusetts|MW-01|2.045524339,MW-01,2.045524338911346,Lagging Darcy with leakage,2.538468657681934e-05,0.0720125962940708,0.03522875708589355
Massachusetts,Massachusetts|MW-01|2.252010895,MW-01,2.2520108953320284,Theis confined,0.8552257706257106,0.085544806198491,0.16616804136684765
Massachusetts,Massachusetts|MW-01|2.252010895,MW-01,2.2520108953320284,Hantush-Jacob leaky,0.14455954082522846,0.0855448062316344,0.16379433138136562
Massachusetts,Massachusetts|MW-01|2.252010895,MW-01,2.2520108953320284,Lagging Darcy no-leakage,0.0001893038624841896,0.0814383023943627,0.062026000039015594
Massachusetts,Massachusetts|MW-01|2.252010895,MW-01,2.2520108953320284,Lagging Darcy with leakage,2.538468657681934e-05,0.0811371592540127,0.03522875708589355
Massachusetts,Massachusetts|MW-01|2.513516493,MW-01,2.5135164926548725,Theis confined,0.8552257706257106,0.096672130531462,0.16616804136684765
Massachusetts,Massachusetts|MW-01|2.513516493,MW-01,2.5135164926548725,Hantush-Jacob leaky,0.14455954082522846,0.0966721305629437,0.16379433138136562
Massachusetts,Massachusetts|MW-01|2.513516493,MW-01,2.5135164926548725,Lagging Darcy no-leakage,0.0001893038624841896,0.0925672290673923,0.062026000039015594
Massachusetts,Massachusetts|MW-01|2.513516493,MW-01,2.5135164926548725,Lagging Darcy with leakage,2.538468657681934e-05,0.0923456898305621,0.03522875708589355
Massachusetts,Massachusetts|MW-01|2.729405252,MW-01,2.7294052518063148,Theis confined,0.8552257706257106,0.1054288077211819,0.16616804136684765
Massachusetts,Massachusetts|MW-01|2.729405252,MW-01,2.7294052518063148,Hantush-Jacob leaky,0.14455954082522846,0.1054288077547075,0.16379433138136562
Massachusetts,Massachusetts|MW-01|2.729405252,MW-01,2.7294052518063148,Lagging Darcy no-leakage,0.0001893038624841896,0.1014492882069814,0.062026000039015594
Massachusetts,Massachusetts|MW-01|2.729405252,MW-01,2.7294052518063148,Lagging Darcy with leakage,2.538468657681934e-05,0.1012908977330001,0.03522875708589355
Massachusetts,Massachusetts|MW-01|3.046346325,MW-01,3.046346325310526,Theis confined,0.8552257706257106,0.1176226489501087,0.16616804136684765
Massachusetts,Massachusetts|MW-01|3.046346325,MW-01,3.046346325310526,Hantush-Jacob leaky,0.14455954082522846,0.1176226489803656,0.16379433138136562
Massachusetts,Massachusetts|MW-01|3.046346325,MW-01,3.046346325310526,Lagging Darcy no-leakage,0.0001893038624841896,0.1139854047449491,0.062026000039015594
Massachusetts,Massachusetts|MW-01|3.046346325,MW-01,3.046346325310526,Lagging Darcy with leakage,2.538468657681934e-05,0.1139132491027646,0.03522875708589355
Massachusetts,Massachusetts|MW-01|3.40022452,MW-01,3.4002245200953207,Theis confined,0.8552257706257106,0.1303814283537323,0.16616804136684765
Massachusetts,Massachusetts|MW-01|3.40022452,MW-01,3.4002245200953207,Hantush-Jacob leaky,0.14455954082522846,0.130381428379512,0.16379433138136562
Massachusetts,Massachusetts|MW-01|3.40022452,MW-01,3.4002245200953207,Lagging Darcy no-leakage,0.0001893038624841896,0.1272930034516,0.062026000039015594
Massachusetts,Massachusetts|MW-01|3.40022452,MW-01,3.4002245200953207,Lagging Darcy with leakage,2.538468657681934e-05,0.1273070531286795,0.03522875708589355
Massachusetts,Massachusetts|MW-01|3.592222434,MW-01,3.592222434430806,Theis confined,0.8552257706257106,0.1369572974684031,0.16616804136684765
Massachusetts,Massachusetts|MW-01|3.592222434,MW-01,3.592222434430806,Hantush-Jacob leaky,0.14455954082522846,0.1369572974914544,0.16379433138136562
Massachusetts,Massachusetts|MW-01|3.592222434,MW-01,3.592222434430806,Lagging Darcy no-leakage,0.0001893038624841896,0.1342214018325873,0.062026000039015594
Massachusetts,Massachusetts|MW-01|3.592222434,MW-01,3.592222434430806,Lagging Darcy with leakage,2.538468657681934e-05,0.1342778608096507,0.03522875708589355
Massachusetts,Massachusetts|MW-01|4.00945969,MW-01,4.009459689723935,Theis confined,0.8552257706257106,0.150487018214876,0.16616804136684765
Massachusetts,Massachusetts|MW-01|4.00945969,MW-01,4.009459689723935,Hantush-Jacob leaky,0.14455954082522846,0.150487018231406,0.16379433138136562
Massachusetts,Massachusetts|MW-01|4.00945969,MW-01,4.009459689723935,Lagging Darcy no-leakage,0.0001893038624841896,0.1486120523217707,0.062026000039015594
Massachusetts,Massachusetts|MW-01|4.00945969,MW-01,4.009459689723935,Lagging Darcy with leakage,2.538468657681934e-05,0.1487510247757236,0.03522875708589355
Massachusetts,Massachusetts|MW-01|4.414138931,MW-01,4.414138931228963,Theis confined,0.8552257706257106,0.162713069934223,0.16616804136684765
Massachusetts,Massachusetts|MW-01|4.414138931,MW-01,4.414138931228963,Hantush-Jacob leaky,0.14455954082522846,0.1627130699437924,0.16379433138136562
Massachusetts,Massachusetts|MW-01|4.414138931,MW-01,4.414138931228963,Lagging Darcy no-leakage,0.0001893038624841896,0.1617589625350863,0.062026000039015594
Massachusetts,Massachusetts|MW-01|4.414138931,MW-01,4.414138931228963,Lagging Darcy with leakage,2.538468657681934e-05,0.1619669038470893,0.03522875708589355
Massachusetts,Massachusetts|MW-01|4.926777387,MW-01,4.926777386633068,Theis confined,0.8552257706257106,0.1770934172787553,0.16616804136684765
Massachusetts,Massachusetts|MW-01|4.926777387,MW-01,4.926777386633068,Hantush-Jacob leaky,0.14455954082522846,0.1770934172788012,0.16379433138136562
Massachusetts,Massachusetts|MW-01|4.926777387,MW-01,4.926777386633068,Lagging Darcy no-leakage,0.0001893038624841896,0.1773766752463908,0.062026000039015594
Massachusetts,Massachusetts|MW-01|4.926777387,MW-01,4.926777386633068,Lagging Darcy with leakage,2.538468657681934e-05,0.1776591505470011,0.03522875708589355
Massachusetts,Massachusetts|MW-01|5.652331265,MW-01,5.652331265326424,Theis confined,0.8552257706257106,0.1956406068766794,0.16616804136684765
Massachusetts,Massachusetts|MW-01|5.652331265,MW-01,5.652331265326424,Hantush-Jacob leaky,0.14455954082522846,0.1956406068622136,0.16379433138136562
Massachusetts,Massachusetts|MW-01|5.652331265,MW-01,5.652331265326424,Lagging Darcy no-leakage,0.0001893038624841896,0.1977352595900921,0.062026000039015594
Massachusetts,Massachusetts|MW-01|5.652331265,MW-01,5.652331265326424,Lagging Darcy with leakage,2.538468657681934e-05,0.1981041984704824,0.03522875708589355
Massachusetts,Massachusetts|MW-01|5.890151125,MW-01,5.890151125493114,Theis confined,0.8552257706257106,0.201318597189994,0.16616804136684765
Massachusetts,Massachusetts|MW-01|5.890151125,MW-01,5.890151125493114,Hantush-Jacob leaky,0.14455954082522846,0.2013185971705614,0.16379433138136562
Massachusetts,Massachusetts|MW-01|5.890151125,MW-01,5.890151125493114,Lagging Darcy no-leakage,0.0001893038624841896,0.2040110355158498,0.062026000039015594
Massachusetts,Massachusetts|MW-01|5.890151125,MW-01,5.890151125493114,Lagging Darcy with leakage,2.538468657681934e-05,0.2044044693063187,0.03522875708589355
Massachusetts,Massachusetts|MW-01|6.484650653,MW-01,6.484650652679722,Theis confined,0.8552257706257106,0.2147564651789225,0.16616804136684765
Massachusetts,Massachusetts|MW-01|6.484650653,MW-01,6.484650652679722,Hantush-Jacob leaky,0.14455954082522846,0.2147564651467072,0.16379433138136562
Massachusetts,Massachusetts|MW-01|6.484650653,MW-01,6.484650652679722,Lagging Darcy no-leakage,0.0001893038624841896,0.2189358724110812,0.062026000039015594
Massachusetts,Massachusetts|MW-01|6.484650653,MW-01,6.484650652679722,Lagging Darcy with leakage,2.538468657681934e-05,0.2193839847386554,0.03522875708589355
Massachusetts,Massachusetts|MW-01|6.665262254,MW-01,6.665262253857036,Theis confined,0.8552257706257106,0.2186424546255627,0.16616804136684765
Massachusetts,Massachusetts|MW-01|6.665262254,MW-01,6.665262253857036,Hantush-Jacob leaky,0.14455954082522846,0.218642454589373,0.16379433138136562
Massachusetts,Massachusetts|MW-01|6.665262254,MW-01,6.665262253857036,Lagging Darcy no-leakage,0.0001893038624841896,0.2232695483205534,0.062026000039015594
Massachusetts,Massachusetts|MW-01|6.665262254,MW-01,6.665262253857036,Lagging Darcy with leakage,2.538468657681934e-05,0.2237326730462116,0.03522875708589355
Massachusetts,Massachusetts|MW-01|7.04180909,MW-01,7.041809089566733,Theis confined,0.8552257706257106,0.2264758434493404,0.16616804136684765
Massachusetts,Massachusetts|MW-01|7.04180909,MW-01,7.041809089566733,Hantush-Jacob leaky,0.14455954082522846,0.2264758434047471,0.16379433138136562
Massachusetts,Massachusetts|MW-01|7.04180909,MW-01,7.041809089566733,Lagging Darcy no-leakage,0.0001893038624841896,0.2320277705206315,0.062026000039015594
Massachusetts,Massachusetts|MW-01|7.04180909,MW-01,7.041809089566733,Lagging Darcy with leakage,2.538468657681934e-05,0.2325201588942304,0.03522875708589355
Massachusetts,Massachusetts|MW-01|7.439531074,MW-01,7.439531073710187,Theis confined,0.8552257706257106,0.2343838338530876,0.16616804136684765
Massachusetts,Massachusetts|MW-01|7.439531074,MW-01,7.439531073710187,Hantush-Jacob leaky,0.14455954082522846,0.2343838337994638,0.16379433138136562
Massachusetts,Massachusetts|MW-01|7.439531074,MW-01,7.439531073710187,Lagging Darcy no-leakage,0.0001893038624841896,0.2408980663061894,0.062026000039015594
Massachusetts,Massachusetts|MW-01|7.439531074,MW-01,7.439531073710187,Lagging Darcy with leakage,2.538468657681934e-05,0.2414187367810503,0.03522875708589355
Massachusetts,Massachusetts|MW-01|7.968472001,MW-01,7.968472000729379,Theis confined,0.8552257706257106,0.244372132408152,0.16616804136684765
Massachusetts,Massachusetts|MW-01|7.968472001,MW-01,7.968472000729379,Hantush-Jacob leaky,0.14455954082522846,0.2443721323423087,0.16379433138136562
Massachusetts,Massachusetts|MW-01|7.968472001,MW-01,7.968472000729379,Lagging Darcy no-leakage,0.0001893038624841896,0.2521400099111703,0.062026000039015594
Massachusetts,Massachusetts|MW-01|7.968472001,MW-01,7.968472000729379,Lagging Darcy with leakage,2.538468657681934e-05,0.2526947608370273,0.03522875708589355
Massachusetts,Massachusetts|MW-01|8.535131748,MW-01,8.535131747861813,Theis confined,0.8552257706257106,0.2544701649827282,0.16616804136684765
Massachusetts,Massachusetts|MW-01|8.535131748,MW-01,8.535131747861813,Hantush-Jacob leaky,0.14455954082522846,0.2544701648980275,0.16379433138136562
Massachusetts,Massachusetts|MW-01|8.535131748,MW-01,8.535131747861813,Lagging Darcy no-leakage,0.0001893038624841896,0.2635454260913907,0.062026000039015594
Massachusetts,Massachusetts|MW-01|8.535131748,MW-01,8.535131747861813,Lagging Darcy with leakage,2.538468657681934e-05,0.2641329630801876,0.03522875708589355
Massachusetts,Massachusetts|MW-01|9.142207978,MW-01,9.142207977977131,Theis confined,0.8552257706257106,0.2646718828053888,0.16616804136684765
Massachusetts,Massachusetts|MW-01|9.142207978,MW-01,9.142207977977131,Hantush-Jacob leaky,0.14455954082522846,0.2646718827116793,0.16379433138136562
Massachusetts,Massachusetts|MW-01|9.142207978,MW-01,9.142207977977131,Lagging Darcy no-leakage,0.0001893038624841896,0.2751053527176295,0.062026000039015594
Massachusetts,Massachusetts|MW-01|9.142207978,MW-01,9.142207977977131,Lagging Darcy with leakage,2.538468657681934e-05,0.2757245060625554,0.03522875708589355
Massachusetts,Massachusetts|MW-01|9.658813736,MW-01,9.658813735955054,Theis confined,0.8552257706257106,0.2729026027316867,0.16616804136684765
Massachusetts,Massachusetts|MW-01|9.658813736,MW-01,9.658813735955054,Hantush-Jacob leaky,0.14455954082522846,0.2729026026254653,0.16379433138136562
Massachusetts,Massachusetts|MW-01|9.658813736,MW-01,9.658813735955054,Lagging Darcy no-leakage,0.0001893038624841896,0.284457126273968,0.062026000039015594
Massachusetts,Massachusetts|MW-01|9.658813736,MW-01,9.658813735955054,Lagging Darcy with leakage,2.538468657681934e-05,0.2851008085106956,0.03522875708589355
Massachusetts,Massachusetts|MW-01|10.34572347,MW-01,10.34572346504638,Theis confined,0.8552257706257106,0.2832716709528119,0.16616804136684765
Massachusetts,Massachusetts|MW-01|10.34572347,MW-01,10.34572346504638,Hantush-Jacob leaky,0.14455954082522846,0.2832716708297583,0.16379433138136562
Massachusetts,Massachusetts|MW-01|10.34572347,MW-01,10.34572346504638,Lagging Darcy no-leakage,0.0001893038624841896,0.2962680905212433,0.062026000039015594
Massachusetts,Massachusetts|MW-01|10.34572347,MW-01,10.34572346504638,Lagging Darcy with leakage,2.538468657681934e-05,0.2969415741385234,0.03522875708589355
Massachusetts,Massachusetts|MW-01|11.08153282,MW-01,11.081532819160389,Theis confined,0.8552257706257106,0.2937275167705305,0.16616804136684765
Massachusetts,Massachusetts|MW-01|11.08153282,MW-01,11.081532819160389,Hantush-Jacob leaky,0.14455954082522846,0.2937275166292341,0.16379433138136562
Massachusetts,Massachusetts|MW-01|11.08153282,MW-01,11.081532819160389,Lagging Darcy no-leakage,0.0001893038624841896,0.3082086981862495,0.062026000039015594
Massachusetts,Massachusetts|MW-01|11.08153282,MW-01,11.081532819160389,Lagging Darcy with leakage,2.538468657681934e-05,0.3089111384496987,0.03522875708589355
Massachusetts,Massachusetts|MW-01|11.8697263,MW-01,11.869726296014518,Theis confined,0.8552257706257106,0.3042650834261671,0.16616804136684765
Massachusetts,Massachusetts|MW-01|11.8697263,MW-01,11.869726296014518,Hantush-Jacob leaky,0.14455954082522846,0.3042650832651219,0.16379433138136562
Massachusetts,Massachusetts|MW-01|11.8697263,MW-01,11.869726296014518,Lagging Darcy no-leakage,0.0001893038624841896,0.3202713116732549,0.062026000039015594
Massachusetts,Massachusetts|MW-01|11.8697263,MW-01,11.869726296014518,Lagging Darcy with leakage,2.538468657681934e-05,0.321001968108797,0.03522875708589355
Massachusetts,Massachusetts|MW-01|12.54045802,MW-01,12.540458023504687,Theis confined,0.8552257706257106,0.3127502548388789,0.16616804136684765
Massachusetts,Massachusetts|MW-01|12.54045802,MW-01,12.540458023504687,Hantush-Jacob leaky,0.14455954082522846,0.3127502546608838,0.16379433138136562
Massachusetts,Massachusetts|MW-01|12.54045802,MW-01,12.540458023504687,Lagging Darcy no-leakage,0.0001893038624841896,0.3300037922934956,0.062026000039015594
Massachusetts,Massachusetts|MW-01|12.54045802,MW-01,12.540458023504687,Lagging Darcy with leakage,2.538468657681934e-05,0.3307565519835376,0.03522875708589355
Massachusetts,Massachusetts|MW-02|0.2503023496,MW-02,0.2503023495701375,Theis confined,3.740665916615705e-17,0.0005646636214379,0.16616804136684765
Massachusetts,Massachusetts|MW-02|0.2503023496,MW-02,0.2503023495701375,Hantush-Jacob leaky,6.61539978799861e-18,0.0005646531855752,0.16379433138136562
Massachusetts,Massachusetts|MW-02|0.2503023496,MW-02,0.2503023495701375,Lagging Darcy no-leakage,0.31898021594071563,0.001482514408741,0.062026000039015594
Massachusetts,Massachusetts|MW-02|0.2503023496,MW-02,0.2503023495701375,Lagging Darcy with leakage,0.6810197840592844,0.0018247472683335,0.03522875708589355
Massachusetts,Massachusetts|MW-02|0.4159896534,MW-02,0.4159896534413013,Theis confined,3.740665916615705e-17,0.0042395826908226,0.16616804136684765
Massachusetts,Massachusetts|MW-02|0.4159896534,MW-02,0.4159896534413013,Hantush-Jacob leaky,6.61539978799861e-18,0.0042395374311501,0.16379433138136562
Massachusetts,Massachusetts|MW-02|0.4159896534,MW-02,0.4159896534413013,Lagging Darcy no-leakage,0.31898021594071563,0.0057220912622194,0.062026000039015594
Massachusetts,Massachusetts|MW-02|0.4159896534,MW-02,0.4159896534413013,Lagging Darcy with leakage,0.6810197840592844,0.0053849805690589,0.03522875708589355
Massachusetts,Massachusetts|MW-02|0.5862873126,MW-02,0.58628731264642,Theis confined,3.740665916615705e-17,0.011140014162825,0.16616804136684765
Massachusetts,Massachusetts|MW-02|0.5862873126,MW-02,0.58628731264642,Hantush-Jacob leaky,6.61539978799861e-18,0.0111399343326661,0.16379433138136562
Massachusetts,Massachusetts|MW-02|0.5862873126,MW-02,0.58628731264642,Lagging Darcy no-leakage,0.31898021594071563,0.0113592150356072,0.062026000039015594
Massachusetts,Massachusetts|MW-02|0.5862873126,MW-02,0.58628731264642,Lagging Darcy with leakage,0.6810197840592844,0.0104997536399675,0.03522875708589355
Massachusetts,Massachusetts|MW-02|0.7506853979,MW-02,0.7506853979064352,Theis confined,3.740665916615705e-17,0.0194342687288817,0.16616804136684765
Massachusetts,Massachusetts|MW-02|0.7506853979,MW-02,0.7506853979064352,Hantush-Jacob leaky,6.61539978799861e-18,0.0194341668160396,0.16379433138136562
Massachusetts,Massachusetts|MW-02|0.7506853979,MW-02,0.7506853979064352,Lagging Darcy no-leakage,0.31898021594071563,0.0176414154528817,0.062026000039015594
Massachusetts,Massachusetts|MW-02|0.7506853979,MW-02,0.7506853979064352,Lagging Darcy with leakage,0.6810197840592844,0.0165872082375521,0.03522875708589355
Massachusetts,Massachusetts|MW-02|0.8973555901,MW-02,0.8973555901462611,Theis confined,3.740665916615705e-17,0.0274286289276926,0.16616804136684765
Massachusetts,Massachusetts|MW-02|0.8973555901,MW-02,0.8973555901462611,Hantush-Jacob leaky,6.61539978799861e-18,0.0274285164738776,0.16379433138136562
Massachusetts,Massachusetts|MW-02|0.8973555901,MW-02,0.8973555901462611,Lagging Darcy no-leakage,0.31898021594071563,0.0237708592601138,0.062026000039015594
Massachusetts,Massachusetts|MW-02|0.8973555901,MW-02,0.8973555901462611,Lagging Darcy with leakage,0.6810197840592844,0.0227335588793203,0.03522875708589355
Massachusetts,Massachusetts|MW-02|1.072724613,MW-02,1.0727246127308625,Theis confined,3.740665916615705e-17,0.0371940733723855,0.16616804136684765
Massachusetts,Massachusetts|MW-02|1.072724613,MW-02,1.0727246127308625,Hantush-Jacob leaky,6.61539978799861e-18,0.0371939572175316,0.16379433138136562
Massachusetts,Massachusetts|MW-02|1.072724613,MW-02,1.0727246127308625,Lagging Darcy no-leakage,0.31898021594071563,0.0315712014171746,0.062026000039015594
Massachusetts,Massachusetts|MW-02|1.072724613,MW-02,1.0727246127308625,Lagging Darcy with leakage,0.6810197840592844,0.0307002546191095,0.03522875708589355
Massachusetts,Massachusetts|MW-02|1.247633276,MW-02,1.247633276410579,Theis confined,3.740665916615705e-17,0.0468478008581368,0.16616804136684765
Massachusetts,Massachusetts|MW-02|1.247633276,MW-02,1.247633276410579,Hantush-Jacob leaky,6.61539978799861e-18,0.0468476880916879,0.16379433138136562
Massachusetts,Massachusetts|MW-02|1.247633276,MW-02,1.247633276410579,Lagging Darcy no-leakage,0.31898021594071563,0.0396983708610972,0.062026000039015594
Massachusetts,Massachusetts|MW-02|1.247633276,MW-02,1.247633276410579,Lagging Darcy with leakage,0.6810197840592844,0.0390791038315846,0.03522875708589355
Massachusetts,Massachusetts|MW-02|1.451098966,MW-02,1.4510989661890674,Theis confined,3.740665916615705e-17,0.0577534787082705,0.16616804136684765
Massachusetts,Massachusetts|MW-02|1.451098966,MW-02,1.4510989661890674,Hantush-Jacob leaky,6.61539978799861e-18,0.0577533760202266,0.16379433138136562
Massachusetts,Massachusetts|MW-02|1.451098966,MW-02,1.4510989661890674,Lagging Darcy no-leakage,0.31898021594071563,0.0494068865766923,0.062026000039015594
Massachusetts,Massachusetts|MW-02|1.451098966,MW-02,1.4510989661890674,Lagging Darcy with leakage,0.6810197840592844,0.0491226402910212,0.03522875708589355
Massachusetts,Massachusetts|MW-02|1.532976829,MW-02,1.5329768288304169,Theis confined,3.740665916615705e-17,0.0620171274681814,0.16616804136684765
Massachusetts,Massachusetts|MW-02|1.532976829,MW-02,1.5329768288304169,Hantush-Jacob leaky,6.61539978799861e-18,0.0620170301834512,0.16379433138136562
Massachusetts,Massachusetts|MW-02|1.532976829,MW-02,1.5329768288304169,Lagging Darcy no-leakage,0.31898021594071563,0.0533549606406289,0.062026000039015594
Massachusetts,Massachusetts|MW-02|1.532976829,MW-02,1.5329768288304169,Lagging Darcy with leakage,0.6810197840592844,0.0532079380264886,0.03522875708589355
Massachusetts,Massachusetts|MW-02|1.782976724,MW-02,1.782976723663114,Theis confined,3.740665916615705e-17,0.0745494573923489,0.16616804136684765
Massachusetts,Massachusetts|MW-02|1.782976724,MW-02,1.782976723663114,Hantush-Jacob leaky,6.61539978799861e-18,0.0745493798922666,0.16379433138136562
Massachusetts,Massachusetts|MW-02|1.782976724,MW-02,1.782976723663114,Lagging Darcy no-leakage,0.31898021594071563,0.0654448743962221,0.062026000039015594
Massachusetts,Massachusetts|MW-02|1.782976724,MW-02,1.782976723663114,Lagging Darcy with leakage,0.6810197840592844,0.0657006994571944,0.03522875708589355
Massachusetts,Massachusetts|MW-02|1.909719018,MW-02,1.9097190181638288,Theis confined,3.740665916615705e-17,0.0806193414883823,0.16616804136684765
Massachusetts,Massachusetts|MW-02|1.909719018,MW-02,1.9097190181638288,Hantush-Jacob leaky,6.61539978799861e-18,0.0806192753778774,0.16379433138136562
Massachusetts,Massachusetts|MW-02|1.909719018,MW-02,1.9097190181638288,Lagging Darcy no-leakage,0.31898021594071563,0.0715532167881776,0.062026000039015594
Massachusetts,Massachusetts|MW-02|1.909719018,MW-02,1.9097190181638288,Lagging Darcy with leakage,0.6810197840592844,0.0719972117276657,0.03522875708589355
Massachusetts,Massachusetts|MW-02|2.10246909,MW-02,2.1024690901346235,Theis confined,3.740665916615705e-17,0.0894924743816963,0.16616804136684765
Massachusetts,Massachusetts|MW-02|2.10246909,MW-02,2.1024690901346235,Hantush-Jacob leaky,6.61539978799861e-18,0.0894924267265909,0.16379433138136562
Massachusetts,Massachusetts|MW-02|2.10246909,MW-02,2.1024690901346235,Lagging Darcy no-leakage,0.31898021594071563,0.0807667870724776,0.062026000039015594
Massachusetts,Massachusetts|MW-02|2.10246909,MW-02,2.1024690901346235,Lagging Darcy with leakage,0.6810197840592844,0.0814706834539362,0.03522875708589355
Massachusetts,Massachusetts|MW-02|2.283052525,MW-02,2.283052525473057,Theis confined,3.740665916615705e-17,0.09742941261527,0.16616804136684765
Massachusetts,Massachusetts|MW-02|2.283052525,MW-02,2.283052525473057,Hantush-Jacob leaky,6.61539978799861e-18,0.0974293830681825,0.16379433138136562
Massachusetts,Massachusetts|MW-02|2.283052525,MW-02,2.283052525473057,Lagging Darcy no-leakage,0.31898021594071563,0.0892826517687714,0.062026000039015594
Massachusetts,Massachusetts|MW-02|2.283052525,MW-02,2.283052525473057,Lagging Darcy with leakage,0.6810197840592844,0.0901995917453784,0.03522875708589355
Massachusetts,Massachusetts|MW-02|2.445342538,MW-02,2.445342538406944,Theis confined,3.740665916615705e-17,0.1042686499371165,0.16616804136684765
Massachusetts,Massachusetts|MW-02|2.445342538,MW-02,2.445342538406944,Hantush-Jacob leaky,6.61539978799861e-18,0.104268637069811,0.16379433138136562
Massachusetts,Massachusetts|MW-02|2.445342538,MW-02,2.445342538406944,Lagging Darcy no-leakage,0.31898021594071563,0.0968191795146527,0.062026000039015594
Massachusetts,Massachusetts|MW-02|2.445342538,MW-02,2.445342538406944,Lagging Darcy with leakage,0.6810197840592844,0.0979025675881664,0.03522875708589355
Massachusetts,Massachusetts|MW-02|2.655340974,MW-02,2.6553409739118923,Theis confined,3.740665916615705e-17,0.1127316914335701,0.16616804136684765
Massachusetts,Massachusetts|MW-02|2.655340974,MW-02,2.6553409739118923,Hantush-Jacob leaky,6.61539978799861e-18,0.1127317004404969,0.16379433138136562
Massachusetts,Massachusetts|MW-02|2.655340974,MW-02,2.6553409739118923,Lagging Darcy no-leakage,0.31898021594071563,0.1063873048361298,0.062026000039015594
Massachusetts,Massachusetts|MW-02|2.655340974,MW-02,2.6553409739118923,Lagging Darcy with leakage,0.6810197840592844,0.1076526006687849,0.03522875708589355
Massachusetts,Massachusetts|MW-02|2.844057726,MW-02,2.844057726402018,Theis confined,3.740665916615705e-17,0.1199899479516447,0.16616804136684765
Massachusetts,Massachusetts|MW-02|2.844057726,MW-02,2.844057726402018,Hantush-Jacob leaky,6.61539978799861e-18,0.1199899767007458,0.16379433138136562
Massachusetts,Massachusetts|MW-02|2.844057726,MW-02,2.844057726402018,Lagging Darcy no-leakage,0.31898021594071563,0.1147964777911836,0.062026000039015594
Massachusetts,Massachusetts|MW-02|2.844057726,MW-02,2.844057726402018,Lagging Darcy with leakage,0.6810197840592844,0.1161953850740745,0.03522875708589355
Massachusetts,Massachusetts|MW-02|3.088417961,MW-02,3.0884179613830334,Theis confined,3.740665916615705e-17,0.128938630219814,0.16616804136684765
Massachusetts,Massachusetts|MW-02|3.088417961,MW-02,3.0884179613830334,Hantush-Jacob leaky,6.61539978799861e-18,0.1289386844311058,0.16379433138136562
Massachusetts,Massachusetts|MW-02|3.088417961,MW-02,3.0884179613830334,Lagging Darcy no-leakage,0.31898021594071563,0.1254082018854938,0.062026000039015594
Massachusetts,Massachusetts|MW-02|3.088417961,MW-02,3.0884179613830334,Lagging Darcy with leakage,0.6810197840592844,0.1269423888295574,0.03522875708589355
Massachusetts,Massachusetts|MW-02|3.307913768,MW-02,3.307913767658236,Theis confined,3.740665916615705e-17,0.1365789684022235,0.16616804136684765
Massachusetts,Massachusetts|MW-02|3.307913768,MW-02,3.307913767658236,Hantush-Jacob leaky,6.61539978799861e-18,0.1365790452419866,0.16379433138136562
Massachusetts,Massachusetts|MW-02|3.307913768,MW-02,3.307913767658236,Lagging Darcy no-leakage,0.31898021594071563,0.1346700802521725,0.062026000039015594
Massachusetts,Massachusetts|MW-02|3.307913768,MW-02,3.307913767658236,Lagging Darcy with leakage,0.6810197840592844,0.1362936828897509,0.03522875708589355
Massachusetts,Massachusetts|MW-02|3.592081259,MW-02,3.5920812594997127,Theis confined,3.740665916615705e-17,0.1459621312585824,0.16616804136684765
Massachusetts,Massachusetts|MW-02|3.592081259,MW-02,3.5920812594997127,Hantush-Jacob leaky,6.61539978799861e-18,0.1459622368999148,0.16379433138136562
Massachusetts,Massachusetts|MW-02|3.592081259,MW-02,3.5920812594997127,Lagging Darcy no-leakage,0.31898021594071563,0.14628327282114,0.062026000039015594
Massachusetts,Massachusetts|MW-02|3.592081259,MW-02,3.5920812594997127,Lagging Darcy with leakage,0.6810197840592844,0.1479838643059629,0.03522875708589355
Massachusetts,Massachusetts|MW-02|3.795012034,MW-02,3.7950120340681193,Theis confined,3.740665916615705e-17,0.1523415889485448,0.16616804136684765
Massachusetts,Massachusetts|MW-02|3.795012034,MW-02,3.7950120340681193,Hantush-Jacob leaky,6.61539978799861e-18,0.1523417147541226,0.16379433138136562
Massachusetts,Massachusetts|MW-02|3.795012034,MW-02,3.7950120340681193,Lagging Darcy no-leakage,0.31898021594071563,0.1543206018617567,0.062026000039015594
Massachusetts,Massachusetts|MW-02|3.795012034,MW-02,3.7950120340681193,Lagging Darcy with leakage,0.6810197840592844,0.1560531331699181,0.03522875708589355
Massachusetts,Massachusetts|MW-02|4.064725925,MW-02,4.064725925341065,Theis confined,3.740665916615705e-17,0.1604427669163484,0.16616804136684765
Massachusetts,Massachusetts|MW-02|4.064725925,MW-02,4.064725925341065,Hantush-Jacob leaky,6.61539978799861e-18,0.1604429189508188,0.16379433138136562
Massachusetts,Massachusetts|MW-02|4.064725925,MW-02,4.064725925341065,Lagging Darcy no-leakage,0.31898021594071563,0.1646826930306271,0.062026000039015594
Massachusetts,Massachusetts|MW-02|4.064725925,MW-02,4.064725925341065,Lagging Darcy with leakage,0.6810197840592844,0.1664324959703676,0.03522875708589355
Massachusetts,Massachusetts|MW-02|4.536903977,MW-02,4.536903977062756,Theis confined,3.740665916615705e-17,0.1736958176751677,0.16616804136684765
Massachusetts,Massachusetts|MW-02|4.536903977,MW-02,4.536903977062756,Hantush-Jacob leaky,6.61539978799861e-18,0.1736960139812799,0.16379433138136562
Massachusetts,Massachusetts|MW-02|4.536903977,MW-02,4.536903977062756,Lagging Darcy no-leakage,0.31898021594071563,0.1819840050204837,0.062026000039015594
Massachusetts,Massachusetts|MW-02|4.536903977,MW-02,4.536903977062756,Lagging Darcy with leakage,0.6810197840592844,0.1837078242878771,0.03522875708589355
Massachusetts,Massachusetts|MW-02|4.663266604,MW-02,4.663266604068176,Theis confined,3.740665916615705e-17,0.1770608543921509,0.16616804136684765
Massachusetts,Massachusetts|MW-02|4.663266604,MW-02,4.663266604068176,Hantush-Jacob leaky,6.61539978799861e-18,0.177061062186404,0.16379433138136562
Massachusetts,Massachusetts|MW-02|4.663266604,MW-02,4.663266604068176,Lagging Darcy no-leakage,0.31898021594071563,0.186441642825368,0.062026000039015594
Massachusetts,Massachusetts|MW-02|4.663266604,MW-02,4.663266604068176,Lagging Darcy with leakage,0.6810197840592844,0.1881485437357428,0.03522875708589355
Massachusetts,Massachusetts|MW-02|5.063932495,MW-02,5.063932495119142,Theis confined,3.740665916615705e-17,0.1872758326814543,0.16616804136684765
Massachusetts,Massachusetts|MW-02|5.063932495,MW-02,5.063932495119142,Hantush-Jacob leaky,6.61539978799861e-18,0.1872760759101948,0.16379433138136562
Massachusetts,Massachusetts|MW-02|5.063932495,MW-02,5.063932495119142,Lagging Darcy no-leakage,0.31898021594071563,0.2001228303267116,0.062026000039015594
Massachusetts,Massachusetts|MW-02|5.063932495,MW-02,5.063932495119142,Lagging Darcy with leakage,0.6810197840592844,0.2017539516092887,0.03522875708589355
Massachusetts,Massachusetts|MW-02|5.349943839,MW-02,5.349943838782403,Theis confined,3.740665916615705e-17,0.1941790700233664,0.16616804136684765
Massachusetts,Massachusetts|MW-02|5.349943839,MW-02,5.349943838782403,Hantush-Jacob leaky,6.61539978799861e-18,0.1941793376457145,0.16379433138136562
Massachusetts,Massachusetts|MW-02|5.349943839,MW-02,5.349943838782403,Lagging Darcy no-leakage,0.31898021594071563,0.2094890625617992,0.062026000039015594
Massachusetts,Massachusetts|MW-02|5.349943839,MW-02,5.349943838782403,Lagging Darcy with leakage,0.6810197840592844,0.211048981256351,0.03522875708589355
Massachusetts,Massachusetts|MW-02|5.889919642,MW-02,5.889919641587413,Theis confined,3.740665916615705e-17,0.2064311045378937,0.16616804136684765
Massachusetts,Massachusetts|MW-02|5.889919642,MW-02,5.889919641587413,Hantush-Jacob leaky,6.61539978799861e-18,0.2064314162638471,0.16379433138136562
Massachusetts,Massachusetts|MW-02|5.889919642,MW-02,5.889919641587413,Lagging Darcy no-leakage,0.31898021594071563,0.2263336174577583,0.062026000039015594
Massachusetts,Massachusetts|MW-02|5.889919642,MW-02,5.889919641587413,Lagging Darcy with leakage,0.6810197840592844,0.2277298400115438,0.03522875708589355
Massachusetts,Massachusetts|MW-02|6.308685223,MW-02,6.308685222969169,Theis confined,3.740665916615705e-17,0.2153079446580591,0.16616804136684765
Massachusetts,Massachusetts|MW-02|6.308685223,MW-02,6.308685222969169,Hantush-Jacob leaky,6.61539978799861e-18,0.2153082889311019,0.16379433138136562
Massachusetts,Massachusetts|MW-02|6.308685223,MW-02,6.308685222969169,Lagging Darcy no-leakage,0.31898021594071563,0.2387015603494933,0.062026000039015594
Massachusetts,Massachusetts|MW-02|6.308685223,MW-02,6.308685222969169,Lagging Darcy with leakage,0.6810197840592844,0.2399511846018779,0.03522875708589355
Massachusetts,Massachusetts|MW-02|6.665000308,MW-02,6.665000307956808,Theis confined,3.740665916615705e-17,0.2224793615261247,0.16616804136684765
Massachusetts,Massachusetts|MW-02|6.665000308,MW-02,6.665000307956808,Hantush-Jacob leaky,6.61539978799861e-18,0.2224797324224016,0.16379433138136562
Massachusetts,Massachusetts|MW-02|6.665000308,MW-02,6.665000307956808,Lagging Darcy no-leakage,0.31898021594071563,0.2487863051277407,0.062026000039015594
Massachusetts,Massachusetts|MW-02|6.665000308,MW-02,6.665000307956808,Lagging Darcy with leakage,0.6810197840592844,0.249901440252165,0.03522875708589355
Massachusetts,Massachusetts|MW-02|7.041532345,MW-02,7.041532345314078,Theis confined,3.740665916615705e-17,0.2297122017088658,0.16616804136684765
Massachusetts,Massachusetts|MW-02|7.041532345,MW-02,7.041532345314078,Hantush-Jacob leaky,6.61539978799861e-18,0.2297125997484579,0.16379433138136562
Massachusetts,Massachusetts|MW-02|7.041532345,MW-02,7.041532345314078,Lagging Darcy no-leakage,0.31898021594071563,0.2590363243299689,0.062026000039015594
Massachusetts,Massachusetts|MW-02|7.041532345,MW-02,7.041532345314078,Lagging Darcy with leakage,0.6810197840592844,0.260002103573962,0.03522875708589355
Massachusetts,Massachusetts|MW-02|7.542176083,MW-02,7.542176083402369,Theis confined,3.740665916615705e-17,0.2388317661290548,0.16616804136684765
Massachusetts,Massachusetts|MW-02|7.542176083,MW-02,7.542176083402369,Hantush-Jacob leaky,6.61539978799861e-18,0.238832198763503,0.16379433138136562
Massachusetts,Massachusetts|MW-02|7.542176083,MW-02,7.542176083402369,Lagging Darcy no-leakage,0.31898021594071563,0.2720659519925151,0.062026000039015594
Massachusetts,Massachusetts|MW-02|7.542176083,MW-02,7.542176083402369,Lagging Darcy with leakage,0.6810197840592844,0.2728249341104788,0.03522875708589355
Massachusetts,Massachusetts|MW-02|8.303633891,MW-02,8.303633890983127,Theis confined,3.740665916615705e-17,0.2517422009150624,0.16616804136684765
Massachusetts,Massachusetts|MW-02|8.303633891,MW-02,8.303633890983127,Hantush-Jacob leaky,6.61539978799861e-18,0.2517426831868765,0.16379433138136562
Massachusetts,Massachusetts|MW-02|8.303633891,MW-02,8.303633890983127,Lagging Darcy no-leakage,0.31898021594071563,0.2906980187245275,0.062026000039015594
Massachusetts,Massachusetts|MW-02|8.303633891,MW-02,8.303633890983127,Lagging Darcy with leakage,0.6810197840592844,0.2911316099639802,0.03522875708589355
Massachusetts,Massachusetts|MW-02|8.7728537,MW-02,8.772853699869126,Theis confined,3.740665916615705e-17,0.2591893624800701,0.16616804136684765
Massachusetts,Massachusetts|MW-02|8.7728537,MW-02,8.772853699869126,Hantush-Jacob leaky,6.61539978799861e-18,0.259189873709066,0.16379433138136562
Massachusetts,Massachusetts|MW-02|8.7728537,MW-02,8.772853699869126,Lagging Darcy no-leakage,0.31898021594071563,0.3015370764076942,0.062026000039015594
Massachusetts,Massachusetts|MW-02|8.7728537,MW-02,8.772853699869126,Lagging Darcy with leakage,0.6810197840592844,0.301766913940446,0.03522875708589355
Massachusetts,Massachusetts|MW-03|0.2480142655,MW-03,0.2480142654818677,Theis confined,1.052355904033308e-12,0.0005534007433053,0.16616804136684765
Massachusetts,Massachusetts|MW-03|0.2480142655,MW-03,0.2480142654818677,Hantush-Jacob leaky,1.8885236133895457e-13,0.000553422799503,0.16379433138136562
Massachusetts,Massachusetts|MW-03|0.2480142655,MW-03,0.2480142654818677,Lagging Darcy no-leakage,0.39672080114224106,0.0015431711630201,0.062026000039015594
Massachusetts,Massachusetts|MW-03|0.2480142655,MW-03,0.2480142654818677,Lagging Darcy with leakage,0.6032791988565177,0.0019043746450908,0.03522875708589355
Massachusetts,Massachusetts|MW-03|0.4159896534,MW-03,0.4159896534413013,Theis confined,1.052355904033308e-12,0.0042267695401742,0.16616804136684765
Massachusetts,Massachusetts|MW-03|0.4159896534,MW-03,0.4159896534413013,Hantush-Jacob leaky,1.8885236133895457e-13,0.0042268662663297,0.16379433138136562
Massachusetts,Massachusetts|MW-03|0.4159896534,MW-03,0.4159896534413013,Lagging Darcy no-leakage,0.39672080114224106,0.0057454874407783,0.062026000039015594
Massachusetts,Massachusetts|MW-03|0.4159896534,MW-03,0.4159896534413013,Lagging Darcy with leakage,0.6032791988565177,0.0054393016338633,0.03522875708589355
Massachusetts,Massachusetts|MW-03|0.5862949932,MW-03,0.5862949932435153,Theis confined,1.052355904033308e-12,0.0109722147224728,0.16616804136684765
Massachusetts,Massachusetts|MW-03|0.5862949932,MW-03,0.5862949932435153,Hantush-Jacob leaky,1.8885236133895457e-13,0.0109723839338959,0.16379433138136562
Massachusetts,Massachusetts|MW-03|0.5862949932,MW-03,0.5862949932435153,Lagging Darcy no-leakage,0.39672080114224106,0.0111542869846201,0.062026000039015594
Massachusetts,Massachusetts|MW-03|0.5862949932,MW-03,0.5862949932435153,Lagging Darcy with leakage,0.6032791988565177,0.0103413804248451,0.03522875708589355
Massachusetts,Massachusetts|MW-03|0.7404398679,MW-03,0.740439867892767,Theis confined,1.052355904033308e-12,0.018487710151908,0.16616804136684765
Massachusetts,Massachusetts|MW-03|0.7404398679,MW-03,0.740439867892767,Hantush-Jacob leaky,1.8885236133895457e-13,0.0184879234615105,0.16379433138136562
Massachusetts,Massachusetts|MW-03|0.7404398679,MW-03,0.740439867892767,Lagging Darcy no-leakage,0.39672080114224106,0.0167502625775089,0.062026000039015594
Massachusetts,Massachusetts|MW-03|0.7404398679,MW-03,0.740439867892767,Lagging Darcy with leakage,0.6032791988565177,0.0157331804226552,0.03522875708589355
Massachusetts,Massachusetts|MW-03|0.9223609749,MW-03,0.9223609749498768,Theis confined,1.052355904033308e-12,0.0280649125806557,0.16616804136684765
Massachusetts,Massachusetts|MW-03|0.9223609749,MW-03,0.9223609749498768,Hantush-Jacob leaky,1.8885236133895457e-13,0.028065152760634,0.16379433138136562
Massachusetts,Massachusetts|MW-03|0.9223609749,MW-03,0.9223609749498768,Lagging Darcy no-leakage,0.39672080114224106,0.0240023236550035,0.062026000039015594
Massachusetts,Massachusetts|MW-03|0.9223609749,MW-03,0.9223609749498768,Lagging Darcy with leakage,0.6032791988565177,0.0229672970080037,0.03522875708589355
Massachusetts,Massachusetts|MW-03|1.072738666,MW-03,1.072738665850156,Theis confined,1.052355904033308e-12,0.0361227352658206,0.16616804136684765
Massachusetts,Massachusetts|MW-03|1.072738666,MW-03,1.072738665850156,Hantush-Jacob leaky,1.8885236133895457e-13,0.036122981645479,0.16379433138136562
Massachusetts,Massachusetts|MW-03|1.072738666,MW-03,1.072738665850156,Lagging Darcy no-leakage,0.39672080114224106,0.0303848657151043,0.062026000039015594
Massachusetts,Massachusetts|MW-03|1.072738666,MW-03,1.072738665850156,Lagging Darcy with leakage,0.6032791988565177,0.0294466736466349,0.03522875708589355
Massachusetts,Massachusetts|MW-03|1.264946598,MW-03,1.264946597765801,Theis confined,1.052355904033308e-12,0.0462888111789761,0.16616804136684765
Massachusetts,Massachusetts|MW-03|1.264946598,MW-03,1.264946597765801,Hantush-Jacob leaky,1.8885236133895457e-13,0.0462890503794252,0.16379433138136562
Massachusetts,Massachusetts|MW-03|1.264946598,MW-03,1.264946597765801,Lagging Darcy no-leakage,0.39672080114224106,0.0388840192843766,0.062026000039015594
Massachusetts,Massachusetts|MW-03|1.264946598,MW-03,1.264946597765801,Lagging Darcy with leakage,0.6032791988565177,0.0381452521464728,0.03522875708589355
Massachusetts,Massachusetts|MW-03|1.431331529,MW-03,1.4313315291471715,Theis confined,1.052355904033308e-12,0.0548316810676003,0.16616804136684765
Massachusetts,Massachusetts|MW-03|1.431331529,MW-03,1.4313315291471715,Hantush-Jacob leaky,1.8885236133895457e-13,0.0548319043619085,0.16379433138136562
Massachusetts,Massachusetts|MW-03|1.431331529,MW-03,1.4313315291471715,Lagging Darcy no-leakage,0.39672080114224106,0.0464307111015634,0.062026000039015594
Massachusetts,Massachusetts|MW-03|1.431331529,MW-03,1.4313315291471715,Lagging Darcy with leakage,0.6032791988565177,0.0458928811498979,0.03522875708589355
Massachusetts,Massachusetts|MW-03|1.575735489,MW-03,1.5757354888186066,Theis confined,1.052355904033308e-12,0.0620045279144199,0.16616804136684765
Massachusetts,Massachusetts|MW-03|1.575735489,MW-03,1.5757354888186066,Hantush-Jacob leaky,1.8885236133895457e-13,0.0620047322817489,0.16379433138136562
Massachusetts,Massachusetts|MW-03|1.575735489,MW-03,1.5757354888186066,Lagging Darcy no-leakage,0.39672080114224106,0.0530530144881726,0.062026000039015594
Massachusetts,Massachusetts|MW-03|1.575735489,MW-03,1.5757354888186066,Lagging Darcy with leakage,0.6032791988565177,0.0526922212392802,0.03522875708589355
Massachusetts,Massachusetts|MW-03|1.807695288,MW-03,1.807695287769156,Theis confined,1.052355904033308e-12,0.0730229259810004,0.16616804136684765
Massachusetts,Massachusetts|MW-03|1.807695288,MW-03,1.807695287769156,Hantush-Jacob leaky,1.8885236133895457e-13,0.0730230931381555,0.16379433138136562
Massachusetts,Massachusetts|MW-03|1.807695288,MW-03,1.807695287769156,Lagging Darcy no-leakage,0.39672080114224106,0.0637227382531242,0.062026000039015594
Massachusetts,Massachusetts|MW-03|1.807695288,MW-03,1.807695287769156,Lagging Darcy with leakage,0.6032791988565177,0.0636295756329262,0.03522875708589355
Massachusetts,Massachusetts|MW-03|1.962934554,MW-03,1.962934554390876,Theis confined,1.052355904033308e-12,0.0800494578850038,0.16616804136684765
Massachusetts,Massachusetts|MW-03|1.962934554,MW-03,1.962934554390876,Hantush-Jacob leaky,1.8885236133895457e-13,0.0800495969580391,0.16379433138136562
Massachusetts,Massachusetts|MW-03|1.962934554,MW-03,1.962934554390876,Lagging Darcy no-leakage,0.39672080114224106,0.07083102802478,0.062026000039015594
Massachusetts,Massachusetts|MW-03|1.962934554,MW-03,1.962934554390876,Lagging Darcy with leakage,0.6032791988565177,0.0708975562169711,0.03522875708589355
Massachusetts,Massachusetts|MW-03|2.16102742,MW-03,2.161027419508636,Theis confined,1.052355904033308e-12,0.0886248689332174,0.16616804136684765
Massachusetts,Massachusetts|MW-03|2.16102742,MW-03,2.161027419508636,Hantush-Jacob leaky,1.8885236133895457e-13,0.0886249698228279,0.16379433138136562
Massachusetts,Massachusetts|MW-03|2.16102742,MW-03,2.161027419508636,Lagging Darcy no-leakage,0.39672080114224106,0.0798133900902276,0.062026000039015594
Massachusetts,Massachusetts|MW-03|2.16102742,MW-03,2.161027419508636,Lagging Darcy with leakage,0.6032791988565177,0.0800565692138213,0.03522875708589355
Massachusetts,Massachusetts|MW-03|2.411999529,MW-03,2.4119995288333405,Theis confined,1.052355904033308e-12,0.0988961072039993,0.16616804136684765
Massachusetts,Massachusetts|MW-03|2.411999529,MW-03,2.4119995288333405,Hantush-Jacob leaky,1.8885236133895457e-13,0.0988961574442214,0.16379433138136562
Massachusetts,Massachusetts|MW-03|2.411999529,MW-03,2.4119995288333405,Lagging Darcy no-leakage,0.39672080114224106,0.0909952994287199,0.062026000039015594
Massachusetts,Massachusetts|MW-03|2.411999529,MW-03,2.4119995288333405,Lagging Darcy with leakage,0.6032791988565177,0.0914171926728313,0.03522875708589355
Massachusetts,Massachusetts|MW-03|2.619237507,MW-03,2.619237506518643,Theis confined,1.052355904033308e-12,0.1069142470175656,0.16616804136684765
Massachusetts,Massachusetts|MW-03|2.619237507,MW-03,2.619237506518643,Hantush-Jacob leaky,1.8885236133895457e-13,0.1069142544775956,0.16379433138136562
Massachusetts,Massachusetts|MW-03|2.619237507,MW-03,2.619237506518643,Lagging Darcy no-leakage,0.39672080114224106,0.1000276762600545,0.062026000039015594
Massachusetts,Massachusetts|MW-03|2.619237507,MW-03,2.619237506518643,Lagging Darcy with leakage,0.6032791988565177,0.1005606580010625,0.03522875708589355
Massachusetts,Massachusetts|MW-03|2.88352452,MW-03,2.8835245202916924,Theis confined,1.052355904033308e-12,0.1165847036724397,0.16616804136684765
Massachusetts,Massachusetts|MW-03|2.88352452,MW-03,2.8835245202916924,Hantush-Jacob leaky,1.8885236133895457e-13,0.1165846562301136,0.16379433138136562
Massachusetts,Massachusetts|MW-03|2.88352452,MW-03,2.8835245202916924,Lagging Darcy no-leakage,0.39672080114224106,0.1112539543713854,0.062026000039015594
Massachusetts,Massachusetts|MW-03|2.88352452,MW-03,2.8835245202916924,Lagging Darcy with leakage,0.6032791988565177,0.1118850865859434,0.03522875708589355
Massachusetts,Massachusetts|MW-03|3.174520281,MW-03,3.174520280993021,Theis confined,1.052355904033308e-12,0.1265808321433446,0.16616804136684765
Massachusetts,Massachusetts|MW-03|3.174520281,MW-03,3.174520280993021,Hantush-Jacob leaky,1.8885236133895457e-13,0.1265807245940864,0.16379433138136562
Massachusetts,Massachusetts|MW-03|3.174520281,MW-03,3.174520280993021,Lagging Darcy no-leakage,0.39672080114224106,0.1232165696079223,0.062026000039015594
Massachusetts,Massachusetts|MW-03|3.174520281,MW-03,3.174520280993021,Lagging Darcy with leakage,0.6032791988565177,0.1239063840665427,0.03522875708589355
Massachusetts,Massachusetts|MW-03|3.494928156,MW-03,3.494928156085803,Theis confined,1.052355904033308e-12,0.1368824534323745,0.16616804136684765
Massachusetts,Massachusetts|MW-03|3.494928156,MW-03,3.494928156085803,Hantush-Jacob leaky,1.8885236133895457e-13,0.1368822807974294,0.16379433138136562
Massachusetts,Massachusetts|MW-03|3.494928156,MW-03,3.494928156085803,Lagging Darcy no-leakage,0.39672080114224106,0.1358989357220857,0.062026000039015594
Massachusetts,Massachusetts|MW-03|3.494928156,MW-03,3.494928156085803,Lagging Darcy with leakage,0.6032791988565177,0.1366031614559963,0.03522875708589355
Massachusetts,Massachusetts|MW-03|3.641880615,MW-03,3.6418806145381977,Theis confined,1.052355904033308e-12,0.141383131103857,0.16616804136684765
Massachusetts,Massachusetts|MW-03|3.641880615,MW-03,3.6418806145381977,Hantush-Jacob leaky,1.8885236133895457e-13,0.1413829291291476,0.16379433138136562
Massachusetts,Massachusetts|MW-03|3.641880615,MW-03,3.6418806145381977,Lagging Darcy no-leakage,0.39672080114224106,0.1415457007399728,0.062026000039015594
Massachusetts,Massachusetts|MW-03|3.641880615,MW-03,3.6418806145381977,Lagging Darcy with leakage,0.6032791988565177,0.1422416319624516,0.03522875708589355
Massachusetts,Massachusetts|MW-03|4.009354641,MW-03,4.009354640753395,Theis confined,1.052355904033308e-12,0.1520819258538435,0.16616804136684765
Massachusetts,Massachusetts|MW-03|4.009354641,MW-03,4.009354640753395,Hantush-Jacob leaky,1.8885236133895457e-13,0.1520816521351479,0.16379433138136562
Massachusetts,Massachusetts|MW-03|4.009354641,MW-03,4.009354640753395,Lagging Darcy no-leakage,0.39672080114224106,0.1552109964194705,0.062026000039015594
Massachusetts,Massachusetts|MW-03|4.009354641,MW-03,4.009354640753395,Lagging Darcy with leakage,0.6032791988565177,0.1558522703519415,0.03522875708589355
Massachusetts,Massachusetts|MW-03|4.353836693,MW-03,4.35383669294302,Theis confined,1.052355904033308e-12,0.1614608918710645,0.16616804136684765
Massachusetts,Massachusetts|MW-03|4.353836693,MW-03,4.35383669294302,Hantush-Jacob leaky,1.8885236133895457e-13,0.1614605531472606,0.16379433138136562
Massachusetts,Massachusetts|MW-03|4.353836693,MW-03,4.35383669294302,Lagging Darcy no-leakage,0.39672080114224106,0.16745316726316,0.062026000039015594
Massachusetts,Massachusetts|MW-03|4.353836693,MW-03,4.35383669294302,Lagging Darcy with leakage,0.6032791988565177,0.1680071925640348,0.03522875708589355
Massachusetts,Massachusetts|MW-03|4.663388786,MW-03,4.663388786164799,Theis confined,1.052355904033308e-12,0.1694121175913068,0.16616804136684765
Massachusetts,Massachusetts|MW-03|4.663388786,MW-03,4.663388786164799,Hantush-Jacob leaky,1.8885236133895457e-13,0.1694117223628215,0.16379433138136562
Massachusetts,Massachusetts|MW-03|4.663388786,MW-03,4.663388786164799,Lagging Darcy no-leakage,0.39672080114224106,0.1780098822298127,0.062026000039015594
Massachusetts,Massachusetts|MW-03|4.663388786,MW-03,4.663388786164799,Lagging Darcy with leakage,0.6032791988565177,0.1784623089897485,0.03522875708589355
Massachusetts,Massachusetts|MW-03|4.994949628,MW-03,4.994949628261642,Theis confined,1.052355904033308e-12,0.1774800359236618,0.16616804136684765
Massachusetts,Massachusetts|MW-03|4.994949628,MW-03,4.994949628261642,Hantush-Jacob leaky,1.8885236133895457e-13,0.1774795821646211,0.16379433138136562
Massachusetts,Massachusetts|MW-03|4.994949628,MW-03,4.994949628261642,Lagging Darcy no-leakage,0.39672080114224106,0.1888773267591772,0.062026000039015594
Massachusetts,Massachusetts|MW-03|4.994949628,MW-03,4.994949628261642,Lagging Darcy with leakage,0.6032791988565177,0.1892018682525443,0.03522875708589355
Massachusetts,Massachusetts|MW-03|5.350013925,MW-03,5.350013925175581,Theis confined,1.052355904033308e-12,0.1856568768352379,0.16616804136684765
Massachusetts,Massachusetts|MW-03|5.350013925,MW-03,5.350013925175581,Hantush-Jacob leaky,1.8885236133895457e-13,0.1856563626232313,0.16379433138136562
Massachusetts,Massachusetts|MW-03|5.350013925,MW-03,5.350013925175581,Lagging Darcy no-leakage,0.39672080114224106,0.2000411751511309,0.062026000039015594
Massachusetts,Massachusetts|MW-03|5.350013925,MW-03,5.350013925175581,Lagging Darcy with leakage,0.6032791988565177,0.2002117999604819,0.03522875708589355
Massachusetts,Massachusetts|MW-03|5.730392916,MW-03,5.730392916419819,Theis confined,1.052355904033308e-12,0.1939397926052846,0.16616804136684765
Massachusetts,Massachusetts|MW-03|5.730392916,MW-03,5.730392916419819,Hantush-Jacob leaky,1.8885236133895457e-13,0.1939392160852602,0.16379433138136562
Massachusetts,Massachusetts|MW-03|5.730392916,MW-03,5.730392916419819,Lagging Darcy no-leakage,0.39672080114224106,0.2114932293264531,0.062026000039015594
Massachusetts,Massachusetts|MW-03|5.730392916,MW-03,5.730392916419819,Lagging Darcy with leakage,0.6032791988565177,0.211484269377918,0.03522875708589355
Massachusetts,Massachusetts|MW-03|6.308767869,MW-03,6.308767869256002,Theis confined,1.052355904033308e-12,0.2057002852746629,0.16616804136684765
Massachusetts,Massachusetts|MW-03|6.308767869,MW-03,6.308767869256002,Hantush-Jacob leaky,1.8885236133895457e-13,0.2056996185970325,0.16379433138136562
Massachusetts,Massachusetts|MW-03|6.308767869,MW-03,6.308767869256002,Lagging Darcy no-leakage,0.39672080114224106,0.2279822604040888,0.062026000039015594
Massachusetts,Massachusetts|MW-03|6.308767869,MW-03,6.308767869256002,Lagging Darcy with leakage,0.6032791988565177,0.2276799651455637,0.03522875708589355
Massachusetts,Massachusetts|MW-03|6.850814532,MW-03,6.85081453190316,Theis confined,1.052355904033308e-12,0.2159244279767619,0.16616804136684765
Massachusetts,Massachusetts|MW-03|6.850814532,MW-03,6.85081453190316,Hantush-Jacob leaky,1.8885236133895457e-13,0.2159236814507653,0.16379433138136562
Massachusetts,Massachusetts|MW-03|6.850814532,MW-03,6.85081453190316,Lagging Darcy no-leakage,0.39672080114224106,0.2425173330299225,0.062026000039015594
Massachusetts,Massachusetts|MW-03|6.850814532,MW-03,6.85081453190316,Lagging Darcy with leakage,0.6032791988565177,0.2419260709036202,0.03522875708589355
Massachusetts,Massachusetts|MW-03|7.237843944,MW-03,7.237843944366166,Theis confined,1.052355904033308e-12,0.2228096187638737,0.16616804136684765
Massachusetts,Massachusetts|MW-03|7.237843944,MW-03,7.237843944366166,Hantush-Jacob leaky,1.8885236133895457e-13,0.2228088177724578,0.16379433138136562
Massachusetts,Massachusetts|MW-03|7.237843944,MW-03,7.237843944366166,Lagging Darcy no-leakage,0.39672080114224106,0.2524020873328065,0.062026000039015594
Massachusetts,Massachusetts|MW-03|7.237843944,MW-03,7.237843944366166,Lagging Darcy with leakage,0.6032791988565177,0.2515997154781529,0.03522875708589355
Massachusetts,Massachusetts|MW-03|7.646738168,MW-03,7.64673816800075,Theis confined,1.052355904033308e-12,0.229746712723888,0.16616804136684765
Massachusetts,Massachusetts|MW-03|7.646738168,MW-03,7.64673816800075,Hantush-Jacob leaky,1.8885236133895457e-13,0.2297458563212383,0.16379433138136562
Massachusetts,Massachusetts|MW-03|7.646738168,MW-03,7.64673816800075,Lagging Darcy no-leakage,0.39672080114224106,0.2624345970852964,0.062026000039015594
Massachusetts,Massachusetts|MW-03|7.646738168,MW-03,7.64673816800075,Lagging Darcy with leakage,0.6032791988565177,0.2614069243413495,0.03522875708589355
Massachusetts,Massachusetts|MW-03|8.303742672,MW-03,8.30374267189136,Theis confined,1.052355904033308e-12,0.2402435768093402,0.16616804136684765
Massachusetts,Massachusetts|MW-03|8.303742672,MW-03,8.30374267189136,Hantush-Jacob leaky,1.8885236133895457e-13,0.2402426356193077,0.16379433138136562
Massachusetts,Massachusetts|MW-03|8.303742672,MW-03,8.30374267189136,Lagging Darcy no-leakage,0.39672080114224106,0.2777455792693383,0.062026000039015594
Massachusetts,Massachusetts|MW-03|8.303742672,MW-03,8.30374267189136,Lagging Darcy with leakage,0.6032791988565177,0.2763545026386166,0.03522875708589355
Massachusetts,Massachusetts|MW-03|9.142207978,MW-03,9.142207977977131,Theis confined,1.052355904033308e-12,0.2526242921482367,0.16616804136684765
Massachusetts,Massachusetts|MW-03|9.142207978,MW-03,9.142207977977131,Hantush-Jacob leaky,1.8885236133895457e-13,0.2526232496180126,0.16379433138136562
Massachusetts,Massachusetts|MW-03|9.142207978,MW-03,9.142207977977131,Lagging Darcy no-leakage,0.39672080114224106,0.2959893971495428,0.062026000039015594
Massachusetts,Massachusetts|MW-03|9.142207978,MW-03,9.142207977977131,Lagging Darcy with leakage,0.6032791988565177,0.2941376927981768,0.03522875708589355
Massachusetts,Massachusetts|MW-03|9.658687203,MW-03,9.658687203309212,Theis confined,1.052355904033308e-12,0.2597561685085157,0.16616804136684765
Massachusetts,Massachusetts|MW-03|9.658687203,MW-03,9.658687203309212,Hantush-Jacob leaky,1.8885236133895457e-13,0.2597550669996407,0.16379433138136562
Massachusetts,Massachusetts|MW-03|9.658687203,MW-03,9.658687203309212,Lagging Darcy no-leakage,0.39672080114224106,0.3065819959108513,0.062026000039015594
Massachusetts,Massachusetts|MW-03|9.658687203,MW-03,9.658687203309212,Lagging Darcy with leakage,0.6032791988565177,0.3044505306713741,0.03522875708589355
Massachusetts,Massachusetts|MW-04|0.2036664839,MW-04,0.2036664838714789,Theis confined,1.3138123116340282e-11,0.0001525531709058,0.16616804136684765
Massachusetts,Massachusetts|MW-04|0.2036664839,MW-04,0.2036664838714789,Hantush-Jacob leaky,2.430625684306455e-12,0.0001525914390456,0.16379433138136562
Massachusetts,Massachusetts|MW-04|0.2036664839,MW-04,0.2036664838714789,Lagging Darcy no-leakage,0.8604618328252909,0.0014224431625536,0.062026000039015594
Massachusetts,Massachusetts|MW-04|0.2036664839,MW-04,0.2036664838714789,Lagging Darcy with leakage,0.13953816715914033,0.0019095924299696,0.03522875708589355
Massachusetts,Massachusetts|MW-04|0.3726760221,MW-04,0.3726760221193158,Theis confined,1.3138123116340282e-11,0.0025437169047144,0.16616804136684765
Massachusetts,Massachusetts|MW-04|0.3726760221,MW-04,0.3726760221193158,Hantush-Jacob leaky,2.430625684306455e-12,0.0025440506315449,0.16379433138136562
Massachusetts,Massachusetts|MW-04|0.3726760221,MW-04,0.3726760221193158,Lagging Darcy no-leakage,0.8604618328252909,0.0048611604971143,0.062026000039015594
Massachusetts,Massachusetts|MW-04|0.3726760221,MW-04,0.3726760221193158,Lagging Darcy with leakage,0.13953816715914033,0.0045867996835499,0.03522875708589355
Massachusetts,Massachusetts|MW-04|0.5400125636,MW-04,0.5400125635854307,Theis confined,1.3138123116340282e-11,0.0080537548997309,0.16616804136684765
Massachusetts,Massachusetts|MW-04|0.5400125636,MW-04,0.5400125635854307,Hantush-Jacob leaky,2.430625684306455e-12,0.00805444304892,0.16379433138136562
Massachusetts,Massachusetts|MW-04|0.5400125636,MW-04,0.5400125635854307,Lagging Darcy no-leakage,0.8604618328252909,0.0090927583854323,0.062026000039015594
Massachusetts,Massachusetts|MW-04|0.5400125636,MW-04,0.5400125635854307,Lagging Darcy with leakage,0.13953816715914033,0.0083118114773343,0.03522875708589355
Massachusetts,Massachusetts|MW-04|0.6634655365,MW-04,0.6634655364914736,Theis confined,1.3138123116340282e-11,0.0134282985265773,0.16616804136684765
Massachusetts,Massachusetts|MW-04|0.6634655365,MW-04,0.6634655364914736,Hantush-Jacob leaky,2.430625684306455e-12,0.0134291860197119,0.16379433138136562
Massachusetts,Massachusetts|MW-04|0.6634655365,MW-04,0.6634655364914736,Lagging Darcy no-leakage,0.8604618328252909,0.0127338453203853,0.062026000039015594
Massachusetts,Massachusetts|MW-04|0.6634655365,MW-04,0.6634655364914736,Lagging Darcy with leakage,0.13953816715914033,0.0117364549459809,0.03522875708589355
Massachusetts,Massachusetts|MW-04|0.8041002824,MW-04,0.8041002824130353,Theis confined,1.3138123116340282e-11,0.0202781356715174,0.16616804136684765
Massachusetts,Massachusetts|MW-04|0.8041002824,MW-04,0.8041002824130353,Hantush-Jacob leaky,2.430625684306455e-12,0.0202791703757221,0.16379433138136562
Massachusetts,Massachusetts|MW-04|0.8041002824,MW-04,0.8041002824130353,Lagging Darcy no-leakage,0.8604618328252909,0.0173741184103195,0.062026000039015594
Massachusetts,Massachusetts|MW-04|0.8041002824,MW-04,0.8041002824130353,Lagging Darcy with leakage,0.13953816715914033,0.0162613898960804,0.03522875708589355
Massachusetts,Massachusetts|MW-04|0.9879914043,MW-04,0.9879914042718618,Theis confined,1.3138123116340282e-11,0.0297520957031329,0.16616804136684765
Massachusetts,Massachusetts|MW-04|0.9879914043,MW-04,0.9879914042718618,Hantush-Jacob leaky,2.430625684306455e-12,0.0297532121338185,0.16379433138136562
Massachusetts,Massachusetts|MW-04|0.9879914043,MW-04,0.9879914042718618,Lagging Darcy no-leakage,0.8604618328252909,0.0241140293133471,0.062026000039015594
Massachusetts,Massachusetts|MW-04|0.9879914043,MW-04,0.9879914042718618,Lagging Darcy with leakage,0.13953816715914033,0.0230080029178985,0.03522875708589355
Massachusetts,Massachusetts|MW-04|1.1649537,MW-04,1.1649537004309751,Theis confined,1.3138123116340282e-11,0.0389750338360223,0.16616804136684765
Massachusetts,Massachusetts|MW-04|1.1649537,MW-04,1.1649537004309751,Hantush-Jacob leaky,2.430625684306455e-12,0.038976139037153,0.16379433138136562
Massachusetts,Massachusetts|MW-04|1.1649537,MW-04,1.1649537004309751,Lagging Darcy no-leakage,0.8604618328252909,0.0311679221506986,0.062026000039015594
Massachusetts,Massachusetts|MW-04|1.1649537,MW-04,1.1649537004309751,Lagging Darcy with leakage,0.13953816715914033,0.0301815057611693,0.03522875708589355
Massachusetts,Massachusetts|MW-04|1.354882646,MW-04,1.354882646076215,Theis confined,1.3138123116340282e-11,0.0487090895447868,0.16616804136684765
Massachusetts,Massachusetts|MW-04|1.354882646,MW-04,1.354882646076215,Hantush-Jacob leaky,2.430625684306455e-12,0.0487101138179471,0.16379433138136562
Massachusetts,Massachusetts|MW-04|1.354882646,MW-04,1.354882646076215,Lagging Darcy no-leakage,0.8604618328252909,0.0391917328589597,0.062026000039015594
Massachusetts,Massachusetts|MW-04|1.354882646,MW-04,1.354882646076215,Lagging Darcy with leakage,0.13953816715914033,0.0384061414519889,0.03522875708589355
Massachusetts,Massachusetts|MW-04|1.554290566,MW-04,1.5542905659298367,Theis confined,1.3138123116340282e-11,0.058594030360664,0.16616804136684765
Massachusetts,Massachusetts|MW-04|1.554290566,MW-04,1.5542905659298367,Hantush-Jacob leaky,2.430625684306455e-12,0.0585949173270817,0.16379433138136562
Massachusetts,Massachusetts|MW-04|1.554290566,MW-04,1.5542905659298367,Lagging Darcy no-leakage,0.8604618328252909,0.0479607079721622,0.062026000039015594
Massachusetts,Massachusetts|MW-04|1.554290566,MW-04,1.5542905659298367,Lagging Darcy with leakage,0.13953816715914033,0.047426043149604,0.03522875708589355
Massachusetts,Massachusetts|MW-04|1.883778112,MW-04,1.8837781123862805,Theis confined,1.3138123116340282e-11,0.0740177576179041,0.16616804136684765
Massachusetts,Massachusetts|MW-04|1.883778112,MW-04,1.8837781123862805,Hantush-Jacob leaky,2.430625684306455e-12,0.0740183459088899,0.16379433138136562
Massachusetts,Massachusetts|MW-04|1.883778112,MW-04,1.8837781123862805,Lagging Darcy no-leakage,0.8604618328252909,0.062873983782324,0.062026000039015594
Massachusetts,Massachusetts|MW-04|1.883778112,MW-04,1.8837781123862805,Lagging Darcy with leakage,0.13953816715914033,0.0627732541390408,0.03522875708589355
Massachusetts,Massachusetts|MW-04|2.017580113,MW-04,2.0175801128626216,Theis confined,1.3138123116340282e-11,0.0799475478654487,0.16616804136684765
Massachusetts,Massachusetts|MW-04|2.017580113,MW-04,2.0175801128626216,Hantush-Jacob leaky,2.430625684306455e-12,0.0799479992165898,0.16379433138136562
Massachusetts,Massachusetts|MW-04|2.017580113,MW-04,2.0175801128626216,Lagging Darcy no-leakage,0.8604618328252909,0.0689947826190255,0.062026000039015594
Massachusetts,Massachusetts|MW-04|2.017580113,MW-04,2.0175801128626216,Lagging Darcy with leakage,0.13953816715914033,0.0690636212983585,0.03522875708589355
Massachusetts,Massachusetts|MW-04|2.221158529,MW-04,2.2211585290044566,Theis confined,1.3138123116340282e-11,0.0886107643375344,0.16616804136684765
Massachusetts,Massachusetts|MW-04|2.221158529,MW-04,2.2211585290044566,Hantush-Jacob leaky,2.430625684306455e-12,0.088610997251548,0.16379433138136562
Massachusetts,Massachusetts|MW-04|2.221158529,MW-04,2.2211585290044566,Lagging Darcy no-leakage,0.8604618328252909,0.0783087544751369,0.062026000039015594
Massachusetts,Massachusetts|MW-04|2.221158529,MW-04,2.2211585290044566,Lagging Darcy with leakage,0.13953816715914033,0.0786201554599024,0.03522875708589355
Massachusetts,Massachusetts|MW-04|2.445342538,MW-04,2.445342538406944,Theis confined,1.3138123116340282e-11,0.0976739224090722,0.16616804136684765
Massachusetts,Massachusetts|MW-04|2.445342538,MW-04,2.445342538406944,Hantush-Jacob leaky,2.430625684306455e-12,0.0976739062762418,0.16379433138136562
Massachusetts,Massachusetts|MW-04|2.445342538,MW-04,2.445342538406944,Lagging Darcy no-leakage,0.8604618328252909,0.0885081186134285,0.062026000039015594
Massachusetts,Massachusetts|MW-04|2.445342538,MW-04,2.445342538406944,Lagging Darcy with leakage,0.13953816715914033,0.0890607678969885,0.03522875708589355
Massachusetts,Massachusetts|MW-04|2.619237507,MW-04,2.619237506518643,Theis confined,1.3138123116340282e-11,0.1043811172768565,0.16616804136684765
Massachusetts,Massachusetts|MW-04|2.619237507,MW-04,2.619237506518643,Hantush-Jacob leaky,2.430625684306455e-12,0.1043809049239585,0.16379433138136562
Massachusetts,Massachusetts|MW-04|2.619237507,MW-04,2.619237506518643,Lagging Darcy no-leakage,0.8604618328252909,0.096343863415071,0.062026000039015594
Massachusetts,Massachusetts|MW-04|2.619237507,MW-04,2.619237506518643,Lagging Darcy with leakage,0.13953816715914033,0.0970636023464151,0.03522875708589355
Massachusetts,Massachusetts|MW-04|2.844244023,MW-04,2.8442440227227888,Theis confined,1.3138123116340282e-11,0.112670582095845,0.16616804136684765
Massachusetts,Massachusetts|MW-04|2.844244023,MW-04,2.8442440227227888,Hantush-Jacob leaky,2.430625684306455e-12,0.1126701147693753,0.16379433138136562
Massachusetts,Massachusetts|MW-04|2.844244023,MW-04,2.8442440227227888,Lagging Darcy no-leakage,0.8604618328252909,0.1063517356635244,0.062026000039015594
Massachusetts,Massachusetts|MW-04|2.844244023,MW-04,2.8442440227227888,Lagging Darcy with leakage,0.13953816715914033,0.1072616862821264,0.03522875708589355
Massachusetts,Massachusetts|MW-04|3.088579803,MW-04,3.0885798025803166,Theis confined,1.3138123116340282e-11,0.1212127380965188,0.16616804136684765
Massachusetts,Massachusetts|MW-04|3.088579803,MW-04,3.0885798025803166,Hantush-Jacob leaky,2.430625684306455e-12,0.1212119950744929,0.16379433138136562
Massachusetts,Massachusetts|MW-04|3.088579803,MW-04,3.0885798025803166,Lagging Darcy no-leakage,0.8604618328252909,0.1170223376395886,0.062026000039015594
Massachusetts,Massachusetts|MW-04|3.088579803,MW-04,3.0885798025803166,Lagging Darcy with leakage,0.13953816715914033,0.1181070524002044,0.03522875708589355
Massachusetts,Massachusetts|MW-04|3.262937564,MW-04,3.2629375638397176,Theis confined,1.3138123116340282e-11,0.1270385744765076,0.16616804136684765
Massachusetts,Massachusetts|MW-04|3.262937564,MW-04,3.2629375638397176,Hantush-Jacob leaky,2.430625684306455e-12,0.1270376365994941,0.16379433138136562
Massachusetts,Massachusetts|MW-04|3.262937564,MW-04,3.2629375638397176,Lagging Darcy no-leakage,0.8604618328252909,0.1244986774566184,0.062026000039015594
Massachusetts,Massachusetts|MW-04|3.262937564,MW-04,3.2629375638397176,Lagging Darcy with leakage,0.13953816715914033,0.1256892185901997,0.03522875708589355
Massachusetts,Massachusetts|MW-04|3.692128522,MW-04,3.692128522272329,Theis confined,1.3138123116340282e-11,0.1405170600647328,0.16616804136684765
Massachusetts,Massachusetts|MW-04|3.692128522,MW-04,3.692128522272329,Hantush-Jacob leaky,2.430625684306455e-12,0.1405156524567196,0.16379433138136562
Massachusetts,Massachusetts|MW-04|3.692128522,MW-04,3.692128522272329,Lagging Darcy no-leakage,0.8604618328252909,0.142378591905305,0.062026000039015594
Massachusetts,Massachusetts|MW-04|3.692128522,MW-04,3.692128522272329,Lagging Darcy with leakage,0.13953816715914033,0.1437699825087251,0.03522875708589355
Massachusetts,Massachusetts|MW-04|3.95463403,MW-04,3.9546340301995695,Theis confined,1.3138123116340282e-11,0.1482170910605465,0.16616804136684765
Massachusetts,Massachusetts|MW-04|3.95463403,MW-04,3.9546340301995695,Hantush-Jacob leaky,2.430625684306455e-12,0.1482154044466239,0.16379433138136562
Massachusetts,Massachusetts|MW-04|3.95463403,MW-04,3.9546340301995695,Lagging Darcy no-leakage,0.8604618328252909,0.1529373214887575,0.062026000039015594
Massachusetts,Massachusetts|MW-04|3.95463403,MW-04,3.9546340301995695,Lagging Darcy with leakage,0.13953816715914033,0.154415064760403,0.03522875708589355
Massachusetts,Massachusetts|MW-04|4.294414511,MW-04,4.294414510712543,Theis confined,1.3138123116340282e-11,0.157641700496203,0.16616804136684765
Massachusetts,Massachusetts|MW-04|4.294414511,MW-04,4.294414510712543,Hantush-Jacob leaky,2.430625684306455e-12,0.1576396630033984,0.16379433138136562
Massachusetts,Massachusetts|MW-04|4.294414511,MW-04,4.294414510712543,Lagging Darcy no-leakage,0.8604618328252909,0.1661785790978563,0.062026000039015594
Massachusetts,Massachusetts|MW-04|4.294414511,MW-04,4.294414510712543,Lagging Darcy with leakage,0.13953816715914033,0.1677336168877619,0.03522875708589355
Massachusetts,Massachusetts|MW-04|4.663266604,MW-04,4.663266604068176,Theis confined,1.3138123116340282e-11,0.1672525811849306,0.16616804136684765
Massachusetts,Massachusetts|MW-04|4.663266604,MW-04,4.663266604068176,Hantush-Jacob leaky,2.430625684306455e-12,0.1672501762271426,0.16379433138136562
Massachusetts,Massachusetts|MW-04|4.663266604,MW-04,4.663266604068176,Lagging Darcy no-leakage,0.8604618328252909,0.180019727174912,0.062026000039015594
Massachusetts,Massachusetts|MW-04|4.663266604,MW-04,4.663266604068176,Lagging Darcy with leakage,0.13953816715914033,0.1816216322164044,0.03522875708589355
Massachusetts,Massachusetts|MW-04|5.063998835,MW-04,5.063998834649906,Theis confined,1.3138123116340282e-11,0.1770458006117232,0.16616804136684765
Massachusetts,Massachusetts|MW-04|5.063998835,MW-04,5.063998834649906,Hantush-Jacob leaky,2.430625684306455e-12,0.1770430121601308,0.16379433138136562
Massachusetts,Massachusetts|MW-04|5.063998835,MW-04,5.063998834649906,Lagging Darcy no-leakage,0.8604618328252909,0.1944511668110357,0.062026000039015594
Massachusetts,Massachusetts|MW-04|5.063998835,MW-04,5.063998834649906,Lagging Darcy with leakage,0.13953816715914033,0.1960683159727784,0.03522875708589355
Massachusetts,Massachusetts|MW-04|5.49902343,MW-04,5.499023429789011,Theis confined,1.3138123116340282e-11,0.1870024665202919,0.16616804136684765
Massachusetts,Massachusetts|MW-04|5.49902343,MW-04,5.499023429789011,Hantush-Jacob leaky,2.430625684306455e-12,0.1869992796937111,0.16379433138136562
Massachusetts,Massachusetts|MW-04|5.49902343,MW-04,5.499023429789011,Lagging Darcy no-leakage,0.8604618328252909,0.2094388962639174,0.062026000039015594
Massachusetts,Massachusetts|MW-04|5.49902343,MW-04,5.499023429789011,Lagging Darcy with leakage,0.13953816715914033,0.211038967670325,0.03522875708589355
Massachusetts,Massachusetts|MW-04|5.890073963,MW-04,5.890073963180375,Theis confined,1.3138123116340282e-11,0.1954216110119348,0.16616804136684765
Massachusetts,Massachusetts|MW-04|5.890073963,MW-04,5.890073963180375,Hantush-Jacob leaky,2.430625684306455e-12,0.1954180812497317,0.16379433138136562
Massachusetts,Massachusetts|MW-04|5.890073963,MW-04,5.890073963180375,Lagging Darcy no-leakage,0.8604618328252909,0.2223434074339064,0.062026000039015594
Massachusetts,Massachusetts|MW-04|5.890073963,MW-04,5.890073963180375,Lagging Darcy with leakage,0.13953816715914033,0.2239044031237911,0.03522875708589355
Massachusetts,Massachusetts|MW-04|6.484565702,MW-04,6.484565702288636,Theis confined,1.3138123116340282e-11,0.2073764983085639,0.16616804136684765
Massachusetts,Massachusetts|MW-04|6.484565702,MW-04,6.484565702288636,Hantush-Jacob leaky,2.430625684306455e-12,0.2073724729076865,0.16379433138136562
Massachusetts,Massachusetts|MW-04|6.484565702,MW-04,6.484565702288636,Lagging Darcy no-leakage,0.8604618328252909,0.2410042791717277,0.062026000039015594
Massachusetts,Massachusetts|MW-04|6.484565702,MW-04,6.484565702288636,Lagging Darcy with leakage,0.13953816715914033,0.2424729193086436,0.03522875708589355
Massachusetts,Massachusetts|MW-04|6.85090428,MW-04,6.850904280299655,Theis confined,1.3138123116340282e-11,0.2142931393622826,0.16616804136684765
Massachusetts,Massachusetts|MW-04|6.85090428,MW-04,6.850904280299655,Hantush-Jacob leaky,2.430625684306455e-12,0.2142888229329621,0.16379433138136562
Massachusetts,Massachusetts|MW-04|6.85090428,MW-04,6.850904280299655,Lagging Darcy no-leakage,0.8604618328252909,0.2519689905878461,0.062026000039015594
Massachusetts,Massachusetts|MW-04|6.85090428,MW-04,6.850904280299655,Lagging Darcy with leakage,0.13953816715914033,0.2533654281677792,0.03522875708589355
Massachusetts,Massachusetts|MW-04|7.439433614,MW-04,7.439433614169488,Theis confined,1.3138123116340282e-11,0.2247729999510935,0.16616804136684765
Massachusetts,Massachusetts|MW-04|7.439433614,MW-04,7.439433614169488,Hantush-Jacob leaky,2.430625684306455e-12,0.2247682371136593,0.16379433138136562
Massachusetts,Massachusetts|MW-04|7.439433614,MW-04,7.439433614169488,Lagging Darcy no-leakage,0.8604618328252909,0.2687999760977546,0.062026000039015594
Massachusetts,Massachusetts|MW-04|7.439433614,MW-04,7.439433614169488,Lagging Darcy with leakage,0.13953816715914033,0.2700623376790219,0.03522875708589355
Massachusetts,Massachusetts|MW-04|7.968367612,MW-04,7.96836761194283,Theis confined,1.3138123116340282e-11,0.2335998690989191,0.16616804136684765
Massachusetts,Massachusetts|MW-04|7.968367612,MW-04,7.96836761194283,Hantush-Jacob leaky,2.430625684306455e-12,0.2335947255544637,0.16379433138136562
Massachusetts,Massachusetts|MW-04|7.968367612,MW-04,7.96836761194283,Lagging Darcy no-leakage,0.8604618328252909,0.2831660587791142,0.062026000039015594
Massachusetts,Massachusetts|MW-04|7.968367612,MW-04,7.96836761194283,Lagging Darcy with leakage,0.13953816715914033,0.284293723980336,0.03522875708589355
Massachusetts,Massachusetts|MW-04|8.535131748,MW-04,8.535131747861813,Theis confined,1.3138123116340282e-11,0.2425093499744341,0.16616804136684765
Massachusetts,Massachusetts|MW-04|8.535131748,MW-04,8.535131747861813,Hantush-Jacob leaky,2.430625684306455e-12,0.24250381814035,0.16379433138136562
Massachusetts,Massachusetts|MW-04|8.535131748,MW-04,8.535131747861813,Lagging Darcy no-leakage,0.8604618328252909,0.2978299246946572,0.062026000039015594
Massachusetts,Massachusetts|MW-04|8.535131748,MW-04,8.535131747861813,Lagging Darcy with leakage,0.13953816715914033,0.2988027345735118,0.03522875708589355
Massachusetts,Massachusetts|MW-05|0.2335925923,MW-05,0.2335925922747143,Theis confined,2.930067904644634e-22,0.0018518694828541,0.16616804136684765
Massachusetts,Massachusetts|MW-05|0.2335925923,MW-05,0.2335925922747143,Hantush-Jacob leaky,5.538184871950257e-23,0.001851849400834,0.16379433138136562
Massachusetts,Massachusetts|MW-05|0.2335925923,MW-05,0.2335925922747143,Lagging Darcy no-leakage,0.9150140675103846,0.0035603330259655,0.062026000039015594
Massachusetts,Massachusetts|MW-05|0.2335925923,MW-05,0.2335925922747143,Lagging Darcy with leakage,0.08498593248961539,0.0041007956591686,0.03522875708589355
Massachusetts,Massachusetts|MW-05|0.3936010254,MW-05,0.3936010253936651,Theis confined,2.930067904644634e-22,0.0089864295551183,0.16616804136684765
Massachusetts,Massachusetts|MW-05|0.3936010254,MW-05,0.3936010253936651,Hantush-Jacob leaky,5.538184871950257e-23,0.0089863735435323,0.16379433138136562
Massachusetts,Massachusetts|MW-05|0.3936010254,MW-05,0.3936010253936651,Lagging Darcy no-leakage,0.9150140675103846,0.0100724791325446,0.062026000039015594
Massachusetts,Massachusetts|MW-05|0.3936010254,MW-05,0.3936010253936651,Lagging Darcy with leakage,0.08498593248961539,0.0098528216144815,0.03522875708589355
Massachusetts,Massachusetts|MW-05|0.5548277194,MW-05,0.5548277193782015,Theis confined,2.930067904644634e-22,0.0189577423526629,0.16616804136684765
Massachusetts,Massachusetts|MW-05|0.5548277194,MW-05,0.5548277193782015,Hantush-Jacob leaky,5.538184871950257e-23,0.0189576625610823,0.16379433138136562
Massachusetts,Massachusetts|MW-05|0.5548277194,MW-05,0.5548277193782015,Lagging Darcy no-leakage,0.9150140675103846,0.0172131905236011,0.062026000039015594
Massachusetts,Massachusetts|MW-05|0.5548277194,MW-05,0.5548277193782015,Lagging Darcy with leakage,0.08498593248961539,0.0163367235114077,0.03522875708589355
Massachusetts,Massachusetts|MW-05|0.7402846843,MW-05,0.7402846842629806,Theis confined,2.930067904644634e-22,0.0312976136481419,0.16616804136684765
Massachusetts,Massachusetts|MW-05|0.7402846843,MW-05,0.7402846842629806,Hantush-Jacob leaky,5.538184871950257e-23,0.031297521983618,0.16379433138136562
Massachusetts,Massachusetts|MW-05|0.7402846843,MW-05,0.7402846842629806,Lagging Darcy no-leakage,0.9150140675103846,0.0259607642505943,0.062026000039015594
Massachusetts,Massachusetts|MW-05|0.7402846843,MW-05,0.7402846842629806,Lagging Darcy with leakage,0.08498593248961539,0.0246083543984589,0.03522875708589355
Massachusetts,Massachusetts|MW-05|0.8729137443,MW-05,0.8729137442554922,Theis confined,2.930067904644634e-22,0.0400218385172078,0.16616804136684765
Massachusetts,Massachusetts|MW-05|0.8729137443,MW-05,0.8729137442554922,Hantush-Jacob leaky,5.538184871950257e-23,0.0400217452880671,0.16379433138136562
Massachusetts,Massachusetts|MW-05|0.8729137443,MW-05,0.8729137442554922,Lagging Darcy no-leakage,0.9150140675103846,0.0325025263404612,0.062026000039015594
Massachusetts,Massachusetts|MW-05|0.8729137443,MW-05,0.8729137442554922,Lagging Darcy with leakage,0.08498593248961539,0.030946325106859,0.03522875708589355
Massachusetts,Massachusetts|MW-05|1.057940593,MW-05,1.057940593140254,Theis confined,2.930067904644634e-22,0.0516912440713406,0.16616804136684765
Massachusetts,Massachusetts|MW-05|1.057940593,MW-05,1.057940593140254,Hantush-Jacob leaky,5.538184871950257e-23,0.0516911547073587,0.16379433138136562
Massachusetts,Massachusetts|MW-05|1.057940593,MW-05,1.057940593140254,Lagging Darcy no-leakage,0.9150140675103846,0.0419040633151365,0.062026000039015594
Massachusetts,Massachusetts|MW-05|1.057940593,MW-05,1.057940593140254,Lagging Darcy with leakage,0.08498593248961539,0.0401938223905699,0.03522875708589355
Massachusetts,Massachusetts|MW-05|1.213682493,MW-05,1.213682492848571,Theis confined,2.930067904644634e-22,0.0609658220588065,0.16616804136684765
Massachusetts,Massachusetts|MW-05|1.213682493,MW-05,1.213682492848571,Hantush-Jacob leaky,5.538184871950257e-23,0.0609657394411082,0.16379433138136562
Massachusetts,Massachusetts|MW-05|1.213682493,MW-05,1.213682492848571,Lagging Darcy no-leakage,0.9150140675103846,0.0499656073274512,0.062026000039015594
Massachusetts,Massachusetts|MW-05|1.213682493,MW-05,1.213682492848571,Lagging Darcy with leakage,0.08498593248961539,0.0482086666192355,0.03522875708589355
Massachusetts,Massachusetts|MW-05|1.431144033,MW-05,1.4311440325309976,Theis confined,2.930067904644634e-22,0.0730627368092207,0.16616804136684765
Massachusetts,Massachusetts|MW-05|1.431144033,MW-05,1.4311440325309976,Hantush-Jacob leaky,5.538184871950257e-23,0.0730626667534,0.16379433138136562
Massachusetts,Massachusetts|MW-05|1.431144033,MW-05,1.4311440325309976,Lagging Darcy no-leakage,0.9150140675103846,0.0612984760477899,0.062026000039015594
Massachusetts,Massachusetts|MW-05|1.431144033,MW-05,1.4311440325309976,Lagging Darcy with leakage,0.08498593248961539,0.0595616447588789,0.03522875708589355
Massachusetts,Massachusetts|MW-05|1.641840419,MW-05,1.6418404191313851,Theis confined,2.930067904644634e-22,0.0838933895165124,0.16616804136684765
Massachusetts,Massachusetts|MW-05|1.641840419,MW-05,1.6418404191313851,Hantush-Jacob leaky,5.538184871950257e-23,0.0838933336000317,0.16379433138136562
Massachusetts,Massachusetts|MW-05|1.641840419,MW-05,1.6418404191313851,Lagging Darcy no-leakage,0.9150140675103846,0.0722338689560656,0.062026000039015594
Massachusetts,Massachusetts|MW-05|1.641840419,MW-05,1.6418404191313851,Lagging Darcy with leakage,0.08498593248961539,0.0705800723967206,0.03522875708589355
Massachusetts,Massachusetts|MW-05|1.734526261,MW-05,1.7345262612086343,Theis confined,2.930067904644634e-22,0.0884027429693003,0.16616804136684765
Massachusetts,Massachusetts|MW-05|1.734526261,MW-05,1.7345262612086343,Hantush-Jacob leaky,5.538184871950257e-23,0.0884026936180885,0.16379433138136562
Massachusetts,Massachusetts|MW-05|1.734526261,MW-05,1.7345262612086343,Lagging Darcy no-leakage,0.9150140675103846,0.0770036231725591,0.062026000039015594
Massachusetts,Massachusetts|MW-05|1.734526261,MW-05,1.7345262612086343,Lagging Darcy with leakage,0.08498593248961539,0.0754001457188031,0.03522875708589355
Massachusetts,Massachusetts|MW-05|1.935966424,MW-05,1.935966423663216,Theis confined,2.930067904644634e-22,0.0977132813619347,0.16616804136684765
Massachusetts,Massachusetts|MW-05|1.935966424,MW-05,1.935966423663216,Hantush-Jacob leaky,5.538184871950257e-23,0.0977132466617424,0.16379433138136562
Massachusetts,Massachusetts|MW-05|1.935966424,MW-05,1.935966423663216,Lagging Darcy no-leakage,0.9150140675103846,0.0872458672064882,0.062026000039015594
Massachusetts,Massachusetts|MW-05|1.935966424,MW-05,1.935966423663216,Lagging Darcy with leakage,0.08498593248961539,0.0857723682566641,0.03522875708589355
Massachusetts,Massachusetts|MW-05|2.102303839,MW-05,2.10230383862145,Theis confined,2.930067904644634e-22,0.1049379393186916,0.16616804136684765
Massachusetts,Massachusetts|MW-05|2.102303839,MW-05,2.10230383862145,Hantush-Jacob leaky,5.538184871950257e-23,0.1049379168961935,0.16379433138136562
Massachusetts,Massachusetts|MW-05|2.102303839,MW-05,2.10230383862145,Lagging Darcy no-leakage,0.9150140675103846,0.0955499041476246,0.062026000039015594
Massachusetts,Massachusetts|MW-05|2.102303839,MW-05,2.10230383862145,Lagging Darcy with leakage,0.08498593248961539,0.0941993160765734,0.03522875708589355
Massachusetts,Massachusetts|MW-05|2.282843174,MW-05,2.282843174167529,Theis confined,2.930067904644634e-22,0.1123524709664068,0.16616804136684765
Massachusetts,Massachusetts|MW-05|2.282843174,MW-05,2.282843174167529,Hantush-Jacob leaky,5.538184871950257e-23,0.1123524618750125,0.16379433138136562
Massachusetts,Massachusetts|MW-05|2.282843174,MW-05,2.282843174167529,Lagging Darcy no-leakage,0.9150140675103846,0.1043847658852515,0.062026000039015594
Massachusetts,Massachusetts|MW-05|2.282843174,MW-05,2.282843174167529,Lagging Darcy with leakage,0.08498593248961539,0.1031783971513598,0.03522875708589355
Massachusetts,Massachusetts|MW-05|2.411746759,MW-05,2.4117467585057977,Theis confined,2.930067904644634e-22,0.1173979703015796,0.16616804136684765
Massachusetts,Massachusetts|MW-05|2.411746759,MW-05,2.4117467585057977,Hantush-Jacob leaky,5.538184871950257e-23,0.1173979706663212,0.16379433138136562
Massachusetts,Massachusetts|MW-05|2.411746759,MW-05,2.4117467585057977,Lagging Darcy no-leakage,0.9150140675103846,0.1105719163461865,0.062026000039015594
Massachusetts,Massachusetts|MW-05|2.411746759,MW-05,2.4117467585057977,Lagging Darcy with leakage,0.08498593248961539,0.1094733415871619,0.03522875708589355
Massachusetts,Massachusetts|MW-05|2.655167051,MW-05,2.655167050630385,Theis confined,2.930067904644634e-22,0.126416312140572,0.16616804136684765
Massachusetts,Massachusetts|MW-05|2.655167051,MW-05,2.655167050630385,Hantush-Jacob leaky,5.538184871950257e-23,0.1264163301090532,0.16379433138136562
Massachusetts,Massachusetts|MW-05|2.655167051,MW-05,2.655167050630385,Lagging Darcy no-leakage,0.9150140675103846,0.1219702884735639,0.062026000039015594
Massachusetts,Massachusetts|MW-05|2.655167051,MW-05,2.655167050630385,Lagging Darcy with leakage,0.08498593248961539,0.1210822811350484,0.03522875708589355
Massachusetts,Massachusetts|MW-05|3.004611628,MW-05,3.004611628118808,Theis confined,2.930067904644634e-22,0.1383376901948911,0.16616804136684765
Massachusetts,Massachusetts|MW-05|3.004611628,MW-05,3.004611628118808,Hantush-Jacob leaky,5.538184871950257e-23,0.1383377326647276,0.16379433138136562
Massachusetts,Massachusetts|MW-05|3.004611628,MW-05,3.004611628118808,Lagging Darcy no-leakage,0.9150140675103846,0.1376712650261497,0.062026000039015594
Massachusetts,Massachusetts|MW-05|3.004611628,MW-05,3.004611628118808,Lagging Darcy with leakage,0.08498593248961539,0.1370935764165726,0.03522875708589355
Massachusetts,Massachusetts|MW-05|3.307783766,MW-05,3.307783766104396,Theis confined,2.930067904644634e-22,0.147839933785231,0.16616804136684765
Massachusetts,Massachusetts|MW-05|3.307783766,MW-05,3.307783766104396,Hantush-Jacob leaky,5.538184871950257e-23,0.147839996665506,0.16379433138136562
Massachusetts,Massachusetts|MW-05|3.307783766,MW-05,3.307783766104396,Lagging Darcy no-leakage,0.9150140675103846,0.1506687268896702,0.062026000039015594
Massachusetts,Massachusetts|MW-05|3.307783766,MW-05,3.307783766104396,Lagging Darcy with leakage,0.08498593248961539,0.150361791942356,0.03522875708589355
Massachusetts,Massachusetts|MW-05|3.743020677,MW-05,3.743020677483075,Theis confined,2.930067904644634e-22,0.160333275671224,0.16616804136684765
Massachusetts,Massachusetts|MW-05|3.743020677,MW-05,3.743020677483075,Hantush-Jacob leaky,5.538184871950257e-23,0.1603333664215955,0.16379433138136562
Massachusetts,Massachusetts|MW-05|3.743020677,MW-05,3.743020677483075,Lagging Darcy no-leakage,0.9150140675103846,0.1683575346797116,0.062026000039015594
Massachusetts,Massachusetts|MW-05|3.743020677,MW-05,3.743020677483075,Lagging Darcy with leakage,0.08498593248961539,0.1684348479146977,0.03522875708589355
Massachusetts,Massachusetts|MW-05|4.064566181,MW-05,4.064566180945249,Theis confined,2.930067904644634e-22,0.1688206834954419,0.16616804136684765
Massachusetts,Massachusetts|MW-05|4.064566181,MW-05,4.064566180945249,Hantush-Jacob leaky,5.538184871950257e-23,0.1688207937741256,0.16379433138136562
Massachusetts,Massachusetts|MW-05|4.064566181,MW-05,4.064566180945249,Lagging Darcy no-leakage,0.9150140675103846,0.1807338159702371,0.062026000039015594
Massachusetts,Massachusetts|MW-05|4.064566181,MW-05,4.064566180945249,Lagging Darcy with leakage,0.08498593248961539,0.1810888703012224,0.03522875708589355
Massachusetts,Massachusetts|MW-05|4.536725676,MW-05,4.536725675992031,Theis confined,2.930067904644634e-22,0.1803189207411121,0.16616804136684765
Massachusetts,Massachusetts|MW-05|4.536725676,MW-05,4.536725675992031,Hantush-Jacob leaky,5.538184871950257e-23,0.1803190581496681,0.16379433138136562
Massachusetts,Massachusetts|MW-05|4.536725676,MW-05,4.536725675992031,Lagging Darcy no-leakage,0.9150140675103846,0.1979248224025588,0.062026000039015594
Massachusetts,Massachusetts|MW-05|4.536725676,MW-05,4.536725675992031,Lagging Darcy with leakage,0.08498593248961539,0.1986758240355437,0.03522875708589355
Massachusetts,Massachusetts|MW-05|4.792960333,MW-05,4.792960333083676,Theis confined,2.930067904644634e-22,0.1861394470805119,0.16616804136684765
Massachusetts,Massachusetts|MW-05|4.792960333,MW-05,4.792960333083676,Hantush-Jacob leaky,5.538184871950257e-23,0.1861395984986958,0.16379433138136562
Massachusetts,Massachusetts|MW-05|4.792960333,MW-05,4.792960333083676,Lagging Darcy no-leakage,0.9150140675103846,0.2068000655359587,0.062026000039015594
Massachusetts,Massachusetts|MW-05|4.792960333,MW-05,4.792960333083676,Lagging Darcy with leakage,0.08498593248961539,0.2077595714928793,0.03522875708589355
Massachusetts,Massachusetts|MW-05|5.276719169,MW-05,5.276719169000438,Theis confined,2.930067904644634e-22,0.1964334187311896,0.16616804136684765
Massachusetts,Massachusetts|MW-05|5.276719169,MW-05,5.276719169000438,Hantush-Jacob leaky,5.538184871950257e-23,0.1964335953218147,0.16379433138136562
Massachusetts,Massachusetts|MW-05|5.276719169,MW-05,5.276719169000438,Lagging Darcy no-leakage,0.9150140675103846,0.2227590259330877,0.062026000039015594
Massachusetts,Massachusetts|MW-05|5.276719169,MW-05,5.276719169000438,Lagging Darcy with leakage,0.08498593248961539,0.2240997006623823,0.03522875708589355
Massachusetts,Massachusetts|MW-05|5.730167711,MW-05,5.7301677110379465,Theis confined,2.930067904644634e-22,0.2053607356115258,0.16616804136684765
Massachusetts,Massachusetts|MW-05|5.730167711,MW-05,5.7301677110379465,Hantush-Jacob leaky,5.538184871950257e-23,0.2053609344138193,0.16379433138136562
Massachusetts,Massachusetts|MW-05|5.730167711,MW-05,5.7301677110379465,Lagging Darcy no-leakage,0.9150140675103846,0.2368511585386255,0.062026000039015594
Massachusetts,Massachusetts|MW-05|5.730167711,MW-05,5.7301677110379465,Lagging Darcy with leakage,0.08498593248961539,0.2385345193773426,0.03522875708589355
Massachusetts,Massachusetts|MW-05|6.137575139,MW-05,6.137575139143533,Theis confined,2.930067904644634e-22,0.2128652085571354,0.16616804136684765
Massachusetts,Massachusetts|MW-05|6.137575139,MW-05,6.137575139143533,Hantush-Jacob leaky,5.538184871950257e-23,0.2128654262805906,0.16379433138136562
Massachusetts,Massachusetts|MW-05|6.137575139,MW-05,6.137575139143533,Lagging Darcy no-leakage,0.9150140675103846,0.2488640507677486,0.062026000039015594
Massachusetts,Massachusetts|MW-05|6.137575139,MW-05,6.137575139143533,Lagging Darcy with leakage,0.08498593248961539,0.2508436893926508,0.03522875708589355
Massachusetts,Massachusetts|MW-05|6.573948702,MW-05,6.573948702421037,Theis confined,2.930067904644634e-22,0.2204264942369988,0.16616804136684765
Massachusetts,Massachusetts|MW-05|6.573948702,MW-05,6.573948702421037,Hantush-Jacob leaky,5.538184871950257e-23,0.2204267312373122,0.16379433138136562
Massachusetts,Massachusetts|MW-05|6.573948702,MW-05,6.573948702421037,Lagging Darcy no-leakage,0.9150140675103846,0.2611108433388016,0.062026000039015594
Massachusetts,Massachusetts|MW-05|6.573948702,MW-05,6.573948702421037,Lagging Darcy with leakage,0.08498593248961539,0.2633962062855015,0.03522875708589355
Massachusetts,Massachusetts|MW-05|7.237464682,MW-05,7.237464682244226,Theis confined,2.930067904644634e-22,0.2311010402482379,0.16616804136684765
Massachusetts,Massachusetts|MW-05|7.237464682,MW-05,7.237464682244226,Hantush-Jacob leaky,5.538184871950257e-23,0.2311013047954697,0.16379433138136562
Massachusetts,Massachusetts|MW-05|7.237464682,MW-05,7.237464682244226,Lagging Darcy no-leakage,0.9150140675103846,0.2786253355038113,0.062026000039015594
Massachusetts,Massachusetts|MW-05|7.237464682,MW-05,7.237464682244226,Lagging Darcy with leakage,0.08498593248961539,0.2813539661445166,0.03522875708589355
Massachusetts,Massachusetts|MW-05|7.752140508,MW-05,7.752140507966496,Theis confined,2.930067904644634e-22,0.2387866787101268,0.16616804136684765
Massachusetts,Massachusetts|MW-05|7.752140508,MW-05,7.752140507966496,Hantush-Jacob leaky,5.538184871950257e-23,0.2387869633126472,0.16379433138136562
Massachusetts,Massachusetts|MW-05|7.752140508,MW-05,7.752140507966496,Lagging Darcy no-leakage,0.9150140675103846,0.2913860209216906,0.062026000039015594
Massachusetts,Massachusetts|MW-05|7.752140508,MW-05,7.752140507966496,Lagging Darcy with leakage,0.08498593248961539,0.2944418192258399,0.03522875708589355
Massachusetts,Massachusetts|MW-05|8.190196657,MW-05,8.190196657281495,Theis confined,2.930067904644634e-22,0.2449696561811858,0.16616804136684765
Massachusetts,Massachusetts|MW-05|8.190196657,MW-05,8.190196657281495,Hantush-Jacob leaky,5.538184871950257e-23,0.2449699570421216,0.16379433138136562
Massachusetts,Massachusetts|MW-05|8.190196657,MW-05,8.190196657281495,Lagging Darcy no-leakage,0.9150140675103846,0.3017361704210008,0.062026000039015594
Massachusetts,Massachusetts|MW-05|8.190196657,MW-05,8.190196657281495,Lagging Darcy with leakage,0.08498593248961539,0.3050598020250565,0.03522875708589355
Massachusetts,Massachusetts|MW-06|0.2949801891,MW-06,0.294980189083456,Theis confined,1.4250462929779965e-12,0.0044831212019277,0.16616804136684765
Massachusetts,Massachusetts|MW-06|0.2949801891,MW-06,0.294980189083456,Hantush-Jacob leaky,2.742496116642802e-13,0.0044831215490238,0.16379433138136562
Massachusetts,Massachusetts|MW-06|0.2949801891,MW-06,0.294980189083456,Lagging Darcy no-leakage,0.9669219306371691,0.0061817847709385,0.062026000039015594
Massachusetts,Massachusetts|MW-06|0.2949801891,MW-06,0.294980189083456,Lagging Darcy with leakage,0.033078069361131536,0.0069773128933709,0.03522875708589355
Massachusetts,Massachusetts|MW-06|0.4515124019,MW-06,0.4515124019085875,Theis confined,1.4250462929779965e-12,0.0138678158539971,0.16616804136684765
Massachusetts,Massachusetts|MW-06|0.4515124019,MW-06,0.4515124019085875,Hantush-Jacob leaky,2.742496116642802e-13,0.0138678165359098,0.16379433138136562
Massachusetts,Massachusetts|MW-06|0.4515124019,MW-06,0.4515124019085875,Lagging Darcy no-leakage,0.9669219306371691,0.0146881837782951,0.062026000039015594
Massachusetts,Massachusetts|MW-06|0.4515124019,MW-06,0.4515124019085875,Lagging Darcy with leakage,0.033078069361131536,0.0141046898577326,0.03522875708589355
Massachusetts,Massachusetts|MW-06|0.6192142688,MW-06,0.6192142687675718,Theis confined,1.4250462929779965e-12,0.0261973062591265,0.16616804136684765
Massachusetts,Massachusetts|MW-06|0.6192142688,MW-06,0.6192142687675718,Hantush-Jacob leaky,2.742496116642802e-13,0.0261973071581918,0.16379433138136562
Massachusetts,Massachusetts|MW-06|0.6192142688,MW-06,0.6192142687675718,Lagging Darcy no-leakage,0.9669219306371691,0.0246732819914238,0.062026000039015594
Massachusetts,Massachusetts|MW-06|0.6192142688,MW-06,0.6192142687675718,Lagging Darcy with leakage,0.033078069361131536,0.0231328964119535,0.03522875708589355
Massachusetts,Massachusetts|MW-06|0.7820038211,MW-06,0.7820038211347733,Theis confined,1.4250462929779965e-12,0.0386174554072151,0.16616804136684765
Massachusetts,Massachusetts|MW-06|0.7820038211,MW-06,0.7820038211347733,Hantush-Jacob leaky,2.742496116642802e-13,0.0386174564007169,0.16379433138136562
Massachusetts,Massachusetts|MW-06|0.7820038211,MW-06,0.7820038211347733,Lagging Darcy no-leakage,0.9669219306371691,0.034752628025378,0.062026000039015594
Massachusetts,Massachusetts|MW-06|0.7820038211,MW-06,0.7820038211347733,Lagging Darcy with leakage,0.033078069361131536,0.0327655569085028,0.03522875708589355
Massachusetts,Massachusetts|MW-06|0.9741496742,MW-06,0.9741496741830648,Theis confined,1.4250462929779965e-12,0.0528891774053993,0.16616804136684765
Massachusetts,Massachusetts|MW-06|0.9741496742,MW-06,0.9741496741830648,Hantush-Jacob leaky,2.742496116642802e-13,0.0528891784143593,0.16379433138136562
Massachusetts,Massachusetts|MW-06|0.9741496742,MW-06,0.9741496741830648,Lagging Darcy no-leakage,0.9669219306371691,0.0468316486773992,0.062026000039015594
Massachusetts,Massachusetts|MW-06|0.9741496742,MW-06,0.9741496741830648,Lagging Darcy with leakage,0.033078069361131536,0.0446901830684504,0.03522875708589355
Massachusetts,Massachusetts|MW-06|1.148723022,MW-06,1.1487230220864526,Theis confined,1.4250462929779965e-12,0.0651754031201653,0.16616804136684765
Massachusetts,Massachusetts|MW-06|1.148723022,MW-06,1.1487230220864526,Hantush-Jacob leaky,2.742496116642802e-13,0.0651754040871687,0.16379433138136562
Massachusetts,Massachusetts|MW-06|1.148723022,MW-06,1.1487230220864526,Lagging Darcy no-leakage,0.9669219306371691,0.0577833805539611,0.062026000039015594
Massachusetts,Massachusetts|MW-06|1.148723022,MW-06,1.1487230220864526,Lagging Darcy with leakage,0.033078069361131536,0.0556928153803394,0.03522875708589355
Massachusetts,Massachusetts|MW-06|1.35450996,MW-06,1.3545099602462338,Theis confined,1.4250462929779965e-12,0.0787287752300901,0.16616804136684765
Massachusetts,Massachusetts|MW-06|1.35450996,MW-06,1.3545099602462338,Hantush-Jacob leaky,2.742496116642802e-13,0.0787287761068816,0.16379433138136562
Massachusetts,Massachusetts|MW-06|1.35450996,MW-06,1.3545099602462338,Lagging Darcy no-leakage,0.9669219306371691,0.070496360219669,0.062026000039015594
Massachusetts,Massachusetts|MW-06|1.35450996,MW-06,1.3545099602462338,Lagging Darcy with leakage,0.033078069361131536,0.0685787505211609,0.03522875708589355
Massachusetts,Massachusetts|MW-06|1.532715779,MW-06,1.5327157788859214,Theis confined,1.4250462929779965e-12,0.0896747450349038,0.16616804136684765
Massachusetts,Massachusetts|MW-06|1.532715779,MW-06,1.5327157788859214,Hantush-Jacob leaky,2.742496116642802e-13,0.0896747458154956,0.16379433138136562
Massachusetts,Massachusetts|MW-06|1.532715779,MW-06,1.5327157788859214,Lagging Darcy no-leakage,0.9669219306371691,0.0812433375290313,0.062026000039015594
Massachusetts,Massachusetts|MW-06|1.532715779,MW-06,1.5327157788859214,Lagging Darcy with leakage,0.033078069361131536,0.0795185751748138,0.03522875708589355
Massachusetts,Massachusetts|MW-06|1.71071857,MW-06,1.7107185698499143,Theis confined,1.4250462929779965e-12,0.0999290697752019,0.16616804136684765
Massachusetts,Massachusetts|MW-06|1.71071857,MW-06,1.7107185698499143,Hantush-Jacob leaky,2.742496116642802e-13,0.0999290704449411,0.16379433138136562
Massachusetts,Massachusetts|MW-06|1.71071857,MW-06,1.7107185698499143,Lagging Darcy no-leakage,0.9669219306371691,0.0916860971342689,0.062026000039015594
Massachusetts,Massachusetts|MW-06|1.71071857,MW-06,1.7107185698499143,Lagging Darcy with leakage,0.033078069361131536,0.0901660740639114,0.03522875708589355
Massachusetts,Massachusetts|MW-06|1.883333959,MW-06,1.88333395929303,Theis confined,1.4250462929779965e-12,0.1092808018355498,0.16616804136684765
Massachusetts,Massachusetts|MW-06|1.883333959,MW-06,1.88333395929303,Hantush-Jacob leaky,2.742496116642802e-13,0.1092808023913105,0.16379433138136562
Massachusetts,Massachusetts|MW-06|1.883333959,MW-06,1.88333395929303,Lagging Darcy no-leakage,0.9669219306371691,0.1015111912811083,0.062026000039015594
Massachusetts,Massachusetts|MW-06|1.883333959,MW-06,1.88333395929303,Lagging Darcy with leakage,0.033078069361131536,0.1001882687728459,0.03522875708589355
Massachusetts,Massachusetts|MW-06|2.017183688,MW-06,2.01718368787555,Theis confined,1.4250462929779965e-12,0.1161652732960003,0.16616804136684765
Massachusetts,Massachusetts|MW-06|2.017183688,MW-06,2.01718368787555,Hantush-Jacob leaky,2.742496116642802e-13,0.1161652737609168,0.16379433138136562
Massachusetts,Massachusetts|MW-06|2.017183688,MW-06,2.01718368787555,Lagging Darcy no-leakage,0.9669219306371691,0.1089191370101722,0.062026000039015594
Massachusetts,Massachusetts|MW-06|2.017183688,MW-06,2.01718368787555,Lagging Darcy with leakage,0.033078069361131536,0.1077437774050203,0.03522875708589355
Massachusetts,Massachusetts|MW-06|2.282603939,MW-06,2.282603939039181,Theis confined,1.4250462929779965e-12,0.1289652242189536,0.16616804136684765
Massachusetts,Massachusetts|MW-06|2.282603939,MW-06,2.282603939039181,Hantush-Jacob leaky,2.742496116642802e-13,0.1289652245011862,0.16379433138136562
Massachusetts,Massachusetts|MW-06|2.282603939,MW-06,2.282603939039181,Lagging Darcy no-leakage,0.9669219306371691,0.1230635833296143,0.062026000039015594
Massachusetts,Massachusetts|MW-06|2.282603939,MW-06,2.282603939039181,Lagging Darcy with leakage,0.033078069361131536,0.1221612868053914,0.03522875708589355
Massachusetts,Massachusetts|MW-06|2.547762156,MW-06,2.547762156489556,Theis confined,1.4250462929779965e-12,0.1407532188725202,0.16616804136684765
Massachusetts,Massachusetts|MW-06|2.547762156,MW-06,2.547762156489556,Hantush-Jacob leaky,2.742496116642802e-13,0.140753218972563,0.16379433138136562
Massachusetts,Massachusetts|MW-06|2.547762156,MW-06,2.547762156489556,Lagging Darcy no-leakage,0.9669219306371691,0.1364871362483063,0.062026000039015594
Massachusetts,Massachusetts|MW-06|2.547762156,MW-06,2.547762156489556,Lagging Darcy with leakage,0.033078069361131536,0.1358289582073512,0.03522875708589355
Massachusetts,Massachusetts|MW-06|2.728868964,MW-06,2.7288689635891803,Theis confined,1.4250462929779965e-12,0.1483007121993766,0.16616804136684765
Massachusetts,Massachusetts|MW-06|2.728868964,MW-06,2.7288689635891803,Hantush-Jacob leaky,2.742496116642802e-13,0.1483007121765691,0.16379433138136562
Massachusetts,Massachusetts|MW-06|2.728868964,MW-06,2.7288689635891803,Lagging Darcy no-leakage,0.9669219306371691,0.1452666789497494,0.062026000039015594
Massachusetts,Massachusetts|MW-06|2.728868964,MW-06,2.7288689635891803,Lagging Darcy with leakage,0.033078069361131536,0.1447590915467635,0.03522875708589355
Massachusetts,Massachusetts|MW-06|3.004257397,MW-06,3.0042573968505524,Theis confined,1.4250462929779965e-12,0.1590867681146221,0.16616804136684765
Massachusetts,Massachusetts|MW-06|3.004257397,MW-06,3.0042573968505524,Hantush-Jacob leaky,2.742496116642802e-13,0.1590867679087225,0.16379433138136562
Massachusetts,Massachusetts|MW-06|3.004257397,MW-06,3.0042573968505524,Lagging Darcy no-leakage,0.9669219306371691,0.1580450557666931,0.062026000039015594
Massachusetts,Massachusetts|MW-06|3.004257397,MW-06,3.0042573968505524,Lagging Darcy with leakage,0.033078069361131536,0.1577434617361479,0.03522875708589355
Massachusetts,Massachusetts|MW-06|3.353290269,MW-06,3.3532902687724486,Theis confined,1.4250462929779965e-12,0.1717097897709293,0.16616804136684765
Massachusetts,Massachusetts|MW-06|3.353290269,MW-06,3.3532902687724486,Hantush-Jacob leaky,2.742496116642802e-13,0.1717097893406396,0.16379433138136562
Massachusetts,Massachusetts|MW-06|3.353290269,MW-06,3.3532902687724486,Lagging Darcy no-leakage,0.9669219306371691,0.1733179852467801,0.062026000039015594
Massachusetts,Massachusetts|MW-06|3.353290269,MW-06,3.3532902687724486,Lagging Darcy with leakage,0.033078069361131536,0.1732426235290206,0.03522875708589355
Massachusetts,Massachusetts|MW-06|3.641355845,MW-06,3.641355844849439,Theis confined,1.4250462929779965e-12,0.1813645392521772,0.16616804136684765
Massachusetts,Massachusetts|MW-06|3.641355845,MW-06,3.641355844849439,Hantush-Jacob leaky,2.742496116642802e-13,0.1813645386436558,0.16379433138136562
Massachusetts,Massachusetts|MW-06|3.641355845,MW-06,3.641355844849439,Lagging Darcy no-leakage,0.9669219306371691,0.1852106312148031,0.062026000039015594
Massachusetts,Massachusetts|MW-06|3.641355845,MW-06,3.641355844849439,Lagging Darcy with leakage,0.033078069361131536,0.1852973014929909,0.03522875708589355
Massachusetts,Massachusetts|MW-06|3.954271398,MW-06,3.95427139824613,Theis confined,1.4250462929779965e-12,0.191173505601484,0.16616804136684765
Massachusetts,Massachusetts|MW-06|3.954271398,MW-06,3.95427139824613,Hantush-Jacob leaky,2.742496116642802e-13,0.1911735048065783,0.16379433138136562
Massachusetts,Massachusetts|MW-06|3.954271398,MW-06,3.95427139824613,Lagging Darcy no-leakage,0.9669219306371691,0.1974639978037732,0.062026000039015594
Massachusetts,Massachusetts|MW-06|3.954271398,MW-06,3.95427139824613,Lagging Darcy with leakage,0.033078069361131536,0.1977057653291875,0.03522875708589355
Massachusetts,Massachusetts|MW-06|4.353380424,MW-06,4.353380423895789,Theis confined,1.4250462929779965e-12,0.2027923001797405,0.16616804136684765
Massachusetts,Massachusetts|MW-06|4.353380424,MW-06,4.353380423895789,Hantush-Jacob leaky,2.742496116642802e-13,0.2027922991577527,0.16379433138136562
Massachusetts,Massachusetts|MW-06|4.353380424,MW-06,4.353380423895789,Lagging Darcy no-leakage,0.9669219306371691,0.2121813461192479,0.062026000039015594
Massachusetts,Massachusetts|MW-06|4.353380424,MW-06,4.353380423895789,Lagging Darcy with leakage,0.033078069361131536,0.2125950690147818,0.03522875708589355
Massachusetts,Massachusetts|MW-06|4.859153622,MW-06,4.859153622129008,Theis confined,1.4250462929779965e-12,0.2162896799649538,0.16616804136684765
Massachusetts,Massachusetts|MW-06|4.859153622,MW-06,4.859153622129008,Hantush-Jacob leaky,2.742496116642802e-13,0.2162896786713446,0.16379433138136562
Massachusetts,Massachusetts|MW-06|4.859153622,MW-06,4.859153622129008,Lagging Darcy no-leakage,0.9669219306371691,0.2295273431616382,0.062026000039015594
Massachusetts,Massachusetts|MW-06|4.859153622,MW-06,4.859153622129008,Lagging Darcy with leakage,0.033078069361131536,0.2301261511404934,0.03522875708589355
Massachusetts,Massachusetts|MW-06|5.276650043,MW-06,5.276650042785155,Theis confined,1.4250462929779965e-12,0.2265515470447383,0.16616804136684765
Massachusetts,Massachusetts|MW-06|5.276650043,MW-06,5.276650042785155,Hantush-Jacob leaky,2.742496116642802e-13,0.2265515455395155,0.16379433138136562
Massachusetts,Massachusetts|MW-06|5.276650043,MW-06,5.276650042785155,Lagging Darcy no-leakage,0.9669219306371691,0.2428760451573915,0.062026000039015594
Massachusetts,Massachusetts|MW-06|5.276650043,MW-06,5.276650042785155,Lagging Darcy with leakage,0.033078069361131536,0.2436061197151206,0.03522875708589355
Massachusetts,Massachusetts|MW-06|5.889533855,MW-06,5.889533855294078,Theis confined,1.4250462929779965e-12,0.240402469381274,0.16616804136684765
Massachusetts,Massachusetts|MW-06|5.889533855,MW-06,5.889533855294078,Hantush-Jacob leaky,2.742496116642802e-13,0.2404024675840436,0.16379433138136562
Massachusetts,Massachusetts|MW-06|5.889533855,MW-06,5.889533855294078,Lagging Darcy no-leakage,0.9669219306371691,0.2610895540509834,0.062026000039015594
Massachusetts,Massachusetts|MW-06|5.889533855,MW-06,5.889533855294078,Lagging Darcy with leakage,0.033078069361131536,0.2619855238914159,0.03522875708589355
Massachusetts,Massachusetts|MW-06|6.395560109,MW-06,6.3955601090681125,Theis confined,1.4250462929779965e-12,0.2509104152663,0.16616804136684765
Massachusetts,Massachusetts|MW-06|6.395560109,MW-06,6.3955601090681125,Hantush-Jacob leaky,2.742496116642802e-13,0.2509104132430212,0.16379433138136562
Massachusetts,Massachusetts|MW-06|6.395560109,MW-06,6.3955601090681125,Lagging Darcy no-leakage,0.9669219306371691,0.2750421772642224,0.062026000039015594
Massachusetts,Massachusetts|MW-06|6.395560109,MW-06,6.3955601090681125,Lagging Darcy with leakage,0.033078069361131536,0.2760565053139064,0.03522875708589355
Massachusetts,Massachusetts|MW-06|7.138592552,MW-06,7.138592551879871,Theis confined,1.4250462929779965e-12,0.2650661494877953,0.16616804136684765
Massachusetts,Massachusetts|MW-06|7.138592552,MW-06,7.138592551879871,Hantush-Jacob leaky,2.742496116642802e-13,0.2650661471543177,0.16379433138136562
Massachusetts,Massachusetts|MW-06|7.138592552,MW-06,7.138592551879871,Lagging Darcy no-leakage,0.9669219306371691,0.2940017797899644,0.062026000039015594
Massachusetts,Massachusetts|MW-06|7.138592552,MW-06,7.138592551879871,Lagging Darcy with leakage,0.033078069361131536,0.2951669603560349,0.03522875708589355
Massachusetts,Massachusetts|MW-06|7.859201623,MW-06,7.859201622956719,Theis confined,1.4250462929779965e-12,0.2775758505083074,0.16616804136684765
Massachusetts,Massachusetts|MW-06|7.859201623,MW-06,7.859201622956719,Hantush-Jacob leaky,2.742496116642802e-13,0.2775758478956541,0.16379433138136562
Massachusetts,Massachusetts|MW-06|7.859201623,MW-06,7.859201622956719,Lagging Darcy no-leakage,0.9669219306371691,0.3108958581477948,0.062026000039015594
Massachusetts,Massachusetts|MW-06|7.859201623,MW-06,7.859201622956719,Lagging Darcy with leakage,0.033078069361131536,0.3121875038620815,0.03522875708589355
Massachusetts,Massachusetts|MW-06|8.534572702,MW-06,8.534572701721865,Theis confined,1.4250462929779965e-12,0.2883839822178564,0.16616804136684765
Massachusetts,Massachusetts|MW-06|8.534572702,MW-06,8.534572701721865,Hantush-Jacob leaky,2.742496116642802e-13,0.2883839793604388,0.16379433138136562
Massachusetts,Massachusetts|MW-06|8.534572702,MW-06,8.534572701721865,Lagging Darcy no-leakage,0.9669219306371691,0.3255855570952355,0.062026000039015594
Massachusetts,Massachusetts|MW-06|8.534572702,MW-06,8.534572701721865,Lagging Darcy with leakage,0.033078069361131536,0.3269822182787141,0.03522875708589355
Massachusetts,Massachusetts|MW-06|8.772279083,MW-06,8.772279083080312,Theis confined,1.4250462929779965e-12,0.2920017788190842,0.16616804136684765
Massachusetts,Massachusetts|MW-06|8.772279083,MW-06,8.772279083080312,Hantush-Jacob leaky,2.742496116642802e-13,0.2920017758790339,0.16379433138136562
Massachusetts,Massachusetts|MW-06|8.772279083,MW-06,8.772279083080312,Lagging Darcy no-leakage,0.9669219306371691,0.3305204470365477,0.062026000039015594
Massachusetts,Massachusetts|MW-06|8.772279083,MW-06,8.772279083080312,Lagging Darcy with leakage,0.033078069361131536,0.3319515029439904,0.03522875708589355
Massachusetts,Massachusetts|MW-07|1.965739498,MW-07,1.965739497582156,Theis confined,8.710926452398524e-06,0.0037864074129399,0.16616804136684765
Massachusetts,Massachusetts|MW-07|1.965739498,MW-07,1.965739497582156,Hantush-Jacob leaky,0.9656239911853363,0.0035820822871098,0.16379433138136562
Massachusetts,Massachusetts|MW-07|1.965739498,MW-07,1.965739497582156,Lagging Darcy no-leakage,2.096689572722867e-09,0.0035889989325907,0.062026000039015594
Massachusetts,Massachusetts|MW-07|1.965739498,MW-07,1.965739497582156,Lagging Darcy with leakage,0.034367295791521764,0.0037972594930012,0.03522875708589355
Massachusetts,Massachusetts|MW-07|2.076574199,MW-07,2.0765741986630584,Theis confined,8.710926452398524e-06,0.0046430950369139,0.16616804136684765
Massachusetts,Massachusetts|MW-07|2.076574199,MW-07,2.0765741986630584,Hantush-Jacob leaky,0.9656239911853363,0.0044391613772629,0.16379433138136562
Massachusetts,Massachusetts|MW-07|2.076574199,MW-07,2.0765741986630584,Lagging Darcy no-leakage,2.096689572722867e-09,0.0044939229982977,0.062026000039015594
Massachusetts,Massachusetts|MW-07|2.076574199,MW-07,2.0765741986630584,Lagging Darcy with leakage,0.034367295791521764,0.004624329519714,0.03522875708589355
Massachusetts,Massachusetts|MW-07|2.224303323,MW-07,2.224303323119569,Theis confined,8.710926452398524e-06,0.0059209266170058,0.16616804136684765
Massachusetts,Massachusetts|MW-07|2.224303323,MW-07,2.224303323119569,Hantush-Jacob leaky,0.9656239911853363,0.0057291258505563,0.16379433138136562
Massachusetts,Massachusetts|MW-07|2.224303323,MW-07,2.224303323119569,Lagging Darcy no-leakage,2.096689572722867e-09,0.0058352654467925,0.062026000039015594
Massachusetts,Massachusetts|MW-07|2.224303323,MW-07,2.224303323119569,Lagging Darcy with leakage,0.034367295791521764,0.0058636479983196,0.03522875708589355
Massachusetts,Massachusetts|MW-07|2.382011468,MW-07,2.382011468205237,Theis confined,8.710926452398524e-06,0.0074473482674235,0.16616804136684765
Massachusetts,Massachusetts|MW-07|2.382011468,MW-07,2.382011468205237,Hantush-Jacob leaky,0.9656239911853363,0.0072831144581441,0.16379433138136562
Massachusetts,Massachusetts|MW-07|2.382011468,MW-07,2.382011468205237,Lagging Darcy no-leakage,2.096689572722867e-09,0.0074266186641992,0.062026000039015594
Massachusetts,Massachusetts|MW-07|2.382011468,MW-07,2.382011468205237,Lagging Darcy with leakage,0.034367295791521764,0.0073534902525569,0.03522875708589355
Massachusetts,Massachusetts|MW-07|2.622327482,MW-07,2.6223274823410767,Theis confined,8.710926452398524e-06,0.010068547675992,0.16616804136684765
Massachusetts,Massachusetts|MW-07|2.622327482,MW-07,2.6223274823410767,Hantush-Jacob leaky,0.9656239911853363,0.0099734502550155,0.16379433138136562
Massachusetts,Massachusetts|MW-07|2.622327482,MW-07,2.6223274823410767,Lagging Darcy no-leakage,2.096689572722867e-09,0.010138538537593,0.062026000039015594
Massachusetts,Massachusetts|MW-07|2.622327482,MW-07,2.6223274823410767,Lagging Darcy with leakage,0.034367295791521764,0.0099349786379683,0.03522875708589355
Massachusetts,Massachusetts|MW-07|2.808440393,MW-07,2.808440393300041,Theis confined,8.710926452398524e-06,0.012318361377709,0.16616804136684765
Massachusetts,Massachusetts|MW-07|2.808440393,MW-07,2.808440393300041,Hantush-Jacob leaky,0.9656239911853363,0.0122963908104117,0.16379433138136562
Massachusetts,Massachusetts|MW-07|2.808440393,MW-07,2.808440393300041,Lagging Darcy no-leakage,2.096689572722867e-09,0.0124511552995123,0.062026000039015594
Massachusetts,Massachusetts|MW-07|2.808440393,MW-07,2.808440393300041,Lagging Darcy with leakage,0.034367295791521764,0.0121717567105929,0.03522875708589355
Massachusetts,Massachusetts|MW-07|2.926412849,MW-07,2.92641284925295,Theis confined,8.710926452398524e-06,0.0138332840343617,0.16616804136684765
Massachusetts,Massachusetts|MW-07|2.926412849,MW-07,2.92641284925295,Hantush-Jacob leaky,0.9656239911853363,0.0138649703098585,0.16379433138136562
Massachusetts,Massachusetts|MW-07|2.926412849,MW-07,2.92641284925295,Lagging Darcy no-leakage,2.096689572722867e-09,0.0140026671058949,0.062026000039015594
Massachusetts,Massachusetts|MW-07|2.926412849,MW-07,2.92641284925295,Lagging Darcy with leakage,0.034367295791521764,0.0136875594654917,0.03522875708589355
Massachusetts,Massachusetts|MW-07|3.134435912,MW-07,3.1344359121725134,Theis confined,8.710926452398524e-06,0.0166544830090713,0.16616804136684765
Massachusetts,Massachusetts|MW-07|3.134435912,MW-07,3.1344359121725134,Hantush-Jacob leaky,0.9656239911853363,0.0167915283233768,0.16379433138136562
Massachusetts,Massachusetts|MW-07|3.134435912,MW-07,3.1344359121725134,Lagging Darcy no-leakage,2.096689572722867e-09,0.0168830175105616,0.062026000039015594
Massachusetts,Massachusetts|MW-07|3.134435912,MW-07,3.1344359121725134,Lagging Darcy with leakage,0.034367295791521764,0.0165283601100404,0.03522875708589355
Massachusetts,Massachusetts|MW-07|3.266102265,MW-07,3.266102264596502,Theis confined,8.710926452398524e-06,0.0185289673523045,0.16616804136684765
Massachusetts,Massachusetts|MW-07|3.266102265,MW-07,3.266102264596502,Hantush-Jacob leaky,0.9656239911853363,0.018737932271758,0.16379433138136562
Massachusetts,Massachusetts|MW-07|3.266102265,MW-07,3.266102264596502,Lagging Darcy no-leakage,2.096689572722867e-09,0.0187919411258554,0.062026000039015594
Massachusetts,Massachusetts|MW-07|3.266102265,MW-07,3.266102264596502,Lagging Darcy with leakage,0.034367295791521764,0.0184270713410868,0.03522875708589355
Massachusetts,Massachusetts|MW-07|3.40334403,MW-07,3.4033440303802185,Theis confined,8.710926452398524e-06,0.0205480195098336,0.16616804136684765
Massachusetts,Massachusetts|MW-07|3.40334403,MW-07,3.4033440303802185,Hantush-Jacob leaky,0.9656239911853363,0.0208346886362024,0.16379433138136562
Massachusetts,Massachusetts|MW-07|3.40334403,MW-07,3.4033440303802185,Lagging Darcy no-leakage,2.096689572722867e-09,0.0208449174439326,0.062026000039015594
Massachusetts,Massachusetts|MW-07|3.40334403,MW-07,3.4033440303802185,Lagging Darcy with leakage,0.034367295791521764,0.0204807043478036,0.03522875708589355
Massachusetts,Massachusetts|MW-07|3.54639916,MW-07,3.546399160038991,Theis confined,8.710926452398524e-06,0.0227163615086071,0.16616804136684765
Massachusetts,Massachusetts|MW-07|3.54639916,MW-07,3.546399160038991,Hantush-Jacob leaky,0.9656239911853363,0.0230855683602984,0.16379433138136562
Massachusetts,Massachusetts|MW-07|3.54639916,MW-07,3.546399160038991,Lagging Darcy no-leakage,2.096689572722867e-09,0.0230469521033199,0.062026000039015594
Massachusetts,Massachusetts|MW-07|3.54639916,MW-07,3.546399160038991,Lagging Darcy with leakage,0.034367295791521764,0.0226945479545486,0.03522875708589355
Massachusetts,Massachusetts|MW-07|3.798394218,MW-07,3.798394217570303,Theis confined,8.710926452398524e-06,0.0266734666804978,0.16616804136684765
Massachusetts,Massachusetts|MW-07|3.798394218,MW-07,3.798394217570303,Hantush-Jacob leaky,0.9656239911853363,0.027187550738616,0.16379433138136562
Massachusetts,Massachusetts|MW-07|3.798394218,MW-07,3.798394217570303,Lagging Darcy no-leakage,2.096689572722867e-09,0.0270607230221591,0.062026000039015594
Massachusetts,Massachusetts|MW-07|3.798394218,MW-07,3.798394217570303,Lagging Darcy with leakage,0.034367295791521764,0.0267523848688151,0.03522875708589355
Massachusetts,Massachusetts|MW-07|3.958106619,MW-07,3.9581066189457967,Theis confined,8.710926452398524e-06,0.0292592777570685,0.16616804136684765
Massachusetts,Massachusetts|MW-07|3.958106619,MW-07,3.9581066189457967,Hantush-Jacob leaky,0.9656239911853363,0.0298620743857384,0.16379433138136562
Massachusetts,Massachusetts|MW-07|3.958106619,MW-07,3.9581066189457967,Lagging Darcy no-leakage,2.096689572722867e-09,0.0296815973479851,0.062026000039015594
Massachusetts,Massachusetts|MW-07|3.958106619,MW-07,3.9581066189457967,Lagging Darcy with leakage,0.034367295791521764,0.0294132662054308,0.03522875708589355
Massachusetts,Massachusetts|MW-07|4.124426439,MW-07,4.124426439189231,Theis confined,8.710926452398524e-06,0.0320061915965822,0.16616804136684765
Massachusetts,Massachusetts|MW-07|4.124426439,MW-07,4.124426439189231,Hantush-Jacob leaky,0.9656239911853363,0.0326966427337057,0.16379433138136562
Massachusetts,Massachusetts|MW-07|4.124426439,MW-07,4.124426439189231,Lagging Darcy no-leakage,2.096689572722867e-09,0.0324650275165737,0.062026000039015594
Massachusetts,Massachusetts|MW-07|4.124426439,MW-07,4.124426439189231,Lagging Darcy with leakage,0.034367295791521764,0.0322453632257816,0.03522875708589355
Massachusetts,Massachusetts|MW-07|4.239245135,MW-07,4.239245135330145,Theis confined,8.710926452398524e-06,0.0339306299049354,0.16616804136684765
Massachusetts,Massachusetts|MW-07|4.239245135,MW-07,4.239245135330145,Hantush-Jacob leaky,0.9656239911853363,0.0346778928141078,0.16379433138136562
Massachusetts,Massachusetts|MW-07|4.239245135,MW-07,4.239245135330145,Lagging Darcy no-leakage,2.096689572722867e-09,0.0344149551911986,0.062026000039015594
Massachusetts,Massachusetts|MW-07|4.239245135,MW-07,4.239245135330145,Lagging Darcy with leakage,0.034367295791521764,0.0342317016993982,0.03522875708589355
Massachusetts,Massachusetts|MW-07|4.41732054,MW-07,4.417320540168519,Theis confined,8.710926452398524e-06,0.0369544242341806,0.16616804136684765
Massachusetts,Massachusetts|MW-07|4.41732054,MW-07,4.417320540168519,Hantush-Jacob leaky,0.9656239911853363,0.037782472065308,0.16379433138136562
Massachusetts,Massachusetts|MW-07|4.41732054,MW-07,4.417320540168519,Lagging Darcy no-leakage,2.096689572722867e-09,0.0374791430512271,0.062026000039015594
Massachusetts,Massachusetts|MW-07|4.41732054,MW-07,4.417320540168519,Lagging Darcy with leakage,0.034367295791521764,0.0373546532585514,0.03522875708589355
Massachusetts,Massachusetts|MW-07|4.540293029,MW-07,4.540293029152564,Theis confined,8.710926452398524e-06,0.0390666355273884,0.16616804136684765
Massachusetts,Massachusetts|MW-07|4.540293029,MW-07,4.540293029152564,Hantush-Jacob leaky,0.9656239911853363,0.0399444892115059,0.16379433138136562
Massachusetts,Massachusetts|MW-07|4.540293029,MW-07,4.540293029152564,Lagging Darcy no-leakage,2.096689572722867e-09,0.0396200872884388,0.062026000039015594
Massachusetts,Massachusetts|MW-07|4.540293029,MW-07,4.540293029152564,Lagging Darcy with leakage,0.034367295791521764,0.039536394136267,0.03522875708589355
Massachusetts,Massachusetts|MW-07|4.796666332,MW-07,4.796666332420432,Theis confined,8.710926452398524e-06,0.0435217854488002,0.16616804136684765
Massachusetts,Massachusetts|MW-07|4.796666332,MW-07,4.796666332420432,Hantush-Jacob leaky,0.9656239911853363,0.0444853353569206,0.16379433138136562
Massachusetts,Massachusetts|MW-07|4.796666332,MW-07,4.796666332420432,Lagging Darcy no-leakage,2.096689572722867e-09,0.0441380100379369,0.062026000039015594
Massachusetts,Massachusetts|MW-07|4.796666332,MW-07,4.796666332420432,Lagging Darcy with leakage,0.034367295791521764,0.0441351845961958,0.03522875708589355
Massachusetts,Massachusetts|MW-07|4.930134731,MW-07,4.930134730759986,Theis confined,8.710926452398524e-06,0.0458636165342877,0.16616804136684765
Massachusetts,Massachusetts|MW-07|4.930134731,MW-07,4.930134730759986,Hantush-Jacob leaky,0.9656239911853363,0.0468610360295404,0.16379433138136562
Massachusetts,Massachusetts|MW-07|4.930134731,MW-07,4.930134730759986,Lagging Darcy no-leakage,2.096689572722867e-09,0.0465143235914716,0.062026000039015594
Massachusetts,Massachusetts|MW-07|4.930134731,MW-07,4.930134730759986,Lagging Darcy with leakage,0.034367295791521764,0.0465491495156776,0.03522875708589355
Massachusetts,Massachusetts|MW-07|5.137501121,MW-07,5.13750112113143,Theis confined,8.710926452398524e-06,0.0495253545314927,0.16616804136684765
Massachusetts,Massachusetts|MW-07|5.137501121,MW-07,5.13750112113143,Hantush-Jacob leaky,0.9656239911853363,0.0505593926823917,0.16379433138136562
Massachusetts,Massachusetts|MW-07|5.137501121,MW-07,5.13750112113143,Lagging Darcy no-leakage,2.096689572722867e-09,0.0502324180989546,0.062026000039015594
Massachusetts,Massachusetts|MW-07|5.137501121,MW-07,5.13750112113143,Lagging Darcy with leakage,0.034367295791521764,0.0503164454156376,0.03522875708589355
Massachusetts,Massachusetts|MW-07|5.208384467,MW-07,5.208384466754603,Theis confined,8.710926452398524e-06,0.0507822896222142,0.16616804136684765
Massachusetts,Massachusetts|MW-07|5.208384467,MW-07,5.208384466754603,Hantush-Jacob leaky,0.9656239911853363,0.0518241466213896,0.16379433138136562
Massachusetts,Massachusetts|MW-07|5.208384467,MW-07,5.208384466754603,Lagging Darcy no-leakage,2.096689572722867e-09,0.051509443562897,0.062026000039015594
Massachusetts,Massachusetts|MW-07|5.208384467,MW-07,5.208384466754603,Lagging Darcy with leakage,0.034367295791521764,0.0516071143799996,0.03522875708589355
Massachusetts,Massachusetts|MW-07|5.502626556,MW-07,5.502626555875864,Theis confined,8.710926452398524e-06,0.0560201531348685,0.16616804136684765
Massachusetts,Massachusetts|MW-07|5.502626556,MW-07,5.502626555875864,Hantush-Jacob leaky,0.9656239911853363,0.0570673928375977,0.16379433138136562
Massachusetts,Massachusetts|MW-07|5.502626556,MW-07,5.502626555875864,Lagging Darcy no-leakage,2.096689572722867e-09,0.0568354846601969,0.062026000039015594
Massachusetts,Massachusetts|MW-07|5.502626556,MW-07,5.502626555875864,Lagging Darcy with leakage,0.034367295791521764,0.0569684729279125,0.03522875708589355
Massachusetts,Massachusetts|MW-07|5.733997406,MW-07,5.733997406496445,Theis confined,8.710926452398524e-06,0.060153066833686,0.16616804136684765
Massachusetts,Massachusetts|MW-07|5.733997406,MW-07,5.733997406496445,Hantush-Jacob leaky,0.9656239911853363,0.0611724821183535,0.16379433138136562
Massachusetts,Massachusetts|MW-07|5.733997406,MW-07,5.733997406496445,Lagging Darcy no-leakage,2.096689572722867e-09,0.0610433660620961,0.062026000039015594
Massachusetts,Massachusetts|MW-07|5.733997406,MW-07,5.733997406496445,Lagging Darcy with leakage,0.034367295791521764,0.061175748053414,0.03522875708589355
Massachusetts,Massachusetts|MW-07|6.057774715,MW-07,6.0577747148318215,Theis confined,8.710926452398524e-06,0.0659419929851792,0.16616804136684765
Massachusetts,Massachusetts|MW-07|6.057774715,MW-07,6.0577747148318215,Hantush-Jacob leaky,0.9656239911853363,0.0668728278792711,0.16379433138136562
Massachusetts,Massachusetts|MW-07|6.057774715,MW-07,6.0577747148318215,Lagging Darcy no-leakage,2.096689572722867e-09,0.0669457673463081,0.062026000039015594
Massachusetts,Massachusetts|MW-07|6.057774715,MW-07,6.0577747148318215,Lagging Darcy with leakage,0.034367295791521764,0.0670275867226559,0.03522875708589355
Massachusetts,Massachusetts|MW-07|6.312570769,MW-07,6.312570769077672,Theis confined,8.710926452398524e-06,0.0704918394984536,0.16616804136684765
Massachusetts,Massachusetts|MW-07|6.312570769,MW-07,6.312570769077672,Hantush-Jacob leaky,0.9656239911853363,0.0713110525531112,0.16379433138136562
Massachusetts,Massachusetts|MW-07|6.312570769,MW-07,6.312570769077672,Lagging Darcy no-leakage,2.096689572722867e-09,0.0715919656456851,0.062026000039015594
Massachusetts,Massachusetts|MW-07|6.312570769,MW-07,6.312570769077672,Lagging Darcy with leakage,0.034367295791521764,0.071588180227568,0.03522875708589355
Massachusetts,Massachusetts|MW-07|6.488134577,MW-07,6.488134577074775,Theis confined,8.710926452398524e-06,0.0736198188070037,0.16616804136684765
Massachusetts,Massachusetts|MW-07|6.488134577,MW-07,6.488134577074775,Hantush-Jacob leaky,0.9656239911853363,0.0743402714198913,0.16379433138136562
Massachusetts,Massachusetts|MW-07|6.488134577,MW-07,6.488134577074775,Lagging Darcy no-leakage,2.096689572722867e-09,0.0747899092417306,0.062026000039015594
Massachusetts,Massachusetts|MW-07|6.488134577,MW-07,6.488134577074775,Lagging Darcy with leakage,0.034367295791521764,0.0747016611348626,0.03522875708589355
Massachusetts,Massachusetts|MW-07|6.854584977,MW-07,6.854584977044736,Theis confined,8.710926452398524e-06,0.0801209461187329,0.16616804136684765
Massachusetts,Massachusetts|MW-07|6.854584977,MW-07,6.854584977044736,Hantush-Jacob leaky,0.9656239911853363,0.0805773385737932,0.16379433138136562
Massachusetts,Massachusetts|MW-07|6.854584977,MW-07,6.854584977044736,Lagging Darcy no-leakage,2.096689572722867e-09,0.0814462316424665,0.062026000039015594
Massachusetts,Massachusetts|MW-07|6.854584977,MW-07,6.854584977044736,Lagging Darcy with leakage,0.034367295791521764,0.0811103357064697,0.03522875708589355
Massachusetts,Massachusetts|MW-07|7.241542792,MW-07,7.241542791753417,Theis confined,8.710926452398524e-06,0.0869320396699381,0.16616804136684765
Massachusetts,Massachusetts|MW-07|7.241542792,MW-07,7.241542791753417,Hantush-Jacob leaky,0.9656239911853363,0.0870245345002547,0.16379433138136562
Massachusetts,Massachusetts|MW-07|7.241542792,MW-07,7.241542791753417,Lagging Darcy no-leakage,2.096689572722867e-09,0.0884340912393271,0.062026000039015594
Massachusetts,Massachusetts|MW-07|7.241542792,MW-07,7.241542791753417,Lagging Darcy with leakage,0.034367295791521764,0.0877263441679479,0.03522875708589355
Massachusetts,Massachusetts|MW-07|7.650545753,MW-07,7.650545752606605,Theis confined,8.710926452398524e-06,0.0940567514625085,0.16616804136684765
Massachusetts,Massachusetts|MW-07|7.650545753,MW-07,7.650545752606605,Hantush-Jacob leaky,0.9656239911853363,0.0936705445397837,0.16379433138136562
Massachusetts,Massachusetts|MW-07|7.650545753,MW-07,7.650545752606605,Lagging Darcy no-leakage,2.096689572722867e-09,0.0957590885867217,0.062026000039015594
Massachusetts,Massachusetts|MW-07|7.650545753,MW-07,7.650545752606605,Lagging Darcy with leakage,0.034367295791521764,0.0945297961883328,0.03522875708589355
Massachusetts,Massachusetts|MW-07|8.082543351,MW-07,8.082543351396787,Theis confined,8.710926452398524e-06,0.1014865238783911,0.16616804136684765
Massachusetts,Massachusetts|MW-07|8.082543351,MW-07,8.082543351396787,Hantush-Jacob leaky,0.9656239911853363,0.1004918320402686,0.16379433138136562
Massachusetts,Massachusetts|MW-07|8.082543351,MW-07,8.082543351396787,Lagging Darcy no-leakage,2.096689572722867e-09,0.1034141844412595,0.062026000039015594
Massachusetts,Massachusetts|MW-07|8.082543351,MW-07,8.082543351396787,Lagging Darcy with leakage,0.034367295791521764,0.1014873842382147,0.03522875708589355
Massachusetts,Massachusetts|MW-07|8.538934233,MW-07,8.538934232887996,Theis confined,8.710926452398524e-06,0.1092187866311229,0.16616804136684765
Massachusetts,Massachusetts|MW-07|8.538934233,MW-07,8.538934232887996,Hantush-Jacob leaky,0.9656239911853363,0.1074698617673069,0.16379433138136562
Massachusetts,Massachusetts|MW-07|8.538934233,MW-07,8.538934232887996,Lagging Darcy no-leakage,2.096689572722867e-09,0.1113983647176965,0.062026000039015594
Massachusetts,Massachusetts|MW-07|8.538934233,MW-07,8.538934232887996,Lagging Darcy with leakage,0.034367295791521764,0.1085702314722039,0.03522875708589355
Massachusetts,Massachusetts|MW-07|9.400655243,MW-07,9.400655243128096,Theis confined,8.710926452398524e-06,0.1234657964411471,0.16616804136684765
Massachusetts,Massachusetts|MW-07|9.400655243,MW-07,9.400655243128096,Hantush-Jacob leaky,0.9656239911853363,0.1199964502500809,0.16379433138136562
Massachusetts,Massachusetts|MW-07|9.400655243,MW-07,9.400655243128096,Lagging Darcy no-leakage,2.096689572722867e-09,0.1261543089663763,0.062026000039015594
Massachusetts,Massachusetts|MW-07|9.400655243,MW-07,9.400655243128096,Lagging Darcy with leakage,0.034367295791521764,0.1211715979837125,0.03522875708589355
Massachusetts,Massachusetts|MW-07|10.06902953,MW-07,10.069029533069491,Theis confined,8.710926452398524e-06,0.1341859180102835,0.16616804136684765
Massachusetts,Massachusetts|MW-07|10.06902953,MW-07,10.069029533069491,Hantush-Jacob leaky,0.9656239911853363,0.1291331595847017,0.16379433138136562
Massachusetts,Massachusetts|MW-07|10.06902953,MW-07,10.069029533069491,Lagging Darcy no-leakage,2.096689572722867e-09,0.1372938283457915,0.062026000039015594
Massachusetts,Massachusetts|MW-07|10.06902953,MW-07,10.069029533069491,Lagging Darcy with leakage,0.034367295791521764,0.1302491459024968,0.03522875708589355
Massachusetts,Massachusetts|MW-07|11.23913798,MW-07,11.239137979325884,Theis confined,8.710926452398524e-06,0.152251218652705,0.16616804136684765
Massachusetts,Massachusetts|MW-07|11.23913798,MW-07,11.239137979325884,Hantush-Jacob leaky,0.9656239911853363,0.1439556257811676,0.16379433138136562
Massachusetts,Massachusetts|MW-07|11.23913798,MW-07,11.239137979325884,Lagging Darcy no-leakage,2.096689572722867e-09,0.1561319534112646,0.062026000039015594
Massachusetts,Massachusetts|MW-07|11.23913798,MW-07,11.239137979325884,Lagging Darcy with leakage,0.034367295791521764,0.1447230121758915,0.03522875708589355
Massachusetts,Massachusetts|MW-07|11.3946549,MW-07,11.394654896348008,Theis confined,8.710926452398524e-06,0.1545856588773394,0.16616804136684765
Massachusetts,Massachusetts|MW-07|11.3946549,MW-07,11.394654896348008,Hantush-Jacob leaky,0.9656239911853363,0.145817666994823,0.16379433138136562
Massachusetts,Massachusetts|MW-07|11.3946549,MW-07,11.394654896348008,Lagging Darcy no-leakage,2.096689572722867e-09,0.1585719977032788,0.062026000039015594
Massachusetts,Massachusetts|MW-07|11.3946549,MW-07,11.394654896348008,Lagging Darcy with leakage,0.034367295791521764,0.1465161999015417,0.03522875708589355
Massachusetts,Massachusetts|MW-08|0.1922193488,MW-08,0.1922193487680795,Theis confined,2.669889105563309e-23,0.7998652064302723,0.16616804136684765
Massachusetts,Massachusetts|MW-08|0.1922193488,MW-08,0.1922193487680795,Hantush-Jacob leaky,0.945537321727814,0.6669997548317669,0.16379433138136562
Massachusetts,Massachusetts|MW-08|0.1922193488,MW-08,0.1922193487680795,Lagging Darcy no-leakage,4.577233106850413e-31,0.7065332096850675,0.062026000039015594
Massachusetts,Massachusetts|MW-08|0.1922193488,MW-08,0.1922193487680795,Lagging Darcy with leakage,0.05446267827218603,0.6768464775959775,0.03522875708589355
Massachusetts,Massachusetts|MW-08|0.3566915696,MW-08,0.3566915696113067,Theis confined,2.669889105563309e-23,1.0310633927863817,0.16616804136684765
Massachusetts,Massachusetts|MW-08|0.3566915696,MW-08,0.3566915696113067,Hantush-Jacob leaky,0.945537321727814,0.988329912722372,0.16379433138136562
Massachusetts,Massachusetts|MW-08|0.3566915696,MW-08,0.3566915696113067,Lagging Darcy no-leakage,4.577233106850413e-31,0.9298885803199002,0.062026000039015594
Massachusetts,Massachusetts|MW-08|0.3566915696,MW-08,0.3566915696113067,Lagging Darcy with leakage,0.05446267827218603,0.9873453125454652,0.03522875708589355
Massachusetts,Massachusetts|MW-08|0.5216464785,MW-08,0.5216464784559247,Theis confined,2.669889105563309e-23,1.176683067333242,0.16616804136684765
Massachusetts,Massachusetts|MW-08|0.5216464785,MW-08,0.5216464784559247,Hantush-Jacob leaky,0.945537321727814,1.190717449747757,0.16379433138136562
Massachusetts,Massachusetts|MW-08|0.5216464785,MW-08,0.5216464784559247,Lagging Darcy no-leakage,4.577233106850413e-31,1.071943155719688,0.062026000039015594
Massachusetts,Massachusetts|MW-08|0.5216464785,MW-08,0.5216464784559247,Lagging Darcy with leakage,0.05446267827218603,1.1825318041041066,0.03522875708589355
Massachusetts,Massachusetts|MW-08|0.6929341774,MW-08,0.6929341773519717,Theis confined,2.669889105563309e-23,1.2865909212127806,0.16616804136684765
Massachusetts,Massachusetts|MW-08|0.6929341774,MW-08,0.6929341773519717,Hantush-Jacob leaky,0.945537321727814,1.338700526713628,0.16379433138136562
Massachusetts,Massachusetts|MW-08|0.6929341774,MW-08,0.6929341773519717,Lagging Darcy no-leakage,4.577233106850413e-31,1.1834515654436792,0.062026000039015594
Massachusetts,Massachusetts|MW-08|0.6929341774,MW-08,0.6929341773519717,Lagging Darcy with leakage,0.05446267827218603,1.3281863429326093,0.03522875708589355
Massachusetts,Massachusetts|MW-08|0.8515215056,MW-08,0.8515215056470445,Theis confined,2.669889105563309e-23,1.366818270368939,0.16616804136684765
Massachusetts,Massachusetts|MW-08|0.8515215056,MW-08,0.8515215056470445,Hantush-Jacob leaky,0.945537321727814,1.442341105908954,0.16379433138136562
Massachusetts,Massachusetts|MW-08|0.8515215056,MW-08,0.8515215056470445,Lagging Darcy no-leakage,4.577233106850413e-31,1.268123542259123,0.062026000039015594
Massachusetts,Massachusetts|MW-08|0.8515215056,MW-08,0.8515215056470445,Lagging Darcy with leakage,0.05446267827218603,1.4321924536311452,0.03522875708589355
Massachusetts,Massachusetts|MW-08|1.013378356,MW-08,1.013378356379229,Theis confined,2.669889105563309e-23,1.434801087256947,0.16616804136684765
Massachusetts,Massachusetts|MW-08|1.013378356,MW-08,1.013378356379229,Hantush-Jacob leaky,0.945537321727814,1.526344220223821,0.16379433138136562
Massachusetts,Massachusetts|MW-08|1.013378356,MW-08,1.013378356379229,Lagging Darcy no-leakage,4.577233106850413e-31,1.3421925380574815,0.062026000039015594
Massachusetts,Massachusetts|MW-08|1.013378356,MW-08,1.013378356379229,Lagging Darcy with leakage,0.05446267827218603,1.5176589981476492,0.03522875708589355
Massachusetts,Massachusetts|MW-08|1.178728943,MW-08,1.1787289428610892,Theis confined,2.669889105563309e-23,1.493997753923203,0.16616804136684765
Massachusetts,Massachusetts|MW-08|1.178728943,MW-08,1.1787289428610892,Hantush-Jacob leaky,0.945537321727814,1.5960747812870202,0.16379433138136562
Massachusetts,Massachusetts|MW-08|1.178728943,MW-08,1.1787289428610892,Lagging Darcy no-leakage,4.577233106850413e-31,1.408355695524835,0.062026000039015594
Massachusetts,Massachusetts|MW-08|1.178728943,MW-08,1.1787289428610892,Lagging Darcy with leakage,0.05446267827218603,1.589257554894232,0.03522875708589355
Massachusetts,Massachusetts|MW-08|1.352329144,MW-08,1.3523291438353853,Theis confined,2.669889105563309e-23,1.5479106826970972,0.16616804136684765
Massachusetts,Massachusetts|MW-08|1.352329144,MW-08,1.3523291438353853,Hantush-Jacob leaky,0.945537321727814,1.6564195367148968,0.16379433138136562
Massachusetts,Massachusetts|MW-08|1.352329144,MW-08,1.3523291438353853,Lagging Darcy no-leakage,4.577233106850413e-31,1.469841599052306,0.062026000039015594
Massachusetts,Massachusetts|MW-08|1.352329144,MW-08,1.3523291438353853,Lagging Darcy with leakage,0.05446267827218603,1.6515527701318051,0.03522875708589355
Massachusetts,Massachusetts|MW-08|1.516392046,MW-08,1.516392045545129,Theis confined,2.669889105563309e-23,1.592908920371372,0.16616804136684765
Massachusetts,Massachusetts|MW-08|1.516392046,MW-08,1.516392045545129,Hantush-Jacob leaky,0.945537321727814,1.704232561833003,0.16379433138136562
Massachusetts,Massachusetts|MW-08|1.516392046,MW-08,1.516392045545129,Lagging Darcy no-leakage,4.577233106850413e-31,1.5219517200063324,0.062026000039015594
Massachusetts,Massachusetts|MW-08|1.516392046,MW-08,1.516392045545129,Lagging Darcy with leakage,0.05446267827218603,1.7010251330010429,0.03522875708589355
Massachusetts,Massachusetts|MW-08|1.684852184,MW-08,1.684852184361011,Theis confined,2.669889105563309e-23,1.63435393794441,0.16616804136684765
Massachusetts,Massachusetts|MW-08|1.684852184,MW-08,1.684852184361011,Hantush-Jacob leaky,0.945537321727814,1.746046344780881,0.16379433138136562
Massachusetts,Massachusetts|MW-08|1.684852184,MW-08,1.684852184361011,Lagging Darcy no-leakage,4.577233106850413e-31,1.5704992554617514,0.062026000039015594
Massachusetts,Massachusetts|MW-08|1.684852184,MW-08,1.684852184361011,Lagging Darcy with leakage,0.05446267827218603,1.7442934095777207,0.03522875708589355
Massachusetts,Massachusetts|MW-08|1.829661908,MW-08,1.829661907917865,Theis confined,2.669889105563309e-23,1.666821665888597,0.16616804136684765
Massachusetts,Massachusetts|MW-08|1.829661908,MW-08,1.829661907917865,Hantush-Jacob leaky,0.945537321727814,1.7772233618362518,0.16379433138136562
Massachusetts,Massachusetts|MW-08|1.829661908,MW-08,1.829661907917865,Lagging Darcy no-leakage,4.577233106850413e-31,1.608851634344337,0.062026000039015594
Massachusetts,Massachusetts|MW-08|1.829661908,MW-08,1.829661907917865,Lagging Darcy with leakage,0.05446267827218603,1.7765119987720694,0.03522875708589355
Massachusetts,Massachusetts|MW-08|2.005169473,MW-08,2.00516947294017,Theis confined,2.669889105563309e-23,1.702916759774974,0.16616804136684765
Massachusetts,Massachusetts|MW-08|2.005169473,MW-08,2.00516947294017,Hantush-Jacob leaky,0.945537321727814,1.810175084428993,0.16379433138136562
Massachusetts,Massachusetts|MW-08|2.005169473,MW-08,2.00516947294017,Lagging Darcy no-leakage,4.577233106850413e-31,1.651773436021568,0.062026000039015594
Massachusetts,Massachusetts|MW-08|2.005169473,MW-08,2.00516947294017,Lagging Darcy with leakage,0.05446267827218603,1.8104834070543336,0.03522875708589355
Massachusetts,Massachusetts|MW-08|2.157661138,MW-08,2.1576611381915805,Theis confined,2.669889105563309e-23,1.7318187259804332,0.16616804136684765
Massachusetts,Massachusetts|MW-08|2.157661138,MW-08,2.1576611381915805,Hantush-Jacob leaky,0.945537321727814,1.8352146934615363,0.16379433138136562
Massachusetts,Massachusetts|MW-08|2.157661138,MW-08,2.1576611381915805,Lagging Darcy no-leakage,4.577233106850413e-31,1.6863283016070854,0.062026000039015594
Massachusetts,Massachusetts|MW-08|2.157661138,MW-08,2.1576611381915805,Lagging Darcy with leakage,0.05446267827218603,1.8362156262171616,0.03522875708589355
Massachusetts,Massachusetts|MW-08|2.343107859,MW-08,2.3431078591865204,Theis confined,2.669889105563309e-23,1.7643497728113735,0.16616804136684765
Massachusetts,Massachusetts|MW-08|2.343107859,MW-08,2.3431078591865204,Hantush-Jacob leaky,0.945537321727814,1.8619213352066335,0.16379433138136562
Massachusetts,Massachusetts|MW-08|2.343107859,MW-08,2.3431078591865204,Lagging Darcy no-leakage,4.577233106850413e-31,1.7253914547497688,0.062026000039015594
Massachusetts,Massachusetts|MW-08|2.343107859,MW-08,2.3431078591865204,Lagging Darcy with leakage,0.05446267827218603,1.8635565532885088,0.03522875708589355
Massachusetts,Massachusetts|MW-08|2.509765519,MW-08,2.5097655193058177,Theis confined,2.669889105563309e-23,1.7914726982920772,0.16616804136684765
Massachusetts,Massachusetts|MW-08|2.509765519,MW-08,2.5097655193058177,Hantush-Jacob leaky,0.945537321727814,1.8829635238867384,0.16379433138136562
Massachusetts,Massachusetts|MW-08|2.509765519,MW-08,2.5097655193058177,Lagging Darcy no-leakage,4.577233106850413e-31,1.7580780649681051,0.062026000039015594
Massachusetts,Massachusetts|MW-08|2.509765519,MW-08,2.5097655193058177,Lagging Darcy with leakage,0.05446267827218603,1.885004820673169,0.03522875708589355
Massachusetts,Massachusetts|MW-08|2.651586764,MW-08,2.651586764411063,Theis confined,2.669889105563309e-23,1.813179425016714,0.16616804136684765
Massachusetts,Massachusetts|MW-08|2.651586764,MW-08,2.651586764411063,Hantush-Jacob leaky,0.945537321727814,1.89898720320966,0.16379433138136562
Massachusetts,Massachusetts|MW-08|2.651586764,MW-08,2.651586764411063,Lagging Darcy no-leakage,4.577233106850413e-31,1.7843036555707688,0.062026000039015594
Massachusetts,Massachusetts|MW-08|2.651586764,MW-08,2.651586764411063,Lagging Darcy with leakage,0.05446267827218603,1.9012725232558607,0.03522875708589355
Massachusetts,Massachusetts|MW-08|2.814234884,MW-08,2.814234883599264,Theis confined,2.669889105563309e-23,1.8366960609342289,0.16616804136684765
Massachusetts,Massachusetts|MW-08|2.814234884,MW-08,2.814234883599264,Hantush-Jacob leaky,0.945537321727814,1.9155176055160064,0.16379433138136562
Massachusetts,Massachusetts|MW-08|2.814234884,MW-08,2.814234883599264,Lagging Darcy no-leakage,4.577233106850413e-31,1.8127736483094552,0.062026000039015594
Massachusetts,Massachusetts|MW-08|2.814234884,MW-08,2.814234883599264,Lagging Darcy with leakage,0.05446267827218603,1.9179876531031097,0.03522875708589355
Massachusetts,Massachusetts|MW-08|2.986925041,MW-08,2.986925040728585,Theis confined,2.669889105563309e-23,1.8602290932083148,0.16616804136684765
Massachusetts,Massachusetts|MW-08|2.986925041,MW-08,2.986925040728585,Hantush-Jacob leaky,0.945537321727814,1.931188973367551,0.16379433138136562
Massachusetts,Massachusetts|MW-08|2.986925041,MW-08,2.986925040728585,Lagging Darcy no-leakage,4.577233106850413e-31,1.841315782188331,0.062026000039015594
Massachusetts,Massachusetts|MW-08|2.986925041,MW-08,2.986925040728585,Lagging Darcy with leakage,0.05446267827218603,1.9337643118212096,0.03522875708589355
Massachusetts,Massachusetts|MW-08|3.170156626,MW-08,3.170156626172978,Theis confined,2.669889105563309e-23,1.8837625460063805,0.16616804136684765
Massachusetts,Massachusetts|MW-08|3.170156626,MW-08,3.170156626172978,Hantush-Jacob leaky,0.945537321727814,1.9459853537974208,0.16379433138136562
Massachusetts,Massachusetts|MW-08|3.170156626,MW-08,3.170156626172978,Lagging Darcy no-leakage,4.577233106850413e-31,1.869903537170709,0.062026000039015594
Massachusetts,Massachusetts|MW-08|3.170156626,MW-08,3.170156626172978,Lagging Darcy with leakage,0.05446267827218603,1.948591438644624,0.03522875708589355
Massachusetts,Massachusetts|MW-08|3.318750711,MW-08,3.318750711057046,Theis confined,2.669889105563309e-23,1.901873903519962,0.16616804136684765
Massachusetts,Massachusetts|MW-08|3.318750711,MW-08,3.318750711057046,Hantush-Jacob leaky,0.945537321727814,1.9567757778160897,0.16379433138136562
Massachusetts,Massachusetts|MW-08|3.318750711,MW-08,3.318750711057046,Lagging Darcy no-leakage,4.577233106850413e-31,1.8919313472469763,0.062026000039015594
Massachusetts,Massachusetts|MW-08|3.318750711,MW-08,3.318750711057046,Lagging Darcy with leakage,0.05446267827218603,1.959358808533889,0.03522875708589355
Massachusetts,Massachusetts|MW-08|3.458355782,MW-08,3.4583557821267665,Theis confined,2.669889105563309e-23,1.9181688316217211,0.16616804136684765
Massachusetts,Massachusetts|MW-08|3.458355782,MW-08,3.4583557821267665,Hantush-Jacob leaky,0.945537321727814,1.9660409637593843,0.16379433138136562
Massachusetts,Massachusetts|MW-08|3.458355782,MW-08,3.4583557821267665,Lagging Darcy no-leakage,4.577233106850413e-31,1.9117673433511608,0.062026000039015594
Massachusetts,Massachusetts|MW-08|3.458355782,MW-08,3.4583557821267665,Lagging Darcy with leakage,0.05446267827218603,1.9685716607965549,0.03522875708589355
Massachusetts,Massachusetts|MW-08|3.637096879,MW-08,3.637096878561026,Theis confined,2.669889105563309e-23,1.9381012421676949,0.16616804136684765
Massachusetts,Massachusetts|MW-08|3.637096879,MW-08,3.637096878561026,Hantush-Jacob leaky,0.945537321727814,1.9768059831031088,0.16379433138136562
Massachusetts,Massachusetts|MW-08|3.637096879,MW-08,3.637096878561026,Lagging Darcy no-leakage,4.577233106850413e-31,1.9360510894579408,0.062026000039015594
Massachusetts,Massachusetts|MW-08|3.637096879,MW-08,3.637096878561026,Lagging Darcy with leakage,0.05446267827218603,1.9792362063628293,0.03522875708589355
Massachusetts,Massachusetts|MW-08|3.807561129,MW-08,3.807561128919378,Theis confined,2.669889105563309e-23,1.956222063782416,0.16616804136684765
Massachusetts,Massachusetts|MW-08|3.807561129,MW-08,3.807561128919378,Hantush-Jacob leaky,0.945537321727814,1.9860532450911264,0.16379433138136562
Massachusetts,Massachusetts|MW-08|3.807561129,MW-08,3.807561128919378,Lagging Darcy no-leakage,4.577233106850413e-31,1.9581444290728152,0.062026000039015594
Massachusetts,Massachusetts|MW-08|3.807561129,MW-08,3.807561128919378,Lagging Darcy with leakage,0.05446267827218603,1.988361670254426,0.03522875708589355
Massachusetts,Massachusetts|MW-08|3.949680937,MW-08,3.949680937341948,Theis confined,2.669889105563309e-23,1.9707225609271857,0.16616804136684765
Massachusetts,Massachusetts|MW-08|3.949680937,MW-08,3.949680937341948,Hantush-Jacob leaky,0.945537321727814,1.9930861533030289,0.16379433138136562
Massachusetts,Massachusetts|MW-08|3.949680937,MW-08,3.949680937341948,Lagging Darcy no-leakage,4.577233106850413e-31,1.9758338662542327,0.062026000039015594
Massachusetts,Massachusetts|MW-08|3.949680937,MW-08,3.949680937341948,Lagging Darcy with leakage,0.05446267827218603,1.9952792648594544,0.03522875708589355
Massachusetts,Massachusetts|MW-08|4.1159163,MW-08,4.115916300172501,Theis confined,2.669889105563309e-23,1.9870381266406745,0.16616804136684765
Massachusetts,Massachusetts|MW-08|4.1159163,MW-08,4.115916300172501,Hantush-Jacob leaky,0.945537321727814,2.0006134107631044,0.16379433138136562
Massachusetts,Massachusetts|MW-08|4.1159163,MW-08,4.115916300172501,Lagging Darcy no-leakage,4.577233106850413e-31,1.9957470639255952,0.062026000039015594
Massachusetts,Massachusetts|MW-08|4.1159163,MW-08,4.115916300172501,Lagging Darcy with leakage,0.05446267827218603,2.002660915833816,0.03522875708589355
Massachusetts,Massachusetts|MW-08|4.289148227,MW-08,4.289148227103751,Theis confined,2.669889105563309e-23,2.003356243352953,0.16616804136684765
Massachusetts,Massachusetts|MW-08|4.289148227,MW-08,4.289148227103751,Hantush-Jacob leaky,0.945537321727814,2.007737909520346,0.16379433138136562
Massachusetts,Massachusetts|MW-08|4.289148227,MW-08,4.289148227103751,Lagging Darcy no-leakage,4.577233106850413e-31,2.0156723650348742,0.062026000039015594
Massachusetts,Massachusetts|MW-08|4.289148227,MW-08,4.289148227103751,Lagging Darcy with leakage,0.05446267827218603,2.0096262142928265,0.03522875708589355
Massachusetts,Massachusetts|MW-08|4.449224173,MW-08,4.449224172679295,Theis confined,2.669889105563309e-23,2.017861565695064,0.16616804136684765
Massachusetts,Massachusetts|MW-08|4.449224173,MW-08,4.449224172679295,Hantush-Jacob leaky,0.945537321727814,2.0137365541771377,0.16379433138136562
Massachusetts,Massachusetts|MW-08|4.449224173,MW-08,4.449224172679295,Lagging Darcy no-leakage,4.577233106850413e-31,2.0333908638873983,0.062026000039015594
Massachusetts,Massachusetts|MW-08|4.449224173,MW-08,4.449224172679295,Lagging Darcy with leakage,0.05446267827218603,2.015474661534628,0.03522875708589355
Massachusetts,Massachusetts|MW-08|4.615294491,MW-08,4.615294490565357,Theis confined,2.669889105563309e-23,2.032370481682266,0.16616804136684765
Massachusetts,Massachusetts|MW-08|4.615294491,MW-08,4.615294490565357,Hantush-Jacob leaky,0.945537321727814,2.019426753141196,0.16379433138136562
Massachusetts,Massachusetts|MW-08|4.615294491,MW-08,4.615294490565357,Lagging Darcy no-leakage,4.577233106850413e-31,2.0511194012099767,0.062026000039015594
Massachusetts,Massachusetts|MW-08|4.615294491,MW-08,4.615294490565357,Lagging Darcy with leakage,0.05446267827218603,2.021008876961356,0.03522875708589355
Massachusetts,Massachusetts|MW-08|4.809544397,MW-08,4.809544397426259,Theis confined,2.669889105563309e-23,2.0486951583403266,0.16616804136684765
Massachusetts,Massachusetts|MW-08|4.809544397,MW-08,4.809544397426259,Hantush-Jacob leaky,0.945537321727814,2.025465058302617,0.16379433138136562
Massachusetts,Massachusetts|MW-08|4.809544397,MW-08,4.809544397426259,Lagging Darcy no-leakage,4.577233106850413e-31,2.0710726577541663,0.062026000039015594
Massachusetts,Massachusetts|MW-08|4.809544397,MW-08,4.809544397426259,Lagging Darcy with leakage,0.05446267827218603,2.0268676328035995,0.03522875708589355
Massachusetts,Massachusetts|MW-08|5.058120106,MW-08,5.058120105971941,Theis confined,2.669889105563309e-23,2.0686522278450927,0.16616804136684765
Massachusetts,Massachusetts|MW-08|5.058120106,MW-08,5.058120105971941,Hantush-Jacob leaky,0.945537321727814,2.032335087628176,0.16379433138136562
Massachusetts,Massachusetts|MW-08|5.058120106,MW-08,5.058120105971941,Lagging Darcy no-leakage,4.577233106850413e-31,2.095473336989316,0.062026000039015594
Massachusetts,Massachusetts|MW-08|5.058120106,MW-08,5.058120105971941,Lagging Darcy with leakage,0.05446267827218603,2.0335167135563603,0.03522875708589355
Massachusetts,Massachusetts|MW-08|5.295185183,MW-08,5.295185183113407,Theis confined,2.669889105563309e-23,2.086794413513449,0.16616804136684765
Massachusetts,Massachusetts|MW-08|5.295185183,MW-08,5.295185183113407,Hantush-Jacob leaky,0.945537321727814,2.0381050384677364,0.16379433138136562
Massachusetts,Massachusetts|MW-08|5.295185183,MW-08,5.295185183113407,Lagging Darcy no-leakage,4.577233106850413e-31,2.117661391467401,0.062026000039015594
Massachusetts,Massachusetts|MW-08|5.295185183,MW-08,5.295185183113407,Lagging Darcy with leakage,0.05446267827218603,2.039088625553751,0.03522875708589355
Massachusetts,Massachusetts|MW-08|5.492831571,MW-08,5.49283157099942,Theis confined,2.669889105563309e-23,2.101311315090127,0.16616804136684765
Massachusetts,Massachusetts|MW-08|5.492831571,MW-08,5.49283157099942,Hantush-Jacob leaky,0.945537321727814,2.042405578900872,0.16379433138136562
Massachusetts,Massachusetts|MW-08|5.492831571,MW-08,5.49283157099942,Lagging Darcy no-leakage,4.577233106850413e-31,2.135419511599029,0.062026000039015594
Massachusetts,Massachusetts|MW-08|5.492831571,MW-08,5.49283157099942,Lagging Darcy with leakage,0.05446267827218603,2.0432351951185472,0.03522875708589355
Massachusetts,Massachusetts|MW-08|5.64589282,MW-08,5.645892819630971,Theis confined,2.669889105563309e-23,2.1121999863489918,0.16616804136684765
Massachusetts,Massachusetts|MW-08|5.64589282,MW-08,5.645892819630971,Hantush-Jacob leaky,0.945537321727814,2.0454516289340594,0.16379433138136562
Massachusetts,Massachusetts|MW-08|5.64589282,MW-08,5.645892819630971,Lagging Darcy no-leakage,4.577233106850413e-31,2.148741317880859,0.062026000039015594
Massachusetts,Massachusetts|MW-08|5.64589282,MW-08,5.645892819630971,Lagging Darcy with leakage,0.05446267827218603,2.0461695017238486,0.03522875708589355
Massachusetts,Massachusetts|MW-08|5.964929615,MW-08,5.964929615399978,Theis confined,2.669889105563309e-23,2.1339797884619784,0.16616804136684765
Massachusetts,Massachusetts|MW-08|5.964929615,MW-08,5.964929615399978,Hantush-Jacob leaky,0.945537321727814,2.0510971204620745,0.16379433138136562
Massachusetts,Massachusetts|MW-08|5.964929615,MW-08,5.964929615399978,Lagging Darcy no-leakage,4.577233106850413e-31,2.1753925191810346,0.062026000039015594
Massachusetts,Massachusetts|MW-08|5.964929615,MW-08,5.964929615399978,Lagging Darcy with leakage,0.05446267827218603,2.0516038719241028,0.03522875708589355
Massachusetts,Massachusetts|MW-08|6.215983373,MW-08,6.215983372552827,Theis confined,2.669889105563309e-23,2.150316705596988,0.16616804136684765
Massachusetts,Massachusetts|MW-08|6.215983373,MW-08,6.215983372552827,Hantush-Jacob leaky,0.945537321727814,2.054954469864467,0.16379433138136562
Massachusetts,Massachusetts|MW-08|6.215983373,MW-08,6.215983372552827,Lagging Darcy no-leakage,4.577233106850413e-31,2.1953870079688884,0.062026000039015594
Massachusetts,Massachusetts|MW-08|6.215983373,MW-08,6.215983372552827,Lagging Darcy with leakage,0.05446267827218603,2.055315853823059,0.03522875708589355
Massachusetts,Massachusetts|MW-08|6.389195707,MW-08,6.389195706515373,Theis confined,2.669889105563309e-23,2.161208927568226,0.16616804136684765
Massachusetts,Massachusetts|MW-08|6.389195707,MW-08,6.389195706515373,Hantush-Jacob leaky,0.945537321727814,2.057353606698201,0.16379433138136562
Massachusetts,Massachusetts|MW-08|6.389195707,MW-08,6.389195706515373,Lagging Darcy no-leakage,4.577233106850413e-31,2.208719330279433,0.062026000039015594
Massachusetts,Massachusetts|MW-08|6.389195707,MW-08,6.389195706515373,Lagging Darcy with leakage,0.05446267827218603,2.05762511305506,0.03522875708589355
Massachusetts,Massachusetts|MW-08|6.567234712,MW-08,6.567234712436089,Theis confined,2.669889105563309e-23,2.1721018808474337,0.16616804136684765
Massachusetts,Massachusetts|MW-08|6.567234712,MW-08,6.567234712436089,Hantush-Jacob leaky,0.945537321727814,2.0596193217935,0.16379433138136562
Massachusetts,Massachusetts|MW-08|6.567234712,MW-08,6.567234712436089,Lagging Darcy no-leakage,4.577233106850413e-31,2.222053651672457,0.062026000039015594
Massachusetts,Massachusetts|MW-08|6.567234712,MW-08,6.567234712436089,Lagging Darcy with leakage,0.05446267827218603,2.059807001143368,0.03522875708589355
Massachusetts,Massachusetts|MW-08|6.938334481,MW-08,6.9383344811800844,Theis confined,2.669889105563309e-23,2.193889902748343,0.16616804136684765
Massachusetts,Massachusetts|MW-08|6.938334481,MW-08,6.9383344811800844,Hantush-Jacob leaky,0.945537321727814,2.0637665157556144,0.16379433138136562
Massachusetts,Massachusetts|MW-08|6.938334481,MW-08,6.9383344811800844,Lagging Darcy no-leakage,4.577233106850413e-31,2.248727887953359,0.062026000039015594
Massachusetts,Massachusetts|MW-08|6.938334481,MW-08,6.9383344811800844,Lagging Darcy with leakage,0.05446267827218603,2.063805760258908,0.03522875708589355
Massachusetts,Massachusetts|MW-08|7.230357196,MW-08,7.230357195980686,Theis confined,2.669889105563309e-23,2.2102326955958365,0.16616804136684765
Massachusetts,Massachusetts|MW-08|7.230357196,MW-08,7.230357195980686,Hantush-Jacob leaky,0.945537321727814,2.066556923545648,0.16379433138136562
Massachusetts,Massachusetts|MW-08|7.230357196,MW-08,7.230357195980686,Lagging Darcy no-leakage,4.577233106850413e-31,2.268738103250576,0.062026000039015594
Massachusetts,Massachusetts|MW-08|7.230357196,MW-08,7.230357195980686,Lagging Darcy with leakage,0.05446267827218603,2.066502330230299,0.03522875708589355
Massachusetts,Massachusetts|MW-08|7.638928535,MW-08,7.638928535495,Theis confined,2.669889105563309e-23,2.2320253384804847,0.16616804136684765
Massachusetts,Massachusetts|MW-08|7.638928535,MW-08,7.638928535495,Hantush-Jacob leaky,0.945537321727814,2.069877927212621,0.16379433138136562
Massachusetts,Massachusetts|MW-08|7.638928535,MW-08,7.638928535495,Lagging Darcy no-leakage,4.577233106850413e-31,2.2954239308540045,0.062026000039015594
Massachusetts,Massachusetts|MW-08|7.638928535,MW-08,7.638928535495,Lagging Darcy with leakage,0.05446267827218603,2.069721911233251,0.03522875708589355
Massachusetts,Massachusetts|MW-08|7.851792142,MW-08,7.851792142313622,Theis confined,2.669889105563309e-23,2.24292258629571,0.16616804136684765
Massachusetts,Massachusetts|MW-08|7.851792142,MW-08,7.851792142313622,Hantush-Jacob leaky,0.945537321727814,2.07137687973568,0.16379433138136562
Massachusetts,Massachusetts|MW-08|7.851792142,MW-08,7.851792142313622,Lagging Darcy no-leakage,4.577233106850413e-31,2.308769061981627,0.062026000039015594
Massachusetts,Massachusetts|MW-08|7.851792142,MW-08,7.851792142313622,Lagging Darcy with leakage,0.05446267827218603,2.071180196818489,0.03522875708589355
Massachusetts,Massachusetts|MW-08|8.070587329,MW-08,8.070587329051772,Theis confined,2.669889105563309e-23,2.253820429465029,0.16616804136684765
Massachusetts,Massachusetts|MW-08|8.070587329,MW-08,8.070587329051772,Hantush-Jacob leaky,0.945537321727814,2.0727739261948064,0.16379433138136562
Massachusetts,Massachusetts|MW-08|8.070587329,MW-08,8.070587329051772,Lagging Darcy no-leakage,4.577233106850413e-31,2.3221155877426174,0.062026000039015594
Massachusetts,Massachusetts|MW-08|8.070587329,MW-08,8.070587329051772,Lagging Darcy with leakage,0.05446267827218603,2.072543092591664,0.03522875708589355
Massachusetts,Massachusetts|MW-08|8.295479383,MW-08,8.295479382960114,Theis confined,2.669889105563309e-23,2.264718851879495,0.16616804136684765
Massachusetts,Massachusetts|MW-08|8.295479383,MW-08,8.295479382960114,Hantush-Jacob leaky,0.945537321727814,2.074073430240676,0.16379433138136562
Massachusetts,Massachusetts|MW-08|8.295479383,MW-08,8.295479382960114,Lagging Darcy no-leakage,4.577233106850413e-31,2.3354634512609618,0.062026000039015594
Massachusetts,Massachusetts|MW-08|8.295479383,MW-08,8.295479382960114,Lagging Darcy with leakage,0.05446267827218603,2.073814754454895,0.03522875708589355
Massachusetts,Massachusetts|MW-10|0.1641209621,MW-10,0.1641209620762556,Theis confined,7.278987278775328e-46,0.0012142655386699,0.16616804136684765
Massachusetts,Massachusetts|MW-10|0.1641209621,MW-10,0.1641209620762556,Hantush-Jacob leaky,1.0621347208934839e-46,0.0012142255248852,0.16379433138136562
Massachusetts,Massachusetts|MW-10|0.1641209621,MW-10,0.1641209620762556,Lagging Darcy no-leakage,7.964960667985541e-15,0.0054941589922569,0.062026000039015594
Massachusetts,Massachusetts|MW-10|0.1641209621,MW-10,0.1641209620762556,Lagging Darcy with leakage,0.999999999999992,0.0068674386291233,0.03522875708589355
Massachusetts,Massachusetts|MW-10|0.3291085076,MW-10,0.3291085076272816,Theis confined,7.278987278775328e-46,0.0168332397655555,0.16616804136684765
Massachusetts,Massachusetts|MW-10|0.3291085076,MW-10,0.3291085076272816,Hantush-Jacob leaky,1.0621347208934839e-46,0.01683296551901,0.16379433138136562
Massachusetts,Massachusetts|MW-10|0.3291085076,MW-10,0.3291085076272816,Lagging Darcy no-leakage,7.964960667985541e-15,0.0192697717794565,0.062026000039015594
Massachusetts,Massachusetts|MW-10|0.3291085076,MW-10,0.3291085076272816,Lagging Darcy with leakage,0.999999999999992,0.0181204340416031,0.03522875708589355
Massachusetts,Massachusetts|MW-10|0.4946242978,MW-10,0.4946242978484903,Theis confined,7.278987278775328e-46,0.0453384894112485,0.16616804136684765
Massachusetts,Massachusetts|MW-10|0.4946242978,MW-10,0.4946242978484903,Hantush-Jacob leaky,1.0621347208934839e-46,0.0453380114264042,0.16379433138136562
Massachusetts,Massachusetts|MW-10|0.4946242978,MW-10,0.4946242978484903,Lagging Darcy no-leakage,7.964960667985541e-15,0.0352342310414418,0.062026000039015594
Massachusetts,Massachusetts|MW-10|0.4946242978,MW-10,0.4946242978484903,Lagging Darcy with leakage,0.999999999999992,0.031921453998928,0.03522875708589355
Massachusetts,Massachusetts|MW-10|0.6599634036,MW-10,0.6599634035657151,Theis confined,7.278987278775328e-46,0.0781182454535086,0.16616804136684765
Massachusetts,Massachusetts|MW-10|0.6599634036,MW-10,0.6599634035657151,Hantush-Jacob leaky,1.0621347208934839e-46,0.0781176532243118,0.16379433138136562
Massachusetts,Massachusetts|MW-10|0.6599634036,MW-10,0.6599634035657151,Lagging Darcy no-leakage,7.964960667985541e-15,0.0536166189397648,0.062026000039015594
Massachusetts,Massachusetts|MW-10|0.6599634036,MW-10,0.6599634035657151,Lagging Darcy with leakage,0.999999999999992,0.0484900960464044,0.03522875708589355
Massachusetts,Massachusetts|MW-10|0.8335021762,MW-10,0.8335021761597803,Theis confined,7.278987278775328e-46,0.1129054229205922,0.16616804136684765
Massachusetts,Massachusetts|MW-10|0.8335021762,MW-10,0.8335021761597803,Hantush-Jacob leaky,1.0621347208934839e-46,0.1129047818838319,0.16379433138136562
Massachusetts,Massachusetts|MW-10|0.8335021762,MW-10,0.8335021761597803,Lagging Darcy no-leakage,7.964960667985541e-15,0.0751929087575476,0.062026000039015594
Massachusetts,Massachusetts|MW-10|0.8335021762,MW-10,0.8335021761597803,Lagging Darcy with leakage,0.999999999999992,0.0685144566338025,0.03522875708589355
Massachusetts,Massachusetts|MW-10|0.9963967611,MW-10,0.99639676106962,Theis confined,7.278987278775328e-46,0.1444212741039168,0.16616804136684765
Massachusetts,Massachusetts|MW-10|0.9963967611,MW-10,0.99639676106962,Hantush-Jacob leaky,1.0621347208934839e-46,0.1444206301166936,0.16379433138136562
Massachusetts,Massachusetts|MW-10|0.9963967611,MW-10,0.99639676106962,Lagging Darcy no-leakage,7.964960667985541e-15,0.0970906320388302,0.062026000039015594
Massachusetts,Massachusetts|MW-10|0.9963967611,MW-10,0.99639676106962,Lagging Darcy with leakage,0.999999999999992,0.0892988201178508,0.03522875708589355
Massachusetts,Massachusetts|MW-10|1.153573878,MW-10,1.1535738781921387,Theis confined,7.278987278775328e-46,0.173325473235629,0.16616804136684765
Massachusetts,Massachusetts|MW-10|1.153573878,MW-10,1.1535738781921387,Hantush-Jacob leaky,1.0621347208934839e-46,0.1733248514649659,0.16379433138136562
Massachusetts,Massachusetts|MW-10|1.153573878,MW-10,1.1535738781921387,Lagging Darcy no-leakage,7.964960667985541e-15,0.1193090049293191,0.062026000039015594
Massachusetts,Massachusetts|MW-10|1.153573878,MW-10,1.1535738781921387,Lagging Darcy with leakage,0.999999999999992,0.1107572383920889,0.03522875708589355
Massachusetts,Massachusetts|MW-10|1.341670942,MW-10,1.3416709423670032,Theis confined,7.278987278775328e-46,0.2058460084377396,0.16616804136684765
Massachusetts,Massachusetts|MW-10|1.341670942,MW-10,1.3416709423670032,Hantush-Jacob leaky,1.0621347208934839e-46,0.2058454336696445,0.16379433138136562
Massachusetts,Massachusetts|MW-10|1.341670942,MW-10,1.3416709423670032,Lagging Darcy no-leakage,7.964960667985541e-15,0.1468312742989271,0.062026000039015594
Massachusetts,Massachusetts|MW-10|1.341670942,MW-10,1.3416709423670032,Lagging Darcy with leakage,0.999999999999992,0.1377532556013656,0.03522875708589355
Massachusetts,Massachusetts|MW-10|1.497467019,MW-10,1.4974670186300627,Theis confined,7.278987278775328e-46,0.2311260356340637,0.16616804136684765
Massachusetts,Massachusetts|MW-10|1.497467019,MW-10,1.4974670186300627,Hantush-Jacob leaky,1.0621347208934839e-46,0.2311255104601146,0.16379433138136562
Massachusetts,Massachusetts|MW-10|1.497467019,MW-10,1.4974670186300627,Lagging Darcy no-leakage,7.964960667985541e-15,0.1700876225652691,0.062026000039015594
Massachusetts,Massachusetts|MW-10|1.497467019,MW-10,1.4974670186300627,Lagging Darcy with leakage,0.999999999999992,0.1608618285168318,0.03522875708589355
Massachusetts,Massachusetts|MW-10|1.671368877,MW-10,1.671368876911581,Theis confined,7.278987278775328e-46,0.2576941479849413,0.16616804136684765
Massachusetts,Massachusetts|MW-10|1.671368877,MW-10,1.671368876911581,Hantush-Jacob leaky,1.0621347208934839e-46,0.2576936851661309,0.16379433138136562
Massachusetts,Massachusetts|MW-10|1.671368877,MW-10,1.671368876911581,Lagging Darcy no-leakage,7.964960667985541e-15,0.196273292871477,0.062026000039015594
Massachusetts,Massachusetts|MW-10|1.671368877,MW-10,1.671368876911581,Lagging Darcy with leakage,0.999999999999992,0.1871556628707715,0.03522875708589355
Massachusetts,Massachusetts|MW-10|1.823233518,MW-10,1.8232335177888288,Theis confined,7.278987278775328e-46,0.2795851265018976,0.16616804136684765
Massachusetts,Massachusetts|MW-10|1.823233518,MW-10,1.8232335177888288,Hantush-Jacob leaky,1.0621347208934839e-46,0.2795847218759432,0.16379433138136562
Massachusetts,Massachusetts|MW-10|1.823233518,MW-10,1.8232335177888288,Lagging Darcy no-leakage,7.964960667985541e-15,0.2191731566058826,0.062026000039015594
Massachusetts,Massachusetts|MW-10|1.823233518,MW-10,1.8232335177888288,Lagging Darcy with leakage,0.999999999999992,0.2103572593355888,0.03522875708589355
Massachusetts,Massachusetts|MW-10|1.988914319,MW-10,1.988914319456344,Theis confined,7.278987278775328e-46,0.3021960081554486,0.16616804136684765
Massachusetts,Massachusetts|MW-10|1.988914319,MW-10,1.988914319456344,Hantush-Jacob leaky,1.0621347208934839e-46,0.3021956693036277,0.16379433138136562
Massachusetts,Massachusetts|MW-10|1.988914319,MW-10,1.988914319456344,Lagging Darcy no-leakage,7.964960667985541e-15,0.2440563576972295,0.062026000039015594
Massachusetts,Massachusetts|MW-10|1.988914319,MW-10,1.988914319456344,Lagging Darcy with leakage,0.999999999999992,0.2357609626628528,0.03522875708589355
Massachusetts,Massachusetts|MW-10|2.140066993,MW-10,2.14006699275839,Theis confined,7.278987278775328e-46,0.3217658071570716,0.16616804136684765
Massachusetts,Massachusetts|MW-10|2.140066993,MW-10,2.14006699275839,Hantush-Jacob leaky,1.0621347208934839e-46,0.3217655293905344,0.16379433138136562
Massachusetts,Massachusetts|MW-10|2.140066993,MW-10,2.14006699275839,Lagging Darcy no-leakage,7.964960667985541e-15,0.2665786666222124,0.062026000039015594
Massachusetts,Massachusetts|MW-10|2.140066993,MW-10,2.14006699275839,Lagging Darcy with leakage,0.999999999999992,0.2589091830895593,0.03522875708589355
Massachusetts,Massachusetts|MW-10|2.302696848,MW-10,2.302696847933722,Theis confined,7.278987278775328e-46,0.3417925668378874,0.16616804136684765
Massachusetts,Massachusetts|MW-10|2.302696848,MW-10,2.302696847933722,Hantush-Jacob leaky,1.0621347208934839e-46,0.3417923551842619,0.16379433138136562
Massachusetts,Massachusetts|MW-10|2.302696848,MW-10,2.302696847933722,Lagging Darcy no-leakage,7.964960667985541e-15,0.2905488663079581,0.062026000039015594
Massachusetts,Massachusetts|MW-10|2.302696848,MW-10,2.302696847933722,Lagging Darcy with leakage,0.999999999999992,0.2836911839320533,0.03522875708589355
Massachusetts,Massachusetts|MW-10|2.489093695,MW-10,2.489093695374437,Theis confined,7.278987278775328e-46,0.3635520779539495,0.16616804136684765
Massachusetts,Massachusetts|MW-10|2.489093695,MW-10,2.489093695374437,Hantush-Jacob leaky,1.0621347208934839e-46,0.3635519418788417,0.16379433138136562
Massachusetts,Massachusetts|MW-10|2.489093695,MW-10,2.489093695374437,Lagging Darcy no-leakage,7.964960667985541e-15,0.3176189652551963,0.062026000039015594
Massachusetts,Massachusetts|MW-10|2.489093695,MW-10,2.489093695374437,Lagging Darcy with leakage,0.999999999999992,0.311841682707322,0.03522875708589355
Massachusetts,Massachusetts|MW-10|2.641716823,MW-10,2.64171682326938,Theis confined,7.278987278775328e-46,0.3805032362877535,0.16616804136684765
Massachusetts,Massachusetts|MW-10|2.641716823,MW-10,2.64171682326938,Hantush-Jacob leaky,1.0621347208934839e-46,0.3805031615599046,0.16379433138136562
Massachusetts,Massachusetts|MW-10|2.641716823,MW-10,2.64171682326938,Lagging Darcy no-leakage,7.964960667985541e-15,0.3394245688565639,0.062026000039015594
Massachusetts,Massachusetts|MW-10|2.641716823,MW-10,2.64171682326938,Lagging Darcy with leakage,0.999999999999992,0.33463275759621,0.03522875708589355
Massachusetts,Massachusetts|MW-10|2.842468494,MW-10,2.84246849405179,Theis confined,7.278987278775328e-46,0.4017222116609508,0.16616804136684765
Massachusetts,Massachusetts|MW-10|2.842468494,MW-10,2.84246849405179,Hantush-Jacob leaky,1.0621347208934839e-46,0.4017222165152838,0.16379433138136562
Massachusetts,Massachusetts|MW-10|2.842468494,MW-10,2.84246849405179,Lagging Darcy no-leakage,7.964960667985541e-15,0.3675751663440861,0.062026000039015594
Massachusetts,Massachusetts|MW-10|2.842468494,MW-10,2.84246849405179,Lagging Darcy with leakage,0.999999999999992,0.3641944338322221,0.03522875708589355
Massachusetts,Massachusetts|MW-10|2.989286796,MW-10,2.989286796189463,Theis confined,7.278987278775328e-46,0.4165298591606939,0.16616804136684765
Massachusetts,Massachusetts|MW-10|2.989286796,MW-10,2.989286796189463,Hantush-Jacob leaky,1.0621347208934839e-46,0.4165299212538175,0.16379433138136562
Massachusetts,Massachusetts|MW-10|2.989286796,MW-10,2.989286796189463,Lagging Darcy no-leakage,7.964960667985541e-15,0.3877648284837875,0.062026000039015594
Massachusetts,Massachusetts|MW-10|2.989286796,MW-10,2.989286796189463,Lagging Darcy with leakage,0.999999999999992,0.3854852855493353,0.03522875708589355
Massachusetts,Massachusetts|MW-10|3.158108181,MW-10,3.1581081812488088,Theis confined,7.278987278775328e-46,0.4328762825373244,0.16616804136684765
Massachusetts,Massachusetts|MW-10|3.158108181,MW-10,3.1581081812488088,Hantush-Jacob leaky,1.0621347208934839e-46,0.4328764093273028,0.16379433138136562
Massachusetts,Massachusetts|MW-10|3.158108181,MW-10,3.1581081812488088,Lagging Darcy no-leakage,7.964960667985541e-15,0.4105549354215316,0.062026000039015594
Massachusetts,Massachusetts|MW-10|3.158108181,MW-10,3.1581081812488088,Lagging Darcy with leakage,0.999999999999992,0.4096014368819901,0.03522875708589355
Massachusetts,Massachusetts|MW-10|3.351782374,MW-10,3.3517823737857912,Theis confined,7.278987278775328e-46,0.4508036454721755,0.16616804136684765
Massachusetts,Massachusetts|MW-10|3.351782374,MW-10,3.3517823737857912,Hantush-Jacob leaky,1.0621347208934839e-46,0.4508038449197771,0.16379433138136562
Massachusetts,Massachusetts|MW-10|3.351782374,MW-10,3.3517823737857912,Lagging Darcy no-leakage,7.964960667985541e-15,0.4361350701680485,0.062026000039015594
Massachusetts,Massachusetts|MW-10|3.351782374,MW-10,3.3517823737857912,Lagging Darcy with leakage,0.999999999999992,0.4367678663827494,0.03522875708589355
Massachusetts,Massachusetts|MW-10|3.50879783,MW-10,3.508797830245685,Theis confined,7.278987278775328e-46,0.4647409780141369,0.16616804136684765
Massachusetts,Massachusetts|MW-10|3.50879783,MW-10,3.508797830245685,Hantush-Jacob leaky,1.0621347208934839e-46,0.4647412351024633,0.16379433138136562
Massachusetts,Massachusetts|MW-10|3.50879783,MW-10,3.508797830245685,Lagging Darcy no-leakage,7.964960667985541e-15,0.4564309347569082,0.062026000039015594
Massachusetts,Massachusetts|MW-10|3.50879783,MW-10,3.508797830245685,Lagging Darcy with leakage,0.999999999999992,0.4583912977619591,0.03522875708589355
Massachusetts,Massachusetts|MW-10|3.623068108,MW-10,3.623068107986476,Theis confined,7.278987278775328e-46,0.474571118851793,0.16616804136684765
Massachusetts,Massachusetts|MW-10|3.623068108,MW-10,3.623068107986476,Hantush-Jacob leaky,1.0621347208934839e-46,0.474571417169414,0.16379433138136562
Massachusetts,Massachusetts|MW-10|3.623068108,MW-10,3.623068107986476,Lagging Darcy no-leakage,7.964960667985541e-15,0.470954398541335,0.062026000039015594
Massachusetts,Massachusetts|MW-10|3.623068108,MW-10,3.623068107986476,Lagging Darcy with leakage,0.999999999999992,0.473900158894059,0.03522875708589355
Massachusetts,Massachusetts|MW-10|3.8102057,MW-10,3.810205699575216,Theis confined,7.278987278775328e-46,0.4901373937840685,0.16616804136684765
Massachusetts,Massachusetts|MW-10|3.8102057,MW-10,3.810205699575216,Hantush-Jacob leaky,1.0621347208934839e-46,0.4901377583134876,0.16379433138136562
Massachusetts,Massachusetts|MW-10|3.8102057,MW-10,3.810205699575216,Lagging Darcy no-leakage,7.964960667985541e-15,0.4942951236596568,0.062026000039015594
Massachusetts,Massachusetts|MW-10|3.8102057,MW-10,3.810205699575216,Lagging Darcy with leakage,0.999999999999992,0.4988832519831134,0.03522875708589355
Massachusetts,Massachusetts|MW-10|3.970466756,MW-10,3.970466756451399,Theis confined,7.278987278775328e-46,0.5029761300553968,0.16616804136684765
Massachusetts,Massachusetts|MW-10|3.970466756,MW-10,3.970466756451399,Hantush-Jacob leaky,1.0621347208934839e-46,0.5029765500068789,0.16379433138136562
Massachusetts,Massachusetts|MW-10|3.970466756,MW-10,3.970466756451399,Lagging Darcy no-leakage,7.964960667985541e-15,0.513852625332624,0.062026000039015594
Massachusetts,Massachusetts|MW-10|3.970466756,MW-10,3.970466756451399,Lagging Darcy with leakage,0.999999999999992,0.5198699475145981,0.03522875708589355
Massachusetts,Massachusetts|MW-10|4.175639245,MW-10,4.175639244716656,Theis confined,7.278987278775328e-46,0.5187990664225831,0.16616804136684765
Massachusetts,Massachusetts|MW-10|4.175639245,MW-10,4.175639244716656,Hantush-Jacob leaky,1.0621347208934839e-46,0.5187995556333397,0.16379433138136562
Massachusetts,Massachusetts|MW-10|4.175639245,MW-10,4.175639244716656,Lagging Darcy no-leakage,7.964960667985541e-15,0.5383239196327105,0.062026000039015594
Massachusetts,Massachusetts|MW-10|4.175639245,MW-10,4.175639244716656,Lagging Darcy with leakage,0.999999999999992,0.5461938410559889,0.03522875708589355
Massachusetts,Massachusetts|MW-10|4.291864897,MW-10,4.291864897476698,Theis confined,7.278987278775328e-46,0.5274758043095261,0.16616804136684765
Massachusetts,Massachusetts|MW-10|4.291864897,MW-10,4.291864897476698,Hantush-Jacob leaky,1.0621347208934839e-46,0.5274763319269725,0.16379433138136562
Massachusetts,Massachusetts|MW-10|4.291864897,MW-10,4.291864897476698,Lagging Darcy no-leakage,7.964960667985541e-15,0.5519103406031217,0.062026000039015594
Massachusetts,Massachusetts|MW-10|4.291864897,MW-10,4.291864897476698,Lagging Darcy with leakage,0.999999999999992,0.5608382540123013,0.03522875708589355
Massachusetts,Massachusetts|MW-10|4.513606103,MW-10,4.513606102923091,Theis confined,7.278987278775328e-46,0.5434938943625652,0.16616804136684765
Massachusetts,Massachusetts|MW-10|4.513606103,MW-10,4.513606102923091,Hantush-Jacob leaky,1.0621347208934839e-46,0.5434944936271303,0.16379433138136562
Massachusetts,Massachusetts|MW-10|4.513606103,MW-10,4.513606102923091,Lagging Darcy no-leakage,7.964960667985541e-15,0.5772929594775184,0.062026000039015594
Massachusetts,Massachusetts|MW-10|4.513606103,MW-10,4.513606102923091,Lagging Darcy with leakage,0.999999999999992,0.5882509481792395,0.03522875708589355
Massachusetts,Massachusetts|MW-10|4.660599759,MW-10,4.660599759424925,Theis confined,7.278987278775328e-46,0.5537477872498159,0.16616804136684765
Massachusetts,Massachusetts|MW-10|4.660599759,MW-10,4.660599759424925,Hantush-Jacob leaky,1.0621347208934839e-46,0.5537484328804508,0.16379433138136562
Massachusetts,Massachusetts|MW-10|4.660599759,MW-10,4.660599759424925,Lagging Darcy no-leakage,7.964960667985541e-15,0.5937403264883301,0.062026000039015594
Massachusetts,Massachusetts|MW-10|4.660599759,MW-10,4.660599759424925,Lagging Darcy with leakage,0.999999999999992,0.6060493815842212,0.03522875708589355
Massachusetts,Massachusetts|MW-10|4.87896985,MW-10,4.878969849752808,Theis confined,7.278987278775328e-46,0.5684811725751934,0.16616804136684765
Massachusetts,Massachusetts|MW-10|4.87896985,MW-10,4.878969849752808,Hantush-Jacob leaky,1.0621347208934839e-46,0.568481885481832,0.16379433138136562
Massachusetts,Massachusetts|MW-10|4.87896985,MW-10,4.878969849752808,Lagging Darcy no-leakage,7.964960667985541e-15,0.6176350650727971,0.062026000039015594
Massachusetts,Massachusetts|MW-10|4.87896985,MW-10,4.878969849752808,Lagging Darcy with leakage,0.999999999999992,0.6319543964722937,0.03522875708589355
Massachusetts,Massachusetts|MW-10|5.060970216,MW-10,5.060970215590215,Theis confined,7.278987278775328e-46,0.5803330256696823,0.16616804136684765
Massachusetts,Massachusetts|MW-10|5.060970216,MW-10,5.060970215590215,Hantush-Jacob leaky,1.0621347208934839e-46,0.5803337932114236,0.16379433138136562
Massachusetts,Massachusetts|MW-10|5.060970216,MW-10,5.060970215590215,Lagging Darcy no-leakage,7.964960667985541e-15,0.6370737608184882,0.062026000039015594
Massachusetts,Massachusetts|MW-10|5.060970216,MW-10,5.060970215590215,Lagging Darcy with leakage,0.999999999999992,0.6530681133256054,0.03522875708589355
Massachusetts,Massachusetts|MW-10|5.201929225,MW-10,5.201929225274227,Theis confined,7.278987278775328e-46,0.589261223380864,0.16616804136684765
Massachusetts,Massachusetts|MW-10|5.201929225,MW-10,5.201929225274227,Hantush-Jacob leaky,1.0621347208934839e-46,0.5892620323774115,0.16379433138136562
Massachusetts,Massachusetts|MW-10|5.201929225,MW-10,5.201929225274227,Lagging Darcy no-leakage,7.964960667985541e-15,0.6518411800926606,0.062026000039015594
Massachusetts,Massachusetts|MW-10|5.201929225,MW-10,5.201929225274227,Lagging Darcy with leakage,0.999999999999992,0.6691307971005603,0.03522875708589355
Massachusetts,Massachusetts|MW-10|5.346814249,MW-10,5.346814249450446,Theis confined,7.278987278775328e-46,0.5982213496620713,0.16616804136684765
Massachusetts,Massachusetts|MW-10|5.346814249,MW-10,5.346814249450446,Hantush-Jacob leaky,1.0621347208934839e-46,0.5982222005097322,0.16379433138136562
Massachusetts,Massachusetts|MW-10|5.346814249,MW-10,5.346814249450446,Lagging Darcy no-leakage,7.964960667985541e-15,0.6667656347660466,0.062026000039015594
Massachusetts,Massachusetts|MW-10|5.346814249,MW-10,5.346814249450446,Lagging Darcy with leakage,0.999999999999992,0.6853835575359495,0.03522875708589355
Massachusetts,Massachusetts|MW-10|5.520966928,MW-10,5.520966928397756,Theis confined,7.278987278775328e-46,0.6087148935137869,0.16616804136684765
Massachusetts,Massachusetts|MW-10|5.520966928,MW-10,5.520966928397756,Hantush-Jacob leaky,1.0621347208934839e-46,0.6087157936805966,0.16379433138136562
Massachusetts,Massachusetts|MW-10|5.520966928,MW-10,5.520966928397756,Lagging Darcy no-leakage,7.964960667985541e-15,0.6843735835734326,0.062026000039015594
Massachusetts,Massachusetts|MW-10|5.520966928,MW-10,5.520966928397756,Lagging Darcy with leakage,0.999999999999992,0.7045827233588285,0.03522875708589355
Massachusetts,Massachusetts|MW-10|5.648802779,MW-10,5.648802778973147,Theis confined,7.278987278775328e-46,0.6162343805230949,0.16616804136684765
Massachusetts,Massachusetts|MW-10|5.648802779,MW-10,5.648802778973147,Hantush-Jacob leaky,1.0621347208934839e-46,0.6162353162277788,0.16379433138136562
Massachusetts,Massachusetts|MW-10|5.648802779,MW-10,5.648802778973147,Lagging Darcy no-leakage,7.964960667985541e-15,0.69707485260944,0.062026000039015594
Massachusetts,Massachusetts|MW-10|5.648802779,MW-10,5.648802778973147,Lagging Darcy with leakage,0.999999999999992,0.7184474646558986,0.03522875708589355
Massachusetts,Massachusetts|MW-10|5.859545834,MW-10,5.859545834031684,Theis confined,7.278987278775328e-46,0.6283094428953918,0.16616804136684765
Massachusetts,Massachusetts|MW-10|5.859545834,MW-10,5.859545834031684,Hantush-Jacob leaky,1.0621347208934839e-46,0.6283104359999724,0.16379433138136562
Massachusetts,Massachusetts|MW-10|5.859545834,MW-10,5.859545834031684,Lagging Darcy no-leakage,7.964960667985541e-15,0.7176132404424925,0.062026000039015594
Massachusetts,Massachusetts|MW-10|5.859545834,MW-10,5.859545834031684,Lagging Darcy with leakage,0.999999999999992,0.7408940408555755,0.03522875708589355
Massachusetts,Massachusetts|MW-10|5.940547049,MW-10,5.940547049208386,Theis confined,7.278987278775328e-46,0.6328486955382477,0.16616804136684765
Massachusetts,Massachusetts|MW-10|5.940547049,MW-10,5.940547049208386,Hantush-Jacob leaky,1.0621347208934839e-46,0.6328497103235009,0.16379433138136562
Massachusetts,Massachusetts|MW-10|5.940547049,MW-10,5.940547049208386,Lagging Darcy no-leakage,7.964960667985541e-15,0.7253783486489261,0.062026000039015594
Massachusetts,Massachusetts|MW-10|5.940547049,MW-10,5.940547049208386,Lagging Darcy with leakage,0.999999999999992,0.7493889829367472,0.03522875708589355
Massachusetts,Massachusetts|MW-10|6.190574586,MW-10,6.190574585559644,Theis confined,7.278987278775328e-46,0.6465217541691654,0.16616804136684765
Massachusetts,Massachusetts|MW-10|6.190574586,MW-10,6.190574585559644,Hantush-Jacob leaky,1.0621347208934839e-46,0.6465228345889894,0.16379433138136562
Massachusetts,Massachusetts|MW-10|6.190574586,MW-10,6.190574585559644,Lagging Darcy no-leakage,7.964960667985541e-15,0.7489105253707348,0.062026000039015594
Massachusetts,Massachusetts|MW-10|6.190574586,MW-10,6.190574585559644,Lagging Darcy with leakage,0.999999999999992,0.7751600587069807,0.03522875708589355
Massachusetts,Massachusetts|MW-10|6.421557867,MW-10,6.421557866827258,Theis confined,7.278987278775328e-46,0.6587230751067878,0.16616804136684765
Massachusetts,Massachusetts|MW-10|6.421557867,MW-10,6.421557866827258,Hantush-Jacob leaky,1.0621347208934839e-46,0.6587242144988441,0.16379433138136562
Massachusetts,Massachusetts|MW-10|6.421557867,MW-10,6.421557866827258,Lagging Darcy no-leakage,7.964960667985541e-15,0.7700849826835197,0.062026000039015594
Massachusetts,Massachusetts|MW-10|6.421557867,MW-10,6.421557866827258,Lagging Darcy with leakage,0.999999999999992,0.7983827620821348,0.03522875708589355
Massachusetts,Massachusetts|MW-10|6.57016048,MW-10,6.570160480004203,Theis confined,7.278987278775328e-46,0.6663669126133134,0.16616804136684765
Massachusetts,Massachusetts|MW-10|6.57016048,MW-10,6.570160480004203,Hantush-Jacob leaky,1.0621347208934839e-46,0.6663680891363184,0.16379433138136562
Massachusetts,Massachusetts|MW-10|6.57016048,MW-10,6.570160480004203,Lagging Darcy no-leakage,7.964960667985541e-15,0.7834318231759015,0.062026000039015594
Massachusetts,Massachusetts|MW-10|6.57016048,MW-10,6.570160480004203,Lagging Darcy with leakage,0.999999999999992,0.813036428385381,0.03522875708589355
Massachusetts,Massachusetts|MW-10|6.784277634,MW-10,6.784277633785919,Theis confined,7.278987278775328e-46,0.6771122395278758,0.16616804136684765
Massachusetts,Massachusetts|MW-10|6.784277634,MW-10,6.784277633785919,Hantush-Jacob leaky,1.0621347208934839e-46,0.6771134684822304,0.16379433138136562
Massachusetts,Massachusetts|MW-10|6.784277634,MW-10,6.784277633785919,Lagging Darcy no-leakage,7.964960667985541e-15,0.8022972965884664,0.062026000039015594
Massachusetts,Massachusetts|MW-10|6.784277634,MW-10,6.784277633785919,Lagging Darcy with leakage,0.999999999999992,0.8337691375892924,0.03522875708589355
Massachusetts,Massachusetts|MW-10|7.037290295,MW-10,7.037290295112984,Theis confined,7.278987278775328e-46,0.6894226901230931,0.16616804136684765
Massachusetts,Massachusetts|MW-10|7.037290295,MW-10,7.037290295112984,Hantush-Jacob leaky,1.0621347208934839e-46,0.6894239794713908,0.16379433138136562
Massachusetts,Massachusetts|MW-10|7.037290295,MW-10,7.037290295112984,Lagging Darcy no-leakage,7.964960667985541e-15,0.8240544803569692,0.062026000039015594
Massachusetts,Massachusetts|MW-10|7.037290295,MW-10,7.037290295112984,Lagging Darcy with leakage,0.999999999999992,0.8577079405784377,0.03522875708589355
Massachusetts,Massachusetts|MW-10|7.468989732,MW-10,7.468989731966448,Theis confined,7.278987278775328e-46,0.7095314391960641,0.16616804136684765
Massachusetts,Massachusetts|MW-10|7.468989732,MW-10,7.468989731966448,Hantush-Jacob leaky,1.0621347208934839e-46,0.7095328279095172,0.16379433138136562
Massachusetts,Massachusetts|MW-10|7.468989732,MW-10,7.468989731966448,Lagging Darcy no-leakage,7.964960667985541e-15,0.8599110054286504,0.062026000039015594
Massachusetts,Massachusetts|MW-10|7.468989732,MW-10,7.468989731966448,Lagging Darcy with leakage,0.999999999999992,0.8972225269525738,0.03522875708589355
Massachusetts,Massachusetts|MW-10|7.783278849,MW-10,7.783278849165212,Theis confined,7.278987278775328e-46,0.7235170022303309,0.16616804136684765
Massachusetts,Massachusetts|MW-10|7.783278849,MW-10,7.783278849165212,Hantush-Jacob leaky,1.0621347208934839e-46,0.7235184605480606,0.16379433138136562
Massachusetts,Massachusetts|MW-10|7.783278849,MW-10,7.783278849165212,Lagging Darcy no-leakage,7.964960667985541e-15,0.8850705365472238,0.062026000039015594
Massachusetts,Massachusetts|MW-10|7.783278849,MW-10,7.783278849165212,Lagging Darcy with leakage,0.999999999999992,0.9249930075606716,0.03522875708589355
Massachusetts,Massachusetts|MW-10|8.14796052,MW-10,8.147960519566583,Theis confined,7.278987278775328e-46,0.7391126133557256,0.16616804136684765
Massachusetts,Massachusetts|MW-10|8.14796052,MW-10,8.147960519566583,Hantush-Jacob leaky,1.0621347208934839e-46,0.7391141497456452,0.16379433138136562
Massachusetts,Massachusetts|MW-10|8.14796052,MW-10,8.147960519566583,Lagging Darcy no-leakage,7.964960667985541e-15,0.9133304882493716,0.062026000039015594
Massachusetts,Massachusetts|MW-10|8.14796052,MW-10,8.147960519566583,Lagging Darcy with leakage,0.999999999999992,0.9562267382772436,0.03522875708589355
Massachusetts,Massachusetts|MW-10|8.336696198,MW-10,8.336696197693055,Theis confined,7.278987278775328e-46,0.7469343282276827,0.16616804136684765
Massachusetts,Massachusetts|MW-10|8.336696198,MW-10,8.336696197693055,Hantush-Jacob leaky,1.0621347208934839e-46,0.7469359039468817,0.16379433138136562
Massachusetts,Massachusetts|MW-10|8.336696198,MW-10,8.336696197693055,Lagging Darcy no-leakage,7.964960667985541e-15,0.9275818317932992,0.062026000039015594
Massachusetts,Massachusetts|MW-10|8.336696198,MW-10,8.336696197693055,Lagging Darcy with leakage,0.999999999999992,0.9719935498084382,0.03522875708589355
Massachusetts,Massachusetts|MW-10|8.727422295,MW-10,8.727422294702428,Theis confined,7.278987278775328e-46,0.7626225621433042,0.16616804136684765
Massachusetts,Massachusetts|MW-10|8.727422295,MW-10,8.727422294702428,Hantush-Jacob leaky,1.0621347208934839e-46,0.7626242170684383,0.16379433138136562
Massachusetts,Massachusetts|MW-10|8.727422295,MW-10,8.727422294702428,Lagging Darcy no-leakage,7.964960667985541e-15,0.956317306256538,0.062026000039015594
Massachusetts,Massachusetts|MW-10|8.727422295,MW-10,8.727422294702428,Lagging Darcy with leakage,0.999999999999992,1.0038155629630188,0.03522875708589355
Massachusetts,Massachusetts|MW-10|9.053060668,MW-10,9.053060668132408,Theis confined,7.278987278775328e-46,0.7752101031908301,0.16616804136684765
Massachusetts,Massachusetts|MW-10|9.053060668,MW-10,9.053060668132408,Hantush-Jacob leaky,1.0621347208934839e-46,0.7752118220016839,0.16379433138136562
Massachusetts,Massachusetts|MW-10|9.053060668,MW-10,9.053060668132408,Lagging Darcy no-leakage,7.964960667985541e-15,0.9795140758398652,0.062026000039015594
Massachusetts,Massachusetts|MW-10|9.053060668,MW-10,9.053060668132408,Lagging Darcy with leakage,0.999999999999992,1.0295328459038424,0.03522875708589355
Massachusetts,Massachusetts|MW-11|0.1795650203,MW-11,0.1795650202739737,Theis confined,9.260674400035445e-25,0.2105286179675385,0.16616804136684765
Massachusetts,Massachusetts|MW-11|0.1795650203,MW-11,0.1795650202739737,Hantush-Jacob leaky,4.2650239685142604e-10,0.1786633899775864,0.16379433138136562
Massachusetts,Massachusetts|MW-11|0.1795650203,MW-11,0.1795650202739737,Lagging Darcy no-leakage,1.0731273253410427e-26,0.1972030410841588,0.062026000039015594
Massachusetts,Massachusetts|MW-11|0.1795650203,MW-11,0.1795650202739737,Lagging Darcy with leakage,0.9999999995734976,0.1971698808950029,0.03522875708589355
Massachusetts,Massachusetts|MW-11|0.3455955422,MW-11,0.3455955421899541,Theis confined,9.260674400035445e-25,0.4251474886294926,0.16616804136684765
Massachusetts,Massachusetts|MW-11|0.3455955422,MW-11,0.3455955421899541,Hantush-Jacob leaky,4.2650239685142604e-10,0.418556547198777,0.16379433138136562
Massachusetts,Massachusetts|MW-11|0.3455955422,MW-11,0.3455955421899541,Lagging Darcy no-leakage,1.0731273253410427e-26,0.4069472126949915,0.062026000039015594
Massachusetts,Massachusetts|MW-11|0.3455955422,MW-11,0.3455955421899541,Lagging Darcy with leakage,0.9999999995734976,0.389454781323958,0.03522875708589355
Massachusetts,Massachusetts|MW-11|0.5076951665,MW-11,0.5076951665236507,Theis confined,9.260674400035445e-25,0.5790918125664467,0.16616804136684765
Massachusetts,Massachusetts|MW-11|0.5076951665,MW-11,0.5076951665236507,Hantush-Jacob leaky,4.2650239685142604e-10,0.5989075694752996,0.16379433138136562
Massachusetts,Massachusetts|MW-11|0.5076951665,MW-11,0.5076951665236507,Lagging Darcy no-leakage,1.0731273253410427e-26,0.5582253885882773,0.062026000039015594
Massachusetts,Massachusetts|MW-11|0.5076951665,MW-11,0.5076951665236507,Lagging Darcy with leakage,0.9999999995734976,0.5498704907551525,0.03522875708589355
Massachusetts,Massachusetts|MW-11|0.6712873744,MW-11,0.6712873743528813,Theis confined,9.260674400035445e-25,0.7004698075155003,0.16616804136684765
Massachusetts,Massachusetts|MW-11|0.6712873744,MW-11,0.6712873743528813,Hantush-Jacob leaky,4.2650239685142604e-10,0.7411190451857234,0.16379433138136562
Massachusetts,Massachusetts|MW-11|0.6712873744,MW-11,0.6712873743528813,Lagging Darcy no-leakage,1.0731273253410427e-26,0.6780866795376951,0.062026000039015594
Massachusetts,Massachusetts|MW-11|0.6712873744,MW-11,0.6712873743528813,Lagging Darcy with leakage,0.9999999995734976,0.6917220603504566,0.03522875708589355
Massachusetts,Massachusetts|MW-11|0.8401381719,MW-11,0.8401381718930785,Theis confined,9.260674400035445e-25,0.8025933362498058,0.16616804136684765
Massachusetts,Massachusetts|MW-11|0.8401381719,MW-11,0.8401381718930785,Hantush-Jacob leaky,4.2650239685142604e-10,0.8589457150838671,0.16379433138136562
Massachusetts,Massachusetts|MW-11|0.8401381719,MW-11,0.8401381718930785,Lagging Darcy no-leakage,1.0731273253410427e-26,0.7793817758695694,0.062026000039015594
Massachusetts,Massachusetts|MW-11|0.8401381719,MW-11,0.8401381718930785,Lagging Darcy with leakage,0.9999999995734976,0.8187299217157266,0.03522875708589355
Massachusetts,Massachusetts|MW-11|0.9998138193,MW-11,0.9998138193352706,Theis confined,9.260674400035445e-25,0.8841384221823231,0.16616804136684765
Massachusetts,Massachusetts|MW-11|0.9998138193,MW-11,0.9998138193352706,Hantush-Jacob leaky,4.2650239685142604e-10,0.9509686119317132,0.16379433138136562
Massachusetts,Massachusetts|MW-11|0.9998138193,MW-11,0.9998138193352706,Lagging Darcy no-leakage,1.0731273253410427e-26,0.8605559559236444,0.062026000039015594
Massachusetts,Massachusetts|MW-11|0.9998138193,MW-11,0.9998138193352706,Lagging Darcy with leakage,0.9999999995734976,0.9225917591553386,0.03522875708589355
Massachusetts,Massachusetts|MW-11|1.178991481,MW-11,1.178991481284275,Theis confined,9.260674400035445e-25,0.9629982302494816,0.16616804136684765
Massachusetts,Massachusetts|MW-11|1.178991481,MW-11,1.178991481284275,Hantush-Jacob leaky,4.2650239685142604e-10,1.0376224947860082,0.16379433138136562
Massachusetts,Massachusetts|MW-11|1.178991481,MW-11,1.178991481284275,Lagging Darcy no-leakage,1.0731273253410427e-26,0.9392828217714242,0.062026000039015594
Massachusetts,Massachusetts|MW-11|1.178991481,MW-11,1.178991481284275,Lagging Darcy with leakage,0.9999999995734976,1.0228444202818825,0.03522875708589355
Massachusetts,Massachusetts|MW-11|1.321984862,MW-11,1.32198486158074,Theis confined,9.260674400035445e-25,1.0185651047227522,0.16616804136684765
Massachusetts,Massachusetts|MW-11|1.321984862,MW-11,1.32198486158074,Hantush-Jacob leaky,4.2650239685142604e-10,1.097015542967182,0.16379433138136562
Massachusetts,Massachusetts|MW-11|1.321984862,MW-11,1.32198486158074,Lagging Darcy no-leakage,1.0731273253410427e-26,0.9948747207019696,0.062026000039015594
Massachusetts,Massachusetts|MW-11|1.321984862,MW-11,1.32198486158074,Lagging Darcy with leakage,0.9999999995734976,1.0922182637709537,0.03522875708589355
Massachusetts,Massachusetts|MW-11|1.489152839,MW-11,1.4891528389907769,Theis confined,9.260674400035445e-25,1.0769838339176372,0.16616804136684765
Massachusetts,Massachusetts|MW-11|1.489152839,MW-11,1.4891528389907769,Hantush-Jacob leaky,4.2650239685142604e-10,1.1577476610446336,0.16379433138136562
Massachusetts,Massachusetts|MW-11|1.489152839,MW-11,1.4891528389907769,Lagging Darcy no-leakage,1.0731273253410427e-26,1.0534119973728049,0.062026000039015594
Massachusetts,Massachusetts|MW-11|1.489152839,MW-11,1.4891528389907769,Lagging Darcy with leakage,0.9999999995734976,1.1631170899298109,0.03522875708589355
Massachusetts,Massachusetts|MW-11|1.64700342,MW-11,1.6470034197723251,Theis confined,9.260674400035445e-25,1.1268589237974245,0.16616804136684765
Massachusetts,Massachusetts|MW-11|1.64700342,MW-11,1.6470034197723251,Hantush-Jacob leaky,4.2650239685142604e-10,1.2080584251795938,0.16379433138136562
Massachusetts,Massachusetts|MW-11|1.64700342,MW-11,1.6470034197723251,Lagging Darcy no-leakage,1.0731273253410427e-26,1.1034533436597982,0.062026000039015594
Massachusetts,Massachusetts|MW-11|1.64700342,MW-11,1.6470034197723251,Lagging Darcy with leakage,0.9999999995734976,1.2214072134258298,0.03522875708589355
Massachusetts,Massachusetts|MW-11|1.82994956,MW-11,1.829949560232065,Theis confined,9.260674400035445e-25,1.179397007647,0.16616804136684765
Massachusetts,Massachusetts|MW-11|1.82994956,MW-11,1.829949560232065,Hantush-Jacob leaky,4.2650239685142604e-10,1.259374059057817,0.16379433138136562
Massachusetts,Massachusetts|MW-11|1.82994956,MW-11,1.829949560232065,Lagging Darcy no-leakage,1.0731273253410427e-26,1.156221966141759,0.062026000039015594
Massachusetts,Massachusetts|MW-11|1.82994956,MW-11,1.829949560232065,Lagging Darcy with leakage,0.9999999995734976,1.2800530541718604,0.03522875708589355
Massachusetts,Massachusetts|MW-11|2.00547596,MW-11,2.00547596039691,Theis confined,9.260674400035445e-25,1.2253823064812035,0.16616804136684765
Massachusetts,Massachusetts|MW-11|2.00547596,MW-11,2.00547596039691,Hantush-Jacob leaky,4.2650239685142604e-10,1.3027606878696187,0.16379433138136562
Massachusetts,Massachusetts|MW-11|2.00547596,MW-11,2.00547596039691,Lagging Darcy no-leakage,1.0731273253410427e-26,1.2024487879469337,0.062026000039015594
Massachusetts,Massachusetts|MW-11|2.00547596,MW-11,2.00547596039691,Lagging Darcy with leakage,0.9999999995734976,1.3287038286753503,0.03522875708589355
Massachusetts,Massachusetts|MW-11|2.167860943,MW-11,2.167860943368145,Theis confined,9.260674400035445e-25,1.2646736082670602,0.16616804136684765
Massachusetts,Massachusetts|MW-11|2.167860943,MW-11,2.167860943368145,Hantush-Jacob leaky,4.2650239685142604e-10,1.3386252770558769,0.16379433138136562
Massachusetts,Massachusetts|MW-11|2.167860943,MW-11,2.167860943368145,Lagging Darcy no-leakage,1.0731273253410427e-26,1.2419714435094171,0.062026000039015594
Massachusetts,Massachusetts|MW-11|2.167860943,MW-11,2.167860943368145,Lagging Darcy with leakage,0.9999999995734976,1.3680792746531052,0.03522875708589355
Massachusetts,Massachusetts|MW-11|2.322023439,MW-11,2.322023439499756,Theis confined,9.260674400035445e-25,1.299483987203371,0.16616804136684765
Massachusetts,Massachusetts|MW-11|2.322023439,MW-11,2.322023439499756,Hantush-Jacob leaky,4.2650239685142604e-10,1.3694216712352567,0.16379433138136562
Massachusetts,Massachusetts|MW-11|2.322023439,MW-11,2.322023439499756,Lagging Darcy no-leakage,1.0731273253410427e-26,1.277003334087617,0.062026000039015594
Massachusetts,Massachusetts|MW-11|2.322023439,MW-11,2.322023439499756,Lagging Darcy with leakage,0.9999999995734976,1.4011586872082855,0.03522875708589355
Massachusetts,Massachusetts|MW-11|2.487181433,MW-11,2.4871814332523514,Theis confined,9.260674400035445e-25,1.3344257371941348,0.16616804136684765
Massachusetts,Massachusetts|MW-11|2.487181433,MW-11,2.4871814332523514,Hantush-Jacob leaky,4.2650239685142604e-10,1.39936926241298,0.16379433138136562
Massachusetts,Massachusetts|MW-11|2.487181433,MW-11,2.4871814332523514,Lagging Darcy no-leakage,1.0731273253410427e-26,1.3121809619943874,0.062026000039015594
Massachusetts,Massachusetts|MW-11|2.487181433,MW-11,2.4871814332523514,Lagging Darcy with leakage,0.9999999995734976,1.4325768398487777,0.03522875708589355
Massachusetts,Massachusetts|MW-11|2.627692078,MW-11,2.627692078273882,Theis confined,9.260674400035445e-25,1.3624569517206222,0.16616804136684765
Massachusetts,Massachusetts|MW-11|2.627692078,MW-11,2.627692078273882,Hantush-Jacob leaky,4.2650239685142604e-10,1.4226695703256975,0.16379433138136562
Massachusetts,Massachusetts|MW-11|2.627692078,MW-11,2.627692078273882,Lagging Darcy no-leakage,1.0731273253410427e-26,1.3404099651096169,0.062026000039015594
Massachusetts,Massachusetts|MW-11|2.627692078,MW-11,2.627692078273882,Lagging Darcy with leakage,0.9999999995734976,1.456447706448985,0.03522875708589355
Massachusetts,Massachusetts|MW-11|2.814603581,MW-11,2.8146035813024968,Theis confined,9.260674400035445e-25,1.397605920734229,0.16616804136684765
Massachusetts,Massachusetts|MW-11|2.814603581,MW-11,2.8146035813024968,Hantush-Jacob leaky,4.2650239685142604e-10,1.4509442249992612,0.16379433138136562
Massachusetts,Massachusetts|MW-11|2.814603581,MW-11,2.8146035813024968,Lagging Darcy no-leakage,1.0731273253410427e-26,1.3758163045555392,0.062026000039015594
Massachusetts,Massachusetts|MW-11|2.814603581,MW-11,2.8146035813024968,Lagging Darcy with leakage,0.9999999995734976,1.484666596361122,0.03522875708589355
Massachusetts,Massachusetts|MW-11|2.987238094,MW-11,2.987238094335151,Theis confined,9.260674400035445e-25,1.4281394651138546,0.16616804136684765
Massachusetts,Massachusetts|MW-11|2.987238094,MW-11,2.987238094335151,Hantush-Jacob leaky,4.2650239685142604e-10,1.4746302675595988,0.16379433138136562
Massachusetts,Massachusetts|MW-11|2.987238094,MW-11,2.987238094335151,Lagging Darcy no-leakage,1.0731273253410427e-26,1.4065807823031993,0.062026000039015594
Massachusetts,Massachusetts|MW-11|2.987238094,MW-11,2.987238094335151,Lagging Darcy with leakage,0.9999999995734976,1.507614575402732,0.03522875708589355
Massachusetts,Massachusetts|MW-11|3.170488884,MW-11,3.1704888839135266,Theis confined,9.260674400035445e-25,1.458751127078561,0.16616804136684765
Massachusetts,Massachusetts|MW-11|3.170488884,MW-11,3.1704888839135266,Hantush-Jacob leaky,4.2650239685142604e-10,1.4975370346287191,0.16379433138136562
Massachusetts,Massachusetts|MW-11|3.170488884,MW-11,3.1704888839135266,Lagging Darcy no-leakage,1.0731273253410427e-26,1.437429896858032,0.062026000039015594
Massachusetts,Massachusetts|MW-11|3.170488884,MW-11,3.1704888839135266,Lagging Darcy with leakage,0.9999999995734976,1.5291541777481694,0.03522875708589355
Massachusetts,Massachusetts|MW-11|3.288843899,MW-11,3.2888438991538487,Theis confined,9.260674400035445e-25,1.4776303000302506,0.16616804136684765
Massachusetts,Massachusetts|MW-11|3.288843899,MW-11,3.2888438991538487,Hantush-Jacob leaky,4.2650239685142604e-10,1.5112364768922122,0.16379433138136562
Massachusetts,Massachusetts|MW-11|3.288843899,MW-11,3.2888438991538487,Lagging Darcy no-leakage,1.0731273253410427e-26,1.4564581240222625,0.062026000039015594
Massachusetts,Massachusetts|MW-11|3.288843899,MW-11,3.2888438991538487,Lagging Darcy with leakage,0.9999999995734976,1.5417077636446908,0.03522875708589355
Massachusetts,Massachusetts|MW-11|3.458823971,MW-11,3.4588239710637363,Theis confined,9.260674400035445e-25,1.5036296722130265,0.16616804136684765
Massachusetts,Massachusetts|MW-11|3.458823971,MW-11,3.4588239710637363,Hantush-Jacob leaky,4.2650239685142604e-10,1.529558917017391,0.16379433138136562
Massachusetts,Massachusetts|MW-11|3.458823971,MW-11,3.4588239710637363,Lagging Darcy no-leakage,1.0731273253410427e-26,1.4826656535875522,0.062026000039015594
Massachusetts,Massachusetts|MW-11|3.458823971,MW-11,3.4588239710637363,Lagging Darcy with leakage,0.9999999995734976,1.5580901224907708,0.03522875708589355
Massachusetts,Massachusetts|MW-11|3.604321301,MW-11,3.6043213007333694,Theis confined,9.260674400035445e-25,1.524922923876832,0.16616804136684765
Massachusetts,Massachusetts|MW-11|3.604321301,MW-11,3.6043213007333694,Hantush-Jacob leaky,4.2650239685142604e-10,1.5440891465951814,0.16379433138136562
Massachusetts,Massachusetts|MW-11|3.604321301,MW-11,3.6043213007333694,Lagging Darcy no-leakage,1.0731273253410427e-26,1.504131622508014,0.062026000039015594
Massachusetts,Massachusetts|MW-11|3.604321301,MW-11,3.6043213007333694,Lagging Darcy with leakage,0.9999999995734976,1.5707333459402892,0.03522875708589355
Massachusetts,Massachusetts|MW-11|3.807993449,MW-11,3.807993448867247,Theis confined,9.260674400035445e-25,1.55337459492495,0.16616804136684765
Massachusetts,Massachusetts|MW-11|3.807993449,MW-11,3.807993448867247,Hantush-Jacob leaky,4.2650239685142604e-10,1.56282629509896,0.16379433138136562
Massachusetts,Massachusetts|MW-11|3.807993449,MW-11,3.807993448867247,Lagging Darcy no-leakage,1.0731273253410427e-26,1.5328168508949662,0.062026000039015594
Massachusetts,Massachusetts|MW-11|3.807993449,MW-11,3.807993448867247,Lagging Darcy with leakage,0.9999999995734976,1.5865566438773246,0.03522875708589355
Massachusetts,Massachusetts|MW-11|3.950129394,MW-11,3.950129393925865,Theis confined,9.260674400035445e-25,1.5723701352290196,0.16616804136684765
Massachusetts,Massachusetts|MW-11|3.950129394,MW-11,3.950129393925865,Hantush-Jacob leaky,4.2650239685142604e-10,1.5748995870906206,0.16379433138136562
Massachusetts,Massachusetts|MW-11|3.950129394,MW-11,3.950129393925865,Lagging Darcy no-leakage,1.0731273253410427e-26,1.5519698984842718,0.062026000039015594
Massachusetts,Massachusetts|MW-11|3.950129394,MW-11,3.950129393925865,Lagging Darcy with leakage,0.9999999995734976,1.596451669471902,0.03522875708589355
Massachusetts,Massachusetts|MW-11|4.173342385,MW-11,4.173342385204957,Theis confined,9.260674400035445e-25,1.600903159872414,0.16616804136684765
Massachusetts,Massachusetts|MW-11|4.173342385,MW-11,4.173342385204957,Hantush-Jacob leaky,4.2650239685142604e-10,1.592371417439254,0.16379433138136562
Massachusetts,Massachusetts|MW-11|4.173342385,MW-11,4.173342385204957,Lagging Darcy no-leakage,1.0731273253410427e-26,1.580741594649519,0.062026000039015594
Massachusetts,Massachusetts|MW-11|4.173342385,MW-11,4.173342385204957,Lagging Darcy with leakage,0.9999999995734976,1.6103321736155003,0.03522875708589355
Massachusetts,Massachusetts|MW-11|4.348991279,MW-11,4.348991278527362,Theis confined,9.260674400035445e-25,1.6223328885375263,0.16616804136684765
Massachusetts,Massachusetts|MW-11|4.348991279,MW-11,4.348991278527362,Hantush-Jacob leaky,4.2650239685142604e-10,1.6049660417532503,0.16379433138136562
Massachusetts,Massachusetts|MW-11|4.348991279,MW-11,4.348991278527362,Lagging Darcy no-leakage,1.0731273253410427e-26,1.602352036430133,0.062026000039015594
Massachusetts,Massachusetts|MW-11|4.348991279,MW-11,4.348991278527362,Lagging Darcy with leakage,0.9999999995734976,1.6200011904095966,0.03522875708589355
Massachusetts,Massachusetts|MW-11|4.532032935,MW-11,4.532032935461667,Theis confined,9.260674400035445e-25,1.6437871783493283,0.16616804136684765
Massachusetts,Massachusetts|MW-11|4.532032935,MW-11,4.532032935461667,Hantush-Jacob leaky,4.2650239685142604e-10,1.617119096524552,0.16379433138136562
Massachusetts,Massachusetts|MW-11|4.532032935,MW-11,4.532032935461667,Lagging Darcy no-leakage,1.0731273253410427e-26,1.6239883526214671,0.062026000039015594
Massachusetts,Massachusetts|MW-11|4.532032935,MW-11,4.532032935461667,Lagging Darcy with leakage,0.9999999995734976,1.6290513325119609,0.03522875708589355
Massachusetts,Massachusetts|MW-11|4.67964713,MW-11,4.67964712962769,Theis confined,9.260674400035445e-25,1.6604833824359295,0.16616804136684765
Massachusetts,Massachusetts|MW-11|4.67964713,MW-11,4.67964712962769,Hantush-Jacob leaky,4.2650239685142604e-10,1.6262601197866444,0.16379433138136562
Massachusetts,Massachusetts|MW-11|4.67964713,MW-11,4.67964712962769,Lagging Darcy no-leakage,1.0731273253410427e-26,1.6408269029201334,0.062026000039015594
Massachusetts,Massachusetts|MW-11|4.67964713,MW-11,4.67964712962769,Lagging Darcy with leakage,0.9999999995734976,1.6356705065178767,0.03522875708589355
Massachusetts,Massachusetts|MW-11|4.854318141,MW-11,4.85431814107818,Theis confined,9.260674400035445e-25,1.6795894694698517,0.16616804136684765
Massachusetts,Massachusetts|MW-11|4.854318141,MW-11,4.85431814107818,Hantush-Jacob leaky,4.2650239685142604e-10,1.6363797417318746,0.16379433138136562
Massachusetts,Massachusetts|MW-11|4.854318141,MW-11,4.85431814107818,Lagging Darcy no-leakage,1.0731273253410427e-26,1.6600965504755765,0.062026000039015594
Massachusetts,Massachusetts|MW-11|4.854318141,MW-11,4.85431814107818,Lagging Darcy with leakage,0.9999999995734976,1.6428033600704586,0.03522875708589355
Massachusetts,Massachusetts|MW-11|5.199590041,MW-11,5.1995900412576255,Theis confined,9.260674400035445e-25,1.7154598964040062,0.16616804136684765
Massachusetts,Massachusetts|MW-11|5.199590041,MW-11,5.1995900412576255,Hantush-Jacob leaky,4.2650239685142604e-10,1.6543959634458207,0.16379433138136562
Massachusetts,Massachusetts|MW-11|5.199590041,MW-11,5.1995900412576255,Lagging Darcy no-leakage,1.0731273253410427e-26,1.696275748181445,0.062026000039015594
Massachusetts,Massachusetts|MW-11|5.199590041,MW-11,5.1995900412576255,Lagging Darcy with leakage,0.9999999995734976,1.6549728251604057,0.03522875708589355
Massachusetts,Massachusetts|MW-11|5.418431956,MW-11,5.41843195552636,Theis confined,9.260674400035445e-25,1.7370099186082744,0.16616804136684765
Massachusetts,Massachusetts|MW-11|5.418431956,MW-11,5.41843195552636,Hantush-Jacob leaky,4.2650239685142604e-10,1.6646042687022682,0.16379433138136562
Massachusetts,Massachusetts|MW-11|5.418431956,MW-11,5.41843195552636,Lagging Darcy no-leakage,1.0731273253410427e-26,1.718012199246531,0.062026000039015594
Massachusetts,Massachusetts|MW-11|5.418431956,MW-11,5.41843195552636,Lagging Darcy with leakage,0.9999999995734976,1.661553190911628,0.03522875708589355
Massachusetts,Massachusetts|MW-11|5.646484554,MW-11,5.646484554303052,Theis confined,9.260674400035445e-25,1.7585797627379494,0.16616804136684765
Massachusetts,Massachusetts|MW-11|5.646484554,MW-11,5.646484554303052,Hantush-Jacob leaky,4.2650239685142604e-10,1.674361589356164,0.16379433138136562
Massachusetts,Massachusetts|MW-11|5.646484554,MW-11,5.646484554303052,Lagging Darcy no-leakage,1.0731273253410427e-26,1.7397692470502135,0.062026000039015594
Massachusetts,Massachusetts|MW-11|5.646484554,MW-11,5.646484554303052,Lagging Darcy with leakage,0.9999999995734976,1.667619374812692,0.03522875708589355
Massachusetts,Massachusetts|MW-11|6.048100681,MW-11,6.0481006813756695,Theis confined,9.260674400035445e-25,1.7945714375883743,0.16616804136684765
Massachusetts,Massachusetts|MW-11|6.048100681,MW-11,6.0481006813756695,Hantush-Jacob leaky,4.2650239685142604e-10,1.6896253334739657,0.16379433138136562
Massachusetts,Massachusetts|MW-11|6.048100681,MW-11,6.0481006813756695,Lagging Darcy no-leakage,1.0731273253410427e-26,1.7760744561970117,0.062026000039015594
Massachusetts,Massachusetts|MW-11|6.048100681,MW-11,6.0481006813756695,Lagging Darcy with leakage,0.9999999995734976,1.6766493545915455,0.03522875708589355
Massachusetts,Massachusetts|MW-11|6.302654967,MW-11,6.302654967444363,Theis confined,9.260674400035445e-25,1.8161903918616544,0.16616804136684765
Massachusetts,Massachusetts|MW-11|6.302654967,MW-11,6.302654967444363,Hantush-Jacob leaky,4.2650239685142604e-10,1.6981886486878783,0.16379433138136562
Massachusetts,Massachusetts|MW-11|6.302654967,MW-11,6.302654967444363,Lagging Darcy no-leakage,1.0731273253410427e-26,1.7978823451010617,0.062026000039015594
Massachusetts,Massachusetts|MW-11|6.302654967,MW-11,6.302654967444363,Lagging Darcy with leakage,0.9999999995734976,1.6814575366810394,0.03522875708589355
Massachusetts,Massachusetts|MW-11|6.750942367,MW-11,6.750942367145295,Theis confined,9.260674400035445e-25,1.8522596342117823,0.16616804136684765
Massachusetts,Massachusetts|MW-11|6.750942367,MW-11,6.750942367145295,Hantush-Jacob leaky,4.2650239685142604e-10,1.711481803275551,0.16379433138136562
Massachusetts,Massachusetts|MW-11|6.750942367,MW-11,6.750942367145295,Lagging Darcy no-leakage,1.0731273253410427e-26,1.8342676592420344,0.062026000039015594
Massachusetts,Massachusetts|MW-11|6.750942367,MW-11,6.750942367145295,Lagging Darcy with leakage,0.9999999995734976,1.6885317908140778,0.03522875708589355
Massachusetts,Massachusetts|MW-11|7.132423045,MW-11,7.132423045231542,Theis confined,9.260674400035445e-25,1.881147136912698,0.16616804136684765
Massachusetts,Massachusetts|MW-11|7.132423045,MW-11,7.132423045231542,Hantush-Jacob leaky,4.2650239685142604e-10,1.721249459383034,0.16379433138136562
Massachusetts,Massachusetts|MW-11|7.132423045,MW-11,7.132423045231542,Lagging Darcy no-leakage,1.0731273253410427e-26,1.8634089563481424,0.062026000039015594
Massachusetts,Massachusetts|MW-11|7.132423045,MW-11,7.132423045231542,Lagging Darcy with leakage,0.9999999995734976,1.6934100455256156,0.03522875708589355
Massachusetts,Massachusetts|MW-11|7.535460345,MW-11,7.535460344577302,Theis confined,9.260674400035445e-25,1.9100615570280948,0.16616804136684765
Massachusetts,Massachusetts|MW-11|7.535460345,MW-11,7.535460344577302,Hantush-Jacob leaky,4.2650239685142604e-10,1.730263794840475,0.16379433138136562
Massachusetts,Massachusetts|MW-11|7.535460345,MW-11,7.535460344577302,Lagging Darcy no-leakage,1.0731273253410427e-26,1.8925778988111028,0.062026000039015594
Massachusetts,Massachusetts|MW-11|7.535460345,MW-11,7.535460344577302,Lagging Darcy with leakage,0.9999999995734976,1.6976554517167164,0.03522875708589355
Massachusetts,Massachusetts|MW-11|7.852615073,MW-11,7.852615072857476,Theis confined,9.260674400035445e-25,1.9317641817132656,0.16616804136684765
Massachusetts,Massachusetts|MW-11|7.852615073,MW-11,7.852615072857476,Hantush-Jacob leaky,4.2650239685142604e-10,1.736541654011156,0.16379433138136562
Massachusetts,Massachusetts|MW-11|7.852615073,MW-11,7.852615072857476,Lagging Darcy no-leakage,1.0731273253410427e-26,1.914471842529385,0.062026000039015594
Massachusetts,Massachusetts|MW-11|7.852615073,MW-11,7.852615072857476,Lagging Darcy with leakage,0.9999999995734976,1.700457788008959,0.03522875708589355
Massachusetts,Massachusetts|MW-11|8.296348815,MW-11,8.296348815471367,Theis confined,9.260674400035445e-25,1.9607223429434408,0.16616804136684765
Massachusetts,Massachusetts|MW-11|8.296348815,MW-11,8.296348815471367,Hantush-Jacob leaky,4.2650239685142604e-10,1.744285889011773,0.16379433138136562
Massachusetts,Massachusetts|MW-11|8.296348815,MW-11,8.296348815471367,Lagging Darcy no-leakage,1.0731273253410427e-26,1.943685606707308,0.062026000039015594
Massachusetts,Massachusetts|MW-11|8.296348815,MW-11,8.296348815471367,Lagging Darcy with leakage,0.9999999995734976,1.703728956968643,0.03522875708589355
Massachusetts,Massachusetts|MW-12|0.1090559323,MW-12,0.1090559323220361,Theis confined,0.8689929162067871,0.0496690588754962,0.16616804136684765
Massachusetts,Massachusetts|MW-12|0.1090559323,MW-12,0.1090559323220361,Hantush-Jacob leaky,0.1310056282646682,0.049669058936795,0.16379433138136562
Massachusetts,Massachusetts|MW-12|0.1090559323,MW-12,0.1090559323220361,Lagging Darcy no-leakage,2.938185165528925e-09,0.054218389302667,0.062026000039015594
Massachusetts,Massachusetts|MW-12|0.1090559323,MW-12,0.1090559323220361,Lagging Darcy with leakage,1.4525903595531334e-06,0.0562999774790271,0.03522875708589355
Massachusetts,Massachusetts|MW-12|0.2737008025,MW-12,0.2737008024520013,Theis confined,0.8689929162067871,0.2013634830661734,0.16616804136684765
Massachusetts,Massachusetts|MW-12|0.2737008025,MW-12,0.2737008024520013,Hantush-Jacob leaky,0.1310056282646682,0.2013634832265835,0.16379433138136562
Massachusetts,Massachusetts|MW-12|0.2737008025,MW-12,0.2737008024520013,Lagging Darcy no-leakage,2.938185165528925e-09,0.1952020146645198,0.062026000039015594
Massachusetts,Massachusetts|MW-12|0.2737008025,MW-12,0.2737008024520013,Lagging Darcy with leakage,1.4525903595531334e-06,0.1879092393043991,0.03522875708589355
Massachusetts,Massachusetts|MW-12|0.436607872,MW-12,0.4366078720486606,Theis confined,0.8689929162067871,0.3187145041899698,0.16616804136684765
Massachusetts,Massachusetts|MW-12|0.436607872,MW-12,0.4366078720486606,Hantush-Jacob leaky,0.1310056282646682,0.3187145044069613,0.16379433138136562
Massachusetts,Massachusetts|MW-12|0.436607872,MW-12,0.4366078720486606,Lagging Darcy no-leakage,2.938185165528925e-09,0.295105955509516,0.062026000039015594
Massachusetts,Massachusetts|MW-12|0.436607872,MW-12,0.4366078720486606,Lagging Darcy with leakage,1.4525903595531334e-06,0.2930995052481668,0.03522875708589355
Massachusetts,Massachusetts|MW-12|0.6043427799,MW-12,0.6043427799094439,Theis confined,0.8689929162067871,0.4125287275494547,0.16616804136684765
Massachusetts,Massachusetts|MW-12|0.6043427799,MW-12,0.6043427799094439,Hantush-Jacob leaky,0.1310056282646682,0.4125287277907565,0.16379433138136562
Massachusetts,Massachusetts|MW-12|0.6043427799,MW-12,0.6043427799094439,Lagging Darcy no-leakage,2.938185165528925e-09,0.3763311879638393,0.062026000039015594
Massachusetts,Massachusetts|MW-12|0.6043427799,MW-12,0.6043427799094439,Lagging Darcy with leakage,1.4525903595531334e-06,0.3827207073710298,0.03522875708589355
Massachusetts,Massachusetts|MW-12|0.7668138652,MW-12,0.7668138651820052,Theis confined,0.8689929162067871,0.4861960390968274,0.16616804136684765
Massachusetts,Massachusetts|MW-12|0.7668138652,MW-12,0.7668138651820052,Hantush-Jacob leaky,0.1310056282646682,0.4861960393482034,0.16379433138136562
Massachusetts,Massachusetts|MW-12|0.7668138652,MW-12,0.7668138651820052,Lagging Darcy no-leakage,2.938185165528925e-09,0.4429494283126419,0.062026000039015594
Massachusetts,Massachusetts|MW-12|0.7668138652,MW-12,0.7668138651820052,Lagging Darcy with leakage,1.4525903595531334e-06,0.4561059366032095,0.03522875708589355
Massachusetts,Massachusetts|MW-12|0.9336956397,MW-12,0.933695639697646,Theis confined,0.8689929162067871,0.5497150971299873,0.16616804136684765
Massachusetts,Massachusetts|MW-12|0.9336956397,MW-12,0.933695639697646,Hantush-Jacob leaky,0.1310056282646682,0.549715097383159,0.16379433138136562
Massachusetts,Massachusetts|MW-12|0.9336956397,MW-12,0.933695639697646,Lagging Darcy no-leakage,2.938185165528925e-09,0.5029517414821849,0.062026000039015594
Massachusetts,Massachusetts|MW-12|0.9336956397,MW-12,0.933695639697646,Lagging Darcy with leakage,1.4525903595531334e-06,0.5210806025016842,0.03522875708589355
Massachusetts,Massachusetts|MW-12|1.085987674,MW-12,1.0859876742605798,Theis confined,0.8689929162067871,0.5998122825719823,0.16616804136684765
Massachusetts,Massachusetts|MW-12|1.085987674,MW-12,1.0859876742605798,Hantush-Jacob leaky,0.1310056282646682,0.5998122828215029,0.16379433138136562
Massachusetts,Massachusetts|MW-12|1.085987674,MW-12,1.0859876742605798,Lagging Darcy no-leakage,2.938185165528925e-09,0.5520287647242618,0.062026000039015594
Massachusetts,Massachusetts|MW-12|1.085987674,MW-12,1.0859876742605798,Lagging Darcy with leakage,1.4525903595531334e-06,0.573212863791843,0.03522875708589355
Massachusetts,Massachusetts|MW-12|1.263141626,MW-12,1.2631416264808972,Theis confined,0.8689929162067871,0.6509368318053522,0.16616804136684765
Massachusetts,Massachusetts|MW-12|1.263141626,MW-12,1.2631416264808972,Hantush-Jacob leaky,0.1310056282646682,0.6509368320461372,0.16379433138136562
Massachusetts,Massachusetts|MW-12|1.263141626,MW-12,1.2631416264808972,Lagging Darcy no-leakage,2.938185165528925e-09,0.6036579873155382,0.062026000039015594
Massachusetts,Massachusetts|MW-12|1.263141626,MW-12,1.2631416264808972,Lagging Darcy with leakage,1.4525903595531334e-06,0.6270634125079227,0.03522875708589355
Massachusetts,Massachusetts|MW-12|1.429389006,MW-12,1.4293890062424257,Theis confined,0.8689929162067871,0.693439744392076,0.16616804136684765
Massachusetts,Massachusetts|MW-12|1.429389006,MW-12,1.4293890062424257,Hantush-Jacob leaky,0.1310056282646682,0.6934397446213096,0.16379433138136562
Massachusetts,Massachusetts|MW-12|1.429389006,MW-12,1.4293890062424257,Lagging Darcy no-leakage,2.938185165528925e-09,0.6476899202659584,0.062026000039015594
Massachusetts,Massachusetts|MW-12|1.429389006,MW-12,1.4293890062424257,Lagging Darcy with leakage,1.4525903595531334e-06,0.6722415025246665,0.03522875708589355
Massachusetts,Massachusetts|MW-12|1.573672578,MW-12,1.5736725776807003,Theis confined,0.8689929162067871,0.7268702452750018,0.16616804136684765
Massachusetts,Massachusetts|MW-12|1.573672578,MW-12,1.5736725776807003,Hantush-Jacob leaky,0.1310056282646682,0.7268702454921511,0.16379433138136562
Massachusetts,Massachusetts|MW-12|1.573672578,MW-12,1.5736725776807003,Lagging Darcy no-leakage,2.938185165528925e-09,0.6829714243041813,0.062026000039015594
Massachusetts,Massachusetts|MW-12|1.573672578,MW-12,1.5736725776807003,Lagging Darcy with leakage,1.4525903595531334e-06,0.7079934865074392,0.03522875708589355
Massachusetts,Massachusetts|MW-12|1.75650861,MW-12,1.7565086100541427,Theis confined,0.8689929162067871,0.765443822082622,0.16616804136684765
Massachusetts,Massachusetts|MW-12|1.75650861,MW-12,1.7565086100541427,Hantush-Jacob leaky,0.1310056282646682,0.7654438222822709,0.16379433138136562
Massachusetts,Massachusetts|MW-12|1.75650861,MW-12,1.7565086100541427,Lagging Darcy no-leakage,2.938185165528925e-09,0.7243239054538405,0.062026000039015594
Massachusetts,Massachusetts|MW-12|1.75650861,MW-12,1.7565086100541427,Lagging Darcy with leakage,1.4525903595531334e-06,0.7494470528260088,0.03522875708589355
Massachusetts,Massachusetts|MW-12|1.916167826,MW-12,1.9161678255056136,Theis confined,0.8689929162067871,0.796225969824186,0.16616804136684765
Massachusetts,Massachusetts|MW-12|1.916167826,MW-12,1.9161678255056136,Hantush-Jacob leaky,0.1310056282646682,0.7962259700067977,0.16379433138136562
Massachusetts,Massachusetts|MW-12|1.916167826,MW-12,1.9161678255056136,Lagging Darcy no-leakage,2.938185165528925e-09,0.7577703592177879,0.062026000039015594
Massachusetts,Massachusetts|MW-12|1.916167826,MW-12,1.9161678255056136,Lagging Darcy with leakage,1.4525903595531334e-06,0.7826606686241833,0.03522875708589355
Massachusetts,Massachusetts|MW-12|2.080804153,MW-12,2.0808041532977284,Theis confined,0.8689929162067871,0.8255781629052861,0.16616804136684765
Massachusetts,Massachusetts|MW-12|2.080804153,MW-12,2.0808041532977284,Hantush-Jacob leaky,0.1310056282646682,0.8255781630690254,0.16379433138136562
Massachusetts,Massachusetts|MW-12|2.080804153,MW-12,2.0808041532977284,Lagging Darcy no-leakage,2.938185165528925e-09,0.7899946332718897,0.062026000039015594
Massachusetts,Massachusetts|MW-12|2.080804153,MW-12,2.0808041532977284,Lagging Darcy with leakage,1.4525903595531334e-06,0.8144266913106184,0.03522875708589355
Massachusetts,Massachusetts|MW-12|2.259625433,MW-12,2.259625433346243,Theis confined,0.8689929162067871,0.8551055983191205,0.16616804136684765
Massachusetts,Massachusetts|MW-12|2.259625433,MW-12,2.259625433346243,Hantush-Jacob leaky,0.1310056282646682,0.8551055984610417,0.16379433138136562
Massachusetts,Massachusetts|MW-12|2.259625433,MW-12,2.259625433346243,Lagging Darcy no-leakage,2.938185165528925e-09,0.8227050107088438,0.062026000039015594
Massachusetts,Massachusetts|MW-12|2.259625433,MW-12,2.259625433346243,Lagging Darcy with leakage,1.4525903595531334e-06,0.8464647864438143,0.03522875708589355
Massachusetts,Massachusetts|MW-12|2.4314152,MW-12,2.4314151996989453,Theis confined,0.8689929162067871,0.881480479955778,0.16616804136684765
Massachusetts,Massachusetts|MW-12|2.4314152,MW-12,2.4314151996989453,Hantush-Jacob leaky,0.1310056282646682,0.8814804800756342,0.16379433138136562
Massachusetts,Massachusetts|MW-12|2.4314152,MW-12,2.4314151996989453,Lagging Darcy no-leakage,2.938185165528925e-09,0.8521467820594334,0.062026000039015594
Massachusetts,Massachusetts|MW-12|2.4314152,MW-12,2.4314151996989453,Lagging Darcy with leakage,1.4525903595531334e-06,0.875144085773336,0.03522875708589355
Massachusetts,Massachusetts|MW-12|2.580546744,MW-12,2.5805467441084726,Theis confined,0.8689929162067871,0.9029926505743416,0.16616804136684765
Massachusetts,Massachusetts|MW-12|2.580546744,MW-12,2.5805467441084726,Hantush-Jacob leaky,0.1310056282646682,0.902992650674282,0.16379433138136562
Massachusetts,Massachusetts|MW-12|2.580546744,MW-12,2.5805467441084726,Lagging Darcy no-leakage,2.938185165528925e-09,0.8763015720491877,0.062026000039015594
Massachusetts,Massachusetts|MW-12|2.580546744,MW-12,2.5805467441084726,Lagging Darcy with leakage,1.4525903595531334e-06,0.8985744748205465,0.03522875708589355
Massachusetts,Massachusetts|MW-12|2.764116802,MW-12,2.764116802196239,Theis confined,0.8689929162067871,0.9279159388483456,0.16616804136684765
Massachusetts,Massachusetts|MW-12|2.764116802,MW-12,2.764116802196239,Hantush-Jacob leaky,0.1310056282646682,0.9279159389229228,0.16379433138136562
Massachusetts,Massachusetts|MW-12|2.764116802,MW-12,2.764116802196239,Lagging Darcy no-leakage,2.938185165528925e-09,0.9044300713020632,0.062026000039015594
Massachusetts,Massachusetts|MW-12|2.764116802,MW-12,2.764116802196239,Lagging Darcy with leakage,1.4525903595531334e-06,0.9257593490115468,0.03522875708589355
Massachusetts,Massachusetts|MW-12|2.906926188,MW-12,2.906926188408289,Theis confined,0.8689929162067871,0.94624339733996,0.16616804136684765
Massachusetts,Massachusetts|MW-12|2.906926188,MW-12,2.906926188408289,Hantush-Jacob leaky,0.1310056282646682,0.9462433973942316,0.16379433138136562
Massachusetts,Massachusetts|MW-12|2.906926188,MW-12,2.906926188408289,Lagging Darcy no-leakage,2.938185165528925e-09,0.9252042484685584,0.062026000039015594
Massachusetts,Massachusetts|MW-12|2.906926188,MW-12,2.906926188408289,Lagging Darcy with leakage,1.4525903595531334e-06,0.9457744101278632,0.03522875708589355
Massachusetts,Massachusetts|MW-12|3.043128773,MW-12,3.043128773291385,Theis confined,0.8689929162067871,0.9629427251064996,0.16616804136684765
Massachusetts,Massachusetts|MW-12|3.043128773,MW-12,3.043128773291385,Hantush-Jacob leaky,0.1310056282646682,0.9629427251409872,0.16379433138136562
Massachusetts,Massachusetts|MW-12|3.043128773,MW-12,3.043128773291385,Lagging Darcy no-leakage,2.938185165528925e-09,0.9441936784721118,0.062026000039015594
Massachusetts,Massachusetts|MW-12|3.043128773,MW-12,3.043128773291385,Lagging Darcy with leakage,1.4525903595531334e-06,0.9640280903357444,0.03522875708589355
Massachusetts,Massachusetts|MW-12|3.215047066,MW-12,3.2150470664653565,Theis confined,0.8689929162067871,0.9830327547376958,0.16616804136684765
Massachusetts,Massachusetts|MW-12|3.215047066,MW-12,3.2150470664653565,Hantush-Jacob leaky,0.1310056282646682,0.9830327547466876,0.16379433138136562
Massachusetts,Massachusetts|MW-12|3.215047066,MW-12,3.2150470664653565,Lagging Darcy no-leakage,2.938185165528925e-09,0.9671095989017536,0.062026000039015594
Massachusetts,Massachusetts|MW-12|3.215047066,MW-12,3.2150470664653565,Lagging Darcy with leakage,1.4525903595531334e-06,0.9860076211934202,0.03522875708589355
Massachusetts,Massachusetts|MW-12|3.396662867,MW-12,3.396662866573416,Theis confined,0.8689929162067871,1.00317099047363,0.16616804136684765
Massachusetts,Massachusetts|MW-12|3.396662867,MW-12,3.396662866573416,Hantush-Jacob leaky,0.1310056282646682,1.0031709904551236,0.16379433138136562
Massachusetts,Massachusetts|MW-12|3.396662867,MW-12,3.396662866573416,Lagging Darcy no-leakage,2.938185165528925e-09,0.9901518162052456,0.062026000039015594
Massachusetts,Massachusetts|MW-12|3.396662867,MW-12,3.396662866573416,Lagging Darcy with leakage,1.4525903595531334e-06,1.00805974660009,0.03522875708589355
Massachusetts,Massachusetts|MW-12|3.555873931,MW-12,3.5558739308316203,Theis confined,0.8689929162067871,1.019994403706441,0.16616804136684765
Massachusetts,Massachusetts|MW-12|3.555873931,MW-12,3.5558739308316203,Hantush-Jacob leaky,0.1310056282646682,1.01999440366341,0.16379433138136562
Massachusetts,Massachusetts|MW-12|3.555873931,MW-12,3.5558739308316203,Lagging Darcy no-leakage,2.938185165528925e-09,1.009451434432404,0.062026000039015594
Massachusetts,Massachusetts|MW-12|3.555873931,MW-12,3.5558739308316203,Lagging Darcy with leakage,1.4525903595531334e-06,1.026496148887315,0.03522875708589355
Massachusetts,Massachusetts|MW-12|3.705469901,MW-12,3.7054699012535393,Theis confined,0.8689929162067871,1.0351559487764312,0.16616804136684765
Massachusetts,Massachusetts|MW-12|3.705469901,MW-12,3.7054699012535393,Hantush-Jacob leaky,0.1310056282646682,1.0351559487100463,0.16379433138136562
Massachusetts,Massachusetts|MW-12|3.705469901,MW-12,3.7054699012535393,Lagging Darcy no-leakage,2.938185165528925e-09,1.026880764810478,0.062026000039015594
Massachusetts,Massachusetts|MW-12|3.705469901,MW-12,3.7054699012535393,Lagging Darcy with leakage,1.4525903595531334e-06,1.043121643446384,0.03522875708589355
Massachusetts,Massachusetts|MW-12|3.861426836,MW-12,3.861426836323629,Theis confined,0.8689929162067871,1.0503483787792844,0.16616804136684765
Massachusetts,Massachusetts|MW-12|3.861426836,MW-12,3.861426836323629,Hantush-Jacob leaky,0.1310056282646682,1.050348378687965,0.16379433138136562
Massachusetts,Massachusetts|MW-12|3.861426836,MW-12,3.861426836323629,Lagging Darcy no-leakage,2.938185165528925e-09,1.0443776182846372,0.062026000039015594
Massachusetts,Massachusetts|MW-12|3.861426836,MW-12,3.861426836323629,Lagging Darcy with leakage,1.4525903595531334e-06,1.0597902195962092,0.03522875708589355
Massachusetts,Massachusetts|MW-12|4.079591815,MW-12,4.079591814708772,Theis confined,0.8689929162067871,1.070638141093155,0.16616804136684765
Massachusetts,Massachusetts|MW-12|4.079591815,MW-12,4.079591814708772,Hantush-Jacob leaky,0.1310056282646682,1.0706381409667045,0.16379433138136562
Massachusetts,Massachusetts|MW-12|4.079591815,MW-12,4.079591814708772,Lagging Darcy no-leakage,2.938185165528925e-09,1.0677912367716729,0.062026000039015594
Massachusetts,Massachusetts|MW-12|4.079591815,MW-12,4.079591814708772,Lagging Darcy with leakage,1.4525903595531334e-06,1.082064892560036,0.03522875708589355
Massachusetts,Massachusetts|MW-12|4.251294906,MW-12,4.251294905737463,Theis confined,0.8689929162067871,1.0858840118056294,0.16616804136684765
Massachusetts,Massachusetts|MW-12|4.251294906,MW-12,4.251294905737463,Hantush-Jacob leaky,0.1310056282646682,1.08588401165115,0.16379433138136562
Massachusetts,Massachusetts|MW-12|4.251294906,MW-12,4.251294905737463,Lagging Darcy no-leakage,2.938185165528925e-09,1.0854165943228509,0.062026000039015594
Massachusetts,Massachusetts|MW-12|4.251294906,MW-12,4.251294905737463,Lagging Darcy with leakage,1.4525903595531334e-06,1.0988117666369603,0.03522875708589355
Massachusetts,Massachusetts|MW-12|4.3697027,MW-12,4.369702699946839,Theis confined,0.8689929162067871,1.096055031133291,0.16616804136684765
Massachusetts,Massachusetts|MW-12|4.3697027,MW-12,4.369702699946839,Hantush-Jacob leaky,0.1310056282646682,1.0960550309593038,0.16379433138136562
Massachusetts,Massachusetts|MW-12|4.3697027,MW-12,4.369702699946839,Lagging Darcy no-leakage,2.938185165528925e-09,1.0971893646529098,0.062026000039015594
Massachusetts,Massachusetts|MW-12|4.3697027,MW-12,4.369702699946839,Lagging Darcy with leakage,1.4525903595531334e-06,1.109988449912654,0.03522875708589355
Massachusetts,Massachusetts|MW-12|4.595525634,MW-12,4.595525634256004,Theis confined,0.8689929162067871,1.1147346997786296,0.16616804136684765
Massachusetts,Massachusetts|MW-12|4.595525634,MW-12,4.595525634256004,Hantush-Jacob leaky,0.1310056282646682,1.1147346995670635,0.16379433138136562
Massachusetts,Massachusetts|MW-12|4.595525634,MW-12,4.595525634256004,Lagging Darcy no-leakage,2.938185165528925e-09,1.118838636585627,0.062026000039015594
Massachusetts,Massachusetts|MW-12|4.595525634,MW-12,4.595525634256004,Lagging Darcy with leakage,1.4525903595531334e-06,1.1305235645885003,0.03522875708589355
Massachusetts,Massachusetts|MW-12|4.788943504,MW-12,4.788943503528709,Theis confined,0.8689929162067871,1.130040215183274,0.16616804136684765
Massachusetts,Massachusetts|MW-12|4.788943504,MW-12,4.788943503528709,Hantush-Jacob leaky,0.1310056282646682,1.1300402149391615,0.16379433138136562
Massachusetts,Massachusetts|MW-12|4.788943504,MW-12,4.788943503528709,Lagging Darcy no-leakage,2.938185165528925e-09,1.1366025135965925,0.062026000039015594
Massachusetts,Massachusetts|MW-12|4.788943504,MW-12,4.788943503528709,Lagging Darcy with leakage,1.4525903595531334e-06,1.147357138370753,0.03522875708589355
Massachusetts,Massachusetts|MW-12|4.990414834,MW-12,4.990414833683142,Theis confined,0.8689929162067871,1.1453583310695408,0.16616804136684765
Massachusetts,Massachusetts|MW-12|4.990414834,MW-12,4.990414833683142,Hantush-Jacob leaky,0.1310056282646682,1.145358330791203,0.16379433138136562
Massachusetts,Massachusetts|MW-12|4.990414834,MW-12,4.990414833683142,Lagging Darcy no-leakage,2.938185165528925e-09,1.154402061624168,0.062026000039015594
Massachusetts,Massachusetts|MW-12|4.990414834,MW-12,4.990414833683142,Lagging Darcy with leakage,1.4525903595531334e-06,1.164211174065834,0.03522875708589355
Massachusetts,Massachusetts|MW-12|5.176662856,MW-12,5.176662855672213,Theis confined,0.8689929162067871,1.1589940024446683,0.16616804136684765
Massachusetts,Massachusetts|MW-12|5.176662856,MW-12,5.176662855672213,Hantush-Jacob leaky,0.1310056282646682,1.1589940021344196,0.16379433138136562
Massachusetts,Massachusetts|MW-12|5.176662856,MW-12,5.176662855672213,Lagging Darcy no-leakage,2.938185165528925e-09,1.1702631817377624,0.062026000039015594
Massachusetts,Massachusetts|MW-12|5.176662856,MW-12,5.176662855672213,Lagging Darcy with leakage,1.4525903595531334e-06,1.1792193449462982,0.03522875708589355
Massachusetts,Massachusetts|MW-12|5.34536685,MW-12,5.345366850059806,Theis confined,0.8689929162067871,1.170939756693744,0.16616804136684765
Massachusetts,Massachusetts|MW-12|5.34536685,MW-12,5.345366850059806,Hantush-Jacob leaky,0.1310056282646682,1.170939756354382,0.16379433138136562
Massachusetts,Massachusetts|MW-12|5.34536685,MW-12,5.345366850059806,Lagging Darcy no-leakage,2.938185165528925e-09,1.1841706275720545,0.062026000039015594
Massachusetts,Massachusetts|MW-12|5.34536685,MW-12,5.345366850059806,Lagging Darcy with leakage,1.4525903595531334e-06,1.1923713932306583,0.03522875708589355
Massachusetts,Massachusetts|MW-12|5.519568795,MW-12,5.519568795253878,Theis confined,0.8689929162067871,1.1828958959523244,0.16616804136684765
Massachusetts,Massachusetts|MW-12|5.519568795,MW-12,5.519568795253878,Hantush-Jacob leaky,0.1310056282646682,1.1828958955827047,0.16379433138136562
Massachusetts,Massachusetts|MW-12|5.519568795,MW-12,5.519568795253878,Lagging Darcy no-leakage,2.938185165528925e-09,1.1981008160130475,0.062026000039015594
Massachusetts,Massachusetts|MW-12|5.519568795,MW-12,5.519568795253878,Lagging Darcy with leakage,1.4525903595531334e-06,1.2055383618813305,0.03522875708589355
Massachusetts,Massachusetts|MW-12|5.725490446,MW-12,5.725490445563127,Theis confined,0.8689929162067871,1.1965639783547957,0.16616804136684765
Massachusetts,Massachusetts|MW-12|5.725490446,MW-12,5.725490445563127,Hantush-Jacob leaky,0.1310056282646682,1.1965639779491712,0.16379433138136562
Massachusetts,Massachusetts|MW-12|5.725490446,MW-12,5.725490445563127,Lagging Darcy no-leakage,2.938185165528925e-09,1.214037947998263,0.062026000039015594
Massachusetts,Massachusetts|MW-12|5.725490446,MW-12,5.725490445563127,Lagging Darcy with leakage,1.4525903595531334e-06,1.220594740599826,0.03522875708589355
Massachusetts,Massachusetts|MW-12|5.966466615,MW-12,5.966466614701902,Theis confined,0.8689929162067871,1.2119630382971704,0.16616804136684765
Massachusetts,Massachusetts|MW-12|5.966466615,MW-12,5.966466614701902,Hantush-Jacob leaky,0.1310056282646682,1.2119630378491086,0.16379433138136562
Massachusetts,Massachusetts|MW-12|5.966466615,MW-12,5.966466614701902,Lagging Darcy no-leakage,2.938185165528925e-09,1.2320082711924956,0.062026000039015594
Massachusetts,Massachusetts|MW-12|5.966466615,MW-12,5.966466614701902,Lagging Darcy with leakage,1.4525903595531334e-06,1.237562911546194,0.03522875708589355
Massachusetts,Massachusetts|MW-12|6.24613155,MW-12,6.246131549640233,Theis confined,0.8689929162067871,1.2290911634848278,0.16616804136684765
Massachusetts,Massachusetts|MW-12|6.24613155,MW-12,6.246131549640233,Hantush-Jacob leaky,0.1310056282646682,1.2290911629871393,0.16379433138136562
Massachusetts,Massachusetts|MW-12|6.24613155,MW-12,6.246131549640233,Lagging Darcy no-leakage,2.938185165528925e-09,1.2520136538315645,0.062026000039015594
Massachusetts,Massachusetts|MW-12|6.24613155,MW-12,6.246131549640233,Lagging Darcy with leakage,1.4525903595531334e-06,1.2564422390941563,0.03522875708589355
Massachusetts,Massachusetts|MW-12|6.509020619,MW-12,6.509020618634408,Theis confined,0.8689929162067871,1.2445220644750823,0.16616804136684765
Massachusetts,Massachusetts|MW-12|6.509020619,MW-12,6.509020618634408,Hantush-Jacob leaky,0.1310056282646682,1.2445220639304089,0.16379433138136562
Massachusetts,Massachusetts|MW-12|6.509020619,MW-12,6.509020618634408,Lagging Darcy no-leakage,2.938185165528925e-09,1.270051249454554,0.062026000039015594
Massachusetts,Massachusetts|MW-12|6.509020619,MW-12,6.509020618634408,Lagging Darcy with leakage,1.4525903595531334e-06,1.2734558668734963,0.03522875708589355
Massachusetts,Massachusetts|MW-12|6.782974242,MW-12,6.782974242072756,Theis confined,0.8689929162067871,1.2599671288242582,0.16616804136684765
Massachusetts,Massachusetts|MW-12|6.782974242,MW-12,6.782974242072756,Hantush-Jacob leaky,0.1310056282646682,1.259967128230311,0.16379433138136562
Massachusetts,Massachusetts|MW-12|6.782974242,MW-12,6.782974242072756,Lagging Darcy no-leakage,2.938185165528925e-09,1.288118294570174,0.062026000039015594
Massachusetts,Massachusetts|MW-12|6.782974242,MW-12,6.782974242072756,Lagging Darcy with leakage,1.4525903595531334e-06,1.290489659989288,0.03522875708589355
Massachusetts,Massachusetts|MW-12|7.100818144,MW-12,7.100818143781594,Theis confined,0.8689929162067871,1.2771393278764926,0.16616804136684765
Massachusetts,Massachusetts|MW-12|7.100818144,MW-12,7.100818143781594,Hantush-Jacob leaky,0.1310056282646682,1.277139327225022,0.16379433138136562
Massachusetts,Massachusetts|MW-12|7.100818144,MW-12,7.100818143781594,Lagging Darcy no-leakage,2.938185165528925e-09,1.3082198344134144,0.062026000039015594
Massachusetts,Massachusetts|MW-12|7.100818144,MW-12,7.100818143781594,Lagging Darcy with leakage,1.4525903595531334e-06,1.3094333196377987,0.03522875708589355
Massachusetts,Massachusetts|MW-12|7.433588378,MW-12,7.433588377563463,Theis confined,0.8689929162067871,1.2943292160935966,0.16616804136684765
Massachusetts,Massachusetts|MW-12|7.433588378,MW-12,7.433588377563463,Hantush-Jacob leaky,0.1310056282646682,1.2943292153815469,0.16379433138136562
Massachusetts,Massachusetts|MW-12|7.433588378,MW-12,7.433588377563463,Lagging Darcy no-leakage,2.938185165528925e-09,1.3283560222154775,0.062026000039015594
Massachusetts,Massachusetts|MW-12|7.433588378,MW-12,7.433588377563463,Lagging Darcy with leakage,1.4525903595531334e-06,1.3284015663162732,0.03522875708589355
Massachusetts,Massachusetts|MW-12|7.64073005,MW-12,7.640730050155442,Theis confined,0.8689929162067871,1.304652528565887,0.16616804136684765
Massachusetts,Massachusetts|MW-12|7.64073005,MW-12,7.640730050155442,Hantush-Jacob leaky,0.1310056282646682,1.3046525278156218,0.16379433138136562
Massachusetts,Massachusetts|MW-12|7.64073005,MW-12,7.640730050155442,Lagging Darcy no-leakage,2.938185165528925e-09,1.3404550303842078,0.062026000039015594
Massachusetts,Massachusetts|MW-12|7.64073005,MW-12,7.640730050155442,Lagging Darcy with leakage,1.4525903595531334e-06,1.3397951907782033,0.03522875708589355
Massachusetts,Massachusetts|MW-12|8.072490643,MW-12,8.072490643282816,Theis confined,0.8689929162067871,1.3253151496813145,0.16616804136684765
Massachusetts,Massachusetts|MW-12|8.072490643,MW-12,8.072490643282816,Hantush-Jacob leaky,0.1310056282646682,1.3253151488514734,0.16379433138136562
Massachusetts,Massachusetts|MW-12|8.072490643,MW-12,8.072490643282816,Lagging Darcy no-leakage,2.938185165528925e-09,1.364685130840269,0.062026000039015594
Massachusetts,Massachusetts|MW-12|8.072490643,MW-12,8.072490643282816,Lagging Darcy with leakage,1.4525903595531334e-06,1.3626050810855623,0.03522875708589355
Massachusetts,Massachusetts|MW-12|8.297435734,MW-12,8.297435734253915,Theis confined,0.8689929162067871,1.3356541757507665,0.16616804136684765
Massachusetts,Massachusetts|MW-12|8.297435734,MW-12,8.297435734253915,Hantush-Jacob leaky,0.1310056282646682,1.3356541748792514,0.16379433138136562
Massachusetts,Massachusetts|MW-12|8.297435734,MW-12,8.297435734253915,Lagging Darcy no-leakage,2.938185165528925e-09,1.3768155530765946,0.062026000039015594
Massachusetts,Massachusetts|MW-12|8.297435734,MW-12,8.297435734253915,Lagging Darcy with leakage,1.4525903595531334e-06,1.37402093523122,0.03522875708589355
Massachusetts,Massachusetts|MW-12|8.646660713,MW-12,8.646660712607542,Theis confined,0.8689929162067871,1.3511719760788388,0.16616804136684765
Massachusetts,Massachusetts|MW-12|8.646660713,MW-12,8.646660712607542,Hantush-Jacob leaky,0.1310056282646682,1.351171975142356,0.16379433138136562
Massachusetts,Massachusetts|MW-12|8.646660713,MW-12,8.646660712607542,Lagging Darcy no-leakage,2.938185165528925e-09,1.3950295072967571,0.062026000039015594
Massachusetts,Massachusetts|MW-12|8.646660713,MW-12,8.646660712607542,Lagging Darcy with leakage,1.4525903595531334e-06,1.3911577959963422,0.03522875708589355
Massachusetts,Massachusetts|MW-13|0.1657892114,MW-13,0.1657892113869264,Theis confined,8.426824419814519e-24,5.012986280449364e-05,0.16616804136684765
Massachusetts,Massachusetts|MW-13|0.1657892114,MW-13,0.1657892113869264,Hantush-Jacob leaky,1.5395601483712593e-24,5.012517424627188e-05,0.16379433138136562
Massachusetts,Massachusetts|MW-13|0.1657892114,MW-13,0.1657892113869264,Lagging Darcy no-leakage,0.00031324609614942934,0.00075043691566,0.062026000039015594
Massachusetts,Massachusetts|MW-13|0.1657892114,MW-13,0.1657892113869264,Lagging Darcy with leakage,0.9996867539038505,0.0010053101202714,0.03522875708589355
Massachusetts,Massachusetts|MW-13|0.3293672948,MW-13,0.3293672947699681,Theis confined,8.426824419814519e-24,0.0016630994823236,0.16616804136684765
Massachusetts,Massachusetts|MW-13|0.3293672948,MW-13,0.3293672947699681,Hantush-Jacob leaky,1.5395601483712593e-24,0.0016630242801853,0.16379433138136562
Massachusetts,Massachusetts|MW-13|0.3293672948,MW-13,0.3293672947699681,Lagging Darcy no-leakage,0.00031324609614942934,0.0039135013162314,0.062026000039015594
Massachusetts,Massachusetts|MW-13|0.3293672948,MW-13,0.3293672947699681,Lagging Darcy with leakage,0.9996867539038505,0.0039359409459659,0.03522875708589355
Massachusetts,Massachusetts|MW-13|0.5041207217,MW-13,0.5041207216971267,Theis confined,8.426824419814519e-24,0.0064880723599749,0.16616804136684765
Massachusetts,Massachusetts|MW-13|0.5041207217,MW-13,0.5041207216971267,Hantush-Jacob leaky,1.5395601483712593e-24,0.0064878919180438,0.16379433138136562
Massachusetts,Massachusetts|MW-13|0.5041207217,MW-13,0.5041207216971267,Lagging Darcy no-leakage,0.00031324609614942934,0.0078926917398001,0.062026000039015594
Massachusetts,Massachusetts|MW-13|0.5041207217,MW-13,0.5041207216971267,Lagging Darcy with leakage,0.9996867539038505,0.0075652762759898,0.03522875708589355
Massachusetts,Massachusetts|MW-13|0.6634481535,MW-13,0.6634481535079819,Theis confined,8.426824419814519e-24,0.0126659864907312,0.16616804136684765
Massachusetts,Massachusetts|MW-13|0.6634481535,MW-13,0.6634481535079819,Hantush-Jacob leaky,1.5395601483712593e-24,0.0126657365355343,0.16379433138136562
Massachusetts,Massachusetts|MW-13|0.6634481535,MW-13,0.6634481535079819,Lagging Darcy no-leakage,0.00031324609614942934,0.0120152371029657,0.062026000039015594
Massachusetts,Massachusetts|MW-13|0.6634481535,MW-13,0.6634481535079819,Lagging Darcy with leakage,0.9996867539038505,0.0114286667172288,0.03522875708589355
Massachusetts,Massachusetts|MW-13|0.8379215433,MW-13,0.8379215433250978,Theis confined,8.426824419814519e-24,0.0203095496565066,0.16616804136684765
Massachusetts,Massachusetts|MW-13|0.8379215433,MW-13,0.8379215433250978,Hantush-Jacob leaky,1.5395601483712593e-24,0.0203092594789183,0.16379433138136562
Massachusetts,Massachusetts|MW-13|0.8379215433,MW-13,0.8379215433250978,Lagging Darcy no-leakage,0.00031324609614942934,0.0170764686474176,0.062026000039015594
Massachusetts,Massachusetts|MW-13|0.8379215433,MW-13,0.8379215433250978,Lagging Darcy with leakage,0.9996867539038505,0.0162740358189968,0.03522875708589355
Massachusetts,Massachusetts|MW-13|1.001701693,MW-13,1.0017016931858955,Theis confined,8.426824419814519e-24,0.0277580049498646,0.16616804136684765
Massachusetts,Massachusetts|MW-13|1.001701693,MW-13,1.0017016931858955,Hantush-Jacob leaky,1.5395601483712593e-24,0.0277577045035606,0.16379433138136562
Massachusetts,Massachusetts|MW-13|1.001701693,MW-13,1.0017016931858955,Lagging Darcy no-leakage,0.00031324609614942934,0.022292534578741,0.062026000039015594
Massachusetts,Massachusetts|MW-13|1.001701693,MW-13,1.0017016931858955,Lagging Darcy with leakage,0.9996867539038505,0.0213505863073396,0.03522875708589355
Massachusetts,Massachusetts|MW-13|1.181150629,MW-13,1.181150629462791,Theis confined,8.426824419814519e-24,0.0358871497855617,0.16616804136684765
Massachusetts,Massachusetts|MW-13|1.181150629,MW-13,1.181150629462791,Hantush-Jacob leaky,1.5395601483712593e-24,0.0358868600859698,0.16379433138136562
Massachusetts,Massachusetts|MW-13|1.181150629,MW-13,1.181150629462791,Lagging Darcy no-leakage,0.00031324609614942934,0.0284360936811134,0.062026000039015594
Massachusetts,Massachusetts|MW-13|1.181150629,MW-13,1.181150629462791,Lagging Darcy with leakage,0.9996867539038505,0.0274099182160398,0.03522875708589355
Massachusetts,Massachusetts|MW-13|1.318255128,MW-13,1.318255128186306,Theis confined,8.426824419814519e-24,0.041964487503033,0.16616804136684765
Massachusetts,Massachusetts|MW-13|1.318255128,MW-13,1.318255128186306,Hantush-Jacob leaky,1.5395601483712593e-24,0.0419642170772789,0.16379433138136562
Massachusetts,Massachusetts|MW-13|1.318255128,MW-13,1.318255128186306,Lagging Darcy no-leakage,0.00031324609614942934,0.0333726246556317,0.062026000039015594
Massachusetts,Massachusetts|MW-13|1.318255128,MW-13,1.318255128186306,Lagging Darcy with leakage,0.9996867539038505,0.0323285341762888,0.03522875708589355
Massachusetts,Massachusetts|MW-13|1.491691087,MW-13,1.4916910874550755,Theis confined,8.426824419814519e-24,0.0494184659043415,0.16616804136684765
Massachusetts,Massachusetts|MW-13|1.491691087,MW-13,1.4916910874550755,Hantush-Jacob leaky,1.5395601483712593e-24,0.0494182294830619,0.16379433138136562
Massachusetts,Massachusetts|MW-13|1.491691087,MW-13,1.4916910874550755,Lagging Darcy no-leakage,0.00031324609614942934,0.0398494120812847,0.062026000039015594
Massachusetts,Massachusetts|MW-13|1.491691087,MW-13,1.4916910874550755,Lagging Darcy with leakage,0.9996867539038505,0.0388366478153182,0.03522875708589355
Massachusetts,Massachusetts|MW-13|1.64216308,MW-13,1.6421630801616307,Theis confined,8.426824419814519e-24,0.0556488664323032,0.16616804136684765
Massachusetts,Massachusetts|MW-13|1.64216308,MW-13,1.6421630801616307,Hantush-Jacob leaky,1.5395601483712593e-24,0.0556486657066524,0.16379433138136562
Massachusetts,Massachusetts|MW-13|1.64216308,MW-13,1.6421630801616307,Lagging Darcy no-leakage,0.00031324609614942934,0.0456271554908759,0.062026000039015594
Massachusetts,Massachusetts|MW-13|1.64216308,MW-13,1.6421630801616307,Lagging Darcy with leakage,0.9996867539038505,0.0446866790539654,0.03522875708589355
Massachusetts,Massachusetts|MW-13|1.832900605,MW-13,1.832900605138676,Theis confined,8.426824419814519e-24,0.0632199673377671,0.16616804136684765
Massachusetts,Massachusetts|MW-13|1.832900605,MW-13,1.832900605138676,Hantush-Jacob leaky,1.5395601483712593e-24,0.063219817447026,0.16379433138136562
Massachusetts,Massachusetts|MW-13|1.832900605,MW-13,1.832900605138676,Lagging Darcy no-leakage,0.00031324609614942934,0.053097352310475,0.062026000039015594
Massachusetts,Massachusetts|MW-13|1.832900605,MW-13,1.832900605138676,Lagging Darcy with leakage,0.9996867539038505,0.0523027266623687,0.03522875708589355
Massachusetts,Massachusetts|MW-13|2.045765526,MW-13,2.0457655261949625,Theis confined,8.426824419814519e-24,0.0712457047496893,0.16616804136684765
Massachusetts,Massachusetts|MW-13|2.045765526,MW-13,2.0457655261949625,Hantush-Jacob leaky,1.5395601483712593e-24,0.0712456163309216,0.16379433138136562
Massachusetts,Massachusetts|MW-13|2.045765526,MW-13,2.0457655261949625,Lagging Darcy no-leakage,0.00031324609614942934,0.0615514920585155,0.062026000039015594
Massachusetts,Massachusetts|MW-13|2.045765526,MW-13,2.0457655261949625,Lagging Darcy with leakage,0.9996867539038505,0.0609826394232964,0.03522875708589355
Massachusetts,Massachusetts|MW-13|2.131756613,MW-13,2.131756613193176,Theis confined,8.426824419814519e-24,0.0743657762981729,0.16616804136684765
Massachusetts,Massachusetts|MW-13|2.131756613,MW-13,2.131756613193176,Hantush-Jacob leaky,1.5395601483712593e-24,0.074365713623013,0.16379433138136562
Massachusetts,Massachusetts|MW-13|2.131756613,MW-13,2.131756613193176,Lagging Darcy no-leakage,0.00031324609614942934,0.0649852428278942,0.062026000039015594
Massachusetts,Massachusetts|MW-13|2.131756613,MW-13,2.131756613193176,Lagging Darcy with leakage,0.9996867539038505,0.0645242641996727,0.03522875708589355
Massachusetts,Massachusetts|MW-13|2.346917187,MW-13,2.3469171874499377,Theis confined,8.426824419814519e-24,0.0818807683964907,0.16616804136684765
Massachusetts,Massachusetts|MW-13|2.346917187,MW-13,2.3469171874499377,Hantush-Jacob leaky,1.5395601483712593e-24,0.0818807714882154,0.16379433138136562
Massachusetts,Massachusetts|MW-13|2.346917187,MW-13,2.3469171874499377,Lagging Darcy no-leakage,0.00031324609614942934,0.0735884565188373,0.062026000039015594
Massachusetts,Massachusetts|MW-13|2.346917187,MW-13,2.3469171874499377,Lagging Darcy with leakage,0.9996867539038505,0.0734340709462156,0.03522875708589355
Massachusetts,Massachusetts|MW-13|2.513648208,MW-13,2.513648207508123,Theis confined,8.426824419814519e-24,0.087432944857851,0.16616804136684765
Massachusetts,Massachusetts|MW-13|2.513648208,MW-13,2.513648207508123,Hantush-Jacob leaky,1.5395601483712593e-24,0.0874329996333642,0.16379433138136562
Massachusetts,Massachusetts|MW-13|2.513648208,MW-13,2.513648207508123,Lagging Darcy no-leakage,0.00031324609614942934,0.080241307948319,0.062026000039015594
Massachusetts,Massachusetts|MW-13|2.513648208,MW-13,2.513648207508123,Lagging Darcy with leakage,0.9996867539038505,0.0803561873782869,0.03522875708589355
Massachusetts,Massachusetts|MW-13|2.655619275,MW-13,2.655619274859261,Theis confined,8.426824419814519e-24,0.0919858549947524,0.16616804136684765
Massachusetts,Massachusetts|MW-13|2.655619275,MW-13,2.655619274859261,Hantush-Jacob leaky,1.5395601483712593e-24,0.091985953922336,0.16379433138136562
Massachusetts,Massachusetts|MW-13|2.655619275,MW-13,2.655619274859261,Lagging Darcy no-leakage,0.00031324609614942934,0.085880757085027,0.062026000039015594
Massachusetts,Massachusetts|MW-13|2.655619275,MW-13,2.655619274859261,Lagging Darcy with leakage,0.9996867539038505,0.0862436628327329,0.03522875708589355
Massachusetts,Massachusetts|MW-13|2.844355806,MW-13,2.844355806372688,Theis confined,8.426824419814519e-24,0.0978053172992534,0.16616804136684765
Massachusetts,Massachusetts|MW-13|2.844355806,MW-13,2.844355806372688,Hantush-Jacob leaky,1.5395601483712593e-24,0.0978054747876692,0.16379433138136562
Massachusetts,Massachusetts|MW-13|2.844355806,MW-13,2.844355806372688,Lagging Darcy no-leakage,0.00031324609614942934,0.0933248670138388,0.062026000039015594
Massachusetts,Massachusetts|MW-13|2.844355806,MW-13,2.844355806372688,Lagging Darcy with leakage,0.9996867539038505,0.0940405288090638,0.03522875708589355
Massachusetts,Massachusetts|MW-13|3.005044634,MW-13,3.005044634168239,Theis confined,8.426824419814519e-24,0.1025634388158783,0.16616804136684765
Massachusetts,Massachusetts|MW-13|3.005044634,MW-13,3.005044634168239,Hantush-Jacob leaky,1.5395601483712593e-24,0.1025636458205006,0.16379433138136562
Massachusetts,Massachusetts|MW-13|3.005044634,MW-13,3.005044634168239,Lagging Darcy no-leakage,0.00031324609614942934,0.0996033139882588,0.062026000039015594
Massachusetts,Massachusetts|MW-13|3.005044634,MW-13,3.005044634168239,Lagging Darcy with leakage,0.9996867539038505,0.1006371240094938,0.03522875708589355
Massachusetts,Massachusetts|MW-13|3.088620264,MW-13,3.0886202642047613,Theis confined,8.426824419814519e-24,0.104970738849844,0.16616804136684765
Massachusetts,Massachusetts|MW-13|3.088620264,MW-13,3.0886202642047613,Hantush-Jacob leaky,1.5395601483712593e-24,0.1049709714304706,0.16379433138136562
Massachusetts,Massachusetts|MW-13|3.088620264,MW-13,3.0886202642047613,Lagging Darcy no-leakage,0.00031324609614942934,0.1028441570196717,0.062026000039015594
Massachusetts,Massachusetts|MW-13|3.088620264,MW-13,3.0886202642047613,Lagging Darcy with leakage,0.9996867539038505,0.1040490791460119,0.03522875708589355
Massachusetts,Massachusetts|MW-13|3.353949271,MW-13,3.3539492707559635,Theis confined,8.426824419814519e-24,0.1123272632657677,0.16616804136684765
Massachusetts,Massachusetts|MW-13|3.353949271,MW-13,3.3539492707559635,Hantush-Jacob leaky,1.5395601483712593e-24,0.1123275760345156,0.16379433138136562
Massachusetts,Massachusetts|MW-13|3.353949271,MW-13,3.3539492707559635,Lagging Darcy no-leakage,0.00031324609614942934,0.1130089353528373,0.062026000039015594
Massachusetts,Massachusetts|MW-13|3.353949271,MW-13,3.3539492707559635,Lagging Darcy with leakage,0.9996867539038505,0.1147787522528707,0.03522875708589355
Massachusetts,Massachusetts|MW-13|3.543473455,MW-13,3.5434734545649857,Theis confined,8.426824419814519e-24,0.1173337225088918,0.16616804136684765
Massachusetts,Massachusetts|MW-13|3.543473455,MW-13,3.5434734545649857,Hantush-Jacob leaky,1.5395601483712593e-24,0.1173340914779665,0.16379433138136562
Massachusetts,Massachusetts|MW-13|3.543473455,MW-13,3.5434734545649857,Lagging Darcy no-leakage,0.00031324609614942934,0.1201451609602183,0.062026000039015594
Massachusetts,Massachusetts|MW-13|3.543473455,MW-13,3.5434734545649857,Lagging Darcy with leakage,0.9996867539038505,0.1223352812180188,0.03522875708589355
Massachusetts,Massachusetts|MW-13|3.692418742,MW-13,3.692418741894211,Theis confined,8.426824419814519e-24,0.1211339120873424,0.16616804136684765
Massachusetts,Massachusetts|MW-13|3.692418742,MW-13,3.692418741894211,Hantush-Jacob leaky,1.5395601483712593e-24,0.1211343245312826,0.16379433138136562
Massachusetts,Massachusetts|MW-13|3.692418742,MW-13,3.692418741894211,Lagging Darcy no-leakage,0.00031324609614942934,0.1256763709682775,0.062026000039015594
Massachusetts,Massachusetts|MW-13|3.692418742,MW-13,3.692418741894211,Lagging Darcy with leakage,0.9996867539038505,0.1282046920004348,0.03522875708589355
Massachusetts,Massachusetts|MW-13|3.900966871,MW-13,3.9009668705974567,Theis confined,8.426824419814519e-24,0.1262693054791009,0.16616804136684765
Massachusetts,Massachusetts|MW-13|3.900966871,MW-13,3.9009668705974567,Hantush-Jacob leaky,1.5395601483712593e-24,0.1262697777218958,0.16379433138136562
Massachusetts,Massachusetts|MW-13|3.900966871,MW-13,3.9009668705974567,Lagging Darcy no-leakage,0.00031324609614942934,0.1333032775742441,0.062026000039015594
Massachusetts,Massachusetts|MW-13|3.900966871,MW-13,3.9009668705974567,Lagging Darcy with leakage,0.9996867539038505,0.1363145897620239,0.03522875708589355
Massachusetts,Massachusetts|MW-13|4.178265775,MW-13,4.178265774946028,Theis confined,8.426824419814519e-24,0.1327873791694179,0.16616804136684765
Massachusetts,Massachusetts|MW-13|4.178265775,MW-13,4.178265774946028,Hantush-Jacob leaky,1.5395601483712593e-24,0.1327879289324657,0.16379433138136562
Massachusetts,Massachusetts|MW-13|4.178265775,MW-13,4.178265774946028,Lagging Darcy no-leakage,0.00031324609614942934,0.1432273318254044,0.062026000039015594
Massachusetts,Massachusetts|MW-13|4.178265775,MW-13,4.178265774946028,Lagging Darcy with leakage,0.9996867539038505,0.1468939960916259,0.03522875708589355
Massachusetts,Massachusetts|MW-13|4.793462674,MW-13,4.793462673617168,Theis confined,8.426824419814519e-24,0.1461351029861581,0.16616804136684765
Massachusetts,Massachusetts|MW-13|4.793462674,MW-13,4.793462673617168,Hantush-Jacob leaky,1.5395601483712593e-24,0.1461358165782476,0.16379433138136562
Massachusetts,Massachusetts|MW-13|4.793462674,MW-13,4.793462673617168,Lagging Darcy no-leakage,0.00031324609614942934,0.1643525128389672,0.062026000039015594
Massachusetts,Massachusetts|MW-13|4.793462674,MW-13,4.793462673617168,Lagging Darcy with leakage,0.9996867539038505,0.1695046881864067,0.03522875708589355
Massachusetts,Massachusetts|MW-13|5.205314956,MW-13,5.205314955806833,Theis confined,8.426824419814519e-24,0.1543292879432249,0.16616804136684765
Massachusetts,Massachusetts|MW-13|5.205314956,MW-13,5.205314955806833,Hantush-Jacob leaky,1.5395601483712593e-24,0.154330105120195,0.16379433138136562
Massachusetts,Massachusetts|MW-13|5.205314956,MW-13,5.205314955806833,Lagging Darcy no-leakage,0.00031324609614942934,0.1778202037330683,0.062026000039015594
Massachusetts,Massachusetts|MW-13|5.205314956,MW-13,5.205314955806833,Lagging Darcy with leakage,0.9996867539038505,0.1839762996317711,0.03522875708589355
Massachusetts,Massachusetts|MW-13|6.484820557,MW-13,6.484820556800563,Theis confined,8.426824419814519e-24,0.1767788721733252,0.16616804136684765
Massachusetts,Massachusetts|MW-13|6.484820557,MW-13,6.484820556800563,Hantush-Jacob leaky,1.5395601483712593e-24,0.1767799829957326,0.16379433138136562
Massachusetts,Massachusetts|MW-13|6.484820557,MW-13,6.484820556800563,Lagging Darcy no-leakage,0.00031324609614942934,0.2164526384648257,0.062026000039015594
Massachusetts,Massachusetts|MW-13|6.484820557,MW-13,6.484820556800563,Lagging Darcy with leakage,0.9996867539038505,0.2256933864068988,0.03522875708589355
Massachusetts,Massachusetts|MW-13|6.945700831,MW-13,6.945700830928852,Theis confined,8.426824419814519e-24,0.1839535214057996,0.16616804136684765
Massachusetts,Massachusetts|MW-13|6.945700831,MW-13,6.945700830928852,Hantush-Jacob leaky,1.5395601483712593e-24,0.1839547287146783,0.16379433138136562
Massachusetts,Massachusetts|MW-13|6.945700831,MW-13,6.945700830928852,Lagging Darcy no-leakage,0.00031324609614942934,0.229282381862457,0.062026000039015594
Massachusetts,Massachusetts|MW-13|6.945700831,MW-13,6.945700830928852,Lagging Darcy with leakage,0.9996867539038505,0.2396053631373362,0.03522875708589355
Massachusetts,Massachusetts|MW-13|7.968472001,MW-13,7.968472000729379,Theis confined,8.426824419814519e-24,0.1985127878347254,0.16616804136684765
Massachusetts,Massachusetts|MW-13|7.968472001,MW-13,7.968472000729379,Hantush-Jacob leaky,1.5395601483712593e-24,0.1985141942623138,0.16379433138136562
Massachusetts,Massachusetts|MW-13|7.968472001,MW-13,7.968472000729379,Lagging Darcy no-leakage,0.00031324609614942934,0.2559509929364057,0.062026000039015594
Massachusetts,Massachusetts|MW-13|7.968472001,MW-13,7.968472000729379,Lagging Darcy with leakage,0.9996867539038505,0.2686014232784401,0.03522875708589355
Massachusetts,Massachusetts|MW-13|8.41875256,MW-13,8.418752559624917,Theis confined,8.426824419814519e-24,0.2044095439248271,0.16616804136684765
Massachusetts,Massachusetts|MW-13|8.41875256,MW-13,8.418752559624917,Hantush-Jacob leaky,1.5395601483712593e-24,0.2044110321490139,0.16379433138136562
Massachusetts,Massachusetts|MW-13|8.41875256,MW-13,8.418752559624917,Lagging Darcy no-leakage,0.00031324609614942934,0.266974888057637,0.062026000039015594
Massachusetts,Massachusetts|MW-13|8.41875256,MW-13,8.418752559624917,Lagging Darcy with leakage,0.9996867539038505,0.2806151175876792,0.03522875708589355
Lovelock Valley,Lovelock Valley|FETH|1.116666667,FETH,1.116666666666665,Theis confined,0.783987171829309,3.636856962023368e-129,0.2462477128749394
Lovelock Valley,Lovelock Valley|FETH|1.116666667,FETH,1.116666666666665,Hantush-Jacob leaky,0.1110174195124268,3.3342913837363755e-129,0.293715718150169
Lovelock Valley,Lovelock Valley|FETH|1.116666667,FETH,1.116666666666665,Lagging Darcy no-leakage,0.09190771088962445,4.441129296697675e-09,0.17416779015246725
Lovelock Valley,Lovelock Valley|FETH|1.116666667,FETH,1.116666666666665,Lagging Darcy with leakage,0.013087697768639887,4.518633548554344e-09,0.17391867251493798
Lovelock Valley,Lovelock Valley|FETH|13.11666667,FETH,13.116666666666665,Theis confined,0.783987171829309,1.7319147105883619e-13,0.2462477128749394
Lovelock Valley,Lovelock Valley|FETH|13.11666667,FETH,13.116666666666665,Hantush-Jacob leaky,0.1110174195124268,1.7201310567256757e-13,0.293715718150169
Lovelock Valley,Lovelock Valley|FETH|13.11666667,FETH,13.116666666666665,Lagging Darcy no-leakage,0.09190771088962445,1.687400330861623e-05,0.17416779015246725
Lovelock Valley,Lovelock Valley|FETH|13.11666667,FETH,13.116666666666665,Lagging Darcy with leakage,0.013087697768639887,1.689435948448814e-05,0.17391867251493798
Lovelock Valley,Lovelock Valley|FETH|25.11666667,FETH,25.11666666666666,Theis confined,0.783987171829309,4.0072076174479815e-08,0.2462477128749394
Lovelock Valley,Lovelock Valley|FETH|25.11666667,FETH,25.11666666666666,Hantush-Jacob leaky,0.1110174195124268,3.9940864311443655e-08,0.293715718150169
Lovelock Valley,Lovelock Valley|FETH|25.11666667,FETH,25.11666666666666,Lagging Darcy no-leakage,0.09190771088962445,6.122190087810157e-05,0.17416779015246725
Lovelock Valley,Lovelock Valley|FETH|25.11666667,FETH,25.11666666666666,Lagging Darcy with leakage,0.013087697768639887,6.147833378430647e-05,0.17391867251493798
Lovelock Valley,Lovelock Valley|FETH|37.11666667,FETH,37.11666666666666,Theis confined,0.783987171829309,3.6352448148663793e-06,0.2462477128749394
Lovelock Valley,Lovelock Valley|FETH|37.11666667,FETH,37.11666666666666,Hantush-Jacob leaky,0.1110174195124268,3.627859156366611e-06,0.293715718150169
Lovelock Valley,Lovelock Valley|FETH|37.11666667,FETH,37.11666666666666,Lagging Darcy no-leakage,0.09190771088962445,0.0001074939749827,0.17416779015246725
Lovelock Valley,Lovelock Valley|FETH|37.11666667,FETH,37.11666666666666,Lagging Darcy with leakage,0.013087697768639887,0.0001082133152811,0.17391867251493798
Lovelock Valley,Lovelock Valley|FETH|49.11666667,FETH,49.116666666666674,Theis confined,0.783987171829309,3.901017240070457e-05,0.2462477128749394
Lovelock Valley,Lovelock Valley|FETH|49.11666667,FETH,49.116666666666674,Hantush-Jacob leaky,0.1110174195124268,3.8955505390859976e-05,0.293715718150169
Lovelock Valley,Lovelock Valley|FETH|49.11666667,FETH,49.116666666666674,Lagging Darcy no-leakage,0.09190771088962445,0.0002022155565671,0.17416779015246725
Lovelock Valley,Lovelock Valley|FETH|49.11666667,FETH,49.116666666666674,Lagging Darcy with leakage,0.013087697768639887,0.0002033974205562,0.17391867251493798
Lovelock Valley,Lovelock Valley|FETH|61.11666667,FETH,61.116666666666674,Theis confined,0.783987171829309,0.0001714719599738,0.2462477128749394
Lovelock Valley,Lovelock Valley|FETH|61.11666667,FETH,61.116666666666674,Hantush-Jacob leaky,0.1110174195124268,0.0001712965485546,0.293715718150169
Lovelock Valley,Lovelock Valley|FETH|61.11666667,FETH,61.116666666666674,Lagging Darcy no-leakage,0.09190771088962445,0.0004194563998698,0.17416779015246725
Lovelock Valley,Lovelock Valley|FETH|61.11666667,FETH,61.116666666666674,Lagging Darcy with leakage,0.013087697768639887,0.00042092174924,0.17391867251493798
Lovelock Valley,Lovelock Valley|FETH|73.11666667,FETH,73.11666666666667,Theis confined,0.783987171829309,0.0004755400316905,0.2462477128749394
Lovelock Valley,Lovelock Valley|FETH|73.11666667,FETH,73.11666666666667,Hantush-Jacob leaky,0.1110174195124268,0.0004751726513836,0.293715718150169
Lovelock Valley,Lovelock Valley|FETH|73.11666667,FETH,73.11666666666667,Lagging Darcy no-leakage,0.09190771088962445,0.0008192205683201,0.17416779015246725
Lovelock Valley,Lovelock Valley|FETH|73.11666667,FETH,73.11666666666667,Lagging Darcy with leakage,0.013087697768639887,0.0008207367598707,0.17391867251493798
Lovelock Valley,Lovelock Valley|FETH|85.11666667,FETH,85.11666666666667,Theis confined,0.783987171829309,0.0010067895168721,0.2462477128749394
Lovelock Valley,Lovelock Valley|FETH|85.11666667,FETH,85.11666666666667,Hantush-Jacob leaky,0.1110174195124268,0.0010061894969062,0.293715718150169
Lovelock Valley,Lovelock Valley|FETH|85.11666667,FETH,85.11666666666667,Lagging Darcy no-leakage,0.09190771088962445,0.0014371981198365,0.17416779015246725
Lovelock Valley,Lovelock Valley|FETH|85.11666667,FETH,85.11666666666667,Lagging Darcy with leakage,0.013087697768639887,0.0014385605895471,0.17391867251493798
Lovelock Valley,Lovelock Valley|FETH|97.11666667,FETH,97.11666666666666,Theis confined,0.783987171829309,0.0017938695325404,0.2462477128749394
Lovelock Valley,Lovelock Valley|FETH|97.11666667,FETH,97.11666666666666,Hantush-Jacob leaky,0.1110174195124268,0.0017930338652165,0.293715718150169
Lovelock Valley,Lovelock Valley|FETH|97.11666667,FETH,97.11666666666666,Lagging Darcy no-leakage,0.09190771088962445,0.0022878662975548,0.17416779015246725
Lovelock Valley,Lovelock Valley|FETH|97.11666667,FETH,97.11666666666666,Lagging Darcy with leakage,0.013087697768639887,0.0022889320457884,0.17391867251493798
Lovelock Valley,Lovelock Valley|FETH|109.1166667,FETH,109.11666666666666,Theis confined,0.783987171829309,0.0028426413088276,0.2462477128749394
Lovelock Valley,Lovelock Valley|FETH|109.1166667,FETH,109.11666666666666,Hantush-Jacob leaky,0.1110174195124268,0.0028415985566081,0.293715718150169
Lovelock Valley,Lovelock Valley|FETH|109.1166667,FETH,109.11666666666666,Lagging Darcy no-leakage,0.09190771088962445,0.0033706132152808,0.17416779015246725
Lovelock Valley,Lovelock Valley|FETH|109.1166667,FETH,109.11666666666666,Lagging Darcy with leakage,0.013087697768639887,0.0033713052227213,0.17391867251493798
Lovelock Valley,Lovelock Valley|FETH|121.1166667,FETH,121.11666666666666,Theis confined,0.783987171829309,0.0041434606883169,0.2462477128749394
Lovelock Valley,Lovelock Valley|FETH|121.1166667,FETH,121.11666666666666,Hantush-Jacob leaky,0.1110174195124268,0.0041422605646841,0.293715718150169
Lovelock Valley,Lovelock Valley|FETH|121.1166667,FETH,121.11666666666666,Lagging Darcy no-leakage,0.09190771088962445,0.0046752639633517,0.17416779015246725
Lovelock Valley,Lovelock Valley|FETH|121.1166667,FETH,121.11666666666666,Lagging Darcy with leakage,0.013087697768639887,0.0046755621731958,0.17391867251493798
Lovelock Valley,Lovelock Valley|FETH|133.1166667,FETH,133.11666666666667,Theis confined,0.783987171829309,0.0056776330817559,0.2462477128749394
Lovelock Valley,Lovelock Valley|FETH|133.1166667,FETH,133.11666666666667,Hantush-Jacob leaky,0.1110174195124268,0.0056763364667947,0.293715718150169
Lovelock Valley,Lovelock Valley|FETH|133.1166667,FETH,133.11666666666667,Lagging Darcy no-leakage,0.09190771088962445,0.006186193352291,0.17416779015246725
Lovelock Valley,Lovelock Valley|FETH|133.1166667,FETH,133.11666666666667,Lagging Darcy with leakage,0.013087697768639887,0.0061861212638951,0.17391867251493798
Lovelock Valley,Lovelock Valley|FETH|145.1166667,FETH,145.11666666666667,Theis confined,0.783987171829309,0.0074220704593066,0.2462477128749394
Lovelock Valley,Lovelock Valley|FETH|145.1166667,FETH,145.11666666666667,Hantush-Jacob leaky,0.1110174195124268,0.0074207415579604,0.293715718150169
Lovelock Valley,Lovelock Valley|FETH|145.1166667,FETH,145.11666666666667,Lagging Darcy no-leakage,0.09190771088962445,0.0078851282727639,0.17416779015246725
Lovelock Valley,Lovelock Valley|FETH|145.1166667,FETH,145.11666666666667,Lagging Darcy with leakage,0.013087697768639887,0.0078847395650975,0.17391867251493798
Lovelock Valley,Lovelock Valley|FETH|157.1166667,FETH,157.11666666666667,Theis confined,0.783987171829309,0.0093523109661757,0.2462477128749394
Lovelock Valley,Lovelock Valley|FETH|157.1166667,FETH,157.11666666666667,Hantush-Jacob leaky,0.1110174195124268,0.0093510118134886,0.293715718150169
Lovelock Valley,Lovelock Valley|FETH|157.1166667,FETH,157.11666666666667,Lagging Darcy no-leakage,0.09190771088962445,0.0097379221574853,0.17416779015246725
Lovelock Valley,Lovelock Valley|FETH|157.1166667,FETH,157.11666666666667,Lagging Darcy with leakage,0.013087697768639887,0.0097372732468451,0.17391867251493798
Lovelock Valley,Lovelock Valley|FETH|169.1166667,FETH,169.11666666666667,Theis confined,0.783987171829309,0.0114443002815138,0.2462477128749394
Lovelock Valley,Lovelock Valley|FETH|169.1166667,FETH,169.11666666666667,Hantush-Jacob leaky,0.1110174195124268,0.0114430873310087,0.293715718150169
Lovelock Valley,Lovelock Valley|FETH|169.1166667,FETH,169.11666666666667,Lagging Darcy no-leakage,0.09190771088962445,0.0117117122384975,0.17416779015246725
Lovelock Valley,Lovelock Valley|FETH|169.1166667,FETH,169.11666666666667,Lagging Darcy with leakage,0.013087697768639887,0.0117106783702444,0.17391867251493798
Lovelock Valley,Lovelock Valley|FETH|181.1166667,FETH,181.11666666666667,Theis confined,0.783987171829309,0.0136724146684163,0.2462477128749394
Lovelock Valley,Lovelock Valley|FETH|181.1166667,FETH,181.11666666666667,Hantush-Jacob leaky,0.1110174195124268,0.0136713428601174,0.293715718150169
Lovelock Valley,Lovelock Valley|FETH|181.1166667,FETH,181.11666666666667,Lagging Darcy no-leakage,0.09190771088962445,0.0138160902302573,0.17416779015246725
Lovelock Valley,Lovelock Valley|FETH|181.1166667,FETH,181.11666666666667,Lagging Darcy with leakage,0.013087697768639887,0.0138145215448404,0.17391867251493798
Lovelock Valley,Lovelock Valley|FETH|193.1166667,FETH,193.11666666666667,Theis confined,0.783987171829309,0.0159895803578004,0.2462477128749394
Lovelock Valley,Lovelock Valley|FETH|193.1166667,FETH,193.11666666666667,Hantush-Jacob leaky,0.1110174195124268,0.0159887277023671,0.293715718150169
Lovelock Valley,Lovelock Valley|FETH|193.1166667,FETH,193.11666666666667,Lagging Darcy no-leakage,0.09190771088962445,0.0159908425350705,0.17416779015246725
Lovelock Valley,Lovelock Valley|FETH|193.1166667,FETH,193.11666666666667,Lagging Darcy with leakage,0.013087697768639887,0.0159888095558437,0.17391867251493798
Lovelock Valley,Lovelock Valley|FETH|205.1166667,FETH,205.11666666666667,Theis confined,0.783987171829309,0.0183132720117168,0.2462477128749394
Lovelock Valley,Lovelock Valley|FETH|205.1166667,FETH,205.11666666666667,Hantush-Jacob leaky,0.1110174195124268,0.0183127422123433,0.293715718150169
Lovelock Valley,Lovelock Valley|FETH|205.1166667,FETH,205.11666666666667,Lagging Darcy no-leakage,0.09190771088962445,0.0181466676834287,0.17416779015246725
Lovelock Valley,Lovelock Valley|FETH|205.1166667,FETH,205.11666666666667,Lagging Darcy with leakage,0.013087697768639887,0.01814441947096,0.17391867251493798
Lovelock Valley,Lovelock Valley|FETH|217.1166667,FETH,217.11666666666667,Theis confined,0.783987171829309,0.020552095998689,0.2462477128749394
Lovelock Valley,Lovelock Valley|FETH|217.1166667,FETH,217.11666666666667,Hantush-Jacob leaky,0.1110174195124268,0.0205519836925516,0.293715718150169
Lovelock Valley,Lovelock Valley|FETH|217.1166667,FETH,217.11666666666667,Lagging Darcy no-leakage,0.09190771088962445,0.0202086070860096,0.17416779015246725
Lovelock Valley,Lovelock Valley|FETH|217.1166667,FETH,217.11666666666667,Lagging Darcy with leakage,0.013087697768639887,0.0202064433477622,0.17391867251493798
Lovelock Valley,Lovelock Valley|FETH|229.1166667,FETH,229.11666666666667,Theis confined,0.783987171829309,0.0226346725150387,0.2462477128749394
Lovelock Valley,Lovelock Valley|FETH|229.1166667,FETH,229.11666666666667,Hantush-Jacob leaky,0.1110174195124268,0.0226350344592041,0.293715718150169
Lovelock Valley,Lovelock Valley|FETH|229.1166667,FETH,229.11666666666667,Lagging Darcy no-leakage,0.09190771088962445,0.0221273394393938,0.17416779015246725
Lovelock Valley,Lovelock Valley|FETH|229.1166667,FETH,229.11666666666667,Lagging Darcy with leakage,0.013087697768639887,0.0221255248061811,0.17391867251493798
Lovelock Valley,Lovelock Valley|FETH|241.1166667,FETH,241.11666666666667,Theis confined,0.783987171829309,0.0245183352554517,0.2462477128749394
Lovelock Valley,Lovelock Valley|FETH|241.1166667,FETH,241.11666666666667,Hantush-Jacob leaky,0.1110174195124268,0.02451918294195,0.293715718150169
Lovelock Valley,Lovelock Valley|FETH|241.1166667,FETH,241.11666666666667,Lagging Darcy no-leakage,0.09190771088962445,0.0238763353961731,0.17416779015246725
Lovelock Valley,Lovelock Valley|FETH|241.1166667,FETH,241.11666666666667,Lagging Darcy with leakage,0.013087697768639887,0.0238750633022799,0.17391867251493798
Lovelock Valley,Lovelock Valley|FETH|253.1166667,FETH,253.11666666666667,Theis confined,0.783987171829309,0.0261851552767988,0.2462477128749394
Lovelock Valley,Lovelock Valley|FETH|253.1166667,FETH,253.11666666666667,Hantush-Jacob leaky,0.1110174195124268,0.0261864613191743,0.293715718150169
Lovelock Valley,Lovelock Valley|FETH|253.1166667,FETH,253.11666666666667,Lagging Darcy no-leakage,0.09190771088962445,0.0254456630068902,0.17416779015246725
Lovelock Valley,Lovelock Valley|FETH|253.1166667,FETH,253.11666666666667,Lagging Darcy with leakage,0.013087697768639887,0.0254450500461406,0.17391867251493798
Lovelock Valley,Lovelock Valley|FETH|265.1166667,FETH,265.1166666666667,Theis confined,0.783987171829309,0.0276345062070586,0.2462477128749394
Lovelock Valley,Lovelock Valley|FETH|265.1166667,FETH,265.1166666666667,Hantush-Jacob leaky,0.1110174195124268,0.0276362154054091,0.293715718150169
Lovelock Valley,Lovelock Valley|FETH|265.1166667,FETH,265.1166666666667,Lagging Darcy no-leakage,0.09190771088962445,0.0268362950249316,0.17416779015246725
Lovelock Valley,Lovelock Valley|FETH|265.1166667,FETH,265.1166666666667,Lagging Darcy with leakage,0.013087697768639887,0.0268363896786844,0.17391867251493798
Lovelock Valley,Lovelock Valley|FETH|277.1166667,FETH,277.1166666666667,Theis confined,0.783987171829309,0.0288763619575921,0.2462477128749394
Lovelock Valley,Lovelock Valley|FETH|277.1166667,FETH,277.1166666666667,Hantush-Jacob leaky,0.1110174195124268,0.0288784020570099,0.293715718150169
Lovelock Valley,Lovelock Valley|FETH|277.1166667,FETH,277.1166666666667,Lagging Darcy no-leakage,0.09190771088962445,0.0280558202990802,0.17416779015246725
Lovelock Valley,Lovelock Valley|FETH|277.1166667,FETH,277.1166666666667,Lagging Darcy with leakage,0.013087697768639887,0.028056616599149,0.17391867251493798
Lovelock Valley,Lovelock Valley|FETH|289.1166667,FETH,289.1166666666667,Theis confined,0.783987171829309,0.0299263954697386,0.2462477128749394
Lovelock Valley,Lovelock Valley|FETH|289.1166667,FETH,289.1166666666667,Hantush-Jacob leaky,0.1110174195124268,0.0299286857763706,0.293715718150169
Lovelock Valley,Lovelock Valley|FETH|289.1166667,FETH,289.1166666666667,Lagging Darcy no-leakage,0.09190771088962445,0.0291154828992226,0.17416779015246725
Lovelock Valley,Lovelock Valley|FETH|289.1166667,FETH,289.1166666666667,Lagging Darcy with leakage,0.013087697768639887,0.0291169343541611,0.17391867251493798
Lovelock Valley,Lovelock Valley|FETH|301.1166667,FETH,301.1166666666667,Theis confined,0.783987171829309,0.0308027482223329,0.2462477128749394
Lovelock Valley,Lovelock Valley|FETH|301.1166667,FETH,301.1166666666667,Hantush-Jacob leaky,0.1110174195124268,0.0308052058160892,0.293715718150169
Lovelock Valley,Lovelock Valley|FETH|301.1166667,FETH,301.1166666666667,Lagging Darcy no-leakage,0.09190771088962445,0.030028239858293,0.17416779015246725
Lovelock Valley,Lovelock Valley|FETH|301.1166667,FETH,301.1166666666667,Lagging Darcy with leakage,0.013087697768639887,0.0300302716835555,0.17391867251493798
Lovelock Valley,Lovelock Valley|FETH|313.1166667,FETH,313.1166666666667,Theis confined,0.783987171829309,0.031524045899228,0.2462477128749394
Lovelock Valley,Lovelock Valley|FETH|313.1166667,FETH,313.1166666666667,Hantush-Jacob leaky,0.1110174195124268,0.0315265897854992,0.293715718150169
Lovelock Valley,Lovelock Valley|FETH|313.1166667,FETH,313.1166666666667,Lagging Darcy no-leakage,0.09190771088962445,0.0308075366997862,0.17416779015246725
Lovelock Valley,Lovelock Valley|FETH|313.1166667,FETH,313.1166666666667,Lagging Darcy with leakage,0.013087697768639887,0.0308100557682508,0.17391867251493798
Lovelock Valley,Lovelock Valley|FETH|325.1166667,FETH,325.1166666666667,Theis confined,0.783987171829309,0.0321082583083601,0.2462477128749394
Lovelock Valley,Lovelock Valley|FETH|325.1166667,FETH,325.1166666666667,Hantush-Jacob leaky,0.1110174195124268,0.0321108119938888,0.293715718150169
Lovelock Valley,Lovelock Valley|FETH|325.1166667,FETH,325.1166666666667,Lagging Darcy no-leakage,0.09190771088962445,0.0314665669499388,0.17416779015246725
Lovelock Valley,Lovelock Valley|FETH|325.1166667,FETH,325.1166666666667,Lagging Darcy with leakage,0.013087697768639887,0.031469469509907,0.17391867251493798
Lovelock Valley,Lovelock Valley|FETH|337.1166667,FETH,337.1166666666667,Theis confined,0.783987171829309,0.0325721006220159,0.2462477128749394
Lovelock Valley,Lovelock Valley|FETH|337.1166667,FETH,337.1166666666667,Hantush-Jacob leaky,0.1110174195124268,0.0325745935618323,0.293715718150169
Lovelock Valley,Lovelock Valley|FETH|337.1166667,FETH,337.1166666666667,Lagging Darcy no-leakage,0.09190771088962445,0.0320178491073854,0.17416779015246725
Lovelock Valley,Lovelock Valley|FETH|337.1166667,FETH,337.1166666666667,Lagging Darcy with leakage,0.013087697768639887,0.0320210265624013,0.17391867251493798
Lovelock Valley,Lovelock Valley|FETH|349.1166667,FETH,349.1166666666667,Theis confined,0.783987171829309,0.0329307680987588,0.2462477128749394
Lovelock Valley,Lovelock Valley|FETH|349.1166667,FETH,349.1166666666667,Hantush-Jacob leaky,0.1110174195124268,0.032933136370247,0.293715718150169
Lovelock Valley,Lovelock Valley|FETH|349.1166667,FETH,349.1166666666667,Lagging Darcy no-leakage,0.09190771088962445,0.0324730074121529,0.17416779015246725
Lovelock Valley,Lovelock Valley|FETH|349.1166667,FETH,349.1166666666667,Lagging Darcy with leakage,0.013087697768639887,0.0324763505198307,0.17391867251493798
Lovelock Valley,Lovelock Valley|FETH|361.1166667,FETH,361.1166666666667,Theis confined,0.783987171829309,0.0331978685585543,0.2462477128749394
Lovelock Valley,Lovelock Valley|FETH|361.1166667,FETH,361.1166666666667,Hantush-Jacob leaky,0.1110174195124268,0.0332000550267458,0.293715718150169
Lovelock Valley,Lovelock Valley|FETH|361.1166667,FETH,361.1166666666667,Lagging Darcy no-leakage,0.09190771088962445,0.0328426806684025,0.17416779015246725
Lovelock Valley,Lovelock Valley|FETH|361.1166667,FETH,361.1166666666667,Lagging Darcy with leakage,0.013087697768639887,0.0328460824974678,0.17391867251493798
Lovelock Valley,Lovelock Valley|FETH|373.1166667,FETH,373.1166666666667,Theis confined,0.783987171829309,0.0333854666681324,0.2462477128749394
Lovelock Valley,Lovelock Valley|FETH|373.1166667,FETH,373.1166666666667,Hantush-Jacob leaky,0.1110174195124268,0.0333874208299563,0.293715718150169
Lovelock Valley,Lovelock Valley|FETH|373.1166667,FETH,373.1166666666667,Lagging Darcy no-leakage,0.09190771088962445,0.0331365094075344,0.17416779015246725
Lovelock Valley,Lovelock Valley|FETH|373.1166667,FETH,373.1166666666667,Lagging Darcy with leakage,0.013087697768639887,0.0331398673441331,0.17391867251493798
Lovelock Valley,Lovelock Valley|FETH|385.1166667,FETH,385.1166666666667,Theis confined,0.783987171829309,0.0335041868860706,0.2462477128749394
Lovelock Valley,Lovelock Valley|FETH|385.1166667,FETH,385.1166666666667,Hantush-Jacob leaky,0.1110174195124268,0.0335058645231588,0.293715718150169
Lovelock Valley,Lovelock Valley|FETH|385.1166667,FETH,385.1166666666667,Lagging Darcy no-leakage,0.09190771088962445,0.0333631691470122,0.17416779015246725
Lovelock Valley,Lovelock Valley|FETH|385.1166667,FETH,385.1166666666667,Lagging Darcy with leakage,0.013087697768639887,0.0333663861871413,0.17391867251493798
Lovelock Valley,Lovelock Valley|FETH|397.1166667,FETH,397.1166666666667,Theis confined,0.783987171829309,0.0335633429414358,0.2462477128749394
Lovelock Valley,Lovelock Valley|FETH|397.1166667,FETH,397.1166666666667,Hantush-Jacob leaky,0.1110174195124268,0.0335647056688497,0.293715718150169
Lovelock Valley,Lovelock Valley|FETH|397.1166667,FETH,397.1166666666667,Lagging Darcy no-leakage,0.09190771088962445,0.0335304290704594,0.17416779015246725
Lovelock Valley,Lovelock Valley|FETH|397.1166667,FETH,397.1166666666667,Lagging Darcy with leakage,0.013087697768639887,0.0335334145851738,0.17391867251493798
Lovelock Valley,Lovelock Valley|FETH|409.1166667,FETH,409.1166666666667,Theis confined,0.783987171829309,0.0335710749619999,0.2462477128749394
Lovelock Valley,Lovelock Valley|FETH|409.1166667,FETH,409.1166666666667,Hantush-Jacob leaky,0.1110174195124268,0.0335720897304328,0.293715718150169
Lovelock Valley,Lovelock Valley|FETH|409.1166667,FETH,409.1166666666667,Lagging Darcy no-leakage,0.09190771088962445,0.0336452230546229,0.17416779015246725
Lovelock Valley,Lovelock Valley|FETH|409.1166667,FETH,409.1166666666667,Lagging Darcy with leakage,0.013087697768639887,0.0336478931721664,0.17391867251493798
Lovelock Valley,Lovelock Valley|FETH|421.1166667,FETH,421.1166666666667,Theis confined,0.783987171829309,0.0335344835920707,0.2462477128749394
Lovelock Valley,Lovelock Valley|FETH|421.1166667,FETH,421.1166666666667,Hantush-Jacob leaky,0.1110174195124268,0.0335351221804418,0.293715718150169
Lovelock Valley,Lovelock Valley|FETH|421.1166667,FETH,421.1166666666667,Lagging Darcy no-leakage,0.09190771088962445,0.0337137249304088,0.17416779015246725
Lovelock Valley,Lovelock Valley|FETH|421.1166667,FETH,421.1166666666667,Lagging Darcy with leakage,0.013087697768639887,0.0337160026447922,0.17391867251493798
Lovelock Valley,Lovelock Valley|FETH|433.1166667,FETH,433.1166666666667,Theis confined,0.783987171829309,0.0334597554765337,0.2462477128749394
Lovelock Valley,Lovelock Valley|FETH|433.1166667,FETH,433.1166666666667,Hantush-Jacob leaky,0.1110174195124268,0.0334599939978233,0.293715718150169
Lovelock Valley,Lovelock Valley|FETH|433.1166667,FETH,433.1166666666667,Lagging Darcy no-leakage,0.09190771088962445,0.0337414230852527,0.17416779015246725
Lovelock Valley,Lovelock Valley|FETH|433.1166667,FETH,433.1166666666667,Lagging Darcy with leakage,0.013087697768639887,0.0337432381736291,0.17391867251493798
Lovelock Valley,Lovelock Valley|FETH|445.1166667,FETH,445.1166666666667,Theis confined,0.783987171829309,0.0333522775200117,0.2462477128749394
Lovelock Valley,Lovelock Valley|FETH|445.1166667,FETH,445.1166666666667,Hantush-Jacob leaky,0.1110174195124268,0.0333520959537267,0.293715718150169
Lovelock Valley,Lovelock Valley|FETH|445.1166667,FETH,445.1166666666667,Lagging Darcy no-leakage,0.09190771088962445,0.0337331915885413,0.17416779015246725
Lovelock Valley,Lovelock Valley|FETH|445.1166667,FETH,445.1166666666667,Lagging Darcy with leakage,0.013087697768639887,0.0337344803988123,0.17391867251493798
Lovelock Valley,Lovelock Valley|FETH|457.1166667,FETH,457.1166666666667,Theis confined,0.783987171829309,0.0332167391124321,0.2462477128749394
Lovelock Valley,Lovelock Valley|FETH|457.1166667,FETH,457.1166666666667,Hantush-Jacob leaky,0.1110174195124268,0.033216120870825,0.293715718150169
Lovelock Valley,Lovelock Valley|FETH|457.1166667,FETH,457.1166666666667,Lagging Darcy no-leakage,0.09190771088962445,0.0336933563461135,0.17416779015246725
Lovelock Valley,Lovelock Valley|FETH|457.1166667,FETH,457.1166666666667,Lagging Darcy with leakage,0.013087697768639887,0.033694061499925,0.17391867251493798
Lovelock Valley,Lovelock Valley|FETH|469.1166667,FETH,469.1166666666667,Theis confined,0.783987171829309,0.033057222521721,0.2462477128749394
Lovelock Valley,Lovelock Valley|FETH|469.1166667,FETH,469.1166666666667,Hantush-Jacob leaky,0.1110174195124268,0.0330561540528079,0.293715718150169
Lovelock Valley,Lovelock Valley|FETH|469.1166667,FETH,469.1166666666667,Lagging Darcy no-leakage,0.09190771088962445,0.0336257556224708,0.17416779015246725
Lovelock Valley,Lovelock Valley|FETH|469.1166667,FETH,469.1166666666667,Lagging Darcy with leakage,0.013087697768639887,0.0336258256667496,0.17391867251493798
Lovelock Valley,Lovelock Valley|FETH|481.1166667,FETH,481.1166666666667,Theis confined,0.783987171829309,0.0328772821907832,0.2462477128749394
Lovelock Valley,Lovelock Valley|FETH|481.1166667,FETH,481.1166666666667,Hantush-Jacob leaky,0.1110174195124268,0.0328757526186129,0.293715718150169
Lovelock Valley,Lovelock Valley|FETH|481.1166667,FETH,481.1166666666667,Lagging Darcy no-leakage,0.09190771088962445,0.033533794782205,0.17416779015246725
Lovelock Valley,Lovelock Valley|FETH|481.1166667,FETH,481.1166666666667,Lagging Darcy with leakage,0.013087697768639887,0.033533183813138,0.17391867251493798
Lovelock Valley,Lovelock Valley|FETH|493.1166667,FETH,493.1166666666667,Theis confined,0.783987171829309,0.0326800139271884,0.2462477128749394
Lovelock Valley,Lovelock Valley|FETH|493.1166667,FETH,493.1166666666667,Hantush-Jacob leaky,0.1110174195124268,0.0326780147282294,0.293715718150169
Lovelock Valley,Lovelock Valley|FETH|493.1166667,FETH,493.1166666666667,Lagging Darcy no-leakage,0.09190771088962445,0.0334204954070896,0.17416779015246725
Lovelock Valley,Lovelock Valley|FETH|493.1166667,FETH,493.1166666666667,Lagging Darcy with leakage,0.013087697768639887,0.0334191626836031,0.17391867251493798
Lovelock Valley,Lovelock Valley|FETH|505.1166667,FETH,505.1166666666667,Theis confined,0.783987171829309,0.0324681150570915,0.2462477128749394
Lovelock Valley,Lovelock Valley|FETH|505.1166667,FETH,505.1166666666667,Hantush-Jacob leaky,0.1110174195124268,0.0324656397706785,0.293715718150169
Lovelock Valley,Lovelock Valley|FETH|505.1166667,FETH,505.1166666666667,Lagging Darcy no-leakage,0.09190771088962445,0.0332885391165859,0.17416779015246725
Lovelock Valley,Lovelock Valley|FETH|505.1166667,FETH,505.1166666666667,Lagging Darcy with leakage,0.013087697768639887,0.0332864486752972,0.17391867251493798
Lovelock Valley,Lovelock Valley|FETH|517.1166667,FETH,517.1166666666667,Theis confined,0.783987171829309,0.0322439366023152,0.2462477128749394
Lovelock Valley,Lovelock Valley|FETH|517.1166667,FETH,517.1166666666667,Hantush-Jacob leaky,0.1110174195124268,0.0322409805726219,0.293715718150169
Lovelock Valley,Lovelock Valley|FETH|517.1166667,FETH,517.1166666666667,Lagging Darcy no-leakage,0.09190771088962445,0.0331403065055527,0.17416779015246725
Lovelock Valley,Lovelock Valley|FETH|517.1166667,FETH,517.1166666666667,Lagging Darcy with leakage,0.013087697768639887,0.0331374267853468,0.17391867251493798
Lovelock Valley,Lovelock Valley|FETH|529.1166667,FETH,529.1166666666667,Theis confined,0.783987171829309,0.0320095284756792,0.2462477128749394
Lovelock Valley,Lovelock Valley|FETH|529.1166667,FETH,529.1166666666667,Hantush-Jacob leaky,0.1110174195124268,0.032006088622487,0.293715718150169
Lovelock Valley,Lovelock Valley|FETH|529.1166667,FETH,529.1166666666667,Lagging Darcy no-leakage,0.09190771088962445,0.0329779116453425,0.17416779015246725
Lovelock Valley,Lovelock Valley|FETH|529.1166667,FETH,529.1166666666667,Lagging Darcy with leakage,0.013087697768639887,0.032974215127111,0.17391867251493798
Lovelock Valley,Lovelock Valley|FETH|541.1166667,FETH,541.1166666666667,Theis confined,0.783987171829309,0.031766678601452,0.2462477128749394
Lovelock Valley,Lovelock Valley|FETH|541.1166667,FETH,541.1166666666667,Hantush-Jacob leaky,0.1110174195124268,0.0317627532169711,0.293715718150169
Lovelock Valley,Lovelock Valley|FETH|541.1166667,FETH,541.1166666666667,Lagging Darcy no-leakage,0.09190771088962445,0.0328032325952929,0.17416779015246725
Lovelock Valley,Lovelock Valley|FETH|541.1166667,FETH,541.1166666666667,Lagging Darcy with leakage,0.013087697768639887,0.0327986954599754,0.17391867251493798
Lovelock Valley,Lovelock Valley|FETH|553.1166667,FETH,553.1166666666667,Theis confined,0.783987171829309,0.0315169467711566,0.2462477128749394
Lovelock Valley,Lovelock Valley|FETH|553.1166667,FETH,553.1166666666667,Hantush-Jacob leaky,0.1110174195124268,0.0315125353402531,0.293715718150169
Lovelock Valley,Lovelock Valley|FETH|553.1166667,FETH,553.1166666666667,Lagging Darcy no-leakage,0.09190771088962445,0.0326179383515506,0.17416779015246725
Lovelock Valley,Lovelock Valley|FETH|553.1166667,FETH,553.1166666666667,Lagging Darcy with leakage,0.013087697768639887,0.0326125401586369,0.17391867251493798
Lovelock Valley,Lovelock Valley|FETH|565.1166667,FETH,565.1166666666667,Theis confined,0.783987171829309,0.0312616939490003,0.2462477128749394
Lovelock Valley,Lovelock Valley|FETH|565.1166667,FETH,565.1166666666667,Hantush-Jacob leaky,0.1110174195124268,0.0312567969903424,0.293715718150169
Lovelock Valley,Lovelock Valley|FETH|565.1166667,FETH,565.1166666666667,Lagging Darcy no-leakage,0.09190771088962445,0.0324235126320483,0.17416779015246725
Lovelock Valley,Lovelock Valley|FETH|565.1166667,FETH,565.1166666666667,Lagging Darcy with leakage,0.013087697768639887,0.0324172360193413,0.17391867251493798
Lovelock Valley,Lovelock Valley|FETH|577.1166667,FETH,577.1166666666667,Theis confined,0.783987171829309,0.0310021076508246,0.2462477128749394
Lovelock Valley,Lovelock Valley|FETH|577.1166667,FETH,577.1166666666667,Hantush-Jacob leaky,0.1110174195124268,0.0309967265766514,0.293715718150169
Lovelock Valley,Lovelock Valley|FETH|577.1166667,FETH,577.1166666666667,Lagging Darcy no-leakage,0.09190771088962445,0.0322212748617877,0.17416779015246725
Lovelock Valley,Lovelock Valley|FETH|577.1166667,FETH,577.1166666666667,Lagging Darcy with leakage,0.013087697768639887,0.0322141052663078,0.17391867251493798
Lovelock Valley,Lovelock Valley|MOIR|1.116666667,MOIR,1.116666666666665,Theis confined,3.0836916000179203e-07,1.993548761913382e-71,0.2462477128749394
Lovelock Valley,Lovelock Valley|MOIR|1.116666667,MOIR,1.116666666666665,Hantush-Jacob leaky,4.3376827128689444e-08,1.928514183363597e-71,0.293715718150169
Lovelock Valley,Lovelock Valley|MOIR|1.116666667,MOIR,1.116666666666665,Lagging Darcy no-leakage,0.8192593687972178,6.8911303283599685e-06,0.17416779015246725
Lovelock Valley,Lovelock Valley|MOIR|1.116666667,MOIR,1.116666666666665,Lagging Darcy with leakage,0.1807402794567951,9.515878268034474e-06,0.17391867251493798
Lovelock Valley,Lovelock Valley|MOIR|13.11666667,MOIR,13.116666666666665,Theis confined,3.0836916000179203e-07,2.0373613883034147e-08,0.2462477128749394
Lovelock Valley,Lovelock Valley|MOIR|13.11666667,MOIR,13.116666666666665,Hantush-Jacob leaky,4.3376827128689444e-08,2.0320977496339843e-08,0.293715718150169
Lovelock Valley,Lovelock Valley|MOIR|13.11666667,MOIR,13.116666666666665,Lagging Darcy no-leakage,0.8192593687972178,0.000355610263283,0.17416779015246725
Lovelock Valley,Lovelock Valley|MOIR|13.11666667,MOIR,13.116666666666665,Lagging Darcy with leakage,0.1807402794567951,0.0004559309359003,0.17391867251493798
Lovelock Valley,Lovelock Valley|MOIR|25.11666667,MOIR,25.11666666666666,Theis confined,3.0836916000179203e-07,2.1040897843793665e-05,0.2462477128749394
Lovelock Valley,Lovelock Valley|MOIR|25.11666667,MOIR,25.11666666666666,Hantush-Jacob leaky,4.3376827128689444e-08,2.1015054706751144e-05,0.293715718150169
Lovelock Valley,Lovelock Valley|MOIR|25.11666667,MOIR,25.11666666666666,Lagging Darcy no-leakage,0.8192593687972178,0.0009525185498132,0.17416779015246725
Lovelock Valley,Lovelock Valley|MOIR|25.11666667,MOIR,25.11666666666666,Lagging Darcy with leakage,0.1807402794567951,0.0011260342174446,0.17391867251493798
Lovelock Valley,Lovelock Valley|MOIR|37.11666667,MOIR,37.11666666666666,Theis confined,3.0836916000179203e-07,0.0002791094572993,0.2462477128749394
Lovelock Valley,Lovelock Valley|MOIR|37.11666667,MOIR,37.11666666666666,Hantush-Jacob leaky,4.3376827128689444e-08,0.0002788998615428,0.293715718150169
Lovelock Valley,Lovelock Valley|MOIR|37.11666667,MOIR,37.11666666666666,Lagging Darcy no-leakage,0.8192593687972178,0.0018811286005478,0.17416779015246725
Lovelock Valley,Lovelock Valley|MOIR|37.11666667,MOIR,37.11666666666666,Lagging Darcy with leakage,0.1807402794567951,0.0020942594047298,0.17391867251493798
Lovelock Valley,Lovelock Valley|MOIR|49.11666667,MOIR,49.116666666666674,Theis confined,3.0836916000179203e-07,0.0011138047948333,0.2462477128749394
Lovelock Valley,Lovelock Valley|MOIR|49.11666667,MOIR,49.116666666666674,Hantush-Jacob leaky,4.3376827128689444e-08,0.0011132381436382,0.293715718150169
Lovelock Valley,Lovelock Valley|MOIR|49.11666667,MOIR,49.116666666666674,Lagging Darcy no-leakage,0.8192593687972178,0.0032309541558301,0.17416779015246725
Lovelock Valley,Lovelock Valley|MOIR|49.11666667,MOIR,49.116666666666674,Lagging Darcy with leakage,0.1807402794567951,0.0034320073553685,0.17391867251493798
Lovelock Valley,Lovelock Valley|MOIR|61.11666667,MOIR,61.116666666666674,Theis confined,3.0836916000179203e-07,0.0026741609292584,0.2462477128749394
Lovelock Valley,Lovelock Valley|MOIR|61.11666667,MOIR,61.116666666666674,Hantush-Jacob leaky,4.3376827128689444e-08,0.0026731891870543,0.293715718150169
Lovelock Valley,Lovelock Valley|MOIR|61.11666667,MOIR,61.116666666666674,Lagging Darcy no-leakage,0.8192593687972178,0.0050347112460352,0.17416779015246725
Lovelock Valley,Lovelock Valley|MOIR|61.11666667,MOIR,61.116666666666674,Lagging Darcy with leakage,0.1807402794567951,0.0051806087345362,0.17391867251493798
Lovelock Valley,Lovelock Valley|MOIR|73.11666667,MOIR,73.11666666666667,Theis confined,3.0836916000179203e-07,0.004926458987637,0.2462477128749394
Lovelock Valley,Lovelock Valley|MOIR|73.11666667,MOIR,73.11666666666667,Hantush-Jacob leaky,4.3376827128689444e-08,0.0049251423822669,0.293715718150169
Lovelock Valley,Lovelock Valley|MOIR|73.11666667,MOIR,73.11666666666667,Lagging Darcy no-leakage,0.8192593687972178,0.0072736240363288,0.17416779015246725
Lovelock Valley,Lovelock Valley|MOIR|73.11666667,MOIR,73.11666666666667,Lagging Darcy with leakage,0.1807402794567951,0.0073398731305583,0.17391867251493798
Lovelock Valley,Lovelock Valley|MOIR|85.11666667,MOIR,85.11666666666667,Theis confined,3.0836916000179203e-07,0.0077594531770013,0.2462477128749394
Lovelock Valley,Lovelock Valley|MOIR|85.11666667,MOIR,85.11666666666667,Hantush-Jacob leaky,4.3376827128689444e-08,0.0077579045488628,0.293715718150169
Lovelock Valley,Lovelock Valley|MOIR|85.11666667,MOIR,85.11666666666667,Lagging Darcy no-leakage,0.8192593687972178,0.0099010696610256,0.17416779015246725
Lovelock Valley,Lovelock Valley|MOIR|85.11666667,MOIR,85.11666666666667,Lagging Darcy with leakage,0.1807402794567951,0.0098809695227308,0.17391867251493798
Lovelock Valley,Lovelock Valley|MOIR|97.11666667,MOIR,97.11666666666666,Theis confined,3.0836916000179203e-07,0.011048035351491,0.2462477128749394
Lovelock Valley,Lovelock Valley|MOIR|97.11666667,MOIR,97.11666666666666,Hantush-Jacob leaky,4.3376827128689444e-08,0.0110463799392072,0.293715718150169
Lovelock Valley,Lovelock Valley|MOIR|97.11666667,MOIR,97.11666666666666,Lagging Darcy no-leakage,0.8192593687972178,0.012860168750328,0.17416779015246725
Lovelock Valley,Lovelock Valley|MOIR|97.11666667,MOIR,97.11666666666666,Lagging Darcy with leakage,0.1807402794567951,0.0127602707031767,0.17391867251493798
Lovelock Valley,Lovelock Valley|MOIR|109.1166667,MOIR,109.11666666666666,Theis confined,3.0836916000179203e-07,0.0146791185091432,0.2462477128749394
Lovelock Valley,Lovelock Valley|MOIR|109.1166667,MOIR,109.11666666666666,Hantush-Jacob leaky,4.3376827128689444e-08,0.0146774726733893,0.293715718150169
Lovelock Valley,Lovelock Valley|MOIR|109.1166667,MOIR,109.11666666666666,Lagging Darcy no-leakage,0.8192593687972178,0.0160937106003268,0.17416779015246725
Lovelock Valley,Lovelock Valley|MOIR|109.1166667,MOIR,109.11666666666666,Lagging Darcy with leakage,0.1807402794567951,0.0159289639461284,0.17391867251493798
Lovelock Valley,Lovelock Valley|MOIR|121.1166667,MOIR,121.11666666666666,Theis confined,3.0836916000179203e-07,0.0185588978860857,0.2462477128749394
Lovelock Valley,Lovelock Valley|MOIR|121.1166667,MOIR,121.11666666666666,Hantush-Jacob leaky,4.3376827128689444e-08,0.0185573601171358,0.293715718150169
Lovelock Valley,Lovelock Valley|MOIR|121.1166667,MOIR,121.11666666666666,Lagging Darcy no-leakage,0.8192593687972178,0.0195489250069347,0.17416779015246725
Lovelock Valley,Lovelock Valley|MOIR|121.1166667,MOIR,121.11666666666666,Lagging Darcy with leakage,0.1807402794567951,0.019338703829164,0.17391867251493798
Lovelock Valley,Lovelock Valley|MOIR|133.1166667,MOIR,133.11666666666667,Theis confined,3.0836916000179203e-07,0.0226126323804931,0.2462477128749394
Lovelock Valley,Lovelock Valley|MOIR|133.1166667,MOIR,133.11666666666667,Hantush-Jacob leaky,4.3376827128689444e-08,0.0226112809214348,0.293715718150169
Lovelock Valley,Lovelock Valley|MOIR|133.1166667,MOIR,133.11666666666667,Lagging Darcy no-leakage,0.8192593687972178,0.0231793291564294,0.17416779015246725
Lovelock Valley,Lovelock Valley|MOIR|133.1166667,MOIR,133.11666666666667,Lagging Darcy with leakage,0.1807402794567951,0.0229445495747848,0.17391867251493798
Lovelock Valley,Lovelock Valley|MOIR|145.1166667,MOIR,145.11666666666667,Theis confined,3.0836916000179203e-07,0.0267819736941576,0.2462477128749394
Lovelock Valley,Lovelock Valley|MOIR|145.1166667,MOIR,145.11666666666667,Hantush-Jacob leaky,4.3376827128689444e-08,0.0267808673410306,0.293715718150169
Lovelock Valley,Lovelock Valley|MOIR|145.1166667,MOIR,145.11666666666667,Lagging Darcy no-leakage,0.8192593687972178,0.0269465794617266,0.17416779015246725
Lovelock Valley,Lovelock Valley|MOIR|145.1166667,MOIR,145.11666666666667,Lagging Darcy with leakage,0.1807402794567951,0.0267086551131104,0.17391867251493798
Lovelock Valley,Lovelock Valley|MOIR|157.1166667,MOIR,157.11666666666667,Theis confined,3.0836916000179203e-07,0.03102185659479,0.2462477128749394
Lovelock Valley,Lovelock Valley|MOIR|157.1166667,MOIR,157.11666666666667,Hantush-Jacob leaky,4.3376827128689444e-08,0.0310210368470581,0.293715718150169
Lovelock Valley,Lovelock Valley|MOIR|157.1166667,MOIR,157.11666666666667,Lagging Darcy no-leakage,0.8192593687972178,0.0304790300149218,0.17416779015246725
Lovelock Valley,Lovelock Valley|MOIR|157.1166667,MOIR,157.11666666666667,Lagging Darcy with leakage,0.1807402794567951,0.030158506960251,0.17391867251493798
Lovelock Valley,Lovelock Valley|MOIR|169.1166667,MOIR,169.11666666666667,Theis confined,3.0836916000179203e-07,0.0352802739179842,0.2462477128749394
Lovelock Valley,Lovelock Valley|MOIR|169.1166667,MOIR,169.11666666666667,Hantush-Jacob leaky,4.3376827128689444e-08,0.035279789445402,0.293715718150169
Lovelock Valley,Lovelock Valley|MOIR|169.1166667,MOIR,169.11666666666667,Lagging Darcy no-leakage,0.8192593687972178,0.0338368358360961,0.17416779015246725
Lovelock Valley,Lovelock Valley|MOIR|169.1166667,MOIR,169.11666666666667,Lagging Darcy with leakage,0.1807402794567951,0.0334740115358296,0.17391867251493798
Lovelock Valley,Lovelock Valley|MOIR|181.1166667,MOIR,181.11666666666667,Theis confined,3.0836916000179203e-07,0.0393277548534821,0.2462477128749394
Lovelock Valley,Lovelock Valley|MOIR|181.1166667,MOIR,181.11666666666667,Hantush-Jacob leaky,4.3376827128689444e-08,0.039327771717885,0.293715718150169
Lovelock Valley,Lovelock Valley|MOIR|181.1166667,MOIR,181.11666666666667,Lagging Darcy no-leakage,0.8192593687972178,0.0369181324243331,0.17416779015246725
Lovelock Valley,Lovelock Valley|MOIR|181.1166667,MOIR,181.11666666666667,Lagging Darcy with leakage,0.1807402794567951,0.0365589413720418,0.17391867251493798
Lovelock Valley,Lovelock Valley|MOIR|193.1166667,MOIR,193.11666666666667,Theis confined,3.0836916000179203e-07,0.0428014108542953,0.2462477128749394
Lovelock Valley,Lovelock Valley|MOIR|193.1166667,MOIR,193.11666666666667,Hantush-Jacob leaky,4.3376827128689444e-08,0.0428021105803427,0.293715718150169
Lovelock Valley,Lovelock Valley|MOIR|193.1166667,MOIR,193.11666666666667,Lagging Darcy no-leakage,0.8192593687972178,0.0396125787313249,0.17416779015246725
Lovelock Valley,Lovelock Valley|MOIR|193.1166667,MOIR,193.11666666666667,Lagging Darcy with leakage,0.1807402794567951,0.0393199009011159,0.17391867251493798
Lovelock Valley,Lovelock Valley|MOIR|205.1166667,MOIR,205.11666666666667,Theis confined,3.0836916000179203e-07,0.0455258212056006,0.2462477128749394
Lovelock Valley,Lovelock Valley|MOIR|205.1166667,MOIR,205.11666666666667,Hantush-Jacob leaky,4.3376827128689444e-08,0.0455272542127438,0.293715718150169
Lovelock Valley,Lovelock Valley|MOIR|205.1166667,MOIR,205.11666666666667,Lagging Darcy no-leakage,0.8192593687972178,0.0418686719783062,0.17416779015246725
Lovelock Valley,Lovelock Valley|MOIR|205.1166667,MOIR,205.11666666666667,Lagging Darcy with leakage,0.1807402794567951,0.0416950294994056,0.17391867251493798
Lovelock Valley,Lovelock Valley|MOIR|217.1166667,MOIR,217.11666666666667,Theis confined,3.0836916000179203e-07,0.0475170002004219,0.2462477128749394
Lovelock Valley,Lovelock Valley|MOIR|217.1166667,MOIR,217.11666666666667,Hantush-Jacob leaky,4.3376827128689444e-08,0.0475190994907025,0.293715718150169
Lovelock Valley,Lovelock Valley|MOIR|217.1166667,MOIR,217.11666666666667,Lagging Darcy no-leakage,0.8192593687972178,0.043690325682813,0.17416779015246725
Lovelock Valley,Lovelock Valley|MOIR|217.1166667,MOIR,217.11666666666667,Lagging Darcy with leakage,0.1807402794567951,0.0436673068713236,0.17391867251493798
Lovelock Valley,Lovelock Valley|MOIR|229.1166667,MOIR,229.11666666666667,Theis confined,3.0836916000179203e-07,0.0488757837282544,0.2462477128749394
Lovelock Valley,Lovelock Valley|MOIR|229.1166667,MOIR,229.11666666666667,Hantush-Jacob leaky,4.3376827128689444e-08,0.0488784219341045,0.293715718150169
Lovelock Valley,Lovelock Valley|MOIR|229.1166667,MOIR,229.11666666666667,Lagging Darcy no-leakage,0.8192593687972178,0.0451127415326977,0.17416779015246725
Lovelock Valley,Lovelock Valley|MOIR|229.1166667,MOIR,229.11666666666667,Lagging Darcy with leakage,0.1807402794567951,0.0452516554107294,0.17391867251493798
Lovelock Valley,Lovelock Valley|MOIR|241.1166667,MOIR,241.11666666666667,Theis confined,3.0836916000179203e-07,0.0497211779308307,0.2462477128749394
Lovelock Valley,Lovelock Valley|MOIR|241.1166667,MOIR,241.11666666666667,Hantush-Jacob leaky,4.3376827128689444e-08,0.0497242096534699,0.293715718150169
Lovelock Valley,Lovelock Valley|MOIR|241.1166667,MOIR,241.11666666666667,Lagging Darcy no-leakage,0.8192593687972178,0.0461840087743058,0.17416779015246725
Lovelock Valley,Lovelock Valley|MOIR|241.1166667,MOIR,241.11666666666667,Lagging Darcy with leakage,0.1807402794567951,0.0464805612539098,0.17391867251493798
Lovelock Valley,Lovelock Valley|MOIR|253.1166667,MOIR,253.11666666666667,Theis confined,3.0836916000179203e-07,0.0501626273572079,0.2462477128749394
Lovelock Valley,Lovelock Valley|MOIR|253.1166667,MOIR,253.11666666666667,Hantush-Jacob leaky,4.3376827128689444e-08,0.0501659121298619,0.293715718150169
Lovelock Valley,Lovelock Valley|MOIR|253.1166667,MOIR,253.11666666666667,Lagging Darcy no-leakage,0.8192593687972178,0.0469545220840729,0.17416779015246725
Lovelock Valley,Lovelock Valley|MOIR|253.1166667,MOIR,253.11666666666667,Lagging Darcy with leakage,0.1807402794567951,0.0473939146120089,0.17391867251493798
Lovelock Valley,Lovelock Valley|MOIR|265.1166667,MOIR,265.1166666666667,Theis confined,3.0836916000179203e-07,0.0502917806143004,0.2462477128749394
Lovelock Valley,Lovelock Valley|MOIR|265.1166667,MOIR,265.1166666666667,Hantush-Jacob leaky,4.3376827128689444e-08,0.0502951930848877,0.293715718150169
Lovelock Valley,Lovelock Valley|MOIR|265.1166667,MOIR,265.1166666666667,Lagging Darcy no-leakage,0.8192593687972178,0.0474717373681189,0.17416779015246725
Lovelock Valley,Lovelock Valley|MOIR|265.1166667,MOIR,265.1166666666667,Lagging Darcy with leakage,0.1807402794567951,0.0480329077442697,0.17391867251493798
Lovelock Valley,Lovelock Valley|MOIR|277.1166667,MOIR,277.1166666666667,Theis confined,3.0836916000179203e-07,0.0501821931629734,0.2462477128749394
Lovelock Valley,Lovelock Valley|MOIR|277.1166667,MOIR,277.1166666666667,Hantush-Jacob leaky,4.3376827128689444e-08,0.0501856263019989,0.293715718150169
Lovelock Valley,Lovelock Valley|MOIR|277.1166667,MOIR,277.1166666666667,Lagging Darcy no-leakage,0.8192593687972178,0.0477779893672666,0.17416779015246725
Lovelock Valley,Lovelock Valley|MOIR|277.1166667,MOIR,277.1166666666667,Lagging Darcy with leakage,0.1807402794567951,0.0484367498299091,0.17391867251493798
Lovelock Valley,Lovelock Valley|MOIR|289.1166667,MOIR,289.1166666666667,Theis confined,3.0836916000179203e-07,0.0498917054116321,0.2462477128749394
Lovelock Valley,Lovelock Valley|MOIR|289.1166667,MOIR,289.1166666666667,Hantush-Jacob leaky,4.3376827128689444e-08,0.0498950703050983,0.293715718150169
Lovelock Valley,Lovelock Valley|MOIR|289.1166667,MOIR,289.1166666666667,Lagging Darcy no-leakage,0.8192593687972178,0.0479099168627155,0.17416779015246725
Lovelock Valley,Lovelock Valley|MOIR|289.1166667,MOIR,289.1166666666667,Lagging Darcy with leakage,0.1807402794567951,0.0486411179781376,0.17391867251493798
Lovelock Valley,Lovelock Valley|MOIR|301.1166667,MOIR,301.1166666666667,Theis confined,3.0836916000179203e-07,0.0494653600573745,0.2462477128749394
Lovelock Valley,Lovelock Valley|MOIR|301.1166667,MOIR,301.1166666666667,Hantush-Jacob leaky,4.3376827128689444e-08,0.0494685842199623,0.293715718150169
Lovelock Valley,Lovelock Valley|MOIR|301.1166667,MOIR,301.1166666666667,Lagging Darcy no-leakage,0.8192593687972178,0.0478986672918191,0.17416779015246725
Lovelock Valley,Lovelock Valley|MOIR|301.1166667,MOIR,301.1166666666667,Lagging Darcy with leakage,0.1807402794567951,0.0486776078447396,0.17391867251493798
Lovelock Valley,Lovelock Valley|MOIR|313.1166667,MOIR,313.1166666666667,Theis confined,3.0836916000179203e-07,0.0489380857585046,0.2462477128749394
Lovelock Valley,Lovelock Valley|MOIR|313.1166667,MOIR,313.1166666666667,Hantush-Jacob leaky,4.3376827128689444e-08,0.0489411109522257,0.293715718150169
Lovelock Valley,Lovelock Valley|MOIR|313.1166667,MOIR,313.1166666666667,Lagging Darcy no-leakage,0.8192593687972178,0.0477704354329424,0.17416779015246725
Lovelock Valley,Lovelock Valley|MOIR|313.1166667,MOIR,313.1166666666667,Lagging Darcy with leakage,0.1807402794567951,0.0485737265451073,0.17391867251493798
Lovelock Valley,Lovelock Valley|MOIR|325.1166667,MOIR,325.1166666666667,Theis confined,3.0836916000179203e-07,0.0483369305010454,0.2462477128749394
Lovelock Valley,Lovelock Valley|MOIR|325.1166667,MOIR,325.1166666666667,Hantush-Jacob leaky,4.3376827128689444e-08,0.0483397105311592,0.293715718150169
Lovelock Valley,Lovelock Valley|MOIR|325.1166667,MOIR,325.1166666666667,Lagging Darcy no-leakage,0.8192593687972178,0.047547107138099,0.17416779015246725
Lovelock Valley,Lovelock Valley|MOIR|325.1166667,MOIR,325.1166666666667,Lagging Darcy with leakage,0.1807402794567951,0.0483531575411185,0.17391867251493798
Lovelock Valley,Lovelock Valley|MOIR|337.1166667,MOIR,337.1166666666667,Theis confined,3.0836916000179203e-07,0.0476828389514148,0.2462477128749394
Lovelock Valley,Lovelock Valley|MOIR|337.1166667,MOIR,337.1166666666667,Hantush-Jacob leaky,4.3376827128689444e-08,0.0476853376452418,0.293715718150169
Lovelock Valley,Lovelock Valley|MOIR|337.1166667,MOIR,337.1166666666667,Lagging Darcy no-leakage,0.8192593687972178,0.0472468966544998,0.17416779015246725
Lovelock Valley,Lovelock Valley|MOIR|337.1166667,MOIR,337.1166666666667,Lagging Darcy with leakage,0.1807402794567951,0.0480361432846028,0.17391867251493798
Lovelock Valley,Lovelock Valley|MOIR|349.1166667,MOIR,349.1166666666667,Theis confined,3.0836916000179203e-07,0.0469920368904024,0.2462477128749394
Lovelock Valley,Lovelock Valley|MOIR|349.1166667,MOIR,349.1166666666667,Hantush-Jacob leaky,4.3376827128689444e-08,0.0469942263313256,0.293715718150169
Lovelock Valley,Lovelock Valley|MOIR|349.1166667,MOIR,349.1166666666667,Lagging Darcy no-leakage,0.8192593687972178,0.0468849282622057,0.17416779015246725
Lovelock Valley,Lovelock Valley|MOIR|349.1166667,MOIR,349.1166666666667,Lagging Darcy with leakage,0.1807402794567951,0.0476399007937226,0.17391867251493798
Lovelock Valley,Lovelock Valley|MOIR|361.1166667,MOIR,361.1166666666667,Theis confined,3.0836916000179203e-07,0.0462770988816979,0.2462477128749394
Lovelock Valley,Lovelock Valley|MOIR|361.1166667,MOIR,361.1166666666667,Hantush-Jacob leaky,4.3376827128689444e-08,0.0462789579067764,0.293715718150169
Lovelock Valley,Lovelock Valley|MOIR|361.1166667,MOIR,361.1166666666667,Lagging Darcy no-leakage,0.8192593687972178,0.0464737449113231,0.17416779015246725
Lovelock Valley,Lovelock Valley|MOIR|361.1166667,MOIR,361.1166666666667,Lagging Darcy with leakage,0.1807402794567951,0.0471790258227154,0.17391867251493798
Lovelock Valley,Lovelock Valley|MOIR|373.1166667,MOIR,373.1166666666667,Theis confined,3.0836916000179203e-07,0.0455477685287745,0.2462477128749394
Lovelock Valley,Lovelock Valley|MOIR|373.1166667,MOIR,373.1166666666667,Hantush-Jacob leaky,4.3376827128689444e-08,0.0455492814701662,0.293715718150169
Lovelock Valley,Lovelock Valley|MOIR|373.1166667,MOIR,373.1166666666667,Lagging Darcy no-leakage,0.8192593687972178,0.0460237422712716,0.17416779015246725
Lovelock Valley,Lovelock Valley|MOIR|373.1166667,MOIR,373.1166666666667,Lagging Darcy with leakage,0.1807402794567951,0.0466658644211422,0.17391867251493798
Lovelock Valley,Lovelock Valley|MOIR|385.1166667,MOIR,385.1166666666667,Theis confined,3.0836916000179203e-07,0.0448115884614762,0.2462477128749394
Lovelock Valley,Lovelock Valley|MOIR|385.1166667,MOIR,385.1166666666667,Hantush-Jacob leaky,4.3376827128689444e-08,0.0448127441014953,0.293715718150169
Lovelock Valley,Lovelock Valley|MOIR|385.1166667,MOIR,385.1166666666667,Lagging Darcy no-leakage,0.8192593687972178,0.045543533758898,0.17416779015246725
Lovelock Valley,Lovelock Valley|MOIR|385.1166667,MOIR,385.1166666666667,Lagging Darcy with leakage,0.1807402794567951,0.0461108435866838,0.17391867251493798
Lovelock Valley,Lovelock Valley|MOIR|397.1166667,MOIR,397.1166666666667,Theis confined,3.0836916000179203e-07,0.0440743850194108,0.2462477128749394
Lovelock Valley,Lovelock Valley|MOIR|397.1166667,MOIR,397.1166666666667,Hantush-Jacob leaky,4.3376827128689444e-08,0.0440751757273037,0.293715718150169
Lovelock Valley,Lovelock Valley|MOIR|397.1166667,MOIR,397.1166666666667,Lagging Darcy no-leakage,0.8192593687972178,0.0450402548347605,0.17416779015246725
Lovelock Valley,Lovelock Valley|MOIR|397.1166667,MOIR,397.1166666666667,Lagging Darcy with leakage,0.1807402794567951,0.0455227596710678,0.17391867251493798
Lovelock Valley,Lovelock Valley|MOIR|409.1166667,MOIR,409.1166666666667,Theis confined,3.0836916000179203e-07,0.0433406422194537,0.2462477128749394
Lovelock Valley,Lovelock Valley|MOIR|409.1166667,MOIR,409.1166666666667,Hantush-Jacob leaky,4.3376827128689444e-08,0.0433410632400975,0.293715718150169
Lovelock Valley,Lovelock Valley|MOIR|409.1166667,MOIR,409.1166666666667,Lagging Darcy no-leakage,0.8192593687972178,0.0445198153662532,0.17416779015246725
Lovelock Valley,Lovelock Valley|MOIR|409.1166667,MOIR,409.1166666666667,Lagging Darcy with leakage,0.1807402794567951,0.0449090267327912,0.17391867251493798
Lovelock Valley,Lovelock Valley|MOIR|421.1166667,MOIR,421.1166666666667,Theis confined,3.0836916000179203e-07,0.0426137913129864,0.2462477128749394
Lovelock Valley,Lovelock Valley|MOIR|421.1166667,MOIR,421.1166666666667,Hantush-Jacob leaky,4.3376827128689444e-08,0.0426138401813246,0.293715718150169
Lovelock Valley,Lovelock Valley|MOIR|421.1166667,MOIR,421.1166666666667,Lagging Darcy no-leakage,0.8192593687972178,0.0439871083360229,0.17416779015246725
Lovelock Valley,Lovelock Valley|MOIR|421.1166667,MOIR,421.1166666666667,Lagging Darcy with leakage,0.1807402794567951,0.0442758886305527,0.17391867251493798
Lovelock Valley,Lovelock Valley|MOIR|433.1166667,MOIR,433.1166666666667,Theis confined,3.0836916000179203e-07,0.0418964358430553,0.2462477128749394
Lovelock Valley,Lovelock Valley|MOIR|433.1166667,MOIR,433.1166666666667,Hantush-Jacob leaky,4.3376827128689444e-08,0.0418961119019963,0.293715718150169
Lovelock Valley,Lovelock Valley|MOIR|433.1166667,MOIR,433.1166666666667,Lagging Darcy no-leakage,0.8192593687972178,0.0434461822349108,0.17416779015246725
Lovelock Valley,Lovelock Valley|MOIR|433.1166667,MOIR,433.1166666666667,Lagging Darcy with leakage,0.1807402794567951,0.0436285991845157,0.17391867251493798
Lovelock Valley,Lovelock Valley|MOIR|445.1166667,MOIR,445.1166666666667,Theis confined,3.0836916000179203e-07,0.0411905272546475,0.2462477128749394
Lovelock Valley,Lovelock Valley|MOIR|445.1166667,MOIR,445.1166666666667,Hantush-Jacob leaky,4.3376827128689444e-08,0.041189831257849,0.293715718150169
Lovelock Valley,Lovelock Valley|MOIR|445.1166667,MOIR,445.1166666666667,Lagging Darcy no-leakage,0.8192593687972178,0.0429003834349474,0.17416779015246725
Lovelock Valley,Lovelock Valley|MOIR|445.1166667,MOIR,445.1166666666667,Lagging Darcy with leakage,0.1807402794567951,0.0429715747007325,0.17391867251493798
Lovelock Valley,Lovelock Valley|MOIR|457.1166667,MOIR,457.1166666666667,Theis confined,3.0836916000179203e-07,0.0404975024526809,0.2462477128749394
Lovelock Valley,Lovelock Valley|MOIR|457.1166667,MOIR,457.1166666666667,Hantush-Jacob leaky,4.3376827128689444e-08,0.040496436236902,0.293715718150169
Lovelock Valley,Lovelock Valley|MOIR|457.1166667,MOIR,457.1166666666667,Lagging Darcy no-leakage,0.8192593687972178,0.0423524738358391,0.17416779015246725
Lovelock Valley,Lovelock Valley|MOIR|457.1166667,MOIR,457.1166666666667,Lagging Darcy with leakage,0.1807402794567951,0.0423085228446089,0.17391867251493798
Lovelock Valley,Lovelock Valley|MOIR|469.1166667,MOIR,469.1166666666667,Theis confined,3.0836916000179203e-07,0.0398183919552803,0.2462477128749394
Lovelock Valley,Lovelock Valley|MOIR|469.1166667,MOIR,469.1166666666667,Hantush-Jacob leaky,4.3376827128689444e-08,0.0398169581697646,0.293715718150169
Lovelock Valley,Lovelock Valley|MOIR|469.1166667,MOIR,469.1166666666667,Lagging Darcy no-leakage,0.8192593687972178,0.0418047281814178,0.17416779015246725
Lovelock Valley,Lovelock Valley|MOIR|469.1166667,MOIR,469.1166666666667,Lagging Darcy with leakage,0.1807402794567951,0.0416425514231366,0.17391867251493798
Lovelock Valley,Lovelock Valley|MOIR|481.1166667,MOIR,481.1166666666667,Theis confined,3.0836916000179203e-07,0.0391539052278237,0.2462477128749394
Lovelock Valley,Lovelock Valley|MOIR|481.1166667,MOIR,481.1166666666667,Hantush-Jacob leaky,4.3376827128689444e-08,0.0391521071104846,0.293715718150169
Lovelock Valley,Lovelock Valley|MOIR|481.1166667,MOIR,481.1166666666667,Lagging Darcy no-leakage,0.8192593687972178,0.0412590146705428,0.17416779015246725
Lovelock Valley,Lovelock Valley|MOIR|481.1166667,MOIR,481.1166666666667,Lagging Darcy with leakage,0.1807402794567951,0.0409762601812436,0.17391867251493798
Lovelock Valley,Lovelock Valley|MOIR|493.1166667,MOIR,493.1166666666667,Theis confined,3.0836916000179203e-07,0.0385044982327611,0.2462477128749394
Lovelock Valley,Lovelock Valley|MOIR|493.1166667,MOIR,493.1166666666667,Hantush-Jacob leaky,4.3376827128689444e-08,0.0385023394248509,0.293715718150169
Lovelock Valley,Lovelock Valley|MOIR|493.1166667,MOIR,493.1166666666667,Lagging Darcy no-leakage,0.8192593687972178,0.0407168618368419,0.17416779015246725
Lovelock Valley,Lovelock Valley|MOIR|493.1166667,MOIR,493.1166666666667,Lagging Darcy with leakage,0.1807402794567951,0.0403118182803994,0.17391867251493798
Lovelock Valley,Lovelock Valley|MOIR|505.1166667,MOIR,505.1166666666667,Theis confined,3.0836916000179203e-07,0.0378704270611438,0.2462477128749394
Lovelock Valley,Lovelock Valley|MOIR|505.1166667,MOIR,505.1166666666667,Hantush-Jacob leaky,4.3376827128689444e-08,0.0378679114536353,0.293715718150169
Lovelock Valley,Lovelock Valley|MOIR|505.1166667,MOIR,505.1166666666667,Lagging Darcy no-leakage,0.8192593687972178,0.0401795141314919,0.17416779015246725
Lovelock Valley,Lovelock Valley|MOIR|505.1166667,MOIR,505.1166666666667,Lagging Darcy with leakage,0.1807402794567951,0.0396510297292832,0.17391867251493798
Lovelock Valley,Lovelock Valley|MOIR|517.1166667,MOIR,517.1166666666667,Theis confined,3.0836916000179203e-07,0.0372517906271695,0.2462477128749394
Lovelock Valley,Lovelock Valley|MOIR|517.1166667,MOIR,517.1166666666667,Hantush-Jacob leaky,4.3376827128689444e-08,0.0372489222333443,0.293715718150169
Lovelock Valley,Lovelock Valley|MOIR|517.1166667,MOIR,517.1166666666667,Lagging Darcy no-leakage,0.8192593687972178,0.039647978200206,0.17416779015246725
Lovelock Valley,Lovelock Valley|MOIR|517.1166667,MOIR,517.1166666666667,Lagging Darcy with leakage,0.1807402794567951,0.0389953886846751,0.17391867251493798
Lovelock Valley,Lovelock Valley|MOIR|529.1166667,MOIR,529.1166666666667,Theis confined,3.0836916000179203e-07,0.0366485647349834,0.2462477128749394
Lovelock Valley,Lovelock Valley|MOIR|529.1166667,MOIR,529.1166666666667,Hantush-Jacob leaky,4.3376827128689444e-08,0.0366453475847387,0.293715718150169
Lovelock Valley,Lovelock Valley|MOIR|529.1166667,MOIR,529.1166666666667,Lagging Darcy no-leakage,0.8192593687972178,0.039123061481958,0.17416779015246725
Lovelock Valley,Lovelock Valley|MOIR|529.1166667,MOIR,529.1166666666667,Lagging Darcy with leakage,0.1807402794567951,0.0383461262367376,0.17391867251493798
Lovelock Valley,Lovelock Valley|MOIR|541.1166667,MOIR,541.1166666666667,Theis confined,3.0836916000179203e-07,0.0360606293142091,0.2462477128749394
Lovelock Valley,Lovelock Valley|MOIR|541.1166667,MOIR,541.1166666666667,Hantush-Jacob leaky,4.3376827128689444e-08,0.0360570673664212,0.293715718150169
Lovelock Valley,Lovelock Valley|MOIR|541.1166667,MOIR,541.1166666666667,Lagging Darcy no-leakage,0.8192593687972178,0.038605404461102,0.17416779015246725
Lovelock Valley,Lovelock Valley|MOIR|541.1166667,MOIR,541.1166666666667,Lagging Darcy with leakage,0.1807402794567951,0.0377042500330492,0.17391867251493798
Lovelock Valley,Lovelock Valley|MOIR|553.1166667,MOIR,553.1166666666667,Theis confined,3.0836916000179203e-07,0.0354877902277443,0.2462477128749394
Lovelock Valley,Lovelock Valley|MOIR|553.1166667,MOIR,553.1166666666667,Hantush-Jacob leaky,4.3376827128689444e-08,0.0354838872976946,0.293715718150169
Lovelock Valley,Lovelock Valley|MOIR|553.1166667,MOIR,553.1166666666667,Lagging Darcy no-leakage,0.8192593687972178,0.0380955076634279,0.17416779015246725
Lovelock Valley,Lovelock Valley|MOIR|553.1166667,MOIR,553.1166666666667,Lagging Darcy with leakage,0.1807402794567951,0.0370705778767119,0.17391867251493798
Lovelock Valley,Lovelock Valley|MOIR|565.1166667,MOIR,565.1166666666667,Theis confined,3.0836916000179203e-07,0.034929796752912,0.2462477128749394
Lovelock Valley,Lovelock Valley|MOIR|565.1166667,MOIR,565.1166666666667,Hantush-Jacob leaky,4.3376827128689444e-08,0.0349255564523205,0.293715718150169
Lovelock Valley,Lovelock Valley|MOIR|565.1166667,MOIR,565.1166666666667,Lagging Darcy no-leakage,0.8192593687972178,0.0375937542909656,0.17416779015246725
Lovelock Valley,Lovelock Valley|MOIR|565.1166667,MOIR,565.1166666666667,Lagging Darcy with leakage,0.1807402794567951,0.0364457662485108,0.17391867251493798
Lovelock Valley,Lovelock Valley|MOIR|577.1166667,MOIR,577.1166666666667,Theis confined,3.0836916000179203e-07,0.034386355603233,0.2462477128749394
Lovelock Valley,Lovelock Valley|MOIR|577.1166667,MOIR,577.1166666666667,Hantush-Jacob leaky,4.3376827128689444e-08,0.0343817812908813,0.293715718150169
Lovelock Valley,Lovelock Valley|MOIR|577.1166667,MOIR,577.1166666666667,Lagging Darcy no-leakage,0.8192593687972178,0.0371004292301049,0.17416779015246725
Lovelock Valley,Lovelock Valley|MOIR|577.1166667,MOIR,577.1166666666667,Lagging Darcy with leakage,0.1807402794567951,0.0358303345491652,0.17391867251493798
Lovelock Valley,Lovelock Valley|MD|1.116666667,MD,1.116666666666665,Theis confined,1.5889539829510472e-05,5.48407552280548e-29,0.2462477128749394
Lovelock Valley,Lovelock Valley|MD|1.116666667,MD,1.116666666666665,Hantush-Jacob leaky,1.8025443779876189e-06,1.0960110705248105e-29,0.293715718150169
Lovelock Valley,Lovelock Valley|MD|1.116666667,MD,1.116666666666665,Lagging Darcy no-leakage,0.8925533345589881,1.428067359409559e-05,0.17416779015246725
Lovelock Valley,Lovelock Valley|MD|1.116666667,MD,1.116666666666665,Lagging Darcy with leakage,0.10742897335680429,1.4340766778291128e-05,0.17391867251493798
Lovelock Valley,Lovelock Valley|MD|13.11666667,MD,13.116666666666665,Theis confined,1.5889539829510472e-05,7.035917278892772e-05,0.2462477128749394
Lovelock Valley,Lovelock Valley|MD|13.11666667,MD,13.116666666666665,Hantush-Jacob leaky,1.8025443779876189e-06,6.07371468598012e-05,0.293715718150169
Lovelock Valley,Lovelock Valley|MD|13.11666667,MD,13.116666666666665,Lagging Darcy no-leakage,0.8925533345589881,0.0114177946891255,0.17416779015246725
Lovelock Valley,Lovelock Valley|MD|13.11666667,MD,13.116666666666665,Lagging Darcy with leakage,0.10742897335680429,0.0114167150859066,0.17391867251493798
Lovelock Valley,Lovelock Valley|MD|25.11666667,MD,25.11666666666666,Theis confined,1.5889539829510472e-05,0.0012873271577454,0.2462477128749394
Lovelock Valley,Lovelock Valley|MD|25.11666667,MD,25.11666666666666,Hantush-Jacob leaky,1.8025443779876189e-06,0.0011879863900365,0.293715718150169
Lovelock Valley,Lovelock Valley|MD|25.11666667,MD,25.11666666666666,Lagging Darcy no-leakage,0.8925533345589881,0.0174581264236278,0.17416779015246725
Lovelock Valley,Lovelock Valley|MD|25.11666667,MD,25.11666666666666,Lagging Darcy with leakage,0.10742897335680429,0.0174587599955386,0.17391867251493798
Lovelock Valley,Lovelock Valley|MD|37.11666667,MD,37.11666666666666,Theis confined,1.5889539829510472e-05,0.0040186428407922,0.2462477128749394
Lovelock Valley,Lovelock Valley|MD|37.11666667,MD,37.11666666666666,Hantush-Jacob leaky,1.8025443779876189e-06,0.0037994826102563,0.293715718150169
Lovelock Valley,Lovelock Valley|MD|37.11666667,MD,37.11666666666666,Lagging Darcy no-leakage,0.8925533345589881,0.0199634527452126,0.17416779015246725
Lovelock Valley,Lovelock Valley|MD|37.11666667,MD,37.11666666666666,Lagging Darcy with leakage,0.10742897335680429,0.0199643516820409,0.17391867251493798
Lovelock Valley,Lovelock Valley|MD|49.11666667,MD,49.116666666666674,Theis confined,1.5889539829510472e-05,0.0075649734359186,0.2462477128749394
Lovelock Valley,Lovelock Valley|MD|49.11666667,MD,49.116666666666674,Hantush-Jacob leaky,1.8025443779876189e-06,0.0072439293977505,0.293715718150169
Lovelock Valley,Lovelock Valley|MD|49.11666667,MD,49.116666666666674,Lagging Darcy no-leakage,0.8925533345589881,0.0217245018829915,0.17416779015246725
Lovelock Valley,Lovelock Valley|MD|49.11666667,MD,49.116666666666674,Lagging Darcy with leakage,0.10742897335680429,0.0217253456264609,0.17391867251493798
Lovelock Valley,Lovelock Valley|MD|61.11666667,MD,61.116666666666674,Theis confined,1.5889539829510472e-05,0.0114273557063399,0.2462477128749394
Lovelock Valley,Lovelock Valley|MD|61.11666667,MD,61.116666666666674,Hantush-Jacob leaky,1.8025443779876189e-06,0.0110293312055261,0.293715718150169
Lovelock Valley,Lovelock Valley|MD|61.11666667,MD,61.116666666666674,Lagging Darcy no-leakage,0.8925533345589881,0.0233086184323238,0.17416779015246725
Lovelock Valley,Lovelock Valley|MD|61.11666667,MD,61.116666666666674,Lagging Darcy with leakage,0.10742897335680429,0.0233093392058847,0.17391867251493798
Lovelock Valley,Lovelock Valley|MD|73.11666667,MD,73.11666666666667,Theis confined,1.5889539829510472e-05,0.0153481639567593,0.2462477128749394
Lovelock Valley,Lovelock Valley|MD|73.11666667,MD,73.11666666666667,Hantush-Jacob leaky,1.8025443779876189e-06,0.0148943846772065,0.293715718150169
Lovelock Valley,Lovelock Valley|MD|73.11666667,MD,73.11666666666667,Lagging Darcy no-leakage,0.8925533345589881,0.024851154187573,0.17416779015246725
Lovelock Valley,Lovelock Valley|MD|73.11666667,MD,73.11666666666667,Lagging Darcy with leakage,0.10742897335680429,0.0248517395932128,0.17391867251493798
Lovelock Valley,Lovelock Valley|MD|85.11666667,MD,85.11666666666667,Theis confined,1.5889539829510472e-05,0.0192024805187948,0.2462477128749394
Lovelock Valley,Lovelock Valley|MD|85.11666667,MD,85.11666666666667,Hantush-Jacob leaky,1.8025443779876189e-06,0.0187093012153155,0.293715718150169
Lovelock Valley,Lovelock Valley|MD|85.11666667,MD,85.11666666666667,Lagging Darcy no-leakage,0.8925533345589881,0.026389037109371,0.17416779015246725
Lovelock Valley,Lovelock Valley|MD|85.11666667,MD,85.11666666666667,Lagging Darcy with leakage,0.10742897335680429,0.0263894877346879,0.17391867251493798
Lovelock Valley,Lovelock Valley|MD|97.11666667,MD,97.11666666666666,Theis confined,1.5889539829510472e-05,0.0229324166417017,0.2462477128749394
Lovelock Valley,Lovelock Valley|MD|97.11666667,MD,97.11666666666666,Hantush-Jacob leaky,1.8025443779876189e-06,0.0224121243258629,0.293715718150169
Lovelock Valley,Lovelock Valley|MD|97.11666667,MD,97.11666666666666,Lagging Darcy no-leakage,0.8925533345589881,0.0279330059712046,0.17416779015246725
Lovelock Valley,Lovelock Valley|MD|97.11666667,MD,97.11666666666666,Lagging Darcy with leakage,0.10742897335680429,0.027933325288613,0.17391867251493798
Lovelock Valley,Lovelock Valley|MD|109.1166667,MD,109.11666666666666,Theis confined,1.5889539829510472e-05,0.0265138829113219,0.2462477128749394
Lovelock Valley,Lovelock Valley|MD|109.1166667,MD,109.11666666666666,Hantush-Jacob leaky,1.8025443779876189e-06,0.0259756872362148,0.293715718150169
Lovelock Valley,Lovelock Valley|MD|109.1166667,MD,109.11666666666666,Lagging Darcy no-leakage,0.8925533345589881,0.0294860589776477,0.17416779015246725
Lovelock Valley,Lovelock Valley|MD|109.1166667,MD,109.11666666666666,Lagging Darcy with leakage,0.10742897335680429,0.0294862508279485,0.17391867251493798
Lovelock Valley,Lovelock Valley|MD|121.1166667,MD,121.11666666666666,Theis confined,1.5889539829510472e-05,0.0299399695822344,0.2462477128749394
Lovelock Valley,Lovelock Valley|MD|121.1166667,MD,121.11666666666666,Hantush-Jacob leaky,1.8025443779876189e-06,0.0293908114236582,0.293715718150169
Lovelock Valley,Lovelock Valley|MD|121.1166667,MD,121.11666666666666,Lagging Darcy no-leakage,0.8925533345589881,0.0310487783288071,0.17416779015246725
Lovelock Valley,Lovelock Valley|MD|121.1166667,MD,121.11666666666666,Lagging Darcy with leakage,0.10742897335680429,0.0310488463617847,0.17391867251493798
Lovelock Valley,Lovelock Valley|MD|133.1166667,MD,133.11666666666667,Theis confined,1.5889539829510472e-05,0.0332124709094176,0.2462477128749394
Lovelock Valley,Lovelock Valley|MD|133.1166667,MD,133.11666666666667,Hantush-Jacob leaky,1.8025443779876189e-06,0.0326576222805494,0.293715718150169
Lovelock Valley,Lovelock Valley|MD|133.1166667,MD,133.11666666666667,Lagging Darcy no-leakage,0.8925533345589881,0.0326209975901679,0.17416779015246725
Lovelock Valley,Lovelock Valley|MD|133.1166667,MD,133.11666666666667,Lagging Darcy with leakage,0.10742897335680429,0.0326209452272715,0.17391867251493798
Lovelock Valley,Lovelock Valley|MD|145.1166667,MD,145.11666666666667,Theis confined,1.5889539829510472e-05,0.0363374637852376,0.2462477128749394
Lovelock Valley,Lovelock Valley|MD|145.1166667,MD,145.11666666666667,Hantush-Jacob leaky,1.8025443779876189e-06,0.0357809610831029,0.293715718150169
Lovelock Valley,Lovelock Valley|MD|145.1166667,MD,145.11666666666667,Lagging Darcy no-leakage,0.8925533345589881,0.034195262186109,0.17416779015246725
Lovelock Valley,Lovelock Valley|MD|145.1166667,MD,145.11666666666667,Lagging Darcy with leakage,0.10742897335680429,0.0341951023411523,0.17391867251493798
Lovelock Valley,Lovelock Valley|MD|157.1166667,MD,157.11666666666667,Theis confined,1.5889539829510472e-05,0.0392692454307821,0.2462477128749394
Lovelock Valley,Lovelock Valley|MD|157.1166667,MD,157.11666666666667,Hantush-Jacob leaky,1.8025443779876189e-06,0.0387218445457904,0.293715718150169
Lovelock Valley,Lovelock Valley|MD|157.1166667,MD,157.11666666666667,Lagging Darcy no-leakage,0.8925533345589881,0.024898785170066,0.17416779015246725
Lovelock Valley,Lovelock Valley|MD|157.1166667,MD,157.11666666666667,Lagging Darcy with leakage,0.10742897335680429,0.0248997375758955,0.17391867251493798
Lovelock Valley,Lovelock Valley|MD|169.1166667,MD,169.11666666666667,Theis confined,1.5889539829510472e-05,0.0409896127539879,0.2462477128749394
Lovelock Valley,Lovelock Valley|MD|169.1166667,MD,169.11666666666667,Hantush-Jacob leaky,1.8025443779876189e-06,0.0405320491845583,0.293715718150169
Lovelock Valley,Lovelock Valley|MD|169.1166667,MD,169.11666666666667,Lagging Darcy no-leakage,0.8925533345589881,0.0201015787176111,0.17416779015246725
Lovelock Valley,Lovelock Valley|MD|169.1166667,MD,169.11666666666667,Lagging Darcy with leakage,0.10742897335680429,0.0201005849722814,0.17391867251493798
Lovelock Valley,Lovelock Valley|MD|181.1166667,MD,181.11666666666667,Theis confined,1.5889539829510472e-05,0.0410485631140435,0.2462477128749394
Lovelock Valley,Lovelock Valley|MD|181.1166667,MD,181.11666666666667,Hantush-Jacob leaky,1.8025443779876189e-06,0.040716742151457,0.293715718150169
Lovelock Valley,Lovelock Valley|MD|181.1166667,MD,181.11666666666667,Lagging Darcy no-leakage,0.8925533345589881,0.0191299917242279,0.17416779015246725
Lovelock Valley,Lovelock Valley|MD|181.1166667,MD,181.11666666666667,Lagging Darcy with leakage,0.10742897335680429,0.0191285934324558,0.17391867251493798
Lovelock Valley,Lovelock Valley|MD|193.1166667,MD,193.11666666666667,Theis confined,1.5889539829510472e-05,0.040146748489534,0.2462477128749394
Lovelock Valley,Lovelock Valley|MD|193.1166667,MD,193.11666666666667,Hantush-Jacob leaky,1.8025443779876189e-06,0.0399252314978681,0.293715718150169
Lovelock Valley,Lovelock Valley|MD|193.1166667,MD,193.11666666666667,Lagging Darcy no-leakage,0.8925533345589881,0.0189664720669497,0.17416779015246725
Lovelock Valley,Lovelock Valley|MD|193.1166667,MD,193.11666666666667,Lagging Darcy with leakage,0.10742897335680429,0.0189650186840921,0.17391867251493798
Lovelock Valley,Lovelock Valley|MD|205.1166667,MD,205.11666666666667,Theis confined,1.5889539829510472e-05,0.0388053600212293,0.2462477128749394
Lovelock Valley,Lovelock Valley|MD|205.1166667,MD,205.11666666666667,Hantush-Jacob leaky,1.8025443779876189e-06,0.0386703464080974,0.293715718150169
Lovelock Valley,Lovelock Valley|MD|205.1166667,MD,205.11666666666667,Lagging Darcy no-leakage,0.8925533345589881,0.0189997483667038,0.17416779015246725
Lovelock Valley,Lovelock Valley|MD|205.1166667,MD,205.11666666666667,Lagging Darcy with leakage,0.10742897335680429,0.0189983168231481,0.17391867251493798
Lovelock Valley,Lovelock Valley|MD|217.1166667,MD,217.11666666666667,Theis confined,1.5889539829510472e-05,0.0372982920912284,0.2462477128749394
Lovelock Valley,Lovelock Valley|MD|217.1166667,MD,217.11666666666667,Hantush-Jacob leaky,1.8025443779876189e-06,0.0372292125988839,0.293715718150169
Lovelock Valley,Lovelock Valley|MD|217.1166667,MD,217.11666666666667,Lagging Darcy no-leakage,0.8925533345589881,0.0190849291434334,0.17416779015246725
Lovelock Valley,Lovelock Valley|MD|217.1166667,MD,217.11666666666667,Lagging Darcy with leakage,0.10742897335680429,0.0190835370952732,0.17391867251493798
Lovelock Valley,Lovelock Valley|MD|229.1166667,MD,229.11666666666667,Theis confined,1.5889539829510472e-05,0.0357617923899462,0.2462477128749394
Lovelock Valley,Lovelock Valley|MD|229.1166667,MD,229.11666666666667,Hantush-Jacob leaky,1.8025443779876189e-06,0.0357427626581856,0.293715718150169
Lovelock Valley,Lovelock Valley|MD|229.1166667,MD,229.11666666666667,Lagging Darcy no-leakage,0.8925533345589881,0.019182469373121,0.17416779015246725
Lovelock Valley,Lovelock Valley|MD|229.1166667,MD,229.11666666666667,Lagging Darcy with leakage,0.10742897335680429,0.0191811207769395,0.17391867251493798
Lovelock Valley,Lovelock Valley|MD|241.1166667,MD,241.11666666666667,Theis confined,1.5889539829510472e-05,0.0342622432886537,0.2462477128749394
Lovelock Valley,Lovelock Valley|MD|241.1166667,MD,241.11666666666667,Hantush-Jacob leaky,1.8025443779876189e-06,0.0342813352056686,0.293715718150169
Lovelock Valley,Lovelock Valley|MD|241.1166667,MD,241.11666666666667,Lagging Darcy no-leakage,0.8925533345589881,0.0192806769966595,0.17416779015246725
Lovelock Valley,Lovelock Valley|MD|241.1166667,MD,241.11666666666667,Lagging Darcy with leakage,0.10742897335680429,0.0192793729203287,0.17391867251493798
Lovelock Valley,Lovelock Valley|MD|253.1166667,MD,253.11666666666667,Theis confined,1.5889539829510472e-05,0.0328305688113504,0.2462477128749394
Lovelock Valley,Lovelock Valley|MD|253.1166667,MD,253.11666666666667,Hantush-Jacob leaky,1.8025443779876189e-06,0.0328788467057023,0.293715718150169
Lovelock Valley,Lovelock Valley|MD|253.1166667,MD,253.11666666666667,Lagging Darcy no-leakage,0.8925533345589881,0.0193760588910622,0.17416779015246725
Lovelock Valley,Lovelock Valley|MD|253.1166667,MD,253.11666666666667,Lagging Darcy with leakage,0.10742897335680429,0.0193748002010657,0.17391867251493798
Lovelock Valley,Lovelock Valley|MD|265.1166667,MD,265.1166666666667,Theis confined,1.5889539829510472e-05,0.0314794566325615,0.2462477128749394
Lovelock Valley,Lovelock Valley|MD|265.1166667,MD,265.1166666666667,Hantush-Jacob leaky,1.8025443779876189e-06,0.0315501823744971,0.293715718150169
Lovelock Valley,Lovelock Valley|MD|265.1166667,MD,265.1166666666667,Lagging Darcy no-leakage,0.8925533345589881,0.0194676759175454,0.17416779015246725
Lovelock Valley,Lovelock Valley|MD|265.1166667,MD,265.1166666666667,Lagging Darcy with leakage,0.10742897335680429,0.0194664638737843,0.17391867251493798
Lovelock Valley,Lovelock Valley|MD|277.1166667,MD,277.1166666666667,Theis confined,1.5889539829510472e-05,0.0302121520351524,0.2462477128749394
Lovelock Valley,Lovelock Valley|MD|277.1166667,MD,277.1166666666667,Hantush-Jacob leaky,1.8025443779876189e-06,0.0303001948949706,0.293715718150169
Lovelock Valley,Lovelock Valley|MD|277.1166667,MD,277.1166666666667,Lagging Darcy no-leakage,0.8925533345589881,0.0195553804549945,0.17416779015246725
Lovelock Valley,Lovelock Valley|MD|277.1166667,MD,277.1166666666667,Lagging Darcy with leakage,0.10742897335680429,0.0195542167445189,0.17391867251493798
Lovelock Valley,Lovelock Valley|MD|289.1166667,MD,289.1166666666667,Theis confined,1.5889539829510472e-05,0.0290270594096644,0.2462477128749394
Lovelock Valley,Lovelock Valley|MD|289.1166667,MD,289.1166666666667,Hantush-Jacob leaky,1.8025443779876189e-06,0.0291284709541341,0.293715718150169
Lovelock Valley,Lovelock Valley|MD|289.1166667,MD,289.1166666666667,Lagging Darcy no-leakage,0.8925533345589881,0.0196392420784164,0.17416779015246725
Lovelock Valley,Lovelock Valley|MD|289.1166667,MD,289.1166666666667,Lagging Darcy with leakage,0.10742897335680429,0.0196381287096738,0.17391867251493798
Lovelock Valley,Lovelock Valley|MD|301.1166667,MD,301.1166666666667,Theis confined,1.5889539829510472e-05,0.0279201994934792,0.2462477128749394
Lovelock Valley,Lovelock Valley|MD|301.1166667,MD,301.1166666666667,Hantush-Jacob leaky,1.8025443779876189e-06,0.0280319089220741,0.293715718150169
Lovelock Valley,Lovelock Valley|MD|301.1166667,MD,301.1166666666667,Lagging Darcy no-leakage,0.8925533345589881,0.019719362313783,0.17416779015246725
Lovelock Valley,Lovelock Valley|MD|301.1166667,MD,301.1166666666667,Lagging Darcy with leakage,0.10742897335680429,0.0197183014912621,0.17391867251493798
Lovelock Valley,Lovelock Valley|MD|313.1166667,MD,313.1166666666667,Theis confined,1.5889539829510472e-05,0.0268865382530623,0.2462477128749394
Lovelock Valley,Lovelock Valley|MD|313.1166667,MD,313.1166666666667,Hantush-Jacob leaky,1.8025443779876189e-06,0.027006133000193,0.293715718150169
Lovelock Valley,Lovelock Valley|MD|313.1166667,MD,313.1166666666667,Lagging Darcy no-leakage,0.8925533345589881,0.0197958214316967,0.17416779015246725
Lovelock Valley,Lovelock Valley|MD|313.1166667,MD,313.1166666666667,Lagging Darcy with leakage,0.10742897335680429,0.0197948154437728,0.17391867251493798
Lovelock Valley,Lovelock Valley|MD|325.1166667,MD,325.1166666666667,Theis confined,1.5889539829510472e-05,0.0259207069794204,0.2462477128749394
Lovelock Valley,Lovelock Valley|MD|325.1166667,MD,325.1166666666667,Hantush-Jacob leaky,1.8025443779876189e-06,0.0260462733148766,0.293715718150169
Lovelock Valley,Lovelock Valley|MD|325.1166667,MD,325.1166666666667,Lagging Darcy no-leakage,0.8925533345589881,0.0198686697579342,0.17416779015246725
Lovelock Valley,Lovelock Valley|MD|325.1166667,MD,325.1166666666667,Lagging Darcy with leakage,0.10742897335680429,0.0198677208848456,0.17391867251493798
Lovelock Valley,Lovelock Valley|MD|337.1166667,MD,337.1166666666667,Theis confined,1.5889539829510472e-05,0.025017387319003,0.2462477128749394
Lovelock Valley,Lovelock Valley|MD|337.1166667,MD,337.1166666666667,Hantush-Jacob leaky,1.8025443779876189e-06,0.0251473933346511,0.293715718150169
Lovelock Valley,Lovelock Valley|MD|337.1166667,MD,337.1166666666667,Lagging Darcy no-leakage,0.8925533345589881,0.0199379327414727,0.17416779015246725
Lovelock Valley,Lovelock Valley|MD|337.1166667,MD,337.1166666666667,Lagging Darcy with leakage,0.10742897335680429,0.0199370431824544,0.17391867251493798
Lovelock Valley,Lovelock Valley|MD|349.1166667,MD,349.1166666666667,Theis confined,1.5889539829510472e-05,0.0241715093144887,0.2462477128749394
Lovelock Valley,Lovelock Valley|MD|349.1166667,MD,349.1166666666667,Hantush-Jacob leaky,1.8025443779876189e-06,0.0243047181065558,0.293715718150169
Lovelock Valley,Lovelock Valley|MD|349.1166667,MD,349.1166666666667,Lagging Darcy no-leakage,0.8925533345589881,0.0200036189817169,0.17416779015246725
Lovelock Valley,Lovelock Valley|MD|349.1166667,MD,349.1166666666667,Lagging Darcy with leakage,0.10742897335680429,0.02000279079888,0.17391867251493798
Lovelock Valley,Lovelock Valley|MD|361.1166667,MD,361.1166666666667,Theis confined,1.5889539829510472e-05,0.0233783443868709,0.2462477128749394
Lovelock Valley,Lovelock Valley|MD|361.1166667,MD,361.1166666666667,Hantush-Jacob leaky,1.8025443779876189e-06,0.0235137489696126,0.293715718150169
Lovelock Valley,Lovelock Valley|MD|361.1166667,MD,361.1166666666667,Lagging Darcy no-leakage,0.8925533345589881,0.020065727644195,0.17416779015246725
Lovelock Valley,Lovelock Valley|MD|361.1166667,MD,361.1166666666667,Lagging Darcy with leakage,0.10742897335680429,0.0200649627201586,0.17391867251493798
Lovelock Valley,Lovelock Valley|MD|373.1166667,MD,373.1166666666667,Theis confined,1.5889539829510472e-05,0.0226335394300862,0.2462477128749394
Lovelock Valley,Lovelock Valley|MD|373.1166667,MD,373.1166666666667,Hantush-Jacob leaky,1.8025443779876189e-06,0.0227703134585902,0.293715718150169
Lovelock Valley,Lovelock Valley|MD|373.1166667,MD,373.1166666666667,Lagging Darcy no-leakage,0.8925533345589881,0.0201242543177371,0.17416779015246725
Lovelock Valley,Lovelock Valley|MD|373.1166667,MD,373.1166666666667,Lagging Darcy with leakage,0.10742897335680429,0.0201235543246283,0.17391867251493798
Lovelock Valley,Lovelock Valley|MD|385.1166667,MD,385.1166666666667,Theis confined,1.5889539829510472e-05,0.0219331183975987,0.2462477128749394
Lovelock Valley,Lovelock Valley|MD|385.1166667,MD,385.1166666666667,Hantush-Jacob leaky,1.8025443779876189e-06,0.0220705785153032,0.293715718150169
Lovelock Valley,Lovelock Valley|MD|385.1166667,MD,385.1166666666667,Lagging Darcy no-leakage,0.8925533345589881,0.0201791952829433,0.17416779015246725
Lovelock Valley,Lovelock Valley|MD|385.1166667,MD,385.1166666666667,Lagging Darcy with leakage,0.10742897335680429,0.0201785616608286,0.17391867251493798
Lovelock Valley,Lovelock Valley|MD|397.1166667,MD,397.1166666666667,Theis confined,1.5889539829510472e-05,0.0212734665843568,0.2462477128749394
Lovelock Valley,Lovelock Valley|MD|397.1166667,MD,397.1166666666667,Hantush-Jacob leaky,1.8025443779876189e-06,0.0214110434072287,0.293715718150169
Lovelock Valley,Lovelock Valley|MD|397.1166667,MD,397.1166666666667,Lagging Darcy no-leakage,0.8925533345589881,0.0202305504403036,0.17416779015246725
Lovelock Valley,Lovelock Valley|MD|397.1166667,MD,397.1166666666667,Lagging Darcy with leakage,0.10742897335680429,0.0202299843831482,0.17391867251493798
Lovelock Valley,Lovelock Valley|MD|409.1166667,MD,409.1166666666667,Theis confined,1.5889539829510472e-05,0.0206513063905974,0.2462477128749394
Lovelock Valley,Lovelock Valley|MD|409.1166667,MD,409.1166666666667,Hantush-Jacob leaky,1.8025443779876189e-06,0.0207885219711716,0.293715718150169
Lovelock Valley,Lovelock Valley|MD|409.1166667,MD,409.1166666666667,Lagging Darcy no-leakage,0.8925533345589881,0.0202783251918766,0.17416779015246725
Lovelock Valley,Lovelock Valley|MD|409.1166667,MD,409.1166666666667,Lagging Darcy with leakage,0.10742897335680429,0.0202778276396903,0.17391867251493798
Lovelock Valley,Lovelock Valley|MD|421.1166667,MD,421.1166666666667,Theis confined,1.5889539829510472e-05,0.0200636696206392,0.2462477128749394
Lovelock Valley,Lovelock Valley|MD|421.1166667,MD,421.1166666666667,Hantush-Jacob leaky,1.8025443779876189e-06,0.0202001198186233,0.293715718150169
Lovelock Valley,Lovelock Valley|MD|421.1166667,MD,421.1166666666667,Lagging Darcy no-leakage,0.8925533345589881,0.0203225315396438,0.17416779015246725
Lovelock Valley,Lovelock Valley|MD|421.1166667,MD,421.1166666666667,Lagging Darcy with leakage,0.10742897335680429,0.0203221031756594,0.17391867251493798
Lovelock Valley,Lovelock Valley|MD|433.1166667,MD,433.1166666666667,Theis confined,1.5889539829510472e-05,0.0195078691770866,0.2462477128749394
Lovelock Valley,Lovelock Valley|MD|433.1166667,MD,433.1166666666667,Hantush-Jacob leaky,1.8025443779876189e-06,0.0196432097771829,0.293715718150169
Lovelock Valley,Lovelock Valley|MD|433.1166667,MD,433.1166666666667,Lagging Darcy no-leakage,0.8925533345589881,0.0203631886130588,0.17416779015246725
Lovelock Valley,Lovelock Valley|MD|433.1166667,MD,433.1166666666667,Lagging Darcy with leakage,0.10742897335680429,0.0203628298650324,0.17391867251493798
Lovelock Valley,Lovelock Valley|MD|445.1166667,MD,445.1166666666667,Theis confined,1.5889539829510472e-05,0.0189814717161746,0.2462477128749394
Lovelock Valley,Lovelock Valley|MD|445.1166667,MD,445.1166666666667,Hantush-Jacob leaky,1.8025443779876189e-06,0.0191154074305222,0.293715718150169
Lovelock Valley,Lovelock Valley|MD|445.1166667,MD,445.1166666666667,Lagging Darcy no-leakage,0.8925533345589881,0.0204003227907554,0.17416779015246725
Lovelock Valley,Lovelock Valley|MD|445.1166667,MD,445.1166666666667,Lagging Darcy with leakage,0.10742897335680429,0.0204000338353735,0.17391867251493798
Lovelock Valley,Lovelock Valley|MD|457.1166667,MD,457.1166666666667,Theis confined,1.5889539829510472e-05,0.0184822720653184,0.2462477128749394
Lovelock Valley,Lovelock Valley|MD|457.1166667,MD,457.1166666666667,Hantush-Jacob leaky,1.8025443779876189e-06,0.0186145477728856,0.293715718150169
Lovelock Valley,Lovelock Valley|MD|457.1166667,MD,457.1166666666667,Lagging Darcy no-leakage,0.8925533345589881,0.0204339675399819,0.17416779015246725
Lovelock Valley,Lovelock Valley|MD|457.1166667,MD,457.1166666666667,Lagging Darcy with leakage,0.10742897335680429,0.020433748309782,0.17391867251493798
Lovelock Valley,Lovelock Valley|MD|469.1166667,MD,469.1166666666667,Theis confined,1.5889539829510472e-05,0.0180082697551434,0.2462477128749394
Lovelock Valley,Lovelock Valley|MD|469.1166667,MD,469.1166666666667,Hantush-Jacob leaky,1.8025443779876189e-06,0.0181386634876001,0.293715718150169
Lovelock Valley,Lovelock Valley|MD|469.1166667,MD,469.1166666666667,Lagging Darcy no-leakage,0.8925533345589881,0.0204641630663245,0.17416779015246725
Lovelock Valley,Lovelock Valley|MD|469.1166667,MD,469.1166666666667,Lagging Darcy with leakage,0.10742897335680429,0.0204640132587143,0.17391867251493798
Lovelock Valley,Lovelock Valley|MD|481.1166667,MD,481.1166666666667,Theis confined,1.5889539829510472e-05,0.0175576477589769,0.2462477128749394
Lovelock Valley,Lovelock Valley|MD|481.1166667,MD,481.1166666666667,Hantush-Jacob leaky,1.8025443779876189e-06,0.0176859650586388,0.293715718150169
Lovelock Valley,Lovelock Valley|MD|481.1166667,MD,481.1166666666667,Lagging Darcy no-leakage,0.8925533345589881,0.0204909558415046,0.17416779015246725
Lovelock Valley,Lovelock Valley|MD|481.1166667,MD,481.1166666666667,Lagging Darcy with leakage,0.10742897335680429,0.0204908749291119,0.17391867251493798
Lovelock Valley,Lovelock Valley|MD|493.1166667,MD,493.1166666666667,Theis confined,1.5889539829510472e-05,0.0171287533875109,0.2462477128749394
Lovelock Valley,Lovelock Valley|MD|493.1166667,MD,493.1166666666667,Hantush-Jacob leaky,1.8025443779876189e-06,0.0172548227494034,0.293715718150169
Lovelock Valley,Lovelock Valley|MD|493.1166667,MD,493.1166666666667,Lagging Darcy no-leakage,0.8925533345589881,0.0205143980586975,0.17416779015246725
Lovelock Valley,Lovelock Valley|MD|493.1166667,MD,493.1166666666667,Lagging Darcy with leakage,0.10742897335680429,0.0205143853008944,0.17391867251493798
Lovelock Valley,Lovelock Valley|MD|505.1166667,MD,505.1166666666667,Theis confined,1.5889539829510472e-05,0.0167200812095932,0.2462477128749394
Lovelock Valley,Lovelock Valley|MD|505.1166667,MD,505.1166666666667,Hantush-Jacob leaky,1.8025443779876189e-06,0.0168437503846274,0.293715718150169
Lovelock Valley,Lovelock Valley|MD|505.1166667,MD,505.1166666666667,Lagging Darcy no-leakage,0.8925533345589881,0.0205345470513049,0.17416779015246725
Lovelock Valley,Lovelock Valley|MD|505.1166667,MD,505.1166666666667,Lagging Darcy with leakage,0.10742897335680429,0.0205346015063911,0.17391867251493798
Lovelock Valley,Lovelock Valley|MD|517.1166667,MD,517.1166666666667,Theis confined,1.5889539829510472e-05,0.0163302578342419,0.2462477128749394
Lovelock Valley,Lovelock Valley|MD|517.1166667,MD,517.1166666666667,Hantush-Jacob leaky,1.8025443779876189e-06,0.0164513908196765,0.293715718150169
Lovelock Valley,Lovelock Valley|MD|517.1166667,MD,517.1166666666667,Lagging Darcy no-leakage,0.8925533345589881,0.0205514647004293,0.17416779015246725
Lovelock Valley,Lovelock Valley|MD|517.1166667,MD,517.1166666666667,Lagging Darcy with leakage,0.10742897335680429,0.0205515852383175,0.17391867251493798
Lovelock Valley,Lovelock Valley|MD|529.1166667,MD,529.1166666666667,Theis confined,1.5889539829510472e-05,0.0159580283771528,0.2462477128749394
Lovelock Valley,Lovelock Valley|MD|529.1166667,MD,529.1166666666667,Hantush-Jacob leaky,1.8025443779876189e-06,0.0160765029580273,0.293715718150169
Lovelock Valley,Lovelock Valley|MD|529.1166667,MD,529.1166666666667,Lagging Darcy no-leakage,0.8925533345589881,0.0205652168492803,0.17416779015246725
Lovelock Valley,Lovelock Valley|MD|529.1166667,MD,529.1166666666667,Lagging Darcy with leakage,0.10742897335680429,0.0205654021645063,0.17391867251493798
Lovelock Valley,Lovelock Valley|MD|541.1166667,MD,541.1166666666667,Theis confined,1.5889539829510472e-05,0.0156022444368738,0.2462477128749394
Lovelock Valley,Lovelock Valley|MD|541.1166667,MD,541.1166666666667,Hantush-Jacob leaky,1.8025443779876189e-06,0.0157179501709229,0.293715718150169
Lovelock Valley,Lovelock Valley|MD|541.1166667,MD,541.1166666666667,Lagging Darcy no-leakage,0.8925533345589881,0.0205758727368214,0.17416779015246725
Lovelock Valley,Lovelock Valley|MD|541.1166667,MD,541.1166666666667,Lagging Darcy with leakage,0.10742897335680429,0.0205761213614312,0.17391867251493798
Lovelock Valley,Lovelock Valley|MD|553.1166667,MD,553.1166666666667,Theis confined,1.5889539829510472e-05,0.0152618534151807,0.2462477128749394
Lovelock Valley,Lovelock Valley|MD|553.1166667,MD,553.1166666666667,Hantush-Jacob leaky,1.8025443779876189e-06,0.0153746899760298,0.293715718150169
Lovelock Valley,Lovelock Valley|MD|553.1166667,MD,553.1166666666667,Lagging Darcy no-leakage,0.8925533345589881,0.0205835044585892,0.17416779015246725
Lovelock Valley,Lovelock Valley|MD|553.1166667,MD,553.1166666666667,Lagging Darcy with leakage,0.10742897335680429,0.0205838147750931,0.17391867251493798
Lovelock Valley,Lovelock Valley|MD|565.1166667,MD,565.1166666666667,Theis confined,1.5889539829510472e-05,0.0149358890292111,0.2462477128749394
Lovelock Valley,Lovelock Valley|MD|565.1166667,MD,565.1166666666667,Hantush-Jacob leaky,1.8025443779876189e-06,0.0150457648399944,0.293715718150169
Lovelock Valley,Lovelock Valley|MD|565.1166667,MD,565.1166666666667,Lagging Darcy no-leakage,0.8925533345589881,0.0205881864602472,0.17416779015246725
Lovelock Valley,Lovelock Valley|MD|565.1166667,MD,565.1166666666667,Lagging Darcy with leakage,0.10742897335680429,0.0205885567142911,0.17391867251493798
Lovelock Valley,Lovelock Valley|MD|577.1166667,MD,577.1166666666667,Theis confined,1.5889539829510472e-05,0.0146234628773189,0.2462477128749394
Lovelock Valley,Lovelock Valley|MD|577.1166667,MD,577.1166666666667,Hantush-Jacob leaky,1.8025443779876189e-06,0.0147302939804369,0.293715718150169
Lovelock Valley,Lovelock Valley|MD|577.1166667,MD,577.1166666666667,Lagging Darcy no-leakage,0.8925533345589881,0.0205899950663595,0.17416779015246725
Lovelock Valley,Lovelock Valley|MD|577.1166667,MD,577.1166666666667,Lagging Darcy with leakage,0.10742897335680429,0.0205904233790155,0.17391867251493798
Lovelock Valley,Lovelock Valley|MD|589.1166667,MD,589.1166666666667,Theis confined,1.5889539829510472e-05,0.0143237569350948,0.2462477128749394
Lovelock Valley,Lovelock Valley|MD|589.1166667,MD,589.1166666666667,Hantush-Jacob leaky,1.8025443779876189e-06,0.0144274660545101,0.293715718150169
Lovelock Valley,Lovelock Valley|MD|589.1166667,MD,589.1166666666667,Lagging Darcy no-leakage,0.8925533345589881,0.0205890080458349,0.17416779015246725
Lovelock Valley,Lovelock Valley|MD|589.1166667,MD,589.1166666666667,Lagging Darcy with leakage,0.10742897335680429,0.0205894924257417,0.17391867251493798
Lovelock Valley,Lovelock Valley|MD|601.1166667,MD,601.1166666666667,Theis confined,1.5889539829510472e-05,0.0140360168718207,0.2462477128749394
Lovelock Valley,Lovelock Valley|MD|601.1166667,MD,601.1166666666667,Hantush-Jacob leaky,1.8025443779876189e-06,0.0141365326327384,0.293715718150169
Lovelock Valley,Lovelock Valley|MD|601.1166667,MD,601.1166666666667,Lagging Darcy no-leakage,0.8925533345589881,0.0205853042143793,0.17416779015246725
Lovelock Valley,Lovelock Valley|MD|601.1166667,MD,601.1166666666667,Lagging Darcy with leakage,0.10742897335680429,0.0205858425691138,0.17391867251493798
Lovelock Valley,Lovelock Valley|MD|613.1166667,MD,613.1166666666667,Theis confined,1.5889539829510472e-05,0.0137595460904196,0.2462477128749394
Lovelock Valley,Lovelock Valley|MD|613.1166667,MD,613.1166666666667,Hantush-Jacob leaky,1.8025443779876189e-06,0.0138568023679115,0.293715718150169
Lovelock Valley,Lovelock Valley|MD|613.1166667,MD,613.1166666666667,Lagging Darcy no-leakage,0.8925533345589881,0.0205789630726914,0.17416779015246725
Lovelock Valley,Lovelock Valley|MD|613.1166667,MD,613.1166666666667,Lagging Darcy with leakage,0.10742897335680429,0.0205795532199606,0.17391867251493798
Lovelock Valley,Lovelock Valley|MD|625.1166667,MD,625.1166666666667,Theis confined,1.5889539829510472e-05,0.0134937004055599,0.2462477128749394
Lovelock Valley,Lovelock Valley|MD|625.1166667,MD,625.1166666666667,Hantush-Jacob leaky,1.8025443779876189e-06,0.0135876357790519,0.293715718150169
Lovelock Valley,Lovelock Valley|MD|625.1166667,MD,625.1166666666667,Lagging Darcy no-leakage,0.8925533345589881,0.0205700644798611,0.17416779015246725
Lovelock Valley,Lovelock Valley|MD|625.1166667,MD,625.1166666666667,Lagging Darcy with leakage,0.10742897335680429,0.0205707041579648,0.17391867251493798
Lovelock Valley,Lovelock Valley|MD|637.1166667,MD,637.1166666666667,Theis confined,1.5889539829510472e-05,0.0132378832849601,0.2462477128749394
Lovelock Valley,Lovelock Valley|MD|637.1166667,MD,637.1166666666667,Hantush-Jacob leaky,1.8025443779876189e-06,0.0133284405797947,0.293715718150169
Lovelock Valley,Lovelock Valley|MD|637.1166667,MD,637.1166666666667,Lagging Darcy no-leakage,0.8925533345589881,0.020558688359434,0.17416779015246725
Lovelock Valley,Lovelock Valley|MD|637.1166667,MD,637.1166666666667,Lagging Darcy with leakage,0.10742897335680429,0.0205593752374035,0.17391867251493798
Lovelock Valley,Lovelock Valley|MD|649.1166667,MD,649.1166666666667,Theis confined,1.5889539829510472e-05,0.0129915415881472,0.2462477128749394
Lovelock Valley,Lovelock Valley|MD|649.1166667,MD,649.1166666666667,Hantush-Jacob leaky,1.8025443779876189e-06,0.0130786674888899,0.293715718150169
Lovelock Valley,Lovelock Valley|MD|649.1166667,MD,649.1166666666667,Lagging Darcy no-leakage,0.8925533345589881,0.0205449144372706,0.17416779015246725
Lovelock Valley,Lovelock Valley|MD|649.1166667,MD,649.1166666666667,Lagging Darcy with leakage,0.10742897335680429,0.0205456461242821,0.17391867251493798
Lovelock Valley,Lovelock Valley|MD|661.1166667,MD,661.1166666666667,Theis confined,1.5889539829510472e-05,0.012754161745038,0.2462477128749394
Lovelock Valley,Lovelock Valley|MD|661.1166667,MD,661.1166666666667,Hantush-Jacob leaky,1.8025443779876189e-06,0.0128378064679855,0.293715718150169
Lovelock Valley,Lovelock Valley|MD|661.1166667,MD,661.1166666666667,Lagging Darcy no-leakage,0.8925533345589881,0.0205288220082989,0.17416779015246725
Lovelock Valley,Lovelock Valley|MD|661.1166667,MD,661.1166666666667,Lagging Darcy with leakage,0.10742897335680429,0.0205295960626448,0.17391867251493798
Lovelock Valley,Lovelock Valley|MD|673.1166667,MD,673.1166666666667,Theis confined,1.5889539829510472e-05,0.0125252663238321,0.2462477128749394
Lovelock Valley,Lovelock Valley|MD|673.1166667,MD,673.1166666666667,Hantush-Jacob leaky,1.8025443779876189e-06,0.0126053833384414,0.293715718150169
Lovelock Valley,Lovelock Valley|MD|673.1166667,MD,673.1166666666667,Lagging Darcy no-leakage,0.8925533345589881,0.0205104897305316,0.17416779015246725
Lovelock Valley,Lovelock Valley|MD|673.1166667,MD,673.1166666666667,Lagging Darcy with leakage,0.10742897335680429,0.020511303668119,0.17391867251493798
Lovelock Valley,Lovelock Valley|MD|685.1166667,MD,685.1166666666667,Theis confined,1.5889539829510472e-05,0.012304410943939,0.2462477128749394
Lovelock Valley,Lovelock Valley|MD|685.1166667,MD,685.1166666666667,Hantush-Jacob leaky,1.8025443779876189e-06,0.0123809567347312,0.293715718150169
Lovelock Valley,Lovelock Valley|MD|685.1166667,MD,685.1166666666667,Lagging Darcy no-leakage,0.8925533345589881,0.0204899954444579,0.17416779015246725
Lovelock Valley,Lovelock Valley|MD|685.1166667,MD,685.1166666666667,Lagging Darcy with leakage,0.10742897335680429,0.0204908467466307,0.17391867251493798
Lovelock Valley,Lovelock Valley|MD|697.1166667,MD,697.1166666666667,Theis confined,1.5889539829510472e-05,0.0120911814950982,0.2462477128749394
Lovelock Valley,Lovelock Valley|MD|697.1166667,MD,697.1166666666667,Hantush-Jacob leaky,1.8025443779876189e-06,0.0121641153570896,0.293715718150169
Lovelock Valley,Lovelock Valley|MD|697.1166667,MD,697.1166666666667,Lagging Darcy no-leakage,0.8925533345589881,0.0204674160152215,0.17416779015246725
Lovelock Valley,Lovelock Valley|MD|697.1166667,MD,697.1166666666667,Lagging Darcy with leakage,0.10742897335680429,0.020468302136144,0.17391867251493798
Lovelock Valley,Lovelock Valley|MD|709.1166667,MD,709.1166666666667,Theis confined,1.5889539829510472e-05,0.0118851916286003,0.2462477128749394
Lovelock Valley,Lovelock Valley|MD|709.1166667,MD,709.1166666666667,Hantush-Jacob leaky,1.8025443779876189e-06,0.0119544754905355,0.293715718150169
Lovelock Valley,Lovelock Valley|MD|709.1166667,MD,709.1166666666667,Lagging Darcy no-leakage,0.8925533345589881,0.0204428271962051,0.17416779015246725
Lovelock Valley,Lovelock Valley|MD|709.1166667,MD,709.1166666666667,Lagging Darcy with leakage,0.10742897335680429,0.0204437455698636,0.17391867251493798
Lovelock Valley,Lovelock Valley|MD|721.1166667,MD,721.1166666666667,Theis confined,1.5889539829510472e-05,0.0116860804906541,0.2462477128749394
Lovelock Valley,Lovelock Valley|MD|721.1166667,MD,721.1166666666667,Hantush-Jacob leaky,1.8025443779876189e-06,0.0117516787613166,0.293715718150169
Lovelock Valley,Lovelock Valley|MD|721.1166667,MD,721.1166666666667,Lagging Darcy no-leakage,0.8925533345589881,0.0204163035119578,0.17416779015246725
Lovelock Valley,Lovelock Valley|MD|721.1166667,MD,721.1166666666667,Lagging Darcy with leakage,0.10742897335680429,0.020417251558495,0.17391867251493798
Lovelock Valley,Lovelock Valley|MD|733.1166667,MD,733.1166666666667,Theis confined,1.5889539829510472e-05,0.0114935106715496,0.2462477128749394
Lovelock Valley,Lovelock Valley|MD|733.1166667,MD,733.1166666666667,Hantush-Jacob leaky,1.8025443779876189e-06,0.011555390105249,0.293715718150169
Lovelock Valley,Lovelock Valley|MD|733.1166667,MD,733.1166666666667,Lagging Darcy no-leakage,0.8925533345589881,0.0203879181586953,0.17416779015246725
Lovelock Valley,Lovelock Valley|MD|733.1166667,MD,733.1166666666667,Lagging Darcy with leakage,0.10742897335680429,0.0203888932903166,0.17391867251493798
Lovelock Valley,Lovelock Valley|MD|745.1166667,MD,745.1166666666667,Theis confined,1.5889539829510472e-05,0.0113071663474163,0.2462477128749394
Lovelock Valley,Lovelock Valley|MD|745.1166667,MD,745.1166666666667,Hantush-Jacob leaky,1.8025443779876189e-06,0.0113652959254255,0.293715718150169
Lovelock Valley,Lovelock Valley|MD|745.1166667,MD,745.1166666666667,Lagging Darcy no-leakage,0.8925533345589881,0.0203577429205968,0.17416779015246725
Lovelock Valley,Lovelock Valley|MD|745.1166667,MD,745.1166666666667,Lagging Darcy with leakage,0.10742897335680429,0.020358742547146,0.17391867251493798
Lovelock Valley,Lovelock Valley|MD|757.1166667,MD,757.1166666666667,Theis confined,1.5889539829510472e-05,0.0111267515941162,0.2462477128749394
Lovelock Valley,Lovelock Valley|MD|757.1166667,MD,757.1166666666667,Hantush-Jacob leaky,1.8025443779876189e-06,0.0111811024193915,0.293715718150169
Lovelock Valley,Lovelock Valley|MD|757.1166667,MD,757.1166666666667,Lagging Darcy no-leakage,0.8925533345589881,0.0203258481007416,0.17416779015246725
Lovelock Valley,Lovelock Valley|MD|757.1166667,MD,757.1166666666667,Lagging Darcy with leakage,0.10742897335680429,0.0203268696347131,0.17391867251493798
Lovelock Valley,Lovelock Valley|MD|769.1166667,MD,769.1166666666666,Theis confined,1.5889539829510472e-05,0.0109519888552097,0.2462477128749394
Lovelock Valley,Lovelock Valley|MD|769.1166667,MD,769.1166666666666,Hantush-Jacob leaky,1.8025443779876189e-06,0.0110025340581835,0.293715718150169
Lovelock Valley,Lovelock Valley|MD|769.1166667,MD,769.1166666666666,Lagging Darcy no-leakage,0.8925533345589881,0.0202923024648721,0.17416779015246725
Lovelock Valley,Lovelock Valley|MD|769.1166667,MD,769.1166666666666,Lagging Darcy with leakage,0.10742897335680429,0.0202933433261685,0.17391867251493798
Lovelock Valley,Lovelock Valley|MD|781.1166667,MD,781.1166666666666,Theis confined,1.5889539829510472e-05,0.0107826175480253,0.2462477128749394
Lovelock Valley,Lovelock Valley|MD|781.1166667,MD,781.1166666666666,Hantush-Jacob leaky,1.8025443779876189e-06,0.0108293322016442,0.293715718150169
Lovelock Valley,Lovelock Valley|MD|781.1166667,MD,781.1166666666666,Lagging Darcy no-leakage,0.8925533345589881,0.0202571731969962,0.17416779015246725
Lovelock Valley,Lovelock Valley|MD|781.1166667,MD,781.1166666666666,Lagging Darcy with leakage,0.10742897335680429,0.0202582308170784,0.17391867251493798
Lovelock Valley,Lovelock Valley|MD|793.1166667,MD,793.1166666666666,Theis confined,1.5889539829510472e-05,0.0106183927936965,0.2462477128749394
Lovelock Valley,Lovelock Valley|MD|793.1166667,MD,793.1166666666666,Hantush-Jacob leaky,1.8025443779876189e-06,0.0106612538361893,0.293715718150169
Lovelock Valley,Lovelock Valley|MD|793.1166667,MD,793.1166666666666,Lagging Darcy no-leakage,0.8925533345589881,0.0202205258652049,0.17416779015246725
Lovelock Valley,Lovelock Valley|MD|793.1166667,MD,793.1166666666666,Lagging Darcy with leakage,0.10742897335680429,0.020221597691149,0.17391867251493798
Lovelock Valley,Lovelock Valley|MD|805.1166667,MD,805.1166666666666,Theis confined,1.5889539829510472e-05,0.0104590842586325,0.2462477128749394
Lovelock Valley,Lovelock Valley|MD|805.1166667,MD,805.1166666666666,Hantush-Jacob leaky,1.8025443779876189e-06,0.0104980704227548,0.293715718150169
Lovelock Valley,Lovelock Valley|MD|805.1166667,MD,805.1166666666666,Lagging Darcy no-leakage,0.8925533345589881,0.0201824243970882,0.17416779015246725
Lovelock Valley,Lovelock Valley|MD|805.1166667,MD,805.1166666666666,Lagging Darcy with leakage,0.10742897335680429,0.0201835078950447,0.17391867251493798
Lovelock Valley,Lovelock Valley|MD|817.1166667,MD,817.1166666666666,Theis confined,1.5889539829510472e-05,0.0103044750962966,0.2462477128749394
Lovelock Valley,Lovelock Valley|MD|817.1166667,MD,817.1166666666666,Hantush-Jacob leaky,1.8025443779876189e-06,0.0103395668440136,0.293715718150169
Lovelock Valley,Lovelock Valley|MD|817.1166667,MD,817.1166666666666,Lagging Darcy no-leakage,0.8925533345589881,0.0201429310633166,0.17416779015246725
Lovelock Valley,Lovelock Valley|MD|817.1166667,MD,817.1166666666666,Lagging Darcy with leakage,0.10742897335680429,0.0201440237218608,0.17391867251493798
Lovelock Valley,Lovelock Valley|LEID|1.116666667,LEID,1.116666666666665,Theis confined,5.383349757226509e-54,7.80103116813105e-08,0.2462477128749394
Lovelock Valley,Lovelock Valley|LEID|1.116666667,LEID,1.116666666666665,Hantush-Jacob leaky,2.4648047165967112e-55,1.6643888161603263e-08,0.293715718150169
Lovelock Valley,Lovelock Valley|LEID|1.116666667,LEID,1.116666666666665,Lagging Darcy no-leakage,0.8760938800485676,0.1068956323720876,0.17416779015246725
Lovelock Valley,Lovelock Valley|LEID|1.116666667,LEID,1.116666666666665,Lagging Darcy with leakage,0.12390611995143237,0.1068955085263336,0.17391867251493798
Lovelock Valley,Lovelock Valley|LEID|13.11666667,LEID,13.116666666666665,Theis confined,5.383349757226509e-54,0.1051851666547209,0.2462477128749394
Lovelock Valley,Lovelock Valley|LEID|13.11666667,LEID,13.116666666666665,Hantush-Jacob leaky,2.4648047165967112e-55,0.090881781130823,0.293715718150169
Lovelock Valley,Lovelock Valley|LEID|13.11666667,LEID,13.116666666666665,Lagging Darcy no-leakage,0.8760938800485676,0.288295573286961,0.17416779015246725
Lovelock Valley,Lovelock Valley|LEID|13.11666667,LEID,13.116666666666665,Lagging Darcy with leakage,0.12390611995143237,0.2883026079138462,0.17391867251493798
Lovelock Valley,Lovelock Valley|LEID|25.11666667,LEID,25.11666666666666,Theis confined,5.383349757226509e-54,0.2740610789327666,0.2462477128749394
Lovelock Valley,Lovelock Valley|LEID|25.11666667,LEID,25.11666666666666,Hantush-Jacob leaky,2.4648047165967112e-55,0.2540855382288826,0.293715718150169
Lovelock Valley,Lovelock Valley|LEID|25.11666667,LEID,25.11666666666666,Lagging Darcy no-leakage,0.8760938800485676,0.3428072052239742,0.17416779015246725
Lovelock Valley,Lovelock Valley|LEID|25.11666667,LEID,25.11666666666666,Lagging Darcy with leakage,0.12390611995143237,0.3428110915240943,0.17391867251493798
Lovelock Valley,Lovelock Valley|LEID|37.11666667,LEID,37.11666666666666,Theis confined,5.383349757226509e-54,0.4152687293314405,0.2462477128749394
Lovelock Valley,Lovelock Valley|LEID|37.11666667,LEID,37.11666666666666,Hantush-Jacob leaky,2.4648047165967112e-55,0.3955919063022196,0.293715718150169
Lovelock Valley,Lovelock Valley|LEID|37.11666667,LEID,37.11666666666666,Lagging Darcy no-leakage,0.8760938800485676,0.3964783912969586,0.17416779015246725
Lovelock Valley,Lovelock Valley|LEID|37.11666667,LEID,37.11666666666666,Lagging Darcy with leakage,0.12390611995143237,0.3964795886395595,0.17391867251493798
Lovelock Valley,Lovelock Valley|LEID|49.11666667,LEID,49.116666666666674,Theis confined,5.383349757226509e-54,0.5315724368667905,0.2462477128749394
Lovelock Valley,Lovelock Valley|LEID|49.11666667,LEID,49.116666666666674,Hantush-Jacob leaky,2.4648047165967112e-55,0.5139726696180925,0.293715718150169
Lovelock Valley,Lovelock Valley|LEID|49.11666667,LEID,49.116666666666674,Lagging Darcy no-leakage,0.8760938800485676,0.4491045690739094,0.17416779015246725
Lovelock Valley,Lovelock Valley|LEID|49.11666667,LEID,49.116666666666674,Lagging Darcy with leakage,0.12390611995143237,0.4491034924419281,0.17391867251493798
Lovelock Valley,Lovelock Valley|LEID|61.11666667,LEID,61.116666666666674,Theis confined,5.383349757226509e-54,0.6295340020398503,0.2462477128749394
Lovelock Valley,Lovelock Valley|LEID|61.11666667,LEID,61.116666666666674,Hantush-Jacob leaky,2.4648047165967112e-55,0.6145504466268565,0.293715718150169
Lovelock Valley,Lovelock Valley|LEID|61.11666667,LEID,61.116666666666674,Lagging Darcy no-leakage,0.8760938800485676,0.500607953593548,0.17416779015246725
Lovelock Valley,Lovelock Valley|LEID|61.11666667,LEID,61.116666666666674,Lagging Darcy with leakage,0.12390611995143237,0.500605019056847,0.17391867251493798
Lovelock Valley,Lovelock Valley|LEID|73.11666667,LEID,73.11666666666667,Theis confined,5.383349757226509e-54,0.7138806704593658,0.2462477128749394
Lovelock Valley,Lovelock Valley|LEID|73.11666667,LEID,73.11666666666667,Hantush-Jacob leaky,2.4648047165967112e-55,0.7016259079733945,0.293715718150169
Lovelock Valley,Lovelock Valley|LEID|73.11666667,LEID,73.11666666666667,Lagging Darcy no-leakage,0.8760938800485676,0.5509359381567697,0.17416779015246725
Lovelock Valley,Lovelock Valley|LEID|73.11666667,LEID,73.11666666666667,Lagging Darcy with leakage,0.12390611995143237,0.5509315549981402,0.17391867251493798
Lovelock Valley,Lovelock Valley|LEID|85.11666667,LEID,85.11666666666667,Theis confined,5.383349757226509e-54,0.787831039027669,0.2462477128749394
Lovelock Valley,Lovelock Valley|LEID|85.11666667,LEID,85.11666666666667,Hantush-Jacob leaky,2.4648047165967112e-55,0.778254769607222,0.293715718150169
Lovelock Valley,Lovelock Valley|LEID|85.11666667,LEID,85.11666666666667,Lagging Darcy no-leakage,0.8760938800485676,0.6000467425794662,0.17416779015246725
Lovelock Valley,Lovelock Valley|LEID|85.11666667,LEID,85.11666666666667,Lagging Darcy with leakage,0.12390611995143237,0.6000413000445484,0.17391867251493798
Lovelock Valley,Lovelock Valley|LEID|97.11666667,LEID,97.11666666666666,Theis confined,5.383349757226509e-54,0.85361959206576,0.2462477128749394
Lovelock Valley,Lovelock Valley|LEID|97.11666667,LEID,97.11666666666666,Hantush-Jacob leaky,2.4648047165967112e-55,0.846606808117024,0.293715718150169
Lovelock Valley,Lovelock Valley|LEID|97.11666667,LEID,97.11666666666666,Lagging Darcy no-leakage,0.8760938800485676,0.6479112124414288,0.17416779015246725
Lovelock Valley,Lovelock Valley|LEID|97.11666667,LEID,97.11666666666666,Lagging Darcy with leakage,0.12390611995143237,0.647905069037618,0.17391867251493798
Lovelock Valley,Lovelock Valley|LEID|109.1166667,LEID,109.11666666666666,Theis confined,5.383349757226509e-54,0.9128449891125784,0.2462477128749394
Lovelock Valley,Lovelock Valley|LEID|109.1166667,LEID,109.11666666666666,Hantush-Jacob leaky,2.4648047165967112e-55,0.9082559740885248,0.293715718150169
Lovelock Valley,Lovelock Valley|LEID|109.1166667,LEID,109.11666666666666,Lagging Darcy no-leakage,0.8760938800485676,0.694513914254505,0.17416779015246725
Lovelock Valley,Lovelock Valley|LEID|109.1166667,LEID,109.11666666666666,Lagging Darcy with leakage,0.12390611995143237,0.6945073910537527,0.17391867251493798
Lovelock Valley,Lovelock Valley|LEID|121.1166667,LEID,121.11666666666666,Theis confined,5.383349757226509e-54,0.9666847804140996,0.2462477128749394
Lovelock Valley,Lovelock Valley|LEID|121.1166667,LEID,121.11666666666666,Hantush-Jacob leaky,2.4648047165967112e-55,0.9643723039721604,0.293715718150169
Lovelock Valley,Lovelock Valley|LEID|121.1166667,LEID,121.11666666666666,Lagging Darcy no-leakage,0.8760938800485676,0.7398524309209379,0.17416779015246725
Lovelock Valley,Lovelock Valley|LEID|121.1166667,LEID,121.11666666666666,Lagging Darcy with leakage,0.12390611995143237,0.7398458084416681,0.17391867251493798
Lovelock Valley,Lovelock Valley|LEID|133.1166667,LEID,133.11666666666667,Theis confined,5.383349757226509e-54,1.016029053144639,0.2462477128749394
Lovelock Valley,Lovelock Valley|LEID|133.1166667,LEID,133.11666666666667,Hantush-Jacob leaky,2.4648047165967112e-55,1.0158459283516776,0.293715718150169
Lovelock Valley,Lovelock Valley|LEID|133.1166667,LEID,133.11666666666667,Lagging Darcy no-leakage,0.8760938800485676,0.7839356360028203,0.17416779015246725
Lovelock Valley,Lovelock Valley|LEID|133.1166667,LEID,133.11666666666667,Lagging Darcy with leakage,0.12390611995143237,0.7839291537724797,0.17391867251493798
Lovelock Valley,Lovelock Valley|LEID|145.1166667,LEID,145.11666666666667,Theis confined,5.383349757226509e-54,1.0615658934542418,0.2462477128749394
Lovelock Valley,Lovelock Valley|LEID|145.1166667,LEID,145.11666666666667,Hantush-Jacob leaky,2.4648047165967112e-55,1.063368253130623,0.293715718150169
Lovelock Valley,Lovelock Valley|LEID|145.1166667,LEID,145.11666666666667,Lagging Darcy no-leakage,0.8760938800485676,0.8011862001290986,0.17416779015246725
Lovelock Valley,Lovelock Valley|LEID|145.1166667,LEID,145.11666666666667,Lagging Darcy with leakage,0.12390611995143237,0.8011841200758808,0.17391867251493798
Lovelock Valley,Lovelock Valley|LEID|157.1166667,LEID,157.11666666666667,Theis confined,5.383349757226509e-54,1.0071158323960787,0.2462477128749394
Lovelock Valley,Lovelock Valley|LEID|157.1166667,LEID,157.11666666666667,Hantush-Jacob leaky,2.4648047165967112e-55,1.0244666801525355,0.293715718150169
Lovelock Valley,Lovelock Valley|LEID|157.1166667,LEID,157.11666666666667,Lagging Darcy no-leakage,0.8760938800485676,0.5827932576891297,0.17416779015246725
Lovelock Valley,Lovelock Valley|LEID|157.1166667,LEID,157.11666666666667,Lagging Darcy with leakage,0.12390611995143237,0.5827804146130386,0.17391867251493798
Lovelock Valley,Lovelock Valley|LEID|169.1166667,LEID,169.11666666666667,Theis confined,5.383349757226509e-54,0.87683477723357,0.2462477128749394
Lovelock Valley,Lovelock Valley|LEID|169.1166667,LEID,169.11666666666667,Hantush-Jacob leaky,2.4648047165967112e-55,0.9020913539485336,0.293715718150169
Lovelock Valley,Lovelock Valley|LEID|169.1166667,LEID,169.11666666666667,Lagging Darcy no-leakage,0.8760938800485676,0.5686940421341494,0.17416779015246725
Lovelock Valley,Lovelock Valley|LEID|169.1166667,LEID,169.11666666666667,Lagging Darcy with leakage,0.12390611995143237,0.5686850069157945,0.17391867251493798
Lovelock Valley,Lovelock Valley|LEID|181.1166667,LEID,181.11666666666667,Theis confined,5.383349757226509e-54,0.7712049993280949,0.2462477128749394
Lovelock Valley,Lovelock Valley|LEID|181.1166667,LEID,181.11666666666667,Hantush-Jacob leaky,2.4648047165967112e-55,0.7978974548482577,0.293715718150169
Lovelock Valley,Lovelock Valley|LEID|181.1166667,LEID,181.11666666666667,Lagging Darcy no-leakage,0.8760938800485676,0.5542810899601208,0.17416779015246725
Lovelock Valley,Lovelock Valley|LEID|181.1166667,LEID,181.11666666666667,Lagging Darcy with leakage,0.12390611995143237,0.5542754937786825,0.17391867251493798
Lovelock Valley,Lovelock Valley|LEID|193.1166667,LEID,193.11666666666667,Theis confined,5.383349757226509e-54,0.6886356154163826,0.2462477128749394
Lovelock Valley,Lovelock Valley|LEID|193.1166667,LEID,193.11666666666667,Hantush-Jacob leaky,2.4648047165967112e-55,0.7147567012582553,0.293715718150169
Lovelock Valley,Lovelock Valley|LEID|193.1166667,LEID,193.11666666666667,Lagging Darcy no-leakage,0.8760938800485676,0.5397972507939393,0.17416779015246725
Lovelock Valley,Lovelock Valley|LEID|193.1166667,LEID,193.11666666666667,Lagging Darcy with leakage,0.12390611995143237,0.539794749199821,0.17391867251493798
Lovelock Valley,Lovelock Valley|LEID|205.1166667,LEID,205.11666666666667,Theis confined,5.383349757226509e-54,0.622744950807407,0.2462477128749394
Lovelock Valley,Lovelock Valley|LEID|205.1166667,LEID,205.11666666666667,Hantush-Jacob leaky,2.4648047165967112e-55,0.6476021693749239,0.293715718150169
Lovelock Valley,Lovelock Valley|LEID|205.1166667,LEID,205.11666666666667,Lagging Darcy no-leakage,0.8760938800485676,0.525361409899405,0.17416779015246725
Lovelock Valley,Lovelock Valley|LEID|205.1166667,LEID,205.11666666666667,Lagging Darcy with leakage,0.12390611995143237,0.5253616333922473,0.17391867251493798
Lovelock Valley,Lovelock Valley|LEID|217.1166667,LEID,217.11666666666667,Theis confined,5.383349757226509e-54,0.5689222756376182,0.2462477128749394
Lovelock Valley,Lovelock Valley|LEID|217.1166667,LEID,217.11666666666667,Hantush-Jacob leaky,2.4648047165967112e-55,0.5922755580872352,0.293715718150169
Lovelock Valley,Lovelock Valley|LEID|217.1166667,LEID,217.11666666666667,Lagging Darcy no-leakage,0.8760938800485676,0.5110657441864458,0.17416779015246725
Lovelock Valley,Lovelock Valley|LEID|217.1166667,LEID,217.11666666666667,Lagging Darcy with leakage,0.12390611995143237,0.5110683083433365,0.17391867251493798
Lovelock Valley,Lovelock Valley|LEID|229.1166667,LEID,229.11666666666667,Theis confined,5.383349757226509e-54,0.5240632465478922,0.2462477128749394
Lovelock Valley,Lovelock Valley|LEID|229.1166667,LEID,229.11666666666667,Hantush-Jacob leaky,2.4648047165967112e-55,0.5458472132188211,0.293715718150169
Lovelock Valley,Lovelock Valley|LEID|229.1166667,LEID,229.11666666666667,Lagging Darcy no-leakage,0.8760938800485676,0.4969916372955074,0.17416779015246725
Lovelock Valley,Lovelock Valley|LEID|229.1166667,LEID,229.11666666666667,Lagging Darcy with leakage,0.12390611995143237,0.4969961588090523,0.17391867251493798
Lovelock Valley,Lovelock Valley|LEID|241.1166667,LEID,241.11666666666667,Theis confined,5.383349757226509e-54,0.4860441729397105,0.2462477128749394
Lovelock Valley,Lovelock Valley|LEID|241.1166667,LEID,241.11666666666667,Hantush-Jacob leaky,2.4648047165967112e-55,0.506265177451668,0.293715718150169
Lovelock Valley,Lovelock Valley|LEID|241.1166667,LEID,241.11666666666667,Lagging Darcy no-leakage,0.8760938800485676,0.4832075476755222,0.17416779015246725
Lovelock Valley,Lovelock Valley|LEID|241.1166667,LEID,241.11666666666667,Lagging Darcy with leakage,0.12390611995143237,0.4832136577462709,0.17391867251493798
Lovelock Valley,Lovelock Valley|LEID|253.1166667,LEID,253.11666666666667,Theis confined,5.383349757226509e-54,0.4533701677394782,0.2462477128749394
Lovelock Valley,Lovelock Valley|LEID|253.1166667,LEID,253.11666666666667,Hantush-Jacob leaky,2.4648047165967112e-55,0.4720643948964848,0.293715718150169
Lovelock Valley,Lovelock Valley|LEID|253.1166667,LEID,253.11666666666667,Lagging Darcy no-leakage,0.8760938800485676,0.4697674765523403,0.17416779015246725
Lovelock Valley,Lovelock Valley|LEID|253.1166667,LEID,253.11666666666667,Lagging Darcy with leakage,0.12390611995143237,0.4697748300232653,0.17391867251493798
Lovelock Valley,Lovelock Valley|LEID|265.1166667,LEID,265.1166666666667,Theis confined,5.383349757226509e-54,0.4249588495930795,0.2462477128749394
Lovelock Valley,Lovelock Valley|LEID|265.1166667,LEID,265.1166666666667,Hantush-Jacob leaky,2.4648047165967112e-55,0.4421742498867284,0.293715718150169
Lovelock Valley,Lovelock Valley|LEID|265.1166667,LEID,265.1166666666667,Lagging Darcy no-leakage,0.8760938800485676,0.4567113552310797,0.17416779015246725
Lovelock Valley,Lovelock Valley|LEID|265.1166667,LEID,265.1166666666667,Lagging Darcy with leakage,0.12390611995143237,0.4567196358540943,0.17391867251493798
Lovelock Valley,Lovelock Valley|LEID|277.1166667,LEID,277.1166666666667,Theis confined,5.383349757226509e-54,0.400006459841032,0.2462477128749394
Lovelock Valley,Lovelock Valley|LEID|277.1166667,LEID,277.1166666666667,Hantush-Jacob leaky,2.4648047165967112e-55,0.4157947359921388,0.293715718150169
Lovelock Valley,Lovelock Valley|LEID|277.1166667,LEID,277.1166666666667,Lagging Darcy no-leakage,0.8760938800485676,0.4440665681540644,0.17416779015246725
Lovelock Valley,Lovelock Valley|LEID|277.1166667,LEID,277.1166666666667,Lagging Darcy with leakage,0.12390611995143237,0.4440754908954325,0.17391867251493798
Lovelock Valley,Lovelock Valley|LEID|289.1166667,LEID,289.1166666666667,Theis confined,5.383349757226509e-54,0.3779028251858043,0.2462477128749394
Lovelock Valley,Lovelock Valley|LEID|289.1166667,LEID,289.1166666666667,Hantush-Jacob leaky,2.4648047165967112e-55,0.3923158809552292,0.293715718150169
Lovelock Valley,Lovelock Valley|LEID|289.1166667,LEID,289.1166666666667,Lagging Darcy no-leakage,0.8760938800485676,0.4318499130908836,0.17416779015246725
Lovelock Valley,Lovelock Valley|LEID|289.1166667,LEID,289.1166666666667,Lagging Darcy with leakage,0.12390611995143237,0.4318592243714967,0.17391867251493798
Lovelock Valley,Lovelock Valley|LEID|301.1166667,LEID,301.1166666666667,Theis confined,5.383349757226509e-54,0.3581757598059207,0.2462477128749394
Lovelock Valley,Lovelock Valley|LEID|301.1166667,LEID,301.1166666666667,Hantush-Jacob leaky,2.4648047165967112e-55,0.371264190227893,0.293715718150169
Lovelock Valley,Lovelock Valley|LEID|301.1166667,LEID,301.1166666666667,Lagging Darcy no-leakage,0.8760938800485676,0.4200695888559277,0.17416779015246725
Lovelock Valley,Lovelock Valley|LEID|301.1166667,LEID,301.1166666666667,Lagging Darcy with leakage,0.12390611995143237,0.4200790654570383,0.17391867251493798
Lovelock Valley,Lovelock Valley|LEID|313.1166667,LEID,313.1166666666667,Theis confined,5.383349757226509e-54,0.3404536942063785,0.2462477128749394
Lovelock Valley,Lovelock Valley|LEID|313.1166667,LEID,313.1166666666667,Hantush-Jacob leaky,2.4648047165967112e-55,0.3522662188903238,0.293715718150169
Lovelock Valley,Lovelock Valley|LEID|313.1166667,LEID,313.1166666666667,Lagging Darcy no-leakage,0.8760938800485676,0.4087270103311118,0.17416779015246725
Lovelock Valley,Lovelock Valley|LEID|313.1166667,LEID,313.1166666666667,Lagging Darcy with leakage,0.12390611995143237,0.4087364575019094,0.17391867251493798
Lovelock Valley,Lovelock Valley|LEID|325.1166667,LEID,325.1166666666667,Theis confined,5.383349757226509e-54,0.3244399119446246,0.2462477128749394
Lovelock Valley,Lovelock Valley|LEID|325.1166667,LEID,325.1166666666667,Hantush-Jacob leaky,2.4648047165967112e-55,0.3350232377654853,0.293715718150169
Lovelock Valley,Lovelock Valley|LEID|325.1166667,LEID,325.1166666666667,Lagging Darcy no-leakage,0.8760938800485676,0.3978183733098768,0.17416779015246725
Lovelock Valley,Lovelock Valley|LEID|325.1166667,LEID,325.1166666666667,Lagging Darcy with leakage,0.12390611995143237,0.3978276224591965,0.17391867251493798
Lovelock Valley,Lovelock Valley|LEID|337.1166667,LEID,337.1166666666667,Theis confined,5.383349757226509e-54,0.3098943802784368,0.2462477128749394
Lovelock Valley,Lovelock Valley|LEID|337.1166667,LEID,337.1166666666667,Hantush-Jacob leaky,2.4648047165967112e-55,0.3192932495670684,0.293715718150169
Lovelock Valley,Lovelock Valley|LEID|337.1166667,LEID,337.1166666666667,Lagging Darcy no-leakage,0.8760938800485676,0.3873359566246782,0.17416779015246725
Lovelock Valley,Lovelock Valley|LEID|337.1166667,LEID,337.1166666666667,Lagging Darcy with leakage,0.12390611995143237,0.3873448628501315,0.17391867251493798
Lovelock Valley,Lovelock Valley|LEID|349.1166667,LEID,349.1166666666667,Theis confined,5.383349757226509e-54,0.2966206730438008,0.2462477128749394
Lovelock Valley,Lovelock Valley|LEID|349.1166667,LEID,349.1166666666667,Hantush-Jacob leaky,2.4648047165967112e-55,0.304877981696273,0.293715718150169
Lovelock Valley,Lovelock Valley|LEID|349.1166667,LEID,349.1166666666667,Lagging Darcy no-leakage,0.8760938800485676,0.3772691800416536,0.17416779015246725
Lovelock Valley,Lovelock Valley|LEID|349.1166667,LEID,349.1166666666667,Lagging Darcy with leakage,0.12390611995143237,0.3772776196567307,0.17391867251493798
Lovelock Valley,Lovelock Valley|LEID|361.1166667,LEID,361.1166666666667,Theis confined,5.383349757226509e-54,0.2844563856369144,0.2462477128749394
Lovelock Valley,Lovelock Valley|LEID|361.1166667,LEID,361.1166666666667,Hantush-Jacob leaky,2.4648047165967112e-55,0.2916133177162856,0.293715718150169
Lovelock Valley,Lovelock Valley|LEID|361.1166667,LEID,361.1166666666667,Lagging Darcy no-leakage,0.8760938800485676,0.3676054488511888,0.17416779015246725
Lovelock Valley,Lovelock Valley|LEID|361.1166667,LEID,361.1166666666667,Lagging Darcy with leakage,0.12390611995143237,0.3676133170161719,0.17391867251493798
Lovelock Valley,Lovelock Valley|LEID|373.1166667,LEID,373.1166666666667,Theis confined,5.383349757226509e-54,0.2732659938107908,0.2462477128749394
Lovelock Valley,Lovelock Valley|LEID|373.1166667,LEID,373.1166666666667,Hantush-Jacob leaky,2.4648047165967112e-55,0.2793621495063325,0.293715718150169
Lovelock Valley,Lovelock Valley|LEID|373.1166667,LEID,373.1166666666667,Lagging Darcy no-leakage,0.8760938800485676,0.3583308189033942,0.17416779015246725
Lovelock Valley,Lovelock Valley|LEID|373.1166667,LEID,373.1166666666667,Lagging Darcy with leakage,0.12390611995143237,0.3583380274094701,0.17391867251493798
Lovelock Valley,Lovelock Valley|LEID|385.1166667,LEID,385.1166666666667,Theis confined,5.383349757226509e-54,0.2629354543002566,0.2462477128749394
Lovelock Valley,Lovelock Valley|LEID|385.1166667,LEID,385.1166666666667,Hantush-Jacob leaky,2.4648047165967112e-55,0.2680089627360547,0.293715718150169
Lovelock Valley,Lovelock Valley|LEID|385.1166667,LEID,385.1166666666667,Lagging Darcy no-leakage,0.8760938800485676,0.3494305140062539,0.17416779015246725
Lovelock Valley,Lovelock Valley|LEID|385.1166667,LEID,385.1166666666667,Lagging Darcy with leakage,0.12390611995143237,0.3494369892492308,0.17391867251493798
Lovelock Valley,Lovelock Valley|LEID|397.1166667,LEID,397.1166666666667,Theis confined,5.383349757226509e-54,0.2533680677030763,0.2462477128749394
Lovelock Valley,Lovelock Valley|LEID|397.1166667,LEID,397.1166666666667,Hantush-Jacob leaky,2.4648047165967112e-55,0.257455682928515,0.293715718150169
Lovelock Valley,Lovelock Valley|LEID|397.1166667,LEID,397.1166666666667,Lagging Darcy no-leakage,0.8760938800485676,0.3408893238719748,0.17416779015246725
Lovelock Valley,Lovelock Valley|LEID|397.1166667,LEID,397.1166666666667,Lagging Darcy with leakage,0.12390611995143237,0.3408950050186945,0.17391867251493798
Lovelock Valley,Lovelock Valley|LEID|409.1166667,LEID,409.1166666666667,Theis confined,5.383349757226509e-54,0.2444812699698206,0.2462477128749394
Lovelock Valley,Lovelock Valley|LEID|409.1166667,LEID,409.1166666666667,Hantush-Jacob leaky,2.4648047165967112e-55,0.2476184514333288,0.293715718150169
Lovelock Valley,Lovelock Valley|LEID|409.1166667,LEID,409.1166666666667,Lagging Darcy no-leakage,0.8760938800485676,0.3326919065232132,0.17416779015246725
Lovelock Valley,Lovelock Valley|LEID|409.1166667,LEID,409.1166666666667,Lagging Darcy with leakage,0.12390611995143237,0.3326967438680874,0.17391867251493798
Lovelock Valley,Lovelock Valley|LEID|421.1166667,LEID,421.1166666666667,Theis confined,5.383349757226509e-54,0.2362041164884718,0.2462477128749394
Lovelock Valley,Lovelock Valley|LEID|421.1166667,LEID,421.1166666666667,Hantush-Jacob leaky,2.4648047165967112e-55,0.2384250963662373,0.293715718150169
Lovelock Valley,Lovelock Valley|LEID|421.1166667,LEID,421.1166666666667,Lagging Darcy no-leakage,0.8760938800485676,0.3248230149492475,0.17416779015246725
Lovelock Valley,Lovelock Valley|LEID|421.1166667,LEID,421.1166666666667,Lagging Darcy with leakage,0.12390611995143237,0.3248269684577352,0.17391867251493798
Lovelock Valley,Lovelock Valley|LEID|433.1166667,LEID,433.1166666666667,Theis confined,5.383349757226509e-54,0.228475289256919,0.2462477128749394
Lovelock Valley,Lovelock Valley|LEID|433.1166667,LEID,433.1166666666667,Hantush-Jacob leaky,2.4648047165967112e-55,0.2298131291806995,0.293715718150169
Lovelock Valley,Lovelock Valley|LEID|433.1166667,LEID,433.1166666666667,Lagging Darcy no-leakage,0.8760938800485676,0.3172676641339624,0.17416779015246725
Lovelock Valley,Lovelock Valley|LEID|433.1166667,LEID,433.1166666666667,Lagging Darcy with leakage,0.12390611995143237,0.3172707021513616,0.17391867251493798
Lovelock Valley,Lovelock Valley|LEID|445.1166667,LEID,445.1166666666667,Theis confined,5.383349757226509e-54,0.221241503694241,0.2462477128749394
Lovelock Valley,Lovelock Valley|LEID|445.1166667,LEID,445.1166666666667,Hantush-Jacob leaky,2.4648047165967112e-55,0.2217281432027147,0.293715718150169
Lovelock Valley,Lovelock Valley|LEID|445.1166667,LEID,445.1166666666667,Lagging Darcy no-leakage,0.8760938800485676,0.3100112514312685,0.17416779015246725
Lovelock Valley,Lovelock Valley|LEID|445.1166667,LEID,445.1166666666667,Lagging Darcy with leakage,0.12390611995143237,0.3100133495483064,0.17391867251493798
Lovelock Valley,Lovelock Valley|LEID|457.1166667,LEID,457.1166666666667,Theis confined,5.383349757226509e-54,0.2144562240256153,0.2462477128749394
Lovelock Valley,Lovelock Valley|LEID|457.1166667,LEID,457.1166666666667,Hantush-Jacob leaky,2.4648047165967112e-55,0.2141225227034315,0.293715718150169
Lovelock Valley,Lovelock Valley|LEID|457.1166667,LEID,457.1166666666667,Lagging Darcy no-leakage,0.8760938800485676,0.3030396406593996,0.17416779015246725
Lovelock Valley,Lovelock Valley|LEID|457.1166667,LEID,457.1166666666667,Lagging Darcy with leakage,0.12390611995143237,0.3030407807171151,0.17391867251493798
Lovelock Valley,Lovelock Valley|LEID|469.1166667,LEID,469.1166666666667,Theis confined,5.383349757226509e-54,0.2080786192662598,0.2462477128749394
Lovelock Valley,Lovelock Valley|LEID|469.1166667,LEID,469.1166666666667,Hantush-Jacob leaky,2.4648047165967112e-55,0.2069543941542391,0.293715718150169
Lovelock Valley,Lovelock Valley|LEID|469.1166667,LEID,469.1166666666667,Lagging Darcy no-leakage,0.8760938800485676,0.2963392181471502,0.17416779015246725
Lovelock Valley,Lovelock Valley|LEID|469.1166667,LEID,469.1166666666667,Lagging Darcy with leakage,0.12390611995143237,0.2963393873669524,0.17391867251493798
Lovelock Valley,Lovelock Valley|LEID|481.1166667,LEID,481.1166666666667,Theis confined,5.383349757226509e-54,0.2020727085083526,0.2462477128749394
Lovelock Valley,Lovelock Valley|LEID|481.1166667,LEID,481.1166666666667,Hantush-Jacob leaky,2.4648047165967112e-55,0.2001867680203641,0.293715718150169
Lovelock Valley,Lovelock Valley|LEID|481.1166667,LEID,481.1166666666667,Lagging Darcy no-leakage,0.8760938800485676,0.2898969272402203,0.17416779015246725
Lovelock Valley,Lovelock Valley|LEID|481.1166667,LEID,481.1166666666667,Lagging Darcy with leakage,0.12390611995143237,0.2898961174614918,0.17391867251493798
Lovelock Valley,Lovelock Valley|LEID|493.1166667,LEID,493.1166666666667,Theis confined,5.383349757226509e-54,0.1964066564071598,0.2462477128749394
Lovelock Valley,Lovelock Valley|LEID|493.1166667,LEID,493.1166666666667,Hantush-Jacob leaky,2.4648047165967112e-55,0.1937868316931352,0.293715718150169
Lovelock Valley,Lovelock Valley|LEID|493.1166667,LEID,493.1166666666667,Lagging Darcy no-leakage,0.8760938800485676,0.2837002863939803,0.17416779015246725
Lovelock Valley,Lovelock Valley|LEID|493.1166667,LEID,493.1166666666667,Lagging Darcy with leakage,0.12390611995143237,0.2836984934121886,0.17391867251493798
Lovelock Valley,Lovelock Valley|LEID|505.1166667,LEID,505.1166666666667,Theis confined,5.383349757226509e-54,0.1910521887751131,0.2462477128749394
Lovelock Valley,Lovelock Valley|LEID|505.1166667,LEID,505.1166666666667,Hantush-Jacob leaky,2.4648047165967112e-55,0.1877253632284767,0.293715718150169
Lovelock Valley,Lovelock Valley|LEID|505.1166667,LEID,505.1166666666667,Lagging Darcy no-leakage,0.8760938800485676,0.2777373948779384,0.17416779015246725
Lovelock Valley,Lovelock Valley|LEID|505.1166667,LEID,505.1166666666667,Lagging Darcy with leakage,0.12390611995143237,0.2777346178685889,0.17391867251493798
Lovelock Valley,Lovelock Valley|LEID|517.1166667,LEID,517.1166666666667,Theis confined,5.383349757226509e-54,0.1859841049240083,0.2462477128749394
Lovelock Valley,Lovelock Valley|LEID|517.1166667,LEID,517.1166666666667,Hantush-Jacob leaky,2.4648047165967112e-55,0.1819762423408679,0.293715718150169
Lovelock Valley,Lovelock Valley|LEID|517.1166667,LEID,517.1166666666667,Lagging Darcy no-leakage,0.8760938800485676,0.2719969292444246,0.17416779015246725
Lovelock Valley,Lovelock Valley|LEID|517.1166667,LEID,517.1166666666667,Lagging Darcy with leakage,0.12390611995143237,0.2719931702584759,0.17391867251493798
Lovelock Valley,Lovelock Valley|LEID|529.1166667,LEID,529.1166666666667,Theis confined,5.383349757226509e-54,0.1811798684719552,0.2462477128749394
Lovelock Valley,Lovelock Valley|LEID|529.1166667,LEID,529.1166666666667,Hantush-Jacob leaky,2.4648047165967112e-55,0.1765160402216297,0.293715718150169
Lovelock Valley,Lovelock Valley|LEID|529.1166667,LEID,529.1166666666667,Lagging Darcy no-leakage,0.8760938800485676,0.2664681330083713,0.17416779015246725
Lovelock Valley,Lovelock Valley|LEID|529.1166667,LEID,529.1166666666667,Lagging Darcy with leakage,0.12390611995143237,0.2664633965381888,0.17391867251493798
Lovelock Valley,Lovelock Valley|LEID|541.1166667,LEID,541.1166666666667,Theis confined,5.383349757226509e-54,0.1766192621949043,0.2462477128749394
Lovelock Valley,Lovelock Valley|LEID|541.1166667,LEID,541.1166666666667,Hantush-Jacob leaky,2.4648047165967112e-55,0.1713236736491017,0.293715718150169
Lovelock Valley,Lovelock Valley|LEID|541.1166667,LEID,541.1166666666667,Lagging Darcy no-leakage,0.8760938800485676,0.2611408014668666,0.17416779015246725
Lovelock Valley,Lovelock Valley|LEID|541.1166667,LEID,541.1166666666667,Lagging Darcy with leakage,0.12390611995143237,0.2611350940648229,0.17391867251493798
Lovelock Valley,Lovelock Valley|LEID|553.1166667,LEID,553.1166666666667,Theis confined,5.383349757226509e-54,0.1722840954673998,0.2462477128749394
Lovelock Valley,Lovelock Valley|LEID|553.1166667,LEID,553.1166666666667,Hantush-Jacob leaky,2.4648047165967112e-55,0.166380111851512,0.293715718150169
Lovelock Valley,Lovelock Valley|LEID|553.1166667,LEID,553.1166666666667,Lagging Darcy no-leakage,0.8760938800485676,0.2560052631210552,0.17416779015246725
Lovelock Valley,Lovelock Valley|LEID|553.1166667,LEID,553.1166666666667,Lagging Darcy with leakage,0.12390611995143237,0.2559985930733468,0.17391867251493798
Lovelock Valley,Lovelock Valley|LEID|565.1166667,LEID,565.1166666666667,Theis confined,5.383349757226509e-54,0.1681579551308094,0.2462477128749394
Lovelock Valley,Lovelock Valley|LEID|565.1166667,LEID,565.1166666666667,Hantush-Jacob leaky,2.4648047165967112e-55,0.1616681268992668,0.293715718150169
Lovelock Valley,Lovelock Valley|LEID|565.1166667,LEID,565.1166666666667,Lagging Darcy no-leakage,0.8760938800485676,0.2510523588534725,0.17416779015246725
Lovelock Valley,Lovelock Valley|LEID|565.1166667,LEID,565.1166666666667,Lagging Darcy with leakage,0.12390611995143237,0.2510447358924672,0.17391867251493798
Lovelock Valley,Lovelock Valley|LEID|577.1166667,LEID,577.1166666666667,Theis confined,5.383349757226509e-54,0.1642259924148301,0.2462477128749394
Lovelock Valley,Lovelock Valley|LEID|577.1166667,LEID,577.1166666666667,Hantush-Jacob leaky,2.4648047165967112e-55,0.1571720802082181,0.293715718150169
Lovelock Valley,Lovelock Valley|LEID|577.1166667,LEID,577.1166666666667,Lagging Darcy no-leakage,0.8760938800485676,0.2462734197290081,0.17416779015246725
Lovelock Valley,Lovelock Valley|LEID|577.1166667,LEID,577.1166666666667,Lagging Darcy with leakage,0.12390611995143237,0.2462648547889543,0.17391867251493798
Lovelock Valley,Lovelock Valley|WWBN|0.1166666667,WWBN,0.11666666666666639,Theis confined,1.3893005529916222e-101,1.5053488559541785e-12,0.2462477128749394
Lovelock Valley,Lovelock Valley|WWBN|0.1166666667,WWBN,0.11666666666666639,Hantush-Jacob leaky,8.16298869808891e-178,2.976929831998049e-15,0.293715718150169
Lovelock Valley,Lovelock Valley|WWBN|0.1166666667,WWBN,0.11666666666666639,Lagging Darcy no-leakage,0.937359580220723,0.0085903031189954,0.17416779015246725
Lovelock Valley,Lovelock Valley|WWBN|0.1166666667,WWBN,0.11666666666666639,Lagging Darcy with leakage,0.06264041977927706,0.0085982373984372,0.17391867251493798
Lovelock Valley,Lovelock Valley|WWBN|0.6166666667,WWBN,0.6166666666666656,Theis confined,1.3893005529916222e-101,0.0017339745476082,0.2462477128749394
Lovelock Valley,Lovelock Valley|WWBN|0.6166666667,WWBN,0.6166666666666656,Hantush-Jacob leaky,8.16298869808891e-178,0.0005303505054241,0.293715718150169
Lovelock Valley,Lovelock Valley|WWBN|0.6166666667,WWBN,0.6166666666666656,Lagging Darcy no-leakage,0.937359580220723,0.0295158782580646,0.17416779015246725
Lovelock Valley,Lovelock Valley|WWBN|0.6166666667,WWBN,0.6166666666666656,Lagging Darcy with leakage,0.06264041977927706,0.0295221913338122,0.17391867251493798
Lovelock Valley,Lovelock Valley|WWBN|1.116666667,WWBN,1.116666666666665,Theis confined,1.3893005529916222e-101,0.0213617357576835,0.2462477128749394
Lovelock Valley,Lovelock Valley|WWBN|1.116666667,WWBN,1.116666666666665,Hantush-Jacob leaky,8.16298869808891e-178,0.0111949822697824,0.293715718150169
Lovelock Valley,Lovelock Valley|WWBN|1.116666667,WWBN,1.116666666666665,Lagging Darcy no-leakage,0.937359580220723,0.0579167921611888,0.17416779015246725
Lovelock Valley,Lovelock Valley|WWBN|1.116666667,WWBN,1.116666666666665,Lagging Darcy with leakage,0.06264041977927706,0.0579138924897368,0.17391867251493798
Lovelock Valley,Lovelock Valley|WWBN|1.616666667,WWBN,1.6166666666666663,Theis confined,1.3893005529916222e-101,0.0614152757600507,0.2462477128749394
Lovelock Valley,Lovelock Valley|WWBN|1.616666667,WWBN,1.6166666666666663,Hantush-Jacob leaky,8.16298869808891e-178,0.0397168933383367,0.293715718150169
Lovelock Valley,Lovelock Valley|WWBN|1.616666667,WWBN,1.6166666666666663,Lagging Darcy no-leakage,0.937359580220723,0.092621795636906,0.17416779015246725
Lovelock Valley,Lovelock Valley|WWBN|1.616666667,WWBN,1.6166666666666663,Lagging Darcy with leakage,0.06264041977927706,0.0926051805893326,0.17391867251493798
Lovelock Valley,Lovelock Valley|WWBN|2.116666667,WWBN,2.1166666666666654,Theis confined,1.3893005529916222e-101,0.1123003417392961,0.2462477128749394
Lovelock Valley,Lovelock Valley|WWBN|2.116666667,WWBN,2.1166666666666654,Hantush-Jacob leaky,8.16298869808891e-178,0.0813512415349419,0.293715718150169
Lovelock Valley,Lovelock Valley|WWBN|2.116666667,WWBN,2.1166666666666654,Lagging Darcy no-leakage,0.937359580220723,0.1317372390674677,0.17416779015246725
Lovelock Valley,Lovelock Valley|WWBN|2.116666667,WWBN,2.1166666666666654,Lagging Darcy with leakage,0.06264041977927706,0.1317063874747319,0.17391867251493798
Lovelock Valley,Lovelock Valley|WWBN|2.616666667,WWBN,2.6166666666666645,Theis confined,1.3893005529916222e-101,0.167439811817986,0.2462477128749394
Lovelock Valley,Lovelock Valley|WWBN|2.616666667,WWBN,2.6166666666666645,Hantush-Jacob leaky,8.16298869808891e-178,0.1303061720021939,0.293715718150169
Lovelock Valley,Lovelock Valley|WWBN|2.616666667,WWBN,2.6166666666666645,Lagging Darcy no-leakage,0.937359580220723,0.1734826911077935,0.17416779015246725
Lovelock Valley,Lovelock Valley|WWBN|2.616666667,WWBN,2.6166666666666645,Lagging Darcy with leakage,0.06264041977927706,0.1734394270708601,0.17391867251493798
Lovelock Valley,Lovelock Valley|WWBN|3.116666667,WWBN,3.1166666666666663,Theis confined,1.3893005529916222e-101,0.2233919794480326,0.2462477128749394
Lovelock Valley,Lovelock Valley|WWBN|3.116666667,WWBN,3.1166666666666663,Hantush-Jacob leaky,8.16298869808891e-178,0.1827076018322314,0.293715718150169
Lovelock Valley,Lovelock Valley|WWBN|3.116666667,WWBN,3.1166666666666663,Lagging Darcy no-leakage,0.937359580220723,0.216509598437215,0.17416779015246725
Lovelock Valley,Lovelock Valley|WWBN|3.116666667,WWBN,3.1166666666666663,Lagging Darcy with leakage,0.06264041977927706,0.2164567002001385,0.17391867251493798
Lovelock Valley,Lovelock Valley|WWBN|3.616666667,WWBN,3.616666666666666,Theis confined,1.3893005529916222e-101,0.2784548079052196,0.2462477128749394
Lovelock Valley,Lovelock Valley|WWBN|3.616666667,WWBN,3.616666666666666,Hantush-Jacob leaky,8.16298869808891e-178,0.236250336224708,0.293715718150169
Lovelock Valley,Lovelock Valley|WWBN|3.616666667,WWBN,3.616666666666666,Lagging Darcy no-leakage,0.937359580220723,0.2598825095896024,0.17416779015246725
Lovelock Valley,Lovelock Valley|WWBN|3.616666667,WWBN,3.616666666666666,Lagging Darcy with leakage,0.06264041977927706,0.2598229297244581,0.17391867251493798
Lovelock Valley,Lovelock Valley|WWBN|4.116666667,WWBN,4.1166666666666645,Theis confined,1.3893005529916222e-101,0.3318212014232029,0.2462477128749394
Lovelock Valley,Lovelock Valley|WWBN|4.116666667,WWBN,4.1166666666666645,Hantush-Jacob leaky,8.16298869808891e-178,0.2896089171921647,0.293715718150169
Lovelock Valley,Lovelock Valley|WWBN|4.116666667,WWBN,4.1166666666666645,Lagging Darcy no-leakage,0.937359580220723,0.3029811879885488,0.17416779015246725
Lovelock Valley,Lovelock Valley|WWBN|4.116666667,WWBN,4.1166666666666645,Lagging Darcy with leakage,0.06264041977927706,0.3029176873816275,0.17391867251493798
Lovelock Valley,Lovelock Valley|WWBN|4.616666667,WWBN,4.616666666666666,Theis confined,1.3893005529916222e-101,0.3831437926809714,0.2462477128749394
Lovelock Valley,Lovelock Valley|WWBN|4.616666667,WWBN,4.616666666666666,Hantush-Jacob leaky,8.16298869808891e-178,0.3420372534242714,0.293715718150169
Lovelock Valley,Lovelock Valley|WWBN|4.616666667,WWBN,4.616666666666666,Lagging Darcy no-leakage,0.937359580220723,0.345407746259837,0.17416779015246725
Lovelock Valley,Lovelock Valley|WWBN|4.616666667,WWBN,4.616666666666666,Lagging Darcy with leakage,0.06264041977927706,0.3453427527686741,0.17391867251493798
Lovelock Valley,Lovelock Valley|WWBN|5.116666667,WWBN,5.116666666666665,Theis confined,1.3893005529916222e-101,0.4323132484160494,0.2462477128749394
Lovelock Valley,Lovelock Valley|WWBN|5.116666667,WWBN,5.116666666666665,Hantush-Jacob leaky,8.16298869808891e-178,0.3931295713012865,0.293715718150169
Lovelock Valley,Lovelock Valley|WWBN|5.116666667,WWBN,5.116666666666665,Lagging Darcy no-leakage,0.937359580220723,0.3869161407889481,0.17416779015246725
Lovelock Valley,Lovelock Valley|WWBN|5.116666667,WWBN,5.116666666666665,Lagging Darcy with leakage,0.06264041977927706,0.3868517184583777,0.17391867251493798
Lovelock Valley,Lovelock Valley|WWBN|5.616666667,WWBN,5.6166666666666645,Theis confined,1.3893005529916222e-101,0.4793432792057978,0.2462477128749394
Lovelock Valley,Lovelock Valley|WWBN|5.616666667,WWBN,5.6166666666666645,Hantush-Jacob leaky,8.16298869808891e-178,0.4426810321057772,0.293715718150169
Lovelock Valley,Lovelock Valley|WWBN|5.616666667,WWBN,5.6166666666666645,Lagging Darcy no-leakage,0.937359580220723,0.4273625086995375,0.17416779015246725
Lovelock Valley,Lovelock Valley|WWBN|5.616666667,WWBN,5.6166666666666645,Lagging Darcy with leakage,0.06264041977927706,0.4273003768177617,0.17391867251493798
Lovelock Valley,Lovelock Valley|WWBN|6.116666667,WWBN,6.116666666666666,Theis confined,1.3893005529916222e-101,0.5243096883939181,0.2462477128749394
Lovelock Valley,Lovelock Valley|WWBN|6.116666667,WWBN,6.116666666666666,Hantush-Jacob leaky,8.16298869808891e-178,0.4906060629595637,0.293715718150169
Lovelock Valley,Lovelock Valley|WWBN|6.116666667,WWBN,6.116666666666666,Lagging Darcy no-leakage,0.937359580220723,0.4666711912145153,0.17416779015246725
Lovelock Valley,Lovelock Valley|WWBN|6.116666667,WWBN,6.116666666666666,Lagging Darcy with leakage,0.06264041977927706,0.4666127627135692,0.17391867251493798
Lovelock Valley,Lovelock Valley|WWBN|6.616666667,WWBN,6.616666666666665,Theis confined,1.3893005529916222e-101,0.5673175046026664,0.2462477128749394
Lovelock Valley,Lovelock Valley|WWBN|6.616666667,WWBN,6.616666666666665,Hantush-Jacob leaky,8.16298869808891e-178,0.5368898727373405,0.293715718150169
Lovelock Valley,Lovelock Valley|WWBN|6.616666667,WWBN,6.616666666666665,Lagging Darcy no-leakage,0.937359580220723,0.504811737925671,0.17416779015246725
Lovelock Valley,Lovelock Valley|WWBN|6.616666667,WWBN,6.616666666666665,Lagging Darcy with leakage,0.06264041977927706,0.5047581624960111,0.17391867251493798
Lovelock Valley,Lovelock Valley|WWBN|7.116666667,WWBN,7.116666666666667,Theis confined,1.3893005529916222e-101,0.60848310071752,0.2462477128749394
Lovelock Valley,Lovelock Valley|WWBN|7.116666667,WWBN,7.116666666666667,Hantush-Jacob leaky,8.16298869808891e-178,0.5815592573250976,0.293715718150169
Lovelock Valley,Lovelock Valley|WWBN|7.116666667,WWBN,7.116666666666667,Lagging Darcy no-leakage,0.937359580220723,0.5417833856810196,0.17416779015246725
Lovelock Valley,Lovelock Valley|WWBN|7.116666667,WWBN,7.116666666666667,Lagging Darcy with leakage,0.06264041977927706,0.5417355910211716,0.17391867251493798
Lovelock Valley,Lovelock Valley|WWBN|7.616666667,WWBN,7.616666666666666,Theis confined,1.3893005529916222e-101,0.6479244974388303,0.2462477128749394
Lovelock Valley,Lovelock Valley|WWBN|7.616666667,WWBN,7.616666666666666,Hantush-Jacob leaky,8.16298869808891e-178,0.6246648025641405,0.293715718150169
Lovelock Valley,Lovelock Valley|WWBN|7.616666667,WWBN,7.616666666666666,Lagging Darcy no-leakage,0.937359580220723,0.5776045762669292,0.17416779015246725
Lovelock Valley,Lovelock Valley|WWBN|7.616666667,WWBN,7.616666666666666,Lagging Darcy with leakage,0.06264041977927706,0.5775633048707229,0.17391867251493798
Lovelock Valley,Lovelock Valley|WWBN|8.116666667,WWBN,8.116666666666665,Theis confined,1.3893005529916222e-101,0.6857562184205321,0.2462477128749394
Lovelock Valley,Lovelock Valley|WWBN|8.116666667,WWBN,8.116666666666665,Hantush-Jacob leaky,8.16298869808891e-178,0.666269939177564,0.293715718150169
Lovelock Valley,Lovelock Valley|WWBN|8.116666667,WWBN,8.116666666666665,Lagging Darcy no-leakage,0.937359580220723,0.6123058665549593,0.17416779015246725
Lovelock Valley,Lovelock Valley|WWBN|8.116666667,WWBN,8.116666666666665,Lagging Darcy with leakage,0.06264041977927706,0.6122717073486399,0.17391867251493798
Lovelock Valley,Lovelock Valley|WWBN|8.616666667,WWBN,8.616666666666667,Theis confined,1.3893005529916222e-101,0.7220867071852817,0.2462477128749394
Lovelock Valley,Lovelock Valley|WWBN|8.616666667,WWBN,8.616666666666667,Hantush-Jacob leaky,8.16298869808891e-178,0.7064441840262414,0.293715718150169
Lovelock Valley,Lovelock Valley|WWBN|8.616666667,WWBN,8.616666666666667,Lagging Darcy no-leakage,0.937359580220723,0.6459251288987441,0.17416779015246725
Lovelock Valley,Lovelock Valley|WWBN|8.616666667,WWBN,8.616666666666667,Lagging Darcy with leakage,0.06264041977927706,0.6458985439056262,0.17391867251493798
Lovelock Valley,Lovelock Valley|WWBN|9.116666667,WWBN,9.116666666666667,Theis confined,1.3893005529916222e-101,0.7570171923975457,0.2462477128749394
Lovelock Valley,Lovelock Valley|WWBN|9.116666667,WWBN,9.116666666666667,Hantush-Jacob leaky,8.16298869808891e-178,0.7452589754478867,0.293715718150169
Lovelock Valley,Lovelock Valley|WWBN|9.116666667,WWBN,9.116666666666667,Lagging Darcy no-leakage,0.937359580220723,0.6785043045442829,0.17416779015246725
Lovelock Valley,Lovelock Valley|WWBN|9.116666667,WWBN,9.116666666666667,Lagging Darcy with leakage,0.06264041977927706,0.6784856511030624,0.17391867251493798
Lovelock Valley,Lovelock Valley|WWBN|9.616666667,WWBN,9.616666666666665,Theis confined,1.3893005529916222e-101,0.7906413676109476,0.2462477128749394
Lovelock Valley,Lovelock Valley|WWBN|9.616666667,WWBN,9.616666666666665,Hantush-Jacob leaky,8.16298869808891e-178,0.7827851347455992,0.293715718150169
Lovelock Valley,Lovelock Valley|WWBN|9.616666667,WWBN,9.616666666666665,Lagging Darcy no-leakage,0.937359580220723,0.7100872153011342,0.17416779015246725
Lovelock Valley,Lovelock Valley|WWBN|9.616666667,WWBN,9.616666666666665,Lagging Darcy with leakage,0.06264041977927706,0.7100767644613555,0.17391867251493798
Lovelock Valley,Lovelock Valley|WWBN|10.11666667,WWBN,10.116666666666667,Theis confined,1.3893005529916222e-101,0.8230455199699334,0.2462477128749394
Lovelock Valley,Lovelock Valley|WWBN|10.11666667,WWBN,10.116666666666667,Hantush-Jacob leaky,8.16298869808891e-178,0.8190913558882477,0.293715718150169
Lovelock Valley,Lovelock Valley|WWBN|10.11666667,WWBN,10.116666666666667,Lagging Darcy no-leakage,0.937359580220723,0.7407180996606152,0.17416779015246725
Lovelock Valley,Lovelock Valley|WWBN|10.11666667,WWBN,10.116666666666667,Lagging Darcy with leakage,0.06264041977927706,0.7407160513641964,0.17391867251493798
Lovelock Valley,Lovelock Valley|WWBN|10.61666667,WWBN,10.616666666666667,Theis confined,1.3893005529916222e-101,0.854308895463367,0.2462477128749394
Lovelock Valley,Lovelock Valley|WWBN|10.61666667,WWBN,10.616666666666667,Hantush-Jacob leaky,8.16298869808891e-178,0.8542433487468553,0.293715718150169
Lovelock Valley,Lovelock Valley|WWBN|10.61666667,WWBN,10.616666666666667,Lagging Darcy no-leakage,0.937359580220723,0.7704406467129635,0.17416779015246725
Lovelock Valley,Lovelock Valley|WWBN|10.61666667,WWBN,10.616666666666667,Lagging Darcy with leakage,0.06264041977927706,0.7704471423072725,0.17391867251493798
Lovelock Valley,Lovelock Valley|WWBN|11.11666667,WWBN,11.116666666666665,Theis confined,1.3893005529916222e-101,0.8845041771057413,0.2462477128749394
Lovelock Valley,Lovelock Valley|WWBN|11.11666667,WWBN,11.116666666666665,Hantush-Jacob leaky,8.16298869808891e-178,0.8883033981894574,0.293715718150169
Lovelock Valley,Lovelock Valley|WWBN|11.11666667,WWBN,11.116666666666665,Lagging Darcy no-leakage,0.937359580220723,0.7992973729891978,0.17416779015246725
Lovelock Valley,Lovelock Valley|WWBN|11.11666667,WWBN,11.116666666666665,Lagging Darcy with leakage,0.06264041977927706,0.7993125055400476,0.17391867251493798
Lovelock Valley,Lovelock Valley|WWBN|11.61666667,WWBN,11.616666666666667,Theis confined,1.3893005529916222e-101,0.9136980045524205,0.2462477128749394
Lovelock Valley,Lovelock Valley|WWBN|11.61666667,WWBN,11.616666666666667,Hantush-Jacob leaky,8.16298869808891e-178,0.9213301867197208,0.293715718150169
Lovelock Valley,Lovelock Valley|WWBN|11.61666667,WWBN,11.616666666666667,Lagging Darcy no-leakage,0.937359580220723,0.8273292357371022,0.17416779015246725
Lovelock Valley,Lovelock Valley|WWBN|11.61666667,WWBN,11.616666666666667,Lagging Darcy with leakage,0.06264041977927706,0.8273530585361435,0.17391867251493798
Lovelock Valley,Lovelock Valley|WWBN|12.11666667,WWBN,12.116666666666667,Theis confined,1.3893005529916222e-101,0.94195149454446,0.2462477128749394
Lovelock Valley,Lovelock Valley|WWBN|12.11666667,WWBN,12.116666666666667,Hantush-Jacob leaky,8.16298869808891e-178,0.9533787822715156,0.293715718150169
Lovelock Valley,Lovelock Valley|WWBN|12.11666667,WWBN,12.116666666666667,Lagging Darcy no-leakage,0.937359580220723,0.8545754089985381,0.17416779015246725
Lovelock Valley,Lovelock Valley|WWBN|12.11666667,WWBN,12.116666666666667,Lagging Darcy with leakage,0.06264041977927706,0.8546079425887481,0.17391867251493798
Lovelock Valley,Lovelock Valley|WWBN|12.61666667,WWBN,12.616666666666667,Theis confined,1.3893005529916222e-101,0.9693207399711004,0.2462477128749394
Lovelock Valley,Lovelock Valley|WWBN|12.61666667,WWBN,12.616666666666667,Hantush-Jacob leaky,8.16298869808891e-178,0.98450072725748,0.293715718150169
Lovelock Valley,Lovelock Valley|WWBN|12.61666667,WWBN,12.616666666666667,Lagging Darcy no-leakage,0.937359580220723,0.8810731713241866,0.17416779015246725
Lovelock Valley,Lovelock Valley|WWBN|12.61666667,WWBN,12.616666666666667,Lagging Darcy with leakage,0.06264041977927706,0.8811144093112713,0.17391867251493798
Lovelock Valley,Lovelock Valley|WWBN|13.11666667,WWBN,13.116666666666665,Theis confined,1.3893005529916222e-101,0.995857276288263,0.2462477128749394
Lovelock Valley,Lovelock Valley|WWBN|13.11666667,WWBN,13.116666666666665,Hantush-Jacob leaky,8.16298869808891e-178,1.0147441872579948,0.293715718150169
Lovelock Valley,Lovelock Valley|WWBN|13.11666667,WWBN,13.116666666666665,Lagging Darcy no-leakage,0.937359580220723,0.9068578694332486,0.17416779015246725
Lovelock Valley,Lovelock Valley|WWBN|13.11666667,WWBN,13.116666666666665,Lagging Darcy with leakage,0.06264041977927706,0.906907783301614,0.17391867251493798
Lovelock Valley,Lovelock Valley|WWBN|13.61666667,WWBN,13.616666666666667,Theis confined,1.3893005529916222e-101,1.0216085105069708,0.2462477128749394
Lovelock Valley,Lovelock Valley|WWBN|13.61666667,WWBN,13.616666666666667,Hantush-Jacob leaky,8.16298869808891e-178,1.0441541322716543,0.293715718150169
Lovelock Valley,Lovelock Valley|WWBN|13.61666667,WWBN,13.616666666666667,Lagging Darcy no-leakage,0.937359580220723,0.9319629328557024,0.17416779015246725
Lovelock Valley,Lovelock Valley|WWBN|13.61666667,WWBN,13.616666666666667,Lagging Darcy with leakage,0.06264041977927706,0.9320214759656728,0.17391867251493798
Lovelock Valley,Lovelock Valley|WWBN|14.11666667,WWBN,14.116666666666667,Theis confined,1.3893005529916222e-101,1.0466181117333186,0.2462477128749394
Lovelock Valley,Lovelock Valley|WWBN|14.11666667,WWBN,14.116666666666667,Hantush-Jacob leaky,8.16298869808891e-178,1.0727725329956277,0.293715718150169
Lovelock Valley,Lovelock Valley|WWBN|14.11666667,WWBN,14.116666666666667,Lagging Darcy no-leakage,0.937359580220723,0.9564199220674248,0.17416779015246725
Lovelock Valley,Lovelock Valley|WWBN|14.11666667,WWBN,14.116666666666667,Lagging Darcy with leakage,0.06264041977927706,0.9564870329788846,0.17391867251493798
Lovelock Valley,Lovelock Valley|WWBN|14.61666667,WWBN,14.616666666666665,Theis confined,1.3893005529916222e-101,1.0709263643655773,0.2462477128749394
Lovelock Valley,Lovelock Valley|WWBN|14.61666667,WWBN,14.616666666666665,Hantush-Jacob leaky,8.16298869808891e-178,1.100638560909552,0.293715718150169
Lovelock Valley,Lovelock Valley|WWBN|14.61666667,WWBN,14.616666666666665,Lagging Darcy no-leakage,0.937359580220723,0.9802585978673064,0.17416779015246725
Lovelock Valley,Lovelock Valley|WWBN|14.61666667,WWBN,14.616666666666665,Lagging Darcy with leakage,0.06264041977927706,0.98033420310807,0.17391867251493798
Lovelock Valley,Lovelock Valley|WWBN|15.11666667,WWBN,15.116666666666667,Theis confined,1.3893005529916222e-101,1.0945704861812864,0.2462477128749394
Lovelock Valley,Lovelock Valley|WWBN|15.11666667,WWBN,15.116666666666667,Hantush-Jacob leaky,8.16298869808891e-178,1.1277887851148531,0.293715718150169
Lovelock Valley,Lovelock Valley|WWBN|15.11666667,WWBN,15.116666666666667,Lagging Darcy no-leakage,0.937359580220723,1.0035070034414877,0.17416779015246725
Lovelock Valley,Lovelock Valley|WWBN|15.11666667,WWBN,15.116666666666667,Lagging Darcy with leakage,0.06264041977927706,1.0035910198169766,0.17391867251493798
Lovelock Valley,Lovelock Valley|WWBN|15.61666667,WWBN,15.616666666666667,Theis confined,1.3893005529916222e-101,1.117584914074203,0.2462477128749394
Lovelock Valley,Lovelock Valley|WWBN|15.61666667,WWBN,15.616666666666667,Hantush-Jacob leaky,8.16298869808891e-178,1.1542573616529372,0.293715718150169
Lovelock Valley,Lovelock Valley|WWBN|15.61666667,WWBN,15.616666666666667,Lagging Darcy no-leakage,0.937359580220723,1.0261915531602783,0.17416779015246725
Lovelock Valley,Lovelock Valley|WWBN|15.61666667,WWBN,15.616666666666667,Lagging Darcy with leakage,0.06264041977927706,1.0262838896814,0.17391867251493798
Lovelock Valley,Lovelock Valley|WWBN|16.11666667,WWBN,16.116666666666667,Theis confined,1.3893005529916222e-101,1.1400015603716347,0.2462477128749394
Lovelock Valley,Lovelock Valley|WWBN|16.11666667,WWBN,16.116666666666667,Hantush-Jacob leaky,8.16298869808891e-178,1.1800762128607951,0.293715718150169
Lovelock Valley,Lovelock Valley|WWBN|16.11666667,WWBN,16.116666666666667,Lagging Darcy no-leakage,0.937359580220723,1.0483371240030377,0.17416779015246725
Lovelock Valley,Lovelock Valley|WWBN|16.11666667,WWBN,16.116666666666667,Lagging Darcy with leakage,0.06264041977927706,1.04843768349998,0.17391867251493798
Lovelock Valley,Lovelock Valley|WWBN|16.61666667,WWBN,16.616666666666667,Theis confined,1.3893005529916222e-101,1.1618500426274798,0.2462477128749394
Lovelock Valley,Lovelock Valley|WWBN|16.61666667,WWBN,16.616666666666667,Hantush-Jacob leaky,8.16298869808891e-178,1.205275195530883,0.293715718150169
Lovelock Valley,Lovelock Valley|WWBN|16.61666667,WWBN,16.616666666666667,Lagging Darcy no-leakage,0.937359580220723,1.0699671468181833,0.17416779015246725
Lovelock Valley,Lovelock Valley|WWBN|16.61666667,WWBN,16.616666666666667,Lagging Darcy with leakage,0.06264041977927706,1.0700758272899833,0.17391867251493798
Lovelock Valley,Lovelock Valley|WWBN|17.11666667,WWBN,17.116666666666667,Theis confined,1.3893005529916222e-101,1.183157889637778,0.2462477128749394
Lovelock Valley,Lovelock Valley|WWBN|17.11666667,WWBN,17.116666666666667,Hantush-Jacob leaky,8.16298869808891e-178,1.2298822574295143,0.293715718150169
Lovelock Valley,Lovelock Valley|WWBN|17.11666667,WWBN,17.116666666666667,Lagging Darcy no-leakage,0.937359580220723,1.0911036955544888,0.17416779015246725
Lovelock Valley,Lovelock Valley|WWBN|17.11666667,WWBN,17.116666666666667,Lagging Darcy with leakage,0.06264041977927706,1.0912203913000198,0.17391867251493798
Lovelock Valley,Lovelock Valley|WWBN|17.61666667,WWBN,17.616666666666667,Theis confined,1.3893005529916222e-101,1.2039507262204685,0.2462477128749394
Lovelock Valley,Lovelock Valley|WWBN|17.61666667,WWBN,17.616666666666667,Hantush-Jacob leaky,8.16298869808891e-178,1.253923582231994,0.293715718150169
Lovelock Valley,Lovelock Valley|WWBN|17.61666667,WWBN,17.616666666666667,Lagging Darcy no-leakage,0.937359580220723,1.1117675732611707,0.17416779015246725
Lovelock Valley,Lovelock Valley|WWBN|17.61666667,WWBN,17.616666666666667,Lagging Darcy with leakage,0.06264041977927706,1.111892175825453,0.17391867251493798
Lovelock Valley,Lovelock Valley|WWBN|18.11666667,WWBN,18.116666666666667,Theis confined,1.3893005529916222e-101,1.2242524390734055,0.2462477128749394
Lovelock Valley,Lovelock Valley|WWBN|18.11666667,WWBN,18.116666666666667,Hantush-Jacob leaky,8.16298869808891e-178,1.2774237232459684,0.293715718150169
Lovelock Valley,Lovelock Valley|WWBN|18.11666667,WWBN,18.116666666666667,Lagging Darcy no-leakage,0.937359580220723,1.1319783941184975,0.17416779015246725
Lovelock Valley,Lovelock Valley|WWBN|18.11666667,WWBN,18.116666666666667,Lagging Darcy with leakage,0.06264041977927706,1.13211079308752,0.17391867251493798
Lovelock Valley,Lovelock Valley|WWBN|18.61666667,WWBN,18.616666666666667,Theis confined,1.3893005529916222e-101,1.24408532579485,0.2462477128749394
Lovelock Valley,Lovelock Valley|WWBN|18.61666667,WWBN,18.616666666666667,Hantush-Jacob leaky,8.16298869808891e-178,1.3004057264797249,0.293715718150169
Lovelock Valley,Lovelock Valley|WWBN|18.61666667,WWBN,18.616666666666667,Lagging Darcy no-leakage,0.937359580220723,1.1517546610936849,0.17416779015246725
Lovelock Valley,Lovelock Valley|WWBN|18.61666667,WWBN,18.616666666666667,Lagging Darcy with leakage,0.06264041977927706,1.1518947447586907,0.17391867251493798
Lovelock Valley,Lovelock Valley|WWBN|19.11666667,WWBN,19.116666666666667,Theis confined,1.3893005529916222e-101,1.2634702289298922,0.2462477128749394
Lovelock Valley,Lovelock Valley|WWBN|19.11666667,WWBN,19.116666666666667,Hantush-Jacob leaky,8.16298869808891e-178,1.3228912437118712,0.293715718150169
Lovelock Valley,Lovelock Valley|WWBN|19.11666667,WWBN,19.116666666666667,Lagging Darcy no-leakage,0.937359580220723,1.17111383904239,0.17416779015246725
Lovelock Valley,Lovelock Valley|WWBN|19.11666667,WWBN,19.116666666666667,Lagging Darcy with leakage,0.06264041977927706,1.1712614949554858,0.17391867251493798
Lovelock Valley,Lovelock Valley|WWBN|23.83333333,WWBN,23.833333333333336,Theis confined,1.3893005529916222e-101,1.427515467196633,0.2462477128749394
Lovelock Valley,Lovelock Valley|WWBN|23.83333333,WWBN,23.833333333333336,Hantush-Jacob leaky,8.16298869808891e-178,1.5139653735005054,0.293715718150169
Lovelock Valley,Lovelock Valley|WWBN|23.83333333,WWBN,23.833333333333336,Lagging Darcy no-leakage,0.937359580220723,1.3359783971759551,0.17416779015246725
Lovelock Valley,Lovelock Valley|WWBN|23.83333333,WWBN,23.833333333333336,Lagging Darcy with leakage,0.06264041977927706,1.3361920204011817,0.17391867251493798
Lovelock Valley,Lovelock Valley|WWBN|23.85,WWBN,23.85,Theis confined,1.3893005529916222e-101,1.4280427524360289,0.2462477128749394
Lovelock Valley,Lovelock Valley|WWBN|23.85,WWBN,23.85,Hantush-Jacob leaky,8.16298869808891e-178,1.5145815450969955,0.293715718150169
Lovelock Valley,Lovelock Valley|WWBN|23.85,WWBN,23.85,Lagging Darcy no-leakage,0.937359580220723,1.3365109869200271,0.17416779015246725
Lovelock Valley,Lovelock Valley|WWBN|23.85,WWBN,23.85,Lagging Darcy with leakage,0.06264041977927706,1.3367248262888651,0.17391867251493798
Lovelock Valley,Lovelock Valley|WWBN|74.38333333,WWBN,74.38333333333333,Theis confined,1.3893005529916222e-101,2.3275301438978,0.2462477128749394
Lovelock Valley,Lovelock Valley|WWBN|74.38333333,WWBN,74.38333333333333,Hantush-Jacob leaky,8.16298869808891e-178,2.565908485652263,0.293715718150169
Lovelock Valley,Lovelock Valley|WWBN|74.38333333,WWBN,74.38333333333333,Lagging Darcy no-leakage,0.937359580220723,2.259207156855516,0.17416779015246725
Lovelock Valley,Lovelock Valley|WWBN|74.38333333,WWBN,74.38333333333333,Lagging Darcy with leakage,0.06264041977927706,2.2597643447347764,0.17391867251493798
Lovelock Valley,Lovelock Valley|WWBN|94.68333333,WWBN,94.68333333333334,Theis confined,1.3893005529916222e-101,2.5253851852086218,0.2462477128749394
Lovelock Valley,Lovelock Valley|WWBN|94.68333333,WWBN,94.68333333333334,Hantush-Jacob leaky,8.16298869808891e-178,2.7890049464007998,0.293715718150169
Lovelock Valley,Lovelock Valley|WWBN|94.68333333,WWBN,94.68333333333334,Lagging Darcy no-leakage,0.937359580220723,2.4642867950524767,0.17416779015246725
Lovelock Valley,Lovelock Valley|WWBN|94.68333333,WWBN,94.68333333333334,Lagging Darcy with leakage,0.06264041977927706,2.464895087785024,0.17391867251493798
Lovelock Valley,Lovelock Valley|WWBN|95.01666667,WWBN,95.01666666666667,Theis confined,1.3893005529916222e-101,2.52827795049292,0.2462477128749394
Lovelock Valley,Lovelock Valley|WWBN|95.01666667,WWBN,95.01666666666667,Hantush-Jacob leaky,8.16298869808891e-178,2.7922136013396943,0.293715718150169
Lovelock Valley,Lovelock Valley|WWBN|95.01666667,WWBN,95.01666666666667,Lagging Darcy no-leakage,0.937359580220723,2.4672881789649543,0.17416779015246725
Lovelock Valley,Lovelock Valley|WWBN|95.01666667,WWBN,95.01666666666667,Lagging Darcy with leakage,0.06264041977927706,2.4678971004036967,0.17391867251493798
Lovelock Valley,Lovelock Valley|WWBN|95.08333333,WWBN,95.08333333333333,Theis confined,1.3893005529916222e-101,2.5288553212783813,0.2462477128749394
Lovelock Valley,Lovelock Valley|WWBN|95.08333333,WWBN,95.08333333333333,Hantush-Jacob leaky,8.16298869808891e-178,2.792853812471182,0.293715718150169
Lovelock Valley,Lovelock Valley|WWBN|95.08333333,WWBN,95.08333333333333,Lagging Darcy no-leakage,0.937359580220723,2.4678872384296,0.17416779015246725
Lovelock Valley,Lovelock Valley|WWBN|95.08333333,WWBN,95.08333333333333,Lagging Darcy with leakage,0.06264041977927706,2.46849628490304,0.17391867251493798
Lovelock Valley,Lovelock Valley|WWBN|95.16666667,WWBN,95.16666666666666,Theis confined,1.3893005529916222e-101,2.529576482392331,0.2462477128749394
Lovelock Valley,Lovelock Valley|WWBN|95.16666667,WWBN,95.16666666666666,Hantush-Jacob leaky,8.16298869808891e-178,2.7936533662064496,0.293715718150169
Lovelock Valley,Lovelock Valley|WWBN|95.16666667,WWBN,95.16666666666666,Lagging Darcy no-leakage,0.937359580220723,2.4686354940025,0.17416779015246725
Lovelock Valley,Lovelock Valley|WWBN|95.16666667,WWBN,95.16666666666666,Lagging Darcy with leakage,0.06264041977927706,2.4692446964398016,0.17391867251493798
Lovelock Valley,Lovelock Valley|WWBN|97.96666667,WWBN,97.96666666666667,Theis confined,1.3893005529916222e-101,2.5534577452752045,0.2462477128749394
Lovelock Valley,Lovelock Valley|WWBN|97.96666667,WWBN,97.96666666666667,Hantush-Jacob leaky,8.16298869808891e-178,2.820068367698432,0.293715718150169
Lovelock Valley,Lovelock Valley|WWBN|97.96666667,WWBN,97.96666666666667,Lagging Darcy no-leakage,0.937359580220723,2.49341669323514,0.17416779015246725
Lovelock Valley,Lovelock Valley|WWBN|97.96666667,WWBN,97.96666666666667,Lagging Darcy with leakage,0.06264041977927706,2.494030926810339,0.17391867251493798
Lovelock Valley,Lovelock Valley|WWBN|98.08333333,WWBN,98.08333333333333,Theis confined,1.3893005529916222e-101,2.554438349889022,0.2462477128749394
Lovelock Valley,Lovelock Valley|WWBN|98.08333333,WWBN,98.08333333333333,Hantush-Jacob leaky,8.16298869808891e-178,2.8211503896957235,0.293715718150169
Lovelock Valley,Lovelock Valley|WWBN|98.08333333,WWBN,98.08333333333333,Lagging Darcy no-leakage,0.937359580220723,2.4944343615470146,0.17416779015246725
Lovelock Valley,Lovelock Valley|WWBN|98.08333333,WWBN,98.08333333333333,Lagging Darcy with leakage,0.06264041977927706,2.495048796099262,0.17391867251493798
Lovelock Valley,Lovelock Valley|WWBN|98.15,WWBN,98.15,Theis confined,1.3893005529916222e-101,2.554998186674798,0.2462477128749394
Lovelock Valley,Lovelock Valley|WWBN|98.15,WWBN,98.15,Hantush-Jacob leaky,8.16298869808891e-178,2.8217680325043624,0.293715718150169
Lovelock Valley,Lovelock Valley|WWBN|98.15,WWBN,98.15,Lagging Darcy no-leakage,0.937359580220723,2.495015362233607,0.17416779015246725
Lovelock Valley,Lovelock Valley|WWBN|98.15,WWBN,98.15,Lagging Darcy with leakage,0.06264041977927706,2.495629911325132,0.17391867251493798
Lovelock Valley,Lovelock Valley|WWBN|98.21666667,WWBN,98.21666666666667,Theis confined,1.3893005529916222e-101,2.5555576541012366,0.2462477128749394
Lovelock Valley,Lovelock Valley|WWBN|98.21666667,WWBN,98.21666666666667,Hantush-Jacob leaky,8.16298869808891e-178,2.822385199361902,0.293715718150169
Lovelock Valley,Lovelock Valley|WWBN|98.21666667,WWBN,98.21666666666667,Lagging Darcy no-leakage,0.937359580220723,2.495595982408004,0.17416779015246725
Lovelock Valley,Lovelock Valley|WWBN|98.21666667,WWBN,98.21666666666667,Lagging Darcy with leakage,0.06264041977927706,2.4962106458165394,0.17391867251493798
Lovelock Valley,Lovelock Valley|WWBN|141.3166667,WWBN,141.31666666666666,Theis confined,1.3893005529916222e-101,2.856715394654736,0.2462477128749394
Lovelock Valley,Lovelock Valley|WWBN|141.3166667,WWBN,141.31666666666666,Hantush-Jacob leaky,8.16298869808891e-178,3.142906537219208,0.293715718150169
Lovelock Valley,Lovelock Valley|WWBN|141.3166667,WWBN,141.31666666666666,Lagging Darcy no-leakage,0.937359580220723,2.8084960273906043,0.17416779015246725
Lovelock Valley,Lovelock Valley|WWBN|141.3166667,WWBN,141.31666666666666,Lagging Darcy with leakage,0.06264041977927706,2.8091478433424726,0.17391867251493798
Lovelock Valley,Lovelock Valley|WWBN|141.4,WWBN,141.4,Theis confined,1.3893005529916222e-101,2.8572053535444004,0.2462477128749394
Lovelock Valley,Lovelock Valley|WWBN|141.4,WWBN,141.4,Hantush-Jacob leaky,8.16298869808891e-178,3.143406139694024,0.293715718150169
Lovelock Valley,Lovelock Valley|WWBN|141.4,WWBN,141.4,Lagging Darcy no-leakage,0.937359580220723,2.8090055942033167,0.17416779015246725
Lovelock Valley,Lovelock Valley|WWBN|141.4,WWBN,141.4,Lagging Darcy with leakage,0.06264041977927706,2.809657425302575,0.17391867251493798
Lovelock Valley,Lovelock Valley|WWBN|141.5333333,WWBN,141.53333333333333,Theis confined,1.3893005529916222e-101,2.857988699280816,0.2462477128749394
Lovelock Valley,Lovelock Valley|WWBN|141.5333333,WWBN,141.53333333333333,Hantush-Jacob leaky,8.16298869808891e-178,3.144204737392849,0.293715718150169
Lovelock Valley,Lovelock Valley|WWBN|141.5333333,WWBN,141.53333333333333,Lagging Darcy no-leakage,0.937359580220723,2.8098202920189053,0.17416779015246725
Lovelock Valley,Lovelock Valley|WWBN|141.5333333,WWBN,141.53333333333333,Lagging Darcy with leakage,0.06264041977927706,2.810472146990527,0.17391867251493798
Lovelock Valley,Lovelock Valley|WWBN|141.6166667,WWBN,141.61666666666667,Theis confined,1.3893005529916222e-101,2.8584779230709776,0.2462477128749394
Lovelock Valley,Lovelock Valley|WWBN|141.6166667,WWBN,141.61666666666667,Hantush-Jacob leaky,8.16298869808891e-178,3.1447033827115414,0.293715718150169
Lovelock Valley,Lovelock Valley|WWBN|141.6166667,WWBN,141.61666666666667,Lagging Darcy no-leakage,0.937359580220723,2.8103290980012705,0.17416779015246725
Lovelock Valley,Lovelock Valley|WWBN|141.6166667,WWBN,141.61666666666667,Lagging Darcy with leakage,0.06264041977927706,2.8109809676644844,0.17391867251493798
Lovelock Valley,Lovelock Valley|WWBN|143.9166667,WWBN,143.91666666666666,Theis confined,1.3893005529916222e-101,2.8718702687362665,0.2462477128749394
Lovelock Valley,Lovelock Valley|WWBN|143.9166667,WWBN,143.91666666666666,Hantush-Jacob leaky,8.16298869808891e-178,3.1583224835498207,0.293715718150169
Lovelock Valley,Lovelock Valley|WWBN|143.9166667,WWBN,143.91666666666666,Lagging Darcy no-leakage,0.937359580220723,2.82425804653858,0.17416779015246725
Lovelock Valley,Lovelock Valley|WWBN|143.9166667,WWBN,143.91666666666666,Lagging Darcy with leakage,0.06264041977927706,2.824910253295428,0.17391867251493798
Lovelock Valley,Lovelock Valley|WWBN|143.95,WWBN,143.95,Theis confined,1.3893005529916222e-101,2.8720628138777187,0.2462477128749394
Lovelock Valley,Lovelock Valley|WWBN|143.95,WWBN,143.95,Hantush-Jacob leaky,8.16298869808891e-178,3.1585178482688283,0.293715718150169
Lovelock Valley,Lovelock Valley|WWBN|143.95,WWBN,143.95,Lagging Darcy no-leakage,0.937359580220723,2.8244583141978845,0.17416779015246725
Lovelock Valley,Lovelock Valley|WWBN|143.95,WWBN,143.95,Lagging Darcy with leakage,0.06264041977927706,2.8251105248804365,0.17391867251493798
Lovelock Valley,Lovelock Valley|WWBN|144,WWBN,144.0,Theis confined,1.3893005529916222e-101,2.8723515496220724,0.2462477128749394
Lovelock Valley,Lovelock Valley|WWBN|144,WWBN,144.0,Hantush-Jacob leaky,8.16298869808891e-178,3.158810788661519,0.293715718150169
Lovelock Valley,Lovelock Valley|WWBN|144,WWBN,144.0,Lagging Darcy no-leakage,0.937359580220723,2.824758630835229,0.17416779015246725
Lovelock Valley,Lovelock Valley|WWBN|144,WWBN,144.0,Lagging Darcy with leakage,0.06264041977927706,2.8254108473545543,0.17391867251493798
Lovelock Valley,Lovelock Valley|WWBN|190.15,WWBN,190.15,Theis confined,1.3893005529916222e-101,1.172348555622941,0.2462477128749394
Lovelock Valley,Lovelock Valley|WWBN|190.15,WWBN,190.15,Hantush-Jacob leaky,8.16298869808891e-178,1.278184472302509,0.293715718150169
Lovelock Valley,Lovelock Valley|WWBN|190.15,WWBN,190.15,Lagging Darcy no-leakage,0.937359580220723,1.215313417696333,0.17416779015246725
Lovelock Valley,Lovelock Valley|WWBN|190.15,WWBN,190.15,Lagging Darcy with leakage,0.06264041977927706,1.215529773918771,0.17391867251493798
Lovelock Valley,Lovelock Valley|WWBN|190.3666667,WWBN,190.36666666666667,Theis confined,1.3893005529916222e-101,1.1695165269814267,0.2462477128749394
Lovelock Valley,Lovelock Valley|WWBN|190.3666667,WWBN,190.36666666666667,Hantush-Jacob leaky,8.16298869808891e-178,1.2746255569078977,0.293715718150169
Lovelock Valley,Lovelock Valley|WWBN|190.3666667,WWBN,190.36666666666667,Lagging Darcy no-leakage,0.937359580220723,1.2124123358802448,0.17416779015246725
Lovelock Valley,Lovelock Valley|WWBN|190.3666667,WWBN,190.36666666666667,Lagging Darcy with leakage,0.06264041977927706,1.2126270599051665,0.17391867251493798
Lovelock Valley,Lovelock Valley|WWBN|190.6166667,WWBN,190.61666666666667,Theis confined,1.3893005529916222e-101,1.1662683171145345,0.2462477128749394
Lovelock Valley,Lovelock Valley|WWBN|190.6166667,WWBN,190.61666666666667,Hantush-Jacob leaky,8.16298869808891e-178,1.2705424029158734,0.293715718150169
Lovelock Valley,Lovelock Valley|WWBN|190.6166667,WWBN,190.61666666666667,Lagging Darcy no-leakage,0.937359580220723,1.2090845895105686,0.17416779015246725
Lovelock Valley,Lovelock Valley|WWBN|190.6166667,WWBN,190.61666666666667,Lagging Darcy with leakage,0.06264041977927706,1.2092974401373482,0.17391867251493798
Lovelock Valley,Lovelock Valley|WWBN|190.8666667,WWBN,190.86666666666667,Theis confined,1.3893005529916222e-101,1.1630408034748168,0.2462477128749394
Lovelock Valley,Lovelock Valley|WWBN|190.8666667,WWBN,190.86666666666667,Hantush-Jacob leaky,8.16298869808891e-178,1.266483957190319,0.293715718150169
Lovelock Valley,Lovelock Valley|WWBN|190.8666667,WWBN,190.86666666666667,Lagging Darcy no-leakage,0.937359580220723,1.2057776928080173,0.17416779015246725
Lovelock Valley,Lovelock Valley|WWBN|190.8666667,WWBN,190.86666666666667,Lagging Darcy with leakage,0.06264041977927706,1.2059886805612692,0.17391867251493798
Lovelock Valley,Lovelock Valley|WWBN|191.1166667,WWBN,191.11666666666667,Theis confined,1.3893005529916222e-101,1.1598337662224836,0.2462477128749394
Lovelock Valley,Lovelock Valley|WWBN|191.1166667,WWBN,191.11666666666667,Hantush-Jacob leaky,8.16298869808891e-178,1.2624499702079692,0.293715718150169
Lovelock Valley,Lovelock Valley|WWBN|191.1166667,WWBN,191.11666666666667,Lagging Darcy no-leakage,0.937359580220723,1.202491429128726,0.17416779015246725
Lovelock Valley,Lovelock Valley|WWBN|191.1166667,WWBN,191.11666666666667,Lagging Darcy with leakage,0.06264041977927706,1.2027005644379756,0.17391867251493798
Lovelock Valley,Lovelock Valley|WWBN|191.3666667,WWBN,191.36666666666667,Theis confined,1.3893005529916222e-101,1.1566469888675086,0.2462477128749394
Lovelock Valley,Lovelock Valley|WWBN|191.3666667,WWBN,191.36666666666667,Hantush-Jacob leaky,8.16298869808891e-178,1.2584401961556564,0.293715718150169
Lovelock Valley,Lovelock Valley|WWBN|191.3666667,WWBN,191.36666666666667,Lagging Darcy no-leakage,0.937359580220723,1.1992255850414768,0.17416779015246725
Lovelock Valley,Lovelock Valley|WWBN|191.3666667,WWBN,191.36666666666667,Lagging Darcy with leakage,0.06264041977927706,1.1994328782446289,0.17391867251493798
Lovelock Valley,Lovelock Valley|WWBN|192.1166667,WWBN,192.11666666666667,Theis confined,1.3893005529916222e-101,1.1472061001388167,0.2462477128749394
Lovelock Valley,Lovelock Valley|WWBN|192.1166667,WWBN,192.11666666666667,Hantush-Jacob leaky,8.16298869808891e-178,1.246553747575557,0.293715718150169
Lovelock Valley,Lovelock Valley|WWBN|192.1166667,WWBN,192.11666666666667,Lagging Darcy no-leakage,0.937359580220723,1.1895484828972087,0.17416779015246725
Lovelock Valley,Lovelock Valley|WWBN|192.1166667,WWBN,192.11666666666667,Lagging Darcy with leakage,0.06264041977927706,1.189750310904767,0.17391867251493798
Lovelock Valley,Lovelock Valley|WWBN|193.1166667,WWBN,193.11666666666667,Theis confined,1.3893005529916222e-101,1.1348893126209827,0.2462477128749394
Lovelock Valley,Lovelock Valley|WWBN|193.1166667,WWBN,193.11666666666667,Hantush-Jacob leaky,8.16298869808891e-178,1.231029837668593,0.293715718150169
Lovelock Valley,Lovelock Valley|WWBN|193.1166667,WWBN,193.11666666666667,Lagging Darcy no-leakage,0.937359580220723,1.1769191432451425,0.17416779015246725
Lovelock Valley,Lovelock Valley|WWBN|193.1166667,WWBN,193.11666666666667,Lagging Darcy with leakage,0.06264041977927706,1.1771138236385248,0.17391867251493798
Lovelock Valley,Lovelock Valley|WWBN|194.1166667,WWBN,194.11666666666665,Theis confined,1.3893005529916222e-101,1.1228708351236674,0.2462477128749394
Lovelock Valley,Lovelock Valley|WWBN|194.1166667,WWBN,194.11666666666665,Hantush-Jacob leaky,8.16298869808891e-178,1.215863935213798,0.293715718150169
Lovelock Valley,Lovelock Valley|WWBN|194.1166667,WWBN,194.11666666666665,Lagging Darcy no-leakage,0.937359580220723,1.164590987598744,0.17416779015246725
Lovelock Valley,Lovelock Valley|WWBN|194.1166667,WWBN,194.11666666666665,Lagging Darcy with leakage,0.06264041977927706,1.1647786745859712,0.17391867251493798
Lovelock Valley,Lovelock Valley|WWBN|195.1166667,WWBN,195.11666666666667,Theis confined,1.3893005529916222e-101,1.1111388175152943,0.2462477128749394
Lovelock Valley,Lovelock Valley|WWBN|195.1166667,WWBN,195.11666666666667,Hantush-Jacob leaky,8.16298869808891e-178,1.2010425325210283,0.293715718150169
Lovelock Valley,Lovelock Valley|WWBN|195.1166667,WWBN,195.11666666666667,Lagging Darcy no-leakage,0.937359580220723,1.1525522860966015,0.17416779015246725
Lovelock Valley,Lovelock Valley|WWBN|195.1166667,WWBN,195.11666666666667,Lagging Darcy with leakage,0.06264041977927706,1.1527331286588556,0.17391867251493798
Lovelock Valley,Lovelock Valley|WWBN|196.1166667,WWBN,196.11666666666667,Theis confined,1.3893005529916222e-101,1.0996820749558749,0.2462477128749394
Lovelock Valley,Lovelock Valley|WWBN|196.1166667,WWBN,196.11666666666667,Hantush-Jacob leaky,8.16298869808891e-178,1.1865528612453555,0.293715718150169
Lovelock Valley,Lovelock Valley|WWBN|196.1166667,WWBN,196.11666666666667,Lagging Darcy no-leakage,0.937359580220723,1.1407919518391,0.17416779015246725
Lovelock Valley,Lovelock Valley|WWBN|196.1166667,WWBN,196.11666666666667,Lagging Darcy with leakage,0.06264041977927706,1.1409660939627173,0.17391867251493798
Lovelock Valley,Lovelock Valley|WWBN|197.1166667,WWBN,197.11666666666665,Theis confined,1.3893005529916222e-101,1.0884900395739576,0.2462477128749394
Lovelock Valley,Lovelock Valley|WWBN|197.1166667,WWBN,197.11666666666665,Hantush-Jacob leaky,8.16298869808891e-178,1.1723828393462932,0.293715718150169
Lovelock Valley,Lovelock Valley|WWBN|197.1166667,WWBN,197.11666666666665,Lagging Darcy no-leakage,0.937359580220723,1.129299495471728,0.17416779015246725
Lovelock Valley,Lovelock Valley|WWBN|197.1166667,WWBN,197.11666666666665,Lagging Darcy with leakage,0.06264041977927706,1.1294670763780346,0.17391867251493798
Lovelock Valley,Lovelock Valley|WWBN|198.1166667,WWBN,198.11666666666667,Theis confined,1.3893005529916222e-101,1.0775527164331131,0.2462477128749394
Lovelock Valley,Lovelock Valley|WWBN|198.1166667,WWBN,198.11666666666667,Hantush-Jacob leaky,8.16298869808891e-178,1.1585210227013485,0.293715718150169
Lovelock Valley,Lovelock Valley|WWBN|198.1166667,WWBN,198.11666666666667,Lagging Darcy no-leakage,0.937359580220723,1.1180649836853225,0.17416779015246725
Lovelock Valley,Lovelock Valley|WWBN|198.1166667,WWBN,198.11666666666667,Lagging Darcy with leakage,0.06264041977927706,1.118226138038331,0.17391867251493798
Lovelock Valley,Lovelock Valley|WWBN|199.1166667,WWBN,199.11666666666667,Theis confined,1.3893005529916222e-101,1.0668606433402248,0.2462477128749394
Lovelock Valley,Lovelock Valley|WWBN|199.1166667,WWBN,199.11666666666667,Hantush-Jacob leaky,8.16298869808891e-178,1.1449565608955976,0.293715718150169
Lovelock Valley,Lovelock Valley|WWBN|199.1166667,WWBN,199.11666666666667,Lagging Darcy no-leakage,0.937359580220723,1.1070790012162264,0.17416779015246725
Lovelock Valley,Lovelock Valley|WWBN|199.1166667,WWBN,199.11666666666667,Lagging Darcy with leakage,0.06264041977927706,1.1072338593248148,0.17391867251493798
Lovelock Valley,Lovelock Valley|WWBN|200.1166667,WWBN,200.11666666666665,Theis confined,1.3893005529916222e-101,1.0564048541013649,0.2462477128749394
Lovelock Valley,Lovelock Valley|WWBN|200.1166667,WWBN,200.11666666666665,Hantush-Jacob leaky,8.16298869808891e-178,1.1316791567649245,0.293715718150169
Lovelock Valley,Lovelock Valley|WWBN|200.1166667,WWBN,200.11666666666665,Lagging Darcy no-leakage,0.937359580220723,1.096332616012864,0.17416779015246725
Lovelock Valley,Lovelock Valley|WWBN|200.1166667,WWBN,200.11666666666665,Lagging Darcy with leakage,0.06264041977927706,1.0964813040205357,0.17391867251493798
Lovelock Valley,Lovelock Valley|WWBN|201.1166667,WWBN,201.11666666666667,Theis confined,1.3893005529916222e-101,1.0461768448772713,0.2462477128749394
Lovelock Valley,Lovelock Valley|WWBN|201.1166667,WWBN,201.11666666666667,Hantush-Jacob leaky,8.16298869808891e-178,1.118679029319272,0.293715718150169
Lovelock Valley,Lovelock Valley|WWBN|201.1166667,WWBN,201.11666666666667,Lagging Darcy no-leakage,0.937359580220723,1.0858173472577066,0.17416779015246725
Lovelock Valley,Lovelock Valley|WWBN|201.1166667,WWBN,201.11666666666667,Lagging Darcy with leakage,0.06264041977927706,1.085959987324145,0.17391867251493798
Lovelock Valley,Lovelock Valley|WWBN|202.1166667,WWBN,202.11666666666667,Theis confined,1.3893005529916222e-101,1.0361685433307102,0.2462477128749394
Lovelock Valley,Lovelock Valley|WWBN|202.1166667,WWBN,202.11666666666667,Hantush-Jacob leaky,8.16298869808891e-178,1.105946879714578,0.293715718150169
Lovelock Valley,Lovelock Valley|WWBN|202.1166667,WWBN,202.11666666666667,Lagging Darcy no-leakage,0.937359580220723,1.0755251359649214,0.17416779015246725
Lovelock Valley,Lovelock Valley|WWBN|202.1166667,WWBN,202.11666666666667,Lagging Darcy with leakage,0.06264041977927706,1.075661846435409,0.17391867251493798
Lovelock Valley,Lovelock Valley|WWBN|203.1166667,WWBN,203.11666666666665,Theis confined,1.3893005529916222e-101,1.0263722802929445,0.2462477128749394
Lovelock Valley,Lovelock Valley|WWBN|203.1166667,WWBN,203.11666666666665,Hantush-Jacob leaky,8.16298869808891e-178,1.0934738599791514,0.293715718150169
Lovelock Valley,Lovelock Valley|WWBN|203.1166667,WWBN,203.11666666666665,Lagging Darcy no-leakage,0.937359580220723,1.0654483179215457,0.17416779015246725
Lovelock Valley,Lovelock Valley|WWBN|203.1166667,WWBN,203.11666666666665,Lagging Darcy with leakage,0.06264041977927706,1.0655792134869202,0.17391867251493798
Lovelock Valley,Lovelock Valley|WWBN|204.1166667,WWBN,204.11666666666667,Theis confined,1.3893005529916222e-101,1.016780763707093,0.2462477128749394
Lovelock Valley,Lovelock Valley|WWBN|204.1166667,WWBN,204.11666666666667,Hantush-Jacob leaky,8.16298869808891e-178,1.0812515442325892,0.293715718150169
Lovelock Valley,Lovelock Valley|WWBN|204.1166667,WWBN,204.11666666666667,Lagging Darcy no-leakage,0.937359580220723,1.0555795987355632,0.17416779015246725
Lovelock Valley,Lovelock Valley|WWBN|204.1166667,WWBN,204.11666666666667,Lagging Darcy with leakage,0.06264041977927706,1.0557047905886705,0.17391867251493798
Lovelock Valley,Lovelock Valley|WWBN|205.1166667,WWBN,205.11666666666667,Theis confined,1.3893005529916222e-101,1.0073870546328476,0.2462477128749394
Lovelock Valley,Lovelock Valley|WWBN|205.1166667,WWBN,205.11666666666667,Hantush-Jacob leaky,8.16298869808891e-178,1.069271902163798,0.293715718150169
Lovelock Valley,Lovelock Valley|WWBN|205.1166667,WWBN,205.11666666666667,Lagging Darcy no-leakage,0.937359580220723,1.0459120308190548,0.17416779015246725
Lovelock Valley,Lovelock Valley|WWBN|205.1166667,WWBN,205.11666666666667,Lagging Darcy with leakage,0.06264041977927706,1.0460316267974503,0.17391867251493798
Lovelock Valley,Lovelock Valley|WWBN|206.1166667,WWBN,206.11666666666665,Theis confined,1.3893005529916222e-101,0.9981845451203836,0.2462477128749394
Lovelock Valley,Lovelock Valley|WWBN|206.1166667,WWBN,206.11666666666665,Hantush-Jacob leaky,8.16298869808891e-178,1.05752727455959,0.293715718150169
Lovelock Valley,Lovelock Valley|WWBN|206.1166667,WWBN,206.11666666666665,Lagging Darcy no-leakage,0.937359580220723,1.036438992111032,0.17416779015246725
Lovelock Valley,Lovelock Valley|WWBN|206.1166667,WWBN,206.11666666666665,Lagging Darcy with leakage,0.06264041977927706,1.0365530968359664,0.17391867251493798
Lovelock Valley,Lovelock Valley|WWBN|207.1166667,WWBN,207.11666666666667,Theis confined,1.3893005529916222e-101,0.9891669377818636,0.2462477128749394
Lovelock Valley,Lovelock Valley|WWBN|207.1166667,WWBN,207.11666666666667,Hantush-Jacob leaky,8.16298869808891e-178,1.0460103506973586,0.293715718150169
Lovelock Valley,Lovelock Valley|WWBN|207.1166667,WWBN,207.11666666666667,Lagging Darcy no-leakage,0.937359580220723,1.0271541663999906,0.17416779015246725
Lovelock Valley,Lovelock Valley|WWBN|207.1166667,WWBN,207.11666666666667,Lagging Darcy with leakage,0.06264041977927706,1.0272628814075304,0.17391867251493798
Lovelock Valley,Lovelock Valley|WWBN|208.1166667,WWBN,208.11666666666667,Theis confined,1.3893005529916222e-101,0.9803282269069972,0.2462477128749394
Lovelock Valley,Lovelock Valley|WWBN|208.1166667,WWBN,208.11666666666667,Hantush-Jacob leaky,8.16298869808891e-178,1.0347141474346515,0.293715718150169
Lovelock Valley,Lovelock Valley|WWBN|208.1166667,WWBN,208.11666666666667,Lagging Darcy no-leakage,0.937359580220723,1.0180515250967948,0.17416779015246725
Lovelock Valley,Lovelock Valley|WWBN|208.1166667,WWBN,208.11666666666667,Lagging Darcy with leakage,0.06264041977927706,1.0181549489602162,0.17391867251493798
Lovelock Valley,Lovelock Valley|WWBN|209.1166667,WWBN,209.11666666666665,Theis confined,1.3893005529916222e-101,0.9716626809850344,0.2462477128749394
Lovelock Valley,Lovelock Valley|WWBN|209.1166667,WWBN,209.11666666666665,Hantush-Jacob leaky,8.16298869808891e-178,1.023631989845676,0.293715718150169
Lovelock Valley,Lovelock Valley|WWBN|209.1166667,WWBN,209.11666666666665,Lagging Darcy no-leakage,0.937359580220723,1.0091253103328075,0.17416779015246725
Lovelock Valley,Lovelock Valley|WWBN|209.1166667,WWBN,209.11666666666665,Lagging Darcy with leakage,0.06264041977927706,1.0092235387827344,0.17391867251493798
Lovelock Valley,Lovelock Valley|WWBN|210.1166667,WWBN,210.11666666666667,Theis confined,1.3893005529916222e-101,0.9631648265096708,0.2462477128749394
Lovelock Valley,Lovelock Valley|WWBN|210.1166667,WWBN,210.11666666666667,Hantush-Jacob leaky,8.16298869808891e-178,1.012757493269826,0.293715718150169
Lovelock Valley,Lovelock Valley|WWBN|210.1166667,WWBN,210.11666666666667,Lagging Darcy no-leakage,0.937359580220723,1.0003700192747824,0.17416779015246725
Lovelock Valley,Lovelock Valley|WWBN|210.1166667,WWBN,210.11666666666667,Lagging Darcy with leakage,0.06264041977927706,1.0004631453100643,0.17391867251493798
Lovelock Valley,Lovelock Valley|WWBN|211.1166667,WWBN,211.11666666666667,Theis confined,1.3893005529916222e-101,0.954829432955782,0.2462477128749394
Lovelock Valley,Lovelock Valley|WWBN|211.1166667,WWBN,211.11666666666667,Hantush-Jacob leaky,8.16298869808891e-178,1.0020845466508947,0.293715718150169
Lovelock Valley,Lovelock Valley|WWBN|211.1166667,WWBN,211.11666666666667,Lagging Darcy no-leakage,0.937359580220723,0.991780389547508,0.17416779015246725
Lovelock Valley,Lovelock Valley|WWBN|211.1166667,WWBN,211.11666666666667,Lagging Darcy with leakage,0.06264041977927706,0.9918685035421362,0.17391867251493798
Lovelock Valley,Lovelock Valley|WWBN|212.1166667,WWBN,212.11666666666665,Theis confined,1.3893005529916222e-101,0.946651498827936,0.2462477128749394
Lovelock Valley,Lovelock Valley|WWBN|212.1166667,WWBN,212.11666666666665,Hantush-Jacob leaky,8.16298869808891e-178,0.991607297057449,0.293715718150169
Lovelock Valley,Lovelock Valley|WWBN|212.1166667,WWBN,212.11666666666665,Lagging Darcy no-leakage,0.937359580220723,0.9833513856766198,0.17416779015246725
Lovelock Valley,Lovelock Valley|WWBN|212.1166667,WWBN,212.11666666666665,Lagging Darcy with leakage,0.06264041977927706,0.9834345754811976,0.17391867251493798
Lovelock Valley,Lovelock Valley|WWBN|213.1166667,WWBN,213.11666666666667,Theis confined,1.3893005529916222e-101,0.9386262386904788,0.2462477128749394
Lovelock Valley,Lovelock Valley|WWBN|213.1166667,WWBN,213.11666666666667,Hantush-Jacob leaky,8.16298869808891e-178,0.9813201352855628,0.293715718150169
Lovelock Valley,Lovelock Valley|WWBN|213.1166667,WWBN,213.11666666666667,Lagging Darcy no-leakage,0.937359580220723,0.9750781864626576,0.17416779015246725
Lovelock Valley,Lovelock Valley|WWBN|213.1166667,WWBN,213.11666666666667,Lagging Darcy with leakage,0.06264041977927706,0.9751565375013272,0.17391867251493798
Lovelock Valley,Lovelock Valley|WWBN|214.1166667,WWBN,214.11666666666667,Theis confined,1.3893005529916222e-101,0.9307490710976504,0.2462477128749394
Lovelock Valley,Lovelock Valley|WWBN|214.1166667,WWBN,214.11666666666667,Hantush-Jacob leaky,8.16298869808891e-178,0.9712176824545508,0.293715718150169
Lovelock Valley,Lovelock Valley|WWBN|214.1166667,WWBN,214.11666666666667,Lagging Darcy no-leakage,0.937359580220723,0.966956173220734,0.17416779015246725
Lovelock Valley,Lovelock Valley|WWBN|214.1166667,WWBN,214.11666666666667,Lagging Darcy with leakage,0.06264041977927706,0.9670297685814688,0.17391867251493798
Lovelock Valley,Lovelock Valley|WWBN|215.1166667,WWBN,215.11666666666665,Theis confined,1.3893005529916222e-101,0.9230156073500436,0.2462477128749394
Lovelock Valley,Lovelock Valley|WWBN|215.1166667,WWBN,215.11666666666665,Hantush-Jacob leaky,8.16298869808891e-178,0.9612947775147522,0.293715718150169
Lovelock Valley,Lovelock Valley|WWBN|215.1166667,WWBN,215.11666666666665,Lagging Darcy no-leakage,0.937359580220723,0.9589809187999928,0.17416779015246725
Lovelock Valley,Lovelock Valley|WWBN|215.1166667,WWBN,215.11666666666665,Lagging Darcy with leakage,0.06264041977927706,0.959049839323896,0.17391867251493798
Lovelock Valley,Lovelock Valley|WWBN|216.1166667,WWBN,216.11666666666667,Theis confined,1.3893005529916222e-101,0.9154216410105684,0.2462477128749394
Lovelock Valley,Lovelock Valley|WWBN|216.1166667,WWBN,216.11666666666667,Hantush-Jacob leaky,8.16298869808891e-178,0.9515464655940558,0.293715718150169
Lovelock Valley,Lovelock Valley|WWBN|216.1166667,WWBN,216.11666666666667,Lagging Darcy no-leakage,0.937359580220723,0.951148177341004,0.17416779015246725
Lovelock Valley,Lovelock Valley|WWBN|216.1166667,WWBN,216.11666666666667,Lagging Darcy with leakage,0.06264041977927706,0.9512125017046884,0.17391867251493798
Lovelock Valley,Lovelock Valley|WWBN|217.1166667,WWBN,217.11666666666667,Theis confined,1.3893005529916222e-101,0.9079631381193902,0.2462477128749394
Lovelock Valley,Lovelock Valley|WWBN|217.1166667,WWBN,217.11666666666667,Hantush-Jacob leaky,8.16298869808891e-178,0.941967987116526,0.293715718150169
Lovelock Valley,Lovelock Valley|WWBN|217.1166667,WWBN,217.11666666666667,Lagging Darcy no-leakage,0.937359580220723,0.9434538746942996,0.17416779015246725
Lovelock Valley,Lovelock Valley|WWBN|217.1166667,WWBN,217.11666666666667,Lagging Darcy with leakage,0.06264041977927706,0.943513679490593,0.17391867251493798
Lovelock Valley,Lovelock Valley|WWBN|218.1166667,WWBN,218.11666666666665,Theis confined,1.3893005529916222e-101,0.9006362280527496,0.2462477128749394
Lovelock Valley,Lovelock Valley|WWBN|218.1166667,WWBN,218.11666666666665,Hantush-Jacob leaky,8.16298869808891e-178,0.9325547676326388,0.293715718150169
Lovelock Valley,Lovelock Valley|WWBN|218.1166667,WWBN,218.11666666666665,Lagging Darcy no-leakage,0.937359580220723,0.9358940994657016,0.17416779015246725
Lovelock Valley,Lovelock Valley|WWBN|218.1166667,WWBN,218.11666666666665,Lagging Darcy with leakage,0.06264041977927706,0.9359494592772252,0.17391867251493798
Lovelock Valley,Lovelock Valley|WWBN|219.1166667,WWBN,219.11666666666667,Theis confined,1.3893005529916222e-101,0.8934371949756685,0.2462477128749394
Lovelock Valley,Lovelock Valley|WWBN|219.1166667,WWBN,219.11666666666667,Hantush-Jacob leaky,8.16298869808891e-178,0.9233024083060086,0.293715718150169
Lovelock Valley,Lovelock Valley|WWBN|219.1166667,WWBN,219.11666666666667,Lagging Darcy no-leakage,0.937359580220723,0.9284650946265134,0.17416779015246725
Lovelock Valley,Lovelock Valley|WWBN|219.1166667,WWBN,219.11666666666667,Lagging Darcy with leakage,0.06264041977927706,0.928516082100458,0.17391867251493798
Lovelock Valley,Lovelock Valley|WWBN|220.1166667,WWBN,220.11666666666667,Theis confined,1.3893005529916222e-101,0.886362469842942,0.2462477128749394
Lovelock Valley,Lovelock Valley|WWBN|220.1166667,WWBN,220.11666666666667,Hantush-Jacob leaky,8.16298869808891e-178,0.914206677006436,0.293715718150169
Lovelock Valley,Lovelock Valley|WWBN|220.1166667,WWBN,220.11666666666667,Lagging Darcy no-leakage,0.937359580220723,0.9211632496606508,0.17416779015246725
Lovelock Valley,Lovelock Valley|WWBN|220.1166667,WWBN,220.11666666666667,Lagging Darcy with leakage,0.06264041977927706,0.9212099355756748,0.17391867251493798
Lovelock Valley,Lovelock Valley|WWBN|221.1166667,WWBN,221.11666666666665,Theis confined,1.3893005529916222e-101,0.8794086229068538,0.2462477128749394
Lovelock Valley,Lovelock Valley|WWBN|221.1166667,WWBN,221.11666666666665,Hantush-Jacob leaky,8.16298869808891e-178,0.9052634999634755,0.293715718150169
Lovelock Valley,Lovelock Valley|WWBN|221.1166667,WWBN,221.11666666666665,Lagging Darcy no-leakage,0.937359580220723,0.913985093191798,0.17416779015246725
Lovelock Valley,Lovelock Valley|WWBN|221.1166667,WWBN,221.11666666666665,Lagging Darcy with leakage,0.06264041977927706,0.9140275465242312,0.17391867251493798
Lovelock Valley,Lovelock Valley|WWBN|222.1166667,WWBN,222.11666666666667,Theis confined,1.3893005529916222e-101,0.8725723566937056,0.2462477128749394
Lovelock Valley,Lovelock Valley|WWBN|222.1166667,WWBN,222.11666666666667,Hantush-Jacob leaky,8.16298869808891e-178,0.8964689539387201,0.293715718150169
Lovelock Valley,Lovelock Valley|WWBN|222.1166667,WWBN,222.11666666666667,Lagging Darcy no-leakage,0.937359580220723,0.906927286068667,0.17416779015246725
Lovelock Valley,Lovelock Valley|WWBN|222.1166667,WWBN,222.11666666666667,Lagging Darcy with leakage,0.06264041977927706,0.9069655740576152,0.17391867251493798
Lovelock Valley,Lovelock Valley|WWBN|223.1166667,WWBN,223.11666666666667,Theis confined,1.3893005529916222e-101,0.8658504994144902,0.2462477128749394
Lovelock Valley,Lovelock Valley|WWBN|223.1166667,WWBN,223.11666666666667,Hantush-Jacob leaky,8.16298869808891e-178,0.8878192588785527,0.293715718150169
Lovelock Valley,Lovelock Valley|WWBN|223.1166667,WWBN,223.11666666666667,Lagging Darcy no-leakage,0.937359580220723,0.8999866148747153,0.17416779015246725
Lovelock Valley,Lovelock Valley|WWBN|223.1166667,WWBN,223.11666666666667,Lagging Darcy with leakage,0.06264041977927706,0.9000208030798618,0.17391867251493798
Lovelock Valley,Lovelock Valley|WWBN|224.1166667,WWBN,224.11666666666665,Theis confined,1.3893005529916222e-101,0.859239998777976,0.2462477128749394
Lovelock Valley,Lovelock Valley|WWBN|224.1166667,WWBN,224.11666666666665,Hantush-Jacob leaky,8.16298869808891e-178,0.8793107710123991,0.293715718150169
Lovelock Valley,Lovelock Valley|WWBN|224.1166667,WWBN,224.11666666666665,Lagging Darcy no-leakage,0.937359580220723,0.8931599858194574,0.17416779015246725
Lovelock Valley,Lovelock Valley|WWBN|224.1166667,WWBN,224.11666666666665,Lagging Darcy with leakage,0.06264041977927706,0.8931901381806426,0.17391867251493798
Lovelock Valley,Lovelock Valley|WWBN|225.1166667,WWBN,225.11666666666667,Theis confined,1.3893005529916222e-101,0.852737916177182,0.2462477128749394
Lovelock Valley,Lovelock Valley|WWBN|225.1166667,WWBN,225.11666666666667,Hantush-Jacob leaky,8.16298869808891e-178,0.8709399763643701,0.293715718150169
Lovelock Valley,Lovelock Valley|WWBN|225.1166667,WWBN,225.11666666666667,Lagging Darcy no-leakage,0.937359580220723,0.886444419001013,0.17416779015246725
Lovelock Valley,Lovelock Valley|WWBN|225.1166667,WWBN,225.11666666666667,Lagging Darcy with leakage,0.06264041977927706,0.8864705978915026,0.17391867251493798
Lovelock Valley,Lovelock Valley|WWBN|226.1166667,WWBN,226.11666666666667,Theis confined,1.3893005529916222e-101,0.846341421222581,0.2462477128749394
Lovelock Valley,Lovelock Valley|WWBN|226.1166667,WWBN,226.11666666666667,Hantush-Jacob leaky,8.16298869808891e-178,0.8627034846489559,0.293715718150169
Lovelock Valley,Lovelock Valley|WWBN|226.1166667,WWBN,226.11666666666667,Lagging Darcy no-leakage,0.937359580220723,0.8798370429998075,0.17416779015246725
Lovelock Valley,Lovelock Valley|WWBN|226.1166667,WWBN,226.11666666666667,Lagging Darcy with leakage,0.06264041977927706,0.879859309278352,0.17391867251493798
Lovelock Valley,Lovelock Valley|WWBN|227.1166667,WWBN,227.11666666666665,Theis confined,1.3893005529916222e-101,0.8400477865976055,0.2462477128749394
Lovelock Valley,Lovelock Valley|WWBN|227.1166667,WWBN,227.11666666666665,Hantush-Jacob leaky,8.16298869808891e-178,0.8545980235236952,0.293715718150169
Lovelock Valley,Lovelock Valley|WWBN|227.1166667,WWBN,227.11666666666665,Lagging Darcy no-leakage,0.937359580220723,0.8733350897889034,0.17416779015246725
Lovelock Valley,Lovelock Valley|WWBN|227.1166667,WWBN,227.11666666666665,Lagging Darcy with leakage,0.06264041977927706,0.8733535028528578,0.17391867251493798
Lovelock Valley,Lovelock Valley|WWBN|228.1166667,WWBN,228.11666666666667,Theis confined,1.3893005529916222e-101,0.8338543832139718,0.2462477128749394
Lovelock Valley,Lovelock Valley|WWBN|228.1166667,WWBN,228.11666666666667,Hantush-Jacob leaky,8.16298869808891e-178,0.8466204331740546,0.293715718150169
Lovelock Valley,Lovelock Valley|WWBN|228.1166667,WWBN,228.11666666666667,Lagging Darcy no-leakage,0.937359580220723,0.8669358899347883,0.17416779015246725
Lovelock Valley,Lovelock Valley|WWBN|228.1166667,WWBN,228.11666666666667,Lagging Darcy with leakage,0.06264041977927706,0.8669505077693316,0.17391867251493798
Lovelock Valley,Lovelock Valley|WWBN|229.1166667,WWBN,229.11666666666667,Theis confined,1.3893005529916222e-101,0.8277586756461806,0.2462477128749394
Lovelock Valley,Lovelock Valley|WWBN|229.1166667,WWBN,229.11666666666667,Hantush-Jacob leaky,8.16298869808891e-178,0.8387676612076636,0.293715718150169
Lovelock Valley,Lovelock Valley|WWBN|229.1166667,WWBN,229.11666666666667,Lagging Darcy no-leakage,0.937359580220723,0.8606368680788568,0.17416779015246725
Lovelock Valley,Lovelock Valley|WWBN|229.1166667,WWBN,229.11666666666667,Lagging Darcy with leakage,0.06264041977927706,0.8606477472970724,0.17391867251493798
Lovelock Valley,Lovelock Valley|WWBN|230.1166667,WWBN,230.11666666666665,Theis confined,1.3893005529916222e-101,0.8217582178261531,0.2462477128749394
Lovelock Valley,Lovelock Valley|WWBN|230.1166667,WWBN,230.11666666666665,Hantush-Jacob leaky,8.16298869808891e-178,0.8310367578368867,0.293715718150169
Lovelock Valley,Lovelock Valley|WWBN|230.1166667,WWBN,230.11666666666665,Lagging Darcy no-leakage,0.937359580220723,0.854435538656924,0.17416779015246725
Lovelock Valley,Lovelock Valley|WWBN|230.1166667,WWBN,230.11666666666665,Lagging Darcy with leakage,0.06264041977927706,0.8544427345501262,0.17391867251493798
Lovelock Valley,Lovelock Valley|WWBN|231.1166667,WWBN,231.11666666666667,Theis confined,1.3893005529916222e-101,0.8158506489805002,0.2462477128749394
Lovelock Valley,Lovelock Valley|WWBN|231.1166667,WWBN,231.11666666666667,Hantush-Jacob leaky,8.16298869808891e-178,0.8234248713303587,0.293715718150169
Lovelock Valley,Lovelock Valley|WWBN|231.1166667,WWBN,231.11666666666667,Lagging Darcy no-leakage,0.937359580220723,0.8483295018708437,0.17416779015246725
Lovelock Valley,Lovelock Valley|WWBN|231.1166667,WWBN,231.11666666666667,Lagging Darcy with leakage,0.06264041977927706,0.8483330684490724,0.17391867251493798
Lovelock Valley,Lovelock Valley|WWBN|232.1166667,WWBN,232.11666666666667,Theis confined,1.3893005529916222e-101,0.8100336897942131,0.2462477128749394
Lovelock Valley,Lovelock Valley|WWBN|232.1166667,WWBN,232.11666666666667,Hantush-Jacob leaky,8.16298869808891e-178,0.8159292437155963,0.293715718150169
Lovelock Valley,Lovelock Valley|WWBN|232.1166667,WWBN,232.11666666666667,Lagging Darcy no-leakage,0.937359580220723,0.8423164398781653,0.17416779015246725
Lovelock Valley,Lovelock Valley|WWBN|232.1166667,WWBN,232.11666666666667,Lagging Darcy with leakage,0.06264041977927706,0.8423164299099568,0.17391867251493798
Lovelock Valley,Lovelock Valley|WWBN|233.1166667,WWBN,233.11666666666665,Theis confined,1.3893005529916222e-101,0.8043051387859053,0.2462477128749394
Lovelock Valley,Lovelock Valley|WWBN|233.1166667,WWBN,233.11666666666665,Hantush-Jacob leaky,8.16298869808891e-178,0.8085472067162014,0.293715718150169
Lovelock Valley,Lovelock Valley|WWBN|233.1166667,WWBN,233.11666666666665,Lagging Darcy no-leakage,0.937359580220723,0.8363941131826724,0.17416779015246725
Lovelock Valley,Lovelock Valley|WWBN|233.1166667,WWBN,233.11666666666665,Lagging Darcy with leakage,0.06264041977927706,0.8363905782364043,0.17391867251493798
Lovelock Valley,Lovelock Valley|WWBN|234.1166667,WWBN,234.11666666666667,Theis confined,1.3893005529916222e-101,0.7986628688807551,0.2462477128749394
Lovelock Valley,Lovelock Valley|WWBN|234.1166667,WWBN,234.11666666666667,Hantush-Jacob leaky,8.16298869808891e-178,0.8012761779083633,0.293715718150169
Lovelock Valley,Lovelock Valley|WWBN|234.1166667,WWBN,234.11666666666667,Lagging Darcy no-leakage,0.937359580220723,0.8305603572278364,0.17416779015246725
Lovelock Valley,Lovelock Valley|WWBN|234.1166667,WWBN,234.11666666666667,Lagging Darcy with leakage,0.06264041977927706,0.8305533477079905,0.17391867251493798
Lovelock Valley,Lovelock Valley|WWBN|235.1166667,WWBN,235.11666666666667,Theis confined,1.3893005529916222e-101,0.7931048241684331,0.2462477128749394
Lovelock Valley,Lovelock Valley|WWBN|235.1166667,WWBN,235.11666666666667,Hantush-Jacob leaky,8.16298869808891e-178,0.7941136570825922,0.293715718150169
Lovelock Valley,Lovelock Valley|WWBN|235.1166667,WWBN,235.11666666666667,Lagging Darcy no-leakage,0.937359580220723,0.8248130791685528,0.17416779015246725
Lovelock Valley,Lovelock Valley|WWBN|235.1166667,WWBN,235.11666666666667,Lagging Darcy with leakage,0.06264041977927706,0.824802644351827,0.17391867251493798
Lovelock Valley,Lovelock Valley|WWBN|236.1166667,WWBN,236.11666666666665,Theis confined,1.3893005529916222e-101,0.7876290168341851,0.2462477128749394
Lovelock Valley,Lovelock Valley|WWBN|236.1166667,WWBN,236.11666666666665,Hantush-Jacob leaky,8.16298869808891e-178,0.7870572227975892,0.293715718150169
Lovelock Valley,Lovelock Valley|WWBN|236.1166667,WWBN,236.11666666666665,Lagging Darcy no-leakage,0.937359580220723,0.8191502548099296,0.17416779015246725
Lovelock Valley,Lovelock Valley|WWBN|236.1166667,WWBN,236.11666666666665,Lagging Darcy with leakage,0.06264041977927706,0.8191364428803567,0.17391867251493798
Lovelock Valley,Lovelock Valley|WWBN|237.1166667,WWBN,237.11666666666667,Theis confined,1.3893005529916222e-101,0.782233524252137,0.2462477128749394
Lovelock Valley,Lovelock Valley|WWBN|237.1166667,WWBN,237.11666666666667,Hantush-Jacob leaky,8.16298869808891e-178,0.7801045291141633,0.293715718150169
Lovelock Valley,Lovelock Valley|WWBN|237.1166667,WWBN,237.11666666666667,Lagging Darcy no-leakage,0.937359580220723,0.8135699257124336,0.17416779015246725
Lovelock Valley,Lovelock Valley|WWBN|237.1166667,WWBN,237.11666666666667,Lagging Darcy with leakage,0.06264041977927706,0.8135527837924386,0.17391867251493798
Lovelock Valley,Lovelock Valley|WWBN|238.1166667,WWBN,238.11666666666667,Theis confined,1.3893005529916222e-101,0.7769164862306615,0.2462477128749394
Lovelock Valley,Lovelock Valley|WWBN|238.1166667,WWBN,238.11666666666667,Hantush-Jacob leaky,8.16298869808891e-178,0.7732533024979706,0.293715718150169
Lovelock Valley,Lovelock Valley|WWBN|238.1166667,WWBN,238.11666666666667,Lagging Darcy no-leakage,0.937359580220723,0.8080701964377144,0.17416779015246725
Lovelock Valley,Lovelock Valley|WWBN|238.1166667,WWBN,238.11666666666667,Lagging Darcy with leakage,0.06264041977927706,0.8080497706247698,0.17391867251493798
Lovelock Valley,Lovelock Valley|WWBN|239.1166667,WWBN,239.11666666666665,Theis confined,1.3893005529916222e-101,0.7716761024004426,0.2462477128749394
Lovelock Valley,Lovelock Valley|WWBN|239.1166667,WWBN,239.11666666666665,Hantush-Jacob leaky,8.16298869808891e-178,0.7665013388806612,0.293715718150169
Lovelock Valley,Lovelock Valley|WWBN|239.1166667,WWBN,239.11666666666665,Lagging Darcy no-leakage,0.937359580220723,0.8026492319459106,0.17416779015246725
Lovelock Valley,Lovelock Valley|WWBN|239.1166667,WWBN,239.11666666666665,Lagging Darcy with leakage,0.06264041977927706,0.8026255673396889,0.17391867251493798
Lovelock Valley,Lovelock Valley|WWBN|240.1166667,WWBN,240.11666666666667,Theis confined,1.3893005529916222e-101,0.7665106297364153,0.2462477128749394
Lovelock Valley,Lovelock Valley|WWBN|240.1166667,WWBN,240.11666666666667,Hantush-Jacob leaky,8.16298869808891e-178,0.7598465008697621,0.293715718150169
Lovelock Valley,Lovelock Valley|WWBN|240.1166667,WWBN,240.11666666666667,Lagging Darcy no-leakage,0.937359580220723,0.7973052551182072,0.17416779015246725
Lovelock Valley,Lovelock Valley|WWBN|240.1166667,WWBN,240.11666666666667,Lagging Darcy with leakage,0.06264041977927706,0.7972783958495739,0.17391867251493798
Lovelock Valley,Lovelock Valley|WWBN|241.1166667,WWBN,241.11666666666667,Theis confined,1.3893005529916222e-101,0.7614183802055452,0.2462477128749394
Lovelock Valley,Lovelock Valley|WWBN|241.1166667,WWBN,241.11666666666667,Hantush-Jacob leaky,8.16298869808891e-178,0.7532867150983122,0.293715718150169
Lovelock Valley,Lovelock Valley|WWBN|241.1166667,WWBN,241.11666666666667,Lagging Darcy no-leakage,0.937359580220723,0.79203654440182,0.17416779015246725
Lovelock Valley,Lovelock Valley|WWBN|241.1166667,WWBN,241.11666666666667,Lagging Darcy with leakage,0.06264041977927706,0.7920065336652442,0.17391867251493798
Lovelock Valley,Lovelock Valley|WWBN|242.1166667,WWBN,242.11666666666665,Theis confined,1.3893005529916222e-101,0.7563977185328312,0.2462477128749394
Lovelock Valley,Lovelock Valley|WWBN|242.1166667,WWBN,242.11666666666665,Hantush-Jacob leaky,8.16298869808891e-178,0.7468199697058635,0.293715718150169
Lovelock Valley,Lovelock Valley|WWBN|242.1166667,WWBN,242.11666666666665,Lagging Darcy no-leakage,0.937359580220723,0.7868414315802514,0.17416779015246725
Lovelock Valley,Lovelock Valley|WWBN|242.1166667,WWBN,242.11666666666665,Lagging Darcy with leakage,0.06264041977927706,0.7868083116573885,0.17391867251493798
Lovelock Valley,Lovelock Valley|WWBN|243.1166667,WWBN,243.11666666666667,Theis confined,1.3893005529916222e-101,0.7514470600785148,0.2462477128749394
Lovelock Valley,Lovelock Valley|WWBN|243.1166667,WWBN,243.11666666666667,Hantush-Jacob leaky,8.16298869808891e-178,0.7404443119431101,0.293715718150169
Lovelock Valley,Lovelock Valley|WWBN|243.1166667,WWBN,243.11666666666667,Lagging Darcy no-leakage,0.937359580220723,0.7817182996437255,0.17416779015246725
Lovelock Valley,Lovelock Valley|WWBN|243.1166667,WWBN,243.11666666666667,Lagging Darcy with leakage,0.06264041977927706,0.7816821119318149,0.17391867251493798
Lovelock Valley,Lovelock Valley|WWBN|244.1166667,WWBN,244.11666666666667,Theis confined,1.3893005529916222e-101,0.7465648688199633,0.2462477128749394
Lovelock Valley,Lovelock Valley|WWBN|244.1166667,WWBN,244.11666666666667,Hantush-Jacob leaky,8.16298869808891e-178,0.7341578458928493,0.293715718150169
Lovelock Valley,Lovelock Valley|WWBN|244.1166667,WWBN,244.11666666666667,Lagging Darcy no-leakage,0.937359580220723,0.7766655807728817,0.17416779015246725
Lovelock Valley,Lovelock Valley|WWBN|244.1166667,WWBN,244.11666666666667,Lagging Darcy with leakage,0.06264041977927706,0.7766263658095127,0.17391867251493798
Lovelock Valley,Lovelock Valley|WWBN|245.1166667,WWBN,245.11666666666665,Theis confined,1.3893005529916222e-101,0.7417496554320953,0.2462477128749394
Lovelock Valley,Lovelock Valley|WWBN|245.1166667,WWBN,245.11666666666665,Hantush-Jacob leaky,8.16298869808891e-178,0.7279587303005552,0.293715718150169
Lovelock Valley,Lovelock Valley|WWBN|245.1166667,WWBN,245.11666666666665,Lagging Darcy no-leakage,0.937359580220723,0.7716817544104835,0.17416779015246725
Lovelock Valley,Lovelock Valley|WWBN|245.1166667,WWBN,245.11666666666665,Lagging Darcy with leakage,0.06264041977927706,0.7716395518970032,0.17391867251493798
Lovelock Valley,Lovelock Valley|WWBN|246.1166667,WWBN,246.11666666666667,Theis confined,1.3893005529916222e-101,0.7369999754606709,0.2462477128749394
Lovelock Valley,Lovelock Valley|WWBN|246.1166667,WWBN,246.11666666666667,Hantush-Jacob leaky,8.16298869808891e-178,0.7218451765082348,0.293715718150169
Lovelock Valley,Lovelock Valley|WWBN|246.1166667,WWBN,246.11666666666667,Lagging Darcy no-leakage,0.937359580220723,0.7667653454319967,0.17416779015246725
Lovelock Valley,Lovelock Valley|WWBN|246.1166667,WWBN,246.11666666666667,Lagging Darcy with leakage,0.06264041977927706,0.7667201942607633,0.17391867251493798
Lovelock Valley,Lovelock Valley|WWBN|247.1166667,WWBN,247.11666666666667,Theis confined,1.3893005529916222e-101,0.7323144275831317,0.2462477128749394
Lovelock Valley,Lovelock Valley|WWBN|247.1166667,WWBN,247.11666666666667,Hantush-Jacob leaky,8.16298869808891e-178,0.7158154464856965,0.293715718150169
Lovelock Valley,Lovelock Valley|WWBN|247.1166667,WWBN,247.11666666666667,Lagging Darcy no-leakage,0.937359580220723,0.7619149224032906,0.17416779015246725
Lovelock Valley,Lovelock Valley|WWBN|247.1166667,WWBN,247.11666666666667,Lagging Darcy with leakage,0.06264041977927706,0.7618668606747079,0.17391867251493798
Lovelock Valley,Lovelock Valley|WWBN|259.1166667,WWBN,259.1166666666667,Theis confined,1.3893005529916222e-101,0.6806322916033309,0.2462477128749394
Lovelock Valley,Lovelock Valley|WWBN|259.1166667,WWBN,259.1166666666667,Hantush-Jacob leaky,8.16298869808891e-178,0.6494258500106747,0.293715718150169
Lovelock Valley,Lovelock Valley|WWBN|259.1166667,WWBN,259.1166666666667,Lagging Darcy no-leakage,0.937359580220723,0.7083886540085671,0.17416779015246725
Lovelock Valley,Lovelock Valley|WWBN|259.1166667,WWBN,259.1166666666667,Lagging Darcy with leakage,0.06264041977927706,0.7083083782841371,0.17391867251493798
Lovelock Valley,Lovelock Valley|WWBN|271.1166667,WWBN,271.1166666666667,Theis confined,1.3893005529916222e-101,0.6360765900529048,0.2462477128749394
Lovelock Valley,Lovelock Valley|WWBN|271.1166667,WWBN,271.1166666666667,Hantush-Jacob leaky,8.16298869808891e-178,0.5924620735675545,0.293715718150169
Lovelock Valley,Lovelock Valley|WWBN|271.1166667,WWBN,271.1166666666667,Lagging Darcy no-leakage,0.937359580220723,0.6622069945277649,0.17416779015246725
Lovelock Valley,Lovelock Valley|WWBN|271.1166667,WWBN,271.1166666666667,Lagging Darcy with leakage,0.06264041977927706,0.662098790505766,0.17391867251493798
Lovelock Valley,Lovelock Valley|WWBN|283.1166667,WWBN,283.1166666666667,Theis confined,1.3893005529916222e-101,0.5972179741273287,0.2462477128749394
Lovelock Valley,Lovelock Valley|WWBN|283.1166667,WWBN,283.1166666666667,Hantush-Jacob leaky,8.16298869808891e-178,0.5431013643017963,0.293715718150169
Lovelock Valley,Lovelock Valley|WWBN|283.1166667,WWBN,283.1166666666667,Lagging Darcy no-leakage,0.937359580220723,0.6219044096326338,0.17416779015246725
Lovelock Valley,Lovelock Valley|WWBN|283.1166667,WWBN,283.1166666666667,Lagging Darcy with leakage,0.06264041977927706,0.6217717359007437,0.17391867251493798
Lovelock Valley,Lovelock Valley|WWBN|295.1166667,WWBN,295.1166666666667,Theis confined,1.3893005529916222e-101,0.5629955145842414,0.2462477128749394
Lovelock Valley,Lovelock Valley|WWBN|295.1166667,WWBN,295.1166666666667,Hantush-Jacob leaky,8.16298869808891e-178,0.4999689321723037,0.293715718150169
Lovelock Valley,Lovelock Valley|WWBN|295.1166667,WWBN,295.1166666666667,Lagging Darcy no-leakage,0.937359580220723,0.5863911087489453,0.17416779015246725
Lovelock Valley,Lovelock Valley|WWBN|295.1166667,WWBN,295.1166666666667,Lagging Darcy with leakage,0.06264041977927706,0.5862368015614479,0.17391867251493798
Lovelock Valley,Lovelock Valley|WWBN|307.1166667,WWBN,307.1166666666667,Theis confined,1.3893005529916222e-101,0.532602787786443,0.2462477128749394
Lovelock Valley,Lovelock Valley|WWBN|307.1166667,WWBN,307.1166666666667,Hantush-Jacob leaky,8.16298869808891e-178,0.4620048581844291,0.293715718150169
Lovelock Valley,Lovelock Valley|WWBN|307.1166667,WWBN,307.1166666666667,Lagging Darcy no-leakage,0.937359580220723,0.5548374928815276,0.17416779015246725
Lovelock Valley,Lovelock Valley|WWBN|307.1166667,WWBN,307.1166666666667,Lagging Darcy with leakage,0.06264041977927706,0.5546639101999205,0.17391867251493798
Lovelock Valley,Lovelock Valley|WWBN|319.1166667,WWBN,319.1166666666667,Theis confined,1.3893005529916222e-101,0.5054144146557933,0.2462477128749394
Lovelock Valley,Lovelock Valley|WWBN|319.1166667,WWBN,319.1166666666667,Hantush-Jacob leaky,8.16298869808891e-178,0.4283769730245073,0.293715718150169
Lovelock Valley,Lovelock Valley|WWBN|319.1166667,WWBN,319.1166666666667,Lagging Darcy no-leakage,0.937359580220723,0.5265994142661041,0.17416779015246725
Lovelock Valley,Lovelock Valley|WWBN|319.1166667,WWBN,319.1166666666667,Lagging Darcy with leakage,0.06264041977927706,0.52640853973692,0.17391867251493798
Lovelock Valley,Lovelock Valley|WWBN|331.1166667,WWBN,331.1166666666667,Theis confined,1.3893005529916222e-101,0.4809370334062177,0.2462477128749394
Lovelock Valley,Lovelock Valley|WWBN|331.1166667,WWBN,331.1166666666667,Hantush-Jacob leaky,8.16298869808891e-178,0.3984218067956249,0.293715718150169
Lovelock Valley,Lovelock Valley|WWBN|331.1166667,WWBN,331.1166666666667,Lagging Darcy no-leakage,0.937359580220723,0.5011681744346861,0.17416779015246725
Lovelock Valley,Lovelock Valley|WWBN|331.1166667,WWBN,331.1166666666667,Lagging Darcy with leakage,0.06264041977927706,0.5009616941209742,0.17391867251493798
Lovelock Valley,Lovelock Valley|WWBN|343.1166667,WWBN,343.1166666666667,Theis confined,1.3893005529916222e-101,0.4587756135385459,0.2462477128749394
Lovelock Valley,Lovelock Valley|WWBN|343.1166667,WWBN,343.1166666666667,Hantush-Jacob leaky,8.16298869808891e-178,0.3716033814115183,0.293715718150169
Lovelock Valley,Lovelock Valley|WWBN|343.1166667,WWBN,343.1166666666667,Lagging Darcy no-leakage,0.937359580220723,0.4781360996979344,0.17416779015246725
Lovelock Valley,Lovelock Valley|WWBN|343.1166667,WWBN,343.1166666666667,Lagging Darcy with leakage,0.06264041977927706,0.4779154598199966,0.17391867251493798
Lovelock Valley,Lovelock Valley|WWBN|355.1166667,WWBN,355.1166666666667,Theis confined,1.3893005529916222e-101,0.438609725053587,0.2462477128749394
Lovelock Valley,Lovelock Valley|WWBN|355.1166667,WWBN,355.1166666666667,Hantush-Jacob leaky,8.16298869808891e-178,0.3474837351943707,0.293715718150169
Lovelock Valley,Lovelock Valley|WWBN|355.1166667,WWBN,355.1166666666667,Lagging Darcy no-leakage,0.937359580220723,0.4571722492642203,0.17416779015246725
Lovelock Valley,Lovelock Valley|WWBN|355.1166667,WWBN,355.1166666666667,Lagging Darcy with leakage,0.06264041977927706,0.4569387003815279,0.17391867251493798
Lovelock Valley,Lovelock Valley|WWBN|367.1166667,WWBN,367.1166666666667,Theis confined,1.3893005529916222e-101,0.4201764539553849,0.2462477128749394
Lovelock Valley,Lovelock Valley|WWBN|367.1166667,WWBN,367.1166666666667,Hantush-Jacob leaky,8.16298869808891e-178,0.3257013883536812,0.293715718150169
Lovelock Valley,Lovelock Valley|WWBN|367.1166667,WWBN,367.1166666666667,Lagging Darcy no-leakage,0.937359580220723,0.4380049016873117,0.17416779015246725
Lovelock Valley,Lovelock Valley|WWBN|367.1166667,WWBN,367.1166666666667,Lagging Darcy with leakage,0.06264041977927706,0.4377595330182515,0.17391867251493798
Lovelock Valley,Lovelock Valley|WWBN|379.1166667,WWBN,379.1166666666667,Theis confined,1.3893005529916222e-101,0.4032578661236785,0.2462477128749394
Lovelock Valley,Lovelock Valley|WWBN|379.1166667,WWBN,379.1166666666667,Hantush-Jacob leaky,8.16298869808891e-178,0.3059553189756911,0.293715718150169
Lovelock Valley,Lovelock Valley|WWBN|379.1166667,WWBN,379.1166666666667,Lagging Darcy no-leakage,0.937359580220723,0.4204086879929689,0.17416779015246725
Lovelock Valley,Lovelock Valley|WWBN|379.1166667,WWBN,379.1166666666667,Lagging Darcy with leakage,0.06264041977927706,0.4201524544261161,0.17391867251493798
Lovelock Valley,Lovelock Valley|WWBN|391.1166667,WWBN,391.1166666666667,Theis confined,1.3893005529916222e-101,0.3876716523222394,0.2462477128749394
Lovelock Valley,Lovelock Valley|WWBN|391.1166667,WWBN,391.1166666666667,Hantush-Jacob leaky,8.16298869808891e-178,0.2879928468366666,0.293715718150169
Lovelock Valley,Lovelock Valley|WWBN|391.1166667,WWBN,391.1166666666667,Lagging Darcy no-leakage,0.937359580220723,0.4041949794970882,0.17416779015246725
Lovelock Valley,Lovelock Valley|WWBN|391.1166667,WWBN,391.1166666666667,Lagging Darcy with leakage,0.06264041977927706,0.403928723109999,0.17391867251493798
Lovelock Valley,Lovelock Valley|WWBN|403.1166667,WWBN,403.1166666666667,Theis confined,1.3893005529916222e-101,0.3732640414309283,0.2462477128749394
Lovelock Valley,Lovelock Valley|WWBN|403.1166667,WWBN,403.1166666666667,Hantush-Jacob leaky,8.16298869808891e-178,0.2716003416726464,0.293715718150169
Lovelock Valley,Lovelock Valley|WWBN|403.1166667,WWBN,403.1166666666667,Lagging Darcy no-leakage,0.937359580220723,0.3892045992931359,0.17416779015246725
Lovelock Valley,Lovelock Valley|WWBN|403.1166667,WWBN,403.1166666666667,Lagging Darcy with leakage,0.06264041977927706,0.3889290666816265,0.17391867251493798
Lovelock Valley,Lovelock Valley|WWBN|415.1166667,WWBN,415.1166666666667,Theis confined,1.3893005529916222e-101,0.3599043590696298,0.2462477128749394
Lovelock Valley,Lovelock Valley|WWBN|415.1166667,WWBN,415.1166666666667,Hantush-Jacob leaky,8.16298869808891e-178,0.2565960074448039,0.293715718150169
Lovelock Valley,Lovelock Valley|WWBN|415.1166667,WWBN,415.1166666666667,Lagging Darcy no-leakage,0.937359580220723,0.3753022212546377,0.17416779015246725
Lovelock Valley,Lovelock Valley|WWBN|415.1166667,WWBN,415.1166666666667,Lagging Darcy with leakage,0.06264041977927706,0.3750180776124239,0.17391867251493798
Lovelock Valley,Lovelock Valley|WWBN|427.1166667,WWBN,427.1166666666667,Theis confined,1.3893005529916222e-101,0.3474807984220285,0.2462477128749394
Lovelock Valley,Lovelock Valley|WWBN|427.1166667,WWBN,427.1166666666667,Hantush-Jacob leaky,8.16298869808891e-178,0.242824215429958,0.293715718150169
Lovelock Valley,Lovelock Valley|WWBN|427.1166667,WWBN,427.1166666666667,Lagging Darcy no-leakage,0.937359580220723,0.3623720135135433,0.17416779015246725
Lovelock Valley,Lovelock Valley|WWBN|427.1166667,WWBN,427.1166666666667,Lagging Darcy with leakage,0.06264041977927706,0.3620798541883658,0.17391867251493798
Lovelock Valley,Lovelock Valley|WWBN|439.1166667,WWBN,439.1166666666667,Theis confined,1.3893005529916222e-101,0.3358970966955352,0.2462477128749394
Lovelock Valley,Lovelock Valley|WWBN|439.1166667,WWBN,439.1166666666667,Hantush-Jacob leaky,8.16298869808891e-178,0.230151008379984,0.293715718150169
Lovelock Valley,Lovelock Valley|WWBN|439.1166667,WWBN,439.1166666666667,Lagging Darcy no-leakage,0.937359580220723,0.3503142125344123,0.17416779015246725
Lovelock Valley,Lovelock Valley|WWBN|439.1166667,WWBN,439.1166666666667,Lagging Darcy with leakage,0.06264041977927706,0.3500145725817702,0.17391867251493798
Lovelock Valley,Lovelock Valley|WWBN|451.1166667,WWBN,451.1166666666667,Theis confined,1.3893005529916222e-101,0.3250698968355627,0.2462477128749394
Lovelock Valley,Lovelock Valley|WWBN|451.1166667,WWBN,451.1166666666667,Hantush-Jacob leaky,8.16298869808891e-178,0.2184605008483053,0.293715718150169
Lovelock Valley,Lovelock Valley|WWBN|451.1166667,WWBN,451.1166666666667,Lagging Darcy no-leakage,0.937359580220723,0.3390424018917235,0.17416779015246725
Lovelock Valley,Lovelock Valley|WWBN|451.1166667,WWBN,451.1166666666667,Lagging Darcy with leakage,0.06264041977927706,0.33873576403073,0.17391867251493798
Lovelock Valley,Lovelock Valley|WWBN|463.1166667,WWBN,463.1166666666667,Theis confined,1.3893005529916222e-101,0.3149266337893741,0.2462477128749394
Lovelock Valley,Lovelock Valley|WWBN|463.1166667,WWBN,463.1166666666667,Hantush-Jacob leaky,8.16298869808891e-178,0.2076519728274646,0.293715718150169
Lovelock Valley,Lovelock Valley|WWBN|463.1166667,WWBN,463.1166666666667,Lagging Darcy no-leakage,0.937359580220723,0.328481330858843,0.17416779015246725
Lovelock Valley,Lovelock Valley|WWBN|463.1166667,WWBN,463.1166666666667,Lagging Darcy with leakage,0.06264041977927706,0.3281681321535927,0.17391867251493798
Lovelock Valley,Lovelock Valley|WWBN|475.1166667,WWBN,475.1166666666667,Theis confined,1.3893005529916222e-101,0.3054038265939871,0.2462477128749394
Lovelock Valley,Lovelock Valley|WWBN|475.1166667,WWBN,475.1166666666667,Hantush-Jacob leaky,8.16298869808891e-178,0.1976375051068104,0.293715718150169
Lovelock Valley,Lovelock Valley|WWBN|475.1166667,WWBN,475.1166666666667,Lagging Darcy no-leakage,0.937359580220723,0.3185651509440443,0.17416779015246725
Lovelock Valley,Lovelock Valley|WWBN|475.1166667,WWBN,475.1166666666667,Lagging Darcy with leakage,0.06264041977927706,0.318245788429536,0.17391867251493798
Lovelock Valley,Lovelock Valley|WWBN|487.1166667,WWBN,487.1166666666667,Theis confined,1.3893005529916222e-101,0.2964456875206283,0.2462477128749394
Lovelock Valley,Lovelock Valley|WWBN|487.1166667,WWBN,487.1166666666667,Hantush-Jacob leaky,8.16298869808891e-178,0.188340041761295,0.293715718150169
Lovelock Valley,Lovelock Valley|WWBN|487.1166667,WWBN,487.1166666666667,Lagging Darcy no-leakage,0.937359580220723,0.3092359791028753,0.17416779015246725
Lovelock Valley,Lovelock Valley|WWBN|487.1166667,WWBN,487.1166666666667,Lagging Darcy with leakage,0.06264041977927706,0.3089108145796473,0.17391867251493798
Lovelock Valley,Lovelock Valley|WWBN|499.1166667,WWBN,499.1166666666667,Theis confined,1.3893005529916222e-101,0.2880029811719984,0.2462477128749394
Lovelock Valley,Lovelock Valley|WWBN|499.1166667,WWBN,499.1166666666667,Hantush-Jacob leaky,8.16298869808891e-178,0.1796917922390366,0.293715718150169
Lovelock Valley,Lovelock Valley|WWBN|499.1166667,WWBN,499.1166666666667,Lagging Darcy no-leakage,0.937359580220723,0.3004427186684926,0.17416779015246725
Lovelock Valley,Lovelock Valley|WWBN|499.1166667,WWBN,499.1166666666667,Lagging Darcy with leakage,0.06264041977927706,0.30011208277935,0.17391867251493798
Lovelock Valley,Lovelock Valley|WWBN|511.1166667,WWBN,511.1166666666667,Theis confined,1.3893005529916222e-101,0.2800320822864277,0.2462477128749394
Lovelock Valley,Lovelock Valley|WWBN|511.1166667,WWBN,511.1166666666667,Hantush-Jacob leaky,8.16298869808891e-178,0.1716329055362182,0.293715718150169
Lovelock Valley,Lovelock Valley|WWBN|511.1166667,WWBN,511.1166666666667,Lagging Darcy no-leakage,0.937359580220723,0.2921400852466895,0.17416779015246725
Lovelock Valley,Lovelock Valley|WWBN|511.1166667,WWBN,511.1166666666667,Lagging Darcy with leakage,0.06264041977927706,0.291804280988174,0.17391867251493798
Lovelock Valley,Lovelock Valley|WWBN|523.1166667,WWBN,523.1166666666667,Theis confined,1.3893005529916222e-101,0.27249419274241,0.2462477128749394
Lovelock Valley,Lovelock Valley|WWBN|523.1166667,WWBN,523.1166666666667,Hantush-Jacob leaky,8.16298869808891e-178,0.1641103639254439,0.293715718150169
Lovelock Valley,Lovelock Valley|WWBN|523.1166667,WWBN,523.1166666666667,Lagging Darcy no-leakage,0.937359580220723,0.2842877969065891,0.17416779015246725
Lovelock Valley,Lovelock Valley|WWBN|523.1166667,WWBN,523.1166666666667,Lagging Darcy with leakage,0.06264041977927706,0.2839471026456266,0.17391867251493798
Lovelock Valley,Lovelock Valley|WWBN|535.1166667,WWBN,535.1166666666667,Theis confined,1.3893005529916222e-101,0.2653546870389167,0.2462477128749394
Lovelock Valley,Lovelock Valley|WWBN|535.1166667,WWBN,535.1166666666667,Hantush-Jacob leaky,8.16298869808891e-178,0.1570770550213476,0.293715718150169
Lovelock Valley,Lovelock Valley|WWBN|535.1166667,WWBN,535.1166666666667,Lagging Darcy no-leakage,0.937359580220723,0.2768498970129305,0.17416779015246725
Lovelock Valley,Lovelock Valley|WWBN|535.1166667,WWBN,535.1166666666667,Lagging Darcy with leakage,0.06264041977927706,0.2765045691065495,0.17391867251493798
Lovelock Valley,Lovelock Valley|WWBN|547.1166667,WWBN,547.1166666666667,Theis confined,1.3893005529916222e-101,0.2585825621605093,0.2462477128749394
Lovelock Valley,Lovelock Valley|WWBN|547.1166667,WWBN,547.1166666666667,Hantush-Jacob leaky,8.16298869808891e-178,0.1504909895996058,0.293715718150169
Lovelock Valley,Lovelock Valley|WWBN|547.1166667,WWBN,547.1166666666667,Lagging Darcy no-leakage,0.937359580220723,0.2697941848790335,0.17416779015246725
Lovelock Valley,Lovelock Valley|WWBN|547.1166667,WWBN,547.1166666666667,Lagging Darcy with leakage,0.06264041977927706,0.269444459952723,0.17391867251493798
Lovelock Valley,Lovelock Valley|WWBN|559.1166667,WWBN,559.1166666666667,Theis confined,1.3893005529916222e-101,0.2521499727928122,0.2462477128749394
Lovelock Valley,Lovelock Valley|WWBN|559.1166667,WWBN,559.1166666666667,Hantush-Jacob leaky,8.16298869808891e-178,0.1443146392264327,0.293715718150169
Lovelock Valley,Lovelock Valley|WWBN|559.1166667,WWBN,559.1166666666667,Lagging Darcy no-leakage,0.937359580220723,0.2630917346090062,0.17416779015246725
Lovelock Valley,Lovelock Valley|WWBN|559.1166667,WWBN,559.1166666666667,Lagging Darcy with leakage,0.06264041977927706,0.262737831540079,0.17391867251493798
Lovelock Valley,Lovelock Valley|WWBN|571.1166667,WWBN,571.1166666666667,Theis confined,1.3893005529916222e-101,0.2460318367410492,0.2462477128749394
Lovelock Valley,Lovelock Valley|WWBN|571.1166667,WWBN,571.1166666666667,Hantush-Jacob leaky,8.16298869808891e-178,0.1385143729060747,0.293715718150169
Lovelock Valley,Lovelock Valley|WWBN|571.1166667,WWBN,571.1166666666667,Lagging Darcy no-leakage,0.937359580220723,0.2567164864909661,0.17416779015246725
Lovelock Valley,Lovelock Valley|WWBN|571.1166667,WWBN,571.1166666666667,Lagging Darcy with leakage,0.06264041977927706,0.2563586081584077,0.17391867251493798
Lovelock Valley,Lovelock Valley|WWBN|583.1166667,WWBN,583.1166666666667,Theis confined,1.3893005529916222e-101,0.2402054984164472,0.2462477128749394
Lovelock Valley,Lovelock Valley|WWBN|583.1166667,WWBN,583.1166666666667,Hantush-Jacob leaky,8.16298869808891e-178,0.1330599759780568,0.293715718150169
Lovelock Valley,Lovelock Valley|WWBN|583.1166667,WWBN,583.1166666666667,Lagging Darcy no-leakage,0.937359580220723,0.2506448984530181,0.17416779015246725
Lovelock Valley,Lovelock Valley|WWBN|583.1166667,WWBN,583.1166666666667,Lagging Darcy with leakage,0.06264041977927706,0.2502832332601343,0.17391867251493798
Lovelock Valley,Lovelock Valley|WWBN|595.1166667,WWBN,595.1166666666667,Theis confined,1.3893005529916222e-101,0.2346504406068148,0.2462477128749394
Lovelock Valley,Lovelock Valley|WWBN|595.1166667,WWBN,595.1166666666667,Hantush-Jacob leaky,8.16298869808891e-178,0.1279242376624338,0.293715718150169
Lovelock Valley,Lovelock Valley|WWBN|595.1166667,WWBN,595.1166666666667,Lagging Darcy no-leakage,0.937359580220723,0.2448556474309127,0.17416779015246725
Lovelock Valley,Lovelock Valley|WWBN|595.1166667,WWBN,595.1166666666667,Lagging Darcy with leakage,0.06264041977927706,0.2444903706657868,0.17391867251493798
Lovelock Valley,Lovelock Valley|WWBN|607.1166667,WWBN,607.1166666666667,Theis confined,1.3893005529916222e-101,0.2293480365962339,0.2462477128749394
Lovelock Valley,Lovelock Valley|WWBN|607.1166667,WWBN,607.1166666666667,Hantush-Jacob leaky,8.16298869808891e-178,0.1230825961594122,0.293715718150169
Lovelock Valley,Lovelock Valley|WWBN|607.1166667,WWBN,607.1166666666667,Lagging Darcy no-leakage,0.937359580220723,0.2393293725049536,0.17416779015246725
Lovelock Valley,Lovelock Valley|WWBN|607.1166667,WWBN,607.1166666666667,Lagging Darcy with leakage,0.06264041977927706,0.2389606475301064,0.17391867251493798
Lovelock Valley,Lovelock Valley|WWBN|619.1166667,WWBN,619.1166666666667,Theis confined,1.3893005529916222e-101,0.2242813361619302,0.2462477128749394
Lovelock Valley,Lovelock Valley|WWBN|619.1166667,WWBN,619.1166666666667,Hantush-Jacob leaky,8.16298869808891e-178,0.1185128322084598,0.293715718150169
Lovelock Valley,Lovelock Valley|WWBN|619.1166667,WWBN,619.1166666666667,Lagging Darcy no-leakage,0.937359580220723,0.2340484530747213,0.17416779015246725
Lovelock Valley,Lovelock Valley|WWBN|619.1166667,WWBN,619.1166666666667,Lagging Darcy with leakage,0.06264041977927706,0.2336764323935227,0.17391867251493798
Lovelock Valley,Lovelock Valley|WWBN|631.1166667,WWBN,631.1166666666667,Theis confined,1.3893005529916222e-101,0.2194348801414931,0.2462477128749394
Lovelock Valley,Lovelock Valley|WWBN|631.1166667,WWBN,631.1166666666667,Hantush-Jacob leaky,8.16298869808891e-178,0.1141948036143261,0.293715718150169
Lovelock Valley,Lovelock Valley|WWBN|631.1166667,WWBN,631.1166666666667,Lagging Darcy no-leakage,0.937359580220723,0.2289968166169531,0.17416779015246725
Lovelock Valley,Lovelock Valley|WWBN|631.1166667,WWBN,631.1166666666667,Lagging Darcy with leakage,0.06264041977927706,0.2286216428226168,0.17391867251493798
Lovelock Valley,Lovelock Valley|WWBN|643.1166667,WWBN,643.1166666666667,Theis confined,1.3893005529916222e-101,0.2147945391970025,0.2462477128749394
Lovelock Valley,Lovelock Valley|WWBN|643.1166667,WWBN,643.1166666666667,Hantush-Jacob leaky,8.16298869808891e-178,0.1101102145387633,0.293715718150169
Lovelock Valley,Lovelock Valley|WWBN|643.1166667,WWBN,643.1166666666667,Lagging Darcy no-leakage,0.937359580220723,0.2241597715042189,0.17416779015246725
Lovelock Valley,Lovelock Valley|WWBN|643.1166667,WWBN,643.1166666666667,Lagging Darcy with leakage,0.06264041977927706,0.2237815781212191,0.17391867251493798
Lovelock Valley,Lovelock Valley|WWBN|655.1166667,WWBN,655.1166666666667,Theis confined,1.3893005529916222e-101,0.2103473731545988,0.2462477128749394
Lovelock Valley,Lovelock Valley|WWBN|655.1166667,WWBN,655.1166666666667,Hantush-Jacob leaky,8.16298869808891e-178,0.1062424144031943,0.293715718150169
Lovelock Valley,Lovelock Valley|WWBN|655.1166667,WWBN,655.1166666666667,Lagging Darcy no-leakage,0.937359580220723,0.2195238611095171,0.17416779015246725
Lovelock Valley,Lovelock Valley|WWBN|655.1166667,WWBN,655.1166666666667,Lagging Darcy with leakage,0.06264041977927706,0.2191427733518764,0.17391867251493798
Lovelock Valley,Lovelock Valley|WWBN|667.1166667,WWBN,667.1166666666667,Theis confined,1.3893005529916222e-101,0.2060815079069695,0.2462477128749394
Lovelock Valley,Lovelock Valley|WWBN|667.1166667,WWBN,667.1166666666667,Hantush-Jacob leaky,8.16298869808891e-178,0.102576222099473,0.293715718150169
Lovelock Valley,Lovelock Valley|WWBN|667.1166667,WWBN,667.1166666666667,Lagging Darcy no-leakage,0.937359580220723,0.2150767361319601,0.17416779015246725
Lovelock Valley,Lovelock Valley|WWBN|667.1166667,WWBN,667.1166666666667,Lagging Darcy with leakage,0.06264041977927706,0.2146928715786344,0.17391867251493798
Lovelock Valley,Lovelock Valley|WWBN|679.1166667,WWBN,679.1166666666667,Theis confined,1.3893005529916222e-101,0.2019860273620324,0.2462477128749394
Lovelock Valley,Lovelock Valley|WWBN|679.1166667,WWBN,679.1166666666667,Hantush-Jacob leaky,8.16298869808891e-178,0.099097771902862,0.293715718150169
Lovelock Valley,Lovelock Valley|WWBN|679.1166667,WWBN,679.1166666666667,Lagging Darcy no-leakage,0.937359580220723,0.210807042481341,0.17416779015246725
Lovelock Valley,Lovelock Valley|WWBN|679.1166667,WWBN,679.1166666666667,Lagging Darcy with leakage,0.06264041977927706,0.2104205116926181,0.17391867251493798
Lovelock Valley,Lovelock Valley|WWBN|691.1166667,WWBN,691.1166666666667,Theis confined,1.3893005529916222e-101,0.198050878326482,0.2462477128749394
Lovelock Valley,Lovelock Valley|WWBN|691.1166667,WWBN,691.1166666666667,Hantush-Jacob leaky,8.16298869808891e-178,0.0957943780539709,0.293715718150169
Lovelock Valley,Lovelock Valley|WWBN|691.1166667,WWBN,691.1166666666667,Lagging Darcy no-leakage,0.937359580220723,0.2067043225900571,0.17416779015246725
Lovelock Valley,Lovelock Valley|WWBN|691.1166667,WWBN,691.1166666666667,Lagging Darcy with leakage,0.06264041977927706,0.2063152296541375,0.17391867251493798
Lovelock Valley,Lovelock Valley|WWBN|703.1166667,WWBN,703.1166666666667,Theis confined,1.3893005529916222e-101,0.1942667865461125,0.2462477128749394
Lovelock Valley,Lovelock Valley|WWBN|703.1166667,WWBN,703.1166666666667,Hantush-Jacob leaky,8.16298869808891e-178,0.0926544154489681,0.293715718150169
Lovelock Valley,Lovelock Valley|WWBN|703.1166667,WWBN,703.1166666666667,Lagging Darcy no-leakage,0.937359580220723,0.2027589282811739,0.17416779015246725
Lovelock Valley,Lovelock Valley|WWBN|703.1166667,WWBN,703.1166666666667,Lagging Darcy with leakage,0.06264041977927706,0.2023673713078153,0.17391867251493798
Lovelock Valley,Lovelock Valley|WWBN|715.1166667,WWBN,715.1166666666667,Theis confined,1.3893005529916222e-101,0.1906251823997609,0.2462477128749394
Lovelock Valley,Lovelock Valley|WWBN|715.1166667,WWBN,715.1166666666667,Hantush-Jacob leaky,8.16298869808891e-178,0.0896672142688137,0.293715718150169
Lovelock Valley,Lovelock Valley|WWBN|715.1166667,WWBN,715.1166666666667,Lagging Darcy no-leakage,0.937359580220723,0.1989619436309935,0.17416779015246725
Lovelock Valley,Lovelock Valley|WWBN|715.1166667,WWBN,715.1166666666667,Lagging Darcy with leakage,0.06264041977927706,0.1985680152145192,0.17391867251493798
Lovelock Valley,Lovelock Valley|WWBN|727.1166667,WWBN,727.1166666666667,Theis confined,1.3893005529916222e-101,0.187118134971592,0.2462477128749394
Lovelock Valley,Lovelock Valley|WWBN|727.1166667,WWBN,727.1166666666667,Hantush-Jacob leaky,8.16298869808891e-178,0.0868229667039415,0.293715718150169
Lovelock Valley,Lovelock Valley|WWBN|727.1166667,WWBN,727.1166666666667,Lagging Darcy no-leakage,0.937359580220723,0.1953051165454393,0.17416779015246725
Lovelock Valley,Lovelock Valley|WWBN|727.1166667,WWBN,727.1166666666667,Lagging Darcy with leakage,0.06264041977927706,0.1949089041570886,0.17391867251493798
Lovelock Valley,Lovelock Valley|WWBN|739.1166667,WWBN,739.1166666666667,Theis confined,1.3893005529916222e-101,0.1837382934160896,0.2462477128749394
Lovelock Valley,Lovelock Valley|WWBN|739.1166667,WWBN,739.1166666666667,Hantush-Jacob leaky,8.16298869808891e-178,0.0841126442024613,0.293715718150169
Lovelock Valley,Lovelock Valley|WWBN|739.1166667,WWBN,739.1166666666667,Lagging Darcy no-leakage,0.937359580220723,0.1917807978676986,0.17416779015246725
Lovelock Valley,Lovelock Valley|WWBN|739.1166667,WWBN,739.1166666666667,Lagging Darcy with leakage,0.06264041977927706,0.191382384240029,0.17391867251493798
Lovelock Valley,Lovelock Valley|WWBN|751.1166667,WWBN,751.1166666666667,Theis confined,1.3893005529916222e-101,0.1804788346884578,0.2462477128749394
Lovelock Valley,Lovelock Valley|WWBN|751.1166667,WWBN,751.1166666666667,Hantush-Jacob leaky,8.16298869808891e-178,0.0815279238978021,0.293715718150169
Lovelock Valley,Lovelock Valley|WWBN|751.1166667,WWBN,751.1166666666667,Lagging Darcy no-leakage,0.937359580220723,0.1883818871138549,0.17416779015246725
Lovelock Valley,Lovelock Valley|WWBN|751.1166667,WWBN,751.1166666666667,Lagging Darcy with leakage,0.06264041977927706,0.1879813505722722,0.17391867251493798
Lovelock Valley,Lovelock Valley|WWBN|763.1166667,WWBN,763.1166666666667,Theis confined,1.3893005529916222e-101,0.1773334168459355,0.2462477128749394
Lovelock Valley,Lovelock Valley|WWBN|763.1166667,WWBN,763.1166666666667,Hantush-Jacob leaky,8.16298869808891e-178,0.0790611230629494,0.293715718150169
Lovelock Valley,Lovelock Valley|WWBN|763.1166667,WWBN,763.1166666666667,Lagging Darcy no-leakage,0.937359580220723,0.1851017839733471,0.17416779015246725
Lovelock Valley,Lovelock Valley|WWBN|763.1166667,WWBN,763.1166666666667,Lagging Darcy with leakage,0.06264041977927706,0.1846991987450934,0.17391867251493798
Lovelock Valley,Lovelock Valley|WWBN|775.1166667,WWBN,775.1166666666666,Theis confined,1.3893005529916222e-101,0.1742961372372047,0.2462477128749394
Lovelock Valley,Lovelock Valley|WWBN|775.1166667,WWBN,775.1166666666666,Hantush-Jacob leaky,8.16298869808891e-178,0.0767051405998513,0.293715718150169
Lovelock Valley,Lovelock Valley|WWBN|775.1166667,WWBN,775.1166666666666,Lagging Darcy no-leakage,0.937359580220723,0.1819343448805384,0.17416779015246725
Lovelock Valley,Lovelock Valley|WWBN|775.1166667,WWBN,775.1166666666666,Lagging Darcy with leakage,0.06264041977927706,0.1815297813796519,0.17391867251493798
Lovelock Valley,Lovelock Valley|WWBN|787.1166667,WWBN,787.1166666666666,Theis confined,1.3893005529916222e-101,0.1713614949913671,0.2462477128749394
Lovelock Valley,Lovelock Valley|WWBN|787.1166667,WWBN,787.1166666666666,Hantush-Jacob leaky,8.16298869808891e-178,0.0744534047091054,0.293715718150169
Lovelock Valley,Lovelock Valley|WWBN|787.1166667,WWBN,787.1166666666666,Lagging Darcy no-leakage,0.937359580220723,0.1788738440572519,0.17416779015246725
Lovelock Valley,Lovelock Valley|WWBN|787.1166667,WWBN,787.1166666666666,Lagging Darcy with leakage,0.06264041977927706,0.1784673691376781,0.17391867251493798
Lovelock Valley,Lovelock Valley|WWBN|799.1166667,WWBN,799.1166666666666,Theis confined,1.3893005529916222e-101,0.1685243572978132,0.2462477128749394
Lovelock Valley,Lovelock Valley|WWBN|799.1166667,WWBN,799.1166666666666,Hantush-Jacob leaky,8.16298869808891e-178,0.072299826000739,0.293715718150169
Lovelock Valley,Lovelock Valley|WWBN|799.1166667,WWBN,799.1166666666666,Lagging Darcy no-leakage,0.937359580220723,0.1759149384734462,0.17416779015246725
Lovelock Valley,Lovelock Valley|WWBN|799.1166667,WWBN,799.1166666666666,Lagging Darcy with leakage,0.06264041977927706,0.175506615670983,0.17391867251493798
Lovelock Valley,Lovelock Valley|WWBN|811.1166667,WWBN,811.1166666666666,Theis confined,1.3893005529916222e-101,0.1657799290361286,0.2462477128749394
Lovelock Valley,Lovelock Valley|WWBN|811.1166667,WWBN,811.1166666666666,Hantush-Jacob leaky,8.16298869808891e-178,0.0702387554055716,0.293715718150169
Lovelock Valley,Lovelock Valley|WWBN|811.1166667,WWBN,811.1166666666666,Lagging Darcy no-leakage,0.937359580220723,0.1730526363062727,0.17416779015246725
Lovelock Valley,Lovelock Valley|WWBN|811.1166667,WWBN,811.1166666666666,Lagging Darcy with leakage,0.06264041977927706,0.1726425260483211,0.17391867251493798
Lovelock Valley,Lovelock Valley|WS|1.116666667,WS,1.116666666666665,Theis confined,0.5878504059951236,1.70441789337506e-53,0.2462477128749394
Lovelock Valley,Lovelock Valley|WS|1.116666667,WS,1.116666666666665,Hantush-Jacob leaky,0.07056501897843197,1.3506329757514095e-53,0.293715718150169
Lovelock Valley,Lovelock Valley|WS|1.116666667,WS,1.116666666666665,Lagging Darcy no-leakage,0.30390137363801273,9.387940028254436e-07,0.17416779015246725
Lovelock Valley,Lovelock Valley|WS|1.116666667,WS,1.116666666666665,Lagging Darcy with leakage,0.03768320138843172,3.725742530772765e-07,0.17391867251493798
Lovelock Valley,Lovelock Valley|WS|13.11666667,WS,13.116666666666665,Theis confined,0.5878504059951236,9.116633943469573e-08,0.2462477128749394
Lovelock Valley,Lovelock Valley|WS|13.11666667,WS,13.116666666666665,Hantush-Jacob leaky,0.07056501897843197,8.935804867773696e-08,0.293715718150169
Lovelock Valley,Lovelock Valley|WS|13.11666667,WS,13.116666666666665,Lagging Darcy no-leakage,0.30390137363801273,0.0004186218072682,0.17416779015246725
Lovelock Valley,Lovelock Valley|WS|13.11666667,WS,13.116666666666665,Lagging Darcy with leakage,0.03768320138843172,0.0003076982277479,0.17391867251493798
Lovelock Valley,Lovelock Valley|WS|25.11666667,WS,25.11666666666666,Theis confined,0.5878504059951236,1.582476862951789e-05,0.2462477128749394
Lovelock Valley,Lovelock Valley|WS|25.11666667,WS,25.11666666666666,Hantush-Jacob leaky,0.07056501897843197,1.5659560646517578e-05,0.293715718150169
Lovelock Valley,Lovelock Valley|WS|25.11666667,WS,25.11666666666666,Lagging Darcy no-leakage,0.30390137363801273,0.0014166228717946,0.17416779015246725
Lovelock Valley,Lovelock Valley|WS|25.11666667,WS,25.11666666666666,Lagging Darcy with leakage,0.03768320138843172,0.0014539193519963,0.17391867251493798
Lovelock Valley,Lovelock Valley|WS|37.11666667,WS,37.11666666666666,Theis confined,0.5878504059951236,0.0001110487274254,0.2462477128749394
Lovelock Valley,Lovelock Valley|WS|37.11666667,WS,37.11666666666666,Hantush-Jacob leaky,0.07056501897843197,0.0001102645359462,0.293715718150169
Lovelock Valley,Lovelock Valley|WS|37.11666667,WS,37.11666666666666,Lagging Darcy no-leakage,0.30390137363801273,0.0020859058905942,0.17416779015246725
Lovelock Valley,Lovelock Valley|WS|37.11666667,WS,37.11666666666666,Lagging Darcy with leakage,0.03768320138843172,0.0021634853436093,0.17391867251493798
Lovelock Valley,Lovelock Valley|WS|49.11666667,WS,49.116666666666674,Theis confined,0.5878504059951236,0.000318819063921,0.2462477128749394
Lovelock Valley,Lovelock Valley|WS|49.11666667,WS,49.116666666666674,Hantush-Jacob leaky,0.07056501897843197,0.0003171259456267,0.293715718150169
Lovelock Valley,Lovelock Valley|WS|49.11666667,WS,49.116666666666674,Lagging Darcy no-leakage,0.30390137363801273,0.002550854965166,0.17416779015246725
Lovelock Valley,Lovelock Valley|WS|49.11666667,WS,49.116666666666674,Lagging Darcy with leakage,0.03768320138843172,0.0026149801415188,0.17391867251493798
Lovelock Valley,Lovelock Valley|WS|61.11666667,WS,61.116666666666674,Theis confined,0.5878504059951236,0.000625272455336,0.2462477128749394
Lovelock Valley,Lovelock Valley|WS|61.11666667,WS,61.116666666666674,Hantush-Jacob leaky,0.07056501897843197,0.0006226248821578,0.293715718150169
Lovelock Valley,Lovelock Valley|WS|61.11666667,WS,61.116666666666674,Lagging Darcy no-leakage,0.30390137363801273,0.0029228298835973,0.17416779015246725
Lovelock Valley,Lovelock Valley|WS|61.11666667,WS,61.116666666666674,Lagging Darcy with leakage,0.03768320138843172,0.0029642289482886,0.17391867251493798
Lovelock Valley,Lovelock Valley|WS|73.11666667,WS,73.11666666666667,Theis confined,0.5878504059951236,0.0010039562944672,0.2462477128749394
Lovelock Valley,Lovelock Valley|WS|73.11666667,WS,73.11666666666667,Hantush-Jacob leaky,0.07056501897843197,0.001000439115159,0.293715718150169
Lovelock Valley,Lovelock Valley|WS|73.11666667,WS,73.11666666666667,Lagging Darcy no-leakage,0.30390137363801273,0.0032532682495023,0.17416779015246725
Lovelock Valley,Lovelock Valley|WS|73.11666667,WS,73.11666666666667,Lagging Darcy with leakage,0.03768320138843172,0.0032739937541445,0.17391867251493798
Lovelock Valley,Lovelock Valley|WS|85.11666667,WS,85.11666666666667,Theis confined,0.5878504059951236,0.0014310336161276,0.2462477128749394
Lovelock Valley,Lovelock Valley|WS|85.11666667,WS,85.11666666666667,Hantush-Jacob leaky,0.07056501897843197,0.001426778819196,0.293715718150169
Lovelock Valley,Lovelock Valley|WS|85.11666667,WS,85.11666666666667,Lagging Darcy no-leakage,0.30390137363801273,0.0035651048692116,0.17416779015246725
Lovelock Valley,Lovelock Valley|WS|85.11666667,WS,85.11666666666667,Lagging Darcy with leakage,0.03768320138843172,0.0035688273698399,0.17391867251493798
Lovelock Valley,Lovelock Valley|WS|97.11666667,WS,97.11666666666666,Theis confined,0.5878504059951236,0.0018883767926043,0.2462477128749394
Lovelock Valley,Lovelock Valley|WS|97.11666667,WS,97.11666666666666,Hantush-Jacob leaky,0.07056501897843197,0.0018835226812941,0.293715718150169
Lovelock Valley,Lovelock Valley|WS|97.11666667,WS,97.11666666666666,Lagging Darcy no-leakage,0.30390137363801273,0.0038689034912135,0.17416779015246725
Lovelock Valley,Lovelock Valley|WS|97.11666667,WS,97.11666666666666,Lagging Darcy with leakage,0.03768320138843172,0.0038587671858968,0.17391867251493798
Lovelock Valley,Lovelock Valley|WS|109.1166667,WS,109.11666666666666,Theis confined,0.5878504059951236,0.0023630032961617,0.2462477128749394
Lovelock Valley,Lovelock Valley|WS|109.1166667,WS,109.11666666666666,Hantush-Jacob leaky,0.07056501897843197,0.0023576775776047,0.293715718150169
Lovelock Valley,Lovelock Valley|WS|109.1166667,WS,109.11666666666666,Lagging Darcy no-leakage,0.30390137363801273,0.004169727237437,0.17416779015246725
Lovelock Valley,Lovelock Valley|WS|109.1166667,WS,109.11666666666666,Lagging Darcy with leakage,0.03768320138843172,0.0041481262078738,0.17391867251493798
Lovelock Valley,Lovelock Valley|WS|121.1166667,WS,121.11666666666666,Theis confined,0.5878504059951236,0.0028458404341176,0.2462477128749394
Lovelock Valley,Lovelock Valley|WS|121.1166667,WS,121.11666666666666,Hantush-Jacob leaky,0.07056501897843197,0.002840154645729,0.293715718150169
Lovelock Valley,Lovelock Valley|WS|121.1166667,WS,121.11666666666666,Lagging Darcy no-leakage,0.30390137363801273,0.0044700821780235,0.17416779015246725
Lovelock Valley,Lovelock Valley|WS|121.1166667,WS,121.11666666666666,Lagging Darcy with leakage,0.03768320138843172,0.0044388352338623,0.17391867251493798
Lovelock Valley,Lovelock Valley|WS|133.1166667,WS,133.11666666666667,Theis confined,0.5878504059951236,0.0033306220286605,0.2462477128749394
Lovelock Valley,Lovelock Valley|WS|133.1166667,WS,133.11666666666667,Hantush-Jacob leaky,0.07056501897843197,0.0033246709201924,0.293715718150169
Lovelock Valley,Lovelock Valley|WS|133.1166667,WS,133.11666666666667,Lagging Darcy no-leakage,0.30390137363801273,0.0047712297256874,0.17416779015246725
Lovelock Valley,Lovelock Valley|WS|133.1166667,WS,133.11666666666667,Lagging Darcy with leakage,0.03768320138843172,0.0047317800362286,0.17391867251493798
Lovelock Valley,Lovelock Valley|WS|145.1166667,WS,145.11666666666667,Theis confined,0.5878504059951236,0.0038130563036554,0.2462477128749394
Lovelock Valley,Lovelock Valley|WS|145.1166667,WS,145.11666666666667,Hantush-Jacob leaky,0.07056501897843197,0.0038069191897183,0.293715718150169
Lovelock Valley,Lovelock Valley|WS|145.1166667,WS,145.11666666666667,Lagging Darcy no-leakage,0.30390137363801273,0.0050737781852093,0.17416779015246725
Lovelock Valley,Lovelock Valley|WS|145.1166667,WS,145.11666666666667,Lagging Darcy with leakage,0.03768320138843172,0.0050273624330499,0.17391867251493798
Lovelock Valley,Lovelock Valley|WS|157.1166667,WS,157.11666666666667,Theis confined,0.5878504059951236,0.0042901769221948,0.2462477128749394
Lovelock Valley,Lovelock Valley|WS|157.1166667,WS,157.11666666666667,Hantush-Jacob leaky,0.07056501897843197,0.0042839208236413,0.293715718150169
Lovelock Valley,Lovelock Valley|WS|157.1166667,WS,157.11666666666667,Lagging Darcy no-leakage,0.30390137363801273,0.0050109118577884,0.17416779015246725
Lovelock Valley,Lovelock Valley|WS|157.1166667,WS,157.11666666666667,Lagging Darcy with leakage,0.03768320138843172,0.0050741138764465,0.17391867251493798
Lovelock Valley,Lovelock Valley|WS|169.1166667,WS,169.11666666666667,Theis confined,0.5878504059951236,0.0047464420396482,0.2462477128749394
Lovelock Valley,Lovelock Valley|WS|169.1166667,WS,169.11666666666667,Hantush-Jacob leaky,0.07056501897843197,0.0047402661862392,0.293715718150169
Lovelock Valley,Lovelock Valley|WS|169.1166667,WS,169.11666666666667,Lagging Darcy no-leakage,0.30390137363801273,0.0043082713537399,0.17416779015246725
Lovelock Valley,Lovelock Valley|WS|169.1166667,WS,169.11666666666667,Lagging Darcy with leakage,0.03768320138843172,0.0042186641490781,0.17391867251493798
Lovelock Valley,Lovelock Valley|WS|181.1166667,WS,181.11666666666667,Theis confined,0.5878504059951236,0.0051178857031827,0.2462477128749394
Lovelock Valley,Lovelock Valley|WS|181.1166667,WS,181.11666666666667,Hantush-Jacob leaky,0.07056501897843197,0.0051122869313199,0.293715718150169
Lovelock Valley,Lovelock Valley|WS|181.1166667,WS,181.11666666666667,Lagging Darcy no-leakage,0.30390137363801273,0.0039328115342194,0.17416779015246725
Lovelock Valley,Lovelock Valley|WS|181.1166667,WS,181.11666666666667,Lagging Darcy with leakage,0.03768320138843172,0.0037943011998837,0.17391867251493798
Lovelock Valley,Lovelock Valley|WS|193.1166667,WS,193.11666666666667,Theis confined,0.5878504059951236,0.0053677443161918,0.2462477128749394
Lovelock Valley,Lovelock Valley|WS|193.1166667,WS,193.11666666666667,Hantush-Jacob leaky,0.07056501897843197,0.0053630628811342,0.293715718150169
Lovelock Valley,Lovelock Valley|WS|193.1166667,WS,193.11666666666667,Lagging Darcy no-leakage,0.30390137363801273,0.0037708830392233,0.17416779015246725
Lovelock Valley,Lovelock Valley|WS|193.1166667,WS,193.11666666666667,Lagging Darcy with leakage,0.03768320138843172,0.0036417951720601,0.17391867251493798
Lovelock Valley,Lovelock Valley|WS|205.1166667,WS,205.11666666666667,Theis confined,0.5878504059951236,0.0055080478926047,0.2462477128749394
Lovelock Valley,Lovelock Valley|WS|205.1166667,WS,205.11666666666667,Hantush-Jacob leaky,0.07056501897843197,0.0055043689085332,0.293715718150169
Lovelock Valley,Lovelock Valley|WS|205.1166667,WS,205.11666666666667,Lagging Darcy no-leakage,0.30390137363801273,0.0037073519239867,0.17416779015246725
Lovelock Valley,Lovelock Valley|WS|205.1166667,WS,205.11666666666667,Lagging Darcy with leakage,0.03768320138843172,0.0035990593080355,0.17391867251493798
Lovelock Valley,Lovelock Valley|WS|217.1166667,WS,217.11666666666667,Theis confined,0.5878504059951236,0.0055649306744779,0.2462477128749394
Lovelock Valley,Lovelock Valley|WS|217.1166667,WS,217.11666666666667,Hantush-Jacob leaky,0.07056501897843197,0.0055621980628809,0.293715718150169
Lovelock Valley,Lovelock Valley|WS|217.1166667,WS,217.11666666666667,Lagging Darcy no-leakage,0.30390137363801273,0.0036886038412021,0.17416779015246725
Lovelock Valley,Lovelock Valley|WS|217.1166667,WS,217.11666666666667,Lagging Darcy with leakage,0.03768320138843172,0.0036002619022116,0.17391867251493798
Lovelock Valley,Lovelock Valley|WS|229.1166667,WS,229.11666666666667,Theis confined,0.5878504059951236,0.0055624382725374,0.2462477128749394
Lovelock Valley,Lovelock Valley|WS|229.1166667,WS,229.11666666666667,Hantush-Jacob leaky,0.07056501897843197,0.0055605413294299,0.293715718150169
Lovelock Valley,Lovelock Valley|WS|229.1166667,WS,229.11666666666667,Lagging Darcy no-leakage,0.30390137363801273,0.0036906812014371,0.17416779015246725
Lovelock Valley,Lovelock Valley|WS|229.1166667,WS,229.11666666666667,Lagging Darcy with leakage,0.03768320138843172,0.003619601119783,0.17391867251493798
Lovelock Valley,Lovelock Valley|WS|241.1166667,WS,241.11666666666667,Theis confined,0.5878504059951236,0.0055190500145504,0.2462477128749394
Lovelock Valley,Lovelock Valley|WS|241.1166667,WS,241.11666666666667,Hantush-Jacob leaky,0.07056501897843197,0.0055178666196918,0.293715718150169
Lovelock Valley,Lovelock Valley|WS|241.1166667,WS,241.11666666666667,Lagging Darcy no-leakage,0.30390137363801273,0.0037025001416076,0.17416779015246725
Lovelock Valley,Lovelock Valley|WS|241.1166667,WS,241.11666666666667,Lagging Darcy with leakage,0.03768320138843172,0.0036464675855949,0.17391867251493798
Lovelock Valley,Lovelock Valley|WS|253.1166667,WS,253.11666666666667,Theis confined,0.5878504059951236,0.0054481268301111,0.2462477128749394
Lovelock Valley,Lovelock Valley|WS|253.1166667,WS,253.11666666666667,Hantush-Jacob leaky,0.07056501897843197,0.0054475417957678,0.293715718150169
Lovelock Valley,Lovelock Valley|WS|253.1166667,WS,253.11666666666667,Lagging Darcy no-leakage,0.30390137363801273,0.0037186898051124,0.17416779015246725
Lovelock Valley,Lovelock Valley|WS|253.1166667,WS,253.11666666666667,Lagging Darcy with leakage,0.03768320138843172,0.0036762225149742,0.17391867251493798
Lovelock Valley,Lovelock Valley|WS|265.1166667,WS,265.1166666666667,Theis confined,0.5878504059951236,0.0053591155251474,0.2462477128749394
Lovelock Valley,Lovelock Valley|WS|265.1166667,WS,265.1166666666667,Hantush-Jacob leaky,0.07056501897843197,0.0053590270532131,0.293715718150169
Lovelock Valley,Lovelock Valley|WS|265.1166667,WS,265.1166666666667,Lagging Darcy no-leakage,0.30390137363801273,0.0037365297867741,0.17416779015246725
Lovelock Valley,Lovelock Valley|WS|265.1166667,WS,265.1166666666667,Lagging Darcy with leakage,0.03768320138843172,0.0037067004396917,0.17391867251493798
Lovelock Valley,Lovelock Valley|WS|277.1166667,WS,277.1166666666667,Theis confined,0.5878504059951236,0.0052586453995192,0.2462477128749394
Lovelock Valley,Lovelock Valley|WS|277.1166667,WS,277.1166666666667,Hantush-Jacob leaky,0.07056501897843197,0.0052589662795015,0.293715718150169
Lovelock Valley,Lovelock Valley|WS|277.1166667,WS,277.1166666666667,Lagging Darcy no-leakage,0.30390137363801273,0.003754588192985,0.17416779015246725
Lovelock Valley,Lovelock Valley|WS|277.1166667,WS,277.1166666666667,Lagging Darcy with leakage,0.03768320138843172,0.0037368144791468,0.17391867251493798
Lovelock Valley,Lovelock Valley|WS|289.1166667,WS,289.1166666666667,Theis confined,0.5878504059951236,0.0051513596811724,0.2462477128749394
Lovelock Valley,Lovelock Valley|WS|289.1166667,WS,289.1166666666667,Hantush-Jacob leaky,0.07056501897843197,0.0051520163462437,0.293715718150169
Lovelock Valley,Lovelock Valley|WS|289.1166667,WS,289.1166666666667,Lagging Darcy no-leakage,0.30390137363801273,0.0037720880877275,0.17416779015246725
Lovelock Valley,Lovelock Valley|WS|289.1166667,WS,289.1166666666667,Lagging Darcy with leakage,0.03768320138843172,0.0037659713912341,0.17391867251493798
Lovelock Valley,Lovelock Valley|WS|301.1166667,WS,301.1166666666667,Theis confined,0.5878504059951236,0.0050405088373873,0.2462477128749394
Lovelock Valley,Lovelock Valley|WS|301.1166667,WS,301.1166666666667,Hantush-Jacob leaky,0.07056501897843197,0.005041439689225,0.293715718150169
Lovelock Valley,Lovelock Valley|WS|301.1166667,WS,301.1166666666667,Lagging Darcy no-leakage,0.30390137363801273,0.0037885996661503,0.17416779015246725
Lovelock Valley,Lovelock Valley|WS|301.1166667,WS,301.1166666666667,Lagging Darcy with leakage,0.03768320138843172,0.003793815341791,0.17391867251493798
Lovelock Valley,Lovelock Valley|WS|313.1166667,WS,313.1166666666667,Theis confined,0.5878504059951236,0.0049283650742326,0.2462477128749394
Lovelock Valley,Lovelock Valley|WS|313.1166667,WS,313.1166666666667,Hantush-Jacob leaky,0.07056501897843197,0.0049295186907321,0.293715718150169
Lovelock Valley,Lovelock Valley|WS|313.1166667,WS,313.1166666666667,Lagging Darcy no-leakage,0.30390137363801273,0.0038038845295636,0.17416779015246725
Lovelock Valley,Lovelock Valley|WS|313.1166667,WS,313.1166666666667,Lagging Darcy with leakage,0.03768320138843172,0.0038201116277868,0.17391867251493798
Lovelock Valley,Lovelock Valley|WS|325.1166667,WS,325.1166666666667,Theis confined,0.5878504059951236,0.0048165104445765,0.2462477128749394
Lovelock Valley,Lovelock Valley|WS|325.1166667,WS,325.1166666666667,Hantush-Jacob leaky,0.07056501897843197,0.004817843918498,0.293715718150169
Lovelock Valley,Lovelock Valley|WS|325.1166667,WS,325.1166666666667,Lagging Darcy no-leakage,0.30390137363801273,0.0038178139024535,0.17416779015246725
Lovelock Valley,Lovelock Valley|WS|325.1166667,WS,325.1166666666667,Lagging Darcy with leakage,0.03768320138843172,0.0038446924092873,0.17391867251493798
Lovelock Valley,Lovelock Valley|WS|337.1166667,WS,337.1166666666667,Theis confined,0.5878504059951236,0.0047060375448367,0.2462477128749394
Lovelock Valley,Lovelock Valley|WS|337.1166667,WS,337.1166666666667,Hantush-Jacob leaky,0.07056501897843197,0.0047075150361126,0.293715718150169
Lovelock Valley,Lovelock Valley|WS|337.1166667,WS,337.1166666666667,Lagging Darcy no-leakage,0.30390137363801273,0.0038303241376312,0.17416779015246725
Lovelock Valley,Lovelock Valley|WS|337.1166667,WS,337.1166666666667,Lagging Darcy with leakage,0.03768320138843172,0.0038674307811524,0.17391867251493798
Lovelock Valley,Lovelock Valley|WS|349.1166667,WS,349.1166666666667,Theis confined,0.5878504059951236,0.0045976900967902,0.2462477128749394
Lovelock Valley,Lovelock Valley|WS|349.1166667,WS,349.1166666666667,Hantush-Jacob leaky,0.07056501897843197,0.0045992816090936,0.293715718150169
Lovelock Valley,Lovelock Valley|WS|349.1166667,WS,349.1166666666667,Lagging Darcy no-leakage,0.30390137363801273,0.0038413916640693,0.17416779015246725
Lovelock Valley,Lovelock Valley|WS|349.1166667,WS,349.1166666666667,Lagging Darcy with leakage,0.03768320138843172,0.003888228078775,0.17391867251493798
Lovelock Valley,Lovelock Valley|WS|361.1166667,WS,361.1166666666667,Theis confined,0.5878504059951236,0.0044919621057553,0.2462477128749394
Lovelock Valley,Lovelock Valley|WS|361.1166667,WS,361.1166666666667,Hantush-Jacob leaky,0.07056501897843197,0.0044936424688971,0.293715718150169
Lovelock Valley,Lovelock Valley|WS|361.1166667,WS,361.1166666666667,Lagging Darcy no-leakage,0.30390137363801273,0.0038510183899811,0.17416779015246725
Lovelock Valley,Lovelock Valley|WS|361.1166667,WS,361.1166666666667,Lagging Darcy with leakage,0.03768320138843172,0.0039070074330639,0.17391867251493798
Lovelock Valley,Lovelock Valley|WS|373.1166667,WS,373.1166666666667,Theis confined,0.5878504059951236,0.0043891683140236,0.2462477128749394
Lovelock Valley,Lovelock Valley|WS|373.1166667,WS,373.1166666666667,Hantush-Jacob leaky,0.07056501897843197,0.004390916344329,0.293715718150169
Lovelock Valley,Lovelock Valley|WS|373.1166667,WS,373.1166666666667,Lagging Darcy no-leakage,0.30390137363801273,0.0038592228943862,0.17416779015246725
Lovelock Valley,Lovelock Valley|WS|373.1166667,WS,373.1166666666667,Lagging Darcy with leakage,0.03768320138843172,0.0039237102740686,0.17391867251493798
Lovelock Valley,Lovelock Valley|WS|385.1166667,WS,385.1166666666667,Theis confined,0.5878504059951236,0.0042894946168447,0.2462477128749394
Lovelock Valley,Lovelock Valley|WS|385.1166667,WS,385.1166666666667,Hantush-Jacob leaky,0.07056501897843197,0.0042912924268389,0.293715718150169
Lovelock Valley,Lovelock Valley|WS|385.1166667,WS,385.1166666666667,Lagging Darcy no-leakage,0.30390137363801273,0.0038660349157172,0.17416779015246725
Lovelock Valley,Lovelock Valley|WS|385.1166667,WS,385.1166666666667,Lagging Darcy with leakage,0.03768320138843172,0.0039382942049368,0.17391867251493798
Lovelock Valley,Lovelock Valley|WS|397.1166667,WS,397.1166666666667,Theis confined,0.5878504059951236,0.0041930343788058,0.2462477128749394
Lovelock Valley,Lovelock Valley|WS|397.1166667,WS,397.1166666666667,Hantush-Jacob leaky,0.07056501897843197,0.0041948668101619,0.293715718150169
Lovelock Valley,Lovelock Valley|WS|397.1166667,WS,397.1166666666667,Lagging Darcy no-leakage,0.30390137363801273,0.0038714917729536,0.17416779015246725
Lovelock Valley,Lovelock Valley|WS|397.1166667,WS,397.1166666666667,Lagging Darcy with leakage,0.03768320138843172,0.0039507314916767,0.17391867251493798
Lovelock Valley,Lovelock Valley|WS|409.1166667,WS,409.1166666666667,Theis confined,0.5878504059951236,0.0040998147481174,0.2462477128749394
Lovelock Valley,Lovelock Valley|WS|409.1166667,WS,409.1166666666667,Hantush-Jacob leaky,0.07056501897843197,0.0041016689055187,0.293715718150169
Lovelock Valley,Lovelock Valley|WS|409.1166667,WS,409.1166666666667,Lagging Darcy no-leakage,0.30390137363801273,0.0038756359536878,0.17416779015246725
Lovelock Valley,Lovelock Valley|WS|409.1166667,WS,409.1166666666667,Lagging Darcy with leakage,0.03768320138843172,0.0039610078144533,0.17391867251493798
Lovelock Valley,Lovelock Valley|WS|421.1166667,WS,421.1166666666667,Theis confined,0.5878504059951236,0.0040098158194317,0.2462477128749394
Lovelock Valley,Lovelock Valley|WS|421.1166667,WS,421.1166666666667,Hantush-Jacob leaky,0.07056501897843197,0.0040116806867419,0.293715718150169
Lovelock Valley,Lovelock Valley|WS|421.1166667,WS,421.1166666666667,Lagging Darcy no-leakage,0.30390137363801273,0.0038785134295477,0.17416779015246725
Lovelock Valley,Lovelock Valley|WS|421.1166667,WS,421.1166666666667,Lagging Darcy with leakage,0.03768320138843172,0.0039691211217588,0.17391867251493798
Lovelock Valley,Lovelock Valley|WS|433.1166667,WS,433.1166666666667,Theis confined,0.5878504059951236,0.0039229846451159,0.2462477128749394
Lovelock Valley,Lovelock Valley|WS|433.1166667,WS,433.1166666666667,Hantush-Jacob leaky,0.07056501897843197,0.003924850768612,0.293715718150169
Lovelock Valley,Lovelock Valley|WS|433.1166667,WS,433.1166666666667,Lagging Darcy no-leakage,0.30390137363801273,0.003880172440482,0.17416779015246725
Lovelock Valley,Lovelock Valley|WS|433.1166667,WS,433.1166666666667,Lagging Darcy with leakage,0.03768320138843172,0.0039750805236359,0.17391867251493798
Lovelock Valley,Lovelock Valley|WS|445.1166667,WS,445.1166666666667,Theis confined,0.5878504059951236,0.0038392455098416,0.2462477128749394
Lovelock Valley,Lovelock Valley|WS|445.1166667,WS,445.1166666666667,Hantush-Jacob leaky,0.07056501897843197,0.00384110473613,0.293715718150169
Lovelock Valley,Lovelock Valley|WS|445.1166667,WS,445.1166666666667,Lagging Darcy no-leakage,0.30390137363801273,0.0038806625923355,0.17416779015246725
Lovelock Valley,Lovelock Valley|WS|445.1166667,WS,445.1166666666667,Lagging Darcy with leakage,0.03768320138843172,0.0039789052049945,0.17391867251493798
Lovelock Valley,Lovelock Valley|WS|457.1166667,WS,457.1166666666667,Theis confined,0.5878504059951236,0.0037585074775852,0.2462477128749394
Lovelock Valley,Lovelock Valley|WS|457.1166667,WS,457.1166666666667,Hantush-Jacob leaky,0.07056501897843197,0.0037603527361875,0.293715718150169
Lovelock Valley,Lovelock Valley|WS|457.1166667,WS,457.1166666666667,Lagging Darcy no-leakage,0.30390137363801273,0.0038800341714438,0.17416779015246725
Lovelock Valley,Lovelock Valley|WS|457.1166667,WS,457.1166666666667,Lagging Darcy with leakage,0.03768320138843172,0.0039806233598832,0.17391867251493798
Lovelock Valley,Lovelock Valley|WS|469.1166667,WS,469.1166666666667,Theis confined,0.5878504059951236,0.0036806699363114,0.2462477128749394
Lovelock Valley,Lovelock Valley|WS|469.1166667,WS,469.1166666666667,Hantush-Jacob leaky,0.07056501897843197,0.0036824950588371,0.293715718150169
Lovelock Valley,Lovelock Valley|WS|469.1166667,WS,469.1166666666667,Lagging Darcy no-leakage,0.30390137363801273,0.0038783376151058,0.17416779015246725
Lovelock Valley,Lovelock Valley|WS|469.1166667,WS,469.1166666666667,Lagging Darcy with leakage,0.03768320138843172,0.0039802711551488,0.17391867251493798
Lovelock Valley,Lovelock Valley|WS|481.1166667,WS,481.1166666666667,Theis confined,0.5878504059951236,0.003605626665434,0.2462477128749394
Lovelock Valley,Lovelock Valley|WS|481.1166667,WS,481.1166666666667,Hantush-Jacob leaky,0.07056501897843197,0.0036074262348073,0.293715718150169
Lovelock Valley,Lovelock Valley|WS|481.1166667,WS,481.1166666666667,Lagging Darcy no-leakage,0.30390137363801273,0.0038756230977642,0.17416779015246725
Lovelock Valley,Lovelock Valley|WS|481.1166667,WS,481.1166666666667,Lagging Darcy with leakage,0.03768320138843172,0.0039778917334223,0.17391867251493798
Lovelock Valley,Lovelock Valley|WS|493.1166667,WS,493.1166666666667,Theis confined,0.5878504059951236,0.0035332688088075,0.2462477128749394
Lovelock Valley,Lovelock Valley|WS|493.1166667,WS,493.1166666666667,Hantush-Jacob leaky,0.07056501897843197,0.0035350380332637,0.293715718150169
Lovelock Valley,Lovelock Valley|WS|493.1166667,WS,493.1166666666667,Lagging Darcy no-leakage,0.30390137363801273,0.0038719402057401,0.17416779015246725
Lovelock Valley,Lovelock Valley|WS|493.1166667,WS,493.1166666666667,Lagging Darcy with leakage,0.03768320138843172,0.0039735342644694,0.17391867251493798
Lovelock Valley,Lovelock Valley|WS|505.1166667,WS,505.1166666666667,Theis confined,0.5878504059951236,0.0034634870340106,0.2462477128749394
Lovelock Valley,Lovelock Valley|WS|505.1166667,WS,505.1166666666667,Hantush-Jacob leaky,0.07056501897843197,0.003465221641576,0.293715718150169
Lovelock Valley,Lovelock Valley|WS|505.1166667,WS,505.1166666666667,Lagging Darcy no-leakage,0.30390137363801273,0.0038673376813593,0.17416779015246725
Lovelock Valley,Lovelock Valley|WS|505.1166667,WS,505.1166666666667,Lagging Darcy with leakage,0.03768320138843172,0.0039672530517987,0.17391867251493798
Lovelock Valley,Lovelock Valley|WS|517.1166667,WS,517.1166666666667,Theis confined,0.5878504059951236,0.0033961730850614,0.2462477128749394
Lovelock Valley,Lovelock Valley|WS|517.1166667,WS,517.1166666666667,Hantush-Jacob leaky,0.07056501897843197,0.0033978692350288,0.293715718150169
Lovelock Valley,Lovelock Valley|WS|517.1166667,WS,517.1166666666667,Lagging Darcy no-leakage,0.30390137363801273,0.0038618632226373,0.17416779015246725
Lovelock Valley,Lovelock Valley|WS|517.1166667,WS,517.1166666666667,Lagging Darcy with leakage,0.03768320138843172,0.0039591066992544,0.17391867251493798
Lovelock Valley,Lovelock Valley|WS|529.1166667,WS,529.1166666666667,Theis confined,0.5878504059951236,0.0033312208821919,0.2462477128749394
Lovelock Valley,Lovelock Valley|WS|529.1166667,WS,529.1166666666667,Hantush-Jacob leaky,0.07056501897843197,0.0033328750907468,0.293715718150169
Lovelock Valley,Lovelock Valley|WS|529.1166667,WS,529.1166666666667,Lagging Darcy no-leakage,0.30390137363801273,0.0038555633280324,0.17416779015246725
Lovelock Valley,Lovelock Valley|WS|529.1166667,WS,529.1166666666667,Lagging Darcy with leakage,0.03768320138843172,0.0039491573402382,0.17391867251493798
Lovelock Valley,Lovelock Valley|WS|541.1166667,WS,541.1166666666667,Theis confined,0.5878504059951236,0.0032685272831575,0.2462477128749394
Lovelock Valley,Lovelock Valley|WS|541.1166667,WS,541.1166666666667,Hantush-Jacob leaky,0.07056501897843197,0.0032701363608229,0.293715718150169
Lovelock Valley,Lovelock Valley|WS|541.1166667,WS,541.1166666666667,Lagging Darcy no-leakage,0.30390137363801273,0.00384848317826,0.17416779015246725
Lovelock Valley,Lovelock Valley|WS|541.1166667,WS,541.1166666666667,Lagging Darcy with leakage,0.03768320138843172,0.0039374699304108,0.17391867251493798
Lovelock Valley,Lovelock Valley|WS|553.1166667,WS,553.1166666666667,Theis confined,0.5878504059951236,0.0032079925917416,0.2462477128749394
Lovelock Valley,Lovelock Valley|WS|553.1166667,WS,553.1166666666667,Hantush-Jacob leaky,0.07056501897843197,0.0032095535907255,0.293715718150169
Lovelock Valley,Lovelock Valley|WS|553.1166667,WS,553.1166666666667,Lagging Darcy no-leakage,0.30390137363801273,0.0038406665487416,0.17416779015246725
Lovelock Valley,Lovelock Valley|WS|553.1166667,WS,553.1166666666667,Lagging Darcy with leakage,0.03768320138843172,0.003924111603392,0.17391867251493798
Lovelock Valley,Lovelock Valley|WS|565.1166667,WS,565.1166666666667,Theis confined,0.5878504059951236,0.003149520877782,0.2462477128749394
Lovelock Valley,Lovelock Valley|WS|565.1166667,WS,565.1166666666667,Hantush-Jacob leaky,0.07056501897843197,0.0031510310476475,0.293715718150169
Lovelock Valley,Lovelock Valley|WS|565.1166667,WS,565.1166666666667,Lagging Darcy no-leakage,0.30390137363801273,0.0038321557474694,0.17416779015246725
Lovelock Valley,Lovelock Valley|WS|565.1166667,WS,565.1166666666667,Lagging Darcy with leakage,0.03768320138843172,0.0039091510878067,0.17391867251493798
Lovelock Valley,Lovelock Valley|WS|577.1166667,WS,577.1166666666667,Theis confined,0.5878504059951236,0.0030930201571733,0.2462477128749394
Lovelock Valley,Lovelock Valley|WS|577.1166667,WS,577.1166666666667,Hantush-Jacob leaky,0.07056501897843197,0.0030944769075208,0.293715718150169
Lovelock Valley,Lovelock Valley|WS|577.1166667,WS,577.1166666666667,Lagging Darcy no-leakage,0.30390137363801273,0.0038229915740673,0.17416779015246725
Lovelock Valley,Lovelock Valley|WS|577.1166667,WS,577.1166666666667,Lagging Darcy with leakage,0.03768320138843172,0.0038926581833231,0.17391867251493798
Lovelock Valley,Lovelock Valley|WS|589.1166667,WS,589.1166666666667,Theis confined,0.5878504059951236,0.0030384024684265,0.2462477128749394
Lovelock Valley,Lovelock Valley|WS|589.1166667,WS,589.1166666666667,Hantush-Jacob leaky,0.07056501897843197,0.0030398033375011,0.293715718150169
Lovelock Valley,Lovelock Valley|WS|589.1166667,WS,589.1166666666667,Lagging Darcy no-leakage,0.30390137363801273,0.0038132132964488,0.17416779015246725
Lovelock Valley,Lovelock Valley|WS|589.1166667,WS,589.1166666666667,Lagging Darcy with leakage,0.03768320138843172,0.0038747032926584,0.17391867251493798
Lovelock Valley,Lovelock Valley|WS|601.1166667,WS,601.1166666666667,Theis confined,0.5878504059951236,0.0029855838734574,0.2462477128749394
Lovelock Valley,Lovelock Valley|WS|601.1166667,WS,601.1166666666667,Hantush-Jacob leaky,0.07056501897843197,0.0029869265017725,0.293715718150169
Lovelock Valley,Lovelock Valley|WS|601.1166667,WS,601.1166666666667,Lagging Darcy no-leakage,0.30390137363801273,0.0038028586420832,0.17416779015246725
Lovelock Valley,Lovelock Valley|WS|601.1166667,WS,601.1166666666667,Lagging Darcy with leakage,0.03768320138843172,0.0038553570063181,0.17391867251493798
Lovelock Valley,Lovelock Valley|WS|613.1166667,WS,613.1166666666667,Theis confined,0.5878504059951236,0.0029344844035471,0.2462477128749394
Lovelock Valley,Lovelock Valley|WS|613.1166667,WS,613.1166666666667,Hantush-Jacob leaky,0.07056501897843197,0.0029357665117657,0.293715718150169
Lovelock Valley,Lovelock Valley|WS|613.1166667,WS,613.1166666666667,Lagging Darcy no-leakage,0.30390137363801273,0.0037919638013694,0.17416779015246725
Lovelock Valley,Lovelock Valley|WS|613.1166667,WS,613.1166666666667,Lagging Darcy with leakage,0.03768320138843172,0.0038346897364498,0.17391867251493798
Lovelock Valley,Lovelock Valley|WS|625.1166667,WS,625.1166666666667,Theis confined,0.5878504059951236,0.002885027966337,0.2462477128749394
Lovelock Valley,Lovelock Valley|WS|625.1166667,WS,625.1166666666667,Hantush-Jacob leaky,0.07056501897843197,0.0028862473367722,0.293715718150169
Lovelock Valley,Lovelock Valley|WS|625.1166667,WS,625.1166666666667,Lagging Darcy no-leakage,0.30390137363801273,0.0037805634408864,0.17416779015246725
Lovelock Valley,Lovelock Valley|WS|625.1166667,WS,625.1166666666667,Lagging Darcy with leakage,0.03768320138843172,0.003812771396283,0.17391867251493798
Lovelock Valley,Lovelock Valley|WS|637.1166667,WS,637.1166666666667,Theis confined,0.5878504059951236,0.0028371422258568,0.2462477128749394
Lovelock Valley,Lovelock Valley|WS|637.1166667,WS,637.1166666666667,Hantush-Jacob leaky,0.07056501897843197,0.0028382966870535,0.293715718150169
Lovelock Valley,Lovelock Valley|WS|637.1166667,WS,637.1166666666667,Lagging Darcy no-leakage,0.30390137363801273,0.0037686907247865,0.17416779015246725
Lovelock Valley,Lovelock Valley|WS|637.1166667,WS,637.1166666666667,Lagging Darcy with leakage,0.03768320138843172,0.0037896711215095,0.17391867251493798
Lovelock Valley,Lovelock Valley|WS|649.1166667,WS,649.1166666666667,Theis confined,0.5878504059951236,0.0027907584646449,0.2462477128749394
Lovelock Valley,Lovelock Valley|WS|649.1166667,WS,649.1166666666667,Hantush-Jacob leaky,0.07056501897843197,0.0027918458785891,0.293715718150169
Lovelock Valley,Lovelock Valley|WS|649.1166667,WS,649.1166666666667,Lagging Darcy no-leakage,0.30390137363801273,0.003756377342693,0.17416779015246725
Lovelock Valley,Lovelock Valley|WS|649.1166667,WS,649.1166666666667,Lagging Darcy with leakage,0.03768320138843172,0.0037654570301197,0.17391867251493798
Lovelock Valley,Lovelock Valley|WS|661.1166667,WS,661.1166666666667,Theis confined,0.5878504059951236,0.0027458114347808,0.2462477128749394
Lovelock Valley,Lovelock Valley|WS|661.1166667,WS,661.1166666666667,Hantush-Jacob leaky,0.07056501897843197,0.0027468296863507,0.293715718150169
Lovelock Valley,Lovelock Valley|WS|661.1166667,WS,661.1166666666667,Lagging Darcy no-leakage,0.30390137363801273,0.0037436535428153,0.17416779015246725
Lovelock Valley,Lovelock Valley|WS|661.1166667,WS,661.1166666666667,Lagging Darcy with leakage,0.03768320138843172,0.00374019601722,0.17391867251493798
Lovelock Valley,Lovelock Valley|WS|673.1166667,WS,673.1166666666667,Theis confined,0.5878504059951236,0.0027022392029363,0.2462477128749394
Lovelock Valley,Lovelock Valley|WS|673.1166667,WS,673.1166666666667,Hantush-Jacob leaky,0.07056501897843197,0.0027031861912679,0.293715718150169
Lovelock Valley,Lovelock Valley|WS|673.1166667,WS,673.1166666666667,Lagging Darcy no-leakage,0.30390137363801273,0.0037305481691135,0.17416779015246725
Lovelock Valley,Lovelock Valley|WS|673.1166667,WS,673.1166666666667,Lagging Darcy with leakage,0.03768320138843172,0.0037139535816544,0.17391867251493798
Lovelock Valley,Lovelock Valley|WS|685.1166667,WS,685.1166666666667,Theis confined,0.5878504059951236,0.0026599829932402,0.2462477128749394
Lovelock Valley,Lovelock Valley|WS|685.1166667,WS,685.1166666666667,Hantush-Jacob leaky,0.07056501897843197,0.0026608566247292,0.293715718150169
Lovelock Valley,Lovelock Valley|WS|685.1166667,WS,685.1166666666667,Lagging Darcy no-leakage,0.30390137363801273,0.0037170887016018,0.17416779015246725
Lovelock Valley,Lovelock Valley|WS|685.1166667,WS,685.1166666666667,Lagging Darcy with leakage,0.03768320138843172,0.0036867936813624,0.17391867251493798
Lovelock Valley,Lovelock Valley|WS|697.1166667,WS,697.1166666666667,Theis confined,0.5878504059951236,0.002618987030753,0.2462477128749394
Lovelock Valley,Lovelock Valley|WS|697.1166667,WS,697.1166666666667,Hantush-Jacob leaky,0.07056501897843197,0.0026197852134534,0.293715718150169
Lovelock Valley,Lovelock Valley|WS|697.1166667,WS,697.1166666666667,Lagging Darcy no-leakage,0.30390137363801273,0.0037033012988979,0.17416779015246725
Lovelock Valley,Lovelock Valley|WS|697.1166667,WS,697.1166666666667,Lagging Darcy with leakage,0.03768320138843172,0.0036587786144936,0.17391867251493798
Lovelock Valley,Lovelock Valley|WS|709.1166667,WS,709.1166666666667,Theis confined,0.5878504059951236,0.0025791983875766,0.2462477128749394
Lovelock Valley,Lovelock Valley|WS|709.1166667,WS,709.1166666666667,Hantush-Jacob leaky,0.07056501897843197,0.002579919026793,0.293715718150169
Lovelock Valley,Lovelock Valley|WS|709.1166667,WS,709.1166666666667,Lagging Darcy no-leakage,0.30390137363801273,0.0036892108424274,0.17416779015246725
Lovelock Valley,Lovelock Valley|WS|709.1166667,WS,709.1166666666667,Lagging Darcy with leakage,0.03768320138843172,0.0036299689237826,0.17391867251493798
Lovelock Valley,Lovelock Valley|WS|721.1166667,WS,721.1166666666667,Theis confined,0.5878504059951236,0.0025405668330408,0.2462477128749394
Lovelock Valley,Lovelock Valley|WS|721.1166667,WS,721.1166666666667,Hantush-Jacob leaky,0.07056501897843197,0.0025412078279393,0.293715718150169
Lovelock Valley,Lovelock Valley|WS|721.1166667,WS,721.1166666666667,Lagging Darcy no-leakage,0.30390137363801273,0.003674840981597,0.17416779015246725
Lovelock Valley,Lovelock Valley|WS|721.1166667,WS,721.1166666666667,Lagging Darcy with leakage,0.03768320138843172,0.003600423321503,0.17391867251493798
Lovelock Valley,Lovelock Valley|WS|733.1166667,WS,733.1166666666667,Theis confined,0.5878504059951236,0.002503044688961,0.2462477128749394
Lovelock Valley,Lovelock Valley|WS|733.1166667,WS,733.1166666666667,Hantush-Jacob leaky,0.07056501897843197,0.002503603930047,0.293715718150169
Lovelock Valley,Lovelock Valley|WS|733.1166667,WS,733.1166666666667,Lagging Darcy no-leakage,0.30390137363801273,0.0036602141795595,0.17416779015246725
Lovelock Valley,Lovelock Valley|WS|733.1166667,WS,733.1166666666667,Lagging Darcy with leakage,0.03768320138843172,0.0035701986328458,0.17391867251493798
Lovelock Valley,Lovelock Valley|WS|745.1166667,WS,745.1166666666667,Theis confined,0.5878504059951236,0.002466586690618,0.2462477128749394
Lovelock Valley,Lovelock Valley|WS|745.1166667,WS,745.1166666666667,Hantush-Jacob leaky,0.07056501897843197,0.0024670620579536,0.293715718150169
Lovelock Valley,Lovelock Valley|WS|745.1166667,WS,745.1166666666667,Lagging Darcy no-leakage,0.30390137363801273,0.0036453517590585,0.17416779015246725
Lovelock Valley,Lovelock Valley|WS|745.1166667,WS,745.1166666666667,Lagging Darcy with leakage,0.03768320138843172,0.0035393497556065,0.17391867251493798
Lovelock Valley,Lovelock Valley|WS|757.1166667,WS,757.1166666666667,Theis confined,0.5878504059951236,0.0024311498538591,0.2462477128749394
Lovelock Valley,Lovelock Valley|WS|757.1166667,WS,757.1166666666667,Hantush-Jacob leaky,0.07056501897843197,0.0024315392159064,0.293715718150169
Lovelock Valley,Lovelock Valley|WS|757.1166667,WS,757.1166666666667,Lagging Darcy no-leakage,0.30390137363801273,0.0036302739480911,0.17416779015246725
Lovelock Valley,Lovelock Valley|WS|757.1166667,WS,757.1166666666667,Lagging Darcy with leakage,0.03768320138843172,0.0035079296341844,0.17391867251493798
Lovelock Valley,Lovelock Valley|WS|769.1166667,WS,769.1166666666666,Theis confined,0.5878504059951236,0.0023966933485195,0.2462477128749394
Lovelock Valley,Lovelock Valley|WS|769.1166667,WS,769.1166666666666,Hantush-Jacob leaky,0.07056501897843197,0.0023969945615142,0.293715718150169
Lovelock Valley,Lovelock Valley|WS|769.1166667,WS,769.1166666666666,Lagging Darcy no-leakage,0.30390137363801273,0.0036149999250934,0.17416779015246725
Lovelock Valley,Lovelock Valley|WS|769.1166667,WS,769.1166666666666,Lagging Darcy with leakage,0.03768320138843172,0.0034759892462333,0.17391867251493798
Lovelock Valley,Lovelock Valley|WS|781.1166667,WS,781.1166666666666,Theis confined,0.5878504059951236,0.0023631783782225,0.2462477128749394
Lovelock Valley,Lovelock Valley|WS|781.1166667,WS,781.1166666666666,Hantush-Jacob leaky,0.07056501897843197,0.0023633892859955,0.293715718150169
Lovelock Valley,Lovelock Valley|WS|781.1166667,WS,781.1166666666666,Lagging Darcy no-leakage,0.30390137363801273,0.0035995478634246,0.17416779015246725
Lovelock Valley,Lovelock Valley|WS|781.1166667,WS,781.1166666666666,Lagging Darcy with leakage,0.03768320138843172,0.0034435776003222,0.17391867251493798
Lovelock Valley,Lovelock Valley|WS|793.1166667,WS,793.1166666666666,Theis confined,0.5878504059951236,0.002330568066509,0.2462477128749394
Lovelock Valley,Lovelock Valley|WS|793.1166667,WS,793.1166666666666,Hantush-Jacob leaky,0.07056501897843197,0.0023306865006821,0.293715718150169
Lovelock Valley,Lovelock Valley|WS|793.1166667,WS,793.1166666666666,Lagging Darcy no-leakage,0.30390137363801273,0.0035839349749352,0.17416779015246725
Lovelock Valley,Lovelock Valley|WS|793.1166667,WS,793.1166666666666,Lagging Darcy with leakage,0.03768320138843172,0.0034107417432203,0.17391867251493798
Lovelock Valley,Lovelock Valley|WS|805.1166667,WS,805.1166666666666,Theis confined,0.5878504059951236,0.0022988273491692,0.2462477128749394
Lovelock Valley,Lovelock Valley|WS|805.1166667,WS,805.1166666666666,Hantush-Jacob leaky,0.07056501897843197,0.0022988511296643,0.293715718150169
Lovelock Valley,Lovelock Valley|WS|805.1166667,WS,805.1166666666666,Lagging Darcy no-leakage,0.30390137363801273,0.0035681775525397,0.17416779015246725
Lovelock Valley,Lovelock Valley|WS|805.1166667,WS,805.1166666666666,Lagging Darcy with leakage,0.03768320138843172,0.0033775267754102,0.17391867251493798
Lovelock Valley,Lovelock Valley|WS|817.1166667,WS,817.1166666666666,Theis confined,0.5878504059951236,0.0022679228725943,0.2462477128749394
Lovelock Valley,Lovelock Valley|WS|817.1166667,WS,817.1166666666666,Hantush-Jacob leaky,0.07056501897843197,0.0022678498084008,0.293715718150169
Lovelock Valley,Lovelock Valley|WS|817.1166667,WS,817.1166666666666,Lagging Darcy no-leakage,0.30390137363801273,0.0035522910116446,0.17416779015246725
Lovelock Valley,Lovelock Valley|WS|817.1166667,WS,817.1166666666666,Lagging Darcy with leakage,0.03768320138843172,0.0033439758737592,0.17391867251493798
Lovelock Valley,Lovelock Valley|WD|1.116666667,WD,1.116666666666665,Theis confined,0.2591119439650817,1.5382344545207038e-48,0.2462477128749394
Lovelock Valley,Lovelock Valley|WD|1.116666667,WD,1.116666666666665,Hantush-Jacob leaky,0.031097370776893087,1.2979808900564776e-48,0.293715718150169
Lovelock Valley,Lovelock Valley|WD|1.116666667,WD,1.116666666666665,Lagging Darcy no-leakage,0.6014572294773995,5.3329322302076696e-08,0.17416779015246725
Lovelock Valley,Lovelock Valley|WD|1.116666667,WD,1.116666666666665,Lagging Darcy with leakage,0.10833345578062586,1.9292686495890848e-10,0.17391867251493798
Lovelock Valley,Lovelock Valley|WD|13.11666667,WD,13.116666666666665,Theis confined,0.2591119439650817,3.663149816431015e-07,0.2462477128749394
Lovelock Valley,Lovelock Valley|WD|13.11666667,WD,13.116666666666665,Hantush-Jacob leaky,0.031097370776893087,3.609641847104987e-07,0.293715718150169
Lovelock Valley,Lovelock Valley|WD|13.11666667,WD,13.116666666666665,Lagging Darcy no-leakage,0.6014572294773995,-2.1426085563392778e-05,0.17416779015246725
Lovelock Valley,Lovelock Valley|WD|13.11666667,WD,13.116666666666665,Lagging Darcy with leakage,0.10833345578062586,-0.0001020373933167,0.17391867251493798
Lovelock Valley,Lovelock Valley|WD|25.11666667,WD,25.11666666666666,Theis confined,0.2591119439650817,4.052513977908747e-05,0.2462477128749394
Lovelock Valley,Lovelock Valley|WD|25.11666667,WD,25.11666666666666,Hantush-Jacob leaky,0.031097370776893087,4.021262270618973e-05,0.293715718150169
Lovelock Valley,Lovelock Valley|WD|25.11666667,WD,25.11666666666666,Lagging Darcy no-leakage,0.6014572294773995,0.0006926966919373,0.17416779015246725
Lovelock Valley,Lovelock Valley|WD|25.11666667,WD,25.11666666666666,Lagging Darcy with leakage,0.10833345578062586,6.906978260977814e-05,0.17391867251493798
Lovelock Valley,Lovelock Valley|WD|37.11666667,WD,37.11666666666666,Theis confined,0.2591119439650817,0.0002420012598769,0.2462477128749394
Lovelock Valley,Lovelock Valley|WD|37.11666667,WD,37.11666666666666,Hantush-Jacob leaky,0.031097370776893087,0.0002407352785849,0.293715718150169
Lovelock Valley,Lovelock Valley|WD|37.11666667,WD,37.11666666666666,Lagging Darcy no-leakage,0.6014572294773995,0.0017750057358687,0.17416779015246725
Lovelock Valley,Lovelock Valley|WD|37.11666667,WD,37.11666666666666,Lagging Darcy with leakage,0.10833345578062586,0.0011760427041285,0.17391867251493798
Lovelock Valley,Lovelock Valley|WD|49.11666667,WD,49.116666666666674,Theis confined,0.2591119439650817,0.0006389871293919,0.2462477128749394
Lovelock Valley,Lovelock Valley|WD|49.11666667,WD,49.116666666666674,Hantush-Jacob leaky,0.031097370776893087,0.0006364672000472,0.293715718150169
Lovelock Valley,Lovelock Valley|WD|49.11666667,WD,49.116666666666674,Lagging Darcy no-leakage,0.6014572294773995,0.0027890064471818,0.17416779015246725
Lovelock Valley,Lovelock Valley|WD|49.11666667,WD,49.116666666666674,Lagging Darcy with leakage,0.10833345578062586,0.0023920165134009,0.17391867251493798
Lovelock Valley,Lovelock Valley|WD|61.11666667,WD,61.116666666666674,Theis confined,0.2591119439650817,0.0011901913227628,0.2462477128749394
Lovelock Valley,Lovelock Valley|WD|61.11666667,WD,61.116666666666674,Hantush-Jacob leaky,0.031097370776893087,0.0011864413624389,0.293715718150169
Lovelock Valley,Lovelock Valley|WD|61.11666667,WD,61.116666666666674,Lagging Darcy no-leakage,0.6014572294773995,0.0036575447395557,0.17416779015246725
Lovelock Valley,Lovelock Valley|WD|61.11666667,WD,61.116666666666674,Lagging Darcy with leakage,0.10833345578062586,0.0034202378358307,0.17391867251493798
Lovelock Valley,Lovelock Valley|WD|73.11666667,WD,73.11666666666667,Theis confined,0.2591119439650817,0.0018450110477107,0.2462477128749394
Lovelock Valley,Lovelock Valley|WD|73.11666667,WD,73.11666666666667,Hantush-Jacob leaky,0.031097370776893087,0.0018401933687904,0.293715718150169
Lovelock Valley,Lovelock Valley|WD|73.11666667,WD,73.11666666666667,Lagging Darcy no-leakage,0.6014572294773995,0.0044014850360486,0.17416779015246725
Lovelock Valley,Lovelock Valley|WD|73.11666667,WD,73.11666666666667,Lagging Darcy with leakage,0.10833345578062586,0.0042563907853958,0.17391867251493798
Lovelock Valley,Lovelock Valley|WD|85.11666667,WD,85.11666666666667,Theis confined,0.2591119439650817,0.0025634263249141,0.2462477128749394
Lovelock Valley,Lovelock Valley|WD|85.11666667,WD,85.11666666666667,Hantush-Jacob leaky,0.031097370776893087,0.0025577377264372,0.293715718150169
Lovelock Valley,Lovelock Valley|WD|85.11666667,WD,85.11666666666667,Lagging Darcy no-leakage,0.6014572294773995,0.0050548034521372,0.17416779015246725
Lovelock Valley,Lovelock Valley|WD|85.11666667,WD,85.11666666666667,Lagging Darcy with leakage,0.10833345578062586,0.0049537727505246,0.17391867251493798
Lovelock Valley,Lovelock Valley|WD|97.11666667,WD,97.11666666666666,Theis confined,0.2591119439650817,0.0033172540654508,0.2462477128749394
Lovelock Valley,Lovelock Valley|WD|97.11666667,WD,97.11666666666666,Hantush-Jacob leaky,0.031097370776893087,0.0033108826976558,0.293715718150169
Lovelock Valley,Lovelock Valley|WD|97.11666667,WD,97.11666666666666,Lagging Darcy no-leakage,0.6014572294773995,0.0056455717012634,0.17416779015246725
Lovelock Valley,Lovelock Valley|WD|97.11666667,WD,97.11666666666666,Lagging Darcy with leakage,0.10833345578062586,0.0055602914971789,0.17391867251493798
Lovelock Valley,Lovelock Valley|WD|109.1166667,WD,109.11666666666666,Theis confined,0.2591119439650817,0.0040874383404143,0.2462477128749394
Lovelock Valley,Lovelock Valley|WD|109.1166667,WD,109.11666666666666,Hantush-Jacob leaky,0.031097370776893087,0.0040805491961764,0.293715718150169
Lovelock Valley,Lovelock Valley|WD|109.1166667,WD,109.11666666666666,Lagging Darcy no-leakage,0.6014572294773995,0.0061939668624575,0.17416779015246725
Lovelock Valley,Lovelock Valley|WD|109.1166667,WD,109.11666666666666,Lagging Darcy with leakage,0.10833345578062586,0.0061094389489785,0.17391867251493798
Lovelock Valley,Lovelock Valley|WD|121.1166667,WD,121.11666666666666,Theis confined,0.2591119439650817,0.0048613111415581,0.2462477128749394
Lovelock Valley,Lovelock Valley|WD|121.1166667,WD,121.11666666666666,Hantush-Jacob leaky,0.031097370776893087,0.0048540434481218,0.293715718150169
Lovelock Valley,Lovelock Valley|WD|121.1166667,WD,121.11666666666666,Lagging Darcy no-leakage,0.6014572294773995,0.0067138640935795,0.17416779015246725
Lovelock Valley,Lovelock Valley|WD|121.1166667,WD,121.11666666666666,Lagging Darcy with leakage,0.10833345578062586,0.0066229997940733,0.17391867251493798
Lovelock Valley,Lovelock Valley|WD|133.1166667,WD,133.11666666666667,Theis confined,0.2591119439650817,0.0056305400882652,0.2462477128749394
Lovelock Valley,Lovelock Valley|WD|133.1166667,WD,133.11666666666667,Hantush-Jacob leaky,0.031097370776893087,0.0056230091803274,0.293715718150169
Lovelock Valley,Lovelock Valley|WD|133.1166667,WD,133.11666666666667,Lagging Darcy no-leakage,0.6014572294773995,0.0072146807193992,0.17416779015246725
Lovelock Valley,Lovelock Valley|WD|133.1166667,WD,133.11666666666667,Lagging Darcy with leakage,0.10833345578062586,0.0071148479549379,0.17391867251493798
Lovelock Valley,Lovelock Valley|WD|145.1166667,WD,145.11666666666667,Theis confined,0.2591119439650817,0.0063897125779933,0.2462477128749394
Lovelock Valley,Lovelock Valley|WD|145.1166667,WD,145.11666666666667,Hantush-Jacob leaky,0.031097370776893087,0.0063820131368386,0.293715718150169
Lovelock Valley,Lovelock Valley|WD|145.1166667,WD,145.11666666666667,Lagging Darcy no-leakage,0.6014572294773995,0.0077028025127937,0.17416779015246725
Lovelock Valley,Lovelock Valley|WD|145.1166667,WD,145.11666666666667,Lagging Darcy with leakage,0.10833345578062586,0.0075938009627434,0.17391867251493798
Lovelock Valley,Lovelock Valley|WD|157.1166667,WD,157.11666666666667,Theis confined,0.2591119439650817,0.0071351488493211,0.2462477128749394
Lovelock Valley,Lovelock Valley|WD|157.1166667,WD,157.11666666666667,Hantush-Jacob leaky,0.031097370776893087,0.0071273618508407,0.293715718150169
Lovelock Valley,Lovelock Valley|WD|157.1166667,WD,157.11666666666667,Lagging Darcy no-leakage,0.6014572294773995,0.0082145628936217,0.17416779015246725
Lovelock Valley,Lovelock Valley|WD|157.1166667,WD,157.11666666666667,Lagging Darcy with leakage,0.10833345578062586,0.0081497275667422,0.17391867251493798
Lovelock Valley,Lovelock Valley|WD|169.1166667,WD,169.11666666666667,Theis confined,0.2591119439650817,0.0078297674556156,0.2462477128749394
Lovelock Valley,Lovelock Valley|WD|169.1166667,WD,169.11666666666667,Hantush-Jacob leaky,0.031097370776893087,0.0078222303965876,0.293715718150169
Lovelock Valley,Lovelock Valley|WD|169.1166667,WD,169.11666666666667,Lagging Darcy no-leakage,0.6014572294773995,0.0080135332405355,0.17416779015246725
Lovelock Valley,Lovelock Valley|WD|169.1166667,WD,169.11666666666667,Lagging Darcy with leakage,0.10833345578062586,0.0085017824471497,0.17391867251493798
Lovelock Valley,Lovelock Valley|WD|181.1166667,WD,181.11666666666667,Theis confined,0.2591119439650817,0.0083511602807075,0.2462477128749394
Lovelock Valley,Lovelock Valley|WD|181.1166667,WD,181.11666666666667,Hantush-Jacob leaky,0.031097370776893087,0.0083445742515504,0.293715718150169
Lovelock Valley,Lovelock Valley|WD|181.1166667,WD,181.11666666666667,Lagging Darcy no-leakage,0.6014572294773995,0.0074055615621589,0.17416779015246725
Lovelock Valley,Lovelock Valley|WD|181.1166667,WD,181.11666666666667,Lagging Darcy with leakage,0.10833345578062586,0.007885273901014,0.17391867251493798
Lovelock Valley,Lovelock Valley|WD|193.1166667,WD,193.11666666666667,Theis confined,0.2591119439650817,0.0086587878878889,0.2462477128749394
Lovelock Valley,Lovelock Valley|WD|193.1166667,WD,193.11666666666667,Hantush-Jacob leaky,0.031097370776893087,0.0086535156674862,0.293715718150169
Lovelock Valley,Lovelock Valley|WD|193.1166667,WD,193.11666666666667,Lagging Darcy no-leakage,0.6014572294773995,0.0068541149647518,0.17416779015246725
Lovelock Valley,Lovelock Valley|WD|193.1166667,WD,193.11666666666667,Lagging Darcy with leakage,0.10833345578062586,0.0071306475912332,0.17391867251493798
Lovelock Valley,Lovelock Valley|WD|205.1166667,WD,205.11666666666667,Theis confined,0.2591119439650817,0.008792064627416,0.2462477128749394
Lovelock Valley,Lovelock Valley|WD|205.1166667,WD,205.11666666666667,Hantush-Jacob leaky,0.031097370776893087,0.0087881272623354,0.293715718150169
Lovelock Valley,Lovelock Valley|WD|205.1166667,WD,205.11666666666667,Lagging Darcy no-leakage,0.6014572294773995,0.0064468945783344,0.17416779015246725
Lovelock Valley,Lovelock Valley|WD|205.1166667,WD,205.11666666666667,Lagging Darcy with leakage,0.10833345578062586,0.0065603187742882,0.17391867251493798
Lovelock Valley,Lovelock Valley|WD|217.1166667,WD,217.11666666666667,Theis confined,0.2591119439650817,0.0088019641011535,0.2462477128749394
Lovelock Valley,Lovelock Valley|WD|217.1166667,WD,217.11666666666667,Hantush-Jacob leaky,0.031097370776893087,0.0087992305276136,0.293715718150169
Lovelock Valley,Lovelock Valley|WD|217.1166667,WD,217.11666666666667,Lagging Darcy no-leakage,0.6014572294773995,0.0061655865204329,0.17416779015246725
Lovelock Valley,Lovelock Valley|WD|217.1166667,WD,217.11666666666667,Lagging Darcy with leakage,0.10833345578062586,0.0061859095779529,0.17391867251493798
Lovelock Valley,Lovelock Valley|WD|229.1166667,WD,229.11666666666667,Theis confined,0.2591119439650817,0.008729406260538,0.2462477128749394
Lovelock Valley,Lovelock Valley|WD|229.1166667,WD,229.11666666666667,Hantush-Jacob leaky,0.031097370776893087,0.008727702315546,0.293715718150169
Lovelock Valley,Lovelock Valley|WD|229.1166667,WD,229.11666666666667,Lagging Darcy no-leakage,0.6014572294773995,0.0059766076277093,0.17416779015246725
Lovelock Valley,Lovelock Valley|WD|229.1166667,WD,229.11666666666667,Lagging Darcy with leakage,0.10833345578062586,0.005955048944745,0.17391867251493798
Lovelock Valley,Lovelock Valley|WD|241.1166667,WD,241.11666666666667,Theis confined,0.2591119439650817,0.0086035086205459,0.2462477128749394
Lovelock Valley,Lovelock Valley|WD|241.1166667,WD,241.11666666666667,Hantush-Jacob leaky,0.031097370776893087,0.0086026631739423,0.293715718150169
Lovelock Valley,Lovelock Valley|WD|241.1166667,WD,241.11666666666667,Lagging Darcy no-leakage,0.6014572294773995,0.0058517842033935,0.17416779015246725
Lovelock Valley,Lovelock Valley|WD|241.1166667,WD,241.11666666666667,Lagging Darcy with leakage,0.10833345578062586,0.0058193516355083,0.17391867251493798
Lovelock Valley,Lovelock Valley|WD|253.1166667,WD,253.11666666666667,Theis confined,0.2591119439650817,0.008444194129509,0.2462477128749394
Lovelock Valley,Lovelock Valley|WD|253.1166667,WD,253.11666666666667,Hantush-Jacob leaky,0.031097370776893087,0.0084440552386497,0.293715718150169
Lovelock Valley,Lovelock Valley|WD|253.1166667,WD,253.11666666666667,Lagging Darcy no-leakage,0.6014572294773995,0.005770761613703,0.17416779015246725
Lovelock Valley,Lovelock Valley|WD|253.1166667,WD,253.11666666666667,Lagging Darcy with leakage,0.10833345578062586,0.0057447162032097,0.17391867251493798
Lovelock Valley,Lovelock Valley|WD|265.1166667,WD,265.1166666666667,Theis confined,0.2591119439650817,0.0082649252430941,0.2462477128749394
Lovelock Valley,Lovelock Valley|WD|265.1166667,WD,265.1166666666667,Hantush-Jacob leaky,0.031097370776893087,0.0082653637229977,0.293715718150169
Lovelock Valley,Lovelock Valley|WD|265.1166667,WD,265.1166666666667,Lagging Darcy no-leakage,0.6014572294773995,0.0057195018302061,0.17416779015246725
Lovelock Valley,Lovelock Valley|WD|265.1166667,WD,265.1166666666667,Lagging Darcy with leakage,0.10833345578062586,0.005708851889536,0.17391867251493798
Lovelock Valley,Lovelock Valley|WD|277.1166667,WD,277.1166666666667,Theis confined,0.2591119439650817,0.008074768467593,0.2462477128749394
Lovelock Valley,Lovelock Valley|WD|277.1166667,WD,277.1166666666667,Hantush-Jacob leaky,0.031097370776893087,0.0080756766340478,0.293715718150169
Lovelock Valley,Lovelock Valley|WD|277.1166667,WD,277.1166666666667,Lagging Darcy no-leakage,0.6014572294773995,0.005688448481965,0.17416779015246725
Lovelock Valley,Lovelock Valley|WD|277.1166667,WD,277.1166666666667,Lagging Darcy with leakage,0.10833345578062586,0.0056974818979035,0.17391867251493798
Lovelock Valley,Lovelock Valley|WD|289.1166667,WD,289.1166666666667,Theis confined,0.2591119439650817,0.0078798217009634,0.2462477128749394
Lovelock Valley,Lovelock Valley|WD|289.1166667,WD,289.1166666666667,Hantush-Jacob leaky,0.031097370776893087,0.0078811105611357,0.293715718150169
Lovelock Valley,Lovelock Valley|WD|289.1166667,WD,289.1166666666667,Lagging Darcy no-leakage,0.6014572294773995,0.0056710934778605,0.17416779015246725
Lovelock Valley,Lovelock Valley|WD|289.1166667,WD,289.1166666666667,Lagging Darcy with leakage,0.10833345578062586,0.00570145324885,0.17391867251493798
Lovelock Valley,Lovelock Valley|WD|301.1166667,WD,301.1166666666667,Theis confined,0.2591119439650817,0.0076841742045255,0.2462477128749394
Lovelock Valley,Lovelock Valley|WD|301.1166667,WD,301.1166666666667,Hantush-Jacob leaky,0.031097370776893087,0.0076857704176565,0.293715718150169
Lovelock Valley,Lovelock Valley|WD|301.1166667,WD,301.1166666666667,Lagging Darcy no-leakage,0.6014572294773995,0.0056629772996229,0.17416779015246725
Lovelock Valley,Lovelock Valley|WD|301.1166667,WD,301.1166666666667,Lagging Darcy with leakage,0.10833345578062586,0.005714835913619,0.17391867251493798
Lovelock Valley,Lovelock Valley|WD|313.1166667,WD,313.1166666666667,Theis confined,0.2591119439650817,0.0074905486988989,0.2462477128749394
Lovelock Valley,Lovelock Valley|WD|313.1166667,WD,313.1166666666667,Hantush-Jacob leaky,0.031097370776893087,0.0074923917978203,0.293715718150169
Lovelock Valley,Lovelock Valley|WD|313.1166667,WD,313.1166666666667,Lagging Darcy no-leakage,0.6014572294773995,0.0056610182347034,0.17416779015246725
Lovelock Valley,Lovelock Valley|WD|313.1166667,WD,313.1166666666667,Lagging Darcy with leakage,0.10833345578062586,0.0057337300281859,0.17391867251493798
Lovelock Valley,Lovelock Valley|WD|325.1166667,WD,325.1166666666667,Theis confined,0.2591119439650817,0.0073007323956674,0.2462477128749394
Lovelock Valley,Lovelock Valley|WD|325.1166667,WD,325.1166666666667,Hantush-Jacob leaky,0.031097370776893087,0.0073027724123207,0.293715718150169
Lovelock Valley,Lovelock Valley|WD|325.1166667,WD,325.1166666666667,Lagging Darcy no-leakage,0.6014572294773995,0.0056630674924643,0.17416779015246725
Lovelock Valley,Lovelock Valley|WD|325.1166667,WD,325.1166666666667,Lagging Darcy with leakage,0.10833345578062586,0.0057555272205406,0.17391867251493798
Lovelock Valley,Lovelock Valley|WD|337.1166667,WD,337.1166666666667,Theis confined,0.2591119439650817,0.007115868491034,0.2462477128749394
Lovelock Valley,Lovelock Valley|WD|337.1166667,WD,337.1166666666667,Hantush-Jacob leaky,0.031097370776893087,0.0071180639901899,0.293715718150169
Lovelock Valley,Lovelock Valley|WD|337.1166667,WD,337.1166666666667,Lagging Darcy no-leakage,0.6014572294773995,0.0056676140262307,0.17416779015246725
Lovelock Valley,Lovelock Valley|WD|337.1166667,WD,337.1166666666667,Lagging Darcy with leakage,0.10833345578062586,0.0057784526019151,0.17391867251493798
Lovelock Valley,Lovelock Valley|WD|349.1166667,WD,349.1166666666667,Theis confined,0.2591119439650817,0.0069366550195465,0.2462477128749394
Lovelock Valley,Lovelock Valley|WD|349.1166667,WD,349.1166666666667,Hantush-Jacob leaky,0.031097370776893087,0.0069389714951882,0.293715718150169
Lovelock Valley,Lovelock Valley|WD|349.1166667,WD,349.1166666666667,Lagging Darcy no-leakage,0.6014572294773995,0.0056735874801302,0.17416779015246725
Lovelock Valley,Lovelock Valley|WD|349.1166667,WD,349.1166666666667,Lagging Darcy with leakage,0.10833345578062586,0.0058012784809423,0.17391867251493798
Lovelock Valley,Lovelock Valley|WD|361.1166667,WD,361.1166666666667,Theis confined,0.2591119439650817,0.0067634817100971,0.2462477128749394
Lovelock Valley,Lovelock Valley|WD|361.1166667,WD,361.1166666666667,Hantush-Jacob leaky,0.031097370776893087,0.0067658902865724,0.293715718150169
Lovelock Valley,Lovelock Valley|WD|361.1166667,WD,361.1166666666667,Lagging Darcy no-leakage,0.6014572294773995,0.0056802254522029,0.17416779015246725
Lovelock Valley,Lovelock Valley|WD|361.1166667,WD,361.1166666666667,Lagging Darcy with leakage,0.10833345578062586,0.0058231433303655,0.17391867251493798
Lovelock Valley,Lovelock Valley|WD|373.1166667,WD,373.1166666666667,Theis confined,0.2591119439650817,0.0065965249538111,0.2462477128749394
Lovelock Valley,Lovelock Valley|WD|373.1166667,WD,373.1166666666667,Hantush-Jacob leaky,0.031097370776893087,0.0065990013362698,0.293715718150169
Lovelock Valley,Lovelock Valley|WD|373.1166667,WD,373.1166666666667,Lagging Darcy no-leakage,0.6014572294773995,0.0056869831457257,0.17416779015246725
Lovelock Valley,Lovelock Valley|WD|373.1166667,WD,373.1166666666667,Lagging Darcy with leakage,0.10833345578062586,0.0058434357432581,0.17391867251493798
Lovelock Valley,Lovelock Valley|WD|385.1166667,WD,385.1166666666667,Theis confined,0.2591119439650817,0.0064358141886366,0.2462477128749394
Lovelock Valley,Lovelock Valley|WD|385.1166667,WD,385.1166666666667,Hantush-Jacob leaky,0.031097370776893087,0.0064383378146659,0.293715718150169
Lovelock Valley,Lovelock Valley|WD|385.1166667,WD,385.1166666666667,Lagging Darcy no-leakage,0.6014572294773995,0.0056934711899076,0.17416779015246725
Lovelock Valley,Lovelock Valley|WD|385.1166667,WD,385.1166666666667,Lagging Darcy with leakage,0.10833345578062586,0.005861718926589,0.17391867251493798
Lovelock Valley,Lovelock Valley|WD|397.1166667,WD,397.1166666666667,Theis confined,0.2591119439650817,0.0062812785893452,0.2462477128749394
Lovelock Valley,Lovelock Valley|WD|397.1166667,WD,397.1166666666667,Hantush-Jacob leaky,0.031097370776893087,0.006283831942028,0.293715718150169
Lovelock Valley,Lovelock Valley|WD|397.1166667,WD,397.1166666666667,Lagging Darcy no-leakage,0.6014572294773995,0.0056994123636743,0.17416779015246725
Lovelock Valley,Lovelock Valley|WD|397.1166667,WD,397.1166666666667,Lagging Darcy with leakage,0.10833345578062586,0.0058776807714006,0.17391867251493798
Lovelock Valley,Lovelock Valley|WD|409.1166667,WD,409.1166666666667,Theis confined,0.2591119439650817,0.0061327800626903,0.2462477128749394
Lovelock Valley,Lovelock Valley|WD|409.1166667,WD,409.1166666666667,Hantush-Jacob leaky,0.031097370776893087,0.0061353481129491,0.293715718150169
Lovelock Valley,Lovelock Valley|WD|409.1166667,WD,409.1166666666667,Lagging Darcy no-leakage,0.6014572294773995,0.0057046111372643,0.17416779015246725
Lovelock Valley,Lovelock Valley|WD|409.1166667,WD,409.1166666666667,Lagging Darcy with leakage,0.10833345578062586,0.0058911002571105,0.17391867251493798
Lovelock Valley,Lovelock Valley|WD|421.1166667,WD,421.1166666666667,Theis confined,0.2591119439650817,0.0059901366391676,0.2462477128749394
Lovelock Valley,Lovelock Valley|WD|421.1166667,WD,421.1166666666667,Hantush-Jacob leaky,0.031097370776893087,0.0059927063917359,0.293715718150169
Lovelock Valley,Lovelock Valley|WD|421.1166667,WD,421.1166666666667,Lagging Darcy no-leakage,0.6014572294773995,0.0057089319984727,0.17416779015246725
Lovelock Valley,Lovelock Valley|WD|421.1166667,WD,421.1166666666667,Lagging Darcy with leakage,0.10833345578062586,0.0059018244186985,0.17391867251493798
Lovelock Valley,Lovelock Valley|WD|433.1166667,WD,433.1166666666667,Theis confined,0.2591119439650817,0.0058531390792343,0.2462477128749394
Lovelock Valley,Lovelock Valley|WD|433.1166667,WD,433.1166666666667,Hantush-Jacob leaky,0.031097370776893087,0.0058556992018841,0.293715718150169
Lovelock Valley,Lovelock Valley|WD|433.1166667,WD,433.1166666666667,Lagging Darcy no-leakage,0.6014572294773995,0.0057122838642006,0.17416779015246725
Lovelock Valley,Lovelock Valley|WD|433.1166667,WD,433.1166666666667,Lagging Darcy with leakage,0.10833345578062586,0.0059097522330473,0.17391867251493798
Lovelock Valley,Lovelock Valley|WD|445.1166667,WD,445.1166666666667,Theis confined,0.2591119439650817,0.0057215626529631,0.2462477128749394
Lovelock Valley,Lovelock Valley|WD|445.1166667,WD,445.1166666666667,Hantush-Jacob leaky,0.031097370776893087,0.0057241031728372,0.293715718150169
Lovelock Valley,Lovelock Valley|WD|445.1166667,WD,445.1166666666667,Lagging Darcy no-leakage,0.6014572294773995,0.0057146087522569,0.17416779015246725
Lovelock Valley,Lovelock Valley|WD|445.1166667,WD,445.1166666666667,Lagging Darcy with leakage,0.10833345578062586,0.0059148230989645,0.17391867251493798
Lovelock Valley,Lovelock Valley|WD|457.1166667,WD,457.1166666666667,Theis confined,0.2591119439650817,0.0055951754669789,0.2462477128749394
Lovelock Valley,Lovelock Valley|WD|457.1166667,WD,457.1166666666667,Hantush-Jacob leaky,0.031097370776893087,0.005597687521215,0.293715718150169
Lovelock Valley,Lovelock Valley|WD|457.1166667,WD,457.1166666666667,Lagging Darcy no-leakage,0.6014572294773995,0.0057158734669262,0.17416779015246725
Lovelock Valley,Lovelock Valley|WD|457.1166667,WD,457.1166666666667,Lagging Darcy with leakage,0.10833345578062586,0.0059170084103189,0.17391867251493798
Lovelock Valley,Lovelock Valley|WD|469.1166667,WD,469.1166666666667,Theis confined,0.2591119439650817,0.0054737443099702,0.2462477128749394
Lovelock Valley,Lovelock Valley|WD|469.1166667,WD,469.1166666666667,Hantush-Jacob leaky,0.031097370776893087,0.0054762199404282,0.293715718150169
Lovelock Valley,Lovelock Valley|WD|469.1166667,WD,469.1166666666667,Lagging Darcy no-leakage,0.6014572294773995,0.0057160634383025,0.17416779015246725
Lovelock Valley,Lovelock Valley|WD|469.1166667,WD,469.1166666666667,Lagging Darcy with leakage,0.10833345578062586,0.0059163052439072,0.17391867251493798
Lovelock Valley,Lovelock Valley|WD|481.1166667,WD,481.1166666666667,Theis confined,0.2591119439650817,0.005357038708545,0.2462477128749394
Lovelock Valley,Lovelock Valley|WD|481.1166667,WD,481.1166666666667,Hantush-Jacob leaky,0.031097370776893087,0.0053594706925073,0.293715718150169
Lovelock Valley,Lovelock Valley|WD|481.1166667,WD,481.1166666666667,Lagging Darcy no-leakage,0.6014572294773995,0.0057151781162079,0.17416779015246725
Lovelock Valley,Lovelock Valley|WD|481.1166667,WD,481.1166666666667,Lagging Darcy with leakage,0.10833345578062586,0.0059127315173586,0.17391867251493798
Lovelock Valley,Lovelock Valley|WD|493.1166667,WD,493.1166666666667,Theis confined,0.2591119439650817,0.0052448336893998,0.2462477128749394
Lovelock Valley,Lovelock Valley|WD|493.1166667,WD,493.1166666666667,Hantush-Jacob leaky,0.031097370776893087,0.0052472153997347,0.293715718150169
Lovelock Valley,Lovelock Valley|WD|493.1166667,WD,493.1166666666667,Lagging Darcy no-leakage,0.6014572294773995,0.0057132274971351,0.17416779015246725
Lovelock Valley,Lovelock Valley|WD|493.1166667,WD,493.1166666666667,Lagging Darcy with leakage,0.10833345578062586,0.0059063221878112,0.17391867251493798
Lovelock Valley,Lovelock Valley|WD|505.1166667,WD,505.1166666666667,Theis confined,0.2591119439650817,0.0051369116054954,0.2462477128749394
Lovelock Valley,Lovelock Valley|WD|505.1166667,WD,505.1166666666667,Hantush-Jacob leaky,0.031097370776893087,0.0051392368950461,0.293715718150169
Lovelock Valley,Lovelock Valley|WD|505.1166667,WD,505.1166666666667,Lagging Darcy no-leakage,0.6014572294773995,0.0057102294848111,0.17416779015246725
Lovelock Valley,Lovelock Valley|WD|505.1166667,WD,505.1166666666667,Lagging Darcy with leakage,0.10833345578062586,0.0058971262022896,0.17391867251493798
Lovelock Valley,Lovelock Valley|WD|517.1166667,WD,517.1166666666667,Theis confined,0.2591119439650817,0.0050330632855391,0.2462477128749394
Lovelock Valley,Lovelock Valley|WD|517.1166667,WD,517.1166666666667,Hantush-Jacob leaky,0.031097370776893087,0.0050353263915061,0.293715718150169
Lovelock Valley,Lovelock Valley|WD|517.1166667,WD,517.1166666666667,Lagging Darcy no-leakage,0.6014572294773995,0.005706207869725,0.17416779015246725
Lovelock Valley,Lovelock Valley|WD|517.1166667,WD,517.1166666666667,Lagging Darcy with leakage,0.10833345578062586,0.0058852040029905,0.17391867251493798
Lovelock Valley,Lovelock Valley|WD|529.1166667,WD,529.1166666666667,Theis confined,0.2591119439650817,0.004933088695566,0.2462477128749394
Lovelock Valley,Lovelock Valley|WD|529.1166667,WD,529.1166666666667,Hantush-Jacob leaky,0.031097370776893087,0.0049352841604495,0.293715718150169
Lovelock Valley,Lovelock Valley|WD|529.1166667,WD,529.1166666666667,Lagging Darcy no-leakage,0.6014572294773995,0.0057011907723174,0.17416779015246725
Lovelock Valley,Lovelock Valley|WD|529.1166667,WD,529.1166666666667,Lagging Darcy with leakage,0.10833345578062586,0.0058706254517149,0.17391867251493798
Lovelock Valley,Lovelock Valley|WD|541.1166667,WD,541.1166666666667,Theis confined,0.2591119439650817,0.0048367972505672,0.2462477128749394
Lovelock Valley,Lovelock Valley|WD|541.1166667,WD,541.1166666666667,Hantush-Jacob leaky,0.031097370776893087,0.0048389198568679,0.293715718150169
Lovelock Valley,Lovelock Valley|WD|541.1166667,WD,541.1166666666667,Lagging Darcy no-leakage,0.6014572294773995,0.0056952094366165,0.17416779015246725
Lovelock Valley,Lovelock Valley|WD|541.1166667,WD,541.1166666666667,Lagging Darcy with leakage,0.10833345578062586,0.0058534680785124,0.17391867251493798
Lovelock Valley,Lovelock Valley|WD|553.1166667,WD,553.1166666666667,Theis confined,0.2591119439650817,0.0047440078772234,0.2462477128749394
Lovelock Valley,Lovelock Valley|WD|553.1166667,WD,553.1166666666667,Hantush-Jacob leaky,0.031097370776893087,0.0047460525936081,0.293715718150169
Lovelock Valley,Lovelock Valley|WD|553.1166667,WD,553.1166666666667,Lagging Darcy no-leakage,0.6014572294773995,0.0056882972907752,0.17416779015246725
Lovelock Valley,Lovelock Valley|WD|553.1166667,WD,553.1166666666667,Lagging Darcy with leakage,0.10833345578062586,0.0058338155871456,0.17391867251493798
Lovelock Valley,Lovelock Valley|WD|565.1166667,WD,565.1166666666667,Theis confined,0.2591119439650817,0.0046545489019112,0.2462477128749394
Lovelock Valley,Lovelock Valley|WD|565.1166667,WD,565.1166666666667,Hantush-Jacob leaky,0.031097370776893087,0.0046565108389562,0.293715718150169
Lovelock Valley,Lovelock Valley|WD|565.1166667,WD,565.1166666666667,Lagging Darcy no-leakage,0.6014572294773995,0.005680489212649,0.17416779015246725
Lovelock Valley,Lovelock Valley|WD|565.1166667,WD,565.1166666666667,Lagging Darcy with leakage,0.10833345578062586,0.0058117565685823,0.17391867251493798
Lovelock Valley,Lovelock Valley|WD|577.1166667,WD,577.1166666666667,Theis confined,0.2591119439650817,0.0045682578184399,0.2462477128749394
Lovelock Valley,Lovelock Valley|WD|577.1166667,WD,577.1166666666667,Hantush-Jacob leaky,0.031097370776893087,0.0045701321923925,0.293715718150169
Lovelock Valley,Lovelock Valley|WD|577.1166667,WD,577.1166666666667,Lagging Darcy no-leakage,0.6014572294773995,0.0056718209540064,0.17416779015246725
Lovelock Valley,Lovelock Valley|WD|577.1166667,WD,577.1166666666667,Lagging Darcy with leakage,0.10833345578062586,0.0057873833864816,0.17391867251493798
Lovelock Valley,Lovelock Valley|WD|589.1166667,WD,589.1166666666667,Theis confined,0.2591119439650817,0.0044849809754835,0.2462477128749394
Lovelock Valley,Lovelock Valley|WD|589.1166667,WD,589.1166666666667,Hantush-Jacob leaky,0.031097370776893087,0.0044867630787486,0.293715718150169
Lovelock Valley,Lovelock Valley|WD|589.1166667,WD,589.1166666666667,Lagging Darcy no-leakage,0.6014572294773995,0.0056623286883615,0.17416779015246725
Lovelock Valley,Lovelock Valley|WD|589.1166667,WD,589.1166666666667,Lagging Darcy with leakage,0.10833345578062586,0.0057607912076996,0.17391867251493798
Lovelock Valley,Lovelock Valley|WD|601.1166667,WD,601.1166666666667,Theis confined,0.2591119439650817,0.0044045732129739,0.2462477128749394
Lovelock Valley,Lovelock Valley|WD|601.1166667,WD,601.1166666666667,Hantush-Jacob leaky,0.031097370776893087,0.0044062583902487,0.293715718150169
Lovelock Valley,Lovelock Valley|WD|601.1166667,WD,601.1166666666667,Lagging Darcy no-leakage,0.6014572294773995,0.0056520486558594,0.17416779015246725
Lovelock Valley,Lovelock Valley|WD|601.1166667,WD,601.1166666666667,Lagging Darcy with leakage,0.10833345578062586,0.0057320771567197,0.17391867251493798
Lovelock Valley,Lovelock Valley|WD|613.1166667,WD,613.1166666666667,Theis confined,0.2591119439650817,0.0043268974688001,0.2462477128749394
Lovelock Valley,Lovelock Valley|WD|613.1166667,WD,613.1166666666667,Hantush-Jacob leaky,0.031097370776893087,0.0043284810979565,0.293715718150169
Lovelock Valley,Lovelock Valley|WD|613.1166667,WD,613.1166666666667,Lagging Darcy no-leakage,0.6014572294773995,0.0056410168846909,0.17416779015246725
Lovelock Valley,Lovelock Valley|WD|613.1166667,WD,613.1166666666667,Lagging Darcy with leakage,0.10833345578062586,0.0057013395776804,0.17391867251493798
Lovelock Valley,Lovelock Valley|WD|625.1166667,WD,625.1166666666667,Theis confined,0.2591119439650817,0.0042518243712842,0.2462477128749394
Lovelock Valley,Lovelock Valley|WD|625.1166667,WD,625.1166666666667,Hantush-Jacob leaky,0.031097370776893087,0.0042533018482447,0.293715718150169
Lovelock Valley,Lovelock Valley|WD|625.1166667,WD,625.1166666666667,Lagging Darcy no-leakage,0.6014572294773995,0.0056292689733667,0.17416779015246725
Lovelock Valley,Lovelock Valley|WD|625.1166667,WD,625.1166666666667,Lagging Darcy with leakage,0.10833345578062586,0.0056686773903103,0.17391867251493798
Lovelock Valley,Lovelock Valley|WD|637.1166667,WD,637.1166666666667,Theis confined,0.2591119439650817,0.0041792318285435,0.2462477128749394
Lovelock Valley,Lovelock Valley|WD|637.1166667,WD,637.1166666666667,Hantush-Jacob leaky,0.031097370776893087,0.0041805985555149,0.293715718150169
Lovelock Valley,Lovelock Valley|WD|637.1166667,WD,637.1166666666667,Lagging Darcy no-leakage,0.6014572294773995,0.0056168399214817,0.17416779015246725
Lovelock Valley,Lovelock Valley|WD|637.1166667,WD,637.1166666666667,Lagging Darcy with leakage,0.10833345578062586,0.0056341895291253,0.17391867251493798
Lovelock Valley,Lovelock Valley|WD|649.1166667,WD,649.1166666666667,Theis confined,0.2591119439650817,0.0041090046226024,0.2462477128749394
Lovelock Valley,Lovelock Valley|WD|649.1166667,WD,649.1166666666667,Hantush-Jacob leaky,0.031097370776893087,0.0041102559991332,0.293715718150169
Lovelock Valley,Lovelock Valley|WD|649.1166667,WD,649.1166666666667,Lagging Darcy no-leakage,0.6014572294773995,0.0056037639994537,0.17416779015246725
Lovelock Valley,Lovelock Valley|WD|649.1166667,WD,649.1166666666667,Lagging Darcy with leakage,0.10833345578062586,0.0055979744561197,0.17391867251493798
Lovelock Valley,Lovelock Valley|WD|661.1166667,WD,661.1166666666667,Theis confined,0.2591119439650817,0.0040410340137147,0.2462477128749394
Lovelock Valley,Lovelock Valley|WD|661.1166667,WD,661.1166666666667,Hantush-Jacob leaky,0.031097370776893087,0.0040421654301214,0.293715718150169
Lovelock Valley,Lovelock Valley|WD|661.1166667,WD,661.1166666666667,Lagging Darcy no-leakage,0.6014572294773995,0.005590074649519,0.17416779015246725
Lovelock Valley,Lovelock Valley|WD|661.1166667,WD,661.1166666666667,Lagging Darcy with leakage,0.10833345578062586,0.0055601297391819,0.17391867251493798
Lovelock Valley,Lovelock Valley|WD|673.1166667,WD,673.1166666666667,Theis confined,0.2591119439650817,0.0039752173585651,0.2462477128749394
Lovelock Valley,Lovelock Valley|WD|673.1166667,WD,673.1166666666667,Hantush-Jacob leaky,0.031097370776893087,0.0039762241913456,0.293715718150169
Lovelock Valley,Lovelock Valley|WD|673.1166667,WD,673.1166666666667,Lagging Darcy no-leakage,0.6014572294773995,0.0055758044120898,0.17416779015246725
Lovelock Valley,Lovelock Valley|WD|673.1166667,WD,673.1166666666667,Lagging Darcy with leakage,0.10833345578062586,0.0055207516892392,0.17391867251493798
Lovelock Valley,Lovelock Valley|WD|685.1166667,WD,685.1166666666667,Theis confined,0.2591119439650817,0.0039114577447055,0.2462477128749394
Lovelock Valley,Lovelock Valley|WD|685.1166667,WD,685.1166666666667,Hantush-Jacob leaky,0.031097370776893087,0.0039123353536124,0.293715718150169
Lovelock Valley,Lovelock Valley|WD|685.1166667,WD,685.1166666666667,Lagging Darcy no-leakage,0.6014572294773995,0.0055609848725062,0.17416779015246725
Lovelock Valley,Lovelock Valley|WD|685.1166667,WD,685.1166666666667,Lagging Darcy with leakage,0.10833345578062586,0.0054799350497731,0.17391867251493798
Lovelock Valley,Lovelock Valley|WD|697.1166667,WD,697.1166666666667,Theis confined,0.2591119439650817,0.0038496636426056,0.2462477128749394
Lovelock Valley,Lovelock Valley|WD|697.1166667,WD,697.1166666666667,Hantush-Jacob leaky,0.031097370776893087,0.0038504073691026,0.293715718150169
Lovelock Valley,Lovelock Valley|WD|697.1166667,WD,697.1166666666667,Lagging Darcy no-leakage,0.6014572294773995,0.0055456466244997,0.17416779015246725
Lovelock Valley,Lovelock Valley|WD|697.1166667,WD,697.1166666666667,Lagging Darcy with leakage,0.10833345578062586,0.0054377727334086,0.17391867251493798
Lovelock Valley,Lovelock Valley|WD|709.1166667,WD,709.1166666666667,Theis confined,0.2591119439650817,0.0037897485759909,0.2462477128749394
Lovelock Valley,Lovelock Valley|WD|709.1166667,WD,709.1166666666667,Hantush-Jacob leaky,0.031097370776893087,0.0037903537428559,0.293715718150169
Lovelock Valley,Lovelock Valley|WD|709.1166667,WD,709.1166666666667,Lagging Darcy no-leakage,0.6014572294773995,0.0055298192470228,0.17416779015246725
Lovelock Valley,Lovelock Valley|WD|709.1166667,WD,709.1166666666667,Lagging Darcy with leakage,0.10833345578062586,0.0053943556005842,0.17391867251493798
Lovelock Valley,Lovelock Valley|WD|721.1166667,WD,721.1166666666667,Theis confined,0.2591119439650817,0.003731630810626,0.2462477128749394
Lovelock Valley,Lovelock Valley|WD|721.1166667,WD,721.1166666666667,Hantush-Jacob leaky,0.031097370776893087,0.0037320927224997,0.293715718150169
Lovelock Valley,Lovelock Valley|WD|721.1166667,WD,721.1166666666667,Lagging Darcy no-leakage,0.6014572294773995,0.0055135312921138,0.17416779015246725
Lovelock Valley,Lovelock Valley|WD|721.1166667,WD,721.1166666666667,Lagging Darcy with leakage,0.10833345578062586,0.0053497722758152,0.17391867251493798
Lovelock Valley,Lovelock Valley|WD|733.1166667,WD,733.1166666666667,Theis confined,0.2591119439650817,0.003675233061338,0.2462477128749394
Lovelock Valley,Lovelock Valley|WD|733.1166667,WD,733.1166666666667,Hantush-Jacob leaky,0.031097370776893087,0.0036755470060462,0.293715718150169
Lovelock Valley,Lovelock Valley|WD|733.1166667,WD,733.1166666666667,Lagging Darcy no-leakage,0.6014572294773995,0.0054968102815634,0.17416779015246725
Lovelock Valley,Lovelock Valley|WD|733.1166667,WD,733.1166666666667,Lagging Darcy with leakage,0.10833345578062586,0.0053041089976295,0.17391867251493798
Lovelock Valley,Lovelock Valley|WD|745.1166667,WD,745.1166666666667,Theis confined,0.2591119439650817,0.0036204822168175,0.2462477128749394
Lovelock Valley,Lovelock Valley|WD|745.1166667,WD,745.1166666666667,Hantush-Jacob leaky,0.031097370776893087,0.0036206434673197,0.293715718150169
Lovelock Valley,Lovelock Valley|WD|745.1166667,WD,745.1166666666667,Lagging Darcy no-leakage,0.6014572294773995,0.0054796827107905,0.17416779015246725
Lovelock Valley,Lovelock Valley|WD|745.1166667,WD,745.1166666666667,Lagging Darcy with leakage,0.10833345578062586,0.0052574494984523,0.17391867251493798
Lovelock Valley,Lovelock Valley|WD|757.1166667,WD,757.1166666666667,Theis confined,0.2591119439650817,0.0035673090815614,0.2462477128749394
Lovelock Valley,Lovelock Valley|WD|757.1166667,WD,757.1166666666667,Hantush-Jacob leaky,0.031097370776893087,0.0035673128984018,0.293715718150169
Lovelock Valley,Lovelock Valley|WD|757.1166667,WD,757.1166666666667,Lagging Darcy no-leakage,0.6014572294773995,0.0054621740584469,0.17416779015246725
Lovelock Valley,Lovelock Valley|WD|757.1166667,WD,757.1166666666667,Lagging Darcy with leakage,0.10833345578062586,0.005209874911258,0.17391867251493798
Lovelock Valley,Lovelock Valley|WD|769.1166667,WD,769.1166666666666,Theis confined,0.2591119439650817,0.0035156481342131,0.2462477128749394
Lovelock Valley,Lovelock Valley|WD|769.1166667,WD,769.1166666666666,Hantush-Jacob leaky,0.031097370776893087,0.0035154897683655,0.293715718150169
Lovelock Valley,Lovelock Valley|WD|769.1166667,WD,769.1166666666666,Lagging Darcy no-leakage,0.6014572294773995,0.0054443088006786,0.17416779015246725
Lovelock Valley,Lovelock Valley|WD|769.1166667,WD,769.1166666666666,Lagging Darcy with leakage,0.10833345578062586,0.005161463699903,0.17391867251493798
Lovelock Valley,Lovelock Valley|WD|781.1166667,WD,781.1166666666666,Theis confined,0.2591119439650817,0.0034654373014863,0.2462477128749394
Lovelock Valley,Lovelock Valley|WD|781.1166667,WD,781.1166666666666,Hantush-Jacob leaky,0.031097370776893087,0.0034651119975027,0.293715718150169
Lovelock Valley,Lovelock Valley|WD|781.1166667,WD,781.1166666666666,Lagging Darcy no-leakage,0.6014572294773995,0.0054261104290984,0.17416779015246725
Lovelock Valley,Lovelock Valley|WD|781.1166667,WD,781.1166666666666,Lagging Darcy with leakage,0.10833345578062586,0.0051122916104208,0.17391867251493798
Lovelock Valley,Lovelock Valley|WD|793.1166667,WD,793.1166666666666,Theis confined,0.2591119439650817,0.0034166177468271,0.2462477128749394
Lovelock Valley,Lovelock Valley|WD|793.1166667,WD,793.1166666666666,Hantush-Jacob leaky,0.031097370776893087,0.0034161207462126,0.293715718150169
Lovelock Valley,Lovelock Valley|WD|793.1166667,WD,793.1166666666666,Lagging Darcy no-leakage,0.6014572294773995,0.0054076014715497,0.17416779015246725
Lovelock Valley,Lovelock Valley|WD|793.1166667,WD,793.1166666666666,Lagging Darcy with leakage,0.10833345578062586,0.0050624316408892,0.17391867251493798
Lovelock Valley,Lovelock Valley|WD|805.1166667,WD,805.1166666666666,Theis confined,0.2591119439650817,0.0033691336729633,0.2462477128749394
Lovelock Valley,Lovelock Valley|WD|805.1166667,WD,805.1166666666666,Hantush-Jacob leaky,0.031097370776893087,0.0033684602177104,0.293715718150169
Lovelock Valley,Lovelock Valley|WD|805.1166667,WD,805.1166666666666,Lagging Darcy no-leakage,0.6014572294773995,0.005388803515181,0.17416779015246725
Lovelock Valley,Lovelock Valley|WD|805.1166667,WD,805.1166666666666,Lagging Darcy with leakage,0.10833345578062586,0.0050119540276299,0.17391867251493798
Lovelock Valley,Lovelock Valley|WD|817.1166667,WD,817.1166666666666,Theis confined,0.2591119439650817,0.0033229321374941,0.2462477128749394
Lovelock Valley,Lovelock Valley|WD|817.1166667,WD,817.1166666666666,Hantush-Jacob leaky,0.031097370776893087,0.0033220774737206,0.293715718150169
Lovelock Valley,Lovelock Valley|WD|817.1166667,WD,817.1166666666666,Lagging Darcy no-leakage,0.6014572294773995,0.0053697372311502,0.17416779015246725
Lovelock Valley,Lovelock Valley|WD|817.1166667,WD,817.1166666666666,Lagging Darcy with leakage,0.10833345578062586,0.0049609262456194,0.17391867251493798
