case,record_id,well,time_h,observed_m,threshold_quantile,threshold_m,observed_exceeds_threshold,no_tu_bma_mean_m,tu_aware_bma_mean_m,no_tu_bma_q05_m,no_tu_bma_q95_m,tu_aware_bma_q05_m,tu_aware_bma_q95_m,no_tu_interval_width_m,tu_aware_interval_width_m,no_tu_exceedance_probability,tu_aware_exceedance_probability,exceedance_probability_increase,allowable_pumping_overstatement,no_tu_false_safe,tu_aware_false_safe,no_tu_false_safe_regret,tu_aware_false_safe_regret
Massachusetts,Massachusetts|MW-01|0.4860936329,MW-01,0.4860936329079513,0.0049685251186085,0.9,1.6562435505849984,False,0.003930288519917431,0.004048364484938935,0.0039301031470347,0.003930103152021967,0.0029059060444984685,0.005070284385657583,4.987266676026447e-12,0.002164378341159114,0.0,0.0,0.0,1.290053989665904,False,False,0.0,0.0
Massachusetts,Massachusetts|MW-01|0.6574235778,MW-01,0.657423577795513,0.0111396390308051,0.9,1.6562435505849984,False,0.009693329683508188,0.009949429984192513,0.0096931665259844,0.009693166534927992,0.0074717302099028835,0.012108700108304019,8.943592394450306e-12,0.004636969898401135,0.0,0.0,0.0,1.2491786108240224,False,False,0.0,0.0
Massachusetts,Massachusetts|MW-01|0.7716239412,MW-01,0.7716239411926175,0.0152776408800078,0.9,1.6562435505849984,False,0.014467643938318613,0.014838089861567755,0.0144675618094526,0.014467561821019537,0.011254275694319327,0.017961607706777016,1.1566936644613612e-11,0.006707332012457689,0.0,0.0,0.0,1.241501918581531,False,False,0.0,0.0
Massachusetts,Massachusetts|MW-01|0.9612067658,MW-01,0.9612067658087852,0.0220844989712554,0.9,1.6562435505849984,False,0.023327339753819468,0.023909977595032633,0.0229028591747944,0.02332744591034857,0.01827356755184034,0.028822895886060327,0.00042458673555417076,0.010549328334219989,0.0,0.0,0.0,1.2355843482470414,False,False,0.0,0.0
Massachusetts,Massachusetts|MW-01|1.034260669,MW-01,1.0342606693873764,0.0238982177094655,0.9,1.6562435505849984,False,0.026920154968709833,0.027588841663102853,0.02615742902023878,0.02692033943854905,0.021120059386541667,0.03322740633272736,0.0007629104183102704,0.012107346946185694,0.0,0.0,0.0,1.2342947643261581,False,False,0.0,0.0
Massachusetts,Massachusetts|MW-01|1.133386427,MW-01,1.1333864274387484,0.0287336802445527,0.9,1.6562435505849984,False,0.031874942852013734,0.0326622979301791,0.030658164184322594,0.0318752319777878,0.025045603253825263,0.039301584646366614,0.0012170677934652055,0.014255981392541351,0.0,0.0,0.0,1.2329931014726099,False,False,0.0,0.0
Massachusetts,Massachusetts|MW-01|1.213905108,MW-01,1.213905107934798,0.0336503949286067,0.9,1.6562435505849984,False,0.035934089230069834,0.036818661768973485,0.03436367942024441,0.035934459553692726,0.028261551085388442,0.0442777717013815,0.0015707801334483157,0.01601622061599306,0.0,0.0,0.0,1.2321940711476174,False,False,0.0,0.0
Massachusetts,Massachusetts|MW-01|1.336390891,MW-01,1.3363908906030342,0.0383826036616287,0.9,1.6562435505849984,False,0.04211720883279176,0.04314986827049229,0.040049458112170824,0.042117692937575814,0.03316024041422037,0.051857766982471964,0.0020682348254049895,0.018697526568251598,0.0,0.0,0.0,1.2312726417448718,False,False,0.0,0.0
Massachusetts,Massachusetts|MW-01|1.512212878,MW-01,1.512212877647885,0.0449472369198928,0.9,1.6562435505849984,False,0.050917854101014015,0.052161290222161566,0.048241393226101305,0.0509184768045095,0.0401327120921578,0.06264660449574429,0.002677083578408193,0.022513892403586484,0.0,0.0,0.0,1.2303465179711235,False,False,0.0,0.0
Massachusetts,Massachusetts|MW-01|1.711144431,MW-01,1.7111444308443955,0.0540394649203654,0.9,1.6562435505849984,False,0.060660357148323005,0.06213712691784913,0.05745557713622735,0.06066109942007092,0.04785136094059384,0.07459003748396942,0.003205522283843569,0.026738676543375577,0.0,0.0,0.0,1.2296339980588378,False,False,0.0,0.0
Massachusetts,Massachusetts|MW-01|1.883728757,MW-01,1.883728756870389,0.066707355827164,0.9,1.6562435505849984,False,0.06887053951049592,0.07054394319884215,0.06534036237117342,0.06887135486932358,0.054355983081117845,0.08465494912518019,0.0035309924981501567,0.030298966044062348,0.0,0.0,0.0,1.2291895740453538,False,False,0.0,0.0
Massachusetts,Massachusetts|MW-01|2.045524339,MW-01,2.045524338911346,0.0741115855443019,0.9,1.6562435505849984,False,0.07634059720950011,0.07819290841042546,0.07260733310148954,0.07634145769116929,0.06027421504226366,0.0938125113131514,0.003734124589679755,0.03353829627088774,0.0,0.0,0.0,1.228867925354362,False,False,0.0,0.0
Massachusetts,Massachusetts|MW-01|2.252010895,MW-01,2.2520108953320284,0.0781109555100175,0.9,1.6562435505849984,False,0.08554391693951455,0.08761664667192141,0.08167735455799595,0.08554480622017081,0.0675656511463794,0.10509485088800961,0.0038674516621748645,0.037529199741630215,0.0,0.0,0.0,1.2285485005592967,False,False,0.0,0.0
Massachusetts,Massachusetts|MW-01|2.513516493,MW-01,2.5135164926548725,0.091471985056576,0.9,1.6562435505849984,False,0.09667124363696952,0.09901047094090588,0.09280618795390318,0.09667213055205487,0.07638134179172296,0.11873578288314636,0.003865942598151692,0.0423544410914234,0.0,0.0,0.0,1.2282430474261408,False,False,0.0,0.0
Massachusetts,Massachusetts|MW-01|2.729405252,MW-01,2.7294052518063148,0.1016249821532724,0.9,1.6562435505849984,False,0.10542794934806538,0.10797689773830738,0.1016809482261768,0.10542880774311172,0.08331887276284508,0.12947055024268397,0.0037478595169349177,0.04615167747983889,0.0,0.0,0.0,1.228047695542698,False,False,0.0,0.0
Massachusetts,Massachusetts|MW-01|3.046346325,MW-01,3.046346325310526,0.1190081312948063,0.9,1.6562435505849984,False,0.11762186624815328,0.12046285544318232,0.11419713987010151,0.11762264896990039,0.092979517931076,0.1444189200381363,0.0034255090997988846,0.0514394021070603,0.0,0.0,0.0,1.2278237426827407,False,False,0.0,0.0
Massachusetts,Massachusetts|MW-01|3.40022452,MW-01,3.4002245200953207,0.1287758333788951,0.9,1.6562435505849984,False,0.13038076566464452,0.13352732604036313,0.12748602192657285,0.13038142837059535,0.10308773881767751,0.16005984475441393,0.0028954064440225025,0.05697210593673642,0.0,0.0,0.0,1.2276338763503483,False,False,0.0,0.0
Massachusetts,Massachusetts|MW-01|3.592222434,MW-01,3.592222434430806,0.1393549647746444,0.9,1.6562435505849984,False,0.13695671153946437,0.14026076323063538,0.13443383902400158,0.13695729748348145,0.10829751127550331,0.16812117025530135,0.002523458459479877,0.059823658979798036,0.0,0.0,0.0,1.2275497006720761,False,False,0.0,0.0
Massachusetts,Massachusetts|MW-01|4.00945969,MW-01,4.009459689723935,0.1548173582579949,0.9,1.6562435505849984,False,0.15048661921133066,0.15411470630314442,0.14885208227073074,0.15048701822568863,0.11901651514828303,0.1847071881597728,0.0016349359549578946,0.06569067301148977,0.0,0.0,0.0,1.2273994135012474,False,False,0.0,0.0
Massachusetts,Massachusetts|MW-01|4.414138931,MW-01,4.414138931228963,0.1675270618394586,0.9,1.6562435505849984,False,0.16271287037819818,0.16663377027203718,0.16201034046034163,0.16271306994048254,0.12870267927422402,0.1996950446364748,0.0007027294801409123,0.07099236536225079,0.0,0.0,0.0,1.2272848740994975,False,False,0.0,0.0
Massachusetts,Massachusetts|MW-01|4.926777387,MW-01,4.926777386633068,0.1910828243258747,0.9,1.6562435505849984,False,0.17709348526155097,0.18135879328696541,0.1770934172787553,0.1770934172787854,0.14009559726317386,0.21732384149031175,3.008704396734174e-14,0.0772282442271379,0.0,0.0,0.0,1.2271701647824267,False,False,0.0,0.0
Massachusetts,Massachusetts|MW-01|5.652331265,MW-01,5.652331265326424,0.206758900206965,0.9,1.6562435505849984,False,0.1956410659379379,0.2003505778318625,0.1956406068622136,0.1956406068758373,0.15478979021066366,0.24006074976326522,1.3623685513053374e-11,0.08527095955260156,0.0,0.0,0.0,1.2270468299299613,False,False,0.0,0.0
Massachusetts,Massachusetts|MW-01|5.890151125,MW-01,5.890151125493114,0.2122662410565332,0.9,1.6562435505849984,False,0.20131918521005593,0.20616468460910742,0.2013185971705614,0.20131859718886277,0.15928821469062987,0.24702137007364328,1.8301388182706546e-11,0.0877331553830134,0.0,0.0,0.0,1.2270135596659693,False,False,0.0,0.0
Massachusetts,Massachusetts|MW-01|6.484650653,MW-01,6.484650652679722,0.2296922004872855,0.9,1.6562435505849984,False,0.21475737382033105,0.21992470936894987,0.2147564651467072,0.21475646517704713,0.16993445235295904,0.26349478613998334,3.033992501677574e-11,0.0935603337870243,0.0,0.0,0.0,1.226941741057174,False,False,0.0,0.0
Massachusetts,Massachusetts|MW-01|6.665262254,MW-01,6.665262253857036,0.2358145239668788,0.9,1.6562435505849984,False,0.21864345976063887,0.2239038645455565,0.218642454589373,0.218642454623456,0.17301315257804836,0.2682586014294795,3.408298643314822e-11,0.09524544885143113,0.0,0.0,0.0,1.2269225968302782,False,False,0.0,0.0
Massachusetts,Massachusetts|MW-01|7.04180909,MW-01,7.041809089566733,0.2420915773086706,0.9,1.6562435505849984,False,0.226477047877186,0.23192506192091458,0.2264758434047471,0.22647584344674448,0.179219205442095,0.2778615141392748,4.1997377797642343e-11,0.0986423086971798,0.0,0.0,0.0,1.2268859769399394,False,False,0.0,0.0
Massachusetts,Massachusetts|MW-01|7.439531074,MW-01,7.439531073710187,0.255169218407915,0.9,1.6562435505849984,False,0.23438524559350618,0.24002265562784428,0.2343838337994638,0.23438383384996597,0.18548436188946263,0.2875558805578736,5.0502185766632124e-11,0.102071518668411,0.0,0.0,0.0,1.2268514591425312,False,False,0.0,0.0
Massachusetts,Massachusetts|MW-01|7.968472001,MW-01,7.968472000729379,0.2689486080088942,0.9,1.6562435505849984,False,0.24437381415516254,0.25025044349752773,0.2443721323423087,0.24437213240431907,0.19339765589913194,0.29980048647510316,6.201036906183788e-11,0.10640283057597122,0.0,0.0,0.0,1.2268110129211636,False,False,0.0,0.0
Massachusetts,Massachusetts|MW-01|8.535131748,MW-01,8.535131747861813,0.2761028216472062,0.9,1.6562435505849984,False,0.254472128239566,0.2605906050536099,0.2544701648980275,0.2544701649777975,0.20139788739414693,0.3121796147853953,7.977002391967858e-11,0.11078172739124836,0.0,0.0,0.0,1.2267733089083224,False,False,0.0,0.0
Massachusetts,Massachusetts|MW-01|9.142207978,MW-01,9.142207977977131,0.2760787091458907,0.9,1.6562435505849984,False,0.26467413845537296,0.2710369460349075,0.2646718827116793,0.26467188279993364,0.20948026419629648,0.3246858503297988,8.825434827386403e-11,0.11520558613350232,0.0,0.0,0.0,1.2267381022741837,False,False,0.0,0.0
Massachusetts,Massachusetts|MW-01|9.658813736,MW-01,9.658813735955054,0.2760594206610109,0.9,1.6562435505849984,False,0.2729050996798976,0.2794650327224991,0.2729026026254653,0.2729026027255032,0.21600110519128407,0.33477584936249655,1.0003792239032805e-10,0.11877474417121248,0.0,0.0,0.0,1.2267115922537535,False,False,0.0,0.0
Massachusetts,Massachusetts|MW-01|10.34572347,MW-01,10.34572346504638,0.2809253680643443,0.9,1.6562435505849984,False,0.28327447821365404,0.29008275011715834,0.2832716708297583,0.2832716709456486,0.22421606642694702,0.3474872389378516,1.1589029735858958e-10,0.12327117251090458,0.0,0.0,0.0,1.226680360084421,False,False,0.0,0.0
Massachusetts,Massachusetts|MW-01|11.08153282,MW-01,11.081532819160389,0.2833780366735856,0.9,1.6562435505849984,False,0.2937306435251575,0.300789332640174,0.2937275166292341,0.2937275167623052,0.23249977777370345,0.36030500883192945,1.3307110968696634e-10,0.127805231058226,0.0,0.0,0.0,1.2266510722469786,False,False,0.0,0.0
Massachusetts,Massachusetts|MW-01|11.8697263,MW-01,11.869726296014518,0.2833532888160979,0.9,1.6562435505849984,False,0.30426853830428946,0.31157960187039385,0.3042650832651219,0.30426508341679215,0.24084823298184901,0.3732229598100962,1.5167023192930174e-10,0.13237472682824716,0.0,0.0,0.0,1.2266235670966663,False,False,0.0,0.0
Massachusetts,Massachusetts|MW-01|12.54045802,MW-01,12.540458023504687,0.283333492086231,0.9,1.6562435505849984,False,0.3127539780586392,0.3202682612811285,0.3127502546608838,0.31275025482851726,0.24757066480955847,0.38362488958503743,1.6763346266657209e-10,0.13605422477547896,0.0,0.0,0.0,1.2266027500795225,False,False,0.0,0.0
Massachusetts,Massachusetts|MW-02|0.2503023496,MW-02,0.2503023495701375,0.001909677097608,0.9,1.6562435505849984,False,0.001715581756878676,0.001721039477007791,0.0007085363040424047,0.0017996207692505667,0.0013535180964651236,0.001956877189692934,0.001091084465208162,0.0006033590932278106,0.0,0.0,0.0,1.140649334750021,False,False,0.0,0.0
Massachusetts,Massachusetts|MW-02|0.4159896534,MW-02,0.4159896534413013,0.0049260668931811,0.9,1.6562435505849984,False,0.005492512210759161,0.005506629076946948,0.00432367700827466,0.005669249318375592,0.005019639858931902,0.00609981232735909,0.0013455723101009317,0.0010801724684271876,0.0,0.0,0.0,1.1105687330854364,False,False,0.0,0.0
Massachusetts,Massachusetts|MW-02|0.5862873126,MW-02,0.58628731264642,0.0111412606238008,0.9,1.6562435505849984,False,0.01077390482154136,0.010799734623647618,0.0104997536399675,0.011324855401086334,0.009881269689566662,0.012065780325886738,0.0008251017611188346,0.0021845106363200754,0.0,0.0,0.0,1.1199078259687612,False,False,0.0,0.0
Massachusetts,Massachusetts|MW-02|0.7506853979,MW-02,0.7506853979064352,0.0161046175483056,0.9,1.6562435505849984,False,0.016923479482744197,0.01696256531092542,0.0165872082375521,0.01747616896381331,0.015590143984676647,0.018705403837687595,0.000888960726261212,0.0031152598530109488,0.0,0.0,0.0,1.1052930253947075,False,False,0.0,0.0
Massachusetts,Massachusetts|MW-02|0.8973555901,MW-02,0.8973555901462611,0.0232811498918052,0.9,1.6562435505849984,False,0.023064437178781202,0.02311656499317522,0.0227335588793203,0.02360826290946955,0.02129867253111341,0.02517349322392281,0.0008747040301492481,0.0038748206928093977,0.0,0.0,0.0,1.0914419037756489,False,False,0.0,0.0
Massachusetts,Massachusetts|MW-02|1.072724613,MW-02,1.0727246127308625,0.0310985412653234,0.9,1.6562435505849984,False,0.030978069416829186,0.03104687028969726,0.0307002546191095,0.03143468091299591,0.028619809903315672,0.03355176876095214,0.0007344262938864081,0.0049319588576364655,0.0,0.0,0.0,1.0830813343947367,False,False,0.0,0.0
Massachusetts,Massachusetts|MW-02|1.247633276,MW-02,1.247633276410579,0.0394104899641595,0.9,1.6562435505849984,False,0.03927663776238349,0.039362851287717916,0.0390791038315846,0.03960130104319543,0.03637608203413546,0.04223012035661663,0.000522197211610835,0.005854038322481166,0.0,0.0,0.0,1.0751969303508402,False,False,0.0,0.0
Massachusetts,Massachusetts|MW-02|1.451098966,MW-02,1.4510989661890674,0.047381052476127,0.9,1.6562435505849984,False,0.04921330923260492,0.049320341469944684,0.0491226402910212,0.049362331104053844,0.04545520478677562,0.052741173361877655,0.00023969081303264195,0.007285968575102032,0.0,0.0,0.0,1.071685163714523,False,False,0.0,0.0
Massachusetts,Massachusetts|MW-02|1.532976829,MW-02,1.5329768288304169,0.055489549684889,0.9,1.6562435505849984,False,0.05325483533169524,0.05337033424078041,0.0532079380264886,0.05333191491446894,0.04920345295203298,0.05701504520904064,0.0001239768879803399,0.007811592257007657,0.0,0.0,0.0,1.0706078584963246,False,False,0.0,0.0
Massachusetts,Massachusetts|MW-02|1.782976724,MW-02,1.782976723663114,0.0667120167216234,0.9,1.6562435505849984,False,0.06561909632400241,0.06576051304864738,0.0654448743962221,0.06568191695872956,0.06062214635646824,0.06995879663042391,0.00023704256250746403,0.009336650273955673,0.0,0.0,0.0,1.0661347161044963,False,False,0.0,0.0
Massachusetts,Massachusetts|MW-02|1.909719018,MW-02,1.9097190181638288,0.0721912498052654,0.9,1.6562435505849984,False,0.0718555861259912,0.07201008959958641,0.0715532167881776,0.07196461392728744,0.06632169473226027,0.07660347326377534,0.00041139713910984255,0.010281778531515073,0.0,0.0,0.0,1.0660754075467316,False,False,0.0,0.0
Massachusetts,Massachusetts|MW-02|2.10246909,MW-02,2.1024690901346235,0.0781177776605678,0.9,1.6562435505849984,False,0.08124615443417865,0.0814203848951929,0.0807667870724776,0.08141900387002873,0.07510356376393518,0.08657185913723593,0.0006522167975511334,0.011468295373300755,0.0,0.0,0.0,1.0655502373022698,False,False,0.0,0.0
Massachusetts,Massachusetts|MW-02|2.283052525,MW-02,2.283052525473057,0.0867885151469966,0.9,1.6562435505849984,False,0.08990710603363562,0.09009955541591748,0.0892826517687714,0.0901322706485417,0.0830803944318175,0.09579007131244884,0.0008496188797703086,0.012709676880631335,0.0,0.0,0.0,1.065433818730772,False,False,0.0,0.0
Massachusetts,Massachusetts|MW-02|2.445342538,MW-02,2.445342538406944,0.0939166837565277,0.9,1.6562435505849984,False,0.09755698822652942,0.09776554976379406,0.0968191795146527,0.09782302598754974,0.09006416622950526,0.10396523489457422,0.0010038464728970437,0.01390106866506896,0.0,0.0,0.0,1.0656872130283965,False,False,0.0,0.0
Massachusetts,Massachusetts|MW-02|2.655340974,MW-02,2.6553409739118923,0.1071259289170434,0.9,1.6562435505849984,False,0.10724899633085572,0.10747799793356486,0.1063873048361298,0.10755970352671414,0.09900755153618387,0.11429986267442654,0.0011723986905843309,0.01529231113824267,0.0,0.0,0.0,1.0657429587668996,False,False,0.0,0.0
Massachusetts,Massachusetts|MW-02|2.844057726,MW-02,2.844057726402018,0.1190185253731157,0.9,1.6562435505849984,False,0.11574916132689692,0.11599611341940502,0.1147964777911836,0.11609267827203766,0.1068552073165792,0.12336912914484953,0.0012962004808540623,0.016513921828270328,0.0,0.0,0.0,1.0658317324341766,False,False,0.0,0.0
Massachusetts,Massachusetts|MW-02|3.088417961,MW-02,3.0884179613830334,0.1254434520432249,0.9,1.6562435505849984,False,0.12645301354684657,0.12672260032321417,0.1254082018854938,0.12682974988866505,0.11674374422558355,0.13473809454207925,0.0014215480031712635,0.017994350316495697,0.0,0.0,0.0,1.0655190474536482,False,False,0.0,0.0
Massachusetts,Massachusetts|MW-02|3.307913768,MW-02,3.307913767658236,0.1393695702882484,0.9,1.6562435505849984,False,0.13577578576981425,0.13606511302765065,0.1346700802521725,0.13617447911068442,0.12535859027215518,0.14468327934914815,0.0015043988585119183,0.019324689076992974,0.0,0.0,0.0,1.0656044340220951,False,False,0.0,0.0
Massachusetts,Massachusetts|MW-02|3.592081259,MW-02,3.5920812594997127,0.1508137247076044,0.9,1.6562435505849984,False,0.14744140926690716,0.1477554701409494,0.14601255913075886,0.14785900805915267,0.13614534474159176,0.15710034666204375,0.0018464489283938068,0.020955001920451993,0.0,0.0,0.0,1.0655103436894815,False,False,0.0,0.0
Massachusetts,Massachusetts|MW-02|3.795012034,MW-02,3.7950120340681193,0.154828175466358,0.9,1.6562435505849984,False,0.15550048995911675,0.15583165745492875,0.1526519043848177,0.15592593192344076,0.14360058983873142,0.1656866304313604,0.0032740275386230477,0.022086040592628975,0.0,0.0,0.0,1.0655055201107193,False,False,0.0,0.0
Massachusetts,Massachusetts|MW-02|4.064725925,MW-02,4.064725925341065,0.1720164419249591,0.9,1.6562435505849984,False,0.1658743434507955,0.16622755307198428,0.1611075015593835,0.16630402665268415,0.15329340419809986,0.17669967957886945,0.005196525093300652,0.023406275380769587,0.0,0.0,0.0,1.0652622696365648,False,False,0.0,0.0
Massachusetts,Massachusetts|MW-02|4.536903977,MW-02,4.536903977062756,0.1861348499699167,0.9,1.6562435505849984,False,0.18315796004572119,0.18354794413475178,0.1749951527091727,0.18358126267338784,0.16943350117671022,0.19503030170030192,0.008586109964215133,0.0255968005235917,0.0,0.0,0.0,1.0648202330470218,False,False,0.0,0.0
Massachusetts,Massachusetts|MW-02|4.663266604,MW-02,4.663266604068176,0.1910961754303542,0.9,1.6562435505849984,False,0.18760407611476207,0.1880035296986752,0.17853146382421395,0.18802322425528656,0.17357028476255174,0.19976798065107848,0.00949176043107261,0.026197695888526745,0.0,0.0,0.0,1.0648381676359497,False,False,0.0,0.0
Massachusetts,Massachusetts|MW-02|5.063932495,MW-02,5.063932495119142,0.2014120393702688,0.9,1.6562435505849984,False,0.20123365619034678,0.2016621606505315,0.18928979867018322,0.20163419581652342,0.18631635386306988,0.2142782593054693,0.012344397146340197,0.027961905442399404,0.0,0.0,0.0,1.0648231680628195,False,False,0.0,0.0
Massachusetts,Massachusetts|MW-02|5.349943839,MW-02,5.349943838782403,0.2122921963473654,0.9,1.6562435505849984,False,0.21055139805431292,0.21099978082526835,0.19657912988219134,0.21093445310819253,0.19498506055014617,0.22421207713781754,0.014355323226001193,0.02922701658767138,0.0,0.0,0.0,1.0648804957352065,False,False,0.0,0.0
Massachusetts,Massachusetts|MW-02|5.889919642,MW-02,5.889919641587413,0.2297202865731176,0.9,1.6562435505849984,False,0.22728447263983603,0.2277685865962208,0.2095510770138433,0.227627330320455,0.2103805475385468,0.2420653282955947,0.018076253306611723,0.03168478075704792,0.0,0.0,0.0,1.065032404035717,False,False,0.0,0.0
Massachusetts,Massachusetts|MW-02|6.308685223,MW-02,6.308685222969169,0.2421254087414165,0.9,1.6562435505849984,False,0.23955257918800754,0.2400629145837171,0.21897517330971478,0.2398594380563564,0.22167757641567182,0.25515535956243407,0.020884264746641623,0.03347778314676225,0.0,0.0,0.0,1.0651330093264453,False,False,0.0,0.0
Massachusetts,Massachusetts|MW-02|6.665000308,MW-02,6.665000307956808,0.2552048773942678,0.9,1.6562435505849984,False,0.2495457342093731,0.2500774425797841,0.22660327541828262,0.24981956780509912,0.23084605043767578,0.26580522946753343,0.023216292386816495,0.03495917902985765,0.0,0.0,0.0,1.0651563742801484,False,False,0.0,0.0
Massachusetts,Massachusetts|MW-02|7.041532345,MW-02,7.041532345314078,0.2619980748680343,0.9,1.6562435505849984,False,0.25969403910216204,0.2602474640924624,0.2343090798930072,0.2599311967320024,0.24021595612702717,0.27669514364619013,0.02562211683899518,0.03647918751916296,0.0,0.0,0.0,1.0654659021162205,False,False,0.0,0.0
Massachusetts,Massachusetts|MW-02|7.542176083,MW-02,7.542176083402369,0.2761462294567354,0.9,1.6562435505849984,False,0.2725828338305956,0.27316385570628227,0.24404157407397503,0.27276921017002,0.2520628923718851,0.29042563262032234,0.02872763609604495,0.03836274024843722,0.0,0.0,0.0,1.0654582628663096,False,False,0.0,0.0
Massachusetts,Massachusetts|MW-02|8.303633891,MW-02,8.303633890983127,0.2834820012803632,0.9,1.6562435505849984,False,0.2909933029367896,0.2916137721905279,0.25784891385431247,0.29109977599603964,0.26902447521648204,0.31028061997642165,0.03325086214172718,0.041256144759939606,0.0,0.0,0.0,1.0662809653864154,False,False,0.0,0.0
Massachusetts,Massachusetts|MW-02|8.7728537,MW-02,8.772853699869126,0.2834621955578855,0.9,1.6562435505849984,False,0.3016936003146176,0.30233701020126624,0.2658277779712066,0.30175003942827094,0.27903881053933666,0.32178867087151014,0.03592226145706434,0.042749860332173484,0.0,0.0,0.0,1.0666075466497686,False,False,0.0,0.0
Massachusetts,Massachusetts|MW-03|0.2480142655,MW-03,0.2480142654818677,0.0019954037586295,0.9,1.6562435505849984,False,0.0017610777103066679,0.0017674943551744884,0.0006781639727213995,0.0018744379687761399,0.001389011992136769,0.0020321574992126874,0.0011962739960547403,0.0006431455070759185,0.0,0.0,0.0,1.1539283515540122,False,False,0.0,0.0
Massachusetts,Massachusetts|MW-03|0.4159896534,MW-03,0.4159896534413013,0.0049260668931811,0.9,1.6562435505849984,False,0.005560771912479497,0.005577205256866383,0.004327353351729097,0.005706897857621401,0.005060373627287277,0.006184281999092783,0.0013795445058923037,0.0011239083718055064,0.0,0.0,0.0,1.1121265350254708,False,False,0.0,0.0
Massachusetts,Massachusetts|MW-03|0.5862949932,MW-03,0.5862949932435153,0.010851627070073,0.9,1.6562435505849984,False,0.010663877366493605,0.010693366519442136,0.0103413804248451,0.011131361157413604,0.009734708095909405,0.011944924434601621,0.0007899807325685033,0.002210216338692216,0.0,0.0,0.0,1.1201295761458328,False,False,0.0,0.0
Massachusetts,Massachusetts|MW-03|0.7404398679,MW-03,0.740439867892767,0.0161048988514509,0.9,1.6562435505849984,False,0.016136678069959654,0.016179823231462345,0.0157331804226552,0.01662207643855424,0.014792916893428706,0.01790694924975424,0.0008888960158990426,0.0031140323563255343,0.0,0.0,0.0,1.1097048086427501,False,False,0.0,0.0
Massachusetts,Massachusetts|MW-03|0.9223609749,MW-03,0.9223609749498768,0.0232803365984643,0.9,1.6562435505849984,False,0.023377913608611356,0.023438870520262684,0.0229672970080037,0.02387187591392286,0.02151461829518826,0.02562872703377395,0.0009045789059191622,0.004114108738585691,0.0,0.0,0.0,1.096279482542595,False,False,0.0,0.0
Massachusetts,Massachusetts|MW-03|1.072738666,MW-03,1.072738665850156,0.0302900886739546,0.9,1.6562435505849984,False,0.029818873955671663,0.02989555921157265,0.0294466736466349,0.03026662234776071,0.02744625395366715,0.03247277291114228,0.0008199487011258076,0.005026518957475128,0.0,0.0,0.0,1.0890006429959718,False,False,0.0,0.0
Massachusetts,Massachusetts|MW-03|1.264946598,MW-03,1.264946597765801,0.0364154623337162,0.9,1.6562435505849984,False,0.03843833643728966,0.03853599862620931,0.0381452521464728,0.038790910083175346,0.035402831919467505,0.04157285302190592,0.0006456579367025497,0.006170021102438417,0.0,0.0,0.0,1.0815466244157075,False,False,0.0,0.0
Massachusetts,Massachusetts|MW-03|1.431331529,MW-03,1.4313315291471715,0.0449503774180422,0.9,1.6562435505849984,False,0.046106249479212026,0.04622254887318293,0.0458928811498979,0.04636292666095635,0.0425207396202064,0.04966030243298756,0.00047004551105844783,0.007139562812781157,0.0,0.0,0.0,1.077083974383515,False,False,0.0,0.0
Massachusetts,Massachusetts|MW-03|1.575735489,MW-03,1.5757354888186066,0.0526401456064555,0.9,1.6562435505849984,False,0.05283535542603906,0.052968009498425214,0.0526922212392802,0.053007542553269685,0.04868921406762794,0.05675244299826792,0.00031532131398948754,0.00806322893063998,0.0,0.0,0.0,1.0741376213076137,False,False,0.0,0.0
Massachusetts,Massachusetts|MW-03|1.807695288,MW-03,1.807695287769156,0.0632874412225074,0.9,1.6562435505849984,False,0.06366653518225932,0.0638255314248972,0.0636295756329262,0.0637109966681194,0.05854848527030488,0.06831266971290595,8.142103519319377e-05,0.009764184442601069,0.0,0.0,0.0,1.0729760857465553,False,False,0.0,0.0
Massachusetts,Massachusetts|MW-03|1.962934554,MW-03,1.962934554390876,0.0721887279082367,0.9,1.6562435505849984,False,0.07087116309927785,0.0710477001647722,0.07083102802478,0.07089204233614149,0.06515471560328821,0.07607512410911407,6.101431136149027e-05,0.01092040850582586,0.0,0.0,0.0,1.0734284691016909,False,False,0.0,0.0
Massachusetts,Massachusetts|MW-03|2.16102742,MW-03,2.161027419508636,0.0801999654898903,0.9,1.6562435505849984,False,0.07996009499709877,0.08015878579757897,0.0798133900902276,0.08003641443937784,0.0735862859726412,0.08572688124943714,0.00022302434915023872,0.012140595276795937,0.0,0.0,0.0,1.072120802914849,False,False,0.0,0.0
Massachusetts,Massachusetts|MW-03|2.411999529,MW-03,2.4119995288333405,0.0914767784283815,0.9,1.6562435505849984,False,0.0912498188470402,0.09147606915906561,0.0909952994287199,0.09138222600690775,0.08389027682877145,0.09768808628604093,0.0003869265781878545,0.01379780945726948,0.0,0.0,0.0,1.0705564955673286,False,False,0.0,0.0
Massachusetts,Massachusetts|MW-03|2.619237507,MW-03,2.619237506518643,0.0964149306326512,0.9,1.6562435505849984,False,0.10034921305778349,0.10059770960774246,0.1000276762600545,0.10051648428000556,0.09221872422940768,0.10737357769185603,0.0004888080199510619,0.015154853462448353,0.0,0.0,0.0,1.0699991999940024,False,False,0.0,0.0
Massachusetts,Massachusetts|MW-03|2.88352452,MW-03,2.8835245202916924,0.1099736296524262,0.9,1.6562435505849984,False,0.11163470330816311,0.1119108310443227,0.1112539543713854,0.11183277811784616,0.10260412619966336,0.11946422531934905,0.0005788237464607604,0.016860099119685695,0.0,0.0,0.0,1.07013519791935,False,False,0.0,0.0
Massachusetts,Massachusetts|MW-03|3.174520281,MW-03,3.174520280993021,0.1221780956458189,0.9,1.6562435505849984,False,0.12363272032188263,0.12393827030489886,0.1232165696079223,0.12384921199265794,0.11366027657883103,0.13225203105906358,0.0006326423847356488,0.01859175448023255,0.0,0.0,0.0,1.0697170677369245,False,False,0.0,0.0
Massachusetts,Massachusetts|MW-03|3.494928156,MW-03,3.494928156085803,0.1322082847491515,0.9,1.6562435505849984,False,0.13632378045865465,0.13666050076615793,0.1358989357220857,0.13654479497036012,0.12532062718944786,0.14584998360194526,0.0006458592482744274,0.020529356412497396,0.0,0.0,0.0,1.0698792471221101,False,False,0.0,0.0
Massachusetts,Massachusetts|MW-03|3.641880615,MW-03,3.6418806145381977,0.1430718962943032,0.9,1.6562435505849984,False,0.14196554157032884,0.14231613350083866,0.14140362027856673,0.14218395292894623,0.13062405594499646,0.1517780095043538,0.000780332650379495,0.02115395355935734,0.0,0.0,0.0,1.0691186595386877,False,False,0.0,0.0
Massachusetts,Massachusetts|MW-03|4.009354641,MW-03,4.009354640753395,0.1631919001911477,0.9,1.6562435505849984,False,0.1555978636436953,0.1559820091736317,0.15247629269275642,0.15579912133456392,0.1432434946546792,0.166495766476624,0.003322828641807496,0.02325227182194481,0.0,0.0,0.0,1.0700388975640687,False,False,0.0,0.0
Massachusetts,Massachusetts|MW-03|4.353836693,MW-03,4.35383669294302,0.1720014194537744,0.9,1.6562435505849984,False,0.16778739920281055,0.16820158626029866,0.16221611763370333,0.167961274745061,0.15448794930896784,0.1797207030353307,0.005745157111357674,0.025232753726362855,0.0,0.0,0.0,1.0711215734269528,False,False,0.0,0.0
Massachusetts,Massachusetts|MW-03|4.663388786,MW-03,4.663388786164799,0.1812896658393014,0.9,1.6562435505849984,False,0.17828282188307734,0.17872290224229853,0.17049572155327927,0.17842481169489785,0.16413821196561992,0.1908828068003283,0.007929090141618578,0.02674459483470837,0.0,0.0,0.0,1.0706741389000134,False,False,0.0,0.0
Massachusetts,Massachusetts|MW-03|4.994949628,MW-03,4.994949628261642,0.1910794866955053,0.9,1.6562435505849984,False,0.18907311589127723,0.18953984090317413,0.1789164731866459,0.18917497013522297,0.17397649449390382,0.20277612534655515,0.010258496948577056,0.02879963085265133,0.0,0.0,0.0,1.0724746582330487,False,False,0.0,0.0
Massachusetts,Massachusetts|MW-03|5.350013925,MW-03,5.350013925175581,0.2067733466109706,0.9,1.6562435505849984,False,0.20014410954940337,0.20063819548156953,0.18746977626906147,0.20019765851406088,0.18417159621355966,0.21470318343043246,0.012727882244999406,0.030531587216872796,0.0,0.0,0.0,1.0727429546330733,False,False,0.0,0.0
Massachusetts,Massachusetts|MW-03|5.730392916,MW-03,5.730392916419819,0.2179393113767366,0.9,1.6562435505849984,False,0.21148782397585728,0.21200996711967116,0.19539388523813622,0.21149210007528838,0.19454594194931682,0.2266484760637729,0.016098214837152153,0.03210253411445607,0.0,0.0,0.0,1.0716856970907522,False,False,0.0,0.0
Massachusetts,Massachusetts|MW-03|6.308767869,MW-03,6.308767869256002,0.2358310005097514,0.9,1.6562435505849984,False,0.22779989196268,0.22836241665361537,0.20752196915768226,0.22794416115927296,0.20968494587773548,0.24422942576368423,0.020422192001590705,0.03454447988594875,0.0,0.0,0.0,1.072122658441365,False,False,0.0,0.0
Massachusetts,Massachusetts|MW-03|6.850814532,MW-03,6.85081453190316,0.24856176557396,0.9,1.6562435505849984,False,0.24216063688801964,0.24275874380246718,0.21807945362454634,0.2424428143602939,0.2230753751646822,0.2596531805782523,0.024363360735747575,0.036577805413570114,0.0,0.0,0.0,1.0722352894137852,False,False,0.0,0.0
Massachusetts,Massachusetts|MW-03|7.237843944,MW-03,7.237843944366166,0.2551781326873646,0.9,1.6562435505849984,False,0.25191803308310934,0.25254033135874865,0.22519575247842366,0.2523009618243452,0.23214388223164667,0.2700991743628177,0.027105209345921533,0.03795529213117105,0.0,0.0,0.0,1.0721708607248068,False,False,0.0,0.0
Massachusetts,Massachusetts|MW-03|7.646738168,MW-03,7.64673816800075,0.2619706182543793,0.9,1.6562435505849984,False,0.26181462349560086,0.26246146962416295,0.2323707226082571,0.26230507618029364,0.2413901070601199,0.28082174101802576,0.029934353572036526,0.03943163395790586,0.0,0.0,0.0,1.072597616086728,False,False,0.0,0.0
Massachusetts,Massachusetts|MW-03|8.303742672,MW-03,8.30374267189136,0.2761124672373931,0.9,1.6562435505849984,False,0.2769063716739619,0.2775906721138379,0.2432364635106243,0.27757025740233304,0.25535571803483864,0.2971765184261233,0.034333793891708736,0.04182080039128466,0.0,0.0,0.0,1.0732021680455517,False,False,0.0,0.0
Massachusetts,Massachusetts|MW-03|9.142207978,MW-03,9.142207977977131,0.2760787091458907,0.9,1.6562435505849984,False,0.2948723024318778,0.29560121879625867,0.25606493793277524,0.29575602088769387,0.27201289059466915,0.3163390483408124,0.03969108295491863,0.044326157746143235,0.0,0.0,0.0,1.0728001434244367,False,False,0.0,0.0
Massachusetts,Massachusetts|MW-03|9.658687203,MW-03,9.658687203309212,0.2834275388731264,0.9,1.6562435505849984,False,0.30529612726873084,0.3060509425120656,0.2634604535432446,0.3063133604834499,0.28183757577565,0.32763313645561576,0.042852906940205326,0.04579556067996576,0.0,0.0,0.0,1.0731650590746709,False,False,0.0,0.0
Massachusetts,Massachusetts|MW-04|0.2036664839,MW-04,0.2036664838714789,0.0021224214255649,0.9,1.6562435505849984,False,0.001490419078441976,0.0015012058673938037,0.00022638040182522114,0.001735034716716703,0.0011898584747895495,0.0019507905157344326,0.001508654314891482,0.0007609320409448831,0.0,0.0,0.0,1.3088872411467722,False,False,0.0,0.0
Massachusetts,Massachusetts|MW-04|0.3726760221,MW-04,0.3726760221193158,0.0050582520390065,0.9,1.6562435505849984,False,0.004822876692013154,0.004848819779139363,0.003276018484125057,0.004845217848463427,0.004265864448361647,0.005479804285173494,0.0015691993643383697,0.001213939836811847,0.0,0.0,0.0,1.1362107379291355,False,False,0.0,0.0
Massachusetts,Massachusetts|MW-04|0.5400125636,MW-04,0.5400125635854307,0.0069353650858096,0.9,1.6562435505849984,False,0.008983786485211533,0.009028426691192278,0.008146664565646902,0.009047378864905876,0.007969524635477251,0.010162821473206116,0.0009007142992589739,0.0021932968377288645,0.0,0.0,0.0,1.1312403172020424,False,False,0.0,0.0
Massachusetts,Massachusetts|MW-04|0.6634655365,MW-04,0.6634655364914736,0.011436826540595,0.9,1.6562435505849984,False,0.012594671295609554,0.01265542300741675,0.0117364549459809,0.012675888631544207,0.01121665134818706,0.014200583398915407,0.0009394336855633074,0.0029839320507283468,0.0,0.0,0.0,1.1275072660185794,False,False,0.0,0.0
Massachusetts,Massachusetts|MW-04|0.8041002824,MW-04,0.8041002824130353,0.0152768403335269,0.9,1.6562435505849984,False,0.017218850312942076,0.01730015205698542,0.0162613898960804,0.017309459614807385,0.015430031391723274,0.01933694814994306,0.0010480697187269863,0.003906916758219787,0.0,0.0,0.0,1.1230104100161076,False,False,0.0,0.0
Massachusetts,Massachusetts|MW-04|0.9879914043,MW-04,0.9879914042718618,0.0220837274811859,0.9,1.6562435505849984,False,0.023959696417384352,0.02407086538649063,0.0230080029178985,0.024049759966764193,0.02156329172088433,0.026788161789765157,0.0010417570488656935,0.005224870068880828,0.0,0.0,0.0,1.118050968722983,False,False,0.0,0.0
Massachusetts,Massachusetts|MW-04|1.1649537,MW-04,1.1649537004309751,0.0294995612141422,0.9,1.6562435505849984,False,0.031030279415769496,0.03117271906268986,0.0301815057611693,0.031110603141790136,0.027967960521534198,0.03458859029794596,0.0009290973806208372,0.006620629776411764,0.0,0.0,0.0,1.1146722153061936,False,False,0.0,0.0
Massachusetts,Massachusetts|MW-04|1.354882646,MW-04,1.354882646076215,0.0383819332353667,0.9,1.6562435505849984,False,0.03908211287404321,0.03926012989600424,0.0384061414519889,0.03914608345437503,0.03521766588650322,0.04348489916366995,0.0007399420023861264,0.008267233277166733,0.0,0.0,0.0,1.1126547662306892,False,False,0.0,0.0
Massachusetts,Massachusetts|MW-04|1.554290566,MW-04,1.5542905659298367,0.0486414203000463,0.9,1.6562435505849984,False,0.04788610182294351,0.04810300363278883,0.047426043149604,0.04792963949230667,0.043204323721885485,0.0531820482820769,0.0005035963427026738,0.009977724560191414,0.0,0.0,0.0,1.1105946455761817,False,False,0.0,0.0
Massachusetts,Massachusetts|MW-04|1.883778112,MW-04,1.8837781123862805,0.0632841249684634,0.9,1.6562435505849984,False,0.06285992815269516,0.0631429615592065,0.0627732541390408,0.06286813055098886,0.05662714708081251,0.06969739620171278,9.487641194806662e-05,0.013070249120900268,0.0,0.0,0.0,1.1087730808792606,False,False,0.0,0.0
Massachusetts,Massachusetts|MW-04|2.017580113,MW-04,2.0175801128626216,0.0760909776105637,0.9,1.6562435505849984,False,0.0690043882423398,0.06931456287281254,0.0689947826190255,0.06903895468537617,0.062188954017584,0.07647637975712275,4.417206635067006e-05,0.014287425739538749,0.0,0.0,0.0,1.108282845556745,False,False,0.0,0.0
Massachusetts,Massachusetts|MW-04|2.221158529,MW-04,2.2211585290044566,0.08679154708432,0.9,1.6562435505849984,False,0.07835220679796302,0.07870368035854326,0.0783087544751369,0.07850857273275028,0.07057506606409812,0.08679154708432,0.00019981825761337946,0.016216481020221885,0.0,0.0,0.0,1.1077103074852563,False,False,0.0,0.0
Massachusetts,Massachusetts|MW-04|2.445342538,MW-04,2.445342538406944,0.0939166837565277,0.9,1.6562435505849984,False,0.08858523428168097,0.08898193006229548,0.0885081186134285,0.08886273989696553,0.07980928181695304,0.09808167759927848,0.0003546212835370266,0.018272395782325437,0.0,0.0,0.0,1.107201198874758,False,False,0.0,0.0
Massachusetts,Massachusetts|MW-04|2.619237507,MW-04,2.619237506518643,0.0964149306326512,0.9,1.6562435505849984,False,0.09644429446650896,0.09687573062987055,0.096343863415071,0.0968057019648302,0.08686610643338553,0.10677069212122366,0.0004618385497592026,0.019904585687838122,0.0,0.0,0.0,1.1070711099276134,False,False,0.0,0.0
Massachusetts,Massachusetts|MW-04|2.844244023,MW-04,2.8442440227227888,0.1043319196296718,0.9,1.6562435505849984,False,0.10647870850514782,0.10695451285945655,0.1063517356635244,0.10693562831646569,0.09589207151913466,0.11785136720231677,0.0005838926529412869,0.021959295683182112,0.0,0.0,0.0,1.1068068805193965,False,False,0.0,0.0
Massachusetts,Massachusetts|MW-04|3.088579803,MW-04,3.0885798025803166,0.1128990020755771,0.9,1.6562435505849984,False,0.11717369674924062,0.11769680438627403,0.1170223376395886,0.11771837209059385,0.10551354531397467,0.12973493951363,0.0006960344510052591,0.024221394199655327,0.0,0.0,0.0,1.1072018986588026,False,False,0.0,0.0
Massachusetts,Massachusetts|MW-04|3.262937564,MW-04,3.2629375638397176,0.1254346878247327,0.9,1.6562435505849984,False,0.12466480338436545,0.1252210522066423,0.1244986774566184,0.1252626180559341,0.11231412370039139,0.1380088605540594,0.0007639405993157128,0.025694736853668007,0.0,0.0,0.0,1.107039491560033,False,False,0.0,0.0
Massachusetts,Massachusetts|MW-04|3.692128522,MW-04,3.692128522272329,0.1548335843539637,0.9,1.6562435505849984,False,0.1425727439998797,0.1432082454634,0.14062523057090623,0.14327141260783438,0.12843497697738937,0.15772757561256737,0.002646182036928152,0.029292598635177997,0.0,0.0,0.0,1.1062954333873272,False,False,0.0,0.0
Massachusetts,Massachusetts|MW-04|3.95463403,MW-04,3.9546340301995695,0.1631947507024796,0.9,1.6562435505849984,False,0.15314352307634116,0.1538258226028443,0.14849137576712335,0.15388555254817787,0.13797546384687764,0.16941663969145762,0.005394176781054527,0.03144117584457998,0.0,0.0,0.0,1.106260560604998,False,False,0.0,0.0
Massachusetts,Massachusetts|MW-04|4.294414511,MW-04,4.294414510712543,0.1720044238430528,0.9,1.6562435505849984,False,0.16639556622079002,0.16713654990118126,0.15813776425367174,0.1671764081248963,0.1499475854502645,0.18415511434925522,0.00903864387122455,0.03420752889899073,0.0,0.0,0.0,1.1067308975342534,False,False,0.0,0.0
Massachusetts,Massachusetts|MW-04|4.663266604,MW-04,4.663266604068176,0.1910961754303542,0.9,1.6562435505849984,False,0.18024325406816605,0.18104557692885978,0.16799445871505217,0.1810476297502313,0.1624347353419199,0.1993982746007071,0.01305317103517914,0.036963539258787204,0.0,0.0,0.0,1.1062731619642023,False,False,0.0,0.0
Massachusetts,Massachusetts|MW-04|5.063998835,MW-04,5.063998834649906,0.1961760354119952,0.9,1.6562435505849984,False,0.19467682084081722,0.19554309524443345,0.17805719737157386,0.19548885115871847,0.17546904976557207,0.21537463059358763,0.01743165378714462,0.03990558082801557,0.0,0.0,0.0,1.1063188193816589,False,False,0.0,0.0
Massachusetts,Massachusetts|MW-04|5.49902343,MW-04,5.499023429789011,0.212284780226151,0.9,1.6562435505849984,False,0.20966216729494194,0.2105948548575585,0.18830620997995068,0.21046562224126303,0.18899905865494415,0.23200394402222027,0.02215941226131235,0.04300488536727612,0.0,0.0,0.0,1.1065608403057718,False,False,0.0,0.0
Massachusetts,Massachusetts|MW-04|5.890073963,MW-04,5.890073963180375,0.2179316979817163,0.9,1.6562435505849984,False,0.22256122591099708,0.22355109292732792,0.19698599163792913,0.22334505949700245,0.20065416507184608,0.24622955410593372,0.026359067859073326,0.04557538903408764,0.0,0.0,0.0,1.1063452454400196,False,False,0.0,0.0
Massachusetts,Massachusetts|MW-04|6.484565702,MW-04,6.484565702288636,0.2358227620944165,0.9,1.6562435505849984,False,0.24120921052412575,0.24228175938946733,0.20933055249027452,0.24194666897627362,0.21750404569161316,0.2668662953596532,0.0326161164859991,0.049362249668040065,0.0,0.0,0.0,1.106368595045674,False,False,0.0,0.0
Massachusetts,Massachusetts|MW-04|6.85090428,MW-04,6.850904280299655,0.2421000347236599,0.9,1.6562435505849984,False,0.25216384692771554,0.2532849758773372,0.21648242015177008,0.2528650498095267,0.2273657347068073,0.27899027899621587,0.0363826296577566,0.051624544289408575,0.0,0.0,0.0,1.1063849254972316,False,False,0.0,0.0
Massachusetts,Massachusetts|MW-04|7.439433614,MW-04,7.439433614169488,0.2619797701392082,0.9,1.6562435505849984,False,0.2689761237184113,0.2701718212849083,0.2273313340022618,0.26961000208978214,0.24259732265689857,0.29755832035139407,0.042278668087520344,0.0549609976944955,0.0,0.0,0.0,1.1062629509186668,False,False,0.0,0.0
Massachusetts,Massachusetts|MW-04|7.968367612,MW-04,7.96836761194283,0.276126936254489,0.9,1.6562435505849984,False,0.28332341111369014,0.2845827545288727,0.2364800775970702,0.28388965345820577,0.2555552938132804,0.31340164327140413,0.04740957586113556,0.057846349458123725,0.0,0.0,0.0,1.1061621841960825,False,False,0.0,0.0
Massachusetts,Massachusetts|MW-04|8.535131748,MW-04,8.535131747861813,0.2761028216472062,0.9,1.6562435505849984,False,0.2979656688012855,0.29928997546761105,0.2457239361764365,0.29845415256951247,0.26878278521651977,0.3297028441821983,0.05273021639307596,0.060920058965678536,0.0,0.0,0.0,1.1065128593793752,False,False,0.0,0.0
Massachusetts,Massachusetts|MW-05|0.2335925923,MW-05,0.2335925922747143,0.0040996105049567,0.9,1.6562435505849984,False,0.0036062647468240584,0.003627567196330228,0.0019452267111074247,0.0037828238387916566,0.0031093928709731208,0.004185110292953656,0.001837597127684232,0.001075717421980535,0.0,0.0,0.0,1.1605111068563037,False,False,0.0,0.0
Massachusetts,Massachusetts|MW-05|0.3936010254,MW-05,0.3936010253936651,0.0100322057376973,0.9,1.6562435505849984,False,0.010053811333543652,0.010105433587873018,0.009496156302818025,0.010060476174018469,0.008977017184642527,0.011269907856082628,0.000564319871200444,0.0022928906714401003,0.0,0.0,0.0,1.1209587570518234,False,False,0.0,0.0
Massachusetts,Massachusetts|MW-05|0.5548277194,MW-05,0.5548277193782015,0.016110807352674,0.9,1.6562435505849984,False,0.017138703157273456,0.017223583283210723,0.0163367235114077,0.017165296887682577,0.0153632148772249,0.019194519742027773,0.0008285733762748784,0.0038313048648028723,0.0,0.0,0.0,1.119951700305974,False,False,0.0,0.0
Massachusetts,Massachusetts|MW-05|0.7402846843,MW-05,0.7402846842629806,0.0245464999679223,0.9,1.6562435505849984,False,0.02584582843820243,0.025971471864329288,0.0246083543984589,0.025886863209060855,0.023220528278152453,0.028876425064739326,0.0012785088106019547,0.0056558967865868726,0.0,0.0,0.0,1.117256702905967,False,False,0.0,0.0
Massachusetts,Massachusetts|MW-05|0.8729137443,MW-05,0.8729137442554922,0.0302980259060257,0.9,1.6562435505849984,False,0.032370271127482024,0.03252640880684903,0.030946325106859,0.03241748932907205,0.029099800624359726,0.03612564333810309,0.001471164222213047,0.007025842713743367,0.0,0.0,0.0,1.116012998341333,False,False,0.0,0.0
Massachusetts,Massachusetts|MW-05|1.057940593,MW-05,1.057940593140254,0.0408277545944082,0.9,1.6562435505849984,False,0.041758716895380306,0.04195868866169085,0.0401938223905699,0.0418106089637067,0.03756232699301959,0.04656522087885585,0.001616786573136797,0.009002893885836256,0.0,0.0,0.0,1.115101812048427,False,False,0.0,0.0
Massachusetts,Massachusetts|MW-05|1.213682493,MW-05,1.213682492848571,0.0486567159313581,0.9,1.6562435505849984,False,0.04981629208303452,0.05005385587816356,0.0482086666192355,0.0498696011145087,0.04486020426330088,0.05551147079014635,0.0016609344952732003,0.01065126652684547,0.0,0.0,0.0,1.1143236172138027,False,False,0.0,0.0
Massachusetts,Massachusetts|MW-05|1.431144033,MW-05,1.4311440325309976,0.0584962568235812,0.9,1.6562435505849984,False,0.06115086982112466,0.06144128585889489,0.0595616447588789,0.06120356869332503,0.055092553371282056,0.06803571923960668,0.001641923934446128,0.01294316586832462,0.0,0.0,0.0,1.1125879229293258,False,False,0.0,0.0
Massachusetts,Massachusetts|MW-05|1.641840419,MW-05,1.6418404191313851,0.0684997613167065,0.9,1.6562435505849984,False,0.07209331951332154,0.07243473827159023,0.0705800723967206,0.07214349894875824,0.06494274707684686,0.0801987973343735,0.0015634265520376445,0.015256050257526646,0.0,0.0,0.0,1.1124303593699028,False,False,0.0,0.0
Massachusetts,Massachusetts|MW-05|1.734526261,MW-05,1.7345262612086343,0.0761055989766672,0.9,1.6562435505849984,False,0.07686735014592556,0.07723101597975016,0.0754001457188031,0.07691600280087897,0.06927734073808847,0.08545071603928792,0.0015158570820758693,0.016173375301199444,0.0,0.0,0.0,1.1116646518589184,False,False,0.0,0.0
Massachusetts,Massachusetts|MW-05|1.935966424,MW-05,1.935966423663216,0.0868067083598114,0.9,1.6562435505849984,False,0.08712064052421495,0.08753207963880465,0.0857723682566641,0.08716534937609936,0.07847209487445182,0.09682874115795342,0.0013929811194352687,0.0183566462835016,0.0,0.0,0.0,1.111432842726175,False,False,0.0,0.0
Massachusetts,Massachusetts|MW-05|2.102303839,MW-05,2.10230383862145,0.0914927581485894,0.9,1.6562435505849984,False,0.09543512316099696,0.09588529624956518,0.0941993160765734,0.09547610265543957,0.0859635684141052,0.10604899986010102,0.0012767865788661653,0.020085431445995824,0.0,0.0,0.0,1.1112156232166084,False,False,0.0,0.0
Massachusetts,Massachusetts|MW-05|2.282843174,MW-05,2.282843174167529,0.1043610816929935,0.9,1.6562435505849984,False,0.1042822415134754,0.10477362547362062,0.1031783971513598,0.10431884511000189,0.09392835303736961,0.11582688687572261,0.0011404479586420851,0.021898533838352996,0.0,0.0,0.0,1.110705765379577,False,False,0.0,0.0
Massachusetts,Massachusetts|MW-05|2.411746759,MW-05,2.4117467585057977,0.1129345039482725,0.9,1.6562435505849984,False,0.11047855294588124,0.11099879777468027,0.1094733415871619,0.1105118858615179,0.09950160642287777,0.12264817272420982,0.0010385442743559986,0.02314656630133205,0.0,0.0,0.0,1.1101536855238316,False,False,0.0,0.0
Massachusetts,Massachusetts|MW-05|2.655167051,MW-05,2.655167050630385,0.1222058420298216,0.9,1.6562435505849984,False,0.12189482034184254,0.12246823532785561,0.1210822811350484,0.12192176422841587,0.10976901731732494,0.13530033361435648,0.0008394830933674685,0.025531316297031537,0.0,0.0,0.0,1.1099760698192052,False,False,0.0,0.0
Massachusetts,Massachusetts|MW-05|3.004611628,MW-05,3.004611628118808,0.1322336894133303,0.9,1.6562435505849984,False,0.13762216962097618,0.1382688265111844,0.1370935764165726,0.13763969782789073,0.12395664969679228,0.15266781222068082,0.000546121411318129,0.028711162523888542,0.0,0.0,0.0,1.109325718677025,False,False,0.0,0.0
Massachusetts,Massachusetts|MW-05|3.307783766,MW-05,3.307783766104396,0.1508295311907924,0.9,1.6562435505849984,False,0.15064264173695904,0.15134993008369782,0.14932365119689456,0.15065195474603807,0.13562519130786654,0.16707278845377624,0.0013283035491435113,0.031447597145909695,0.0,0.0,0.0,1.109067037907542,False,False,0.0,0.0
Massachusetts,Massachusetts|MW-05|3.743020677,MW-05,3.743020677483075,0.1720344706222984,0.9,1.6562435505849984,False,0.16836410521708067,0.1691539105641898,0.1607718388201647,0.16838936201325422,0.15156511392745126,0.18667263594524627,0.0076175231930895315,0.03510752201779502,0.0,0.0,0.0,1.108743670181714,False,False,0.0,0.0
Massachusetts,Massachusetts|MW-05|4.064566181,MW-05,4.064566180945249,0.1861608616499942,0.9,1.6562435505849984,False,0.18076399059364037,0.18161153097276703,0.1694717685852848,0.18087998024107704,0.16276210190289866,0.20038734511000486,0.011408211655792255,0.037625243207106196,0.0,0.0,0.0,1.1085578740097524,False,False,0.0,0.0
Massachusetts,Massachusetts|MW-05|4.536725676,MW-05,4.536725675992031,0.2014401859829677,0.9,1.6562435505849984,False,0.19798864697663923,0.19891638361936084,0.1812811069791901,0.19823398524470812,0.17820069662232801,0.2194374658962281,0.01695287826551803,0.041236769273900076,0.0,0.0,0.0,1.108333579965924,False,False,0.0,0.0
Massachusetts,Massachusetts|MW-05|4.792960333,MW-05,4.792960333083676,0.2123218634231185,0.9,1.6562435505849984,False,0.20688161004443692,0.20785075007619194,0.18726856841133752,0.20719506279784447,0.1862177003010943,0.22927251856542383,0.019926494386506954,0.043054818264329525,0.0,0.0,0.0,1.1082305407241246,False,False,0.0,0.0
Massachusetts,Massachusetts|MW-05|5.276719169,MW-05,5.276719169000438,0.2297523891621955,0.9,1.6562435505849984,False,0.22287296442512206,0.22391655409815822,0.19787212132627824,0.22331093792835074,0.200631181252567,0.2469728488454436,0.025438816602072506,0.04634166759287661,0.0,0.0,0.0,1.1081328302088354,False,False,0.0,0.0
Massachusetts,Massachusetts|MW-05|5.730167711,MW-05,5.7301677110379465,0.2358598372299713,0.9,1.6562435505849984,False,0.23699422052922037,0.23810355136299982,0.20708168523301088,0.23754414321189735,0.2133147386932803,0.26258994520135975,0.03046245797888647,0.049275206508079455,0.0,0.0,0.0,1.1080014719978521,False,False,0.0,0.0
Massachusetts,Massachusetts|MW-05|6.137575139,MW-05,6.137575139143533,0.2485965011923929,0.9,1.6562435505849984,False,0.24903229220227838,0.2501976646107466,0.21483253398774885,0.24967900332819884,0.22412379322805762,0.2759201009382966,0.03484646934044999,0.05179630771023899,0.0,0.0,0.0,1.1079691653569907,False,False,0.0,0.0
Massachusetts,Massachusetts|MW-05|6.573948702,MW-05,6.573948702421037,0.2620209575776229,0.9,1.6562435505849984,False,0.2613050670399041,0.2625275724362439,0.22264987258267888,0.2620516526165874,0.23512159182189088,0.28961667813336633,0.03940178003390854,0.054495086311475455,0.0,0.0,0.0,1.1083469655379425,False,False,0.0,0.0
Massachusetts,Massachusetts|MW-05|7.237464682,MW-05,7.237464682244226,0.283531521641074,0.9,1.6562435505849984,False,0.2788572307232314,0.28016144405213256,0.23369820643861314,0.27974862361265773,0.2509822483052947,0.3089233926079179,0.046050417174044594,0.057941144302623204,0.0,0.0,0.0,1.1078191940969517,False,False,0.0,0.0
Massachusetts,Massachusetts|MW-05|7.752140508,MW-05,7.752140507966496,0.2910736505780223,0.9,1.6562435505849984,False,0.2916457207900689,0.29300946505095865,0.2416611845665432,0.29264399327121926,0.2624509525795143,0.3230667280449088,0.05098280870467606,0.06061577546539454,0.0,0.0,0.0,1.107736904795724,False,False,0.0,0.0
Massachusetts,Massachusetts|MW-05|8.190196657,MW-05,8.190196657281495,0.2910533144582056,0.9,1.6562435505849984,False,0.30201863235212345,0.3034306621151756,0.24807188822517606,0.3031044009917962,0.2717792213270027,0.33453834037590824,0.055032512766620134,0.06275911904890552,0.0,0.0,0.0,1.1076745092530254,False,False,0.0,0.0
Massachusetts,Massachusetts|MW-06|0.2949801891,MW-06,0.294980189083456,0.0073161407556857,0.9,1.6562435505849984,False,0.0062080993053481625,0.0062431987358053205,0.004570960244581031,0.006152056764664926,0.005463480463001126,0.007081068713267844,0.001581096520083895,0.0016175882502667185,0.0,0.0,0.0,1.1406178227799344,False,False,0.0,0.0
Massachusetts,Massachusetts|MW-06|0.4515124019,MW-06,0.4515124019085875,0.0137592338545959,0.9,1.6562435505849984,False,0.014668882925917542,0.014745496547560466,0.014114901482206215,0.01465801102586937,0.01312570869958879,0.01650426775153394,0.0005431095436631544,0.0033785590519451493,0.0,0.0,0.0,1.1251209676214382,False,False,0.0,0.0
Massachusetts,Massachusetts|MW-06|0.6192142688,MW-06,0.6192142687675718,0.0215224062613374,0.9,1.6562435505849984,False,0.02462232901038578,0.024747690214822433,0.023159854429045668,0.024593627909195937,0.022064952985529712,0.027645331451922713,0.0014337734801502695,0.005580378466393001,0.0,0.0,0.0,1.122774837435639,False,False,0.0,0.0
Massachusetts,Massachusetts|MW-06|0.7820038211,MW-06,0.7820038211347733,0.0327939280601552,0.9,1.6562435505849984,False,0.03468689954915507,0.034861481656412285,0.032800332290618815,0.034649875618288715,0.031113222330375546,0.03887924400243067,0.0018495433276699003,0.007766021672055121,0.0,0.0,0.0,1.1208624727999859,False,False,0.0,0.0
Massachusetts,Massachusetts|MW-06|0.9741496742,MW-06,0.9741496741830648,0.0461726945588318,0.9,1.6562435505849984,False,0.04676081312946221,0.04699439091910904,0.04472766048141617,0.046720912456561556,0.04197356784659465,0.05235294195611497,0.0019932519751453825,0.01037937410952032,0.0,0.0,0.0,1.1195900681019033,False,False,0.0,0.0
Massachusetts,Massachusetts|MW-06|1.148723022,MW-06,1.1487230220864526,0.052661297660028,0.9,1.6562435505849984,False,0.057714228694156634,0.05800130117722504,0.05572940199373925,0.05767527641921606,0.05191227616819656,0.06458381189008372,0.0019458744254768137,0.012671535721887159,0.0,0.0,0.0,1.1190275492085473,False,False,0.0,0.0
Massachusetts,Massachusetts|MW-06|1.35450996,MW-06,1.3545099602462338,0.0667353260792802,0.9,1.6562435505849984,False,0.07043292939306815,0.07078210243317536,0.06861231027121145,0.07039719969606917,0.06333329159581483,0.07874785290065235,0.0017848894248577163,0.015414561304837524,0.0,0.0,0.0,1.1180544892741964,False,False,0.0,0.0
Massachusetts,Massachusetts|MW-06|1.532715779,MW-06,1.5327157788859214,0.0781491672283398,0.9,1.6562435505849984,False,0.08118628572026135,0.0815879569446534,0.0795487599374113,0.08115414923473839,0.0729574125566049,0.09075463233580941,0.0016053892973270922,0.01779721977920451,0.0,0.0,0.0,1.1178566863930335,False,False,0.0,0.0
Massachusetts,Massachusetts|MW-06|1.71071857,MW-06,1.7107185698499143,0.0891376200880101,0.9,1.6562435505849984,False,0.09163581770573109,0.09208850147462554,0.09019267572031309,0.09160749600722112,0.08244272869479595,0.1024039239987448,0.0014148202869080362,0.019961195303948853,0.0,0.0,0.0,1.1175097965251228,False,False,0.0,0.0
Massachusetts,Massachusetts|MW-06|1.883333959,MW-06,1.88333395929303,0.1016729209400868,0.9,1.6562435505849984,False,0.1014674315586338,0.1019681107098063,0.10021142100697783,0.10144278231931417,0.09122354496766708,0.1133471984206287,0.0012313613123363376,0.02212365345296162,0.0,0.0,0.0,1.1170796055395378,False,False,0.0,0.0
Massachusetts,Massachusetts|MW-06|2.017183688,MW-06,2.01718368787555,0.1129601511323862,0.9,1.6562435505849984,False,0.10888025838364102,0.10941712517029613,0.10776434716673933,0.1088583585973619,0.09796476880265348,0.1215379541280537,0.0010940114306225712,0.023573185325400217,0.0,0.0,0.0,1.1162533588027788,False,False,0.0,0.0
Massachusetts,Massachusetts|MW-06|2.282603939,MW-06,2.282603939039181,0.1288410807091418,0.9,1.6562435505849984,False,0.12303373710261176,0.12363969894614577,0.12217707773815939,0.12301692514059186,0.11059811623513495,0.1374061886072515,0.000839847402432467,0.026808072372116562,0.0,0.0,0.0,1.116817157985317,False,False,0.0,0.0
Massachusetts,Massachusetts|MW-06|2.547762156,MW-06,2.547762156489556,0.1394158311809514,0.9,1.6562435505849984,False,0.13646536498942285,0.13713689997228795,0.13584047686548084,0.13645310154394816,0.1227813090641888,0.1521516138415826,0.0006126246784673162,0.029370304777393802,0.0,0.0,0.0,1.1149467401737836,False,False,0.0,0.0
Massachusetts,Massachusetts|MW-06|2.728868964,MW-06,2.7288689635891803,0.1508664194277089,0.9,1.6562435505849984,False,0.14524988893843177,0.14596431115722336,0.14476797474462502,0.14524043136000686,0.13068788364028036,0.16216899552516895,0.0004724566153818388,0.031481111884888585,0.0,0.0,0.0,1.1164827505920423,False,False,0.0,0.0
Massachusetts,Massachusetts|MW-06|3.004257397,MW-06,3.0042573968505524,0.1676090157325658,0.9,1.6562435505849984,False,0.15803507961843358,0.15881192266447233,0.15774873988022992,0.15802946019372185,0.142177924902566,0.17633784434505576,0.00028072031349193893,0.03415991944248975,0.0,0.0,0.0,1.1158145695931128,False,False,0.0,0.0
Massachusetts,Massachusetts|MW-06|3.353290269,MW-06,3.3532902687724486,0.1766508110170435,0.9,1.6562435505849984,False,0.17331549242665015,0.17416694138062877,0.1732439424211878,0.17331408825595945,0.1559590078665314,0.19342763763732534,7.014583477166214e-05,0.03746862977079393,0.0,0.0,0.0,1.1160435511510143,False,False,0.0,0.0
Massachusetts,Massachusetts|MW-06|3.641355845,MW-06,3.641355844849439,0.1911562669454957,0.9,1.6562435505849984,False,0.18521349810027002,0.18612304043874572,0.18156342252499533,0.1851433214358436,0.16653063203219362,0.20659585070322323,0.0035798989108482837,0.04006521867102961,0.0,0.0,0.0,1.115447053385803,False,False,0.0,0.0
Massachusetts,Massachusetts|MW-06|3.954271398,MW-06,3.95427139824613,0.1962377243242712,0.9,1.6562435505849984,False,0.1974719950067374,0.198441392482274,0.1914987899911932,0.19735390900615812,0.17766981657672343,0.22021288190223276,0.00585511901496491,0.04254306532550933,0.0,0.0,0.0,1.1151600605175407,False,False,0.0,0.0
Massachusetts,Massachusetts|MW-06|4.353380424,MW-06,4.353380423895789,0.2123478255152898,0.9,1.6562435505849984,False,0.2121950312738667,0.2132363195584113,0.2032778122796161,0.2120170300776738,0.19092661552075021,0.23684717197072497,0.008739217798057697,0.04592055644997475,0.0,0.0,0.0,1.1161768046540228,False,False,0.0,0.0
Massachusetts,Massachusetts|MW-06|4.859153622,MW-06,4.859153622129008,0.2238030897743245,0.9,1.6562435505849984,False,0.22954715057347427,0.23067316955512718,0.21697420592184835,0.22929567314636884,0.20642954188300347,0.255834736575209,0.012321467224520488,0.04940519469220553,0.0,0.0,0.0,1.1145193304994674,False,False,0.0,0.0
Massachusetts,Massachusetts|MW-06|5.276650043,MW-06,5.276650042785155,0.2358845572251783,0.9,1.6562435505849984,False,0.2429001946142231,0.24409141825946967,0.2273956947258929,0.2425903529871926,0.21858951872990404,0.2706748520283747,0.015194658261299676,0.052085333298470676,0.0,0.0,0.0,1.1143459660798694,False,False,0.0,0.0
Massachusetts,Massachusetts|MW-06|5.889533855,MW-06,5.889533855294078,0.2620575740700381,0.9,1.6562435505849984,False,0.2611191910034755,0.2623993821931416,0.24147220852016052,0.2607275130207727,0.2348204256063566,0.29130112102915645,0.019255304500612164,0.05648069542279985,0.0,0.0,0.0,1.1155867935623285,False,False,0.0,0.0
Massachusetts,Massachusetts|MW-06|6.395560109,MW-06,6.3955601090681125,0.2762041171520366,0.9,1.6562435505849984,False,0.2750757292777638,0.27642407463761665,0.2521582803334001,0.2746198515419654,0.24752881048457506,0.3068786391558592,0.02246157120856529,0.05934982867128416,0.0,0.0,0.0,1.1156151070165181,False,False,0.0,0.0
Massachusetts,Massachusetts|MW-06|7.138592552,MW-06,7.138592551879871,0.2911041574219668,0.9,1.6562435505849984,False,0.2940403217134979,0.2954812785069202,0.266562424904887,0.29349538241345374,0.2645861265393792,0.32705015801350545,0.026932957508566724,0.06246403147412627,0.0,0.0,0.0,1.1122629580448191,False,False,0.0,0.0
Massachusetts,Massachusetts|MW-06|7.859201623,MW-06,7.859201622956719,0.306813350735506,0.9,1.6562435505849984,False,0.3109385832942653,0.3124620619116799,0.27929884419490203,0.31031273055465974,0.27964729694292745,0.3454552098107511,0.031013886359757714,0.06580791286782367,0.0,0.0,0.0,1.111007859336067,False,False,0.0,0.0
Massachusetts,Massachusetts|MW-06|8.534572702,MW-06,8.534572701721865,0.314969290323123,0.9,1.6562435505849984,False,0.3256317559506734,0.32722698862299243,0.2903076936208856,0.32493449887658815,0.29304964993589744,0.3620311767509116,0.03462680525570255,0.06898152681501418,0.0,0.0,0.0,1.1117809308676638,False,False,0.0,0.0
Massachusetts,Massachusetts|MW-06|8.772279083,MW-06,8.772279083080312,0.3233646292915562,0.9,1.6562435505849984,False,0.3305677836030483,0.3321871214687287,0.2939935977548059,0.32984633859901547,0.2974185608673424,0.36725428435209867,0.035852740844209585,0.06983572348475625,0.0,0.0,0.0,1.110980266586124,False,False,0.0,0.0
Massachusetts,Massachusetts|MW-07|1.965739498,MW-07,1.965739497582156,0.0040885262398682,0.9,1.6562435505849984,False,0.003589479125667908,0.0036942965981112716,0.0035820822871098,0.0035820822871098,0.0026355410741411103,0.004616588213905008,0.0,0.0019810471397638976,0.0,0.0,0.0,1.2861443268724906,False,False,0.0,0.0
Massachusetts,Massachusetts|MW-07|2.076574199,MW-07,2.0765741986630584,0.0051819319617621,0.9,1.6562435505849984,False,0.004445526882151612,0.004569948612865871,0.0044391613772629,0.0044391613772629,0.003317499482522731,0.005666498078151444,0.0,0.002348998595628713,0.0,0.0,0.0,1.2746516281122764,False,False,0.0,0.0
Massachusetts,Massachusetts|MW-07|2.224303323,MW-07,2.224303323119569,0.0050467791918019,0.9,1.6562435505849984,False,0.0057337506839839035,0.005887678058769082,0.0057291258505563,0.0057291258505563,0.004339059866932538,0.007240316161369784,0.0,0.002901256294437246,0.0,0.0,0.0,1.2627539215463575,False,False,0.0,0.0
Massachusetts,Massachusetts|MW-07|2.382011468,MW-07,2.382011468205237,0.0076914451749578,0.9,1.6562435505849984,False,0.007285534514816766,0.007475006530882578,0.0072831144581441,0.0072831144581441,0.005572034014348209,0.009129989590086304,0.0,0.003557955575738095,0.0,0.0,0.0,1.253166747274126,False,False,0.0,0.0
Massachusetts,Massachusetts|MW-07|2.622327482,MW-07,2.6223274823410767,0.0090072390309083,0.9,1.6562435505849984,False,0.009972128918305638,0.010223137488709585,0.009935601463638758,0.009971458542230993,0.007708356875733207,0.012420185244814995,3.58570785922354e-05,0.004711828369081788,0.0,0.0,0.0,1.2454898393878069,False,False,0.0,0.0
Massachusetts,Massachusetts|MW-07|2.808440393,MW-07,2.808440393300041,0.0120333892716418,0.9,1.6562435505849984,False,0.012292107665146006,0.012596249493489023,0.01217377444009687,0.012289938382646835,0.009554145542045107,0.015281155082257126,0.00011616394254996415,0.005727009540212019,0.0,0.0,0.0,1.2431680146755058,False,False,0.0,0.0
Massachusetts,Massachusetts|MW-07|2.926412849,MW-07,2.92641284925295,0.0140929544685323,0.9,1.6562435505849984,False,0.013858872903165417,0.014198893423483343,0.013833796724767089,0.01386332959491887,0.010799106296322799,0.017217820003524502,2.9532870151781007e-05,0.006418713707201703,0.0,0.0,0.0,1.2423679850323102,False,False,0.0,0.0
Massachusetts,Massachusetts|MW-07|3.134435912,MW-07,3.1344359121725134,0.0152504458196402,0.9,1.6562435505849984,False,0.01678248274994631,0.01718944383551978,0.016656700430230664,0.01678443211875628,0.01311624999720942,0.02075847758657241,0.00012773168852561745,0.00764222758936299,0.0,0.0,0.0,1.2369133873615223,False,False,0.0,0.0
Massachusetts,Massachusetts|MW-07|3.266102265,MW-07,3.266102264596502,0.017860623778498,0.9,1.6562435505849984,False,0.01872724700203879,0.01917872936514573,0.018532348447355497,0.01872711207090351,0.014663770956698801,0.023138868181214155,0.0001947636235480124,0.008475097224515353,0.0,0.0,0.0,1.2355723283136641,False,False,0.0,0.0
Massachusetts,Massachusetts|MW-07|3.40334403,MW-07,3.4033440303802185,0.020373762153777,0.9,1.6562435505849984,False,0.020822520656325217,0.021321963616862033,0.020552657874813588,0.020819844912508472,0.01632719433989219,0.025703135035137107,0.000267187037694884,0.009375940695244916,0.0,0.0,0.0,1.2343911411767199,False,False,0.0,0.0
Massachusetts,Massachusetts|MW-07|3.54639916,MW-07,3.546399160038991,0.0226363483064248,0.9,1.6562435505849984,False,0.02307212683013878,0.023623056005837424,0.023047576922156372,0.023083568810922505,0.018110100020582325,0.028455889893327816,3.599188876613271e-05,0.010345789872745492,0.0,0.0,0.0,1.2333448971924126,False,False,0.0,0.0
Massachusetts,Massachusetts|MW-07|3.798394218,MW-07,3.798394217570303,0.0258205688235015,0.9,1.6562435505849984,False,0.027172590786035837,0.027817348581580973,0.027062775120224255,0.027180983600805907,0.021364716742084695,0.03347248487139198,0.00011820848058165245,0.012107768129307288,0.0,0.0,0.0,1.2318473838200847,False,False,0.0,0.0
Massachusetts,Massachusetts|MW-07|3.958106619,MW-07,3.9581066189457967,0.027942256054416,0.9,1.6562435505849984,False,0.029846644810956613,0.030552579979939383,0.02968451750290332,0.029852729286641816,0.023493902972469394,0.036743342875996815,0.00016821178373849568,0.013249439903527421,0.0,0.0,0.0,1.231071134082999,False,False,0.0,0.0
Massachusetts,Massachusetts|MW-07|4.124426439,MW-07,4.124426439189231,0.031873963975321,0.9,1.6562435505849984,False,0.03268112746241752,0.033451901204371845,0.03246877509756164,0.03268464970022443,0.025736978983923037,0.04020993049825388,0.00021587460266279251,0.014472951514330843,0.0,0.0,0.0,1.2303715820237322,False,False,0.0,0.0
Massachusetts,Massachusetts|MW-07|4.239245135,MW-07,4.239245135330145,0.0335969499599582,0.9,1.6562435505849984,False,0.03466255192218548,0.035478645418342815,0.03441920957503758,0.03466427790678831,0.027307743359938363,0.04263293681251086,0.0002450683317507321,0.015325193452572498,0.0,0.0,0.0,1.2299422416508232,False,False,0.0,0.0
Massachusetts,Massachusetts|MW-07|4.41732054,MW-07,4.417320540168519,0.0393472092840099,0.9,1.6562435505849984,False,0.037767761876131276,0.038654870797099505,0.037484050975932284,0.037766765692182964,0.029784218576650135,0.046429739247084184,0.0002827147162506802,0.01664552067043405,0.0,0.0,0.0,1.229348442710532,False,False,0.0,0.0
Massachusetts,Massachusetts|MW-07|4.540293029,MW-07,4.540293029152564,0.0414741706554736,0.9,1.6562435505849984,False,0.039930456439745056,0.04086702041597711,0.03962533617706706,0.03992769168337754,0.03149960824324971,0.049190361427852686,0.0003023555063104838,0.017690753184602975,0.0,0.0,0.0,1.2319008048926463,False,False,0.0,0.0
Massachusetts,Massachusetts|MW-07|4.796666332,MW-07,4.796666332420432,0.0448813371197203,0.9,1.6562435505849984,False,0.04447329322801453,0.0455137272171404,0.04414362983174048,0.044467350855595326,0.035106284775575126,0.054627129490663374,0.0003237210238548477,0.019520844715088248,0.0,0.0,0.0,1.2283131184054694,False,False,0.0,0.0
Massachusetts,Massachusetts|MW-07|4.930134731,MW-07,4.930134730759986,0.0485701042393151,0.9,1.6562435505849984,False,0.04685030864429028,0.04794508603446243,0.04655419590245745,0.04684488654916761,0.03697415760858111,0.05753253642918275,0.0002906906467101608,0.020558378820601637,0.0,0.0,0.0,1.2280076288503667,False,False,0.0,0.0
Massachusetts,Massachusetts|MW-07|5.137501121,MW-07,5.13750112113143,0.05119472621216,0.9,1.6562435505849984,False,0.05055103423369757,0.05173041061276152,0.05032037635147693,0.05054681287550145,0.039914961132589175,0.06205550988461565,0.0002264365240245217,0.02214054875202648,0.0,0.0,0.0,1.2275814100604323,False,False,0.0,0.0
Massachusetts,Massachusetts|MW-07|5.208384467,MW-07,5.208384466754603,0.0554033542907908,0.9,1.6562435505849984,False,0.05181667873395393,0.05302498610767797,0.05161062600549499,0.051812908694237256,0.040922192689947165,0.06360226403265906,0.00020228268874226268,0.022680071342711897,0.0,0.0,0.0,1.227447717350174,False,False,0.0,0.0
Massachusetts,Massachusetts|MW-07|5.502626556,MW-07,5.502626555875864,0.0568781142179882,0.9,1.6562435505849984,False,0.05706398410488761,0.05839222998001454,0.05697007347202811,0.05706227076572562,0.04507214031494791,0.07001458866282281,9.219729369751295e-05,0.0249424483478749,0.0,0.0,0.0,1.2269488322815154,False,False,0.0,0.0
Massachusetts,Massachusetts|MW-07|5.733997406,MW-07,5.733997406496445,0.061551813294089,0.9,1.6562435505849984,False,0.061172585479387476,0.06259473494328742,0.06105005052507611,0.06117039182944761,0.048329222131542074,0.07503498328450592,0.0001203413043715032,0.026705761152963844,0.0,0.0,0.0,1.2266112785079106,False,False,0.0,0.0
Massachusetts,Massachusetts|MW-07|6.057774715,MW-07,6.0577747148318215,0.0666083887663587,0.9,1.6562435505849984,False,0.06687813841393671,0.0684306830948391,0.06599018320900864,0.06685775838560956,0.052853281643116035,0.08200632623044447,0.0008675751766009238,0.02915304458732844,0.0,0.0,0.0,1.2262052768704939,False,False,0.0,0.0
Massachusetts,Massachusetts|MW-07|6.312570769,MW-07,6.312570769077672,0.0702077600971386,0.9,1.6562435505849984,False,0.07132056954635559,0.07297463859257249,0.07053425095156791,0.07129779013029812,0.05639614818006773,0.0874341349231377,0.0007635391787302048,0.03103798674306997,0.0,0.0,0.0,1.2259315297013849,False,False,0.0,0.0
Massachusetts,Massachusetts|MW-07|6.488134577,MW-07,6.488134577074775,0.0780059695962913,0.9,1.6562435505849984,False,0.07435268513225476,0.07607604756791038,0.07365711733641414,0.07432860785189202,0.058804699383342714,0.09113877398616045,0.0006714905154778794,0.03233407460281774,0.0,0.0,0.0,1.2257630484231665,False,False,0.0,0.0
Massachusetts,Massachusetts|MW-07|6.854584977,MW-07,6.854584977044736,0.0822198050602082,0.9,1.6562435505849984,False,0.08059565227012862,0.0824616875960142,0.08014457399807327,0.08056994993457012,0.06372553029110023,0.0989167858353612,0.000425375936496844,0.035191255544260974,0.0,0.0,0.0,1.227321611640123,False,False,0.0,0.0
Massachusetts,Massachusetts|MW-07|7.241542792,MW-07,7.241542791753417,0.0913490410998824,0.9,1.6562435505849984,False,0.08704865299793339,0.08906216770152416,0.0869368282168698,0.08702303708082186,0.06885783076879463,0.10682406446855633,8.620886395206695e-05,0.037966233699761695,0.0,0.0,0.0,1.2271765362192615,False,False,0.0,0.0
Massachusetts,Massachusetts|MW-07|7.650545753,MW-07,7.650545752606605,0.0962836612446436,0.9,1.6562435505849984,False,0.09370007806394787,0.09586561959488314,0.0936705445397837,0.0936705445397837,0.07411674663439881,0.11491677005231217,0.0,0.04080002341791336,0.0,0.0,0.0,1.2264319563734458,False,False,0.0,0.0
Massachusetts,Massachusetts|MW-07|8.082543351,MW-07,8.082543351396787,0.1041935110731739,0.9,1.6562435505849984,False,0.10052605514794602,0.10284763231741498,0.1004918320402686,0.1004918320402686,0.07956517540919898,0.12316031338694554,0.0,0.043595137977746556,0.0,0.0,0.0,1.2251581264746565,False,False,0.0,0.0
Massachusetts,Massachusetts|MW-07|8.538934233,MW-07,8.538934232887996,0.1127531671460985,0.9,1.6562435505849984,False,0.10750769374142784,0.10998889111103678,0.1074698617673069,0.1074698617673069,0.08510025675191225,0.13165524029294506,0.0,0.04655498354103281,0.0,0.0,0.0,1.2246122645844837,False,False,0.0,0.0
Massachusetts,Massachusetts|MW-07|9.400655243,MW-07,9.400655243128096,0.1252660959130316,0.9,1.6562435505849984,False,0.12003686713397199,0.12280460329424164,0.1199964502500809,0.1199964502500809,0.09500166588028679,0.14718747334618237,0.0,0.05218580746589559,0.0,0.0,0.0,1.2261855616567188,False,False,0.0,0.0
Massachusetts,Massachusetts|MW-07|10.06902953,MW-07,10.069029533069491,0.1320305887078479,0.9,1.6562435505849984,False,0.1291715570479021,0.13214828745192556,0.1291331595847017,0.1291331595847017,0.10226271547309412,0.15845529277854636,0.0,0.05619257730545224,0.0,0.0,0.0,1.226704209501668,False,False,0.0,0.0
Massachusetts,Massachusetts|MW-07|11.23913798,MW-07,11.239137979325884,0.1320121404829983,0.9,1.6562435505849984,False,0.14398207106421082,0.14729784590185593,0.1439556257811676,0.1439556257811676,0.11406146739863643,0.17660417418490487,0.0,0.06254270678626844,0.0,0.0,0.0,1.2265705922937153,False,False,0.0,0.0
Massachusetts,Massachusetts|MW-07|11.3946549,MW-07,11.394654896348008,0.132009834636145,0.9,1.6562435505849984,False,0.1458417500859226,0.1492001160208261,0.145817666994823,0.145817666994823,0.11548888758822458,0.17884069616152445,0.0,0.06335180857329988,0.0,0.0,0.0,1.2262654284946564,False,False,0.0,0.0
Massachusetts,Massachusetts|MW-08|0.1922193488,MW-08,0.1922193487680795,0.6914056951381791,0.9,1.6562435505849984,False,0.6675360337257095,0.6825091420316917,0.6669997548317669,0.667806596454804,0.530331525533237,0.8151540091197893,0.0008068416230371245,0.28482248358655227,0.0,0.0045025586748943525,0.0045025586748943525,1.2211385871863452,False,False,0.0,0.0
Massachusetts,Massachusetts|MW-08|0.3566915696,MW-08,0.3566915696113067,0.9644763554547042,0.9,1.6562435505849984,False,0.9882762887597105,1.010451309894315,0.9826373011397025,0.9882778470791509,0.789179872270531,1.2073740192390867,0.005640545939448405,0.4181941469685557,0.0,0.01801023469957741,0.01801023469957741,1.2216968402169646,False,False,0.0,0.0
Massachusetts,Massachusetts|MW-08|0.5216464785,MW-08,0.5216464784559247,1.1390209390125663,0.9,1.6562435505849984,False,1.1902716375626168,1.21698271691078,1.1820525579242434,1.1902845929236239,0.9539802715586108,1.4544981814620301,0.008232034999380522,0.5005179099034194,0.0,0.020261514037024586,0.020261514037024586,1.2219884399165255,False,False,0.0,0.0
Massachusetts,Massachusetts|MW-08|0.6929341774,MW-08,0.6929341773519717,1.2875352937401914,0.9,1.6562435505849984,False,1.338127896105068,1.3681558038410777,1.3247780091778167,1.3381445368262164,1.0717992574318032,1.6358135570987016,0.013366527648399629,0.5640142996668984,0.0,0.045025586748943525,0.045025586748943525,1.22246428152355,False,False,0.0,0.0
Massachusetts,Massachusetts|MW-08|0.8515215056,MW-08,0.8515215056470445,1.4053255196694014,0.9,1.6562435505849984,False,1.4417883831250515,1.4741393293248306,1.4268356853549302,1.441804445322185,1.1556188012717818,1.7623124842757052,0.014968759967254774,0.6066936830039233,0.0,0.10130757018512293,0.10130757018512293,1.2223100871820891,False,False,0.0,0.0
Massachusetts,Massachusetts|MW-08|1.013378356,MW-08,1.013378356379229,1.5474819106845756,0.9,1.6562435505849984,False,1.5258711997681642,1.5601050718448335,1.5108696111703381,1.5258849458051074,1.2217226869421123,1.8644142686866352,0.015015334634769228,0.6426915817445229,0.0,0.2165118355254445,0.2165118355254445,1.221868706198733,False,False,0.0,0.0
Massachusetts,Massachusetts|MW-08|1.178728943,MW-08,1.1787289428610892,1.6024879325846222,0.9,1.6562435505849984,False,1.5957034968792811,1.6315004035587615,1.581451955583056,1.5957142864532292,1.2774386756463059,1.949579342707575,0.014262330870173257,0.6721406670612691,0.0,0.33599531130143795,0.33599531130143795,1.2217679202435596,False,False,0.0,0.0
Massachusetts,Massachusetts|MW-08|1.352329144,MW-08,1.3523291438353853,1.7037701838608306,0.9,1.6562435505849984,True,1.6561544795722563,1.6933040487553814,1.6430603252805374,1.6561621821678443,1.3270741545424838,2.0232811096865144,0.013101856887306917,0.6962069551440306,0.945537321727814,0.5358907963556496,-0.4096465253721644,1.2216741461274059,False,False,0.0,0.0
Massachusetts,Massachusetts|MW-08|1.516392046,MW-08,1.516392045545129,1.7489897797907252,0.9,1.6562435505849984,True,1.704057876668447,1.7422792071595194,1.6921660778043417,1.7040629530424107,1.3653454414701618,2.0816773101653543,0.011896875238069038,0.7163318686951925,1.0,0.6740580301464634,-0.32594196985353663,1.2216001220775317,False,False,0.0,0.0
Massachusetts,Massachusetts|MW-08|1.684852184,MW-08,1.684852184361011,1.7954304517100623,0.9,1.6562435505849984,True,1.7459508752348794,1.7851094901021531,1.7352849563235195,1.7459536495925008,1.3986910110965565,2.1327463660506787,0.010668693268981233,0.7340553549541222,1.0,0.7533606593810644,-0.24663934061893555,1.2215385875411668,False,False,0.0,0.0
Massachusetts,Massachusetts|MW-08|1.829661908,MW-08,1.829661907917865,1.7952422959753995,0.9,1.6562435505849984,True,1.7771846190985525,1.817042086205627,1.7675239599763732,1.7771857449676294,1.4238877486931705,2.1708242608042614,0.00966178499125614,0.7469365121110909,1.0,0.7751782499401515,-0.2248217500598485,1.2214962010561266,False,False,0.0,0.0
Massachusetts,Massachusetts|MW-08|2.005169473,MW-08,2.00516947294017,1.85919580372598,0.9,1.6562435505849984,True,1.810191876504941,1.8507879735833608,1.7085885784430104,1.8102003484212275,1.449817312731389,2.211069683341229,0.10161176997821708,0.7612523706098402,1.0,0.7987284276626649,-0.20127157233733506,1.2214559749380214,False,False,0.0,0.0
Massachusetts,Massachusetts|MW-08|2.157661138,MW-08,2.1576611381915805,1.84277161830948,0.9,1.6562435505849984,True,1.8352692069401781,1.876426576414405,1.737286303256609,1.835296710009421,1.4655576074141707,2.2416516853242507,0.09801040675281203,0.77609407791008,1.0,0.8282544051364886,-0.17174559486351137,1.2214293558935732,False,False,0.0,0.0
Massachusetts,Massachusetts|MW-08|2.343107859,MW-08,2.3431078591865204,1.8425785013623248,0.9,1.6562435505849984,True,1.8620103935629317,1.9037663982366089,1.769509355630218,1.8620553251688567,1.4917857125443752,2.274883181973624,0.0925459695386388,0.783097469429249,1.0,0.8531481508919128,-0.14685184910808724,1.2217349537027373,False,False,0.0,0.0
Massachusetts,Massachusetts|MW-08|2.509765519,MW-08,2.5097655193058177,1.8424175860327632,0.9,1.6562435505849984,True,1.883074698376876,1.9253023643784715,1.7963107318361935,1.8831307879858405,1.5061019075199393,2.300645866859112,0.08682005614964705,0.7945439593391725,1.0,0.8624126143287119,-0.13758738567128814,1.2217496570062585,False,False,0.0,0.0
Massachusetts,Massachusetts|MW-08|2.651586764,MW-08,2.651586764411063,1.842288863887328,0.9,1.6562435505849984,True,1.8991116678600852,1.9416985024137439,1.8177169390958063,1.8991744626034086,1.5205497621850823,2.3195399229977953,0.08145752350760227,0.798990160812713,1.0,0.8826741283657364,-0.11732587163426356,1.2213815344578698,False,False,0.0,0.0
Massachusetts,Massachusetts|MW-08|2.814234884,MW-08,2.814234883599264,1.9079961149420688,0.9,1.6562435505849984,True,1.9156521309230599,1.9586094893495278,1.8408641430802484,1.9157200015062135,1.5344545526532671,2.3403974169975816,0.0748558584259651,0.8059428643443145,1.0,0.8849254077031836,-0.11507459229681638,1.2217235996129723,False,False,0.0,0.0
Massachusetts,Massachusetts|MW-08|2.986925041,MW-08,2.986925040728585,1.891173859274054,0.9,1.6562435505849984,True,1.9313292331971945,1.9746378575809977,1.8639814506525227,1.9313999969037647,1.5417870814578842,2.35886939485758,0.067418546251242,0.8170823133996956,1.0,0.8918089187590303,-0.10819108124096966,1.2213709368198291,False,False,0.0,0.0
Massachusetts,Massachusetts|MW-08|3.170156626,MW-08,3.170156626172978,1.9415029624504867,0.9,1.6562435505849984,True,1.946127288158004,1.9897675632150509,1.887052887189177,1.9461988966967427,1.5586337015226384,2.376940880520942,0.05914600950756577,0.8183071789983039,1.0,0.9031949884897714,-0.09680501151022858,1.2213696889121266,False,False,0.0,0.0
Massachusetts,Massachusetts|MW-08|3.318750711,MW-08,3.318750711057046,1.941389924431098,0.9,1.6562435505849984,True,1.9569164565870405,2.0007985896609606,1.9047771138446379,1.956987431657333,1.5663444963130462,2.3901197112410104,0.05221031781269514,0.8237752149279642,1.0,0.9054462678272187,-0.09455373217278129,1.2213703365801818,False,False,0.0,0.0
Massachusetts,Massachusetts|MW-08|3.458355782,MW-08,3.4583557821267665,2.028410279443301,0.9,1.6562435505849984,True,1.9661787922979241,2.0102685951352766,1.9207003092819674,1.9662483293726731,1.5712442982492818,2.401435700021931,0.04554802009070569,0.830191401772649,1.0,0.9122001058395601,-0.08779989416043987,1.2213719878522902,False,False,0.0,0.0
Massachusetts,Massachusetts|MW-08|3.637096879,MW-08,3.637096878561026,2.010549778706668,0.9,1.6562435505849984,True,1.9769383395706326,2.021269427758482,1.9401479483127622,1.9770051158832398,1.5784756454600577,2.4145835028685796,0.036857167570477634,0.8361078574085219,1.0,0.9167026645144546,-0.08329733548554541,1.221375221744649,False,False,0.0,0.0
Massachusetts,Massachusetts|MW-08|3.807561129,MW-08,3.807561128919378,2.0281622817324294,0.9,1.6562435505849984,True,1.9861789681081106,2.030717321400499,1.9596202468632389,1.9862423977208912,1.5871994326355447,2.425877600315849,0.026622150857652294,0.8386781676803041,1.0,0.9212052231893489,-0.07879477681065106,1.2213791603213697,False,False,0.0,0.0
Massachusetts,Massachusetts|MW-08|3.949680937,MW-08,3.949680937341948,2.0280678143897224,0.9,1.6562435505849984,True,1.9932055960321415,2.037901581678759,1.9767461669457205,1.993265857122265,1.5946426176562696,2.434467207789483,0.016519690176544533,0.8398245901332135,1.0,0.9257077818642433,-0.0742922181357567,1.2213828882658957,False,False,0.0,0.0
Massachusetts,Massachusetts|MW-08|4.1159163,MW-08,4.115916300172501,2.02796154388864,0.9,1.6562435505849984,True,2.0007249233730313,2.0455896205608264,1.9960043962765075,2.0007811835697518,1.597496992002831,2.443660586259233,0.004776787293244267,0.8461635942564021,1.0,0.9279590612016905,-0.07204093879830953,1.2213875869249704,False,False,0.0,0.0
Massachusetts,Massachusetts|MW-08|4.289148227,MW-08,4.289148227103751,2.027855278956117,0.9,1.6562435505849984,True,2.0078407516556496,2.0528651322918585,2.003587945796987,2.0078926374358055,1.6078599784113026,2.452515986363025,0.004304691638818525,0.8446560079517225,1.0,0.9279590612016905,-0.07204093879830953,1.2214693741725782,False,False,0.0,0.0
Massachusetts,Massachusetts|MW-08|4.449224173,MW-08,4.449224172679295,2.045643199720036,0.9,1.6562435505849984,True,2.0138312161589513,2.0589900454743,2.0137365541771377,2.013878974898723,1.6041211674065308,2.460743175612897,0.0001424207215854345,0.8566220082063662,1.0,0.934712899214032,-0.065287100785968,1.2219212592733348,False,False,0.0,0.0
Massachusetts,Massachusetts|MW-08|4.615294491,MW-08,4.615294490565357,2.045547918154578,0.9,1.6562435505849984,True,2.0195129198418,2.064799284023247,2.019426753141196,2.0195563925533606,1.6141804526824015,2.4666381684238066,0.000129639412164817,0.852457715741405,1.0,0.934712899214032,-0.065287100785968,1.2214025194832785,False,False,0.0,0.0
Massachusetts,Massachusetts|MW-08|4.809544397,MW-08,4.809544397426259,2.045440731698232,0.9,1.6562435505849984,True,2.025541446266417,2.070963146857955,2.025465058302617,2.0255799854224215,1.6228788954443478,2.4740130224073758,0.00011492711980443104,0.8511341269630279,1.0,0.9369641785514791,-0.06303582144852093,1.2214082446782832,False,False,0.0,0.0
Massachusetts,Massachusetts|MW-08|5.058120106,MW-08,5.058120105971941,2.027430274905802,0.9,1.6562435505849984,True,2.032399442140941,2.077975119861638,2.032335087628176,2.032431910195902,1.6263879936731012,2.4824036985630853,9.682256772602926e-05,0.8560157048899841,1.0,0.9369641785514792,-0.06303582144852082,1.2214152627143546,False,False,0.0,0.0
Massachusetts,Massachusetts|MW-08|5.295185183,MW-08,5.295185183113407,2.0451906518084173,0.9,1.6562435505849984,True,2.038158607254755,2.0838636056577866,2.0381050384677364,2.03818563370941,1.6303115496395426,2.490600445833996,8.059524167380872e-05,0.8602888961944535,1.0,0.9392154578889264,-0.06078454211107365,1.2219855888392541,False,False,0.0,0.0
Massachusetts,Massachusetts|MW-08|5.492831571,MW-08,5.49283157099942,2.0450953913216474,0.9,1.6562435505849984,True,2.042450762022025,2.0882521472576987,2.042405578900872,2.04247355775146,1.6243386257513874,2.4958306016300416,6.797885058773545e-05,0.8714919758786541,1.0,0.9392154578889264,-0.06078454211107365,1.221978344858199,False,False,0.0,0.0
Massachusetts,Massachusetts|MW-08|5.64589282,MW-08,5.645892819630971,2.045023948868379,0.9,1.6562435505849984,True,2.0454907262088504,2.0913603816156217,2.0454516289340594,2.045510451515005,1.626761474561252,2.4987894552839043,5.882258094569437e-05,0.8720279807226523,1.0,0.9414667372263735,-0.05853326277362647,1.2216087920942111,False,False,0.0,0.0
Massachusetts,Massachusetts|MW-08|5.964929615,MW-08,5.964929615399978,2.044881071448971,0.9,1.6562435505849984,True,2.051124719503915,2.0971209053865745,2.0510971204620745,2.0511386437365577,1.6345338153985927,2.506248230645387,4.152327448325721e-05,0.8717144152467944,1.0,0.9437180165638207,-0.056281983436179295,1.221889730455566,False,False,0.0,0.0
Massachusetts,Massachusetts|MW-08|6.215983373,MW-08,6.215983372552827,2.044773919935309,0.9,1.6562435505849984,True,2.0549741518027367,2.1010567910950515,2.054954469864467,2.0549840817085974,1.6450594185679375,2.511004739225495,2.9611844130528198e-05,0.8659453206575574,1.0,0.9437180165638207,-0.056281983436179295,1.221915485906576,False,False,0.0,0.0
Massachusetts,Massachusetts|MW-08|6.389195707,MW-08,6.389195706515373,2.04470248871218,0.9,1.6562435505849984,True,2.0573683936615637,2.103504803982735,2.057353606698201,2.0573758539610596,1.64563771651463,2.514021715459372,2.2247262858599015e-05,0.8683839989447417,1.0,0.9437180165638207,-0.056281983436179295,1.221959918896726,False,False,0.0,0.0
Massachusetts,Massachusetts|MW-08|6.567234712,MW-08,6.567234712436089,2.044631059984395,0.9,1.6562435505849984,True,2.0596295433135503,2.1058167343720773,2.0596193217935,2.0596347002615327,1.6380305533383672,2.51662823274175,1.5378468032789527e-05,0.878597679403383,1.0,0.9437180165638207,-0.056281983436179295,1.2218839261224503,False,False,0.0,0.0
Massachusetts,Massachusetts|MW-08|6.938334481,MW-08,6.9383344811800844,2.044488210014519,0.9,1.6562435505849984,True,2.0637686531163713,2.1100487940970813,2.0637665157556144,2.0637697314548364,1.6480471264177277,2.521711228237843,3.2156992220144787e-06,0.8736641018201154,1.0,0.9459692959012679,-0.05403070409873212,1.2218962742892527,False,False,0.0,0.0
Massachusetts,Massachusetts|MW-08|7.230357196,MW-08,7.230357195980686,2.0443810790867483,0.9,1.6562435505849984,True,2.0665539502474783,2.112896632126182,2.066502330230299,2.0665540366519157,1.6471859732237886,2.5251105989738343,5.170642161678174e-05,0.8779246257500457,1.0,0.9482205752387151,-0.05177942476128494,1.2218943515466614,False,False,0.0,0.0
Massachusetts,Massachusetts|MW-08|7.638928535,MW-08,7.638928535495,2.04423824658201,0.9,1.6562435505849984,True,2.0698694301645313,2.1162865455186517,2.069721911233251,2.0698696770898715,1.6461903175115709,2.5292920246969306,0.00014776585662046315,0.8831017071853597,1.0,0.9504718545761622,-0.049528145423837766,1.2219572828300964,False,False,0.0,0.0
Massachusetts,Massachusetts|MW-08|7.851792142,MW-08,7.851792142313622,2.044166834071854,0.9,1.6562435505849984,True,2.07136616785724,2.117816879367022,2.071180196818489,2.0713664791458424,1.6473825944922407,2.53130941756906,0.0001862823273532932,0.8839268230768194,1.0,0.9504718545761622,-0.049528145423837766,1.2220482582215852,False,False,0.0,0.0
Massachusetts,Massachusetts|MW-08|8.070587329,MW-08,8.070587329051772,2.044095424056392,0.9,1.6562435505849984,True,2.072761354378544,2.1192433781713653,2.072543092591664,2.0727617197171857,1.6484938147000314,2.532785340532469,0.00021862712552156438,0.8842915258324375,1.0,0.9504718545761622,-0.049528145423837766,1.2219377475280309,False,False,0.0,0.0
Massachusetts,Massachusetts|MW-08|8.295479383,MW-08,8.295479382960114,2.0440240165355346,0.9,1.6562435505849984,True,2.074059342064578,2.1205704920669657,2.073814754454895,2.074059751468837,1.6515057241732563,2.5342160799138522,0.00024499701394198325,0.882710355740596,1.0,0.9504718545761622,-0.049528145423837766,1.22186286019725,False,False,0.0,0.0
Massachusetts,Massachusetts|MW-10|0.1641209621,MW-10,0.1641209620762556,0.0068851532459562,0.9,1.6562435505849984,False,0.006867438629123289,0.0068734846319616575,0.00556282297410021,0.00679877464727998,0.006391788081235132,0.00727615858650914,0.0012359516731797705,0.0008843705052740082,0.0,0.0,0.0,1.0595156330414894,False,False,0.0,0.0
Massachusetts,Massachusetts|MW-10|0.3291085076,MW-10,0.3291085076272816,0.0183908979313357,0.9,1.6562435505849984,False,0.018120434041603108,0.018135127794415933,0.016897599479357883,0.01805607432780073,0.016964448547915005,0.01911375643724963,0.0011584748484428468,0.0021493078893346264,0.0,0.0,0.0,1.0548178036666194,False,False,0.0,0.0
Massachusetts,Massachusetts|MW-10|0.4946242978,MW-10,0.4946242978484903,0.0319600042325634,0.9,1.6562435505849984,False,0.03192145399892802,0.03194675361849975,0.031921453998928,0.031921453998928,0.029931084786018133,0.0336631567138381,0.0,0.0037320719278199667,0.0,0.0,0.0,1.054562136015752,False,False,0.0,0.0
Massachusetts,Massachusetts|MW-10|0.6599634036,MW-10,0.6599634035657151,0.0478467874816704,0.9,1.6562435505849984,False,0.04849009604640444,0.04852812840677902,0.0484900960464044,0.0484900960464044,0.04552729980961196,0.05106114755384547,0.0,0.00553384774423351,0.0,0.0,0.0,1.0530221986976591,False,False,0.0,0.0
Massachusetts,Massachusetts|MW-10|0.8335021762,MW-10,0.8335021761597803,0.0667765258501425,0.9,1.6562435505849984,False,0.06851445663380255,0.06856787740032241,0.0685144566338025,0.0685144566338025,0.06444999279051097,0.07222043196525442,0.0,0.007770439174743446,0.0,0.0,0.0,1.0540904141042764,False,False,0.0,0.0
Massachusetts,Massachusetts|MW-10|0.9963967611,MW-10,0.99639676106962,0.0884191333528719,0.9,1.6562435505849984,False,0.08929882011785087,0.08936821334078786,0.0892988201178508,0.0892988201178508,0.08384270828993626,0.09404413284930298,0.0,0.01020142455936672,0.0,0.0,0.0,1.0531397024640365,False,False,0.0,0.0
Massachusetts,Massachusetts|MW-10|1.153573878,MW-10,1.1535738781921387,0.1101017654764233,0.9,1.6562435505849984,False,0.11075723839208895,0.11084312207194706,0.1107572383920889,0.1107572383920889,0.10430222689902019,0.11673672111666239,0.0,0.0124344942176422,0.0,0.0,0.0,1.0539872861709103,False,False,0.0,0.0
Massachusetts,Massachusetts|MW-10|1.341670942,MW-10,1.3416709423670032,0.1383097961383468,0.9,1.6562435505849984,False,0.13775325560136564,0.13785988529582474,0.1377532556013656,0.1377532556013656,0.12936449463871294,0.14516670481769958,0.0,0.015802210178986642,0.0,0.0,0.0,1.0538168712163667,False,False,0.0,0.0
Massachusetts,Massachusetts|MW-10|1.497467019,MW-10,1.4974670186300627,0.1619679534444106,0.9,1.6562435505849984,False,0.1608618285168319,0.1609862167860983,0.1608618285168318,0.1608618285168318,0.15107596668230622,0.16927068466079973,0.0,0.018194717978493508,0.0,0.0,0.0,1.052273781925138,False,False,0.0,0.0
Massachusetts,Massachusetts|MW-10|1.671368877,MW-10,1.671368876911581,0.1863712562235201,0.9,1.6562435505849984,False,0.18715566287077157,0.1873002575381594,0.1871556628707715,0.1871556628707715,0.1757801252464361,0.19693050550198962,0.0,0.02115038025555352,0.0,0.0,0.0,1.0522284096632837,False,False,0.0,0.0
Massachusetts,Massachusetts|MW-10|1.823233518,MW-10,1.8232335177888288,0.2125828649775576,0.9,1.6562435505849984,False,0.21035725933558885,0.21051968406491853,0.2103572593355888,0.2103572593355888,0.19757899681048094,0.221337444132843,0.0,0.02375844732236207,0.0,0.0,0.0,1.052197793562889,False,False,0.0,0.0
Massachusetts,Massachusetts|MW-10|1.988914319,MW-10,1.988914319456344,0.2382600690607651,0.9,1.6562435505849984,False,0.23576096266285285,0.23594290973861087,0.2357609626628528,0.2357609626628528,0.22144683999626608,0.2480608909027729,0.0,0.026614050906506814,0.0,0.0,0.0,1.0521711826292015,False,False,0.0,0.0
Massachusetts,Massachusetts|MW-10|2.140066993,MW-10,2.14006699275839,0.2601012164886404,0.9,1.6562435505849984,False,0.25890918308955935,0.2591089192086135,0.2589091830895593,0.2589091830895593,0.24319556253711166,0.2724116805660971,0.0,0.02921611802898544,0.0,0.0,0.0,1.0521514815172357,False,False,0.0,0.0
Massachusetts,Massachusetts|MW-10|2.302696848,MW-10,2.302696847933722,0.286448571796467,0.9,1.6562435505849984,False,0.28369118393205334,0.2839099646289551,0.2836911839320533,0.2836911839320533,0.2664792902014886,0.2984811268919007,0.0,0.03200183669041212,0.0,0.0,0.0,1.0521339533885188,False,False,0.0,0.0
Massachusetts,Massachusetts|MW-10|2.489093695,MW-10,2.489093695374437,0.3072620594253882,0.9,1.6562435505849984,False,0.31184168270732204,0.3120820966197493,0.311841682707322,0.311841682707322,0.29292786274676225,0.3280940674099276,0.0,0.035166204663165335,0.0,0.0,0.0,1.0521174224096885,False,False,0.0,0.0
Massachusetts,Massachusetts|MW-10|2.641716823,MW-10,2.64171682326938,0.3325021709456003,0.9,1.6562435505849984,False,0.33463275759621003,0.33489068609120515,0.33463275759621,0.33463275759621,0.31434103209753383,0.3520691575287382,0.0,0.03772812543120435,0.0,0.0,0.0,1.0521060760990055,False,False,0.0,0.0
Massachusetts,Massachusetts|MW-10|2.842468494,MW-10,2.84246849405179,0.3661834929970484,0.9,1.6562435505849984,False,0.36419443383222216,0.36447508001042467,0.3641944338322221,0.3641944338322221,0.3421154649674394,0.3831665873461905,0.0,0.04105112237875114,0.0,0.0,0.0,1.052093474670479,False,False,0.0,0.0
Massachusetts,Massachusetts|MW-10|2.989286796,MW-10,2.989286796189463,0.3859667518236122,0.9,1.6562435505849984,False,0.3854852855493353,0.38578229341219544,0.3854852855493353,0.3854852855493353,0.3621191118188212,0.40556351645605443,0.0,0.0434444046372332,0.0,0.0,0.0,1.0520855961547446,False,False,0.0,0.0
Massachusetts,Massachusetts|MW-10|3.158108181,MW-10,3.1581081812488088,0.4104040672863653,0.9,1.6562435505849984,False,0.4096014368819901,0.4099169776278228,0.4096014368819901,0.4096014368819901,0.38477724598285534,0.43093252183812064,0.0,0.0461552758552653,0.0,0.0,0.0,1.052077661442082,False,False,0.0,0.0
Massachusetts,Massachusetts|MW-10|3.351782374,MW-10,3.3517823737857912,0.4363860798456591,0.9,1.6562435505849984,False,0.4367678663827494,0.4371042841023486,0.43616670997878354,0.43673622657201433,0.41030124423180064,0.459510269867222,0.00056951659323079,0.049209025635421344,0.0,0.0,0.0,1.0520697726067214,False,False,0.0,0.0
Massachusetts,Massachusetts|MW-10|3.50879783,MW-10,3.508797830245685,0.4599647490023506,0.9,1.6562435505849984,False,0.458391297761959,0.4587443327484551,0.4565289529071607,0.4582932796117065,0.43061736360419406,0.48225705642827327,0.0017643267045457933,0.05163969282407921,0.0,1.985981428492574e-48,1.985981428492574e-48,1.0520641617387503,False,False,0.0,0.0
Massachusetts,Massachusetts|MW-10|3.623068108,MW-10,3.623068107986476,0.4763865376664573,0.9,1.6562435505849984,False,0.473900158894059,0.47426511219639383,0.47110168655897117,0.4737528708764228,0.44518858815056994,0.49857161575006737,0.002651184317451649,0.053383027599497423,0.0,1.985981428492574e-48,1.985981428492574e-48,1.0520604528042028,False,False,0.0,0.0
Massachusetts,Massachusetts|MW-10|3.8102057,MW-10,3.810205699575216,0.5021235748524073,0.9,1.6562435505849984,False,0.49888325198311334,0.49926740439952444,0.4945245300758296,0.4986538455669406,0.4686612504023553,0.5248526012313072,0.0041293154911110075,0.05619135082895188,0.0,1.985981428492574e-48,1.985981428492574e-48,1.0520549630498979,False,False,0.0,0.0
Massachusetts,Massachusetts|MW-10|3.970466756,MW-10,3.970466756451399,0.5292572322385969,0.9,1.6562435505849984,False,0.5198699475145981,0.5202702278764222,0.5141534914417226,0.5195690814054994,0.48837912977924536,0.5469295729896119,0.005415589963776779,0.05855044321036651,0.0,1.985981428492574e-48,1.985981428492574e-48,1.0520507592415773,False,False,0.0,0.0
Massachusetts,Massachusetts|MW-10|4.175639245,MW-10,4.175639244716656,0.5338904399735975,0.9,1.6562435505849984,False,0.5461938410559889,0.546614350915947,0.5387174157038744,0.545800344984825,0.5131115302088676,0.5746210146179542,0.007082929280950556,0.06150948440908666,0.0,1.985981428492574e-48,1.985981428492574e-48,1.052045943079485,False,False,0.0,0.0
Massachusetts,Massachusetts|MW-10|4.291864897,MW-10,4.291864897476698,0.5677133110615071,0.9,1.6562435505849984,False,0.5608382540123013,0.5612700178732721,0.5523567362735806,0.5603918583418422,0.5268705694909086,0.5900262169647663,0.008035122068261624,0.06315564747385771,0.0,1.985981428492574e-48,1.985981428492574e-48,1.0520434594888117,False,False,0.0,0.0
Massachusetts,Massachusetts|MW-10|4.513606103,MW-10,4.513606102923091,0.5828284400872693,0.9,1.6562435505849984,False,0.5882509481792394,0.5887037782644994,0.5778408589126043,0.5877030487441535,0.5526259437073198,0.618863023313561,0.009862189831549184,0.06623707960624126,0.0,1.985981428492574e-48,1.985981428492574e-48,1.0520391428676357,False,False,0.0,0.0
Massachusetts,Massachusetts|MW-10|4.660599759,MW-10,4.660599759424925,0.6036367422262995,0.9,1.6562435505849984,False,0.6060493815842211,0.6065158894855985,0.5943557792431245,0.6054339288294266,0.5693483172916004,0.6375861000854308,0.011078149586302044,0.06823778279383041,0.0,1.985981428492574e-48,1.985981428492574e-48,1.0520365492639765,False,False,0.0,0.0
Massachusetts,Massachusetts|MW-10|4.87896985,MW-10,4.878969849752808,0.6251770280081721,0.9,1.6562435505849984,False,0.6319543964722935,0.6324408119701487,0.6183510316427718,0.6312384299023188,0.5936871636837471,0.6648369019672448,0.01288739825954699,0.07114973828349769,0.0,1.985981428492574e-48,1.985981428492574e-48,1.0520330354191831,False,False,0.0,0.0
Massachusetts,Massachusetts|MW-10|5.060970216,MW-10,5.060970215590215,0.6532036030334853,0.9,1.6562435505849984,False,0.6530681133256053,0.6535707543827615,0.6378734784438439,0.6522683957002495,0.6135243849121602,0.6870474939103217,0.014394917256405626,0.0735231089981615,0.0,1.985981428492574e-48,1.985981428492574e-48,1.0520303776763558,False,False,0.0,0.0
Massachusetts,Massachusetts|MW-10|5.201929225,MW-10,5.201929225274227,0.6706143977723698,0.9,1.6562435505849984,False,0.6691307971005602,0.6696457820775452,0.6527056609430554,0.6682663162501653,0.6286159490256502,0.7039446474202803,0.015560655307109927,0.07532869839463008,0.0,1.985981428492574e-48,1.985981428492574e-48,1.052028468082135,False,False,0.0,0.0
Massachusetts,Massachusetts|MW-10|5.346814249,MW-10,5.346814249450446,0.6884892679879229,0.9,1.6562435505849984,False,0.6853835575359494,0.6859110325036869,0.6676965309045415,0.6844526613974543,0.643886098122049,0.7210417522307199,0.016756130492912802,0.07715565410867087,0.0,1.985981428492574e-48,1.985981428492574e-48,1.0520266269925802,False,False,0.0,0.0
Massachusetts,Massachusetts|MW-10|5.520966928,MW-10,5.520966928397756,0.7068364678962098,0.9,1.6562435505849984,False,0.7045827233588283,0.7051249525835142,0.6853840405627022,0.7035722663695587,0.6619245184757679,0.7412383306305363,0.01818822580685653,0.0793138121547684,0.0,1.985981428492574e-48,1.985981428492574e-48,1.0520245615688197,False,False,0.0,0.0
Massachusetts,Massachusetts|MW-10|5.648802779,MW-10,5.648802778973147,0.7256810432967666,0.9,1.6562435505849984,False,0.7184474646558984,0.7190003487161903,0.6981434832117628,0.7173788340535756,0.6749510235812182,0.7558233567292096,0.019235350841812826,0.08087233314799147,0.0,3.971962856985148e-48,3.971962856985148e-48,1.052023138659432,False,False,0.0,0.0
Massachusetts,Massachusetts|MW-10|5.859545834,MW-10,5.859545834031684,0.7515851325663183,0.9,1.6562435505849984,False,0.7408940408555753,0.7414641747566112,0.7187772804631465,0.7397300008349214,0.6960405219858341,0.7794360511663811,0.02095272037177487,0.08339552918054705,0.0,3.971962856985148e-48,3.971962856985148e-48,1.0520209479162472,False,False,0.0,0.0
Massachusetts,Massachusetts|MW-10|5.940547049,MW-10,5.940547049208386,0.7716317127040275,0.9,1.6562435505849984,False,0.7493889829367469,0.749965645067154,0.726578880363317,0.7481884512223561,0.7040218758401807,0.7883723125293529,0.02160957085903914,0.08435043668917219,0.0,3.971962856985148e-48,3.971962856985148e-48,1.0520201530583435,False,False,0.0,0.0
Massachusetts,Massachusetts|MW-10|6.190574586,MW-10,6.190574585559644,0.7715912792983102,0.9,1.6562435505849984,False,0.7751600587069805,0.7757565255037597,0.7502230020375469,0.7738475820401683,0.728234880821733,0.8154822170451462,0.023624580002621465,0.08724733622341319,0.0,3.971962856985148e-48,3.971962856985148e-48,1.0520178482950036,False,False,0.0,0.0
Massachusetts,Massachusetts|MW-10|6.421557867,MW-10,6.421557866827258,0.7921484102011915,0.9,1.6562435505849984,False,0.7983827620821345,0.7989970751611842,0.7714998716534502,0.796967873112204,0.7500535832119988,0.839911359107822,0.02546800145875372,0.08985777589582322,0.0,3.971962856985148e-48,3.971962856985148e-48,1.0520158988871244,False,False,0.0,0.0
Massachusetts,Massachusetts|MW-10|6.57016048,MW-10,6.570160480004203,0.8349738198369397,0.9,1.6562435505849984,False,0.8130364283853807,0.8136620025764949,0.7849120534363753,0.8115561981249071,0.7638213164010157,0.8553262955206105,0.026644144688531823,0.09150497911959476,0.0,3.971962856985148e-48,3.971962856985148e-48,1.0520147261042334,False,False,0.0,0.0
Massachusetts,Massachusetts|MW-10|6.784277634,MW-10,6.784277633785919,0.8276410070838782,0.9,1.6562435505849984,False,0.8337691375892922,0.8344106445413216,0.8038708886385074,0.8321955455392511,0.7833005649861761,0.8771360861511182,0.028324656900743705,0.09383552116494209,0.0,3.971962856985148e-48,3.971962856985148e-48,1.0520131372183126,False,False,0.0,0.0
Massachusetts,Massachusetts|MW-10|7.037290295,MW-10,7.037290295112984,0.8800632300798256,0.9,1.6562435505849984,False,0.8577079405784374,0.858367844124027,0.8257371533680423,0.8560252675673643,0.8057920729541148,0.9023185297962417,0.03028811419932198,0.0965264568421269,0.0,3.971962856985148e-48,3.971962856985148e-48,1.052011398177938,False,False,0.0,0.0
Massachusetts,Massachusetts|MW-10|7.468989732,MW-10,7.468989731966448,0.903484023938236,0.9,1.6562435505849984,False,0.8972225269525734,0.8979127968362607,0.8617765815048463,0.8953569508763776,0.8429176817277326,0.9438859316825536,0.033580369371531305,0.10096824995482101,0.0,3.971962856985148e-48,3.971962856985148e-48,1.0520087306417427,False,False,0.0,0.0
Massachusetts,Massachusetts|MW-10|7.783278849,MW-10,7.783278849165212,0.9194413587048328,0.9,1.6562435505849984,False,0.9249930075606712,0.9257046186218999,0.8870666600978959,0.9229968840099992,0.8690092112897475,0.9730991117746627,0.03593022391210332,0.10408990048491518,0.0,3.971962856985148e-48,3.971962856985148e-48,1.0520069922915998,False,False,0.0,0.0
Massachusetts,Massachusetts|MW-10|8.14796052,MW-10,8.147960519566583,0.9522508751586054,0.9,1.6562435505849984,False,0.9562267382772432,0.9569623519692476,0.9154753007507649,0.9540819257758499,0.8983546093699595,1.0059554606887537,0.03860662502508505,0.10760085131879427,0.0,3.971962856985148e-48,3.971962856985148e-48,1.0520051577945861,False,False,0.0,0.0
Massachusetts,Massachusetts|MW-10|8.336696198,MW-10,8.336696197693055,0.9606205990058588,0.9,1.6562435505849984,False,0.9719935498084379,0.9727412800471054,0.9298024176940558,0.9697729639076812,0.9131681891192757,1.022541371146667,0.03997054621362539,0.10937318202739144,0.0,3.971962856985148e-48,3.971962856985148e-48,1.0520042765182869,False,False,0.0,0.0
Massachusetts,Massachusetts|MW-10|8.727422295,MW-10,8.727422294702428,0.9690356770038204,0.9,1.6562435505849984,False,1.0038155629630183,1.0045877479182619,0.9586922190918616,1.0014406501276947,0.9430663031873288,1.0560165642589945,0.042748431035833034,0.11295026107166573,0.0,3.971962856985148e-48,3.971962856985148e-48,1.052002582169469,False,False,0.0,0.0
Massachusetts,Massachusetts|MW-10|9.053060668,MW-10,9.053060668132408,0.9948532228939772,0.9,1.6562435505849984,False,1.029532845903842,1.0303247941865148,0.9820150143430636,1.0270319074006435,0.9672287675528007,1.0830698813633062,0.04501689305757994,0.11584111381050544,0.0,3.971962856985148e-48,3.971962856985148e-48,1.052001289393019,False,False,0.0,0.0
Massachusetts,Massachusetts|MW-11|0.1795650203,MW-11,0.1795650202739737,0.2022687498663643,0.9,1.6562435505849984,False,0.19716988088710982,0.19732217132528218,0.1795887145159588,0.19624455634873741,0.18518890247226985,0.20772110675917432,0.0166558418327786,0.022532204286904473,0.0,0.0,0.0,1.0535133754942299,False,False,0.0,0.0
Massachusetts,Massachusetts|MW-11|0.3455955422,MW-11,0.3455955421899541,0.3802896966917835,0.9,1.6562435505849984,False,0.38945478133636996,0.389754839698402,0.389454781323958,0.389454781323958,0.36584861934154017,0.4104413994001274,0.0,0.044592780058587245,0.0,0.0,0.0,1.0538871752755077,False,False,0.0,0.0
Massachusetts,Massachusetts|MW-11|0.5076951665,MW-11,0.5076951665236507,0.5353222678485561,0.9,1.6562435505849984,False,0.549870490776067,0.5502938260893617,0.5498704907551525,0.5498704907551525,0.5165658965774897,0.5794558942084314,0.0,0.06288999763094161,0.0,1.0154818972653022e-12,1.0154818972653022e-12,1.0538043119764595,False,False,0.0,0.0
Massachusetts,Massachusetts|MW-11|0.6712873744,MW-11,0.6712873743528813,0.6664844302151164,0.9,1.6562435505849984,False,0.6917220603715245,0.6922544063862375,0.678768448578624,0.6910402913153433,0.6498413869686198,0.7287831084611549,0.01227184273671933,0.07894172149253509,0.0,2.0309637945306045e-12,2.0309637945306045e-12,1.0535779472895874,False,False,0.0,0.0
Massachusetts,Massachusetts|MW-11|0.8401381719,MW-11,0.8401381718930785,0.7941988646428686,0.9,1.6562435505849984,False,0.8187299217328787,0.8193598712924728,0.803400165523446,0.8179230924489687,0.7691705918289138,0.8624848138689267,0.014522926925522706,0.09331422204001294,0.0,3.0464456917959045e-12,3.0464456917959045e-12,1.053442400203768,False,False,0.0,0.0
Massachusetts,Massachusetts|MW-11|0.9998138193,MW-11,0.9998138193352706,0.9057962978148518,0.9,1.6562435505849984,False,0.9225917591674414,0.9233015249163441,0.8860610890317939,0.9206690923222682,0.8667531378418318,0.972164297874001,0.03460800329047431,0.10541116003216922,0.0,7.108373280857109e-12,7.108373280857109e-12,1.053731824736105,False,False,0.0,0.0
Massachusetts,Massachusetts|MW-11|1.178991481,MW-11,1.178991481284275,1.0240560322695995,0.9,1.6562435505849984,False,1.0228444202881855,1.0236312286311162,0.9659905397523779,1.0198521108045107,0.9609447115675012,1.0774776643170183,0.05386157105213274,0.11653295274951714,0.0,8.123855178122416e-12,8.123855178122416e-12,1.0534130537794204,False,False,0.0,0.0
Massachusetts,Massachusetts|MW-11|1.321984862,MW-11,1.32198486158074,1.1178720112783955,0.9,1.6562435505849984,False,1.0922182637729998,1.0930583848240372,1.022247762676733,1.0885356058483862,1.0261243429067808,1.1509593154521902,0.06628784317165315,0.12483497254540943,0.0,9.139337075387718e-12,9.139337075387718e-12,1.0537814222921644,False,False,0.0,0.0
Massachusetts,Massachusetts|MW-11|1.489152839,MW-11,1.4891528389907769,1.1781627440370952,0.9,1.6562435505849984,False,1.1631170899275207,1.164011695611873,1.1580161324867169,1.1628486184854374,1.0927367593327253,1.225697710375581,0.004832485998720548,0.13296095104285577,0.0,9.139337075387718e-12,9.139337075387718e-12,1.0538042308809683,False,False,0.0,0.0
Massachusetts,Massachusetts|MW-11|1.64700342,MW-11,1.6470034197723251,1.2417340850540572,0.9,1.6562435505849984,False,1.2214072134201366,1.22234661414803,1.2087258645864971,1.2207397740132333,1.1475027715482529,1.2866913041303027,0.012013909426736191,0.13918853258204988,0.0,9.13933707538772e-12,9.13933707538772e-12,1.0534498977841797,False,False,0.0,0.0
Massachusetts,Massachusetts|MW-11|1.82994956,MW-11,1.829949560232065,1.3087279905056048,0.9,1.6562435505849984,False,1.2800530541630408,1.2810375232975966,1.2604080088051406,1.2790191044157173,1.2026029950315245,1.3472239536301223,0.018611095610576722,0.1446209585985978,0.0,1.015481897265302e-11,1.015481897265302e-11,1.0524750901914772,False,False,0.0,0.0
Massachusetts,Massachusetts|MW-11|2.00547596,MW-11,2.00547596039691,1.367302499180636,0.9,1.6562435505849984,False,1.3287038286642856,1.329725685154234,1.3040578448993938,1.3274066716345105,1.2483124351719903,1.3991767404538227,0.023348826735116734,0.15086430528183237,0.0,1.7263192253510128e-11,1.7263192253510128e-11,1.0530388415154803,False,False,0.0,0.0
Massachusetts,Massachusetts|MW-11|2.167860943,MW-11,2.167860943368145,1.4036573188451884,0.9,1.6562435505849984,False,1.368079274640543,1.369131390541732,1.3400979769238042,1.3666065747726157,1.2853073157225945,1.4414256248213893,0.026508597848811544,0.15611830909879476,0.0,2.0309637945306026e-11,2.0309637945306026e-11,1.053612646240926,False,False,0.0,0.0
Massachusetts,Massachusetts|MW-11|2.322023439,MW-11,2.322023439499756,1.4409955464283053,0.9,1.6562435505849984,False,1.4011586871947497,1.4022362241044766,1.371008522021049,1.3995718364089573,1.3163868091853288,1.47540141318644,0.028563314387908267,0.15901460400111112,0.0,2.6402529328897836e-11,2.6402529328897836e-11,1.0529866650153175,False,False,0.0,0.0
Massachusetts,Massachusetts|MW-11|2.487181433,MW-11,2.4871814332523514,1.440869701980931,0.9,1.6562435505849984,False,1.4325768398346146,1.4336785211007568,1.401029641271315,1.4309164609762797,1.3459054793889689,1.5093917079872554,0.02988681970496465,0.16348622859828654,0.0,3.249542071248965e-11,3.249542071248965e-11,1.0536200684086927,False,False,0.0,0.0
Massachusetts,Massachusetts|MW-11|2.627692078,MW-11,2.627692078273882,1.479223641448951,0.9,1.6562435505849984,False,1.4564477064345784,1.4575677320864617,1.4243584771181756,1.4547587996421003,1.3683331582735674,1.5345001670198053,0.03040032252392466,0.1661670087462379,0.0,3.960379399334676e-11,3.960379399334676e-11,1.0535909804659593,False,False,0.0,0.0
Massachusetts,Massachusetts|MW-11|2.814603581,MW-11,2.8146035813024968,1.466164676783733,0.9,1.6562435505849984,False,1.4846665963467394,1.485808307771937,1.4526303435536907,1.48298047779231,1.3948459871452772,1.5644600159748037,0.03035013423861921,0.16961402882952648,0.0,5.0774094863265075e-11,5.0774094863265075e-11,1.0537450090305855,False,False,0.0,0.0
Massachusetts,Massachusetts|MW-11|2.987238094,MW-11,2.987238094335151,1.5318479830893694,0.9,1.6562435505849984,False,1.507614575388664,1.5087739219750345,1.476279482938391,1.505965360009872,1.4164065745284207,1.5885950979938601,0.02968587707148096,0.17218852346543945,0.0,0.007142857208863466,0.007142857208863466,1.0537143404734723,False,False,0.0,0.0
Massachusetts,Massachusetts|MW-11|3.170488884,MW-11,3.1704888839135266,1.572614481004642,0.9,1.6562435505849984,False,1.5291541777346846,1.5303300771668824,1.499117891771881,1.5275733205915227,1.4366439329835023,1.6100487527085128,0.028455428819641693,0.17340481972501043,0.0,0.00952380959590874,0.00952380959590874,1.0529015165061164,False,False,0.0,0.0
Massachusetts,Massachusetts|MW-11|3.288843899,MW-11,3.2888438991538487,1.558794567877767,0.9,1.6562435505849984,False,1.5417077636316947,1.5428933102973306,1.5127600412174897,1.540184199306417,1.4484385526997987,1.6232700960582362,0.027424158088927175,0.17483154335843754,0.0,0.014285714365937358,0.014285714365937358,1.0529038864242408,False,False,0.0,0.0
Massachusetts,Massachusetts|MW-11|3.458823971,MW-11,3.4588239710637363,1.5450691141024682,0.9,1.6562435505849984,False,1.5580901224786023,1.5592882587295105,1.5309854772795,1.5566635622164935,1.4638304649395022,1.64185792905727,0.025678084936993528,0.1780274641177677,0.0,0.02380952389787074,0.02380952389787074,1.0537631330628103,False,False,0.0,0.0
Massachusetts,Massachusetts|MW-11|3.604321301,MW-11,3.6043213007333694,1.6143248886048454,0.9,1.6562435505849984,False,1.5707333459289254,1.5719411982983298,1.545421356551641,1.5694011359724656,1.4757093028605441,1.6548535260652568,0.02397977942082452,0.17914422320471268,0.0,0.042857142943458826,0.042857142943458826,1.0535547171990438,False,False,0.0,0.0
Massachusetts,Massachusetts|MW-11|3.807993449,MW-11,3.807993448867247,1.6142121023588458,0.9,1.6562435505849984,False,1.5865566438672036,1.5877766561923692,1.5640128125282633,1.5853701264379003,1.4905759539599508,1.6718272492772401,0.02135731390963702,0.18125129531728934,0.0,0.08095238103260403,0.08095238103260403,1.0537457050396832,False,False,0.0,0.0
Massachusetts,Massachusetts|MW-11|3.950129394,MW-11,3.950129393925865,1.6141369159059429,0.9,1.6562435505849984,False,1.59645166946271,1.5976792859595235,1.5759771912009524,1.5953740653523782,1.4998727449137166,1.6820324054903173,0.01939687415142588,0.1821596605766007,0.0,0.11904761912276474,0.11904761912276474,1.0536068442688338,False,False,0.0,0.0
Massachusetts,Massachusetts|MW-11|4.173342385,MW-11,4.173342385204957,1.614024142792824,0.9,1.6562435505849984,False,1.61033217360784,1.6115704570539313,1.6013746105557478,1.609860722928145,1.5129140598473996,1.696543608143511,0.008486112372397159,0.18362954829611144,0.0,0.188095238160229,0.188095238160229,1.0535364292837297,False,False,0.0,0.0
Massachusetts,Massachusetts|MW-11|4.348991279,MW-11,4.348991278527362,1.6139395681286053,0.9,1.6562435505849984,False,1.620001190403184,1.62124690433672,1.6057177991799758,1.6192494329764586,1.5219985060915602,1.7069856627066549,0.013531633796482812,0.18498715661509468,0.0,0.2595238095745837,0.2595238095745837,1.0536940792505358,False,False,0.0,0.0
Massachusetts,Massachusetts|MW-11|4.532032935,MW-11,4.532032935461667,1.6138549978960883,0.9,1.6562435505849984,False,1.6290513325068718,1.6303040013323822,1.6242415016139404,1.6287981835173282,1.5305014936130534,1.7166733631052455,0.00455668190338776,0.1861718694921921,0.0,0.30238095243274205,0.30238095243274205,1.0537871513622203,False,False,0.0,0.0
Massachusetts,Massachusetts|MW-11|4.67964713,MW-11,4.67964712962769,1.6568617979235165,0.9,1.6562435505849984,True,1.6356705065138633,1.6369282620705732,1.6267306391193932,1.6351999871811145,1.5367204847895237,1.723345966784042,0.008469348061721282,0.18662548199451834,9.260674400035445e-25,0.37142857145802055,0.37142857145802055,1.0536021527080313,True,False,0.0006182473385181186,0.0
Massachusetts,Massachusetts|MW-11|4.854318141,MW-11,4.85431814107818,1.656784624941506,0.9,1.6562435505849984,True,1.642803360067719,1.6440665971102901,1.636700922646201,1.6424821791533923,1.5434220994047705,1.731079270878244,0.005781256507191301,0.1876571714734736,9.36798713256955e-25,0.4380952381155479,0.4380952381155479,1.05373492224102,True,False,0.0005410743565075204,0.0
Massachusetts,Massachusetts|MW-11|5.199590041,MW-11,5.1995900412576255,1.656639935288534,0.9,1.6562435505849984,True,1.6549728251601596,1.656245414245415,1.6544248065313163,1.654943982074664,1.5548558215464159,1.743997732046811,0.000519175543347794,0.18914191050039508,9.36798713256955e-25,0.5333333333333335,0.5333333333333335,1.0537923677858794,True,False,0.000396384703535535,0.0
Massachusetts,Massachusetts|MW-11|5.418431956,MW-11,5.41843195552636,1.656553127562092,0.9,1.6562435505849984,True,1.661553190912929,1.6628308369058618,1.661553190911628,1.661553190911628,1.5610383507659216,1.750878390014849,0.0,0.18984003924892745,1.0,0.5833333333252098,-0.41666666667479024,1.0537600599189008,False,False,0.0,0.0
Massachusetts,Massachusetts|MW-11|5.646484554,MW-11,5.646484554303052,1.6564663243843638,0.9,1.6562435505849984,True,1.6676193748155674,1.6689016825755085,1.667619374812692,1.667619374812692,1.56673778458464,1.7572992577377649,0.0,0.19056147315312488,1.0,0.6357142857000692,-0.36428571429993084,1.0537771893733938,False,False,0.0,0.0
Massachusetts,Massachusetts|MW-11|6.048100681,MW-11,6.0481006813756695,1.6563216625290893,0.9,1.6562435505849984,True,1.67664935459708,1.6779386017545979,1.6766493545915455,1.6766493545915455,1.5752218287669852,1.7665404326310192,0.0,0.191318603864034,1.0,0.6999999999715667,-0.3000000000284333,1.0536135225814949,False,False,0.0,0.0
Massachusetts,Massachusetts|MW-11|6.302654967,MW-11,6.302654967444363,1.6562348714800994,0.9,1.6562435505849984,False,1.6814575366881752,1.6827504788580856,1.6814575366810394,1.6814575366810394,1.5797393172016636,1.7717776892949795,0.0,0.19203837209331587,1.0,0.726190476160012,-0.273809523839988,1.0537153931253598,False,False,0.0,0.0
Massachusetts,Massachusetts|MW-11|6.750942367,MW-11,6.750942367145295,1.6560902298379785,0.9,1.6562435505849984,False,1.688531790823866,1.6898301694469373,1.6885317908140778,1.6885317908140778,1.5863858752342357,1.7793338549738071,0.0,0.19294797973957145,1.0,0.7547619047294096,-0.24523809527059037,1.0537757504142917,False,False,0.0,0.0
Massachusetts,Massachusetts|MW-11|7.132423045,MW-11,7.132423045231542,1.6559745256192198,0.9,1.6562435505849984,False,1.6934100455374892,1.6947121730226724,1.6934100455256156,1.6934100455256156,1.590969199832602,1.7841733110856082,0.0,0.19320411125300607,1.0,0.7666666666392489,-0.23333333336075113,1.0535979255510504,False,False,0.0,0.0
Massachusetts,Massachusetts|MW-11|7.535460345,MW-11,7.535460344577302,1.6558588294842391,0.9,1.6562435505849984,False,1.697655451730624,1.698960841743778,1.6976554517167164,1.6976554517167164,1.5949579367233722,1.78883864468878,0.0,0.1938807079654079,1.0,0.788095238062743,-0.21190476193725705,1.0537112479833304,False,False,0.0,0.0
Massachusetts,Massachusetts|MW-11|7.852615073,MW-11,7.852615072857476,1.655772062687643,0.9,1.6562435505849984,False,1.7004577880243488,1.7017653315889276,1.700457788008959,1.700457788008959,1.5975908490320176,1.791634194514274,0.0,0.19404334548225632,1.0,0.797619047587568,-0.20238095241243204,1.0536187414542393,False,False,0.0,0.0
Massachusetts,Massachusetts|MW-11|8.296348815,MW-11,8.296348815471367,1.6556563806979163,0.9,1.6562435505849984,False,1.7037289569859404,1.7050390143924892,1.703728956968643,1.703728956968643,1.6006642492982788,1.7949552426495172,0.0,0.19429099335123845,1.0,0.8214285713930298,-0.17857142860697017,1.0535450696482642,False,False,0.0,0.0
Massachusetts,Massachusetts|MW-12|0.1090559323,MW-12,0.1090559323220361,0.0576664006330145,0.9,1.6562435505849984,False,0.049669068528901905,0.050883029513486985,0.0496690588754962,0.0496690589134002,0.039142469957154334,0.06111494961883923,3.79039993836372e-11,0.021972479661684897,0.0,0.0,0.0,1.2304428375433916,False,False,0.0,0.0
Massachusetts,Massachusetts|MW-12|0.2737008025,MW-12,0.2737008024520013,0.1756651587772243,0.9,1.6562435505849984,False,0.2013634635255797,0.20621181430036636,0.1955565221019731,0.2013634831653609,0.159322102277742,0.24707639680338134,0.005806961063387794,0.08775429452563935,0.0,0.0,0.0,1.227017019261762,False,False,0.0,0.0
Massachusetts,Massachusetts|MW-12|0.436607872,MW-12,0.4366078720486606,0.2820578781063517,0.9,1.6562435505849984,False,0.31871446694093014,0.3263743868017885,0.29646430153178127,0.31871450432414367,0.2522932341406021,0.3909364353858788,0.022250202792362395,0.13864320124527668,0.0,0.0,0.0,1.2266039854988262,False,False,0.0,0.0
Massachusetts,Massachusetts|MW-12|0.6043427799,MW-12,0.6043427799094439,0.3636974688244829,0.9,1.6562435505849984,False,0.4125286841758688,0.42243626382208255,0.3844357473842471,0.4125287276986605,0.3266173829649787,0.5059428295598599,0.02809298031441343,0.1793254465948812,0.0,0.0,0.0,1.2264427880223885,False,False,0.0,0.0
Massachusetts,Massachusetts|MW-12|0.7668138652,MW-12,0.7668138651820052,0.4410605979292842,0.9,1.6562435505849984,False,0.48619599529409974,0.4978685424265589,0.4578372065590624,0.48619603925226246,0.38498017796134915,0.5962512238114446,0.028358832693200053,0.21127104585009543,0.0,0.002380948915408227,0.002380948915408227,1.2263598005384073,False,False,0.0,0.0
Massachusetts,Massachusetts|MW-12|0.9336956397,MW-12,0.933695639697646,0.5030219057004378,0.9,1.6562435505849984,False,0.5497150554315641,0.562909431852639,0.522728122321915,0.5497150972865328,0.4353030364333239,0.6741189240825352,0.02698697496461777,0.23881588764921124,0.0,0.002380948915408227,0.002380948915408227,1.2263060969892947,False,False,0.0,0.0
Massachusetts,Massachusetts|MW-12|1.085987674,MW-12,1.0859876742605798,0.5787806171100288,0.9,1.6562435505849984,False,0.5998122438262148,0.6142068799253627,0.5747432930945339,0.5998122827262701,0.4749924407020313,0.735532816876506,0.025068989631736205,0.2605403761744747,0.0,0.002380948915408227,0.002380948915408227,1.22627176161748,False,False,0.0,0.0
Massachusetts,Massachusetts|MW-12|1.263141626,MW-12,1.2631416264808972,0.6429666211818124,0.9,1.6562435505849984,False,0.6509367970196837,0.6665563070214224,0.6284369981772266,0.6509368319542385,0.5154957720708585,0.7982061498802855,0.022499833777011813,0.282710377809427,0.0,0.004761897830816454,0.004761897830816454,1.2262421690321934,False,False,0.0,0.0
Massachusetts,Massachusetts|MW-12|1.429389006,MW-12,1.4293890062424257,0.689644722784047,0.9,1.6562435505849984,False,0.6934397134953237,0.7100775348409418,0.6734611686680348,0.6934397445338196,0.5491686274506753,0.850310260999559,0.019978575865784776,0.3011416335488837,0.0,0.004761897830816454,0.004761897830816454,1.2262208876291782,False,False,0.0,0.0
Massachusetts,Massachusetts|MW-12|1.573672578,MW-12,1.5736725776807003,0.733270850356964,0.9,1.6562435505849984,False,0.7268702177542689,0.7443089879341939,0.7090795833502498,0.7268702454092733,0.5756538811202331,0.891292547312827,0.017790662059023465,0.31563866619259395,0.0,0.004761897830816454,0.004761897830816454,1.2262058969296552,False,False,0.0,0.0
Massachusetts,Massachusetts|MW-12|1.75650861,MW-12,1.7565086100541427,0.7660718833454676,0.9,1.6562435505849984,False,0.7654437987512064,0.7838067387931016,0.7503674460353892,0.7654438222060723,0.6062137273554635,0.938579705061161,0.015076376170683137,0.3323659777056974,0.0,0.004761897830816454,0.004761897830816454,1.2261902266272449,False,False,0.0,0.0
Massachusetts,Massachusetts|MW-12|1.916167826,MW-12,1.9161678255056136,0.8217254570115434,0.9,1.6562435505849984,False,0.7962259500302938,0.815326388007031,0.7834411644172647,0.7962259699371016,0.6314663704602388,0.9763153883074305,0.01278480551983685,0.3448490178471917,0.0,0.004761897830816454,0.004761897830816454,1.226178810512625,False,False,0.0,0.0
Massachusetts,Massachusetts|MW-12|2.080804153,MW-12,2.0808041532977284,0.8660843144894885,0.9,1.6562435505849984,False,0.8255781466236658,0.8453818227878523,0.8150683045367445,0.8255781630065322,0.653855049764662,1.0122980971811206,0.010509858469787692,0.3584430474164586,0.0,0.004761897830816454,0.004761897830816454,1.2261687174267826,False,False,0.0,0.0
Massachusetts,Massachusetts|MW-12|2.259625433,MW-12,2.259625433346243,0.8813349113307359,0.9,1.6562435505849984,False,0.8551055856909539,0.8756166986080145,0.8469619458668195,0.8551055984068756,0.6772481068947777,1.0484956347670542,0.008143652540056112,0.37124752787227655,0.0,0.004761897830816454,0.004761897830816454,1.2261592630339735,False,False,0.0,0.0
Massachusetts,Massachusetts|MW-12|2.4314152,MW-12,2.4314151996989453,0.9127527434163736,0.9,1.6562435505849984,False,0.881480470681107,0.9026234894973038,0.8755086577743396,0.8814804800298895,0.698143559015123,1.080828472210842,0.00597182225554993,0.38268491319571907,0.0,0.009523795661632908,0.009523795661632908,1.226151353501572,False,False,0.0,0.0
Massachusetts,Massachusetts|MW-12|2.580546744,MW-12,2.5805467441084726,0.9536435239517792,0.9,1.6562435505849984,False,0.9029926440912116,0.9246510649367103,0.8988286798350973,0.9029926506361384,0.7151865371546018,1.1072001361771486,0.004163970801041139,0.39201359902254684,0.0,0.011904744577041135,0.011904744577041135,1.226145244285412,False,False,0.0,0.0
Massachusetts,Massachusetts|MW-12|2.764116802,MW-12,2.764116802196239,0.9369616575691784,0.9,1.6562435505849984,False,0.9279159356564681,0.9501714842201271,0.925883430981435,0.9279159388944594,0.73493196706725,1.1377534724699652,0.0020325079130244506,0.4028215054027152,0.0,0.016666642407857587,0.016666642407857587,1.226138520473888,False,False,0.0,0.0
Massachusetts,Massachusetts|MW-12|2.906926188,MW-12,2.906926188408289,0.9619078690995532,0.9,1.6562435505849984,False,0.9462433966040066,0.9689380458733609,0.9458013938667905,0.9462433973735181,0.7494518628027017,1.1602210135315913,0.00044200350672762845,0.41076915072888964,0.0,0.016666642407857587,0.016666642407857587,1.2261338020381793,False,False,0.0,0.0
Massachusetts,Massachusetts|MW-12|3.043128773,MW-12,3.043128773291385,0.996232768408728,0.9,1.6562435505849984,False,0.9629427266325206,0.9860374688340487,0.9452724585854448,0.962942725127825,0.7626818749253989,1.1806926371594908,0.01767026654238013,0.41801076223409195,0.0,0.016666642407857587,0.016666642407857587,1.2261296591215318,False,False,0.0,0.0
Massachusetts,Massachusetts|MW-12|3.215047066,MW-12,3.2150470664653565,1.0227510935862767,0.9,1.6562435505849984,False,0.9830327590133511,1.006608830701627,0.9680257832919409,0.9830327547432559,0.7785981644480606,1.2053209054965712,0.015006971451315021,0.4267227410485106,0.0,0.019047591323265816,0.019047591323265816,1.2261248615013869,False,False,0.0,0.0
Massachusetts,Massachusetts|MW-12|3.396662867,MW-12,3.396662866573416,1.0592347992679934,0.9,1.6562435505849984,False,1.0031709975343128,1.0272295536613412,0.9951207529056295,1.0031709904725652,0.7945526451697329,1.230008269459928,0.00805023756693568,0.435455624290195,0.0,0.019047591323265816,0.019047591323265816,1.2261202451856732,False,False,0.0,0.0
Massachusetts,Massachusetts|MW-12|3.555873931,MW-12,3.5558739308316203,1.059173128590125,0.9,1.6562435505849984,False,1.0199944131141991,1.0444560350906,1.013475295373005,1.0199944037039652,0.8078809637779348,1.2506320088495344,0.006519108330960144,0.44275104507159957,0.0,0.019047591323265816,0.019047591323265816,1.2261165284534876,False,False,0.0,0.0
Massachusetts,Massachusetts|MW-12|3.705469901,MW-12,3.7054699012535393,1.096975246476864,0.9,1.6562435505849984,False,1.035155960314312,1.0599808320639312,1.0300390960680366,1.0351559487726116,0.8198926703495435,1.2692184722467126,0.00511685270457507,0.4493258018971691,0.0,0.019047591323265816,0.019047591323265816,1.2261132823515122,False,False,0.0,0.0
Massachusetts,Massachusetts|MW-12|3.861426836,MW-12,3.861426836323629,1.096917765110466,0.9,1.6562435505849984,False,1.0503483924649049,1.075537253948274,1.0466564364283895,1.0503483787740302,0.8319288454531731,1.287842797330911,0.003691942345640742,0.45591395187773787,0.0,0.019047591323265816,0.019047591323265816,1.2261101236216168,False,False,0.0,0.0
Massachusetts,Massachusetts|MW-12|4.079591815,MW-12,4.079591814708772,1.1162720284136376,0.9,1.6562435505849984,False,1.0706381576666135,1.0963131339572412,1.0688777946796986,1.0706381410858794,0.8480033728312757,1.3127159169795564,0.001760346406180835,0.46471254414828067,0.0,0.019047591323265816,0.019047591323265816,1.2261060448663026,False,False,0.0,0.0
Massachusetts,Massachusetts|MW-12|4.251294906,MW-12,4.251294905737463,1.1162135358982677,0.9,1.6562435505849984,False,1.0858840305627504,1.1119242769530646,1.0855949902082123,1.0858840117967412,0.8600818862401367,1.331405754766366,0.0002890215885289482,0.4713238685262293,0.0,0.019047591323265816,0.019047591323265816,1.2261030803412551,False,False,0.0,0.0
Massachusetts,Massachusetts|MW-12|4.3697027,MW-12,4.369702699946839,1.1459656142212238,0.9,1.6562435505849984,False,1.0960550513533804,1.1223389813819618,1.0960550309593038,1.0960550311232804,0.8681398578475191,1.3438743572453937,1.6397661006806175e-10,0.4757344993978746,0.0,0.02142854023867404,0.02142854023867404,1.2261011484651363,False,False,0.0,0.0
Massachusetts,Massachusetts|MW-12|4.595525634,MW-12,4.595525634256004,1.145892222091727,0.9,1.6562435505849984,False,1.1147347226977242,1.1414661919031102,1.1147346995670635,1.114734699766457,0.8829387914381858,1.366773670999056,1.9939339068741901e-10,0.4838348795608701,0.0,0.02142854023867404,0.02142854023867404,1.226097692275506,False,False,0.0,0.0
Massachusetts,Massachusetts|MW-12|4.788943504,MW-12,4.788943503528709,1.1458321774818945,0.9,1.6562435505849984,False,1.1300402403249707,1.1571384086348693,1.1300402149391615,1.1300402151692288,0.895064558246195,1.3855366269201144,2.3006729854557761e-10,0.49047206867391935,0.0,0.02142854023867404,0.02142854023867404,1.2260949455407617,False,False,0.0,0.0
Massachusetts,Massachusetts|MW-12|4.990414834,MW-12,4.990414833683142,1.1867271755538775,0.9,1.6562435505849984,False,1.145358358445107,1.172823527749735,1.145358330791203,1.1453583310535262,0.9074273487785481,1.4043150297095082,2.6232327421382706e-10,0.49688768093096003,0.0,0.02142854023867404,0.02142854023867404,1.2260922700349874,False,False,0.0,0.0
Massachusetts,Massachusetts|MW-12|5.176662856,MW-12,5.176662855672213,1.197136897187468,0.9,1.6562435505849984,False,1.1589940318162724,1.1867858930584505,1.1589940021344196,1.1589940024268177,0.9180031436745986,1.4210309320624601,2.9239810572789793e-10,0.5030277883878616,0.0,0.02142854023867404,0.02142854023867404,1.2260899478796683,False,False,0.0,0.0
Massachusetts,Massachusetts|MW-12|5.34536685,MW-12,5.345366850059806,1.1866235367702855,0.9,1.6562435505849984,False,1.170939787819549,1.1990178529085183,1.170939756354382,1.1709397566742186,0.9274671458033409,1.4356751733371569,3.198366016476939e-10,0.508208027533816,0.0,0.02142854023867404,0.02142854023867404,1.2260879579560462,False,False,0.0,0.0
Massachusetts,Massachusetts|MW-12|5.519568795,MW-12,5.519568795253878,1.1762025055992575,0.9,1.6562435505849984,False,1.1828959288388048,1.211260446585114,1.1828958955827047,1.1828958959310578,0.9369393754370202,1.4503321455438363,3.483531241244009e-10,0.513392770106816,0.0,0.02142854023867404,0.02142854023867404,1.2260860065412191,False,False,0.0,0.0
Massachusetts,Massachusetts|MW-12|5.725490446,MW-12,5.725490445563127,1.2181885199585345,0.9,1.6562435505849984,False,1.1965640132598516,1.2252559994673646,1.1965639779491712,1.1965639783314577,0.9477678889201955,1.4670877804155074,3.8228642473825403e-10,0.5193198914953119,0.0,0.02142854023867404,0.02142854023867404,1.226083823479411,False,False,0.0,0.0
Massachusetts,Massachusetts|MW-12|5.966466615,MW-12,5.966466614701902,1.218124687031691,0.9,1.6562435505849984,False,1.2119630754834974,1.2410240019940326,1.2119630378491086,1.2119630382713906,0.9599677662185706,1.4859654121244552,4.2228198715577037e-10,0.5259976459058846,0.0,0.02142854023867404,0.02142854023867404,1.2260814229275492,False,False,0.0,0.0
Massachusetts,Massachusetts|MW-12|6.24613155,MW-12,6.246131549640233,1.2180537654803696,0.9,1.6562435505849984,False,1.229091203216887,1.2585624960563138,1.2290911629871393,1.2290911634561927,0.9735374923202019,1.5069626963981269,4.69053462737179e-10,0.5334252040779249,0.0,0.02380948915408227,0.02380948915408227,1.2260788234867923,False,False,0.0,0.0
Massachusetts,Massachusetts|MW-12|6.509020619,MW-12,6.509020618634408,1.217989939614644,0.9,1.6562435505849984,False,1.244522106507699,1.274363102517873,1.2445220639304089,1.2445220644437438,0.9857625956309853,1.5258793618907827,5.133349301189583e-10,0.5401167662597973,0.0,0.02380948915408227,0.02380948915408227,1.2260765428848917,False,False,0.0,0.0
Massachusetts,Massachusetts|MW-12|6.782974242,MW-12,6.782974242072756,1.217926117093385,0.9,1.6562435505849984,False,1.2599671731658957,1.2901782116814213,1.259967128230311,1.2599671287900847,0.9979989198371756,1.5448133901753545,5.597735608375842e-10,0.5468144703381789,0.0,0.026190438076486175,0.026190438076486175,1.2260743161218488,False,False,0.0,0.0
Massachusetts,Massachusetts|MW-12|7.100818144,MW-12,7.100818143781594,1.2503601696568662,0.9,1.6562435505849984,False,1.277139374792408,1.3077618355860146,1.277139327225022,1.2771393278390095,1.011603563378048,1.5658647043824496,6.1398752748687e-10,0.5542611410044016,0.0,0.0285713869918944,0.0285713869918944,1.2260719035751069,False,False,0.0,0.0
Massachusetts,Massachusetts|MW-12|7.433588378,MW-12,7.433588377563463,1.2724366222776378,0.9,1.6562435505849984,False,1.2943292655934586,1.3253635724732111,1.2943292153815469,1.294329216052628,1.025222221127692,1.5869377036495997,6.710811906174285e-10,0.5617154825219077,0.0,0.03571423373811909,0.03571423373811909,1.2260695526512555,False,False,0.0,0.0
Massachusetts,Massachusetts|MW-12|7.64073005,MW-12,7.640730050155442,1.2723921715423276,0.9,1.6562435505849984,False,1.3046525796206847,1.3359342188730519,1.3046525278156218,1.3046525285227195,1.033400846702631,1.5995930015442468,7.070977137146883e-10,0.5661921548416158,0.0,0.045238029399751994,0.045238029399751994,1.2260681705847798,False,False,0.0,0.0
Massachusetts,Massachusetts|MW-12|8.072490643,MW-12,8.072490643282816,1.2723032747301188,0.9,1.6562435505849984,False,1.325315203855272,1.3570918910991239,1.3253151488514734,1.3253151496335687,1.0497707707898383,1.6249232069605655,7.82095277429562e-10,0.5751524361707272,0.0,0.047618978322155905,0.047618978322155905,1.2260654689795678,False,False,0.0,0.0
Massachusetts,Massachusetts|MW-12|8.297435734,MW-12,8.297435734253915,1.2722588286531118,0.9,1.6562435505849984,False,1.3356542314887176,1.3676786275813624,1.3356541748792514,1.3356541757006228,1.0579618454336173,1.6375977680765488,8.213714153271212e-10,0.5796359226429315,0.0,0.047618978322155905,0.047618978322155905,1.2260641485418613,False,False,0.0,0.0
Massachusetts,Massachusetts|MW-12|8.646660713,MW-12,8.646660712607542,1.2721921624488215,0.9,1.6562435505849984,False,1.3511720341680324,1.3835682154200517,1.351171975142356,1.3511719760249572,1.0702557945871114,1.6566209630392634,8.826011033136183e-10,0.586365168452152,0.0,0.05238087615297236,0.05238087615297236,1.226062204624674,False,False,0.0,0.0
Massachusetts,Massachusetts|MW-13|0.1657892114,MW-13,0.1657892113869264,0.0010154070025281,0.9,1.6562435505849984,False,0.0010052302822350424,0.0010067736042398356,0.0007631047059900801,0.0009925624668881727,0.0008839072023783328,0.0011094868061251786,0.00022945776089809255,0.00022557960374684576,0.0,0.0,0.0,1.1037140700321233,False,False,0.0,0.0
Massachusetts,Massachusetts|MW-13|0.3293672948,MW-13,0.3293672947699681,0.0037864700908095,0.9,1.6562435505849984,False,0.003935933916839486,0.003939733656193936,0.003914616617955623,0.003934818612912727,0.0036374926524601254,0.0041963784111690005,2.0201994957103758e-05,0.0005588857587088751,0.0,0.0,0.0,1.0661709520109648,False,False,0.0,0.0
Massachusetts,Massachusetts|MW-13|0.5041207217,MW-13,0.5041207216971267,0.0079123342251462,0.9,1.6562435505849984,False,0.007565378837605658,0.007571973054239073,0.0065419494325583034,0.00751173673905957,0.007047429896562391,0.008025579473767067,0.0009697873065012668,0.0009781495772046758,0.0,0.0,0.0,1.0608298204280087,False,False,0.0,0.0
Massachusetts,Massachusetts|MW-13|0.6634481535,MW-13,0.6634481535079819,0.0120554792842156,0.9,1.6562435505849984,False,0.011428850458112249,0.011438419189015161,0.0114286667172288,0.0114286667172288,0.010693328374607982,0.012095736518861961,0.0,0.0014024081442539794,0.0,0.0,0.0,1.0583511056684056,False,False,0.0,0.0
Massachusetts,Massachusetts|MW-13|0.8379215433,MW-13,0.8379215433250978,0.0161023673000218,0.9,1.6562435505849984,False,0.016274287177947724,0.016287586299519572,0.0162740358189968,0.0162740358189968,0.015240509648449349,0.017200911963107003,0.0,0.001960402314657654,0.0,0.0,0.0,1.0569379644728705,False,False,0.0,0.0
Massachusetts,Massachusetts|MW-13|1.001701693,MW-13,1.0017016931858955,0.0204054592320603,0.9,1.6562435505849984,False,0.02135088136895839,0.021368088728539646,0.0213505863073396,0.0213505863073396,0.019999306129737708,0.02254988232696769,0.0,0.002550576197229981,0.0,0.0,0.0,1.0561569771893586,False,False,0.0,0.0
Massachusetts,Massachusetts|MW-13|1.181150629,MW-13,1.181150629462791,0.025858933147457,0.9,1.6562435505849984,False,0.027410239661498196,0.027432111734583896,0.0274099182160398,0.0274099182160398,0.025692281972689808,0.028926448033066876,0.0,0.003234166060377068,0.0,0.0,0.0,1.0553154000217817,False,False,0.0,0.0
Massachusetts,Massachusetts|MW-13|1.318255128,MW-13,1.318255128186306,0.0327721683406644,0.9,1.6562435505849984,False,0.03232886123355548,0.03235451977243926,0.0323285341762888,0.0323285341762888,0.030313500280289455,0.034118953393102884,0.0,0.003805453112813429,0.0,0.0,0.0,1.055371333577608,False,False,0.0,0.0
Massachusetts,Massachusetts|MW-13|1.491691087,MW-13,1.4916910874550755,0.0383772405794097,0.9,1.6562435505849984,False,0.03883696505977083,0.03886763361037771,0.0388366478153182,0.0388366478153182,0.036428098721055936,0.040958047686444524,0.0,0.0045299489653885874,0.0,0.0,0.0,1.0546150458309322,False,False,0.0,0.0
Massachusetts,Massachusetts|MW-13|1.64216308,MW-13,1.6421630801616307,0.0461420576409277,0.9,1.6562435505849984,False,0.04468697365453778,0.04472214554891209,0.0446866790539654,0.0446866790539654,0.041924448613520265,0.047141610184112205,0.0,0.00521716157059194,0.0,0.0,0.0,1.054929576313458,False,False,0.0,0.0
Massachusetts,Massachusetts|MW-13|1.832900605,MW-13,1.832900605138676,0.0512618368502958,0.9,1.6562435505849984,False,0.05230297557575087,0.052344010208743276,0.0523027266623687,0.0523027266623687,0.049079887904955766,0.05516767513140627,0.0,0.0060877872264505015,0.0,0.0,0.0,1.0547712539128185,False,False,0.0,0.0
Massachusetts,Massachusetts|MW-13|2.045765526,MW-13,2.0457655261949625,0.0584696971219703,0.9,1.6562435505849984,False,0.06098281761416367,0.06103053384218343,0.0609826394232964,0.0609826394232964,0.05723495938847735,0.06428454088657734,0.0,0.007049581498099991,0.0,0.0,0.0,1.0541418616191787,False,False,0.0,0.0
Massachusetts,Massachusetts|MW-13|2.131756613,MW-13,2.131756613193176,0.0649629861895055,0.9,1.6562435505849984,False,0.0645244085994284,0.06457485106305759,0.0645242641996727,0.0645242641996727,0.060562779266196874,0.06802957445612773,0.0,0.007466795189930854,0.0,0.0,0.0,1.0543230993167194,False,False,0.0,0.0
Massachusetts,Massachusetts|MW-13|2.346917187,MW-13,2.3469171874499377,0.0702961110246381,0.9,1.6562435505849984,False,0.07343411930689352,0.07349142021478529,0.0734340709462156,0.0734340709462156,0.06893341602681145,0.0774291915173102,0.0,0.00849577549049875,0.0,0.0,0.0,1.054403487753705,False,False,0.0,0.0
Massachusetts,Massachusetts|MW-13|2.513648208,MW-13,2.513648207508123,0.0823247101586541,0.9,1.6562435505849984,False,0.08035615139275393,0.08041878064449347,0.08024701772284902,0.08035044160694806,0.07543747059136453,0.08471440569908616,0.00010342388409903536,0.009276935107721623,0.0,0.0,0.0,1.05423672277472,False,False,0.0,0.0
Massachusetts,Massachusetts|MW-13|2.655619275,MW-13,2.655619274859261,0.086771841384874,0.9,1.6562435505849984,False,0.08624354915392415,0.08631071029801256,0.08589879434370443,0.08622551185962614,0.08096891315949702,0.09088212200356728,0.0003267175159217123,0.009913208844070265,0.0,0.0,0.0,1.0537845774570846,False,False,0.0,0.0
Massachusetts,Massachusetts|MW-13|2.844355806,MW-13,2.844355806372688,0.0964048266366493,0.9,1.6562435505849984,False,0.09404030463080028,0.09411346738498635,0.09336043706751698,0.09400473450687713,0.08829386421462615,0.09914818852874219,0.0006442974393601475,0.010854324314116037,0.0,0.0,0.0,1.0543159012297474,False,False,0.0,0.0
Massachusetts,Massachusetts|MW-13|3.005044634,MW-13,3.005044634168239,0.0989709885041407,0.9,1.6562435505849984,False,0.1006368001725405,0.10071504060162095,0.09965469674781607,0.10058541731151076,0.0944920597184866,0.10601037775557821,0.0009307205636946841,0.011518318037091607,0.0,0.0,0.0,1.0533957515921093,False,False,0.0,0.0
Massachusetts,Massachusetts|MW-13|3.088620264,MW-13,3.0886202642047613,0.1099640254793365,0.9,1.6562435505849984,False,0.10404870170885966,0.10412956845202026,0.10290404444833971,0.10398881416192389,0.097697432028275,0.109667632089212,0.0010847697135841772,0.011970200060937006,0.0,0.0,0.0,1.0540028879560146,False,False,0.0,0.0
Massachusetts,Massachusetts|MW-13|3.353949271,MW-13,3.3539492707559635,0.1189935811101444,0.9,1.6562435505849984,False,0.11477819786463585,0.11486732361077913,0.11309689936398723,0.11469023367977156,0.10777755604650016,0.12096327451152002,0.001593334315784331,0.013185718465019855,0.0,0.0,0.0,1.0538872082150876,False,False,0.0,0.0
Massachusetts,Massachusetts|MW-13|3.543473455,MW-13,3.5434734545649857,0.1189852675176289,0.9,1.6562435505849984,False,0.12233459517139794,0.12242953740562564,0.12025401502459818,0.1222257408920493,0.11487822074878064,0.1289216331573344,0.0019717258674511184,0.014043412408553765,0.0,0.0,0.0,1.0538444417681494,False,False,0.0,0.0
Massachusetts,Massachusetts|MW-13|3.692418742,MW-13,3.692418741894211,0.1321990478995979,0.9,1.6562435505849984,False,0.12820390001374168,0.1283033600918661,0.12580203439677062,0.12807823633708407,0.12039303050884667,0.13513356306210422,0.0022762019403134437,0.014740532553257552,0.0,0.0,0.0,1.0540518895885365,False,False,0.0,0.0
Massachusetts,Massachusetts|MW-13|3.900966871,MW-13,3.9009668705974567,0.1393403607916546,0.9,1.6562435505849984,False,0.13631364648023678,0.13641934894085672,0.133452946785142,0.13616397697376695,0.1280127209688308,0.14364994419279903,0.002711030188624952,0.01563722322396824,0.0,0.0,0.0,1.0538192462896654,False,False,0.0,0.0
Massachusetts,Massachusetts|MW-13|4.178265775,MW-13,4.178265774946028,0.1507847504571941,0.9,1.6562435505849984,False,0.14689284752335863,0.14700669316654405,0.14340957355695916,0.1467106054319066,0.13795190791049405,0.15483912883433865,0.00330103187494743,0.016887220923844593,0.0,0.0,0.0,1.054095767390692,False,False,0.0,0.0
Massachusetts,Massachusetts|MW-13|4.793462674,MW-13,4.793462673617168,0.1719803901981434,0.9,1.6562435505849984,False,0.16950307428759243,0.16963432370321627,0.16460858792204502,0.16924699869880871,0.15919617240617562,0.1783639987163429,0.004638410776763691,0.01916782631016728,0.0,0.0,0.0,1.052275892139374,False,False,0.0,0.0
Massachusetts,Massachusetts|MW-13|5.205314956,MW-13,5.205314955806833,0.1812643347963131,0.9,1.6562435505849984,False,0.1839743712587633,0.1841167595966218,0.1781261759996137,0.18366839838797333,0.1727900886546208,0.19373489350312242,0.0055422223883596355,0.020944804848501614,0.0,0.0,0.0,1.0530537062177578,False,False,0.0,0.0
Massachusetts,Massachusetts|MW-13|6.484820557,MW-13,6.484820556800563,0.2179050531935422,0.9,1.6562435505849984,False,0.22569049177868042,0.22586498981239006,0.21691192510345758,0.22523120423303347,0.21198206923808813,0.23776272332547824,0.00831927912957589,0.02578065408739011,0.0,0.0,0.0,1.0534902088770148,False,False,0.0,0.0
Massachusetts,Massachusetts|MW-13|6.945700831,MW-13,6.945700830928852,0.2420958059792337,0.9,1.6562435505849984,False,0.23960212950375123,0.23978733551971382,0.22979545801171677,0.23908905234125097,0.22505703063787152,0.2521058300014128,0.009293594329534194,0.027048799363541265,0.0,0.0,0.0,1.052185264478068,False,False,0.0,0.0
Massachusetts,Massachusetts|MW-13|7.968472001,MW-13,7.968472000729379,0.2689486080088942,0.9,1.6562435505849984,False,0.2685974605805208,0.26880498461289287,0.25657974871087996,0.267968703564358,0.2522986602697358,0.2826080523412953,0.011388954853478017,0.030309392071559527,0.0,0.0,0.0,1.0521620410352852,False,False,0.0,0.0
Massachusetts,Massachusetts|MW-13|8.41875256,MW-13,8.418752559624917,0.2689298176748804,0.9,1.6562435505849984,False,0.2806108448390283,0.28082761566776193,0.26765283915102167,0.27993289240680247,0.2635882084197209,0.29563735030588845,0.012280053255780798,0.03204914188616753,0.0,0.0,0.0,1.0535492684734977,False,False,0.0,0.0
Lovelock Valley,Lovelock Valley|FETH|1.116666667,FETH,1.116666666666665,0.0010276996464,0.9,1.0012127397600001,False,4.673125376350471e-10,0.0018044491063031241,3.3342913837363755e-129,2.657467128839692e-09,0.0,0.007321847860023537,2.657467128839692e-09,0.007321847860023537,0.0,0.0,0.0,,False,False,0.0,0.0
Lovelock Valley,Lovelock Valley|FETH|13.11666667,FETH,13.116666666666665,0.0027232139592,0.9,1.0012127397600001,False,1.7719594434429452e-06,0.0018055529928354048,1.7201310567256757e-13,1.0097006062588294e-05,0.0,0.007321847860279802,1.0097005890575188e-05,0.007321847860279802,0.0,0.0,0.0,,False,False,0.0,0.0
Lovelock Valley,Lovelock Valley|FETH|25.11666667,FETH,25.11666666666666,0.0017493916752,0.9,1.0012127397600001,False,6.467224743264681e-06,0.0018086254137001873,3.9940864311443655e-08,3.6649836859270555e-05,0.0,0.007325835717794275,3.660989599495911e-05,0.007325835717794275,0.0,0.0,0.0,,False,False,0.0,0.0
Lovelock Valley,Lovelock Valley|FETH|37.11666667,FETH,37.11666666666666,0.0003476829216,0.9,1.0012127397600001,False,1.4548529203236696e-05,0.0018142981254129049,3.627859156366611e-06,6.578186181817619e-05,0.0,0.007331588740773006,6.215400266180958e-05,0.007331588740773006,0.0,0.0,0.0,,False,False,0.0,0.0
Lovelock Valley,Lovelock Valley|FETH|49.11666667,FETH,49.116666666666674,0.0010375852248,0.9,1.0012127397600001,False,5.615538729481186e-05,0.0018450800102869137,3.8955505390859976e-05,0.00013666842882533716,0.0,0.007400555326643505,9.771292343447719e-05,0.007400555326643505,0.0,0.0,0.0,,False,False,0.0,0.0
Lovelock Valley,Lovelock Valley|FETH|61.11666667,FETH,61.116666666666674,0.00013383542448,0.9,1.0012127397600001,False,0.00019750889190814138,0.0019532812290700484,0.0001712965485546,0.0003198600057749812,0.0,0.007596922669922804,0.00014856345722038118,0.007596922669922804,0.0,0.0,0.0,,False,False,0.0,0.0
Lovelock Valley,Lovelock Valley|FETH|73.11666667,FETH,73.11666666666667,0.0011055495288,0.9,1.0012127397600001,False,0.0005116039679249383,0.002208056195244202,0.0004751726513836,0.0006811903669766787,0.0,0.00804774578226405,0.00020601771559307868,0.00804774578226405,0.0,0.0,0.0,,False,False,0.0,0.0
Lovelock Valley,Lovelock Valley|FETH|85.11666667,FETH,85.11666666666667,0.0007673114448,0.9,1.0012127397600001,False,0.0010519316629539009,0.002684006510072475,0.0010061894969062,0.0012643358835582059,0.0,0.008837951007138752,0.0002581463866520059,0.008837951007138752,0.0,0.0,0.0,,False,False,0.0,0.0
Lovelock Valley,Lovelock Valley|FETH|97.11666667,FETH,97.11666666666666,0.003128579976,0.9,1.0012127397600001,False,0.0018456580993198564,0.0034404893519914973,0.0017930338652165,0.0020894655571269995,0.0,0.010036304860325578,0.0002964316919104994,0.010036304860325578,0.0,0.0,0.0,,False,False,0.0,0.0
Lovelock Valley,Lovelock Valley|FETH|109.1166667,FETH,109.11666666666666,0.0024217307928,0.9,1.0012127397600001,False,0.002897969228029372,0.004494778600896618,0.0028415985566081,0.0031585672575257144,0.0,0.01159614158879287,0.00031696870091761425,0.01159614158879287,0.0,0.0,0.0,,False,False,0.0,0.0
Lovelock Valley,Lovelock Valley|FETH|121.1166667,FETH,121.11666666666666,0.004136898,0.9,1.0012127397600001,False,0.004199168258756485,0.005820255158201024,0.0041422605646841,0.004461679237699179,0.0,0.013503109888076664,0.00031941867301507956,0.013503109888076664,0.0,0.0,0.0,,False,False,0.0,0.0
Lovelock Valley,Lovelock Valley|FETH|133.1166667,FETH,133.11666666666667,0.009973043808,0.9,1.0012127397600001,False,0.005730884684869859,0.00741248029805098,0.0056763364667947,0.006186154134473908,0.0002251695004855278,0.015762197396378807,0.000509817667679208,0.01553702789589328,0.0,0.0,0.0,,False,False,0.0,0.0
Lovelock Valley,Lovelock Valley|FETH|145.1166667,FETH,145.11666666666667,0.007669112424,0.9,1.0012127397600001,False,0.007470536785176252,0.009238856456318693,0.0074207415579604,0.007884916806466547,0.0014791763012157208,0.018349306337772726,0.0004641752485061469,0.016870130036557004,0.0,0.0,0.0,,False,False,0.0,0.0
Lovelock Valley,Lovelock Valley|FETH|157.1166667,FETH,157.11666666666667,0.007224046512,0.9,1.0012127397600001,False,0.009392645649465242,0.01127857338032643,0.0093510118134886,0.00973756913452677,0.0028560323088200074,0.02121201808316653,0.0003865573210381692,0.018355985774346523,0.0,0.0,0.0,,False,False,0.0,0.0
Lovelock Valley,Lovelock Valley|FETH|169.1166667,FETH,169.11666666666667,0.011309890512,0.9,1.0012127397600001,False,0.011472229119627107,0.013499378465310241,0.0114430873310087,0.011711149789360702,0.004503983718618174,0.024314654418200837,0.00026806245835200165,0.01981067069958266,0.0,0.0,0.0,,False,False,0.0,0.0
Lovelock Valley,Lovelock Valley|FETH|181.1166667,FETH,181.11666666666667,0.00919077156,0.9,1.0012127397600001,False,0.013687360422873817,0.015870593228078867,0.0136713428601174,0.013815236827750745,0.006044549857190018,0.02758762599633474,0.00014389396763334408,0.021543076139144725,0.0,0.0,0.0,,False,False,0.0,0.0
Lovelock Valley,Lovelock Valley|FETH|193.1166667,FETH,193.11666666666667,0.018897496368,0.9,1.0012127397600001,False,0.015989591613995047,0.018338311743287556,0.0159887277023671,0.015990155880350302,0.007636674158096801,0.031013362476249046,1.4281779832023278e-06,0.023376688318152247,0.0,0.0,0.0,1.9395969093484724,False,False,0.0,0.0
Lovelock Valley,Lovelock Valley|FETH|205.1166667,FETH,205.11666666666667,0.020978887176,0.9,1.0012127397600001,False,0.01829569108129934,0.020812329818238735,0.01814532240606002,0.01831323822293858,0.009215049428977226,0.03445647410674204,0.00016791581687855897,0.025241424677764815,0.0,0.0,0.0,1.8833108819792652,False,False,0.0,0.0
Lovelock Valley,Lovelock Valley|FETH|217.1166667,FETH,217.11666666666667,0.024734751648,0.9,1.0012127397600001,False,0.020515990453642843,0.023196599951281007,0.02020731235602456,0.020552088836190592,0.010724814086272861,0.03777386555934893,0.00034477648016603343,0.02704905147307607,0.0,0.0,0.0,1.8411914182111426,False,False,0.0,0.0
Lovelock Valley,Lovelock Valley|FETH|229.1166667,FETH,229.11666666666667,0.020031888816,0.9,1.0012127397600001,False,0.022581421304171716,0.025414560387796943,0.022126253605635877,0.0226348714468737,0.012129840274946924,0.04084034854562339,0.0005086178412378219,0.02871050827067647,0.0,0.0,0.0,1.8085818423696165,False,False,0.0,0.0
Lovelock Valley,Lovelock Valley|FETH|241.1166667,FETH,241.11666666666667,0.023604254544,0.9,1.0012127397600001,False,0.024451005677055385,0.027422127172649934,0.023875574205160604,0.024518801161098842,0.013426979712930824,0.04363073669708061,0.0006432269559382385,0.030203756984149788,0.0,0.0,0.0,1.7844148119446606,False,False,0.0,0.0
Lovelock Valley,Lovelock Valley|FETH|253.1166667,FETH,253.11666666666667,0.027158841288,0.9,1.0012127397600001,False,0.026107648954929393,0.029201396089139343,0.02544529622562028,0.026185873104108037,0.014602882723707144,0.046098620921526307,0.000740576878487758,0.03149573819781916,0.0,0.0,0.0,1.7657132207158168,False,False,0.0,0.0
Lovelock Valley,Lovelock Valley|FETH|265.1166667,FETH,265.1166666666667,0.02625400896,0.9,1.0012127397600001,False,0.0275508886873856,0.030751806243892902,0.0268362950249316,0.027635445617047054,0.015634825882063483,0.04824561937861344,0.0007991505921154524,0.03261079349654996,0.0,0.0,0.0,1.7511456681505557,False,False,0.0,0.0
Lovelock Valley,Lovelock Valley|FETH|277.1166667,FETH,277.1166666666667,0.02959705536,0.9,1.0012127397600001,False,0.028790445759143066,0.032083233134781015,0.0280558202990802,0.028877483237500872,0.016529214670140336,0.05008523403141221,0.0008216629384206718,0.03355601936127188,0.0,0.0,0.0,1.7396477446170315,False,False,0.0,0.0
Lovelock Valley,Lovelock Valley|FETH|289.1166667,FETH,289.1166666666667,0.028317974352,0.9,1.0012127397600001,False,0.02984152663314689,0.03321203617692716,0.0291154828992226,0.029927654268593687,0.017295997159946508,0.05164067280212192,0.0008121713693710862,0.034344675642175415,0.0,0.0,0.0,1.730497016354429,False,False,0.0,0.0
Lovelock Valley,Lovelock Valley|FETH|301.1166667,FETH,301.1166666666667,0.025892824008,0.9,1.0012127397600001,False,0.030721727827773274,0.034157146458485645,0.030028239858293,0.030804098965575517,0.017946244882112522,0.052963813300189344,0.0007758591072825165,0.03501756841807682,0.0,0.0,0.0,1.7239854996797617,False,False,0.0,0.0
Lovelock Valley,Lovelock Valley|FETH|313.1166667,FETH,313.1166666666667,0.028533050376,0.9,1.0012127397600001,False,0.03144913110752129,0.03493801621375888,0.0308075366997862,0.0315254440705824,0.018491604923573452,0.054008659976222256,0.0007179073707961996,0.03551705505264881,0.0,0.0,0.0,1.71733393178884,False,False,0.0,0.0
Lovelock Valley,Lovelock Valley|FETH|325.1166667,FETH,325.1166666666667,0.03260655912,0.9,1.0012127397600001,False,0.03204120515335544,0.03557343671071738,0.0314665669499388,0.03210966186558465,0.01894512496273282,0.05487399263614598,0.0006430949156458476,0.03592886767341316,0.0,0.0,0.0,1.7126070125486346,False,False,0.0,0.0
Lovelock Valley,Lovelock Valley|FETH|337.1166667,FETH,337.1166666666667,0.03347950632,0.9,1.0012127397600001,False,0.03251422510305415,0.03608091373300115,0.0320178491073854,0.03257347079216816,0.019317180660916894,0.05558446877815819,0.0005556216847827575,0.036267288117241295,0.0,0.0,0.0,1.7095430877402946,False,False,0.0,0.0
Lovelock Valley,Lovelock Valley|FETH|349.1166667,FETH,349.1166666666667,0.03483754272,0.9,1.0012127397600001,False,0.03288301200137315,0.036476387457765755,0.0324730074121529,0.03293206974867599,0.019616340629630122,0.05611609188352224,0.0004590623365230903,0.03649975125389212,0.0,0.0,0.0,1.7065374632098456,False,False,0.0,0.0
Lovelock Valley,Lovelock Valley|FETH|361.1166667,FETH,361.1166666666667,0.0316287912,0.9,1.0012127397600001,False,0.03316086271904448,0.03677415733421477,0.0328426806684025,0.03319907028570196,0.019851320305324032,0.05651180042988136,0.00035638961729946017,0.03666048012455733,0.0,0.0,0.0,1.7041715985702113,False,False,0.0,0.0
Lovelock Valley,Lovelock Valley|FETH|373.1166667,FETH,373.1166666666667,0.03228658008,0.9,1.0012127397600001,False,0.033359588192479805,0.03698692350879198,0.0331365094075344,0.03338654071500115,0.020029929831007636,0.05678969520687924,0.00025003130746675123,0.0367597653758716,0.0,0.0,0.0,1.7023500074164957,False,False,0.0,0.0
Lovelock Valley,Lovelock Valley|FETH|385.1166667,FETH,385.1166666666667,0.03307732272,0.9,1.0012127397600001,False,0.03348960902151943,0.03712588993211635,0.0333631691470122,0.03350510894935085,0.020159121115794595,0.05696552035885212,0.00014193980233864756,0.03680639924305752,0.0,0.0,0.0,1.7009909050370748,False,False,0.0,0.0
Lovelock Valley,Lovelock Valley|FETH|397.1166667,FETH,397.1166666666667,0.03349008288,0.9,1.0012127397600001,False,0.033560077496097365,0.037200895857952825,0.0335304290704594,0.033564091923988806,0.02024505377412853,0.057053077786652,3.366285352940368e-05,0.03680802401252347,0.0,0.0,0.0,1.7000281895441567,False,False,0.0,0.0
Lovelock Valley,Lovelock Valley|FETH|409.1166667,FETH,409.1166666666667,0.03295988328,0.9,1.0012127397600001,False,0.03357900777395033,0.03722055606730581,0.0335710749619999,0.033615850988453926,0.020304502267377136,0.05706683025160362,4.4776026454022844e-05,0.03676232798422648,0.0,0.0,0.0,1.6994793484003567,False,False,0.0,0.0
Lovelock Valley,Lovelock Valley|FETH|421.1166667,FETH,421.1166666666667,0.03507147672,0.9,1.0012127397600001,False,0.03355340381410851,0.03719239863709318,0.0335344835920707,0.03364199385776734,0.020354164461235145,0.05702256940707727,0.00010751026569663646,0.03666840494584213,0.0,0.0,0.0,1.6994570721644777,False,False,0.0,0.0
Lovelock Valley,Lovelock Valley|FETH|433.1166667,FETH,433.1166666666667,0.03703978368,0.9,1.0012127397600001,False,0.03348937951756312,0.037122994289559695,0.0334597554765337,0.03362839453268255,0.020374144978962273,0.056911785126845506,0.00016863905614884767,0.03653764014788323,0.0,0.0,0.0,1.6993980165263671,False,False,0.0,0.0
Lovelock Valley,Lovelock Valley|FETH|445.1166667,FETH,445.1166666666667,0.03603577248,0.9,1.0012127397600001,False,0.03339226845883953,0.03701807451392933,0.0333520959537267,0.03358020752348687,0.02036798874623854,0.05675867988312618,0.00022811156976017266,0.03639069113688764,0.0,0.0,0.0,1.6997551380221114,False,False,0.0,0.0
Lovelock Valley,Lovelock Valley|FETH|457.1166667,FETH,457.1166666666667,0.03267596208,0.9,1.0012127397600001,False,0.033266722326908166,0.036882637517746744,0.033216120870825,0.03350193563496718,0.020599445802034346,0.056605222192157086,0.0002858147641421824,0.03600577639012274,0.0,0.0,0.0,1.7015569383693478,False,False,0.0,0.0
Lovelock Valley,Lovelock Valley|FETH|469.1166667,FETH,469.1166666666667,0.028896847464,0.9,1.0012127397600001,False,0.03311679818502677,0.036721042130983476,0.0330561540528079,0.033397419333379544,0.020214318869457914,0.056368336144745866,0.0003412652805716426,0.036154017275287956,0.0,0.0,0.0,1.7021070645118075,False,False,0.0,0.0
Lovelock Valley,Lovelock Valley|FETH|481.1166667,FETH,481.1166666666667,0.02916140472,0.9,1.0012127397600001,False,0.03294603519327503,0.036537090359834094,0.0328757526186129,0.03353346240037268,0.020117819409366973,0.05610115264868479,0.0006577097817597813,0.035983333239317815,0.0,0.0,0.0,1.7028195447364844,False,False,0.0,0.0
Lovelock Valley,Lovelock Valley|FETH|493.1166667,FETH,493.1166666666667,0.03179030472,0.9,1.0012127397600001,False,0.03275752169458279,0.03633409956285831,0.0326780147282294,0.03341977037353496,0.020007092068529315,0.05580826464335594,0.0007417556453055626,0.03580117257482662,0.0,0.0,0.0,1.7036778656117053,False,False,0.0,0.0
Lovelock Valley,Lovelock Valley|FETH|505.1166667,FETH,505.1166666666667,0.0333777336,0.9,1.0012127397600001,False,0.03255395365751727,0.03611496532088388,0.0324656397706785,0.033287401866365834,0.01988409820988367,0.05549367389035515,0.0008217620956873367,0.03560957568047148,0.0,0.0,0.0,1.7046677179114524,False,False,0.0,0.0
Lovelock Valley,Lovelock Valley|FETH|517.1166667,FETH,517.1166666666667,0.0333038196,0.9,1.0012127397600001,False,0.03233768546691833,0.03588221606913185,0.0322409805726219,0.03313873986866335,0.019750564528833475,0.05516086837778899,0.0008977592960414532,0.035410303848955514,0.0,0.0,0.0,1.7057766374225802,False,False,0.0,0.0
Lovelock Valley,Lovelock Valley|FETH|529.1166667,FETH,529.1166666666667,0.0341790528,0.9,1.0012127397600001,False,0.03211077399977748,0.03563806050175997,0.032006088622487,0.0329759006507286,0.01960801178120386,0.054812889368223414,0.000969812028241597,0.035204877587019553,0.0,0.0,0.0,1.706993713966635,False,False,0.0,0.0
Lovelock Valley,Lovelock Valley|FETH|541.1166667,FETH,541.1166666666667,0.034326576,0.9,1.0012127397600001,False,0.03187501684492025,0.03538442867379317,0.0317627532169711,0.032800764284814064,0.019457779906877623,0.05445238943523836,0.0010380110678429658,0.03499460952836074,0.0,0.0,0.0,1.7083093540048166,False,False,0.0,0.0
Lovelock Valley,Lovelock Valley|FETH|553.1166667,FETH,553.1166666666667,0.0359203752,0.9,1.0012127397600001,False,0.031631985436476766,0.03512300762980269,0.0315125353402531,0.03261500160507881,0.01930104998806167,0.05408168269029119,0.0011024662648257133,0.034780632702229516,0.0,0.0,0.0,1.7097150856653567,False,False,0.0,0.0
Lovelock Valley,Lovelock Valley|FETH|565.1166667,FETH,565.1166666666667,0.03506592936,0.9,1.0012127397600001,False,0.031383053782289956,0.03485527229286245,0.0312567969903424,0.03242009800413175,0.019138863438070884,0.05370278825931265,0.0011633010137893501,0.034563924821241765,0.0,0.0,0.0,1.7112033975998262,False,False,0.0,0.0
Lovelock Valley,Lovelock Valley|FETH|577.1166667,FETH,577.1166666666667,0.0310037988,0.9,1.0012127397600001,False,0.03112942338389475,0.03458251225619247,0.0309967265766514,0.03221737442981605,0.01897213877269963,0.05331746793445415,0.0012206478531646518,0.03434532916175452,0.0,0.0,0.0,1.7127676050060954,False,False,0.0,0.0
Lovelock Valley,Lovelock Valley|MOIR|1.116666667,MOIR,1.116666666666665,0.0,0.9,1.0012127397600001,False,7.3655255805529466e-06,0.0007908413145183077,4.20567778182885e-07,8.789767865980476e-06,0.0,0.004743144335660364,8.369200087797592e-06,0.004743144335660364,0.0,0.0,0.0,,False,False,0.0,0.0
Lovelock Valley,Lovelock Valley|MOIR|13.11666667,MOIR,13.116666666666665,0.0013372761672,0.9,1.0012127397600001,False,0.00037374212460982543,0.001054662415536654,2.1722132645630926e-05,0.0004281782199814112,0.0,0.005220034514938277,0.0004064560873357803,0.005220034514938277,0.0,0.0,0.0,,False,False,0.0,0.0
Lovelock Valley,Lovelock Valley|MOIR|25.11666667,MOIR,25.11666666666666,0.0033385448088,0.9,1.0012127397600001,False,0.0009838794924263844,0.001578803769325526,7.78892620234067e-05,0.0010780328344233688,0.0,0.006009553578408976,0.001000143572399962,0.006009553578408976,0.0,0.0,0.0,,False,False,0.0,0.0
Lovelock Valley,Lovelock Valley|MOIR|37.11666667,MOIR,37.11666666666666,0.0022100502408,0.9,1.0012127397600001,False,0.0019196493581436099,0.0024363041035253543,0.0003768811724720152,0.002035298888340605,0.0,0.007149073513414033,0.0016584177158685898,0.007149073513414033,0.0,0.0,0.0,,False,False,0.0,0.0
Lovelock Valley,Lovelock Valley|MOIR|49.11666667,MOIR,49.116666666666674,0.0048276363696,0.9,1.0012127397600001,False,0.003267291822576982,0.0037219611591034203,0.0012430150637454027,0.0033763879881354036,0.0,0.008984777728412023,0.002133372924390001,0.008984777728412023,0.0,0.0,0.0,,False,False,0.0,0.0
Lovelock Valley,Lovelock Valley|MOIR|61.11666667,MOIR,61.116666666666674,0.0053655138816,0.9,1.0012127397600001,False,0.0050610799685226636,0.005488420218854962,0.0028182260324723157,0.005140247645978772,0.0007056085937316886,0.01133816417600978,0.002322021613506456,0.01063255558227809,0.0,0.0,0.0,,False,False,0.0,0.0
Lovelock Valley,Lovelock Valley|MOIR|73.11666667,MOIR,73.11666666666667,0.0073798578336,0.9,1.0012127397600001,False,0.007285597090470603,0.007709784349704403,0.00506970718387185,0.007321545977798381,0.0024655187521229966,0.014240188348356721,0.0022518387939265312,0.011774669596233724,0.0,0.0,0.0,,False,False,0.0,0.0
Lovelock Valley,Lovelock Valley|MOIR|85.11666667,MOIR,85.11666666666667,0.0089124227136,0.9,1.0012127397600001,False,0.009897436003040902,0.01033732343059971,0.008346345436825267,0.009899842934847034,0.004527235740173631,0.017742618388675305,0.001553497498021767,0.013215382648501674,0.0,0.0,0.0,,False,False,0.0,0.0
Lovelock Valley,Lovelock Valley|MOIR|97.11666667,MOIR,97.11666666666666,0.0117738576815999,0.9,1.0012127397600001,False,0.012842112511886229,0.013310290009163244,0.011521704893054567,0.012854071899260067,0.006856497170046958,0.021478202418567342,0.0013323670062055006,0.014621705248520384,0.0,0.0,0.0,,False,False,0.0,0.0
Lovelock Valley,Lovelock Valley|MOIR|109.1166667,MOIR,109.11666666666666,0.0136233444576,0.9,1.0012127397600001,False,0.01606393374635893,0.016575438373355504,0.015024873381321989,0.01608365599122051,0.009382117999781963,0.025570499558811462,0.0010587826098985217,0.016188381559029498,0.0,0.0,0.0,1.591795631291576,False,False,0.0,0.0
Lovelock Valley,Lovelock Valley|MOIR|121.1166667,MOIR,121.11666666666666,0.0186020939616,0.9,1.0012127397600001,False,0.019510929224211916,0.020072383565727322,0.018774621923790445,0.01953609505431058,0.012099037377405041,0.03014383392665547,0.000761473130520135,0.018044796549250428,0.0,0.0,0.0,1.5449717222718815,False,False,0.0,0.0
Lovelock Valley,Lovelock Valley|MOIR|133.1166667,MOIR,133.11666666666667,0.0225624914256,0.9,1.0012127397600001,False,0.02313689482984027,0.0237508926689057,0.022704453323859577,0.023165000386409396,0.014967607858418506,0.03474003863649006,0.00046054706254981814,0.01977243077807156,0.0,0.0,0.0,1.5014996131496827,False,False,0.0,0.0
Lovelock Valley,Lovelock Valley|MOIR|145.1166667,MOIR,145.11666666666667,0.0265270097856,0.9,1.0012127397600001,False,0.026903576890520725,0.027572157682065477,0.0267086551131104,0.02693653345103461,0.01789717048267645,0.03988095352373641,0.00022787833792421025,0.02198378304105996,0.0,0.0,0.0,1.4823662179205683,False,False,0.0,0.0
Lovelock Valley,Lovelock Valley|MOIR|157.1166667,MOIR,157.11666666666667,0.0277387269456,0.9,1.0012127397600001,False,0.03042109877934977,0.031140650715958788,0.030158506960251,0.030459468395486956,0.020702388216344035,0.044416541573703644,0.0003009614352359573,0.02371415335735961,0.0,0.0,0.0,1.4600571102268718,False,False,0.0,0.0
Lovelock Valley,Lovelock Valley|MOIR|169.1166667,MOIR,169.11666666666667,0.0340119193776,0.9,1.0012127397600001,False,0.03377125937837476,0.03453935785835981,0.0334740115358296,0.033814692558787024,0.02333470390342919,0.04878216828913847,0.0003406810229574231,0.02544746438570928,0.0,0.0,0.0,1.4444876853001183,False,False,0.0,0.0
Lovelock Valley,Lovelock Valley|MOIR|181.1166667,MOIR,181.11666666666667,0.0382323935376,0.9,1.0012127397600001,False,0.03685321298073935,0.03766655232185283,0.0365589413720418,0.03689621088525211,0.025726548900240526,0.05251109455912565,0.0003372695132103157,0.026784545658885123,0.0,0.0,0.0,1.4248715461137569,False,False,0.0,0.0
Lovelock Valley,Lovelock Valley|MOIR|193.1166667,MOIR,193.11666666666667,0.0418084900176,0.9,1.0012127397600001,False,0.039559681180191375,0.04041379100408812,0.0393199009011159,0.03959471651440124,0.02784718380306757,0.056212229578177245,0.0002748156132853369,0.028365045775109676,0.0,0.0,0.0,1.4209474874717711,False,False,0.0,0.0
Lovelock Valley,Lovelock Valley|MOIR|205.1166667,MOIR,205.11666666666667,0.0435179608176,0.9,1.0012127397600001,False,0.041837289074593866,0.04272570996646249,0.0416950294994056,0.04185807452504823,0.029628776552857866,0.05956654019446152,0.00016304502564262746,0.02993776364160365,0.0,0.0,0.0,1.4237667284860942,False,False,0.0,0.0
Lovelock Valley,Lovelock Valley|MOIR|217.1166667,MOIR,217.11666666666667,0.0477695550576,0.9,1.0012127397600001,False,0.04368616660250012,0.04460244077980637,0.0436673068713236,0.04368892083775229,0.031086809081313314,0.062018109141975794,2.1613966428690734e-05,0.03093130006066248,0.0,0.0,0.0,1.419628087451064,False,False,0.0,0.0
Lovelock Valley,Lovelock Valley|MOIR|229.1166667,MOIR,229.11666666666667,0.0458582761776,0.9,1.0012127397600001,False,0.04513785018958301,0.04607599461145234,0.0451127415326977,0.045213226538869396,0.03220917031083858,0.06374091018882777,0.00010048500617169248,0.03153173987798919,0.0,0.0,0.0,1.4121388130163541,False,False,0.0,0.0
Lovelock Valley,Lovelock Valley|MOIR|241.1166667,MOIR,241.11666666666667,0.0468648476976,0.9,1.0012127397600001,False,0.046237608996659595,0.04719232230251062,0.0461840087743058,0.04639852353816863,0.03305124586582054,0.06534567458047434,0.00021451476386283308,0.0322944287146538,0.0,0.0,0.0,1.4132580814288038,False,False,0.0,0.0
Lovelock Valley,Lovelock Valley|MOIR|253.1166667,MOIR,253.11666666666667,0.0481205627376,0.9,1.0012127397600001,False,0.04703393914094393,0.0480006503393681,0.0469545220840729,0.047272361896099256,0.033656912188041184,0.06640421177866436,0.0003178398120263562,0.032747299590623176,0.0,0.0,0.0,1.4118360696873515,False,False,0.0,0.0
Lovelock Valley,Lovelock Valley|MOIR|265.1166667,MOIR,265.1166666666667,0.0484935769776,0.9,1.0012127397600001,False,0.04757316445081419,0.04854800026243127,0.0474717373681189,0.04787766663530141,0.03406347227299118,0.06710359878123046,0.0004059292671825046,0.03304012650823927,0.0,0.0,0.0,1.4105346902161353,False,False,0.0,0.0
Lovelock Valley,Lovelock Valley|MOIR|277.1166667,MOIR,277.1166666666667,0.0497267368176,0.9,1.0012127397600001,False,0.04789705476319766,0.04887677106915698,0.0477779893672666,0.048254511584429075,0.03437259128393987,0.06711198369099036,0.00047652221716247556,0.03273939240705049,0.0,0.0,0.0,1.4011714086135574,False,False,0.0,0.0
Lovelock Valley,Lovelock Valley|MOIR|289.1166667,MOIR,289.1166666666667,0.0492650867376,0.9,1.0012127397600001,False,0.04804207505388815,0.049023977018419825,0.0479099168627155,0.04843883988780862,0.034452812786271526,0.06753594075514584,0.0005289230250931226,0.03308312796887431,0.0,0.0,0.0,1.4057665219371078,False,False,0.0,0.0
Lovelock Valley,Lovelock Valley|MOIR|301.1166667,MOIR,301.1166666666667,0.0489167308176,0.9,1.0012127397600001,False,0.048039453776251934,0.04902131698699606,0.0478986672918191,0.04846212320692747,0.034442401640190794,0.06765886922646583,0.0005634559151083685,0.033216467586275035,0.0,0.0,0.0,1.408402134245595,False,False,0.0,0.0
Lovelock Valley,Lovelock Valley|MOIR|313.1166667,MOIR,313.1166666666667,0.0494296482576,0.9,1.0012127397600001,False,0.04791562290388779,0.048895621132462264,0.0477704354329424,0.048351505614750594,0.03435722044630206,0.06748008141867323,0.0005810701818081965,0.033122860972371174,0.0,0.0,0.0,1.4083106370969878,False,False,0.0,0.0
Lovelock Valley,Lovelock Valley|MOIR|325.1166667,MOIR,325.1166666666667,0.0510714229776,0.9,1.0012127397600001,False,0.04769279319113479,0.04866943481340502,0.047547107138099,0.04834943755960699,0.03418485895674424,0.06717961100909174,0.0008023304215079852,0.032994752052347504,0.0,0.0,0.0,1.4085904077763092,False,False,0.0,0.0
Lovelock Valley,Lovelock Valley|MOIR|337.1166667,MOIR,337.1166666666667,0.0489704060976,0.9,1.0012127397600001,False,0.047389545464434295,0.04836161878388787,0.0472468966544998,0.04793909639488477,0.03394073913159727,0.0666525471347873,0.0006921997403849731,0.03271180800319003,0.0,0.0,0.0,1.4064820939211122,False,False,0.0,0.0
Lovelock Valley,Lovelock Valley|MOIR|349.1166667,MOIR,349.1166666666667,0.0470529702576,0.9,1.0012127397600001,False,0.04702138224630428,0.04798790912436273,0.0468849282622057,0.047461281377968255,0.03366611463152125,0.06606538506726076,0.000576353115762554,0.03239927043573951,0.0,0.0,0.0,1.4050072947920043,False,False,0.0,0.0
Lovelock Valley,Lovelock Valley|MOIR|361.1166667,MOIR,361.1166666666667,0.0444346468175999,0.9,1.0012127397600001,False,0.04660121751125488,0.04756141437351185,0.046290845816860465,0.04698391687591284,0.03329725589383824,0.06578511139237217,0.0006930710590523775,0.03248785549853393,0.0,0.0,0.0,1.4116607871132143,False,False,0.0,0.0
Lovelock Valley,Lovelock Valley|MOIR|373.1166667,MOIR,373.1166666666667,0.0450804265776,0.9,1.0012127397600001,False,0.046139799440728387,0.04709304465048011,0.04557823795704827,0.046488227717303834,0.032993082408788406,0.06507049728002116,0.0009099897602555668,0.03207741487123276,0.0,0.0,0.0,1.4102899897432655,False,False,0.0,0.0
Lovelock Valley,Lovelock Valley|MOIR|385.1166667,MOIR,385.1166666666667,0.0431317182576,0.9,1.0012127397600001,False,0.0456460692383019,0.04659187587463485,0.04485734441637659,0.045953902967389965,0.03256072641273372,0.06451692165608328,0.0010965585510133713,0.031956195243349556,0.0,0.0,0.0,1.4134168118455799,False,False,0.0,0.0
Lovelock Valley,Lovelock Valley|MOIR|397.1166667,MOIR,397.1166666666667,0.0440986657776,0.9,1.0012127397600001,False,0.04512746255400741,0.04606545573020945,0.044134074798523326,0.04538927950888219,0.03215219137037077,0.063849594107145,0.0012552047103588648,0.031697402736774224,0.0,0.0,0.0,1.4148722417249011,False,False,0.0,0.0
Lovelock Valley,Lovelock Valley|MOIR|409.1166667,MOIR,409.1166666666667,0.0410074451376,0.9,1.0012127397600001,False,0.04459016112265787,0.04552005909517461,0.043413002840584435,0.04480135528077515,0.03174309648647734,0.06293595789589934,0.0013883524401907127,0.031192861409422,0.0,0.0,0.0,1.4114314976969058,False,False,0.0,0.0
Lovelock Valley,Lovelock Valley|MOIR|421.1166667,MOIR,421.1166666666667,0.0426675688176,0.9,1.0012127397600001,False,0.0440393020841012,0.04496090051468483,0.042697651154147725,0.04419600043534859,0.031324358576330036,0.062466697997205105,0.0014983492812008642,0.03114233942087507,0.0,0.0,0.0,1.4184306980595056,False,False,0.0,0.0
Lovelock Valley,Lovelock Valley|MOIR|433.1166667,MOIR,433.1166666666667,0.0412618007376,0.9,1.0012127397600001,False,0.04347915178022892,0.0443923106162354,0.0419910173363246,0.043578135350401594,0.03089916181302676,0.061621435610404014,0.001587118014076995,0.030722273797377256,0.0,0.0,0.0,1.4172639779606937,False,False,0.0,0.0
Lovelock Valley,Lovelock Valley|MOIR|445.1166667,MOIR,445.1166666666667,0.0391297856976,0.9,1.0012127397600001,False,0.04291324996275504,0.04381788248990283,0.041294880296963585,0.04295188034538485,0.030470132443631167,0.060892254565070844,0.0016570000484212657,0.030422122121439677,0.0,0.0,0.0,1.4189616171676582,False,False,0.0,0.0
Lovelock Valley,Lovelock Valley|MOIR|457.1166667,MOIR,457.1166666666667,0.0382238896176,0.9,1.0012127397600001,False,0.04234452946887676,0.04324059316693909,0.04099849970049632,0.04234979147461724,0.030031559109929606,0.05995710338488766,0.0013512917741209177,0.029925544274958055,0.0,0.0,0.0,1.4159350484448325,False,False,0.0,0.0
Lovelock Valley,Lovelock Valley|MOIR|469.1166667,MOIR,469.1166666666667,0.0381344308176,0.9,1.0012127397600001,False,0.04177541561005667,0.04266290450589518,0.04032302397215092,0.041794830414943716,0.029607241722578878,0.05949418897075593,0.0014718064427927946,0.029886947248177052,0.0,0.0,0.0,1.4241435567294223,False,False,0.0,0.0
Lovelock Valley,Lovelock Valley|MOIR|481.1166667,MOIR,481.1166666666667,0.0391280178576,0.9,1.0012127397600001,False,0.041207908804587405,0.04208684707011221,0.03965803804724171,0.04124175795673101,0.02915354211585526,0.05859155036717735,0.0015837199094893006,0.02943800825132209,0.0,0.0,0.0,1.421852068374184,False,False,0.0,0.0
Lovelock Valley,Lovelock Valley|MOIR|493.1166667,MOIR,493.1166666666667,0.0406764018576,0.9,1.0012127397600001,False,0.04064365337297465,0.0415140899595822,0.039004471824347485,0.04069214173159384,0.028709556890483687,0.05770938884690839,0.0016876699072463572,0.028999831956424704,0.0,0.0,0.0,1.4198868472114596,False,False,0.0,0.0
Lovelock Valley,Lovelock Valley|MOIR|505.1166667,MOIR,505.1166666666667,0.0411752680176,0.9,1.0012127397600001,False,0.04008399490062691,0.04094599903788542,0.038363009607517526,0.040147260340913676,0.028287596521769095,0.056848052541962034,0.0017842507333961505,0.02856045602019294,0.0,0.0,0.0,1.4182232255765739,False,False,0.0,0.0
Lovelock Valley,Lovelock Valley|MOIR|517.1166667,MOIR,517.1166666666667,0.0430764884976,0.9,1.0012127397600001,False,0.03953002814582458,0.04038368556197093,0.037734136288212365,0.039608150183561584,0.027899738636434187,0.056007676008590905,0.0018740138953492191,0.028107937372156718,0.0,0.0,0.0,1.4168387586768465,False,False,0.0,0.0
Lovelock Valley,Lovelock Valley|MOIR|529.1166667,MOIR,529.1166666666667,0.0428270401776,0.9,1.0012127397600001,False,0.03898263711808319,0.03982804686437556,0.03711817493052121,0.03907564455425408,0.02746885510865224,0.0551882265086426,0.0019574696237328673,0.02771937139999036,0.0,0.0,0.0,1.4157130093962267,False,False,0.0,0.0
Lovelock Valley,Lovelock Valley|MOIR|541.1166667,MOIR,541.1166666666667,0.0407374532976,0.9,1.0012127397600001,False,0.03844252866267306,0.03927980044376522,0.036515317433824725,0.03855040634558604,0.027051503214237747,0.05440971702599451,0.0020350889117613166,0.027358213811756762,0.0,0.0,0.0,1.415352187246342,False,False,0.0,0.0
Lovelock Valley,Lovelock Valley|MOIR|553.1166667,MOIR,553.1166666666667,0.0399540868176,0.9,1.0012127397600001,False,0.03791026064992982,0.03873951257898322,0.035925649602240255,0.038032955447014384,0.026648998816339857,0.05374242431418998,0.0021073058447741294,0.02709342549785012,0.0,0.0,0.0,1.4176221263804332,False,False,0.0,0.0
Lovelock Valley,Lovelock Valley|MOIR|565.1166667,MOIR,565.1166666666667,0.0374711250576,0.9,1.0012127397600001,False,0.037386265674138955,0.03820762238501922,0.03534917168013663,0.037523691738971826,0.02621535308144554,0.053059723546655516,0.002174520058835193,0.026844370465209974,0.0,0.0,0.0,1.4192303668177884,False,False,0.0,0.0
Lovelock Valley,Lovelock Valley|MOIR|577.1166667,MOIR,577.1166666666667,0.0346701044976,0.9,1.0012127397600001,False,0.03687087100767234,0.0376844631655164,0.03478581520128053,0.037022914420429646,0.025880386420186804,0.0524651761905251,0.002237099219149115,0.026584789770338294,0.0,0.0,0.0,1.422943769882946,False,False,0.0,0.0
Lovelock Valley,Lovelock Valley|MD|1.116666667,MD,1.116666666666665,0.0,0.9,1.0012127397600001,False,1.4286876688299691e-05,0.0007954134287756349,7.997068602938931e-07,1.4312797980713611e-05,0.0,0.004743170759229315,1.3513091120419718e-05,0.004743170759229315,0.0,0.0,0.0,,False,False,0.0,0.0
Lovelock Valley,Lovelock Valley|MD|13.11666667,MD,13.116666666666665,0.007407545256,0.9,1.0012127397600001,False,0.011417477931331237,0.01187032072542289,0.00534935456156596,0.011417734210766556,0.005722886081322067,0.019556342813270438,0.006068379649200596,0.013833456731948371,0.0,0.0,0.0,,False,False,0.0,0.0
Lovelock Valley,Lovelock Valley|MD|25.11666667,MD,25.11666666666666,0.029797647288,0.9,1.0012127397600001,False,0.017457908213399265,0.01798938846607236,0.0021928796181495337,0.01745846511609826,0.010471080357283972,0.027446050951432453,0.015265585497948726,0.01697497059414848,0.0,0.0,0.0,1.5721271194659567,False,False,0.0,0.0
Lovelock Valley,Lovelock Valley|MD|37.11666667,MD,37.11666666666666,0.04155823032,0.9,1.0012127397600001,False,0.01996326682510763,0.02053103248269999,0.004911540068827651,0.019963933295454764,0.012440426494074359,0.03071790464311468,0.015052393226627114,0.01827747814904032,0.0,0.0,0.0,1.5387213381569913,False,False,0.0,0.0
Lovelock Valley,Lovelock Valley|MD|49.11666667,MD,49.116666666666674,0.0209358186312,0.9,1.0012127397600001,False,0.02172434143522044,0.02231761535551624,0.008357896260114545,0.02172495292817708,0.013824698784151683,0.03301760726564865,0.013367056668062535,0.01919290848149697,0.0,0.0,0.0,1.5198438748582308,False,False,0.0,0.0
Lovelock Valley,Lovelock Valley|MD|61.11666667,MD,61.116666666666674,0.028398529944,0.9,1.0012127397600001,False,0.023308484942530003,0.023924706233527153,0.012092697382859409,0.023309003740721822,0.015069886004903265,0.03508719474879562,0.011216306357862414,0.020017308743892355,0.0,0.0,0.0,1.505340001090054,False,False,0.0,0.0
Lovelock Valley,Lovelock Valley|MD|73.11666667,MD,73.11666666666667,0.033466037208,0.9,1.0012127397600001,False,0.024851048131439204,0.025489615066734344,0.015880324182312642,0.024851467131500885,0.016282388243849196,0.03710109283795942,0.008971142949188243,0.020818704594110223,0.0,0.0,0.0,1.492938754201784,False,False,0.0,0.0
Lovelock Valley,Lovelock Valley|MD|85.11666667,MD,85.11666666666667,0.0199629329976,0.9,1.0012127397600001,False,0.026388957485444217,0.027049802716934437,0.01960492222222749,0.026389278002944768,0.017491233971210326,0.03910952275097727,0.006784355780717278,0.02161828877976694,0.0,0.0,0.0,1.4820412201789153,False,False,0.0,0.0
Lovelock Valley,Lovelock Valley|MD|97.11666667,MD,97.11666666666666,0.014749817592,0.9,1.0012127397600001,False,0.027932950866448467,0.02861616243840809,0.023212445841022472,0.02793317667069438,0.018704863636540586,0.04131568396134533,0.004720730829671907,0.022610820324804742,0.0,0.0,0.0,1.4791020167858981,False,False,0.0,0.0
Lovelock Valley,Lovelock Valley|MD|109.1166667,MD,109.11666666666666,0.019394177112,0.9,1.0012127397600001,False,0.029486026033817718,0.030191735325987155,0.026680322510587356,0.029486161536254274,0.019925633823292415,0.04347849578539473,0.0028058390256669175,0.023552861962102312,0.0,0.0,0.0,1.4745457979155603,False,False,0.0,0.0
Lovelock Valley,Lovelock Valley|MD|121.1166667,MD,121.11666666666666,0.02776630464,0.9,1.0012127397600001,False,0.031048765030500365,0.03177711186117932,0.030002062028752798,0.03104881469761838,0.02115400257777474,0.04541315454102457,0.0010467526688655825,0.02425915196324983,0.0,0.0,0.0,1.4626396411069338,False,False,0.0,0.0
Lovelock Valley,Lovelock Valley|MD|133.1166667,MD,133.11666666666667,0.0313953144,0.9,1.0012127397600001,False,0.032621001429132185,0.03337212317563962,0.0326209452272715,0.032620994657885524,0.02238992123837124,0.0475915538924679,4.9430614025569586e-08,0.02520163265409666,0.0,0.0,0.0,1.4589237548656695,False,False,0.0,0.0
Lovelock Valley,Lovelock Valley|MD|145.1166667,MD,145.11666666666667,0.019063234416,0.9,1.0012127397600001,False,0.03419528191101966,0.03496920800903051,0.0341951023411523,0.034195253234912994,0.02362728470818881,0.04959271728491722,1.5089376069477023e-07,0.02596543257672841,0.0,0.0,0.0,1.450279527274072,False,False,0.0,0.0
Lovelock Valley,Lovelock Valley|MD|157.1166667,MD,157.11666666666667,0.01845035172,0.9,1.0012127397600001,False,0.024899140742725125,0.025538431626137816,0.024898785170066,0.024899294460412374,0.01631986528948251,0.037457476143550036,5.092903463746468e-07,0.021137610854067526,0.0,0.0,0.0,1.5043682242124812,False,False,0.0,0.0
Lovelock Valley,Lovelock Valley|MD|169.1166667,MD,169.11666666666667,0.024978187788,0.9,1.0012127397600001,False,0.020101840688649012,0.020671652918978507,0.0201005849722814,0.02010152306862842,0.01254882270186729,0.031037432574116265,9.380963470195791e-07,0.018488609872248978,0.0,0.0,0.0,1.5440094792733234,False,False,0.0,0.0
Lovelock Valley,Lovelock Valley|MD|181.1166667,MD,181.11666666666667,0.036211315944,0.9,1.0012127397600001,False,0.019130228694267094,0.019685968886430004,0.0191285934324558,0.019129913420952112,0.011785065571739618,0.02968038228717273,1.3199884963122077e-06,0.017895316715433113,0.0,0.0,0.0,1.5514912425520184,False,False,0.0,0.0
Lovelock Valley,Lovelock Valley|MD|193.1166667,MD,193.11666666666667,0.040873097832,0.9,1.0012127397600001,False,0.01896669025546121,0.01952006085574512,0.0189650186840921,0.018966390678615025,0.011656525240443687,0.02965695687233737,1.371994522925829e-06,0.018000431631893684,0.0,0.0,0.0,1.5636337427821936,False,False,0.0,0.0
Lovelock Valley,Lovelock Valley|MD|205.1166667,MD,205.11666666666667,0.0249906169224,0.9,1.0012127397600001,False,0.01899994473663044,0.019553795440207307,0.0189983168231481,0.01899966820135342,0.011682684238648947,0.029597648064427298,1.3513782053213574e-06,0.01791496382577835,0.0,0.0,0.0,1.557775481702602,False,False,0.0,0.0
Lovelock Valley,Lovelock Valley|MD|217.1166667,MD,217.11666666666667,0.021639556416,0.9,1.0012127397600001,False,0.01908510170496081,0.01964018403466717,0.0190835370952732,0.019084851189795134,0.011749644577702995,0.029811863619479177,1.314094521934206e-06,0.018062219041776184,0.0,0.0,0.0,1.5620489783258609,False,False,0.0,0.0
Lovelock Valley,Lovelock Valley|MD|229.1166667,MD,229.11666666666667,0.017984751432,0.9,1.0012127397600001,False,0.01918261778329473,0.019739110702331607,0.0191811207769395,0.019182393852760493,0.011826320441129854,0.029870661752114194,1.2730758209948678e-06,0.01804434131098434,0.0,0.0,0.0,1.5571733790227107,False,False,0.0,0.0
Lovelock Valley,Lovelock Valley|MD|241.1166667,MD,241.11666666666667,0.01507900464,0.9,1.0012127397600001,False,0.01928080199062453,0.019838715215887936,0.0192793729203287,0.019280603969376774,0.011903521048152874,0.030061090047075002,1.2310490480720027e-06,0.018157568998922128,0.0,0.0,0.0,1.559120313651501,False,False,0.0,0.0
Lovelock Valley,Lovelock Valley|MD|253.1166667,MD,253.11666666666667,0.01596417432,0.9,1.0012127397600001,False,0.019376161796633627,0.019935454498053173,0.0193748002010657,0.019375988405379678,0.011978500529708738,0.030198747220150864,1.1882043139781195e-06,0.018220246690442126,0.0,0.0,0.0,1.5585515613003156,False,False,0.0,0.0
Lovelock Valley,Lovelock Valley|MD|265.1166667,MD,265.1166666666667,0.0204422270352,0.9,1.0012127397600001,False,0.01946775834985066,0.020028376114818364,0.0194664638737843,0.019467608044016583,0.012050520745223623,0.03031820532423632,1.1441702322811942e-06,0.018267684579012698,0.0,0.0,0.0,1.5573547184732182,False,False,0.0,0.0
Lovelock Valley,Lovelock Valley|MD|277.1166667,MD,277.1166666666667,0.017214040248,0.9,1.0012127397600001,False,0.019555444137974158,0.020117330421505805,0.0195542167445189,0.01955531528809291,0.012119465697014453,0.030436866204727533,1.09854357401018e-06,0.01831740050771308,0.0,0.0,0.0,1.5564395259948636,False,False,0.0,0.0
Lovelock Valley,Lovelock Valley|MD|289.1166667,MD,289.1166666666667,0.027889456032,0.9,1.0012127397600001,False,0.019639288743208968,0.020202388006505496,0.0196381287096738,0.019639179730613573,0.012185390041578766,0.030544413009057,1.0510209397726622e-06,0.018359022967478236,0.0,0.0,0.0,1.5552708353360758,False,False,0.0,0.0
Lovelock Valley,Lovelock Valley|MD|301.1166667,MD,301.1166666666667,0.039519170136,0.9,1.0012127397600001,False,0.019719393641971818,0.02028365181153518,0.0197183014912621,0.019719302908528625,0.012248383984908687,0.03064889564340098,1.0014172665238907e-06,0.018400511658492293,0.0,0.0,0.0,1.5542514237438936,False,False,0.0,0.0
Lovelock Valley,Lovelock Valley|MD|313.1166667,MD,313.1166666666667,0.039249653784,0.9,1.0012127397600001,False,0.01979583902458076,0.02036120318265673,0.0197948154437728,0.019795765097138054,0.01230847974182056,0.030752444956513216,9.496533652543493e-07,0.018443965214692656,0.0,0.0,0.0,1.5534802499822054,False,False,0.0,0.0
Lovelock Valley,Lovelock Valley|MD|325.1166667,MD,325.1166666666667,0.024765108204,0.9,1.0012127397600001,False,0.019868675120963488,0.020435093071196474,0.0198677208848456,0.01986861662176289,0.012365747734400034,0.030817110154414344,8.957369172883645e-07,0.01845136242001431,0.0,0.0,0.0,1.5510400148371812,False,False,0.0,0.0
Lovelock Valley,Lovelock Valley|MD|337.1166667,MD,337.1166666666667,0.0223501238544,0.9,1.0012127397600001,False,0.019937927277540346,0.02050534718951191,0.0199370431824544,0.01993788292684422,0.012420197608515857,0.030924002249180477,8.397443898196244e-07,0.01850380464066462,0.0,0.0,0.0,1.5510138952114503,False,False,0.0,0.0
Lovelock Valley,Lovelock Valley|MD|349.1166667,MD,349.1166666666667,0.032486766624,0.9,1.0012127397600001,False,0.020003603989666472,0.020571974151170444,0.02000279079888,0.020003572604107896,0.012471836202119519,0.030770037494938535,7.818052278965593e-07,0.018298201292819016,0.0,0.0,0.0,1.538224687453012,False,False,0.0,0.0
Lovelock Valley,Lovelock Valley|MD|361.1166667,MD,361.1166666666667,0.01143954024,0.9,1.0012127397600001,False,0.020065704320358202,0.020634972993667854,0.0200649627201586,0.020065684809030714,0.012520662815980991,0.031099888836156084,7.220888721126695e-07,0.018579226020175095,0.0,0.0,0.0,1.549902676708081,False,False,0.0,0.0
Lovelock Valley,Lovelock Valley|MD|373.1166667,MD,373.1166666666667,-0.0089551032479999,0.9,1.0012127397600001,False,0.02012422375922083,0.020694339136348362,0.0201235543246283,0.020124215118655378,0.012566674031548264,0.031180726928103083,6.607940270797474e-07,0.01861405289655482,0.0,0.0,0.0,1.5494126531869938,False,False,0.0,0.0
Lovelock Valley,Lovelock Valley|MD|385.1166667,MD,385.1166666666667,0.008421617904,0.9,1.0012127397600001,False,0.020179158491903423,0.020750068705103514,0.0201785616608286,0.020179159800586773,0.012609866782304876,0.03123430354928496,5.981397581712733e-07,0.018624436766980085,0.0,0.0,0.0,1.547849656952605,False,False,0.0,0.0
Lovelock Valley,Lovelock Valley|MD|397.1166667,MD,397.1166666666667,0.037914279264,0.9,1.0012127397600001,False,0.020230508328713103,0.020802161503386353,0.0202299843831482,0.020230518741533404,0.012650241030829994,0.031308617375436415,5.343583852034095e-07,0.01865837634460642,0.0,0.0,0.0,1.547594201130388,False,False,0.0,0.0
Lovelock Valley,Lovelock Valley|MD|409.1166667,MD,409.1166666666667,0.033734209392,0.9,1.0012127397600001,False,0.020278278586507985,0.020850622921334057,0.0202778276396903,0.020278297329332576,0.012687800880908156,0.0312659386435991,4.6968964227678267e-07,0.01857813776269094,0.0,0.0,0.0,1.5418438261520717,False,False,0.0,0.0
Lovelock Valley,Lovelock Valley|MD|421.1166667,MD,421.1166666666667,0.0213321040464,0.9,1.0012127397600001,False,0.020322481187091398,0.020895465050039936,0.02025687368605281,0.020322507543095482,0.012722555886865394,0.031429348276692526,6.563385704267191e-05,0.018706792389827132,0.0,0.0,0.0,1.5465310553051996,False,False,0.0,0.0
Lovelock Valley,Lovelock Valley|MD|433.1166667,MD,433.1166666666667,0.0199850172816,0.9,1.0012127397600001,False,0.02036313518470058,0.020936707216650387,0.01997801957466483,0.0203631685163311,0.012754521042208738,0.03138257570362655,0.0003851489416662711,0.01862805466141781,0.0,0.0,0.0,1.5411465581785853,False,False,0.0,0.0
Lovelock Valley,Lovelock Valley|MD|445.1166667,MD,445.1166666666667,0.040230908616,0.9,1.0012127397600001,False,0.020400266887567752,0.020974376107655963,0.01971309156095486,0.020400306603746136,0.01278371702662342,0.031445599421538496,0.0006872150427912754,0.018661882394915077,0.0,0.0,0.0,1.5414307859228031,False,False,0.0,0.0
Lovelock Valley,Lovelock Valley|MD|457.1166667,MD,457.1166666666667,0.026113307184,0.9,1.0012127397600001,False,0.02043390969717874,0.021008505605793218,0.0194609473851553,0.020433955258911885,0.012810170187501429,0.03151228977684488,0.0009730078737565859,0.018702119589343452,0.0,0.0,0.0,1.5421566525370183,False,False,0.0,0.0
Lovelock Valley,Lovelock Valley|MD|469.1166667,MD,469.1166666666667,0.028163279208,0.9,1.0012127397600001,False,0.020464103757815953,0.021039136434485507,0.01922055363920496,0.020464154674242792,0.012833912047672279,0.03157379349398623,0.0012436010350378307,0.01873988144631395,0.0,0.0,0.0,1.542886698955829,False,False,0.0,0.0
Lovelock Valley,Lovelock Valley|MD|481.1166667,MD,481.1166666666667,0.01904335536,0.9,1.0012127397600001,False,0.02049089548413334,0.02106631568130678,0.018990974912511265,0.02049095130886831,0.01285497908651942,0.03140706239176887,0.0014999763963570445,0.018552083305249448,0.0,0.0,0.0,1.5327325453437706,False,False,0.0,0.0
Lovelock Valley,Lovelock Valley|MD|493.1166667,MD,493.1166666666667,0.0202903092288,0.9,1.0012127397600001,False,0.02051433701627481,0.021090096240902256,0.018771363902396653,0.020514397344017346,0.012873412358286901,0.03160345841595158,0.0017430334416206929,0.01873004605766468,0.0,0.0,0.0,1.5405547052717008,False,False,0.0,0.0
Lovelock Valley,Lovelock Valley|MD|505.1166667,MD,505.1166666666667,0.0211629531528,0.9,1.0012127397600001,False,0.0205344856384272,0.021110536226897823,0.017050432190975257,0.020534576161698462,0.012889256888416951,0.03168210377436651,0.0034841439707232053,0.01879284688594956,0.0,0.0,0.0,1.5428730152888865,False,False,0.0,0.0
Lovelock Valley,Lovelock Valley|MD|517.1166667,MD,517.1166666666667,0.030814356456,0.9,1.0012127397600001,False,0.020551403186091128,0.021127698363493732,0.01668099183874226,0.02055152913711666,0.012902586020873968,0.031649136784630515,0.003870537298374402,0.018746550763756545,0.0,0.0,0.0,1.539998826262635,False,False,0.0,0.0
Lovelock Valley,Lovelock Valley|MD|529.1166667,MD,529.1166666666667,0.01444430436,0.9,1.0012127397600001,False,0.020565155460294055,0.021141649402582945,0.016327867522106104,0.02056531591439136,0.012913377290999761,0.031504307710185364,0.004237448392285254,0.0185909304191856,0.0,0.0,0.0,1.531926552707659,False,False,0.0,0.0
Lovelock Valley,Lovelock Valley|MD|541.1166667,MD,541.1166666666667,0.011825420088,0.9,1.0012127397600001,False,0.020575811661022,0.021152459545120014,0.015989990139985127,0.020576005645622873,0.012921759360390498,0.03151831133321304,0.004586015505637746,0.01859655197282254,0.0,0.0,0.0,1.531813755513717,False,False,0.0,0.0
Lovelock Valley,Lovelock Valley|MD|553.1166667,MD,553.1166666666667,0.0236511684456,0.9,1.0012127397600001,False,0.020583443847867155,0.021160201893188277,0.01566637962555888,0.02058367034640957,0.012927763947919797,0.03152833465258621,0.004917290720850689,0.018600570704666416,0.0,0.0,0.0,1.5317327307137265,False,False,0.0,0.0
Lovelock Valley,Lovelock Valley|MD|565.1166667,MD,565.1166666666667,0.02268100507224,0.9,1.0012127397600001,False,0.020588126433392927,0.02116495193601673,0.015356136235513861,0.0205883843892505,0.012931449879753075,0.03153447635899803,0.00523224815373664,0.018603026479244958,0.0,0.0,0.0,1.5316826648126012,False,False,0.0,0.0
Lovelock Valley,Lovelock Valley|MD|577.1166667,MD,577.1166666666667,0.0240824924496,0.9,1.0012127397600001,False,0.0205899357117263,0.021166787071735506,0.015058432784731212,0.020590224032115582,0.01293287704309811,0.031536984039753,0.005531791247384369,0.018604106996654886,0.0,0.0,0.0,1.5316698644081816,False,False,0.0,0.0
Lovelock Valley,Lovelock Valley|MD|589.1166667,MD,589.1166666666667,0.014946319104,0.9,1.0012127397600001,False,0.020588949423861056,0.02116578616637498,0.014772507719945868,0.020589266983809387,0.01293210651391658,0.0315356875368238,0.005816759263863519,0.01860358102290722,0.0,0.0,0.0,1.531680266321714,False,False,0.0,0.0
Lovelock Valley,Lovelock Valley|MD|601.1166667,MD,601.1166666666667,0.014205429552,0.9,1.0012127397600001,False,0.020585246359916685,0.021162029152380985,0.014497658936783243,0.020585592006012583,0.012929200214139085,0.03153088887976288,0.0060879330692293395,0.018601688665623797,0.0,0.0,0.0,1.531722687621529,False,False,0.0,0.0
Lovelock Valley,Lovelock Valley|MD|613.1166667,MD,613.1166666666667,0.010986479424,0.9,1.0012127397600001,False,0.02057890599721592,0.021155596658222184,0.014233238254929682,0.020579278551381554,0.012924220639221756,0.031522507616326634,0.0063460402964518724,0.018598286977104878,0.0,0.0,0.0,1.5317873370232244,False,False,0.0,0.0
Lovelock Valley,Lovelock Valley|MD|625.1166667,MD,625.1166666666667,0.004022979,0.9,1.0012127397600001,False,0.020570008173516653,0.021146569674215836,0.013978646475904377,0.020570406436557012,0.012917230591996348,0.03151108167168345,0.006591759960652635,0.0185938510796871,0.0,0.0,0.0,1.5318944652755724,False,False,0.0,0.0
Lovelock Valley,Lovelock Valley|MD|637.1166667,MD,637.1166666666667,-0.0045789402959999,0.9,1.0012127397600001,False,0.02055863279296278,0.02113502926112827,0.013733328956586174,0.020559055548055257,0.01290829286136322,0.03149628245824262,0.006825726591469083,0.0185879895968794,0.0,0.0,0.0,1.5320222300494515,False,False,0.0,0.0
Lovelock Valley,Lovelock Valley|MD|649.1166667,MD,649.1166666666667,0.010543790952,0.9,1.0012127397600001,False,0.020544859563794864,0.0211210562810326,0.013496771639644878,0.020545305579739673,0.012897470143806603,0.03147848612733983,0.007048533940094795,0.01858101598353323,0.0,0.0,0.0,1.532183076238337,False,False,0.0,0.0
Lovelock Valley,Lovelock Valley|MD|661.1166667,MD,661.1166666666667,0.0198495626376,0.9,1.0012127397600001,False,0.02052876776499186,0.021104731160566482,0.01326849748894396,0.020529235799337,0.012884824692388643,0.03145751622272042,0.007260738310393039,0.01857269153033178,0.0,0.0,0.0,1.532362613423178,False,False,0.0,0.0
Lovelock Valley,Lovelock Valley|MD|673.1166667,MD,673.1166666666667,0.0235583315472,0.9,1.0012127397600001,False,0.02051043604018054,0.021086133681852904,0.013048063284275425,0.02051092484220176,0.012870418418805117,0.03143358644239505,0.007462861557926335,0.018563168023589934,0.0,0.0,0.0,1.5325654891400526,False,False,0.0,0.0
Lovelock Valley,Lovelock Valley|MD|685.1166667,MD,685.1166666666667,0.01749183192,0.9,1.0012127397600001,False,0.020489942216903253,0.021065342802222897,0.01283505673525487,0.02049045053034649,0.01285431244566075,0.03140633490948644,0.007655393795091619,0.018552022463825688,0.0,0.0,0.0,1.5327683493210473,False,False,0.0,0.0
Lovelock Valley,Lovelock Valley|MD|697.1166667,MD,697.1166666666667,0.020856929076,0.9,1.0012127397600001,False,0.020467363148702525,0.021042436485697553,0.012629093878980634,0.02046788971438532,0.012836567212307514,0.03137685537071283,0.007838795835404687,0.01854028815840532,0.0,0.0,0.0,1.5330189405811117,False,False,0.0,0.0
Lovelock Valley,Lovelock Valley|MD|709.1166667,MD,709.1166666666667,0.02251809818952,0.9,1.0012127397600001,False,0.02044277457862255,0.021017491570856493,0.012429816730350544,0.020443318136914274,0.01281724226181413,0.03134540005712632,0.00801350140656373,0.018528157795312188,0.0,0.0,0.0,1.5333241550246746,False,False,0.0,0.0
Lovelock Valley,Lovelock Valley|MD|721.1166667,MD,721.1166666666667,0.01278783828,0.9,1.0012127397600001,False,0.020416251022026932,0.020990583651903007,0.012236891157587944,0.020416810315081992,0.012796383028266417,0.031310657613284214,0.008179919157494048,0.018514274585017795,0.0,0.0,0.0,1.5336144515221424,False,False,0.0,0.0
Lovelock Valley,Lovelock Valley|MD|733.1166667,MD,733.1166666666667,0.011862233832,0.9,1.0012127397600001,False,0.02038786566701845,0.02096178697658166,0.012050004958780816,0.02038843944086108,0.012774030600621007,0.03127333467061963,0.008338434482080265,0.018499304069998623,0.0,0.0,0.0,1.533919007579624,False,False,0.0,0.0
Lovelock Valley,Lovelock Valley|MD|745.1166667,MD,745.1166666666667,0.034183307808,0.9,1.0012127397600001,False,0.020357690290669004,0.020931174363544566,0.011868866118069702,0.020358277297168288,0.01275026643729795,0.031233710821575802,0.008489411179098585,0.018483444384277854,0.0,0.0,0.0,1.5342462909896928,False,False,0.0,0.0
Lovelock Valley,Lovelock Valley|MD|757.1166667,MD,757.1166666666667,0.03733162968,0.9,1.0012127397600001,False,0.02032579518986715,0.0208988171262999,0.011693201222632985,0.020326394188499856,0.012725245481388352,0.03119209013144596,0.00863319296586687,0.018466844650057608,0.0,0.0,0.0,1.5346061416084666,False,False,0.0,0.0
Lovelock Valley,Lovelock Valley|MD|769.1166667,MD,769.1166666666666,0.037010251608,0.9,1.0012127397600001,False,0.020292249125027643,0.020864785019572424,0.011522754023748845,0.02029285888455844,0.012698858599986828,0.031148310390945816,0.008770104860809596,0.018449451790958988,0.0,0.0,0.0,1.5349856094822305,False,False,0.0,0.0
Lovelock Valley,Lovelock Valley|MD|781.1166667,MD,781.1166666666666,0.03525266508,0.9,1.0012127397600001,False,0.020257119275604696,0.020829146195520894,0.011357284127165433,0.020257738575530728,0.012671002282604177,0.031102459346111926,0.008900454448365295,0.01843145706350775,0.0,0.0,0.0,1.5353841246108517,False,False,0.0,0.0
Lovelock Valley,Lovelock Valley|MD|793.1166667,MD,793.1166666666666,0.035963324568,0.9,1.0012127397600001,False,0.02022047120587775,0.02079196716775285,0.011196565799637579,0.020221098837855233,0.01264249665887428,0.031054622638154845,0.009024533038217654,0.018412125979280568,0.0,0.0,0.0,1.5358011354912338,False,False,0.0,0.0
Lovelock Valley,Lovelock Valley|MD|805.1166667,MD,805.1166666666666,0.031330004904,0.9,1.0012127397600001,False,0.020182368840283082,0.02075331278753619,0.011040386880011473,0.02018300360931868,0.012612490504735284,0.03100488377057728,0.009142616729307208,0.018392393265841994,0.0,0.0,0.0,1.5362361086520704,False,False,0.0,0.0
Lovelock Valley,Lovelock Valley|MD|817.1166667,MD,817.1166666666666,0.03148612956,0.9,1.0012127397600001,False,0.020142874446965227,0.020713246225273513,0.01088854778447692,0.020143515172579327,0.012581503588609495,0.03095332408759247,0.009254967388102407,0.018371820498982974,0.0,0.0,0.0,1.5366885281984155,False,False,0.0,0.0
Lovelock Valley,Lovelock Valley|LEID|1.116666667,LEID,1.116666666666665,0.10588206408,0.9,1.0012127397600001,False,0.10689561702684075,0.10877582602420346,0.04313573206756158,0.10689562530402351,0.08077358511057509,0.1442386414354998,0.06375989323646193,0.06346505632492472,0.0,0.0,0.0,1.349341024892372,False,False,0.0,0.0
Lovelock Valley,Lovelock Valley|LEID|13.11666667,LEID,13.116666666666665,0.25489213944,0.9,1.0012127397600001,False,0.2882964449202836,0.292970132399985,0.11563555392498062,0.28829976922158146,0.22336429037543548,0.3811294314587995,0.17266421529660084,0.15776514108336404,0.0,0.0,0.0,1.3220053114570491,False,False,0.0,0.0
Lovelock Valley,Lovelock Valley|LEID|25.11666667,LEID,25.11666666666666,0.346525596,0.9,1.0012127397600001,False,0.342807686760343,0.3483208189765265,0.27798452411694,0.3428095232802813,0.2662129546810252,0.4523094337244261,0.06482499916334128,0.18609647904340093,0.0,1.0826596594011885e-56,1.0826596594011885e-56,1.3194261715625875,False,False,0.0,0.0
Lovelock Valley,Lovelock Valley|LEID|37.11666667,LEID,37.11666666666666,0.4146883248,0.9,1.0012127397600001,False,0.39647853965503455,0.40281817506027406,0.395642499338818,0.39647910547432064,0.30840103533156626,0.5223925381011065,0.0008366061355026266,0.21399150276954026,0.0,4.378038728308537e-56,4.378038728308537e-56,1.3175808671905078,False,False,0.0,0.0
Lovelock Valley,Lovelock Valley|LEID|49.11666667,LEID,49.116666666666674,0.4743133008,0.9,1.0012127397600001,False,0.44910443567261793,0.4562544824792309,0.4491034924419281,0.4491045076288973,0.34976773054504545,0.5911115584037443,1.0151869692109905e-06,0.24134382785869885,0.0,1.2572857523266033e-55,1.2572857523266033e-55,1.316200668377822,False,False,0.0,0.0
Lovelock Valley,Lovelock Valley|LEID|61.11666667,LEID,61.116666666666674,0.5229776688,0.9,1.0012127397600001,False,0.5006075899864915,0.5085507585609349,0.500605019056847,0.5006077861151095,0.39025189736512306,0.6583649204188271,2.7670582625205498e-06,0.26811302305370405,0.0,2.3968255205723315e-55,2.3968255205723315e-55,1.315131719110756,False,False,0.0,0.0
Lovelock Valley,Lovelock Valley|LEID|73.11666667,LEID,73.11666666666667,0.573174876,0.9,1.0012127397600001,False,0.5509353950565907,0.5596535856364891,0.5509315549981402,0.5509356880032913,0.4298121834005401,0.7240839187299242,4.133005151119029e-06,0.29427173532938405,0.0,4.7976368075364606e-55,4.7976368075364606e-55,1.3142809941545832,False,False,0.0,0.0
Lovelock Valley,Lovelock Valley|LEID|85.11666667,LEID,85.11666666666667,0.6153771792,0.9,1.0012127397600001,False,0.6000460682160819,0.6095205376074936,0.6000413000445484,0.6000464319657842,0.468415744998153,0.7882139684422309,5.131921235856929e-06,0.3197982234440779,0.0,0.005769230769230769,0.005769230769230769,1.3135890895603504,False,False,0.0,0.0
Lovelock Valley,Lovelock Valley|LEID|97.11666667,LEID,97.11666666666666,0.659224488,0.9,1.0012127397600001,False,0.6479104512360994,0.6581220072231739,0.647905069037618,0.6479108618281012,0.5060396618307207,0.8507169580636036,5.792790483183374e-06,0.3446772962328829,0.0,0.017307692307692316,0.017307692307692316,1.3130162608746085,False,False,0.0,0.0
Lovelock Valley,Lovelock Valley|LEID|109.1166667,LEID,109.11666666666666,0.6992901431999999,0.9,1.0012127397600001,False,0.6945131059900101,0.7054423186173496,0.6945073910537527,0.6945135419655928,0.5426717982018776,0.9115726848603815,6.150911840085982e-06,0.36890088665850385,0.0,0.028846153846153848,0.028846153846153848,1.312534892427924,False,False,0.0,0.0
Lovelock Valley,Lovelock Valley|LEID|121.1166667,LEID,121.11666666666666,0.7471702608,0.9,1.0012127397600001,False,0.7398516103552272,0.751479012367543,0.7398458084416681,0.7398520529660508,0.5783102496371606,0.9707779395041739,6.244524382692518e-06,0.3924676898670133,0.0,0.04230769230769232,0.04230769230769232,1.312125196345888,False,False,0.0,0.0
Lovelock Valley,Lovelock Valley|LEID|133.1166667,LEID,133.11666666666667,0.7898261064,0.9,1.0012127397600001,False,0.7839348328148101,0.7962410935263736,0.7839291537724797,0.7839352660521514,0.6129619866668947,1.0283442560240046,6.1122796716217564e-06,0.41538226935710987,5.62983022888618e-54,0.05384615384615385,0.05384615384615385,1.3117726282573945,False,False,0.0,0.0
Lovelock Valley,Lovelock Valley|LEID|145.1166667,LEID,145.11666666666667,0.7230090696,0.9,1.0012127397600001,False,0.801185942397775,0.8137578612745765,0.8011841200758808,0.8011860814173221,0.626522328192496,1.0508766850923204,1.9613414412589236e-06,0.42435435689982437,5.62983022888618e-54,0.05576923076923077,0.05576923076923077,1.3116514275665838,False,False,0.0,0.0
Lovelock Valley,Lovelock Valley|LEID|157.1166667,LEID,157.11666666666667,0.6222668784000001,0.9,1.0012127397600001,False,0.5827916663534031,0.5920004268460065,0.5827804146130386,0.5827925247153934,0.45485277427289195,0.7656738098697297,1.2110102354800922e-05,0.3108210355968377,5.62983022888618e-54,0.005769230769230769,0.005769230769230769,1.313803635286417,False,False,0.0,0.0
Lovelock Valley,Lovelock Valley|LEID|169.1166667,LEID,169.11666666666667,0.5765999136000001,0.9,1.0012127397600001,False,0.5686929226153001,0.5776845698306694,0.5686850069157945,0.5686935264806013,0.4437704714348213,0.7472672961424579,8.519564806852564e-06,0.3034968247076366,0.0,0.003846153846153846,0.003846153846153846,1.3140084330677644,False,False,0.0,0.0
Lovelock Valley,Lovelock Valley|LEID|181.1166667,LEID,181.11666666666667,0.5468307072,0.9,1.0012127397600001,False,0.5542803965589922,0.563050098408425,0.5542754937786825,0.5542807705776,0.43244151408549913,0.7284506072563751,5.276798917486225e-06,0.296009093170876,0.0,0.0016847959231703223,0.0016847959231703223,1.3142276215768096,False,False,0.0,0.0
Lovelock Valley,Lovelock Valley|LEID|193.1166667,LEID,193.11666666666667,0.524824452,0.9,1.0012127397600001,False,0.5397969408311183,0.5483436050306381,0.539794749199821,0.5397971080241873,0.4210567975339828,0.7095409006627849,2.3588243663885677e-06,0.28848410312880207,0.0,3.583765379521845e-55,3.583765379521845e-55,1.3144589140692684,False,False,0.0,0.0
Lovelock Valley,Lovelock Valley|LEID|205.1166667,LEID,205.11666666666667,0.5042705688,0.9,1.0012127397600001,False,0.525361437591536,0.53368580258031,0.525361409899405,0.5253615432058859,0.40970976907546613,0.6906933901866362,1.3330648085396746e-07,0.2809836211111701,0.0,2.2229536703254982e-55,2.2229536703254982e-55,1.3147013479958618,False,False,0.0,0.0
Lovelock Valley,Lovelock Valley|LEID|217.1166667,LEID,217.11666666666667,0.4887656976,0.9,1.0012127397600001,False,0.511066061901177,0.5191702855661997,0.5110657441864458,0.5110672736257246,0.3984728829579822,0.672028425726434,1.5294392787801314e-06,0.27355554276845173,0.0,1.5401778111921373e-55,1.5401778111921373e-55,1.3149541239863853,False,False,0.0,0.0
Lovelock Valley,Lovelock Valley|LEID|229.1166667,LEID,229.11666666666667,0.4792986096,0.9,1.0012127397600001,False,0.496992197538707,0.5048796910348483,0.4969916372955074,0.49699433423672823,0.38741011113411344,0.6536522837134818,2.6969412208477372e-06,0.2662421725793684,0.0,1.1071139474316619e-55,1.1071139474316619e-55,1.315216389614595,False,False,0.0,0.0
Lovelock Valley,Lovelock Valley|LEID|241.1166667,LEID,241.11666666666667,0.4692938544,0.9,1.0012127397600001,False,0.48320830475068133,0.4908835334851661,0.4832075476755222,0.48321119214136327,0.3765752671638539,0.6356543796828081,3.644465841057265e-06,0.2590791125189542,0.0,6.171699748266469e-56,6.171699748266469e-56,1.3154872824687558,False,False,0.0,0.0
Lovelock Valley,Lovelock Valley|LEID|253.1166667,LEID,253.11666666666667,0.4617046392,0.9,1.0012127397600001,False,0.46976838769239077,0.47723664870861704,0.45430598690145846,0.4697718626674447,0.3660108014837393,0.6181052621067133,0.015465875765986237,0.252094460622974,0.0,5.745098931932423e-56,5.745098931932423e-56,1.3157659780875999,False,False,0.0,0.0
Lovelock Valley,Lovelock Valley|LEID|265.1166667,LEID,265.1166666666667,0.4505788296,0.9,1.0012127397600001,False,0.4567123812509482,0.4639795865691341,0.4430039044292042,0.45671629436336814,0.3557481054168991,0.6010571131032602,0.01371238993416396,0.24530900768636105,0.0,4.42543881901232e-56,4.42543881901232e-56,1.3160517160864955,False,False,0.0,0.0
Lovelock Valley,Lovelock Valley|LEID|277.1166667,LEID,277.1166666666667,0.4374532272,0.9,1.0012127397600001,False,0.4440676737363266,0.4511401571427748,0.4174082521235583,0.44407189028984034,0.34580870804764485,0.5845457334574832,0.026663638166282033,0.23873702540983832,0.0,4.42543881901232e-56,4.42543881901232e-56,1.3163438098053677,False,False,0.0,0.0
Lovelock Valley,Lovelock Valley|LEID|289.1166667,LEID,289.1166666666667,0.4261381368,0.9,1.0012127397600001,False,0.43185106681553614,0.43873542083384093,0.39457214783689387,0.4318554669781505,0.33620581680453837,0.5685930996423721,0.037283319141256654,0.23238728283783378,0.0,3.3427791596111313e-56,3.3427791596111313e-56,1.3166416464712474,False,False,0.0,0.0
Lovelock Valley,Lovelock Valley|LEID|301.1166667,LEID,301.1166666666667,0.4195614672,0.9,1.0012127397600001,False,0.4200707630648016,0.426773706534311,0.3740495879883093,0.4200752413516938,0.32694587976272516,0.5532099577407142,0.04602565336338449,0.2262640779779891,0.0,3.2953790689073484e-56,3.2953790689073484e-56,1.316944682616186,False,False,0.0,0.0
Lovelock Valley,Lovelock Valley|LEID|313.1166667,LEID,313.1166666666667,0.40936164,0.9,1.0012127397600001,False,0.4087281808933898,0.4152564544965411,0.35548852147264853,0.4087326452726179,0.31803001225867766,0.5383981925535345,0.053244123799969345,0.22036818029485683,0.0,2.165319318802377e-56,2.165319318802377e-56,1.3172524374921117,False,False,0.0,0.0
Lovelock Valley,Lovelock Valley|LEID|325.1166667,LEID,325.1166666666667,0.3968380176,0.9,1.0012127397600001,False,0.39781951933608184,0.40417980522272323,0.33860705092606297,0.3978238901377731,0.30945522689378274,0.5241528705114158,0.059216839211710115,0.21469764361763305,0.0,1.1300597501049714e-56,1.1300597501049714e-56,1.3175644859914637,False,False,0.0,0.0
Lovelock Valley,Lovelock Valley|LEID|337.1166667,LEID,337.1166666666667,0.3850702992,0.9,1.0012127397600001,False,0.3873370601605175,0.3935359216240031,0.3231765495539281,0.38734126890922815,0.30121545705706804,0.5104639398477313,0.06416471935530005,0.20924848279066327,0.0,1.0826596594011885e-56,1.0826596594011885e-56,1.31788045181163,False,False,0.0,0.0
Lovelock Valley,Lovelock Valley|LEID|349.1166667,LEID,349.1166666666667,0.375662952,0.9,1.0012127397600001,False,0.3772702257616117,0.3833140632059207,0.3090094566439902,0.37727421400772787,0.2933023884859141,0.497317612049682,0.06826475736373766,0.2040152235637679,0.0,1.0826596594011885e-56,1.0826596594011885e-56,1.318200001194702,False,False,0.0,0.0
Lovelock Valley,Lovelock Valley|LEID|361.1166667,LEID,361.1166666666667,0.3652637856,0.9,1.0012127397600001,False,0.3676064237649829,0.3735014436782933,0.2959503033330948,0.36761014196517916,0.2857061231702715,0.48469746490397636,0.07165983863208436,0.19899134173370486,0.0,1.0826596594011885e-56,1.0826596594011885e-56,1.3185228373861382,False,False,0.0,0.0
Lovelock Valley,Lovelock Valley|LEID|373.1166667,LEID,373.1166666666667,0.3525115632,0.9,1.0012127397600001,False,0.3583317120814127,0.3640839062511695,0.2838690106541745,0.3583351185515062,0.27841570212260963,0.4725853111346631,0.07446610789733166,0.1941696090120535,0.0,1.0826596594011885e-56,1.0826596594011885e-56,1.318848695778542,False,False,0.0,0.0
Lovelock Valley,Lovelock Valley|LEID|385.1166667,LEID,385.1166666666667,0.3437726424,0.9,1.0012127397600001,False,0.3494313163284869,0.35504644902449684,0.2726558135544673,0.3494343762858923,0.27141951210119575,0.46096187429605073,0.07677856273142503,0.18954236219485499,0.0,1.0826596594011885e-56,1.0826596594011885e-56,1.3191773397399742,False,False,0.0,0.0
Lovelock Valley,Lovelock Valley|LEID|397.1166667,LEID,397.1166666666667,0.3387498432,0.9,1.0012127397600001,False,0.34089002780082167,0.3463736290868842,0.262217366741375,0.340892712498066,0.2647056354224912,0.4498073086832907,0.078675345756691,0.18510167326079952,0.0,1.0826596594011885e-56,1.0826596594011885e-56,1.3195085570121408,False,False,0.0,0.0
Lovelock Valley,Lovelock Valley|LEID|409.1166667,LEID,409.1166666666667,0.3352226976,0.9,1.0012127397600001,False,0.3326925058998474,0.3380498696026497,0.25247372191445394,0.3326947918479305,0.258261902768608,0.4391015944783809,0.08022106993347655,0.18083969170977288,0.0,1.0826596594011885e-56,1.0826596594011885e-56,1.319842156620644,False,False,0.0,0.0
Lovelock Valley,Lovelock Valley|LEID|421.1166667,LEID,421.1166666666667,0.3306625848,0.9,1.0012127397600001,False,0.32482350481314437,0.3300596899819023,0.24335595597789333,0.324825373093241,0.25207644121359035,0.4288248339736434,0.08146941711534766,0.17674839276005305,0.0,1.0826596594011885e-56,1.0826596594011885e-56,1.3201779662476276,False,False,0.0,0.0
Lovelock Valley,Lovelock Valley|LEID|433.1166667,LEID,433.1166666666667,0.3246598536,0.9,1.0012127397600001,False,0.31726804056291064,0.3223878755014706,0.23480429148332935,0.3172694762161938,0.2461374356927789,0.41895746990141625,0.08246518473286443,0.17282003420863734,0.0,1.0826596594011885e-56,1.0826596594011885e-56,1.3205158299527548,False,False,0.0,0.0
Lovelock Valley,Lovelock Valley|LEID|445.1166667,LEID,445.1166666666667,0.3145069656,0.9,1.0012127397600001,False,0.31001151140080985,0.315019599553771,0.22676659343270944,0.310012502892371,0.24043340856256706,0.4094804428312522,0.08324590945966154,0.16904703426868511,0.0,1.0826596594011885e-56,1.0826596594011885e-56,1.3208556062353447,False,False,0.0,0.0
Lovelock Valley,Lovelock Valley|LEID|457.1166667,LEID,457.1166666666667,0.3073932384,0.9,1.0012127397600001,False,0.30303978191952763,0.3079405090536398,0.21951181330954417,0.3030403206681216,0.23495324873425258,0.40037530116651443,0.08352850735857742,0.16542205243226185,0.0,1.0826596594011885e-56,1.0826596594011885e-56,1.321197166360271,False,False,0.0,0.0
Lovelock Valley,Lovelock Valley|LEID|469.1166667,LEID,469.1166666666667,0.29890001688,0.9,1.0012127397600001,False,0.2963392391145193,0.30113678136340394,0.21311578485381064,0.29633931908146244,0.22968625574324866,0.39162427449591075,0.0832235342276518,0.1619380187526621,0.0,1.0826596594011885e-56,1.0826596594011885e-56,1.3215403929162715,False,False,0.0,0.0
Lovelock Valley,Lovelock Valley|LEID|481.1166667,LEID,481.1166666666667,0.29290774032,0.9,1.0012127397600001,False,0.28989682690368,0.2945951593441374,0.2375122045508255,0.2898968810249261,0.22462216688484418,0.3832103187941143,0.05238467647410061,0.15858815190927014,0.0,1.0826596594011885e-56,1.0826596594011885e-56,1.321885178555053,False,False,0.0,0.0
Lovelock Valley,Lovelock Valley|LEID|493.1166667,LEID,493.1166666666667,0.2828638488,0.9,1.0012127397600001,False,0.2837000642325634,0.2883029697396919,0.2316316465203377,0.2837001840658034,0.21975117144724338,0.37511714017947406,0.0520685375454657,0.15536596873223069,0.0,1.0826596594011885e-56,1.0826596594011885e-56,1.322231424917731,False,False,0.0,0.0
Lovelock Valley,Lovelock Valley|LEID|505.1166667,LEID,505.1166666666667,0.28144476096,0.9,1.0012127397600001,False,0.27773705078948485,0.28224812897981105,0.22603126371001253,0.27773723638982356,0.21506391520512075,0.36732920247530554,0.05170597267981103,0.1522652872701848,0.0,1.0826596594011885e-56,1.0826596594011885e-56,1.3225790416912306,False,False,0.0,0.0
Lovelock Valley,Lovelock Valley|LEID|517.1166667,LEID,517.1166666666667,0.2732589912,0.9,1.0012127397600001,False,0.2719964634830607,0.27641913960342596,0.22069145649315625,0.2719967147134232,0.21055149765176506,0.3598317226918287,0.051305258220266936,0.14928022504006366,0.0,1.0826596594011885e-56,1.0826596594011885e-56,1.3229279457680823,False,False,0.0,0.0
Lovelock Valley,Lovelock Valley|LEID|529.1166667,LEID,529.1166666666667,0.27432188976,0.9,1.0012127397600001,False,0.2664675461307287,0.2708050797883849,0.21559444303036374,0.26646786269086936,0.20620546389468486,0.35261065764160876,0.050873419660505625,0.1464051937469239,0.0,1.0826596594011885e-56,1.0826596594011885e-56,1.3232780605433216,False,False,0.0,0.0
Lovelock Valley,Lovelock Valley|LEID|541.1166667,LEID,541.1166666666667,0.26655016032,0.9,1.0012127397600001,False,0.2611400942848243,0.2653955879438606,0.21072404729472274,0.2611404757368179,0.20201779272883033,0.34565268418488954,0.05041642844209518,0.1436348914560592,0.0,1.0826596594011885e-56,1.0826596594011885e-56,1.3236293152589877,False,False,0.0,0.0
Lovelock Valley,Lovelock Valley|LEID|553.1166667,LEID,553.1166666666667,0.26175330936,0.9,1.0012127397600001,False,0.2560044366613238,0.26018084385310497,0.20606551709482251,0.25600488245136555,0.1979808820393672,0.3389451750414517,0.04993936535654303,0.14096429300208452,0.0,1.0826596594011885e-56,1.0826596594011885e-56,1.3239816444660013,False,False,0.0,0.0
Lovelock Valley,Lovelock Valley|LEID|565.1166667,LEID,565.1166666666667,0.25657231896,0.9,1.0012127397600001,False,0.25105141432195177,0.25515154753497354,0.2016053670884056,0.2510519237995828,0.19408753243824772,0.33247617164961385,0.0494465567111772,0.13838863921136613,0.0,1.0826596594011885e-56,1.0826596594011885e-56,1.3243349875067498,False,False,0.0,0.0
Lovelock Valley,Lovelock Valley|LEID|577.1166667,LEID,577.1166666666667,0.2529673884,0.9,1.0012127397600001,False,0.24627235848051843,0.25029889670849154,0.1973312427472112,0.2462729309149524,0.19033092981941924,0.32623435523420646,0.04894168816774119,0.13590342541478723,0.0,1.0826596594011885e-56,1.0826596594011885e-56,1.3246892880997585,False,False,0.0,0.0
Lovelock Valley,Lovelock Valley|WWBN|0.1166666667,WWBN,0.11666666666666639,0.013441780584,0.9,1.0012127397600001,False,0.008590800125590282,0.009021369034747852,0.000458218133519707,0.008591904203776502,0.0035005018124709833,0.015876971505040825,0.008133686070256795,0.012376469692569843,0.0,0.0,0.0,,False,False,0.0,0.0
Lovelock Valley,Lovelock Valley|WWBN|0.6166666667,WWBN,0.6166666666666656,0.028270422504,0.9,1.0012127397600001,False,0.029516273711779527,0.030222163284249065,0.0032158980429606724,0.029517152194730882,0.019949168055092836,0.04320055473247464,0.02630125415177021,0.023251386677381802,0.0,0.0,0.0,1.4636181773593564,False,False,0.0,0.0
Lovelock Valley,Lovelock Valley|WWBN|1.116666667,WWBN,1.116666666666665,0.04761960504,0.9,1.0012127397600001,False,0.057916610524551826,0.059046339819697716,0.05053791055093227,0.0579166374888777,0.042273612021473145,0.08027590922323367,0.007378726937945432,0.03800229720176053,0.0,0.0,0.0,1.3860602078777273,False,False,0.0,0.0
Lovelock Valley,Lovelock Valley|WWBN|1.616666667,WWBN,1.6166666666666663,0.08656313904,0.9,1.0012127397600001,False,0.09262075486335136,0.09428044471849731,0.08631126539356866,0.09262090936828914,0.06955290663749296,0.12557759075932534,0.006309643974720475,0.05602468412183238,0.0,0.0,0.0,1.3558256024213695,False,False,0.0,0.0
Lovelock Valley,Lovelock Valley|WWBN|2.116666667,WWBN,2.1166666666666654,0.12528142584,0.9,1.0012127397600001,False,0.13173530651074788,0.13399708841378616,0.12779037661120143,0.131735593402699,0.10029901889480941,0.17663797274669288,0.003945216791497563,0.07633895385188347,0.0,0.0,0.0,1.3408552150921023,False,False,0.0,0.0
Lovelock Valley,Lovelock Valley|WWBN|2.616666667,WWBN,2.6166666666666645,0.17235854784,0.9,1.0012127397600001,False,0.17347998103035864,0.17638434059777636,0.1722287446460343,0.1734803833468314,0.13311329093988433,0.23113513825663848,0.0012516387007971141,0.09802184731675415,0.0,2.6717318326761966e-104,2.6717318326761966e-104,1.3323447286761596,False,False,0.0,0.0
Lovelock Valley,Lovelock Valley|WWBN|3.116666667,WWBN,3.1166666666666663,0.21450595656,0.9,1.0012127397600001,False,0.21650628486943896,0.22007295029883908,0.20964635678217197,0.21650677677527264,0.16693353316434262,0.2873093224569754,0.006860419993100664,0.12037578929263276,0.0,2.6717318326761966e-104,2.6717318326761966e-104,1.3270253222913746,False,False,0.0,0.0
Lovelock Valley,Lovelock Valley|WWBN|3.616666667,WWBN,3.616666666666666,0.2615871324,0.9,1.0012127397600001,False,0.2598787774818394,0.26411307769151693,0.25506613725446775,0.2598793315207801,0.20102664281089844,0.34393919199919815,0.004813194266312326,0.1429125491882997,0.0,2.6717318326761966e-104,2.6717318326761966e-104,1.3234600967877532,False,False,0.0,0.0
Lovelock Valley,Lovelock Valley|WWBN|4.116666667,WWBN,4.1166666666666645,0.3080622744,0.9,1.0012127397600001,False,0.30297721028387503,0.30787492667528304,0.3002320661400471,0.3029778007821735,0.23490433566306346,0.4002145595109296,0.0027457346421264073,0.16531022384786614,0.0,5.343463665352393e-104,5.343463665352393e-104,1.3209394829926246,False,False,0.0,0.0
Lovelock Valley,Lovelock Valley|WWBN|4.616666667,WWBN,4.616666666666666,0.3493047624,0.9,1.0012127397600001,False,0.34540367504026764,0.35095446399260033,0.3446757250022478,0.3454042794210414,0.2682538331708468,0.4556154081561046,0.0007285544187936033,0.1873615749852578,0.0,1.0686927330704787e-103,1.0686927330704787e-103,1.319080951014746,False,False,0.0,0.0
Lovelock Valley,Lovelock Valley|WWBN|5.116666667,WWBN,5.116666666666665,0.388016496,0.9,1.0012127397600001,False,0.386912105347118,0.3931018355255827,0.3868517184583777,0.3869127044166141,0.30088171259804036,0.5098199663486082,6.0985958236392523e-05,0.2089382537505678,0.0,1.0686927330704787e-103,1.0686927330704787e-103,1.3176635191892572,False,False,0.0,0.0
Lovelock Valley,Lovelock Valley|WWBN|5.616666667,WWBN,5.6166666666666645,0.4301496096,0.9,1.0012127397600001,False,0.42735861673238146,0.43417094197960515,0.4273003768177617,0.4273591945027721,0.33267487181167904,0.5626399202891572,5.881768501042606e-05,0.22996504847747817,0.0,1.3358659163380983e-103,1.3358659163380983e-103,1.3165521841846728,False,False,0.0,0.0
Lovelock Valley,Lovelock Valley|WWBN|6.116666667,WWBN,6.116666666666666,0.4782208368,0.9,1.0012127397600001,False,0.4666675312286889,0.47408494047089417,0.4666127627135692,0.46666807456098236,0.36357382281715056,0.6139760707705972,5.531184741314199e-05,0.2504022479534467,0.0,2.404558649408577e-103,2.404558649408577e-103,1.315660571358071,False,False,0.0,0.0
Lovelock Valley,Lovelock Valley|WWBN|6.616666667,WWBN,6.616666666666665,0.5137090056,0.9,1.0012127397600001,False,0.5048083819382673,0.5128128951216613,0.5047581624960111,0.5048088801413805,0.39355461611450576,0.663788310317598,5.0717645369346975e-05,0.27023369420309223,0.0,3.4732513824790553e-103,3.4732513824790553e-103,1.3149312374111337,False,False,0.0,0.0
Lovelock Valley,Lovelock Valley|WWBN|7.116666667,WWBN,7.116666666666667,0.5527895472000001,0.9,1.0012127397600001,False,0.5417803918034635,0.5503540169116001,0.5417355910211716,0.5417808362506379,0.4226184592634422,0.7120753524781896,4.524522946625087e-05,0.28945689321474743,0.0,4.809117298817154e-103,4.809117298817154e-103,1.3143247028705727,False,False,0.0,0.0
Lovelock Valley,Lovelock Valley|WWBN|7.616666667,WWBN,7.616666666666666,0.5889927768000001,0.9,1.0012127397600001,False,0.577601991009346,0.5867270197213436,0.5775633048707229,0.5776023747960595,0.4507743814819016,0.7588610376426863,3.906992533653231e-05,0.30808665616078473,0.0,0.00576923076923077,0.00576923076923077,1.3138130571824975,False,False,0.0,0.0
Lovelock Valley,Lovelock Valley|WWBN|8.116666667,WWBN,8.116666666666665,0.625608096,0.9,1.0012127397600001,False,0.6123037268079361,0.6219629210172557,0.6122717073486399,0.6123040444577066,0.4780518513596523,0.8041850680207757,3.2337109066693515e-05,0.32613321666112344,0.0,0.007692307692307693,0.007692307692307693,1.313376079242823,False,False,0.0,0.0
Lovelock Valley,Lovelock Valley|WWBN|8.616666667,WWBN,8.616666666666667,0.6607045968,0.9,1.0012127397600001,False,0.6459234636036153,0.6561001680514951,0.6458985439056262,0.6459237108200431,0.5044788128554957,0.8480967335777685,2.5166914416896446e-05,0.3436179207222728,0.0,0.017307692307692305,0.017307692307692305,1.3129988015085037,False,False,0.0,0.0
Lovelock Valley,Lovelock Valley|WWBN|9.116666667,WWBN,9.116666666666667,0.6954277176,0.9,1.0012127397600001,False,0.6785031360848945,0.6891813410145626,0.6784856511030624,0.6785033095450524,0.5300882285647245,0.8906506666632911,1.7658441990087148e-05,0.3605624380985666,0.0,0.026923076923076918,0.026923076923076918,1.3126699337051444,False,False,0.0,0.0
Lovelock Valley,Lovelock Valley|WWBN|9.616666667,WWBN,9.616666666666665,0.7298271408,0.9,1.0012127397600001,False,0.7100865606561434,0.7212509307782723,0.7100767644613555,0.7100866578395154,0.5549145402738626,0.931903979386049,9.893378159930855e-06,0.3769894391121864,0.0,0.030769230769230764,0.030769230769230764,1.3123808152698158,False,False,0.0,0.0
Lovelock Valley,Lovelock Valley|WWBN|10.11666667,WWBN,10.116666666666667,0.7620512064,0.9,1.0012127397600001,False,0.7407179713544677,0.7523538522759077,0.7407160513641964,0.7407179904017747,0.5789925181013498,0.9719143478042118,1.9390375782801783e-06,0.39292182970286205,0.0,0.04230769230769231,0.04230769230769231,1.312124702505842,False,False,0.0,0.0
Lovelock Valley,Lovelock Valley|WWBN|10.61666667,WWBN,10.616666666666667,0.7885718544000001,0.9,1.0012127397600001,False,0.7704410535997177,0.7825344633786832,0.7704406467129635,0.7704419574806607,0.6023565009638648,1.010738746879768,1.310767697160209e-06,0.4083822459159031,0.0,0.05192307692307693,0.05192307692307693,1.3118962731247403,False,False,0.0,0.0
Lovelock Valley,Lovelock Valley|WWBN|11.11666667,WWBN,11.116666666666665,0.814076604,0.9,1.0012127397600001,False,0.7992983208985354,0.8118359320053526,0.7992973729891978,0.7993004266372377,0.6250399066246634,1.0484326338533687,3.0536480398746235e-06,0.42339272722870536,0.0,0.055648768423501395,0.055648768423501395,1.311691275260991,False,False,0.0,0.0
Lovelock Valley,Lovelock Valley|WWBN|11.61666667,WWBN,11.616666666666667,0.8424528744,0.9,1.0012127397600001,False,0.8273307280072345,0.8402998433304777,0.8273292357371022,0.8273340430193851,0.6470748529581066,1.0850494408822113,4.8072822829148265e-06,0.4379745879241047,0.0,0.06935123157649861,0.06935123157649861,1.311506274517007,False,False,0.0,0.0
Lovelock Valley,Lovelock Valley|WWBN|12.11666667,WWBN,12.116666666666667,0.8693709816,0.9,1.0012127397600001,False,0.8545774469162858,0.8679659723206214,0.8545754089985381,0.8545819740605002,0.6684918609680451,1.1206402806950604,6.5650619620605255e-06,0.45214841972701525,0.0,0.09819738542265245,0.09819738542265245,1.311338468782266,False,False,0.0,0.0
Lovelock Valley,Lovelock Valley|WWBN|12.61666667,WWBN,12.616666666666667,0.8906469360000001,0.9,1.0012127397600001,False,0.8810757544890084,0.8948721696434495,0.8810731713241866,0.8810814928755019,0.6893205763450075,1.155253798378913,8.321551315249032e-06,0.4659332220339055,0.0,0.11911030688503987,0.11911030688503987,1.3111855507236354,False,False,0.0,0.0
Lovelock Valley,Lovelock Valley|WWBN|13.11666667,WWBN,13.116666666666665,0.9160084296,0.9,1.0012127397600001,False,0.9068609960589159,0.9210543247047224,0.9068578694332486,0.90686794171966,0.709588783576782,1.1889361226240411,1.0072286411366704e-05,0.4793473390472591,8.16298869808891e-178,0.1480769230769231,0.1480769230769231,1.3110456043329486,False,False,0.0,0.0
Lovelock Valley,Lovelock Valley|WWBN|13.61666667,WWBN,13.616666666666667,0.9395548392,0.9,1.0012127397600001,False,0.9319666000206861,0.94654638046386,0.9319629328557024,0.9319747464656338,0.7293227601337657,1.221730883775494,1.181360993141034e-05,0.49240812364172837,1.3893005529916222e-101,0.17331784776838186,0.17331784776838186,1.3109170261556329,False,False,0.0,0.0
Lovelock Valley,Lovelock Valley|WWBN|14.11666667,WWBN,14.116666666666667,0.96062292,0.9,1.0012127397600001,False,0.9564241259230905,0.9713803822671628,0.9564199220674248,0.9564334646026698,0.7485473143058484,1.2536792758108,1.3542535244992493e-05,0.5051319615049515,1.3893005529916222e-101,0.23846153846153856,0.23846153846153856,1.3107984646464397,False,False,0.0,0.0
Lovelock Valley,Lovelock Valley|WWBN|14.61666667,WWBN,14.616666666666665,0.984148908,0.9,1.0012127397600001,False,0.9802633338113254,0.9955865482575308,0.9802585978673064,0.9802738545016669,0.7672858397366845,1.2848201462111086,1.5256634360527599e-05,0.5175343064744241,1.3893005529916222e-101,0.332451383000849,0.332451383000849,1.3106887730010743,False,False,0.0,0.0
Lovelock Valley,Lovelock Valley|WWBN|15.11666667,WWBN,15.116666666666667,1.006783356,0.9,1.0012127397600001,True,1.0035122662625167,1.0191933526727401,1.0035070034414877,1.0035239573868517,0.7855603799307482,1.3151901025259451,1.6953945364051037e-05,0.5296297225951969,1.0,0.5929100040363393,-0.4070899959636607,1.3105869721196755,False,False,0.0,0.0
Lovelock Valley,Lovelock Valley|WWBN|15.61666667,WWBN,15.616666666666667,1.0274588544,0.9,1.0012127397600001,True,1.0261973371587223,1.0422276159849309,1.0261915531602783,1.0262101860556525,0.8033916980526522,1.3448236278302466,1.8632895374182112e-05,0.5414319297775944,1.0,0.7461538461538464,-0.2538461538461536,1.3104922212658618,False,False,0.0,0.0
Lovelock Valley,Lovelock Valley|WWBN|16.11666667,WWBN,16.116666666666667,1.0475902848,0.9,1.0012127397600001,True,1.048343423092139,1.064714597712817,1.0483371240030377,1.0483574162402005,0.8207993487921907,1.3737531997015557,2.0292237162822246e-05,0.552953850909365,1.0,0.8250000000000002,-0.17499999999999982,1.3104037946359268,False,False,0.0,0.0
Lovelock Valley,Lovelock Valley|WWBN|16.61666667,WWBN,16.616666666666667,1.0672218432,0.9,1.0012127397600001,True,1.0699739546085587,1.086678089069656,1.0699671468181833,1.0699890778140195,0.8378017500997829,1.4020094090470452,2.1930995836250133e-05,0.5642076589472623,1.0,0.8501204623457296,-0.14987953765427042,1.310321062497226,False,False,0.0,0.0
Lovelock Valley,Lovelock Valley|WWBN|17.11666667,WWBN,17.116666666666667,1.0885081608,0.9,1.0012127397600001,True,1.0911110054249753,1.1081405035541838,1.0911036955544888,1.0911272439792146,0.854416253327237,1.4296210763409254,2.3548424725738926e-05,0.5752048230136884,1.0,0.865505077730345,-0.13449492226965498,1.3102434759001484,False,False,0.0,0.0
Lovelock Valley,Lovelock Valley|WWBN|17.61666667,WWBN,17.616666666666667,1.111607124,0.9,1.0012127397600001,True,1.111775378418103,1.129122964262759,1.1117675732611707,1.1117927172292932,0.8706592108286041,1.4566153636866501,2.5143968122476323e-05,0.585956152858046,1.0,0.8808896931149605,-0.11911030688503954,1.3101705541988211,False,False,0.0,0.0
Lovelock Valley,Lovelock Valley|WWBN|18.11666667,WWBN,18.116666666666667,1.1320451832,0.9,1.0012127397600001,True,1.1319866876454956,1.149645387173034,1.1319783941184975,1.132005111349204,0.8865460404407998,1.4830178817389243,2.671723070646337e-05,0.5964718412981246,1.0,0.8945921562679576,-0.10540784373204237,1.3101018748052284,False,False,0.0,0.0
Lovelock Valley,Lovelock Valley|WWBN|18.61666667,WWBN,18.616666666666667,1.1487335928,0.9,1.0012127397600001,True,1.151763435993265,1.1697265599869116,1.1517546610936849,1.1517829290448915,0.9020912865254582,1.5088527909403284,2.826795120669523e-05,0.6067615044148702,1.0,0.9058896931149605,-0.09411030688503952,1.3100370647199044,False,False,0.0,0.0
Lovelock Valley,Lovelock Valley|WWBN|19.11666667,WWBN,19.116666666666667,1.1678140728000002,0.9,1.0012127397600001,True,1.1711230882707693,1.1893842163503772,1.17111383904239,1.1711436350228608,0.917308677430774,1.5341428968391226,2.9795980470703753e-05,0.6168342194083486,1.0,0.9117793862299206,-0.08822061377007939,1.3099757934961158,False,False,0.0,0.0
Lovelock Valley,Lovelock Valley|WWBN|23.83333333,WWBN,23.833333333333336,1.3532821296000002,0.9,1.0012127397600001,True,1.3359917786244582,1.3567907386260984,1.3359783971759551,1.336021504920938,1.0469013922763153,1.749517722872411,4.310774498295089e-05,0.7026163305960957,1.0,0.9653846153846157,-0.03461538461538427,1.3095273121169357,False,False,0.0,0.0
Lovelock Valley,Lovelock Valley|WWBN|23.85,WWBN,23.85,1.3501664640000002,0.9,1.0012127397600001,True,1.3365243819078565,1.3573315402982544,1.3365109869200271,1.3365541382813522,1.0473200374455047,1.7502134884079856,4.315136132504449e-05,0.7028934509624809,1.0,0.9653846153846157,-0.03461538461538427,1.3095260453906556,False,False,0.0,0.0
Lovelock Valley,Lovelock Valley|WWBN|74.38333333,WWBN,74.38333333333333,2.2792745880000003,0.9,1.0012127397600001,True,2.2592420593381686,2.294252656510716,2.259207156855516,2.2593195936609303,1.7726105607285587,2.955566319061484,0.00011243680541417334,1.1829557583329253,1.0,0.9961538461538465,-0.0038461538461534994,1.308211445004392,False,False,0.0,0.0
Lovelock Valley,Lovelock Valley|WWBN|94.68333333,WWBN,94.68333333333334,2.4734648016000005,0.9,1.0012127397600001,True,2.464324898764592,2.5024923460581605,2.4642867950524767,2.464409544477132,1.9338145658486539,3.223436672224659,0.0001227494246553995,1.2896221063760052,1.0,0.9961538461538465,-0.0038461538461534994,1.3080404592108057,False,False,0.0,0.0
Lovelock Valley,Lovelock Valley|WWBN|95.01666667,WWBN,95.01666666666667,2.477234568,0.9,1.0012127397600001,True,2.46732632205949,2.5055399704070687,2.4672881789649543,2.4674110552583355,1.936173820584269,3.227356855851972,0.0001228762933811467,1.291183035267703,1.0,0.9961538461538465,-0.0038461538461534994,1.3080381086998174,False,False,0.0,0.0
Lovelock Valley,Lovelock Valley|WWBN|95.08333333,WWBN,95.08333333333333,2.4780496032,0.9,1.0012127397600001,True,2.4679253893563615,2.5061482591758257,2.4678872384296,2.4680101399541505,1.9366447146518369,3.228139302018072,0.00012290152455074477,1.2914945873662351,1.0,0.9961538461538465,-0.0038461538461534994,1.3080376400114655,False,False,0.0,0.0
Lovelock Valley,Lovelock Valley|WWBN|95.16666667,WWBN,95.16666666666666,2.4790962864000003,0.9,1.0012127397600001,True,2.468673654698903,2.506908042602987,2.4686354940025,2.46875842699952,1.93723288516094,3.2291166165818606,0.00012293299701982008,1.2918837314209206,1.0,0.9961538461538465,-0.0038461538461534994,1.3080370548109999,False,False,0.0,0.0
Lovelock Valley,Lovelock Valley|WWBN|97.96666667,WWBN,97.96666666666667,2.5107506808,0.9,1.0012127397600001,True,2.4934551690841333,2.532071020037287,2.49341669323514,2.4935406414823005,1.9567122864467177,3.261483760502912,0.00012394824716066566,1.3047714740561942,1.0,0.9961538461538465,-0.0038461538461534994,1.308017806352172,False,False,0.0,0.0
Lovelock Valley,Lovelock Valley|WWBN|98.08333333,WWBN,98.08333333333333,2.5121256336,0.9,1.0012127397600001,True,2.494472849985294,2.5331043661497277,2.4944343615470146,2.494558350350006,1.95751223035729,3.262812946961476,0.0001239888029913594,1.3053007166041861,1.0,0.9961538461538465,-0.0038461538461534994,1.3080170213040048,False,False,0.0,0.0
Lovelock Valley,Lovelock Valley|WWBN|98.15,WWBN,98.15,2.5129287816000003,0.9,1.0012127397600001,True,2.495053857846675,2.5336943174931883,2.495015362233607,2.495139374149862,1.957968929220618,3.2635717973340124,0.00012401191625510677,1.3056028681133944,1.0,0.9961538461538465,-0.0038461538461534994,1.3080165732977793,False,False,0.0,0.0
Lovelock Valley,Lovelock Valley|WWBN|98.21666667,WWBN,98.21666666666667,2.5137172992,0.9,1.0012127397600001,True,2.495634485181938,2.5342838824530727,2.495595982408004,2.495720017392671,1.9584253289801905,3.26433015052376,0.00012403498466673213,1.3059048215435693,1.0,0.9961538461538465,-0.0038461538461534994,1.3080161257211438,False,False,0.0,0.0
Lovelock Valley,Lovelock Valley|WWBN|141.3166667,WWBN,141.31666666666666,2.7137188296,0.9,1.0012127397600001,True,2.8085368574154486,2.8520027758679976,2.8084960273906043,2.8086275595112298,2.204382172365145,3.672979757953053,0.00013153212062544384,1.4685975855879079,1.0,0.9961538461538464,-0.0038461538461536104,1.307791189656349,False,False,0.0,0.0
Lovelock Valley,Lovelock Valley|WWBN|141.4,WWBN,141.4,2.726807856,0.9,1.0012127397600001,True,2.8090464251769993,2.852520187430194,2.8090055942033167,2.8091371293805847,2.2047827202294172,3.6736451964806403,0.0001315351772679385,1.468862476251223,1.0,0.9961538461538464,-0.0038461538461536104,1.3077908444497004,False,False,0.0,0.0
Lovelock Valley,Lovelock Valley|WWBN|141.5333333,WWBN,141.53333333333333,2.7477546264000003,0.9,1.0012127397600001,True,2.809861124487963,2.8533474274461677,2.8098202920189053,2.8099518320134576,2.205423118037752,3.674709102275726,0.0001315399945522877,1.469285984237974,1.0,0.9961538461538464,-0.0038461538461536104,1.3077902926413714,False,False,0.0,0.0
Lovelock Valley,Lovelock Valley|WWBN|141.6166667,WWBN,141.61666666666667,2.7418476024000005,0.9,1.0012127397600001,True,2.810369931390616,2.8538640664375268,2.8103290980012705,2.810460640960488,2.205823067847043,3.675373546676419,0.00013154295921768977,1.4695504788293756,1.0,0.9961538461538464,-0.0038461538461536104,1.307789948086224,False,False,0.0,0.0
Lovelock Valley,Lovelock Valley|WWBN|143.9166667,WWBN,143.91666666666666,2.7493398912,0.9,1.0012127397600001,True,2.824298901043612,2.868007445378474,2.82425804653858,2.824389657521049,2.2167719963270596,3.693563129601868,0.0001316109824691658,1.4767911332748085,1.0,0.9961538461538464,-0.0038461538461536104,1.307780535635606,False,False,0.0,0.0
Lovelock Valley,Lovelock Valley|WWBN|143.95,WWBN,143.95,2.7463296864,0.9,1.0012127397600001,True,2.824499168948824,2.8682107960170073,2.8244583141978845,2.8245899259725347,2.2169294178490584,3.693824654614682,0.00013161177465015328,1.4768952367656234,1.0,0.9961538461538464,-0.0038461538461536104,1.307780400583155,False,False,0.0,0.0
Lovelock Valley,Lovelock Valley|WWBN|144,WWBN,144.0,2.7524860368,0.9,1.0012127397600001,True,2.824799485951787,2.868515735813776,2.824758630835229,2.8248902437877015,2.2171654834339685,3.69421683126265,0.00013161295247243743,1.4770513478286817,1.0,0.9961538461538464,-0.0038461538461536104,1.3077801980758723,False,False,0.0,0.0
Lovelock Valley,Lovelock Valley|WWBN|190.15,WWBN,190.15,1.1863830984,0.9,1.0012127397600001,True,1.2153269703409284,1.2342685312826325,1.1746403582022282,1.2153570769419624,0.9520520052729721,1.591950709278608,0.04071671873973415,0.639898704005636,1.0,0.9328127700380375,-0.06718722996196247,1.3098949896849796,False,False,0.0,0.0
Lovelock Valley,Lovelock Valley|WWBN|190.3666667,WWBN,190.36666666666667,1.1869930032,0.9,1.0012127397600001,True,1.2124257862833026,1.23132268915211,1.171804646173035,1.2124556657592793,0.9497715935653732,1.5881601949149684,0.0406510195862444,0.6383886013495952,1.0,0.9308896931149605,-0.0691103068850395,1.3099030166485337,False,False,0.0,0.0
Lovelock Valley,Lovelock Valley|WWBN|190.6166667,WWBN,190.61666666666667,1.1843013144,0.9,1.0012127397600001,True,1.2090979225631804,1.2279435994574637,1.168552193723869,1.2091275413503273,0.9471557997813972,1.583812204897274,0.040575347626458313,0.6366564051158768,1.0,0.9289666161918836,-0.07103338380811641,1.3099122704137416,False,False,0.0,0.0
Lovelock Valley,Lovelock Valley|WWBN|190.8666667,WWBN,190.86666666666667,1.180059108,0.9,1.0012127397600001,True,1.2057909091694494,1.2245856810393294,1.1653204456865673,1.2058202687322972,0.9445563949957415,1.5794914551988275,0.040499823045729855,0.634935060203086,1.0,0.9269230769230773,-0.0730769230769227,1.3099215155692154,False,False,0.0,0.0
Lovelock Valley,Lovelock Valley|WWBN|191.1166667,WWBN,191.11666666666667,1.1777657928,0.9,1.0012127397600001,True,1.2025045294522883,1.2212487139129848,1.1621091823918153,1.2025336312421362,0.9419732089142757,1.5751976627906727,0.040424448850320926,0.633224453876397,1.0,0.9269230769230773,-0.0730769230769227,1.3099307522011059,False,False,0.0,0.0
Lovelock Valley,Lovelock Valley|WWBN|191.3666667,WWBN,191.36666666666667,1.1702771616,0.9,1.0012127397600001,True,1.1992385699747397,1.2179324813560268,1.1589181875127468,1.1992674154301375,0.939406073768188,1.5709305488436232,0.040349227917390706,0.6315244750754352,1.0,0.9269230769230774,-0.0730769230769226,1.3099399803966552,False,False,0.0,0.0
Lovelock Valley,Lovelock Valley|WWBN|192.1166667,WWBN,192.11666666666667,1.1659675944,0.9,1.0012127397600001,True,1.1895611254883254,1.2081060714771668,1.149464698847992,1.1895892104457746,0.9317993331023299,1.558286550707177,0.04012451159778263,0.6264872176048472,1.0,0.919351231576499,-0.080648768423501,1.309967615213961,False,False,0.0,0.0
Lovelock Valley,Lovelock Valley|WWBN|193.1166667,WWBN,193.11666666666667,1.1566266936,0.9,1.0012127397600001,True,1.1769313381067068,1.1952818731394994,1.1371312393858568,1.176958428452742,0.921871969509169,1.5417851708729495,0.039827189066885094,0.6199132013637805,1.0,0.9117793862299207,-0.08822061377007928,1.3100043485571315,False,False,0.0,0.0
Lovelock Valley,Lovelock Valley|WWBN|194.1166667,WWBN,194.11666666666665,1.149451092,0.9,1.0012127397600001,True,1.164602744390411,1.182763504756381,1.12509624324641,1.1646288615835292,0.9121813533006758,1.525677294092048,0.039532618337119185,0.6134959407913722,1.0,0.9097358469611143,-0.09026415303888569,1.3100409572627572,False,False,0.0,0.0
Lovelock Valley,Lovelock Valley|WWBN|195.1166667,WWBN,195.11666666666667,1.1370978528,0.9,1.0012127397600001,True,1.152563614150615,1.1705390555756074,1.1133478667134449,1.1525887789219833,0.9027182641531964,1.5099475960781854,0.039240912208538425,0.607229331924989,1.0,0.9058896931149605,-0.09411030688503952,1.310077446086085,False,False,0.0,0.0
Lovelock Valley,Lovelock Valley|WWBN|196.1166667,WWBN,196.11666666666667,1.1236869576,0.9,1.0012127397600001,True,1.1408028601748248,1.1585972677186696,1.1018749301712418,1.1408270925605628,0.8934739871468194,1.494581592460842,0.03895216238932098,0.6011076053140227,1.0,0.9019230769230772,-0.09807692307692284,1.3101138195181259,False,False,0.0,0.0
Lovelock Valley,Lovelock Valley|WWBN|197.1166667,WWBN,197.11666666666665,1.1163793776000002,0.9,1.0012127397600001,True,1.129309992810046,1.1469274900648216,1.090666869936547,1.1293333121832088,0.8844402770653287,1.4795655794750002,0.038666442246661825,0.5951253024096715,1.0,0.8926690793448807,-0.10733092065511929,1.310150081815373,False,False,0.0,0.0
Lovelock Valley,Lovelock Valley|WWBN|198.1166667,WWBN,198.11666666666667,1.1038877592,0.9,1.0012127397600001,True,1.1180750784616442,1.1355196361111104,1.0797136943602108,1.1180975035611225,0.8756093257750883,1.4648865797396715,0.03838380920091167,0.5892772539645832,1.0,0.8867793862299206,-0.11322061377007941,1.3101862370058406,False,False,0.0,0.0
Lovelock Valley,Lovelock Valley|WWBN|199.1166667,WWBN,199.11666666666667,1.096493616,0.9,1.0012127397600001,True,1.1070887015931548,1.124364145387248,1.069005943752396,1.10711025055181,0.8669737323550504,1.4505322926285655,0.03810430679941401,0.5835585602735152,1.0,0.8770435392688065,-0.12295646073119348,1.3102222889107067,False,False,0.0,0.0
Lovelock Valley,Lovelock Valley|WWBN|200.1166667,WWBN,200.11666666666665,1.08849414,0.9,1.0012127397600001,True,1.0963419298920807,1.1134519480852056,1.058534653740373,1.0963626202631505,0.8585264757157463,1.4364910487665605,0.03782796652277742,0.5779645730508143,1.0,0.8711538461538463,-0.12884615384615372,1.3102582411565364,False,False,0.0,0.0
Lovelock Valley,Lovelock Valley|WWBN|201.1166667,WWBN,201.11666666666667,1.0764752664,0.9,1.0012127397600001,True,1.0858262822913458,1.1027744325884172,1.0482913217128897,1.085846131073707,0.8502608894627729,1.4227517682604032,0.03755480936081734,0.5724908787976303,1.0,0.8617793862299206,-0.13822061377007944,1.3102940971902672,False,False,0.0,0.0
Lovelock Valley,Lovelock Valley|WWBN|202.1166667,WWBN,202.11666666666667,1.066156872,0.9,1.0012127397600001,True,1.075533699566181,1.0923234156160637,1.0382678760448936,1.0755527232279263,0.8421706387849079,1.4093039222877788,0.03728484718303271,0.5671332835028708,1.0,0.857692307692308,-0.14230769230769202,1.3103298602881757,False,False,0.0,0.0
Lovelock Valley,Lovelock Valley|WWBN|203.1166667,WWBN,203.11666666666665,1.0590873408,0.9,1.0012127397600001,True,1.065456517274708,1.0820911147471297,1.028456647831995,1.0654747317754025,0.8342496991843685,1.3961374977501106,0.037018083943407554,0.5618877985657421,1.0,0.8480769230769233,-0.15192307692307672,1.3103655335660618,False,False,0.0,0.0
Lovelock Valley,Lovelock Valley|WWBN|204.1166667,WWBN,204.11666666666667,1.0529014248,0.9,1.0012127397600001,True,1.0555874408057948,1.0720701230841683,1.0188503448927535,1.055604861618248,0.82649233686321,1.3832429646844928,0.03675451672549457,0.5567506278212828,1.0,0.8365384615384618,-0.1634615384615382,1.3104011199949275,False,False,0.0,0.0
Lovelock Valley,Lovelock Valley|WWBN|205.1166667,WWBN,205.11666666666667,1.0458501816,0.9,1.0012127397600001,True,1.0459195223613456,1.0622533858812802,1.0094420278255862,1.0459361644914689,0.8188930906308028,1.370611246189108,0.03649413666588264,0.5517181555583052,1.0,0.8156255400760742,-0.18437445992392576,1.3104366224035233,False,False,0.0,0.0
Lovelock Valley,Lovelock Valley|WWBN|206.1166667,WWBN,206.11666666666665,1.0375675464,0.9,1.0012127397600001,True,1.0364461396789006,1.0526341789391878,1.0002250879279602,1.0364620176850472,0.8114467551787949,1.3582336906335855,0.03623692975708703,0.5467869354547905,1.0,0.7832946194209547,-0.21670538057904531,1.3104720434912105,False,False,0.0,0.0
Lovelock Valley,Lovelock Valley|WWBN|207.1166667,WWBN,207.11666666666667,1.0290575304,0.9,1.0012127397600001,True,1.0271609763536993,1.0432060886243957,0.9911932268079587,1.0271761043649092,0.8041483656135451,1.3461020459528676,0.03598287755695051,0.5419536803393226,1.0,0.7481973854226525,-0.25180261457734754,1.3105073858348588,False,False,0.0,0.0
Lovelock Valley,Lovelock Valley|WWBN|208.1166667,WWBN,208.11666666666667,1.0246159848,0.9,1.0012127397600001,True,1.0180580036110147,1.033962993360945,0.9823404375349034,1.018072395344048,0.7969931831285952,1.3342084358339237,0.03573195780914462,0.5372152527053284,1.0,0.6979564607311938,-0.3020435392688062,1.3105426518936396,False,False,0.0,0.0
Lovelock Valley,Lovelock Valley|WWBN|209.1166667,WWBN,209.11666666666665,1.0167049008,0.9,1.0012127397600001,True,1.0091314634041453,1.024899046468233,0.9736609871920799,1.009145132180198,0.7899766817188604,1.3225453376414626,0.03548414498811814,0.5325686559226023,1.0,0.6405050777303449,-0.35949492226965507,1.3105778440205058,False,False,0.0,0.0
Lovelock Valley,Lovelock Valley|WWBN|210.1166667,WWBN,210.11666666666667,1.0090181496,0.9,1.0012127397600001,True,1.000375852728725,1.0160086602338712,0.9651494007088458,1.000388811488859,0.7830945358512619,1.3111055619234144,0.03523941078001325,0.5280110260721526,8.16298869808891e-178,0.5560101554606895,0.5560101554606895,1.3106129644644182,True,False,0.007805409839999777,0.0
Lovelock Valley,Lovelock Valley|WWBN|211.1166667,WWBN,211.11666666666667,1.0005937824,0.9,1.0012127397600001,False,0.99178590904512,1.0072864911116892,0.956800445861151,0.9917981703651407,0.776342609006114,1.2998822333698665,0.03499772450398975,0.5235396243637526,8.16298869808891e-178,0.424638612962812,0.424638612962812,1.3106480153780145,False,False,0.0,0.0
Lovelock Valley,Lovelock Valley|WWBN|212.1166667,WWBN,212.11666666666665,0.9946303704,0.9,1.0012127397600001,False,0.9833565967208999,0.9987274259555139,0.9486091193410822,0.9833681728254755,0.7697169430204204,1.2888687731023163,0.03475905348439334,0.5191518300818959,0.0,0.3533643044632364,0.3533643044632364,1.3106829988227842,False,False,0.0,0.0
Lovelock Valley,Lovelock Valley|WWBN|213.1166667,WWBN,213.11666666666667,0.9830171856,0.9,1.0012127397600001,False,0.97508309440461,0.9903265691985856,0.9405706338052967,0.9750939971807597,0.7632137481631803,1.2780588821801053,0.03452336337546302,0.514845134016925,0.0,0.2942307692307693,0.2942307692307693,1.3107179167745633,False,False,0.0,0.0
Lovelock Valley,Lovelock Valley|WWBN|214.1166667,WWBN,214.11666666666667,0.9758092752,0.9,1.0012127397600001,False,0.9669607832650242,0.9820792309117772,0.9326804058216502,0.9669710242746825,0.7568293938911143,1.2674465262344885,0.03429061845303227,0.5106171323433742,0.0,0.2637024631529973,0.2637024631529973,1.31075277112568,False,False,0.0,0.0
Lovelock Valley,Lovelock Valley|WWBN|215.1166667,WWBN,215.11666666666665,0.9666116304,0.9,1.0012127397600001,False,0.9589852360105415,0.9739809156539657,0.9249340446396844,0.9589948265029842,0.7505604002173469,1.2570259211284098,0.03406078186329975,0.5064655209110629,0.0,0.244471693922228,0.244471693922228,1.310787563693621,False,False,0.0,0.0
Lovelock Valley,Lovelock Valley|WWBN|216.1166667,WWBN,216.11666666666667,0.9607497168,0.9,1.0012127397600001,False,0.9511522066461473,0.9660273120713219,0.9173273417194694,0.9511611575694551,0.7444034296601503,1.2467915195721218,0.03383381584998568,0.5023880899119715,0.0,0.21911030688503988,0.21911030688503988,1.310822296221576,False,False,0.0,0.0
Lovelock Valley,Lovelock Valley|WWBN|217.1166667,WWBN,217.11666666666667,0.9538036296,0.9,1.0012127397600001,False,0.9434576208918444,0.9582142831682521,0.9420472463255386,0.9434659429041332,0.7383552797113793,1.2367379986090279,0.0014186965785946137,0.4983827188976486,0.0,0.19975907530854126,0.19975907530854126,1.3108569703851112,False,False,0.0,0.0
Lovelock Valley,Lovelock Valley|WWBN|218.1166667,WWBN,218.11666666666665,0.9457099704,0.9,1.0012127397600001,False,0.9358975672275343,0.9505378572144321,0.9327328920100669,0.9359052707071943,0.7324128757976018,1.2268602479129123,0.003172378697127387,0.4944473721153104,0.0,0.17908707853761263,0.17908707853761263,1.3108915877912946,False,False,0.0,0.0
Lovelock Valley,Lovelock Valley|WWBN|219.1166667,WWBN,219.11666666666667,0.9377854752,0.9,1.0012127397600001,False,0.9284682885032848,0.9429942192259319,0.923577792823831,0.9284753835593847,0.726573264685242,1.217153358833653,0.004897590735553736,0.490580094148411,0.0,0.16730769230769232,0.16730769230769232,1.3109261499881015,False,False,0.0,0.0
Lovelock Valley,Lovelock Valley|WWBN|220.1166667,WWBN,220.11666666666667,0.9260747544,0.9,1.0012127397600001,False,0.9211661740859657,0.9355797029909639,0.9145777497943504,0.921172670567563,0.7208336083077884,1.2076126141322305,0.006594920773212665,0.4867790058244421,0.0,0.16129753684700282,0.16129753684700282,1.310960658461535,False,False,0.0,0.0
Lovelock Valley,Lovelock Valley|WWBN|221.1166667,WWBN,221.11666666666665,0.9193063656,0.9,1.0012127397600001,False,0.9139877524863627,0.9282907835835059,0.9057287212836795,0.9139936599917153,0.7151911779703287,1.1982334783520112,0.008264938708035796,0.4830423003816825,0.0,0.15180261457734756,0.15180261457734756,1.3109951146417465,False,False,0.0,0.0
Lovelock Valley,Lovelock Valley|WWBN|222.1166667,WWBN,222.11666666666667,0.9136093488,0.9,1.0012127397600001,False,0.9069296844443673,0.9211240703420507,0.8970268152093909,0.9069350123299934,0.7096433489141788,1.1890115887876658,0.009908197120602535,0.479368239873487,0.0,0.1480769230769231,0.1480769230769231,1.3110295199082789,False,False,0.0,0.0
Lovelock Valley,Lovelock Valley|WWBN|223.1166667,WWBN,223.11666666666667,0.9087953376,0.9,1.0012127397600001,False,0.8999887564382373,0.9140763002789539,0.8884682817430386,0.8999935138269585,0.7041875952151591,1.1799427470002943,0.011525232083919867,0.4757551517851353,0.0,0.1439898445393105,0.1439898445393105,1.311063875586616,False,False,0.0,0.0
Lovelock Valley,Lovelock Valley|WWBN|224.1166667,WWBN,224.11666666666665,0.8986875599999999,0.9,1.0012127397600001,False,0.8931618745760194,0.9071443318778281,0.8800495064507139,0.8931660703652516,0.6988214849818268,1.1710229108427028,0.013116563914537749,0.472201425860876,0.0,0.13461538461538464,0.13461538461538464,1.31109818295657,False,False,0.0,0.0
Lovelock Valley,Lovelock Valley|WWBN|225.1166667,WWBN,225.11666666666667,0.8905756128,0.9,1.0012127397600001,False,0.8864460588577026,0.9003251392673716,0.8717670038447418,0.8864497017268681,0.6935426758455188,1.1622481869588959,0.014682697882126283,0.4687055111133771,0.0,0.12872569150042448,0.12872569150042448,1.3111324432493943,False,False,0.0,0.0
Lovelock Valley,Lovelock Valley|WWBN|226.1166667,WWBN,226.11666666666667,0.8843211168,0.9,1.0012127397600001,False,0.8798384377688424,0.8936158067317735,0.8636174113166076,0.8798415361866143,0.6883488302701549,1.1536148237226767,0.016224124870006684,0.46526599345252173,0.0,0.1189898445393105,0.1189898445393105,1.3111666576514844,False,False,0.0,0.0
Lovelock Valley,Lovelock Valley|WWBN|227.1166667,WWBN,227.11666666666665,0.8800408104,0.9,1.0012127397600001,False,0.8733362431909589,0.8870135235427672,0.8555974834247075,0.8733388054226527,0.6832377399931873,1.145119204592684,0.017741321997945203,0.46188146459949664,0.0,0.11141799919273217,0.11141799919273217,1.3112008273110205,False,False,0.0,0.0
Lovelock Valley,Lovelock Valley|WWBN|228.1166667,WWBN,228.11666666666667,0.8677162224,0.9,1.0012127397600001,False,0.8669368056020804,0.8805155790862945,0.8477040865120804,0.8669388397165034,0.6782074224736161,1.1367578418402149,0.019234753204423027,0.4585504193665988,0.0,0.10757184534657833,0.10757184534657833,1.3112349533375112,False,False,0.0,0.0
Lovelock Valley,Lovelock Valley|WWBN|229.1166667,WWBN,229.11666666666667,0.8629835928,0.9,1.0012127397600001,False,0.8606375495576527,0.8741193582738537,0.8399341936319678,0.860639063432681,0.6732558532678221,1.1285273706368135,0.020704869800713288,0.4552715173689914,0.0,0.10192307692307692,0.10192307692307692,1.3112690367935373,False,False,0.0,0.0
Lovelock Valley,Lovelock Valley|WWBN|230.1166667,WWBN,230.11666666666665,0.8569461144,0.9,1.0012127397600001,False,0.8544359894106949,0.8678223371967745,0.8322848797590271,0.8544369907402767,0.6683810785181149,1.1204245434779436,0.022152110981249584,0.4520434649598287,0.0,0.09819738542265247,0.09819738542265247,1.3113030787135982,False,False,0.0,0.0
Lovelock Valley,Lovelock Valley|WWBN|231.1166667,WWBN,231.11666666666667,0.8558573688000001,0.9,1.0012127397600001,False,0.848329725282801,0.8616220790352017,0.824753317268609,0.8483302215825912,0.6635812117856886,1.1124462249096905,0.023576904313982183,0.44886501312400184,0.0,0.0938693821935811,0.0938693821935811,1.311337080094468,False,False,0.0,0.0
Lovelock Valley,Lovelock Valley|WWBN|232.1166667,WWBN,232.11666666666667,0.8466850224000001,0.9,1.0012127397600001,False,0.8423164392537525,0.855516230189054,0.8369916713680129,0.8423164393464478,0.658854431055449,1.10458938655205,0.005324767978434952,0.4457349554966009,0.0,0.08461538461538462,0.08461538461538462,1.311371041898051,False,False,0.0,0.0
Lovelock Valley,Lovelock Valley|WWBN|233.1166667,WWBN,233.11666666666665,0.8410495752,0.9,1.0012127397600001,False,0.8363938917521544,0.8495025166131012,0.8307719711880178,0.8363939246239622,0.6541989758988629,1.0968511023876004,0.0056219534359444046,0.44265212648873753,0.0,0.07872569150042447,0.07872569150042447,1.3114049650575716,False,False,0.0,0.0
Lovelock Valley,Lovelock Valley|WWBN|234.1166667,WWBN,234.11666666666667,0.8326383144,0.9,1.0012127397600001,False,0.8305599181485708,0.8435787403576573,0.8246454097101215,0.8305599833307752,0.6496131447959604,1.0892285443063956,0.005914573620653729,0.43961539951043516,0.0,0.0730769230769231,0.0730769230769231,1.3114388504738248,False,False,0.0,0.0
Lovelock Valley,Lovelock Valley|WWBN|235.1166667,WWBN,235.11666666666667,0.8331781152000001,0.9,1.0012127397600001,False,0.8248124255272529,0.8377427762906159,0.8186098109855929,0.824812522561625,0.6450952925977383,1.081718977890138,0.006202711576032027,0.4366236852923996,0.0,0.06562554007607416,0.06562554007607416,1.3114726990183982,False,False,0.0,0.0
Lovelock Valley,Lovelock Valley|WWBN|236.1166667,WWBN,236.11666666666665,0.8211973416,0.9,1.0012127397600001,False,0.8191493896248633,0.8319925689890518,0.8127784540164332,0.819149518063335,0.6406438281198281,1.074319758413399,0.006371064046901798,0.4336759302935709,0.0,0.059615384615384626,0.059615384615384626,1.3115065115355737,False,False,0.0,0.0
Lovelock Valley,Lovelock Valley|WWBN|237.1166667,WWBN,237.11666666666667,0.8168575992,0.9,1.0012127397600001,False,0.8135688519353693,0.8263261297995503,0.8072327656769708,0.8135690113397448,0.6362572118667709,1.0670283270580452,0.0063362456627740205,0.4307711151912743,0.0,0.059615384615384626,0.059615384615384626,1.31154028883939,False,False,0.0,0.0
Lovelock Valley,Lovelock Valley|WWBN|238.1166667,WWBN,238.11666666666667,0.8093394024,0.9,1.0012127397600001,False,0.8080689169562173,0.8207415340419916,0.8017672810559605,0.8080691068978315,0.6319339538673802,1.0598422073240357,0.0063018258418710005,0.4279082534566555,0.0,0.05781277003803708,0.05781277003803708,1.311574031725143,False,False,0.0,0.0
Lovelock Valley,Lovelock Valley|WWBN|239.1166667,WWBN,239.11666666666665,0.8012049,0.9,1.0012127397600001,False,0.802647749585043,0.8152369183661878,0.7963801713133757,0.8026479696445099,0.6276726116283842,1.0527590016182617,0.006267798331134222,0.4250863899898776,0.0,0.05576923076923078,0.05576923076923078,1.3116077409580011,False,False,0.0,0.0
Lovelock Valley,Lovelock Valley|WWBN|240.1166667,WWBN,240.11666666666667,0.7964670888000001,0.9,1.0012127397600001,False,0.797303572642345,0.8098104782364238,0.7910696654369849,0.7973038224092873,0.6234717881871177,1.0457763880217676,0.0062341569723024515,0.42230459983464996,0.0,0.055648768423501395,0.055648768423501395,1.3116414172784383,False,False,0.0,0.0
Lovelock Valley,Lovelock Valley|WWBN|241.1166667,WWBN,241.11666666666667,0.7952189328,0.9,1.0012127397600001,False,0.7920346645166831,0.8044604655404077,0.7858340478906285,0.7920349435894312,0.6193301302605321,1.0388921172189343,0.0062008956988026664,0.4195619869584022,0.0,0.05384615384615385,0.05384615384615385,1.3116750614102086,False,False,0.0,0.0
Lovelock Valley,Lovelock Valley|WWBN|242.1166667,WWBN,242.11666666666665,0.7885700256,0.9,1.0012127397600001,False,0.7868393569343802,0.7991851863246419,0.7806716563765698,0.7868396649197531,0.6152463264920317,1.032104009574222,0.006168008543183334,0.4168576830821903,0.0,0.053846153846153856,0.053846153846153856,1.3117086740493282,False,False,0.0,0.0
Lovelock Valley,Lovelock Valley|WWBN|243.1166667,WWBN,243.11666666666667,0.7799298600000001,0.9,1.0012127397600001,False,0.7817160328302607,0.793982998632384,0.7755808797111401,0.7817163693433011,0.6112191057777728,1.025409952357562,0.00613548963216104,0.4141908465797891,0.0,0.05384615384615385,0.05384615384615385,1.3117422558739,False,False,0.0,0.0
Lovelock Valley,Lovelock Valley|WWBN|244.1166667,WWBN,244.11666666666667,0.7759205208000001,0.9,1.0012127397600001,False,0.7766631243311147,0.7888523104560735,0.7705601558051685,0.7766634889948599,0.6072472356815474,1.018807897106626,0.006103333189691473,0.4115606614250785,0.0,0.05384615384615385,0.05384615384615385,1.3117758075408221,False,False,0.0,0.0
Lovelock Valley,Lovelock Valley|WWBN|245.1166667,WWBN,245.11666666666665,0.7712497656,0.9,1.0012127397600001,False,0.7716791108273233,0.7837915777792706,0.7656079697363651,0.7716795032725866,0.6033295209189697,1.0122958571069671,0.006071533536221474,0.4089663361879974,0.0,0.05192307692307692,0.05192307692307692,1.3118093296858544,False,False,0.0,0.0
Lovelock Valley,Lovelock Valley|WWBN|246.1166667,WWBN,246.11666666666667,0.7655908488000001,0.9,1.0012127397600001,False,0.7667625171436772,0.7787993027193193,0.7607228519235172,0.7667629370087946,0.5994648019196539,1.0058719050081208,0.006040085085277425,0.40640710308846695,0.0,0.05012046234572938,0.05012046234572938,1.311842822931887,False,False,0.0,0.0
Lovelock Valley,Lovelock Valley|WWBN|247.1166667,WWBN,247.11666666666667,0.7628406384,0.9,1.0012127397600001,False,0.7619119117964369,0.773874031757579,0.7559033763766652,0.7619123587271093,0.5956519534571357,0.999534170535054,0.006008982350444114,0.40388221707791827,0.0,0.05,0.05,1.3118762878747374,False,False,0.0,0.0
Lovelock Valley,Lovelock Valley|WWBN|259.1166667,WWBN,259.1166666666667,0.7113462024000001,0.9,1.0012127397600001,False,0.7083836255034908,0.7195217818341325,0.7027235282028995,0.7083843719952329,0.5535757112159078,0.9295947290865748,0.0056608437923333366,0.37601901787066705,0.0,0.03076923076923077,0.03076923076923077,1.312275856780083,False,False,0.0,0.0
Lovelock Valley,Lovelock Valley|WWBN|271.1166667,WWBN,271.1166666666667,0.668255712,0.9,1.0012127397600001,False,0.662200216582405,0.6726274693522709,0.6568476836571259,0.6622012227820933,0.5172729550555067,0.8692518550070671,0.005353539124967388,0.3519788999515604,0.0,0.01923076923076923,0.01923076923076923,1.3126722602013772,False,False,0.0,0.0
Lovelock Valley,Lovelock Valley|WWBN|283.1166667,WWBN,283.1166666666667,0.6288737232,0.9,1.0012127397600001,False,0.6218960988943746,0.6317029483316309,0.6168169502037454,0.6218973326402667,0.48559640644225344,0.8165906975498848,0.0050803824365213135,0.33099429110763134,0.0,0.009615384615384618,0.009615384615384618,1.3130661198898723,False,False,0.0,0.0
Lovelock Valley,Lovelock Valley|WWBN|295.1166667,WWBN,295.1166666666667,0.5994620472000001,0.9,1.0012127397600001,False,0.5863814428819455,0.5956416134132171,0.5815468645425436,0.5863828777994381,0.45768162963944486,0.7701873390403038,0.0048360132568945335,0.3125057094008589,0.0,0.0057692307692307696,0.0057692307692307696,1.3134579008076888,False,False,0.0,0.0
Lovelock Valley,Lovelock Valley|WWBN|307.1166667,WWBN,307.1166666666667,0.5683861632,0.9,1.0012127397600001,False,0.5548266195894854,0.5636010651208617,0.5502121225348475,0.5548282337516659,0.43287126906752144,0.7289578215450975,0.004616111216818375,0.29608655247757604,0.0,0.0018026145773475442,0.0018026145773475442,1.3138479586369725,False,False,0.0,0.0
Lovelock Valley,Lovelock Valley|WWBN|319.1166667,WWBN,319.1166666666667,0.5334530352,0.9,1.0012127397600001,False,0.5265874578054709,0.5349272164829366,0.5221720650316231,0.526589232766218,0.4106784718962943,0.6920604947371591,0.0044171677345949956,0.28138202284086483,0.0,2.1373854661409573e-103,2.1373854661409573e-103,1.3142365707327888,False,False,0.0,0.0
Lovelock Valley,Lovelock Valley|WWBN|331.1166667,WWBN,331.1166666666667,0.4984336488,0.9,1.0012127397600001,False,0.501155240421159,0.5091035196824505,0.4969208508720939,0.5011571605016091,0.39068254581661543,0.6588306851987497,0.004236309629515156,0.2681481393821342,0.0,1.3358659163380983e-103,1.3358659163380983e-103,1.3146239569301599,False,False,0.0,0.0
Lovelock Valley,Lovelock Valley|WWBN|343.1166667,WWBN,343.1166666666667,0.4749594768,0.9,1.0012127397600001,False,0.4781222787233603,0.4857160104331725,0.4740531662344672,0.4781243304749706,0.37258433704374244,0.6287357183035539,0.004071164240503411,0.25615138125981146,0.0,1.3358659163380983e-103,1.3358659163380983e-103,1.3150102939824269,False,False,0.0,0.0
Lovelock Valley,Lovelock Valley|WWBN|355.1166667,WWBN,355.1166666666667,0.4494906936,0.9,1.0012127397600001,False,0.45715761966416946,0.46442864131013784,0.45324003515729144,0.4571597914578661,0.3561032457370424,0.6013431789140528,0.003919756300574673,0.24523993317701037,0.0,1.3358659163380983e-103,1.3358659163380983e-103,1.3153957257800992,False,False,0.0,0.0
Lovelock Valley,Lovelock Valley|WWBN|367.1166667,WWBN,367.1166666666667,0.4294619808,0.9,1.0012127397600001,False,0.4379895316908811,0.44496549798305823,0.4342113846956507,0.4379918133979168,0.3410307448737574,0.5762980283989104,0.0037804287022661365,0.23526728352515303,0.0,1.0686927330704787e-103,1.0686927330704787e-103,1.3157803707638451,False,False,0.0,0.0
Lovelock Valley,Lovelock Valley|WWBN|379.1166667,WWBN,379.1166666666667,0.4128662304,0.9,1.0012127397600001,False,0.4203926374147797,0.427097733817631,0.4167432389564023,0.420395020155553,0.3271985958190322,0.5533057928592003,0.0036517811991507165,0.22610719704016813,0.0,1.0686927330704787e-103,1.0686927330704787e-103,1.3161643273816,False,False,0.0,0.0
Lovelock Valley,Lovelock Valley|WWBN|391.1166667,WWBN,391.1166666666667,0.4074538968,0.9,1.0012127397600001,False,0.40417830108523206,0.4106338093835338,0.4006481544314556,0.4041807770291822,0.3144532150669661,0.532120003870915,0.0035326225977265757,0.21766678880394885,0.0,1.0686927330704787e-103,1.0686927330704787e-103,1.3165476781958734,False,False,0.0,0.0
Lovelock Valley,Lovelock Valley|WWBN|403.1166667,WWBN,403.1166666666667,0.3907407984,0.9,1.0012127397600001,False,0.3891873398146881,0.39541209148294293,0.38576796885183023,0.3891899020191482,0.30266947592015586,0.5125326752967179,0.003421933167317981,0.209863199376562,0.0,8.01519549802859e-104,8.01519549802859e-104,1.3169304930133665,False,False,0.0,0.0
Lovelock Valley,Lovelock Valley|WWBN|415.1166667,WWBN,415.1166666666667,0.3743221368,0.9,1.0012127397600001,False,0.37528442237761184,0.38129516572989236,0.3719682298068068,0.3752870646568811,0.29174100042751405,0.49436698496962944,0.0033188348500742815,0.2026259845421154,0.0,8.01519549802859e-104,8.01519549802859e-104,1.3173128312589446,False,False,0.0,0.0
Lovelock Valley,Lovelock Valley|WWBN|427.1166667,WWBN,427.1166666666667,0.3558253488,0.9,1.0012127397600001,False,0.36235371253077175,0.36816541280797227,0.3591338619054624,0.36235642934865386,0.28157673478941986,0.4774715824260063,0.0032225674431914375,0.19589484763658643,0.0,5.343463665352393e-104,5.343463665352393e-104,1.317694743876699,False,False,0.0,0.0
Lovelock Valley,Lovelock Valley|WWBN|439.1166667,WWBN,439.1166666666667,0.3366503808,0.9,1.0012127397600001,False,0.35029544296199616,0.35592152968170443,0.3471657599132946,0.3502982293429581,0.27209825628903306,0.4617161125392706,0.003132469429663498,0.18961785625023753,0.0,5.343463665352393e-104,5.343463665352393e-104,1.3180762748014467,False,False,0.0,0.0
Lovelock Valley,Lovelock Valley|WWBN|451.1166667,WWBN,451.1166666666667,0.3316196568,0.9,1.0012127397600001,False,0.33902319396739067,0.3444757663842996,0.33597808299022214,0.33902604542258064,0.26324428145571077,0.4469876599197291,0.0030479624323584975,0.18374337846401834,0.0,2.6717318326761966e-104,2.6717318326761966e-104,1.3184574621249163,False,False,0.0,0.0
Lovelock Valley,Lovelock Valley|WWBN|463.1166667,WWBN,463.1166666666667,0.3300426216,0.9,1.0012127397600001,False,0.3284617119604718,0.333751710946992,0.325496085918588,0.32846462442558844,0.2549427027932214,0.43318789865072316,0.002968538507000462,0.17824519585750176,0.0,2.6717318326761966e-104,2.6717318326761966e-104,1.318838339072088,False,False,0.0,0.0
Lovelock Valley,Lovelock Valley|WWBN|475.1166667,WWBN,475.1166666666667,0.3183602472,0.9,1.0012127397600001,False,0.3185451459420738,0.3236824987228375,0.3156543660067173,0.31854811572505004,0.24714073589357013,0.4202307880877375,0.0028937497183327276,0.17309005219416737,0.0,2.6717318326761966e-104,2.6717318326761966e-104,1.3192189347131187,False,False,0.0,0.0
Lovelock Valley,Lovelock Valley|WWBN|487.1166667,WWBN,487.1166666666667,0.304299366,0.9,1.0012127397600001,False,0.309215610660643,0.3142093534296621,0.3063954349065348,0.30921863439706077,0.23981330833894993,0.4080406955411213,0.0028231994905259516,0.1682273872021714,0.0,2.6717318326761966e-104,2.6717318326761966e-104,1.319599274659314,False,False,0.0,0.0
Lovelock Valley,Lovelock Valley|WWBN|499.1166667,WWBN,499.1166666666667,0.28904903328,0.9,1.0012127397600001,False,0.3004220074976026,0.3052803898852543,0.29766854667269255,0.3004250821127823,0.23289492903662093,0.3965508556483445,0.002756535440089747,0.1636559266117236,0.0,2.6717318326761966e-104,2.6717318326761966e-104,1.3199793815088896,False,False,0.0,0.0
Lovelock Valley,Lovelock Valley|WWBN|511.1166667,WWBN,511.1166666666667,0.29172145872,0.9,1.0012127397600001,False,0.2921190503269724,0.29684962487199357,0.2894287296454552,0.2921221730033199,0.22636833736655068,0.38570209759910945,0.0026934433578647,0.15933376023255877,0.0,2.6717318326761966e-104,2.6717318326761966e-104,1.320359275327605,False,False,0.0,0.0
Lovelock Valley,Lovelock Valley|WWBN|523.1166667,WWBN,523.1166666666667,0.29439623112,0.9,1.0012127397600001,False,0.28426645567506603,0.288876154830634,0.2816359816572773,0.2842696238240202,0.2202040397438976,0.3754417869982326,0.002633642166742889,0.155237747254335,0.0,2.6717318326761966e-104,2.6717318326761966e-104,1.3207389739554272,False,False,0.0,0.0
Lovelock Valley,Lovelock Valley|WWBN|535.1166667,WWBN,535.1166666666667,0.28139840088,0.9,1.0012127397600001,False,0.2768282655279133,0.28132346824366716,0.2742545971184796,0.27683147676558534,0.21434891985073604,0.365722941066626,0.0025768796471057343,0.15137402121588997,0.0,2.6717318326761966e-104,2.6717318326761966e-104,1.3211184933344504,False,False,0.0,0.0
Lovelock Valley,Lovelock Valley|WWBN|547.1166667,WWBN,547.1166666666667,0.28985440632,0.9,1.0012127397600001,False,0.26977227796284214,0.274158867502587,0.2672526012746206,0.26977553008882865,0.20880251646064968,0.3565034847126713,0.0025229288142080697,0.1477009682520216,0.0,2.6717318326761966e-104,2.6717318326761966e-104,1.321497847758009,False,False,0.0,0.0
Lovelock Valley,Lovelock Valley|WWBN|559.1166667,WWBN,559.1166666666667,0.277745952,0.9,1.0012127397600001,False,0.26306956597220743,0.2673529803248481,0.26060127211725376,0.26307285695114707,0.20353380755289266,0.34774562182622404,0.0024715848338933144,0.14421181427333138,0.0,2.6717318326761966e-104,2.6717318326761966e-104,1.321877050053606,False,False,0.0,0.0
Lovelock Valley,Lovelock Valley|WWBN|571.1166667,WWBN,571.1166666666667,0.26937077952,0.9,1.0012127397600001,False,0.25669406884198476,0.26087934484252895,0.2542747344209709,0.25669739678728626,0.1985223079401442,0.3394153013937744,0.0024226623663153313,0.1408929934536302,0.0,2.6717318326761966e-104,2.6717318326761966e-104,1.3222561118181153,False,False,0.0,0.0
Lovelock Valley,Lovelock Valley|WWBN|583.1166667,WWBN,583.1166666666667,0.2571705804,0.9,1.0012127397600001,False,0.25062224359351626,0.2547140556787032,0.24824961344568672,0.25062560675319895,0.19375853946025326,0.3314817620549122,0.002375993307512231,0.13772322259465894,0.0,2.6717318326761966e-104,2.6717318326761966e-104,1.3226350434901615,False,False,0.0,0.0
Lovelock Valley,Lovelock Valley|WWBN|595.1166667,WWBN,595.1166666666667,0.25852684896,0.9,1.0012127397600001,False,0.2448327663410096,0.24883546070791934,0.2425047382740754,0.2448361630850526,0.1891986565084671,0.32391714192094295,0.0023314248109772007,0.13471848541247586,0.0,2.6717318326761966e-104,2.6717318326761966e-104,1.3230138545662737,False,False,0.0,0.0
Lovelock Valley,Lovelock Valley|WWBN|607.1166667,WWBN,607.1166666666667,0.24867440232,0.9,1.0012127397600001,False,0.23930627541774607,0.2432239002283376,0.23702088662481288,0.23930970422702547,0.1848545235562056,0.3166961429267238,0.002288817602212584,0.13184161937051822,0.0,2.6717318326761966e-104,2.6717318326761966e-104,1.3233925536381432,False,False,0.0,0.0
Lovelock Valley,Lovelock Valley|WWBN|619.1166667,WWBN,619.1166666666667,0.24354108264,0.9,1.0012127397600001,False,0.23402514954308445,0.2378614817140468,0.23178056450737994,0.23402860899945666,0.18070326134182044,0.3097957409987684,0.0022480444920767173,0.12909247965694795,0.0,2.6717318326761966e-104,2.6717318326761966e-104,1.3237711485437356,False,False,0.0,0.0
Lovelock Valley,Lovelock Valley|WWBN|631.1166667,WWBN,631.1166666666667,0.24072497448,0.9,1.0012127397600001,False,0.2289733155729857,0.23273188460628377,0.22676781526029868,0.22897680435046258,0.17673223546972844,0.30319493486220406,0.0022089890901638987,0.12646269939247562,0.0,2.6717318326761966e-104,2.6717318326761966e-104,1.3241496464489115,False,False,0.0,0.0
Lovelock Valley,Lovelock Valley|WWBN|643.1166667,WWBN,643.1166666666667,0.22452598224,0.9,1.0012127397600001,False,0.22413608131195004,0.22782019055183556,0.22196805348369134,0.2241395981688746,0.17292989704756545,0.29687452758625316,0.0021715446851832687,0.1239446305386877,0.0,2.6717318326761966e-104,2.6717318326761966e-104,1.3245280538882385,False,False,0.0,0.0
Lovelock Valley,Lovelock Valley|WWBN|655.1166667,WWBN,655.1166666666667,0.21680811096,0.9,1.0012127397600001,False,0.21949998961240574,0.22311273525657274,0.21736792013390507,0.21950353338440062,0.16928566800011924,0.29081693595790103,0.0021356132504955494,0.1215312679577818,0.0,2.6717318326761966e-104,2.6717318326761966e-104,1.3249063768587286,False,False,0.0,0.0
Lovelock Valley,Lovelock Valley|WWBN|667.1166667,WWBN,667.1166666666667,0.22124429208,0.9,1.0012127397600001,False,0.2150526906952014,0.21859697884056484,0.2129551557065918,0.21505626028888847,0.16580686211507817,0.2850060236499027,0.0021011045822966756,0.11919916153482452,0.0,2.6717318326761966e-104,2.6717318326761966e-104,1.3252846208460027,False,False,0.0,0.0
Lovelock Valley,Lovelock Valley|WWBN|679.1166667,WWBN,679.1166666666667,0.2167991498399999,0.9,1.0012127397600001,False,0.2107828300304778,0.21426139199309638,0.2087184888943033,0.21078642441774623,0.16243348986592374,0.27942695473760787,0.002067935523442921,0.11699346487168413,0.0,2.6717318326761966e-104,2.6717318326761966e-104,1.3256627909265883,False,False,0.0,0.0
Lovelock Valley,Lovelock Valley|WWBN|691.1166667,WWBN,691.1166666666667,0.21127093128,0.9,1.0012127397600001,False,0.20667994964521796,0.21009535576103938,0.20464753856341544,0.20668356785814154,0.1592149561575842,0.2740660647357965,0.0020360292947260994,0.11485110857821229,0.0,2.6717318326761966e-104,2.6717318326761966e-104,1.3260408917568054,False,False,0.0,0.0
Lovelock Valley,Lovelock Valley|WWBN|703.1166667,WWBN,703.1166666666667,0.2031092712,0.9,1.0012127397600001,False,0.2027344009879952,0.20608907307232377,0.20073272722007862,0.20273804211424176,0.15610697157729883,0.26891074674814375,0.0020053148941631405,0.11280377517084492,0.0,2.6717318326761966e-104,2.6717318326761966e-104,1.3264189276099578,False,False,0.0,0.0
Lovelock Valley,Lovelock Valley|WWBN|715.1166667,WWBN,715.1166666666667,0.1865889283199999,0.9,1.0012127397600001,False,0.19893726778962256,0.202233490409177,0.19696520441968515,0.1989409309681485,0.1531222111350657,0.26394935069716485,0.0019757265484633413,0.11082713956209916,0.0,2.6717318326761966e-104,2.6717318326761966e-104,1.3267969025104587,False,False,0.0,0.0
Lovelock Valley,Lovelock Valley|WWBN|727.1166667,WWBN,727.1166666666667,0.1817760144,0.9,1.0012127397600001,False,0.1952802976351113,0.19852022832676622,0.19333677879051,0.19528398205251304,0.15024762673515352,0.2591710938808421,0.0019472032620030388,0.10892346714568857,0.0,2.6717318326761966e-104,2.6717318326761966e-104,1.3271748200891889,False,False,0.0,0.0
Lovelock Valley,Lovelock Valley|WWBN|739.1166667,WWBN,739.1166666666667,0.1813770311999999,0.9,1.0012127397600001,False,0.1917558410708156,0.19494151962301623,0.1898398575905272,0.19175954595775516,0.14747720547652068,0.25456598144585074,0.0019196883672279452,0.10708877596933006,0.0,2.6717318326761966e-104,2.6717318326761966e-104,1.3275526837893783,False,False,0.0,0.0
Lovelock Valley,Lovelock Valley|WWBN|751.1166667,WWBN,751.1166666666667,0.18784842288,0.9,1.0012127397600001,False,0.18835679733675323,0.19149015423558463,0.18646739280337038,0.18836052196487502,0.14480536576219555,0.25012473545729375,0.0018931291615046364,0.1053193696950982,0.0,2.6717318326761966e-104,2.6717318326761966e-104,1.327930496769431,False,False,0.0,0.0
Lovelock Valley,Lovelock Valley|WWBN|763.1166667,WWBN,763.1166666666667,0.1856050644,0.9,1.0012127397600001,False,0.18507656586565235,0.18815942999433163,0.18321283298419921,0.18508030954471005,0.1422323487062888,0.24583873153604663,0.001867476560510839,0.10360638282975781,0.0,2.6717318326761966e-104,2.6717318326761966e-104,1.3283082619681938,False,False,0.0,0.0
Lovelock Valley,Lovelock Valley|WWBN|775.1166667,WWBN,775.1166666666666,0.18305885664,0.9,1.0012127397600001,False,0.1819090028530155,0.1849431085228641,0.1800700801385582,0.18191276492822217,0.13973703633829757,0.24169994211629398,0.0018426847896639842,0.10196290577799641,0.0,2.6717318326761966e-104,2.6717318326761966e-104,1.3286859821423473,False,False,0.0,0.0
Lovelock Valley,Lovelock Valley|WWBN|787.1166667,WWBN,787.1166666666666,0.17837112408,0.9,1.0012127397600001,False,0.17884838229766004,0.18183537567937177,0.1770334510313726,0.17885216214733435,0.13733121629341577,0.23770088553125646,0.0018187111159617408,0.10036966923784069,0.0,2.6717318326761966e-104,2.6717318326761966e-104,1.3290636598302987,False,False,0.0,0.0
Lovelock Valley,Lovelock Valley|WWBN|799.1166667,WWBN,799.1166666666666,0.17068909728,0.9,1.0012127397600001,False,0.17588936096169447,0.17883080597722995,0.17409764240491563,0.17589315799501085,0.13500525895447474,0.23383458024244644,0.0017955155900952202,0.0988293212879717,0.0,2.6717318326761966e-104,2.6717318326761966e-104,1.3294412974379468,False,False,0.0,0.0
Lovelock Valley,Lovelock Valley|WWBN|811.1166667,WWBN,811.1166666666666,0.16666506672,0.9,1.0012127397600001,False,0.17302694682755881,0.1759243305564983,0.17125769964843762,0.17303076048259708,0.13275524031469227,0.2300945036098303,0.0017730608341594567,0.09733926329513803,0.0,2.6717318326761966e-104,2.6717318326761966e-104,1.3298188971637224,False,False,0.0,0.0
Lovelock Valley,Lovelock Valley|WS|1.116666667,WS,1.116666666666665,0.0,0.9,1.0012127397600001,False,2.9934057763263626e-07,0.0015253516322451058,1.3506329757514095e-53,8.45635531218367e-07,0.0,0.007055825414180752,8.45635531218367e-07,0.007055825414180752,0.0,0.0,0.0,,False,False,0.0,0.0
Lovelock Valley,Lovelock Valley|WS|13.11666667,WS,13.116666666666665,0.0,0.9,1.0012127397600001,False,0.00013887469426877164,0.001625743795077908,8.935804867773696e-08,0.0004003718766751871,0.0,0.007107871044967544,0.0004002825186265094,0.007107871044967544,0.0,0.0,0.0,,False,False,0.0,0.0
Lovelock Valley,Lovelock Valley|WS|25.11666667,WS,25.11666666666666,0.0,0.9,1.0012127397600001,False,0.0004957095862670764,0.0019386206251569842,1.5659560646517578e-05,0.0013598500183993987,0.0,0.007303494423626384,0.001344190457752881,0.007303494423626384,0.0,0.0,0.0,,False,False,0.0,0.0
Lovelock Valley,Lovelock Valley|WS|37.11666667,WS,37.11666666666666,0.0012974022312,0.9,1.0012127397600001,False,0.000788497577909304,0.002199976143203928,0.0001102645359462,0.002005867035638788,0.0,0.007525005946118973,0.001895602499692588,0.007525005946118973,0.0,0.0,0.0,,False,False,0.0,0.0
Lovelock Valley,Lovelock Valley|WS|49.11666667,WS,49.116666666666674,0.000388004304,0.9,1.0012127397600001,False,0.0010835450657015414,0.002457045931808678,0.0003171259456267,0.0024603929301961576,0.0,0.007977162056208548,0.0021432669845694577,0.007977162056208548,0.0,0.0,0.0,,False,False,0.0,0.0
Lovelock Valley,Lovelock Valley|WS|61.11666667,WS,61.116666666666674,0.0066223984392,0.9,1.0012127397600001,False,0.0014114558563079753,0.00274613550483312,0.0006226248821578,0.0028297123310056667,0.0,0.008434716981200753,0.002207087448847867,0.008434716981200753,0.0,0.0,0.0,,False,False,0.0,0.0
Lovelock Valley,Lovelock Valley|WS|73.11666667,WS,73.11666666666667,0.0068089543272,0.9,1.0012127397600001,False,0.0017728193762704407,0.003075835723021321,0.001000439115159,0.0031621060344944802,0.0,0.009001781423318072,0.00216166691933548,0.009001781423318072,0.0,0.0,0.0,,False,False,0.0,0.0
Lovelock Valley,Lovelock Valley|WS|85.11666667,WS,85.11666666666667,0.0029888648376,0.9,1.0012127397600001,False,0.0021598394741030673,0.0034408123760615757,0.001426778819196,0.0034786132369681684,0.0,0.009467486391309812,0.002051834417772168,0.009467486391309812,0.0,0.0,0.0,,False,False,0.0,0.0
Lovelock Valley,Lovelock Valley|WS|97.11666667,WS,97.11666666666666,0.00561838602,0.9,1.0012127397600001,False,0.0025641696643859393,0.0038389240369217713,0.0018835226812941,0.0038672357946849586,0.0,0.01010234082542376,0.0019837131133908586,0.01010234082542376,0.0,0.0,0.0,,False,False,0.0,0.0
Lovelock Valley,Lovelock Valley|WS|109.1166667,WS,109.11666666666666,0.003718677348,0.9,1.0012127397600001,False,0.00297896252045405,0.004252972828525042,0.0023576775776047,0.004166173283516915,0.0,0.010770667862900339,0.0018084957059122152,0.010770667862900339,0.0,0.0,0.0,,False,False,0.0,0.0
Lovelock Valley,Lovelock Valley|WS|121.1166667,WS,121.11666666666666,0.004887152532,0.9,1.0012127397600001,False,0.0033990776572947598,0.0046752481398536815,0.002840154645729,0.004464941210118823,0.0,0.011462391298474319,0.0016247865643898235,0.011462391298474319,0.0,0.0,0.0,,False,False,0.0,0.0
Lovelock Valley,Lovelock Valley|WS|133.1166667,WS,133.11666666666667,0.0027129037944,0.9,1.0012127397600001,False,0.003820804865954677,0.005101569358238803,0.0033246709201924,0.004764739184202419,0.0,0.012204083253319653,0.0014400682640100192,0.012204083253319653,0.0,0.0,0.0,,False,False,0.0,0.0
Lovelock Valley,Lovelock Valley|WS|145.1166667,WS,145.11666666666667,0.0045119821368,0.9,1.0012127397600001,False,0.004241517292094867,0.005528580534301345,0.0038069191897183,0.005066141537897747,0.0,0.012810675541139089,0.001259222348179447,0.012810675541139089,0.0,0.0,0.0,,False,False,0.0,0.0
Lovelock Valley,Lovelock Valley|WS|157.1166667,WS,157.11666666666667,0.0060464995655999,0.9,1.0012127397600001,False,0.004538309051560342,0.005834777324211363,0.0042839208236413,0.0049817012393967835,0.0,0.013490540682350312,0.0006977804157554833,0.013490540682350312,0.0,0.0,0.0,,False,False,0.0,0.0
Lovelock Valley,Lovelock Valley|WS|169.1166667,WS,169.11666666666667,0.0016850145624,0.9,1.0012127397600001,False,0.004592957206561029,0.005903725354835403,0.0042222958335313586,0.0047459167484052225,0.0,0.01387716046386847,0.000523620914873864,0.01387716046386847,0.0,0.0,0.0,,False,False,0.0,0.0
Lovelock Valley,Lovelock Valley|WS|181.1166667,WS,181.11666666666667,0.00093104208,0.9,1.0012127397600001,False,0.00470746805653665,0.006031392477042538,0.0037999148760353117,0.005117409495987324,0.0,0.01410297858690417,0.0013174946199520123,0.01410297858690417,0.0,0.0,0.0,,False,False,0.0,0.0
Lovelock Valley,Lovelock Valley|WS|193.1166667,WS,193.11666666666667,0.0031132549368,0.9,1.0012127397600001,False,0.004817086345873529,0.00614990951406405,0.0036470269656647576,0.005367346133677179,0.0,0.014377714430611158,0.0017203191680124214,0.014377714430611158,0.0,0.0,0.0,,False,False,0.0,0.0
Lovelock Valley,Lovelock Valley|WS|205.1166667,WS,205.11666666666667,0.008021464272,0.9,1.0012127397600001,False,0.004888617505375893,0.006226356015790757,0.003603448292283329,0.005507734974213049,0.0,0.014573832419727713,0.00190428668192972,0.014573832419727713,0.0,0.0,0.0,,False,False,0.0,0.0
Lovelock Valley,Lovelock Valley|WS|217.1166667,WS,217.11666666666667,0.007642878288,0.9,1.0012127397600001,False,0.004920484536655445,0.006260172092360144,0.003603842306796403,0.00556469825041481,0.0,0.014655932623922148,0.0019608559436184074,0.014655932623922148,0.0,0.0,0.0,,False,False,0.0,0.0
Lovelock Valley,Lovelock Valley|WS|229.1166667,WS,229.11666666666667,0.00440970091896,0.9,1.0012127397600001,False,0.004920262545994803,0.006259847766793023,0.0036224819196969556,0.005562276926803166,0.0,0.01465326666679578,0.0019397950071062104,0.01465326666679578,0.0,0.0,0.0,,False,False,0.0,0.0
Lovelock Valley,Lovelock Valley|WS|241.1166667,WS,241.11666666666667,0.0068641657992,0.9,1.0012127397600001,False,0.004896349605813702,0.0062344509353757715,0.0036487385253403774,0.005518949360128244,0.0,0.014592164542855175,0.0018702108347878662,0.014592164542855175,0.0,0.0,0.0,,False,False,0.0,0.0
Lovelock Valley,Lovelock Valley|WS|253.1166667,WS,253.11666666666667,0.006615537696,0.9,1.0012127397600001,False,0.004855736232485684,0.006191438171951958,0.00367794366895896,0.005448077069633151,0.0,0.014490781343225059,0.0017701334006741906,0.014490781343225059,0.0,0.0,0.0,,False,False,0.0,0.0
Lovelock Valley,Lovelock Valley|WS|265.1166667,WS,265.1166666666667,0.0046869199632,0.9,1.0012127397600001,False,0.004803734956944072,0.006136452548917147,0.003707909391320744,0.0053591080001092785,0.0,0.014366913321478634,0.0016511986087885343,0.014366913321478634,0.0,0.0,0.0,,False,False,0.0,0.0
Lovelock Valley,Lovelock Valley|WS|277.1166667,WS,277.1166666666667,0.0021707298216,0.9,1.0012127397600001,False,0.00474423553027381,0.006073608999678158,0.0037375348288158526,0.005258738914734265,0.0,0.014296062783256801,0.001521204085918412,0.014296062783256801,0.0,0.0,0.0,,False,False,0.0,0.0
Lovelock Valley,Lovelock Valley|WS|289.1166667,WS,289.1166666666667,-0.0026450513519999,0.9,1.0012127397600001,False,0.004680037620956904,0.006005928234181461,0.003766219294420504,0.005151551055451742,0.0,0.01415194850609078,0.001385331761031238,0.01415194850609078,0.0,0.0,0.0,,False,False,0.0,0.0
Lovelock Valley,Lovelock Valley|WS|301.1166667,WS,301.1166666666667,-0.004101974016,0.9,1.0012127397600001,False,0.00461313820409174,0.005935571578823978,0.0037885996661503,0.005040780118908733,0.0,0.013992103508488504,0.0012521804527584326,0.013992103508488504,0.0,0.0,0.0,,False,False,0.0,0.0
Lovelock Valley,Lovelock Valley|WS|313.1166667,WS,313.1166666666667,-0.003729950376,0.9,1.0012127397600001,False,0.00454495275923681,0.005863927778735098,0.0038038845295636,0.004928701276865993,0.0,0.013830388102436626,0.0011248167473023934,0.013830388102436626,0.0,0.0,0.0,,False,False,0.0,0.0
Lovelock Valley,Lovelock Valley|WS|325.1166667,WS,325.1166666666667,0.0050979439824,0.9,1.0012127397600001,False,0.004476478075453653,0.005792089873548969,0.0038178139024535,0.004816899063709605,0.0,0.013669084955348786,0.0009990851612561046,0.013669084955348786,0.0,0.0,0.0,,False,False,0.0,0.0
Lovelock Valley,Lovelock Valley|WS|337.1166667,WS,337.1166666666667,0.01766843304,0.9,1.0012127397600001,False,0.004408409909112032,0.00572071030088759,0.0038303241376312,0.004706468135468846,0.0,0.01364727581775561,0.0008761439978376465,0.01364727581775561,0.0,0.0,0.0,,False,False,0.0,0.0
Lovelock Valley,Lovelock Valley|WS|349.1166667,WS,349.1166666666667,0.015089831136,0.9,1.0012127397600001,False,0.004341227469199626,0.005650397250332386,0.0038413916640693,0.004598153916983231,0.0,0.01360540016713024,0.0007567622529139314,0.01360540016713024,0.0,0.0,0.0,,False,False,0.0,0.0
Lovelock Valley,Lovelock Valley|WS|361.1166667,WS,361.1166666666667,0.010175068296,0.9,1.0012127397600001,False,0.004275254040229727,0.0055815052389467995,0.0038510183899811,0.004492451820069872,0.0,0.013452726709850074,0.0006414334300887722,0.013452726709850074,0.0,0.0,0.0,,False,False,0.0,0.0
Lovelock Valley,Lovelock Valley|WS|373.1166667,WS,373.1166666666667,0.0033326502816,0.9,1.0012127397600001,False,0.004210700573776808,0.005514236559103888,0.0038592228943862,0.004389677748824665,0.0,0.013325431021739522,0.0005304548544384654,0.013325431021739522,0.0,0.0,0.0,,False,False,0.0,0.0
Lovelock Valley,Lovelock Valley|WS|385.1166667,WS,385.1166666666667,0.0050263656648,0.9,1.0012127397600001,False,0.004147697138638445,0.005448830340441422,0.0038660349157172,0.004290018559120711,0.0,0.01318990827618021,0.0004239836434035112,0.01318990827618021,0.0,0.0,0.0,,False,False,0.0,0.0
Lovelock Valley,Lovelock Valley|WS|397.1166667,WS,397.1166666666667,0.000509866392,0.9,1.0012127397600001,False,0.004086315696264907,0.005385309571013057,0.0038714917729536,0.004193568410910665,0.0,0.013053182035024076,0.0003220766379570649,0.013053182035024076,0.0,0.0,0.0,,False,False,0.0,0.0
Lovelock Valley,Lovelock Valley|WS|409.1166667,WS,409.1166666666667,-0.0002825465519999,0.9,1.0012127397600001,False,0.004026586653566568,0.005323648304237997,0.0038756359536878,0.004100355111922281,0.0,0.012951519593068688,0.00022471915823448147,0.012951519593068688,0.0,0.0,0.0,,False,False,0.0,0.0
Lovelock Valley,Lovelock Valley|WS|421.1166667,WS,421.1166666666667,0.000118667784,0.9,1.0012127397600001,False,0.003968510930693286,0.005263785032555884,0.0038785134295477,0.004010359304464111,0.0,0.012851969047846159,0.00013184587491641081,0.012851969047846159,0.0,0.0,0.0,,False,False,0.0,0.0
Lovelock Valley,Lovelock Valley|WS|433.1166667,WS,433.1166666666667,-0.00031054548,0.9,1.0012127397600001,False,0.003912068779840881,0.00520566536250152,0.003880172440482,0.003924525045362456,0.0,0.012812478074892244,4.4352604880455726e-05,0.012812478074892244,0.0,0.0,0.0,,False,False,0.0,0.0
Lovelock Valley,Lovelock Valley|WS|445.1166667,WS,445.1166666666667,0.0030382857192,0.9,1.0012127397600001,False,0.003857226238860195,0.0051493680223971315,0.0038392455098416,0.003879059354605588,0.0,0.012679343371064482,3.9813844763988016e-05,0.012679343371064482,0.0,0.0,0.0,,False,False,0.0,0.0
Lovelock Valley,Lovelock Valley|WS|457.1166667,WS,457.1166666666667,0.00488132628,0.9,1.0012127397600001,False,0.0038039398550150116,0.005094760869397225,0.0037585074775852,0.003875183610493881,0.0,0.012561111057459025,0.00011667613290868104,0.012561111057459025,0.0,0.0,0.0,,False,False,0.0,0.0
Lovelock Valley,Lovelock Valley|WS|469.1166667,WS,469.1166666666667,0.007504447272,0.9,1.0012127397600001,False,0.003752160138292189,0.005041715226589068,0.0036806699363114,0.0038704003251348452,0.0,0.012502818364665255,0.00018973038882344516,0.012502818364665255,0.0,0.0,0.0,,False,False,0.0,0.0
Lovelock Valley,Lovelock Valley|WS|481.1166667,WS,481.1166666666667,0.005777868048,0.9,1.0012127397600001,False,0.0037018340782703713,0.004990235904372854,0.003605626665434,0.003864753364897414,0.0,0.012366581507750187,0.000259126699463414,0.012366581507750187,0.0,0.0,0.0,,False,False,0.0,0.0
Lovelock Valley,Lovelock Valley|WS|493.1166667,WS,493.1166666666667,0.0072907705848,0.9,1.0012127397600001,False,0.0036529069687346277,0.004940308184648847,0.0035332688088075,0.0038582859199416605,0.0,0.01229370656999421,0.0003250171111341604,0.01229370656999421,0.0,0.0,0.0,,False,False,0.0,0.0
Lovelock Valley,Lovelock Valley|WS|505.1166667,WS,505.1166666666667,0.004836964164,0.9,1.0012127397600001,False,0.0036053237194011998,0.00489182034456188,0.0034634870340106,0.003851040347059022,0.0,0.012191284193520552,0.00038755331304842237,0.012191284193520552,0.0,0.0,0.0,,False,False,0.0,0.0
Lovelock Valley,Lovelock Valley|WS|517.1166667,WS,517.1166666666667,0.0059795066592,0.9,1.0012127397600001,False,0.003559029787166983,0.0048447203737965305,0.0033961730850614,0.003843058041094555,0.0,0.012101223318579811,0.00044688495603315524,0.012101223318579811,0.0,0.0,0.0,,False,False,0.0,0.0
Lovelock Valley,Lovelock Valley|WS|529.1166667,WS,529.1166666666667,0.0046138280088,0.9,1.0012127397600001,False,0.0035139718249914266,0.0047988917067683665,0.0033312208821919,0.0038343793311382277,0.0,0.012003972985367723,0.0005031584489463277,0.012003972985367723,0.0,0.0,0.0,,False,False,0.0,0.0
Lovelock Valley,Lovelock Valley|WS|541.1166667,WS,541.1166666666667,0.0036365148504,0.9,1.0012127397600001,False,0.0034700981214183663,0.004754286397659033,0.0032685272831575,0.003825043398463219,0.0,0.011921559259251379,0.0005565161153057194,0.011921559259251379,0.0,0.0,0.0,,False,False,0.0,0.0
Lovelock Valley,Lovelock Valley|WS|553.1166667,WS,553.1166666666667,0.0021791932032,0.9,1.0012127397600001,False,0.003427358885195928,0.004710849170016864,0.0032079925917416,0.003815088213533762,0.0,0.011872558680667769,0.0006070956217921622,0.011872558680667769,0.0,0.0,0.0,,False,False,0.0,0.0
Lovelock Valley,Lovelock Valley|WS|565.1166667,WS,565.1166666666667,0.0066649473,0.9,1.0012127397600001,False,0.003385706415723524,0.004668529214405884,0.003149520877782,0.0038045504896956593,0.0,0.01181938385274377,0.0006550296119136592,0.01181938385274377,0.0,0.0,0.0,,False,False,0.0,0.0
Lovelock Valley,Lovelock Valley|WS|577.1166667,WS,577.1166666666667,0.011064532608,0.9,1.0012127397600001,False,0.0033450951898770427,0.00462731231353169,0.0030930201571733,0.0037934656514759958,0.0,0.01173613504494111,0.0007004454943026956,0.01173613504494111,0.0,0.0,0.0,,False,False,0.0,0.0
Lovelock Valley,Lovelock Valley|WS|589.1166667,WS,589.1166666666667,0.0059745399432,0.9,1.0012127397600001,False,0.0033054818881057607,0.004587145724329431,0.0030384024684265,0.00378186781553009,0.0,0.011655656161994314,0.0007434653471035902,0.011655656161994314,0.0,0.0,0.0,,False,False,0.0,0.0
Lovelock Valley,Lovelock Valley|WS|601.1166667,WS,601.1166666666667,0.005266485276,0.9,1.0012127397600001,False,0.0032668253770028427,0.004547982850867329,0.0029855838734574,0.003769789782496921,0.0,0.011577823723631564,0.0007842059090395208,0.011577823723631564,0.0,0.0,0.0,,False,False,0.0,0.0
Lovelock Valley,Lovelock Valley|WS|613.1166667,WS,613.1166666666667,0.0054520956744,0.9,1.0012127397600001,False,0.0032290866612530835,0.004509787010141591,0.0029344844035471,0.003757263038218587,0.0,0.01150252007030433,0.0008227786346714869,0.01150252007030433,0.0,0.0,0.0,,False,False,0.0,0.0
Lovelock Valley,Lovelock Valley|WS|625.1166667,WS,625.1166666666667,0.0047369918976,0.9,1.0012127397600001,False,0.0031922288145994834,0.0044724930287198756,0.002885027966337,0.003744317762831067,0.0,0.011429633230134056,0.0008592897964940669,0.011429633230134056,0.0,0.0,0.0,,False,False,0.0,0.0
Lovelock Valley,Lovelock Valley|WS|637.1166667,WS,637.1166666666667,0.0034929336288,0.9,1.0012127397600001,False,0.0031562168970714006,0.004436071166591524,0.0028371422258568,0.0037309828465529153,0.0,0.011359056745574895,0.0008938406206961155,0.011359056745574895,0.0,0.0,0.0,,False,False,0.0,0.0
Lovelock Valley,Lovelock Valley|WS|649.1166667,WS,649.1166666666667,0.00410385700944,0.9,1.0012127397600001,False,0.003121017863815927,0.004400481022639927,0.0027907584646449,0.0037172859109706824,0.0,0.011290689473222282,0.0009265274463257822,0.011290689473222282,0.0,0.0,0.0,,False,False,0.0,0.0
Lovelock Valley,Lovelock Valley|WS|661.1166667,WS,661.1166666666667,0.0028509763656,0.9,1.0012127397600001,False,0.0030866004695052976,0.0043657390752095725,0.0027458114347808,0.003743084686288936,0.0,0.011224435366881202,0.0009972732515081363,0.011224435366881202,0.0,0.0,0.0,,False,False,0.0,0.0
Lovelock Valley,Lovelock Valley|WS|673.1166667,WS,673.1166666666667,0.0029976659376,0.9,1.0012127397600001,False,0.003052935171212234,0.004331810482877265,0.0027022392029363,0.0037278179104015294,0.0,0.011160771862946273,0.0010255787074652293,0.011160771862946273,0.0,0.0,0.0,,False,False,0.0,0.0
Lovelock Valley,Lovelock Valley|WS|685.1166667,WS,685.1166666666667,0.0026687882616,0.9,1.0012127397600001,False,0.0030199940318627796,0.0042986601776481455,0.0026599829932402,0.003712104350942779,0.0,0.011098527998100004,0.001052121357702579,0.011098527998100004,0.0,0.0,0.0,,False,False,0.0,0.0
Lovelock Valley,Lovelock Valley|WS|697.1166667,WS,697.1166666666667,0.0021653839344,0.9,1.0012127397600001,False,0.002987750625727027,0.00426623208758347,0.002618987030753,0.0036959761124613732,0.0,0.01104230993348229,0.0010769890817083731,0.01104230993348229,0.0,0.0,0.0,,False,False,0.0,0.0
Lovelock Valley,Lovelock Valley|WS|709.1166667,WS,709.1166666666667,0.001510172748,0.9,1.0012127397600001,False,0.0029561799470099242,0.004234488431954124,0.0025791983875766,0.003679463943633292,0.0,0.010989037402075654,0.001100265556056692,0.010989037402075654,0.0,0.0,0.0,,False,False,0.0,0.0
Lovelock Valley,Lovelock Valley|WS|721.1166667,WS,721.1166666666667,-0.00473390976,0.9,1.0012127397600001,False,0.0029252583221838517,0.004203408039250216,0.0025405668330408,0.003662597262655696,0.0,0.01093213251780678,0.0011220304296148957,0.01093213251780678,0.0,0.0,0.0,,False,False,0.0,0.0
Lovelock Valley,Lovelock Valley|WS|733.1166667,WS,733.1166666666667,-0.00324881748,0.9,1.0012127397600001,False,0.0028949633265236007,0.004172990535295582,0.002503044688961,0.003645404186166558,0.0,0.010876861812497673,0.0011423594972055579,0.010876861812497673,0.0,0.0,0.0,,False,False,0.0,0.0
Lovelock Valley,Lovelock Valley|WS|745.1166667,WS,745.1166666666667,0.0013691046024,0.9,1.0012127397600001,False,0.0028652737050386657,0.0041432008394504125,0.002466586690618,0.0036279115609141074,0.0,0.010825008442821365,0.0011613248702961074,0.010825008442821365,0.0,0.0,0.0,,False,False,0.0,0.0
Lovelock Valley,Lovelock Valley|WS|757.1166667,WS,757.1166666666667,0.0035265396576,0.9,1.0012127397600001,False,0.002836169297911889,0.004114004094416849,0.0024311498538591,0.0036101449976289625,0.0,0.010785970928479386,0.0011789951437698627,0.010785970928479386,0.0,0.0,0.0,,False,False,0.0,0.0
Lovelock Valley,Lovelock Valley|WS|769.1166667,WS,769.1166666666666,0.0027223781976,0.9,1.0012127397600001,False,0.002807630970424478,0.004085402540231182,0.0023966933485195,0.003592128906579071,0.0,0.010742276524638104,0.0011954355580595711,0.010742276524638104,0.0,0.0,0.0,,False,False,0.0,0.0
Lovelock Valley,Lovelock Valley|WS|781.1166667,WS,781.1166666666666,0.0057719247528,0.9,1.0012127397600001,False,0.002779640547276833,0.004057372266750562,0.0023631783782225,0.003573886534350092,0.0,0.010712114331966529,0.0012107081561275922,0.010712114331966529,0.0,0.0,0.0,,False,False,0.0,0.0
Lovelock Valley,Lovelock Valley|WS|793.1166667,WS,793.1166666666666,0.00911510496,0.9,1.0012127397600001,False,0.002752180751155819,0.004029885996886373,0.002330568066509,0.003555440001444031,0.0,0.010679999371580314,0.001224871934935031,0.010679999371580314,0.0,0.0,0.0,,False,False,0.0,0.0
Lovelock Valley,Lovelock Valley|WS|805.1166667,WS,805.1166666666666,0.009462284352,0.9,1.0012127397600001,False,0.002725235145388899,0.004002920559296442,0.0022988273491692,0.003536810340399917,0.0,0.010640295605653344,0.0012379829912307172,0.010640295605653344,0.0,0.0,0.0,,False,False,0.0,0.0
Lovelock Valley,Lovelock Valley|WS|817.1166667,WS,817.1166666666666,0.0070842243888,0.9,1.0012127397600001,False,0.0026987880804799067,0.003976461295255909,0.0022678498084008,0.0035180175341358194,0.0,0.010594659358475256,0.0012501677257350193,0.010594659358475256,0.0,0.0,0.0,,False,False,0.0,0.0
Lovelock Valley,Lovelock Valley|WD|1.116666667,WD,1.116666666666665,0.0,0.9,1.0012127397600001,False,3.2096206875708266e-08,0.001112009744462363,1.315507770443007e-48,4.8912017726380804e-08,0.0,0.0059033632478810005,4.8912017726380804e-08,0.0059033632478810005,0.0,0.0,0.0,,False,False,0.0,0.0
Lovelock Valley,Lovelock Valley|WD|13.11666667,WD,13.116666666666665,0.0,0.9,1.0012127397600001,False,-2.3834795874262777e-05,0.001097961886110361,-0.0001020373933167,3.652824555366778e-07,0.0,0.005873074572970349,0.00010240267577223667,0.005873074572970349,0.0,0.0,0.0,,False,False,0.0,0.0
Lovelock Valley,Lovelock Valley|WD|25.11666667,WD,25.11666666666666,0.0,0.9,1.0012127397600001,False,0.00043586105602672374,0.001447289485013836,4.023542132467284e-05,0.0006408536947328781,0.0,0.00634125532464928,0.0006006182734082053,0.00634125532464928,0.0,0.0,0.0,,False,False,0.0,0.0
Lovelock Valley,Lovelock Valley|WD|37.11666667,WD,37.11666666666666,0.0,0.9,1.0012127397600001,False,0.0012651864535918496,0.0021812332392707533,0.0002408276339375706,0.0017252130820950783,0.0,0.007269577146984663,0.0014843854481575076,0.007269577146984663,0.0,0.0,0.0,,False,False,0.0,0.0
Lovelock Valley,Lovelock Valley|WD|49.11666667,WD,49.116666666666674,0.0,0.9,1.0012127397600001,False,0.002121965159670215,0.002975960706829688,0.0006366510329085586,0.0027560041060073624,0.0,0.008250393210593501,0.002119353073098804,0.008250393210593501,0.0,0.0,0.0,,False,False,0.0,0.0
Lovelock Valley,Lovelock Valley|WD|61.11666667,WD,61.116666666666674,0.0060546962472,0.9,1.0012127397600001,False,0.0029156709043742426,0.0037333303499948022,0.0011867149280203214,0.0036378170771306268,0.0,0.009285846865607659,0.0024511021491103054,0.009285846865607659,0.0,0.0,0.0,,False,False,0.0,0.0
Lovelock Valley,Lovelock Valley|WD|73.11666667,WD,73.11666666666667,0.008355000816,0.9,1.0012127397600001,False,0.003643704093002589,0.004446532784250706,0.0018405448261449044,0.004389423143403393,0.0,0.01026278228097563,0.0025488783172584887,0.01026278228097563,0.0,0.0,0.0,,False,False,0.0,0.0
Lovelock Valley,Lovelock Valley|WD|85.11666667,WD,85.11666666666667,0.0063234512088,0.9,1.0012127397600001,False,0.0043206606977802845,0.005120452277599797,0.002558152718761222,0.005046404625366061,0.0,0.011317212758774455,0.002488251906604839,0.011317212758774455,0.0,0.0,0.0,,False,False,0.0,0.0
Lovelock Valley,Lovelock Valley|WD|97.11666667,WD,97.11666666666666,0.009157042392,0.9,1.0012127397600001,False,0.004960435403667743,0.00576164099085266,0.0033113474990896126,0.005638482235886236,1.96627815854331e-05,0.0121826348988247,0.0023271347367966235,0.012162972117239266,0.0,0.0,0.0,,False,False,0.0,0.0
Lovelock Valley,Lovelock Valley|WD|109.1166667,WD,109.11666666666666,0.010699952184,0.9,1.0012127397600001,False,0.005573261228341113,0.006378764547654459,0.004081051770226831,0.006186939936074685,0.00045772131798231416,0.013040171480192835,0.002105888165847854,0.012582450162210521,0.0,0.0,0.0,,False,False,0.0,0.0
Lovelock Valley,Lovelock Valley|WD|121.1166667,WD,121.11666666666666,0.00923766504,0.9,1.0012127397600001,False,0.006166166321120074,0.006979848075587769,0.0048545736379394955,0.006706310414360684,0.0010554595654644005,0.013954833693064295,0.0018517367764211883,0.012899374127599894,0.0,0.0,0.0,,False,False,0.0,0.0
Lovelock Valley,Lovelock Valley|WD|133.1166667,WD,133.11666666666667,0.0048006862583999,0.9,1.0012127397600001,False,0.00674389893257223,0.007569201455514302,0.0056235585720624285,0.007206381478857354,0.0016629457296347824,0.014757387572036776,0.0015828229067949258,0.013094441842401994,0.0,0.0,0.0,,False,False,0.0,0.0
Lovelock Valley,Lovelock Valley|WD|145.1166667,WD,145.11666666666667,0.0046609540512,0.9,1.0012127397600001,False,0.0073096836356419375,0.008147376896196818,0.006382574823340369,0.0076937410579879266,0.00209286001055531,0.015788064685172125,0.0013111662346475574,0.013695204674616815,0.0,0.0,0.0,,False,False,0.0,0.0
Lovelock Valley,Lovelock Valley|WD|157.1166667,WD,157.11666666666667,0.0039443143871999,0.9,1.0012127397600001,False,0.007894040893305854,0.008745857479037363,0.007127929924788907,0.00820917304013737,0.0025266412771033416,0.016819699107680965,0.0010812431153484625,0.014293057830577624,0.0,0.0,0.0,,False,False,0.0,0.0
Lovelock Valley,Lovelock Valley|WD|169.1166667,WD,169.11666666666667,0.0030697810079999,0.9,1.0012127397600001,False,0.008012862039136379,0.008876669802563637,0.00782278023705446,0.008276436914185765,0.002775673415055686,0.016947422508223432,0.00045365667713130435,0.014171749093167745,0.0,0.0,0.0,,False,False,0.0,0.0
Lovelock Valley,Lovelock Valley|WD|181.1166667,WD,181.11666666666667,0.0069298209384,0.9,1.0012127397600001,False,0.0077317472055479135,0.008603321816732951,0.0074055615621589,0.00834988939580418,0.0025530680653868838,0.016949857738296315,0.0009443278336452804,0.014396789672909431,0.0,0.0,0.0,,False,False,0.0,0.0
Lovelock Valley,Lovelock Valley|WD|193.1166667,WD,193.11666666666667,0.0108909185279999,0.9,1.0012127397600001,False,0.007407641639978959,0.008283808584778755,0.0068541149647518,0.008657770524443198,0.0021304030199006587,0.01683913470608324,0.0018036555596913978,0.01470873168618258,0.0,0.0,0.0,,False,False,0.0,0.0
Lovelock Valley,Lovelock Valley|WD|205.1166667,WD,205.11666666666667,0.011939567688,0.9,1.0012127397600001,False,0.007139649964646794,0.00801820969674117,0.0064468945783344,0.008791304846716518,0.0018421987900077165,0.01661477773744691,0.0023444102683821176,0.014772578947439193,0.0,0.0,0.0,,False,False,0.0,0.0
Lovelock Valley,Lovelock Valley|WD|217.1166667,WD,217.11666666666667,0.0066807463031999,0.9,1.0012127397600001,False,0.006932804511638186,0.007811986262321583,0.0061655865204329,0.008801436612243094,0.0016357841686188332,0.01638401015437846,0.0026358500918101943,0.014748225985759625,0.0,0.0,0.0,,False,False,0.0,0.0
Lovelock Valley,Lovelock Valley|WD|229.1166667,WD,229.11666666666667,0.0069197238287999,0.9,1.0012127397600001,False,0.006773106917728361,0.007651140681671043,0.005955048944745,0.008729077455743067,0.00153598665620263,0.016247360509612757,0.0027740285109980663,0.014711373853410127,0.0,0.0,0.0,,False,False,0.0,0.0
Lovelock Valley,Lovelock Valley|WD|241.1166667,WD,241.11666666666667,0.008240600232,0.9,1.0012127397600001,False,0.0066468204375287115,0.00752261929270766,0.0058193516355083,0.00860334547742894,0.0014426635595870896,0.01608212050307419,0.00278399384192064,0.0146394569434871,0.0,0.0,0.0,,False,False,0.0,0.0
Lovelock Valley,Lovelock Valley|WD|253.1166667,WD,253.11666666666667,0.0066244649832,0.9,1.0012127397600001,False,0.006543790723657461,0.007416679414206222,0.0057447162032097,0.008444167328185762,0.0013548150984138518,0.01587292663930604,0.002699451124976062,0.014518111540892189,0.0,0.0,0.0,,False,False,0.0,0.0
Lovelock Valley,Lovelock Valley|WD|265.1166667,WD,265.1166666666667,0.00526031630688,0.9,1.0012127397600001,False,0.006457067305283996,0.007326582799015834,0.005708851889536,0.008079232548834813,0.0012718341777927125,0.01571390975491552,0.0023703806592988135,0.014442075577122808,0.0,0.0,0.0,,False,False,0.0,0.0
Lovelock Valley,Lovelock Valley|WD|277.1166667,WD,277.1166666666667,0.0021586338335999,0.9,1.0012127397600001,False,0.006381987632504275,0.007247942022693464,0.005688448481965,0.007901341623981468,0.001241816439503749,0.015532157215079119,0.0022128931420164685,0.01429034077557537,0.0,0.0,0.0,,False,False,0.0,0.0
Lovelock Valley,Lovelock Valley|WD|289.1166667,WD,289.1166666666667,-0.00457343256,0.9,1.0012127397600001,False,0.006315416041009113,0.007177750065960751,0.0056710934778605,0.007720906251017326,0.0012326299132805084,0.015469321447602137,0.0020498127731568266,0.014236691534321628,0.0,0.0,0.0,,False,False,0.0,0.0
Lovelock Valley,Lovelock Valley|WD|301.1166667,WD,301.1166666666667,-0.004450180584,0.9,1.0012127397600001,False,0.006255215129251051,0.007113901359224533,0.0056629772996229,0.007540507837941916,0.001185859141590368,0.015370888830822485,0.0018775305383190158,0.014185029689232118,0.0,0.0,0.0,,False,False,0.0,0.0
Lovelock Valley,Lovelock Valley|WD|313.1166667,WD,313.1166666666667,-0.003472519344,0.9,1.0012127397600001,False,0.006199899452411648,0.007055072333452873,0.0056610182347034,0.007362385977271546,0.0011814937031175835,0.015215801798234932,0.0017013677425681455,0.014034308095117349,0.0,0.0,0.0,,False,False,0.0,0.0
Lovelock Valley,Lovelock Valley|WD|325.1166667,WD,325.1166666666667,0.0084992016959999,0.9,1.0012127397600001,False,0.006148413022817156,0.007000208920396293,0.0056630674924643,0.007188007215762207,0.001163458448701984,0.015024867756554724,0.0015249397232979071,0.01386140930785274,0.0,0.0,0.0,,False,False,0.0,0.0
Lovelock Valley,Lovelock Valley|WD|337.1166667,WD,337.1166666666667,0.022213720368,0.9,1.0012127397600001,False,0.0060999867622222575,0.006948562673921202,0.0056676140262307,0.007018301870668119,0.0011736556476424891,0.014923444771125963,0.001350687844437419,0.013749789123483474,0.0,0.0,0.0,,False,False,0.0,0.0
Lovelock Valley,Lovelock Valley|WD|349.1166667,WD,349.1166666666667,0.021750150048,0.9,1.0012127397600001,False,0.006054046688909025,0.00689956072076968,0.0056735874801302,0.006853827491762825,0.001192309417651145,0.014895269115109425,0.0011802400116326245,0.01370295969745828,0.0,0.0,0.0,,False,False,0.0,0.0
Lovelock Valley,Lovelock Valley|WD|361.1166667,WD,361.1166666666667,0.016494925608,0.9,1.0012127397600001,False,0.006010154196526218,0.006852841868180368,0.0056802254522029,0.00669488252680851,0.001177968660570694,0.01473168477805005,0.0010146570746056103,0.013553716117479356,0.0,0.0,0.0,,False,False,0.0,0.0
Lovelock Valley,Lovelock Valley|WD|373.1166667,WD,373.1166666666667,0.00980357196,0.9,1.0012127397600001,False,0.005967966710119386,0.0068080069033457985,0.0056869831457257,0.006541585895807182,0.0011386929584232945,0.014531450339990395,0.0008546027500814816,0.0133927573815671,0.0,0.0,0.0,,False,False,0.0,0.0
Lovelock Valley,Lovelock Valley|WD|385.1166667,WD,385.1166666666667,0.008476110048,0.9,1.0012127397600001,False,0.005927211379748547,0.00676470985862279,0.0056934711899076,0.00639393302441404,0.0011271338465237307,0.01446588096225802,0.00070046183450644,0.01333874711573429,0.0,0.0,0.0,,False,False,0.0,0.0
Lovelock Valley,Lovelock Valley|WD|397.1166667,WD,397.1166666666667,0.0009868448639999,0.9,1.0012127397600001,False,0.005887667197518353,0.0067227767456413245,0.0056994123636743,0.0062518354853681405,0.0011336214210422647,0.014385578557953367,0.0005524231216938406,0.013251957136911102,0.0,0.0,0.0,,False,False,0.0,0.0
Lovelock Valley,Lovelock Valley|WD|409.1166667,WD,409.1166666666667,-0.000519854688,0.9,1.0012127397600001,False,0.005849152618135485,0.006681968814723511,0.0057046111372643,0.006115149135741587,0.001126713295936796,0.014181055591230694,0.00041053799847728684,0.013054342295293899,0.0,0.0,0.0,,False,False,0.0,0.0
Lovelock Valley,Lovelock Valley|WD|421.1166667,WD,421.1166666666667,-0.000740240328,0.9,1.0012127397600001,False,0.0058115168195764025,0.00664222305589823,0.0057089319984727,0.005983694121953412,0.0011167878009350621,0.014031041926967516,0.0002747621234807122,0.012914254126032454,0.0,0.0,0.0,,False,False,0.0,0.0
Lovelock Valley,Lovelock Valley|WD|433.1166667,WD,433.1166666666667,0.0017794589759999,0.9,1.0012127397600001,False,0.0057746334035211665,0.006603382853888454,0.0057122838642006,0.005884804708400502,0.0010812386102720393,0.01394949848188387,0.00017252084419990162,0.012868259871611831,0.0,0.0,0.0,,False,False,0.0,0.0
Lovelock Valley,Lovelock Valley|WD|445.1166667,WD,445.1166666666667,0.0074711186112,0.9,1.0012127397600001,False,0.005738395754579817,0.006565272977212641,0.0057146087522569,0.005826798617167526,0.0010114525702444102,0.01391718679627678,0.00011218986491062528,0.01290573422603237,0.0,0.0,0.0,,False,False,0.0,0.0
Lovelock Valley,Lovelock Valley|WD|457.1166667,WD,457.1166666666667,0.0073288980168,0.9,1.0012127397600001,False,0.005702713544848731,0.006527794958876692,0.0055951754669789,0.005824177002909541,0.0009978213239165755,0.013832835553947,0.0002290015359306414,0.012835014230030424,0.0,0.0,0.0,,False,False,0.0,0.0
Lovelock Valley,Lovelock Valley|WD|469.1166667,WD,469.1166666666667,0.008300551344,0.9,1.0012127397600001,False,0.00566751004251148,0.006490868793348266,0.0054737443099702,0.005823886053472535,0.000982552203320723,0.013674118395632416,0.0003501417435023352,0.012691566192311694,0.0,0.0,0.0,,False,False,0.0,0.0
Lovelock Valley,Lovelock Valley|WD|481.1166667,WD,481.1166666666667,0.009019922016,0.9,1.0012127397600001,False,0.005632719995082825,0.006454425958824398,0.005357038708545,0.005821553127577171,0.000917665795492312,0.013655305937771377,0.000464514419032171,0.012737640142279065,0.0,0.0,0.0,,False,False,0.0,0.0
Lovelock Valley,Lovelock Valley|WD|493.1166667,WD,493.1166666666667,0.00955561716,0.9,1.0012127397600001,False,0.005598287931226057,0.00641841211939585,0.0052448336893998,0.0058172016620766966,0.0008416649080637616,0.013604992243985339,0.0005723679726768963,0.012763327335921577,0.0,0.0,0.0,,False,False,0.0,0.0
Lovelock Valley,Lovelock Valley|WD|505.1166667,WD,505.1166666666667,0.008724970104,0.9,1.0012127397600001,False,0.005564166773595392,0.006382818176006555,0.0051369116054954,0.005810866276336086,0.0007577386714906141,0.01359898873432391,0.000673954670840686,0.012841250062833296,0.0,0.0,0.0,,False,False,0.0,0.0
Lovelock Valley,Lovelock Valley|WD|517.1166667,WD,517.1166666666667,0.0059520889848,0.9,1.0012127397600001,False,0.005530316687559524,0.006347598651295753,0.0050330632855391,0.005802590496398425,0.0007014358314124474,0.013533197650441186,0.0007695272108593247,0.012831761819028738,0.0,0.0,0.0,,False,False,0.0,0.0
Lovelock Valley,Lovelock Valley|WD|529.1166667,WD,529.1166666666667,0.00527747874144,0.9,1.0012127397600001,False,0.005496704112505213,0.0063126824371839375,0.004933088695566,0.005792424918843225,0.0006780037206086758,0.013541825683325166,0.0008593362232772244,0.01286382196271649,0.0,0.0,0.0,,False,False,0.0,0.0
Lovelock Valley,Lovelock Valley|WD|541.1166667,WD,541.1166666666667,0.006389586408,0.9,1.0012127397600001,False,0.00546330093739585,0.006278057027086271,0.0048367972505672,0.005780425710965124,0.0006674972747584792,0.013523067859032184,0.000943628460397924,0.012855570584273704,0.0,0.0,0.0,,False,False,0.0,0.0
Lovelock Valley,Lovelock Valley|WD|553.1166667,WD,553.1166666666667,0.00826997076,0.9,1.0012127397600001,False,0.005430083792378896,0.00624366562584136,0.0047440078772234,0.005766653372425397,0.0006396194845835095,0.013390012246658128,0.0010226454952019966,0.012750392762074618,0.0,0.0,0.0,,False,False,0.0,0.0
Lovelock Valley,Lovelock Valley|WD|565.1166667,WD,565.1166666666667,0.009771327168,0.9,1.0012127397600001,False,0.0053970334354867845,0.006209508038652483,0.0046545489019112,0.005751171703552648,0.0005789654431950881,0.013261727688167723,0.0010966228016414479,0.012682762244972636,0.0,0.0,0.0,,False,False,0.0,0.0
Lovelock Valley,Lovelock Valley|WD|577.1166667,WD,577.1166666666667,0.013927613496,0.9,1.0012127397600001,False,0.005364134218429375,0.006175576588751046,0.0045682578184399,0.005734046939470617,0.0005723407061683925,0.013142291042368167,0.001165789121030717,0.012569950336199774,0.0,0.0,0.0,,False,False,0.0,0.0
Lovelock Valley,Lovelock Valley|WD|589.1166667,WD,589.1166666666667,0.0079686491375999,0.9,1.0012127397600001,False,0.005331373619104907,0.0061418617725498325,0.0044849809754835,0.005715347019369872,0.0005651130212589785,0.01304793799038512,0.001230366043886372,0.012482824969126142,0.0,0.0,0.0,,False,False,0.0,0.0
Lovelock Valley,Lovelock Valley|WD|601.1166667,WD,601.1166666666667,0.008345734896,0.9,1.0012127397600001,False,0.005298741831063837,0.006108344364902242,0.0044045732129739,0.0056951409673017435,0.0005573446711059931,0.012994728900894212,0.0012905677543278435,0.012437384229788219,0.0,0.0,0.0,,False,False,0.0,0.0
Lovelock Valley,Lovelock Valley|WD|613.1166667,WD,613.1166666666667,0.0067486072799999,0.9,1.0012127397600001,False,0.005266231402012703,0.006075036954243865,0.0043268974688001,0.005673498366230609,0.0005490082518167565,0.012883012896446375,0.0013466008974305091,0.012334004644629618,0.0,0.0,0.0,,False,False,0.0,0.0
Lovelock Valley,Lovelock Valley|WD|625.1166667,WD,625.1166666666667,0.0066411744239999,0.9,1.0012127397600001,False,0.005233836914944506,0.006041931762203184,0.0042518243712842,0.005650488910740608,0.0005095075494489373,0.012775039688495275,0.0013986645394564083,0.012265532139046338,0.0,0.0,0.0,,False,False,0.0,0.0
Lovelock Valley,Lovelock Valley|WD|637.1166667,WD,637.1166666666667,0.008402049744,0.9,1.0012127397600001,False,0.005201554706530439,0.006008999049587083,0.0041792318285435,0.005626182026955919,0.0005060797857704291,0.012670633688918844,0.001446950198412419,0.012164553903148415,0.0,0.0,0.0,,False,False,0.0,0.0
Lovelock Valley,Lovelock Valley|WD|649.1166667,WD,649.1166666666667,0.009931688544,0.9,1.0012127397600001,False,0.00516938261827674,0.005976238607028837,0.0041090046226024,0.005603282706433161,0.00044912003268494813,0.012569629194946426,0.0014942780838307617,0.012120509162261478,0.0,0.0,0.0,,False,False,0.0,0.0
Lovelock Valley,Lovelock Valley|WD|661.1166667,WD,661.1166666666667,0.009428253432,0.9,1.0012127397600001,False,0.005137319776550405,0.005943630125343452,0.0040410340137147,0.005587585286280061,0.00039398728259956495,0.012476872432461953,0.001546551272565361,0.012082885149862388,0.0,0.0,0.0,,False,False,0.0,0.0
Lovelock Valley,Lovelock Valley|WD|673.1166667,WD,673.1166666666667,0.0057402423168,0.9,1.0012127397600001,False,0.005105366398237269,0.005911157464860728,0.0039752173585651,0.005571227800474504,0.00034059834468884583,0.012456884804078867,0.0015960104419094042,0.012116286459390021,0.0,0.0,0.0,,False,False,0.0,0.0
Lovelock Valley,Lovelock Valley|WD|685.1166667,WD,685.1166666666667,0.001970519808,0.9,1.0012127397600001,False,0.005073523619041354,0.0058788435230252584,0.0039114577447055,0.0055542470847832455,0.00028887467145115845,0.012401163796984206,0.0016427893400777459,0.012112289125533048,0.0,0.0,0.0,,False,False,0.0,0.0
Lovelock Valley,Lovelock Valley|WD|697.1166667,WD,697.1166666666667,0.0015650596079999,0.9,1.0012127397600001,False,0.005041793342038395,0.005846704108559182,0.0038496636426056,0.005536678913596563,0.0002387420772639105,0.012346508939243982,0.0016870152709909628,0.012107766861980071,0.0,0.0,0.0,,False,False,0.0,0.0
Lovelock Valley,Lovelock Valley|WD|709.1166667,WD,709.1166666666667,0.005377606212,0.9,1.0012127397600001,False,0.0050101781041270695,0.005814724921019492,0.0037897485759909,0.005518557960284564,0.00019013047166644418,0.012366263065397324,0.0017288093842936642,0.01217613259373088,0.0,0.0,0.0,,False,False,0.0,0.0
Lovelock Valley,Lovelock Valley|WD|721.1166667,WD,721.1166666666667,0.0031620573791999,0.9,1.0012127397600001,False,0.004978680958536771,0.005782878756297722,0.003731630810626,0.005499917770796507,0.00014297360751236522,0.012356272320282235,0.0017682869601705073,0.01221329871276987,0.0,0.0,0.0,,False,False,0.0,0.0
Lovelock Valley,Lovelock Valley|WD|733.1166667,WD,733.1166666666667,0.0017048683199999,0.9,1.0012127397600001,False,0.004947305371565267,0.005751168396767306,0.003675233061338,0.005480790748129465,9.720884383661528e-05,0.012274139880598469,0.0018055576867914646,0.012176931036761854,0.0,0.0,0.0,,False,False,0.0,0.0
Lovelock Valley,Lovelock Valley|WD|745.1166667,WD,745.1166666666667,0.0030647326055999,0.9,1.0012127397600001,False,0.004916055132051483,0.005719610784643312,0.0036204822168175,0.005461208145896559,5.277692307204467e-05,0.012194403266643337,0.001840725929079059,0.012141626343571292,0.0,0.0,0.0,,False,False,0.0,0.0
Lovelock Valley,Lovelock Valley|WD|757.1166667,WD,757.1166666666667,0.0023428583063999,0.9,1.0012127397600001,False,0.004884934272164615,0.005688227063943656,0.0035673090815614,0.0054412000693730535,9.621762109453761e-06,0.012116961756619367,0.0018738909878116537,0.012107339994509914,0.0,0.0,0.0,,False,False,0.0,0.0
Lovelock Valley,Lovelock Valley|WD|769.1166667,WD,769.1166666666666,0.0016360383839999,0.9,1.0012127397600001,False,0.0048539469983147265,0.0056570057374194516,0.0035155013214064478,0.005420795482780554,0.0,0.012061081741418865,0.0019052941613741064,0.012061081741418865,0.0,0.0,0.0,,False,False,0.0,0.0
Lovelock Valley,Lovelock Valley|WD|781.1166667,WD,781.1166666666666,0.0030514597847999,0.9,1.0012127397600001,False,0.004823097631086158,0.005625938310116353,0.003465135728946696,0.005400022221716615,0.0,0.012033581763607974,0.0019348864927699189,0.012033581763607974,0.0,0.0,0.0,,False,False,0.0,0.0
Lovelock Valley,Lovelock Valley|WD|793.1166667,WD,793.1166666666666,0.0058689691104,0.9,1.0012127397600001,False,0.00479239055313648,0.005595042100421048,0.003416157003199429,0.005378907009687431,0.0,0.0120129677973587,0.001962750006488002,0.0120129677973587,0.0,0.0,0.0,,False,False,0.0,0.0
Lovelock Valley,Lovelock Valley|WD|805.1166667,WD,805.1166666666666,0.0066886583015999,0.9,1.0012127397600001,False,0.0047618301642827,0.005564301101529404,0.0033685093473442913,0.005357475478116873,0.0,0.011973004699374087,0.0019889661307725816,0.011973004699374087,0.0,0.0,0.0,,False,False,0.0,0.0
Lovelock Valley,Lovelock Valley|WD|817.1166667,WD,817.1166666666666,0.0044615950392,0.9,1.0012127397600001,False,0.004731420842889992,0.0055337193041931,0.0033221398228048364,0.005335752189031244,0.0,0.01192143584410334,0.0020136123662264074,0.01192143584410334,0.0,0.0,0.0,,False,False,0.0,0.0
