Unnamed: 0,Unnamed: 1,WELL,DATE-TIME,DD-ft,WEIGHT,PLUS LABEL,Trimmed_WELL,TenChar_TAG,pif #,PEST MEASURED VALUE,MOD2OBS_Measured,MOD2OBS_Measured__PLUS,weight,time_s,drawdown_m,short,well_number,distance_mi,distance_m,certainty
,,FETH_12hr,2017-11-28 12:00:00,0.003371718,5.0,,bFETH__,bFETH__0001,l1  [bFETH__0001]37:57,bFETH__0001   +000.003      010.00000      DD_Bongo,bFETH       11/28/2017  12:00:00    +000.003,bFETH       11/28/2017  12:00:00    +000.003,5.0,4020.0,0.0010276996464,FETH,1,5.7,9173.2608,moderate
,,FETH_12hr,2017-11-29 00:00:00,0.008934429,5.0,,bFETH__,bFETH__0002,l1  [bFETH__0002]37:57,bFETH__0002   +000.009      010.00000      DD_Bongo,bFETH       11/29/2017  00:00:00    +000.009,bFETH       11/29/2017  00:00:00    +000.009,5.0,47220.0,0.0027232139592,FETH,1,5.7,9173.2608,moderate
,,FETH_12hr,2017-11-29 12:00:00,0.005739474,5.0,,bFETH__,bFETH__0003,l1  [bFETH__0003]37:57,bFETH__0003   +000.006      010.00000      DD_Bongo,bFETH       11/29/2017  12:00:00    +000.006,bFETH       11/29/2017  12:00:00    +000.006,5.0,90420.0,0.0017493916752,FETH,1,5.7,9173.2608,moderate
,,FETH_12hr,2017-11-30 00:00:00,0.001140692,5.0,,bFETH__,bFETH__0004,l1  [bFETH__0004]37:57,bFETH__0004   +000.001      010.00000      DD_Bongo,bFETH       11/30/2017  00:00:00    +000.001,bFETH       11/30/2017  00:00:00    +000.001,5.0,133620.0,0.0003476829216,FETH,1,5.7,9173.2608,moderate
,,FETH_12hr,2017-11-30 12:00:00,0.003404151,5.0,,bFETH__,bFETH__0005,l1  [bFETH__0005]37:57,bFETH__0005   +000.003      010.00000      DD_Bongo,bFETH       11/30/2017  12:00:00    +000.003,bFETH       11/30/2017  12:00:00    +000.003,5.0,176820.0,0.0010375852248,FETH,1,5.7,9173.2608,moderate
,,FETH_12hr,2017-12-01 00:00:00,0.0004390926,5.0,,bFETH__,bFETH__0006,l1  [bFETH__0006]37:57,bFETH__0006   +000.000      010.00000      DD_Bongo,bFETH       12/01/2017  00:00:00    +000.000,bFETH       12/01/2017  00:00:00    +000.000,5.0,220020.0,0.00013383542448,FETH,1,5.7,9173.2608,moderate
,,FETH_12hr,2017-12-01 12:00:00,0.003627131,5.0,,bFETH__,bFETH__0007,l1  [bFETH__0007]37:57,bFETH__0007   +000.004      010.00000      DD_Bongo,bFETH       12/01/2017  12:00:00    +000.004,bFETH       12/01/2017  12:00:00    +000.004,5.0,263220.0,0.0011055495288,FETH,1,5.7,9173.2608,moderate
,,FETH_12hr,2017-12-02 00:00:00,0.002517426,5.0,,bFETH__,bFETH__0008,l1  [bFETH__0008]37:57,bFETH__0008   +000.003      010.00000      DD_Bongo,bFETH       12/02/2017  00:00:00    +000.003,bFETH       12/02/2017  00:00:00    +000.003,5.0,306420.0,0.0007673114448,FETH,1,5.7,9173.2608,moderate
,,FETH_12hr,2017-12-02 12:00:00,0.01026437,5.0,,bFETH__,bFETH__0009,l1  [bFETH__0009]37:57,bFETH__0009   +000.010      010.00000      DD_Bongo,bFETH       12/02/2017  12:00:00    +000.010,bFETH       12/02/2017  12:00:00    +000.010,5.0,349620.0,0.003128579976,FETH,1,5.7,9173.2608,moderate
,,FETH_12hr,2017-12-03 00:00:00,0.007945311,5.0,,bFETH__,bFETH__0010,l1  [bFETH__0010]37:57,bFETH__0010   +000.008      010.00000      DD_Bongo,bFETH       12/03/2017  00:00:00    +000.008,bFETH       12/03/2017  00:00:00    +000.008,5.0,392820.0,0.0024217307928,FETH,1,5.7,9173.2608,moderate
,,FETH_12hr,2017-12-03 12:00:00,0.0135725,5.0,,bFETH__,bFETH__0011,l1  [bFETH__0011]37:57,bFETH__0011   +000.014      010.00000      DD_Bongo,bFETH       12/03/2017  12:00:00    +000.014,bFETH       12/03/2017  12:00:00    +000.014,5.0,436020.0,0.004136898,FETH,1,5.7,9173.2608,moderate
,,FETH_12hr,2017-12-04 00:00:00,0.03271996,5.0,,bFETH__,bFETH__0012,l1  [bFETH__0012]37:57,bFETH__0012   +000.033      010.00000      DD_Bongo,bFETH       12/04/2017  00:00:00    +000.033,bFETH       12/04/2017  00:00:00    +000.033,5.0,479220.0,0.009973043808,FETH,1,5.7,9173.2608,moderate
,,FETH_12hr,2017-12-04 12:00:00,0.02516113,5.0,,bFETH__,bFETH__0013,l1  [bFETH__0013]37:57,bFETH__0013   +000.025      010.00000      DD_Bongo,bFETH       12/04/2017  12:00:00    +000.025,bFETH       12/04/2017  12:00:00    +000.025,5.0,522420.0,0.007669112424,FETH,1,5.7,9173.2608,moderate
,,FETH_12hr,2017-12-05 00:00:00,0.02370094,5.0,,bFETH__,bFETH__0014,l1  [bFETH__0014]37:57,bFETH__0014   +000.024      010.00000      DD_Bongo,bFETH       12/05/2017  00:00:00    +000.024,bFETH       12/05/2017  00:00:00    +000.024,5.0,565620.0,0.007224046512,FETH,1,5.7,9173.2608,moderate
,,FETH_12hr,2017-12-05 12:00:00,0.03710594,5.0,,bFETH__,bFETH__0015,l1  [bFETH__0015]37:57,bFETH__0015   +000.037      010.00000      DD_Bongo,bFETH       12/05/2017  12:00:00    +000.037,bFETH       12/05/2017  12:00:00    +000.037,5.0,608820.0,0.011309890512,FETH,1,5.7,9173.2608,moderate
,,FETH_12hr,2017-12-06 00:00:00,0.03015345,5.0,,bFETH__,bFETH__0016,l1  [bFETH__0016]37:57,bFETH__0016   +000.030      010.00000      DD_Bongo,bFETH       12/06/2017  00:00:00    +000.030,bFETH       12/06/2017  00:00:00    +000.030,5.0,652020.0,0.00919077156,FETH,1,5.7,9173.2608,moderate
,,FETH_12hr,2017-12-06 12:00:00,0.06199966,5.0,,bFETH__,bFETH__0017,l1  [bFETH__0017]37:57,bFETH__0017   +000.062      010.00000      DD_Bongo,bFETH       12/06/2017  12:00:00    +000.062,bFETH       12/06/2017  12:00:00    +000.062,5.0,695220.0,0.018897496368,FETH,1,5.7,9173.2608,moderate
,,FETH_12hr,2017-12-07 00:00:00,0.06882837,5.0,,bFETH__,bFETH__0018,l1  [bFETH__0018]37:57,bFETH__0018   +000.069      010.00000      DD_Bongo,bFETH       12/07/2017  00:00:00    +000.069,bFETH       12/07/2017  00:00:00    +000.069,5.0,738420.0,0.020978887176,FETH,1,5.7,9173.2608,moderate
,,FETH_12hr,2017-12-07 12:00:00,0.08115076,5.0,,bFETH__,bFETH__0019,l1  [bFETH__0019]37:57,bFETH__0019   +000.081      010.00000      DD_Bongo,bFETH       12/07/2017  12:00:00    +000.081,bFETH       12/07/2017  12:00:00    +000.081,5.0,781620.0,0.024734751648,FETH,1,5.7,9173.2608,moderate
,,FETH_12hr,2017-12-08 00:00:00,0.06572142,5.0,,bFETH__,bFETH__0020,l1  [bFETH__0020]37:57,bFETH__0020   +000.066      010.00000      DD_Bongo,bFETH       12/08/2017  00:00:00    +000.066,bFETH       12/08/2017  00:00:00    +000.066,5.0,824820.0,0.020031888816,FETH,1,5.7,9173.2608,moderate
,,FETH_12hr,2017-12-08 12:00:00,0.07744178,5.0,,bFETH__,bFETH__0021,l1  [bFETH__0021]37:57,bFETH__0021   +000.077      010.00000      DD_Bongo,bFETH       12/08/2017  12:00:00    +000.077,bFETH       12/08/2017  12:00:00    +000.077,5.0,868020.0,0.023604254544,FETH,1,5.7,9173.2608,moderate
,,FETH_12hr,2017-12-09 00:00:00,0.08910381,5.0,,bFETH__,bFETH__0022,l1  [bFETH__0022]37:57,bFETH__0022   +000.089      010.00000      DD_Bongo,bFETH       12/09/2017  00:00:00    +000.089,bFETH       12/09/2017  00:00:00    +000.089,5.0,911220.0,0.027158841288,FETH,1,5.7,9173.2608,moderate
,,FETH_12hr,2017-12-09 12:00:00,0.0861352,5.0,,bFETH__,bFETH__0023,l1  [bFETH__0023]37:57,bFETH__0023   +000.086      010.00000      DD_Bongo,bFETH       12/09/2017  12:00:00    +000.086,bFETH       12/09/2017  12:00:00    +000.086,5.0,954420.0,0.02625400896,FETH,1,5.7,9173.2608,moderate
,,FETH_12hr,2017-12-10 00:00:00,0.0971032,5.0,,bFETH__,bFETH__0024,l1  [bFETH__0024]37:57,bFETH__0024   +000.097      010.00000      DD_Bongo,bFETH       12/10/2017  00:00:00    +000.097,bFETH       12/10/2017  00:00:00    +000.097,5.0,997620.0,0.02959705536,FETH,1,5.7,9173.2608,moderate
,,FETH_12hr,2017-12-10 12:00:00,0.09290674,5.0,,bFETH__,bFETH__0025,l1  [bFETH__0025]37:57,bFETH__0025   +000.093      010.00000      DD_Bongo,bFETH       12/10/2017  12:00:00    +000.093,bFETH       12/10/2017  12:00:00    +000.093,5.0,1040820.0,0.028317974352,FETH,1,5.7,9173.2608,moderate
,,FETH_12hr,2017-12-11 00:00:00,0.08495021,5.0,,bFETH__,bFETH__0026,l1  [bFETH__0026]37:57,bFETH__0026   +000.085      010.00000      DD_Bongo,bFETH       12/11/2017  00:00:00    +000.085,bFETH       12/11/2017  00:00:00    +000.085,5.0,1084020.0,0.025892824008,FETH,1,5.7,9173.2608,moderate
,,FETH_12hr,2017-12-11 12:00:00,0.09361237,5.0,,bFETH__,bFETH__0027,l1  [bFETH__0027]37:57,bFETH__0027   +000.094      010.00000      DD_Bongo,bFETH       12/11/2017  12:00:00    +000.094,bFETH       12/11/2017  12:00:00    +000.094,5.0,1127220.0,0.028533050376,FETH,1,5.7,9173.2608,moderate
,,FETH_12hr,2017-12-12 00:00:00,0.1069769,5.0,,bFETH__,bFETH__0028,l1  [bFETH__0028]37:57,bFETH__0028   +000.107      010.00000      DD_Bongo,bFETH       12/12/2017  00:00:00    +000.107,bFETH       12/12/2017  00:00:00    +000.107,5.0,1170420.0,0.03260655912,FETH,1,5.7,9173.2608,moderate
,,FETH_12hr,2017-12-12 12:00:00,0.1098409,5.0,,bFETH__,bFETH__0029,l1  [bFETH__0029]37:57,bFETH__0029   +000.110      010.00000      DD_Bongo,bFETH       12/12/2017  12:00:00    +000.110,bFETH       12/12/2017  12:00:00    +000.110,5.0,1213620.0,0.03347950632,FETH,1,5.7,9173.2608,moderate
,,FETH_12hr,2017-12-13 00:00:00,0.1142964,5.0,,bFETH__,bFETH__0030,l1  [bFETH__0030]37:57,bFETH__0030   +000.114      010.00000      DD_Bongo,bFETH       12/13/2017  00:00:00    +000.114,bFETH       12/13/2017  00:00:00    +000.114,5.0,1256820.0,0.03483754272,FETH,1,5.7,9173.2608,moderate
,,FETH_12hr,2017-12-13 12:00:00,0.103769,5.0,,bFETH__,bFETH__0031,l1  [bFETH__0031]37:57,bFETH__0031   +000.104      010.00000      DD_Bongo,bFETH       12/13/2017  12:00:00    +000.104,bFETH       12/13/2017  12:00:00    +000.104,5.0,1300020.0,0.0316287912,FETH,1,5.7,9173.2608,moderate
,,FETH_12hr,2017-12-14 00:00:00,0.1059271,5.0,,bFETH__,bFETH__0032,l1  [bFETH__0032]37:57,bFETH__0032   +000.106      010.00000      DD_Bongo,bFETH       12/14/2017  00:00:00    +000.106,bFETH       12/14/2017  00:00:00    +000.106,5.0,1343220.0,0.03228658008,FETH,1,5.7,9173.2608,moderate
,,FETH_12hr,2017-12-14 12:00:00,0.1085214,5.0,,bFETH__,bFETH__0033,l1  [bFETH__0033]37:57,bFETH__0033   +000.109      010.00000      DD_Bongo,bFETH       12/14/2017  12:00:00    +000.109,bFETH       12/14/2017  12:00:00    +000.109,5.0,1386420.0,0.03307732272,FETH,1,5.7,9173.2608,moderate
,,FETH_12hr,2017-12-15 00:00:00,0.1098756,3.0,,bFETH__,bFETH__0034,l1  [bFETH__0034]37:57,bFETH__0034   +000.110      006.00000      DD_Bongo,bFETH       12/15/2017  00:00:00    +000.110,bFETH       12/15/2017  00:00:00    +000.110,3.0,1429620.0,0.03349008288,FETH,1,5.7,9173.2608,moderate
,,FETH_12hr,2017-12-15 12:00:00,0.1081361,3.0,,bFETH__,bFETH__0035,l1  [bFETH__0035]37:57,bFETH__0035   +000.108      006.00000      DD_Bongo,bFETH       12/15/2017  12:00:00    +000.108,bFETH       12/15/2017  12:00:00    +000.108,3.0,1472820.0,0.03295988328,FETH,1,5.7,9173.2608,moderate
,,FETH_12hr,2017-12-16 00:00:00,0.1150639,3.0,,bFETH__,bFETH__0036,l1  [bFETH__0036]37:57,bFETH__0036   +000.115      006.00000      DD_Bongo,bFETH       12/16/2017  00:00:00    +000.115,bFETH       12/16/2017  00:00:00    +000.115,3.0,1516020.0,0.03507147672,FETH,1,5.7,9173.2608,moderate
,,FETH_12hr,2017-12-16 12:00:00,0.1215216,3.0,,bFETH__,bFETH__0037,l1  [bFETH__0037]37:57,bFETH__0037   +000.122      006.00000      DD_Bongo,bFETH       12/16/2017  12:00:00    +000.122,bFETH       12/16/2017  12:00:00    +000.122,3.0,1559220.0,0.03703978368,FETH,1,5.7,9173.2608,moderate
,,FETH_12hr,2017-12-17 00:00:00,0.1182276,3.0,,bFETH__,bFETH__0038,l1  [bFETH__0038]37:57,bFETH__0038   +000.118      006.00000      DD_Bongo,bFETH       12/17/2017  00:00:00    +000.118,bFETH       12/17/2017  00:00:00    +000.118,3.0,1602420.0,0.03603577248,FETH,1,5.7,9173.2608,moderate
,,FETH_12hr,2017-12-17 12:00:00,0.1072046,3.0,,bFETH__,bFETH__0039,l1  [bFETH__0039]37:57,bFETH__0039   +000.107      006.00000      DD_Bongo,bFETH       12/17/2017  12:00:00    +000.107,bFETH       12/17/2017  12:00:00    +000.107,3.0,1645620.0,0.03267596208,FETH,1,5.7,9173.2608,moderate
,,FETH_12hr,2017-12-18 00:00:00,0.09480593,3.0,,bFETH__,bFETH__0040,l1  [bFETH__0040]37:57,bFETH__0040   +000.095      006.00000      DD_Bongo,bFETH       12/18/2017  00:00:00    +000.095,bFETH       12/18/2017  00:00:00    +000.095,3.0,1688820.0,0.028896847464,FETH,1,5.7,9173.2608,moderate
,,FETH_12hr,2017-12-18 12:00:00,0.0956739,3.0,,bFETH__,bFETH__0041,l1  [bFETH__0041]37:57,bFETH__0041   +000.096      006.00000      DD_Bongo,bFETH       12/18/2017  12:00:00    +000.096,bFETH       12/18/2017  12:00:00    +000.096,3.0,1732020.0,0.02916140472,FETH,1,5.7,9173.2608,moderate
,,FETH_12hr,2017-12-19 00:00:00,0.1042989,3.0,,bFETH__,bFETH__0042,l1  [bFETH__0042]37:57,bFETH__0042   +000.104      006.00000      DD_Bongo,bFETH       12/19/2017  00:00:00    +000.104,bFETH       12/19/2017  00:00:00    +000.104,3.0,1775220.0,0.03179030472,FETH,1,5.7,9173.2608,moderate
,,FETH_12hr,2017-12-19 12:00:00,0.109507,3.0,,bFETH__,bFETH__0043,l1  [bFETH__0043]37:57,bFETH__0043   +000.110      006.00000      DD_Bongo,bFETH       12/19/2017  12:00:00    +000.110,bFETH       12/19/2017  12:00:00    +000.110,3.0,1818420.0,0.0333777336,FETH,1,5.7,9173.2608,moderate
,,FETH_12hr,2017-12-20 00:00:00,0.1092645,3.0,,bFETH__,bFETH__0044,l1  [bFETH__0044]37:57,bFETH__0044   +000.109      006.00000      DD_Bongo,bFETH       12/20/2017  00:00:00    +000.109,bFETH       12/20/2017  00:00:00    +000.109,3.0,1861620.0,0.0333038196,FETH,1,5.7,9173.2608,moderate
,,FETH_12hr,2017-12-20 12:00:00,0.112136,3.0,,bFETH__,bFETH__0045,l1  [bFETH__0045]37:57,bFETH__0045   +000.112      006.00000      DD_Bongo,bFETH       12/20/2017  12:00:00    +000.112,bFETH       12/20/2017  12:00:00    +000.112,3.0,1904820.0,0.0341790528,FETH,1,5.7,9173.2608,moderate
,,FETH_12hr,2017-12-21 00:00:00,0.11262,3.0,,bFETH__,bFETH__0046,l1  [bFETH__0046]37:57,bFETH__0046   +000.113      006.00000      DD_Bongo,bFETH       12/21/2017  00:00:00    +000.113,bFETH       12/21/2017  00:00:00    +000.113,3.0,1948020.0,0.034326576,FETH,1,5.7,9173.2608,moderate
,,FETH_12hr,2017-12-21 12:00:00,0.117849,3.0,,bFETH__,bFETH__0047,l1  [bFETH__0047]37:57,bFETH__0047   +000.118      006.00000      DD_Bongo,bFETH       12/21/2017  12:00:00    +000.118,bFETH       12/21/2017  12:00:00    +000.118,3.0,1991220.0,0.0359203752,FETH,1,5.7,9173.2608,moderate
,,FETH_12hr,2017-12-22 00:00:00,0.1150457,3.0,,bFETH__,bFETH__0048,l1  [bFETH__0048]37:57,bFETH__0048   +000.115      006.00000      DD_Bongo,bFETH       12/22/2017  00:00:00    +000.115,bFETH       12/22/2017  00:00:00    +000.115,3.0,2034420.0,0.03506592936,FETH,1,5.7,9173.2608,moderate
,,FETH_12hr,2017-12-22 12:00:00,0.1017185,3.0,,bFETH__,bFETH__0049,l1  [bFETH__0049]37:57,bFETH__0049   +000.102      006.00000      DD_Bongo,bFETH       12/22/2017  12:00:00    +000.102,bFETH       12/22/2017  12:00:00    +000.102,3.0,2077620.0,0.0310037988,FETH,1,5.7,9173.2608,moderate
,,AIRP_12hr,2017-11-28 12:00:00,0.0,7.0,,bAIRP__,bAIRP__0001,l1  [bAIRP__0001]37:57,bAIRP__0001   +000.000      014.00000      DD_Bongo,bAIRP       11/28/2017  12:00:00    +000.000,bAIRP       11/28/2017  12:00:00    +000.000,7.0,4020.0,0.0,AIRP,3,6.0,9656.064,low
,,AIRP_12hr,2017-11-29 00:00:00,1.999399999999974e-05,7.0,,bAIRP__,bAIRP__0002,l1  [bAIRP__0002]37:57,bAIRP__0002   +000.000      014.00000      DD_Bongo,bAIRP       11/29/2017  00:00:00    +000.000,bAIRP       11/29/2017  00:00:00    +000.000,7.0,47220.0,6.094171199999922e-06,AIRP,3,6.0,9656.064,low
,,AIRP_12hr,2017-11-29 12:00:00,0.0039905874,7.0,,bAIRP__,bAIRP__0003,l1  [bAIRP__0003]37:57,bAIRP__0003   +000.004      014.00000      DD_Bongo,bAIRP       11/29/2017  12:00:00    +000.004,bAIRP       11/29/2017  12:00:00    +000.004,7.0,90420.0,0.00121633103952,AIRP,3,6.0,9656.064,low
,,AIRP_12hr,2017-11-30 00:00:00,0.004482269,7.0,,bAIRP__,bAIRP__0004,l1  [bAIRP__0004]37:57,bAIRP__0004   +000.004      014.00000      DD_Bongo,bAIRP       11/30/2017  00:00:00    +000.004,bAIRP       11/30/2017  00:00:00    +000.004,7.0,133620.0,0.0013661955912,AIRP,3,6.0,9656.064,low
,,AIRP_12hr,2017-11-30 12:00:00,0.0038540905,7.0,,bAIRP__,bAIRP__0005,l1  [bAIRP__0005]37:57,bAIRP__0005   +000.004      014.00000      DD_Bongo,bAIRP       11/30/2017  12:00:00    +000.004,bAIRP       11/30/2017  12:00:00    +000.004,7.0,176820.0,0.0011747267844,AIRP,3,6.0,9656.064,low
,,AIRP_12hr,2017-12-01 00:00:00,0.005217167,7.0,,bAIRP__,bAIRP__0006,l1  [bAIRP__0006]37:57,bAIRP__0006   +000.005      014.00000      DD_Bongo,bAIRP       12/01/2017  00:00:00    +000.005,bAIRP       12/01/2017  00:00:00    +000.005,7.0,220020.0,0.0015901925016,AIRP,3,6.0,9656.064,low
,,AIRP_12hr,2017-12-01 12:00:00,0.00312170775,7.0,,bAIRP__,bAIRP__0007,l1  [bAIRP__0007]37:57,bAIRP__0007   +000.003      014.00000      DD_Bongo,bAIRP       12/01/2017  12:00:00    +000.003,bAIRP       12/01/2017  12:00:00    +000.003,7.0,263220.0,0.0009514965222,AIRP,3,6.0,9656.064,low
,,AIRP_12hr,2017-12-02 00:00:00,0.005303416,7.0,,bAIRP__,bAIRP__0008,l1  [bAIRP__0008]37:57,bAIRP__0008   +000.005      014.00000      DD_Bongo,bAIRP       12/02/2017  00:00:00    +000.005,bAIRP       12/02/2017  00:00:00    +000.005,7.0,306420.0,0.0016164811968,AIRP,3,6.0,9656.064,low
,,AIRP_12hr,2017-12-02 12:00:00,0.008227228,7.0,,bAIRP__,bAIRP__0009,l1  [bAIRP__0009]37:57,bAIRP__0009   +000.008      014.00000      DD_Bongo,bAIRP       12/02/2017  12:00:00    +000.008,bAIRP       12/02/2017  12:00:00    +000.008,7.0,349620.0,0.0025076590944,AIRP,3,6.0,9656.064,low
,,AIRP_12hr,2017-12-03 00:00:00,0.007349377,7.0,,bAIRP__,bAIRP__0010,l1  [bAIRP__0010]37:57,bAIRP__0010   +000.007      014.00000      DD_Bongo,bAIRP       12/03/2017  00:00:00    +000.007,bAIRP       12/03/2017  00:00:00    +000.007,7.0,392820.0,0.0022400901096,AIRP,3,6.0,9656.064,low
,,AIRP_12hr,2017-12-03 12:00:00,0.006511349,7.0,,bAIRP__,bAIRP__0011,l1  [bAIRP__0011]37:57,bAIRP__0011   +000.007      014.00000      DD_Bongo,bAIRP       12/03/2017  12:00:00    +000.007,bAIRP       12/03/2017  12:00:00    +000.007,7.0,436020.0,0.0019846591752,AIRP,3,6.0,9656.064,low
,,AIRP_12hr,2017-12-04 00:00:00,0.006110659,7.0,,bAIRP__,bAIRP__0012,l1  [bAIRP__0012]37:57,bAIRP__0012   +000.006      014.00000      DD_Bongo,bAIRP       12/04/2017  00:00:00    +000.006,bAIRP       12/04/2017  00:00:00    +000.006,7.0,479220.0,0.0018625288632,AIRP,3,6.0,9656.064,low
,,AIRP_12hr,2017-12-04 12:00:00,0.009685328,7.0,,bAIRP__,bAIRP__0013,l1  [bAIRP__0013]37:57,bAIRP__0013   +000.010      014.00000      DD_Bongo,bAIRP       12/04/2017  12:00:00    +000.010,bAIRP       12/04/2017  12:00:00    +000.010,7.0,522420.0,0.0029520879744,AIRP,3,6.0,9656.064,low
,,AIRP_12hr,2017-12-05 00:00:00,0.007038656,7.0,,bAIRP__,bAIRP__0014,l1  [bAIRP__0014]37:57,bAIRP__0014   +000.007      014.00000      DD_Bongo,bAIRP       12/05/2017  00:00:00    +000.007,bAIRP       12/05/2017  00:00:00    +000.007,7.0,565620.0,0.0021453823488,AIRP,3,6.0,9656.064,low
,,AIRP_12hr,2017-12-05 12:00:00,0.010642773,7.0,,bAIRP__,bAIRP__0015,l1  [bAIRP__0015]37:57,bAIRP__0015   +000.011      014.00000      DD_Bongo,bAIRP       12/05/2017  12:00:00    +000.011,bAIRP       12/05/2017  12:00:00    +000.011,7.0,608820.0,0.0032439172104,AIRP,3,6.0,9656.064,low
,,AIRP_12hr,2017-12-06 00:00:00,0.011659094,7.0,,bAIRP__,bAIRP__0016,l1  [bAIRP__0016]37:57,bAIRP__0016   +000.012      014.00000      DD_Bongo,bAIRP       12/06/2017  00:00:00    +000.012,bAIRP       12/06/2017  00:00:00    +000.012,7.0,652020.0,0.0035536918512,AIRP,3,6.0,9656.064,low
,,AIRP_12hr,2017-12-06 12:00:00,0.012290537,7.0,,bAIRP__,bAIRP__0017,l1  [bAIRP__0017]37:57,bAIRP__0017   +000.012      014.00000      DD_Bongo,bAIRP       12/06/2017  12:00:00    +000.012,bAIRP       12/06/2017  12:00:00    +000.012,7.0,695220.0,0.0037461556776,AIRP,3,6.0,9656.064,low
,,AIRP_12hr,2017-12-07 00:00:00,0.014955006,7.0,,bAIRP__,bAIRP__0018,l1  [bAIRP__0018]37:57,bAIRP__0018   +000.015      014.00000      DD_Bongo,bAIRP       12/07/2017  00:00:00    +000.015,bAIRP       12/07/2017  00:00:00    +000.015,7.0,738420.0,0.0045582858288,AIRP,3,6.0,9656.064,low
,,AIRP_12hr,2017-12-07 12:00:00,0.0160711259999999,7.0,,bAIRP__,bAIRP__0019,l1  [bAIRP__0019]37:57,bAIRP__0019   +000.016      014.00000      DD_Bongo,bAIRP       12/07/2017  12:00:00    +000.016,bAIRP       12/07/2017  12:00:00    +000.016,7.0,781620.0,0.0048984792048,AIRP,3,6.0,9656.064,low
,,AIRP_12hr,2017-12-08 00:00:00,0.017677906,7.0,,bAIRP__,bAIRP__0020,l1  [bAIRP__0020]37:57,bAIRP__0020   +000.018      014.00000      DD_Bongo,bAIRP       12/08/2017  00:00:00    +000.018,bAIRP       12/08/2017  00:00:00    +000.018,7.0,824820.0,0.0053882257488,AIRP,3,6.0,9656.064,low
,,AIRP_12hr,2017-12-08 12:00:00,0.021621596,7.0,,bAIRP__,bAIRP__0021,l1  [bAIRP__0021]37:57,bAIRP__0021   +000.022      014.00000      DD_Bongo,bAIRP       12/08/2017  12:00:00    +000.022,bAIRP       12/08/2017  12:00:00    +000.022,7.0,868020.0,0.0065902624608,AIRP,3,6.0,9656.064,low
,,AIRP_12hr,2017-12-09 00:00:00,0.023334546,7.0,,bAIRP__,bAIRP__0022,l1  [bAIRP__0022]37:57,bAIRP__0022   +000.023      014.00000      DD_Bongo,bAIRP       12/09/2017  00:00:00    +000.023,bAIRP       12/09/2017  00:00:00    +000.023,7.0,911220.0,0.0071123696208,AIRP,3,6.0,9656.064,low
,,AIRP_12hr,2017-12-09 12:00:00,0.026895376,7.0,,bAIRP__,bAIRP__0023,l1  [bAIRP__0023]37:57,bAIRP__0023   +000.027      014.00000      DD_Bongo,bAIRP       12/09/2017  12:00:00    +000.027,bAIRP       12/09/2017  12:00:00    +000.027,7.0,954420.0,0.0081977106048,AIRP,3,6.0,9656.064,low
,,AIRP_12hr,2017-12-10 00:00:00,0.029228276,7.0,,bAIRP__,bAIRP__0024,l1  [bAIRP__0024]37:57,bAIRP__0024   +000.029      014.00000      DD_Bongo,bAIRP       12/10/2017  00:00:00    +000.029,bAIRP       12/10/2017  00:00:00    +000.029,7.0,997620.0,0.0089087785248,AIRP,3,6.0,9656.064,low
,,AIRP_12hr,2017-12-10 12:00:00,0.029114096,7.0,,bAIRP__,bAIRP__0025,l1  [bAIRP__0025]37:57,bAIRP__0025   +000.029      014.00000      DD_Bongo,bAIRP       12/10/2017  12:00:00    +000.029,bAIRP       12/10/2017  12:00:00    +000.029,7.0,1040820.0,0.0088739764608,AIRP,3,6.0,9656.064,low
,,AIRP_12hr,2017-12-11 00:00:00,0.031749636,7.0,,bAIRP__,bAIRP__0026,l1  [bAIRP__0026]37:57,bAIRP__0026   +000.032      014.00000      DD_Bongo,bAIRP       12/11/2017  00:00:00    +000.032,bAIRP       12/11/2017  00:00:00    +000.032,7.0,1084020.0,0.0096772890527999,AIRP,3,6.0,9656.064,low
,,AIRP_12hr,2017-12-11 12:00:00,0.032056276,7.0,,bAIRP__,bAIRP__0027,l1  [bAIRP__0027]37:57,bAIRP__0027   +000.032      014.00000      DD_Bongo,bAIRP       12/11/2017  12:00:00    +000.032,bAIRP       12/11/2017  12:00:00    +000.032,7.0,1127220.0,0.0097707529248,AIRP,3,6.0,9656.064,low
,,AIRP_12hr,2017-12-12 00:00:00,0.0344972859999999,7.0,,bAIRP__,bAIRP__0028,l1  [bAIRP__0028]37:57,bAIRP__0028   +000.034      014.00000      DD_Bongo,bAIRP       12/12/2017  00:00:00    +000.034,bAIRP       12/12/2017  00:00:00    +000.034,7.0,1170420.0,0.0105147727728,AIRP,3,6.0,9656.064,low
,,AIRP_12hr,2017-12-12 12:00:00,0.035228466,7.0,,bAIRP__,bAIRP__0029,l1  [bAIRP__0029]37:57,bAIRP__0029   +000.035      014.00000      DD_Bongo,bAIRP       12/12/2017  12:00:00    +000.035,bAIRP       12/12/2017  12:00:00    +000.035,7.0,1213620.0,0.0107376364368,AIRP,3,6.0,9656.064,low
,,AIRP_12hr,2017-12-13 00:00:00,0.036658456,7.0,,bAIRP__,bAIRP__0030,l1  [bAIRP__0030]37:57,bAIRP__0030   +000.037      014.00000      DD_Bongo,bAIRP       12/13/2017  00:00:00    +000.037,bAIRP       12/13/2017  00:00:00    +000.037,7.0,1256820.0,0.0111734973888,AIRP,3,6.0,9656.064,low
,,AIRP_12hr,2017-12-13 12:00:00,0.0357937559999999,7.0,,bAIRP__,bAIRP__0031,l1  [bAIRP__0031]37:57,bAIRP__0031   +000.036      014.00000      DD_Bongo,bAIRP       12/13/2017  12:00:00    +000.036,bAIRP       12/13/2017  12:00:00    +000.036,7.0,1300020.0,0.0109099368288,AIRP,3,6.0,9656.064,low
,,AIRP_12hr,2017-12-14 00:00:00,0.0383797559999999,7.0,,bAIRP__,bAIRP__0032,l1  [bAIRP__0032]37:57,bAIRP__0032   +000.038      014.00000      DD_Bongo,bAIRP       12/14/2017  00:00:00    +000.038,bAIRP       12/14/2017  00:00:00    +000.038,7.0,1343220.0,0.0116981496288,AIRP,3,6.0,9656.064,low
,,AIRP_12hr,2017-12-14 12:00:00,0.038852116,7.0,,bAIRP__,bAIRP__0033,l1  [bAIRP__0033]37:57,bAIRP__0033   +000.039      014.00000      DD_Bongo,bAIRP       12/14/2017  12:00:00    +000.039,bAIRP       12/14/2017  12:00:00    +000.039,7.0,1386420.0,0.0118421249568,AIRP,3,6.0,9656.064,low
,,AIRP_12hr,2017-12-15 00:00:00,0.040737156,7.0,,bAIRP__,bAIRP__0034,l1  [bAIRP__0034]37:57,bAIRP__0034   +000.041      014.00000      DD_Bongo,bAIRP       12/15/2017  00:00:00    +000.041,bAIRP       12/15/2017  00:00:00    +000.041,7.0,1429620.0,0.0124166851488,AIRP,3,6.0,9656.064,low
,,AIRP_12hr,2017-12-15 12:00:00,0.0415969859999999,7.0,,bAIRP__,bAIRP__0035,l1  [bAIRP__0035]37:57,bAIRP__0035   +000.042      014.00000      DD_Bongo,bAIRP       12/15/2017  12:00:00    +000.042,bAIRP       12/15/2017  12:00:00    +000.042,7.0,1472820.0,0.0126787613328,AIRP,3,6.0,9656.064,low
,,AIRP_12hr,2017-12-16 00:00:00,0.041186886,7.0,,bAIRP__,bAIRP__0036,l1  [bAIRP__0036]37:57,bAIRP__0036   +000.041      014.00000      DD_Bongo,bAIRP       12/16/2017  00:00:00    +000.041,bAIRP       12/16/2017  00:00:00    +000.041,7.0,1516020.0,0.0125537628528,AIRP,3,6.0,9656.064,low
,,AIRP_12hr,2017-12-16 12:00:00,0.043434096,7.0,,bAIRP__,bAIRP__0037,l1  [bAIRP__0037]37:57,bAIRP__0037   +000.043      014.00000      DD_Bongo,bAIRP       12/16/2017  12:00:00    +000.043,bAIRP       12/16/2017  12:00:00    +000.043,7.0,1559220.0,0.0132387124608,AIRP,3,6.0,9656.064,low
,,AIRP_12hr,2017-12-17 00:00:00,0.045151606,7.0,,bAIRP__,bAIRP__0038,l1  [bAIRP__0038]37:57,bAIRP__0038   +000.045      014.00000      DD_Bongo,bAIRP       12/17/2017  00:00:00    +000.045,bAIRP       12/17/2017  00:00:00    +000.045,7.0,1602420.0,0.0137622095088,AIRP,3,6.0,9656.064,low
,,AIRP_12hr,2017-12-17 12:00:00,0.044024706,7.0,,bAIRP__,bAIRP__0039,l1  [bAIRP__0039]37:57,bAIRP__0039   +000.044      014.00000      DD_Bongo,bAIRP       12/17/2017  12:00:00    +000.044,bAIRP       12/17/2017  12:00:00    +000.044,7.0,1645620.0,0.0134187303888,AIRP,3,6.0,9656.064,low
,,AIRP_12hr,2017-12-18 00:00:00,0.045276066,7.0,,bAIRP__,bAIRP__0040,l1  [bAIRP__0040]37:57,bAIRP__0040   +000.045      014.00000      DD_Bongo,bAIRP       12/18/2017  00:00:00    +000.045,bAIRP       12/18/2017  00:00:00    +000.045,7.0,1688820.0,0.0138001449167999,AIRP,3,6.0,9656.064,low
,,AIRP_12hr,2017-12-18 12:00:00,0.0468426459999999,7.0,,bAIRP__,bAIRP__0041,l1  [bAIRP__0041]37:57,bAIRP__0041   +000.047      014.00000      DD_Bongo,bAIRP       12/18/2017  12:00:00    +000.047,bAIRP       12/18/2017  12:00:00    +000.047,7.0,1732020.0,0.0142776385008,AIRP,3,6.0,9656.064,low
,,AIRP_12hr,2017-12-19 00:00:00,0.044800856,3.0,,bAIRP__,bAIRP__0042,l1  [bAIRP__0042]37:57,bAIRP__0042   +000.045      006.00000      DD_Bongo,bAIRP       12/19/2017  00:00:00    +000.045,bAIRP       12/19/2017  00:00:00    +000.045,3.0,1775220.0,0.0136553009088,AIRP,3,6.0,9656.064,low
,,AIRP_12hr,2017-12-19 12:00:00,0.045878716,3.0,,bAIRP__,bAIRP__0043,l1  [bAIRP__0043]37:57,bAIRP__0043   +000.046      006.00000      DD_Bongo,bAIRP       12/19/2017  12:00:00    +000.046,bAIRP       12/19/2017  12:00:00    +000.046,3.0,1818420.0,0.0139838326368,AIRP,3,6.0,9656.064,low
,,AIRP_12hr,2017-12-20 00:00:00,0.0418434559999999,3.0,,bAIRP__,bAIRP__0044,l1  [bAIRP__0044]37:57,bAIRP__0044   +000.042      006.00000      DD_Bongo,bAIRP       12/20/2017  00:00:00    +000.042,bAIRP       12/20/2017  00:00:00    +000.042,3.0,1861620.0,0.0127538853887999,AIRP,3,6.0,9656.064,low
,,AIRP_12hr,2017-12-20 12:00:00,0.042723746,3.0,,bAIRP__,bAIRP__0045,l1  [bAIRP__0045]37:57,bAIRP__0045   +000.043      006.00000      DD_Bongo,bAIRP       12/20/2017  12:00:00    +000.043,bAIRP       12/20/2017  12:00:00    +000.043,3.0,1904820.0,0.0130221977808,AIRP,3,6.0,9656.064,low
,,AIRP_12hr,2017-12-21 00:00:00,0.0404843359999999,3.0,,bAIRP__,bAIRP__0046,l1  [bAIRP__0046]37:57,bAIRP__0046   +000.040      006.00000      DD_Bongo,bAIRP       12/21/2017  00:00:00    +000.040,bAIRP       12/21/2017  00:00:00    +000.040,3.0,1948020.0,0.0123396256128,AIRP,3,6.0,9656.064,low
,,AIRP_12hr,2017-12-21 12:00:00,0.040383126,3.0,,bAIRP__,bAIRP__0047,l1  [bAIRP__0047]37:57,bAIRP__0047   +000.040      006.00000      DD_Bongo,bAIRP       12/21/2017  12:00:00    +000.040,bAIRP       12/21/2017  12:00:00    +000.040,3.0,1991220.0,0.0123087768048,AIRP,3,6.0,9656.064,low
,,AIRP_12hr,2017-12-22 00:00:00,0.041116096,3.0,,bAIRP__,bAIRP__0048,l1  [bAIRP__0048]37:57,bAIRP__0048   +000.041      006.00000      DD_Bongo,bAIRP       12/22/2017  00:00:00    +000.041,bAIRP       12/22/2017  00:00:00    +000.041,3.0,2034420.0,0.0125321860608,AIRP,3,6.0,9656.064,low
,,AIRP_12hr,2017-12-22 12:00:00,0.0418623459999999,3.0,,bAIRP__,bAIRP__0049,l1  [bAIRP__0049]37:57,bAIRP__0049   +000.042      006.00000      DD_Bongo,bAIRP       12/22/2017  12:00:00    +000.042,bAIRP       12/22/2017  12:00:00    +000.042,3.0,2077620.0,0.0127596430608,AIRP,3,6.0,9656.064,low
,,AIRP_12hr,2017-12-23 00:00:00,0.043063076,3.0,,bAIRP__,bAIRP__0050,l1  [bAIRP__0050]37:57,bAIRP__0050   +000.043      006.00000      DD_Bongo,bAIRP       12/23/2017  00:00:00    +000.043,bAIRP       12/23/2017  00:00:00    +000.043,3.0,2120820.0,0.0131256255648,AIRP,3,6.0,9656.064,low
,,AIRP_12hr,2017-12-23 12:00:00,0.041894266,3.0,,bAIRP__,bAIRP__0051,l1  [bAIRP__0051]37:57,bAIRP__0051   +000.042      006.00000      DD_Bongo,bAIRP       12/23/2017  12:00:00    +000.042,bAIRP       12/23/2017  12:00:00    +000.042,3.0,2164020.0,0.0127693722768,AIRP,3,6.0,9656.064,low
,,AIRP_12hr,2017-12-24 00:00:00,0.0410223559999999,3.0,,bAIRP__,bAIRP__0052,l1  [bAIRP__0052]37:57,bAIRP__0052   +000.041      006.00000      DD_Bongo,bAIRP       12/24/2017  00:00:00    +000.041,bAIRP       12/24/2017  00:00:00    +000.041,3.0,2207220.0,0.0125036141088,AIRP,3,6.0,9656.064,low
,,AIRP_12hr,2017-12-24 12:00:00,0.0443565859999999,3.0,,bAIRP__,bAIRP__0053,l1  [bAIRP__0053]37:57,bAIRP__0053   +000.044      006.00000      DD_Bongo,bAIRP       12/24/2017  12:00:00    +000.044,bAIRP       12/24/2017  12:00:00    +000.044,3.0,2250420.0,0.0135198874128,AIRP,3,6.0,9656.064,low
,,AIRP_12hr,2017-12-25 00:00:00,0.0412191259999999,3.0,,bAIRP__,bAIRP__0054,l1  [bAIRP__0054]37:57,bAIRP__0054   +000.041      006.00000      DD_Bongo,bAIRP       12/25/2017  00:00:00    +000.041,bAIRP       12/25/2017  00:00:00    +000.041,3.0,2293620.0,0.0125635896047999,AIRP,3,6.0,9656.064,low
,,AIRP_12hr,2017-12-25 12:00:00,0.0412449259999999,3.0,,bAIRP__,bAIRP__0055,l1  [bAIRP__0055]37:57,bAIRP__0055   +000.041      006.00000      DD_Bongo,bAIRP       12/25/2017  12:00:00    +000.041,bAIRP       12/25/2017  12:00:00    +000.041,3.0,2336820.0,0.0125714534447999,AIRP,3,6.0,9656.064,low
,,AIRP_12hr,2017-12-26 00:00:00,0.042271576,3.0,,bAIRP__,bAIRP__0056,l1  [bAIRP__0056]37:57,bAIRP__0056   +000.042      006.00000      DD_Bongo,bAIRP       12/26/2017  00:00:00    +000.042,bAIRP       12/26/2017  00:00:00    +000.042,3.0,2380020.0,0.0128843763648,AIRP,3,6.0,9656.064,low
,,AIRP_12hr,2017-12-26 12:00:00,0.041945376,3.0,,bAIRP__,bAIRP__0057,l1  [bAIRP__0057]37:57,bAIRP__0057   +000.042      006.00000      DD_Bongo,bAIRP       12/26/2017  12:00:00    +000.042,bAIRP       12/26/2017  12:00:00    +000.042,3.0,2423220.0,0.0127849506048,AIRP,3,6.0,9656.064,low
,,AIRP_12hr,2017-12-27 00:00:00,0.041164156,3.0,,bAIRP__,bAIRP__0058,l1  [bAIRP__0058]37:57,bAIRP__0058   +000.041      006.00000      DD_Bongo,bAIRP       12/27/2017  00:00:00    +000.041,bAIRP       12/27/2017  00:00:00    +000.041,3.0,2466420.0,0.0125468347488,AIRP,3,6.0,9656.064,low
,,AIRP_12hr,2017-12-27 12:00:00,0.0420976459999999,3.0,,bAIRP__,bAIRP__0059,l1  [bAIRP__0059]37:57,bAIRP__0059   +000.042      006.00000      DD_Bongo,bAIRP       12/27/2017  12:00:00    +000.042,bAIRP       12/27/2017  12:00:00    +000.042,3.0,2509620.0,0.0128313625008,AIRP,3,6.0,9656.064,low
,,AIRP_12hr,2017-12-28 00:00:00,0.0412577759999999,3.0,,bAIRP__,bAIRP__0060,l1  [bAIRP__0060]37:57,bAIRP__0060   +000.041      006.00000      DD_Bongo,bAIRP       12/28/2017  00:00:00    +000.041,bAIRP       12/28/2017  00:00:00    +000.041,3.0,2552820.0,0.0125753701247999,AIRP,3,6.0,9656.064,low
,,AIRP_12hr,2017-12-28 12:00:00,0.040948116,3.0,,bAIRP__,bAIRP__0061,l1  [bAIRP__0061]37:57,bAIRP__0061   +000.041      006.00000      DD_Bongo,bAIRP       12/28/2017  12:00:00    +000.041,bAIRP       12/28/2017  12:00:00    +000.041,3.0,2596020.0,0.0124809857568,AIRP,3,6.0,9656.064,low
,,AIRP_12hr,2017-12-29 00:00:00,0.042484096,3.0,,bAIRP__,bAIRP__0062,l1  [bAIRP__0062]37:57,bAIRP__0062   +000.042      006.00000      DD_Bongo,bAIRP       12/29/2017  00:00:00    +000.042,bAIRP       12/29/2017  00:00:00    +000.042,3.0,2639220.0,0.0129491524608,AIRP,3,6.0,9656.064,low
,,AIRP_12hr,2017-12-29 12:00:00,0.042053346,3.0,,bAIRP__,bAIRP__0063,l1  [bAIRP__0063]37:57,bAIRP__0063   +000.042      006.00000      DD_Bongo,bAIRP       12/29/2017  12:00:00    +000.042,bAIRP       12/29/2017  12:00:00    +000.042,3.0,2682420.0,0.0128178598608,AIRP,3,6.0,9656.064,low
,,AIRP_12hr,2017-12-30 00:00:00,0.042508646,3.0,,bAIRP__,bAIRP__0064,l1  [bAIRP__0064]37:57,bAIRP__0064   +000.043      006.00000      DD_Bongo,bAIRP       12/30/2017  00:00:00    +000.043,bAIRP       12/30/2017  00:00:00    +000.043,3.0,2725620.0,0.0129566353008,AIRP,3,6.0,9656.064,low
,,AIRP_12hr,2017-12-30 12:00:00,0.0397803459999999,3.0,,bAIRP__,bAIRP__0065,l1  [bAIRP__0065]37:57,bAIRP__0065   +000.040      006.00000      DD_Bongo,bAIRP       12/30/2017  12:00:00    +000.040,bAIRP       12/30/2017  12:00:00    +000.040,3.0,2768820.0,0.0121250494608,AIRP,3,6.0,9656.064,low
,,AIRP_12hr,2017-12-31 00:00:00,0.0441714059999999,3.0,,bAIRP__,bAIRP__0066,l1  [bAIRP__0066]37:57,bAIRP__0066   +000.044      006.00000      DD_Bongo,bAIRP       12/31/2017  00:00:00    +000.044,bAIRP       12/31/2017  00:00:00    +000.044,3.0,2812020.0,0.0134634445488,AIRP,3,6.0,9656.064,low
,,AIRP_12hr,2017-12-31 12:00:00,0.041323766,3.0,,bAIRP__,bAIRP__0067,l1  [bAIRP__0067]37:57,bAIRP__0067   +000.041      006.00000      DD_Bongo,bAIRP       12/31/2017  12:00:00    +000.041,bAIRP       12/31/2017  12:00:00    +000.041,3.0,2855220.0,0.0125954838768,AIRP,3,6.0,9656.064,low
,,AIRP_12hr,2018-01-01 00:00:00,0.042739596,3.0,,bAIRP__,bAIRP__0068,l1  [bAIRP__0068]37:57,bAIRP__0068   +000.043      006.00000      DD_Bongo,bAIRP       01/01/2018  00:00:00    +000.043,bAIRP       01/01/2018  00:00:00    +000.043,3.0,2898420.0,0.0130270288608,AIRP,3,6.0,9656.064,low
,,AIRP_12hr,2018-01-01 12:00:00,0.044570886,3.0,,bAIRP__,bAIRP__0069,l1  [bAIRP__0069]37:57,bAIRP__0069   +000.045      006.00000      DD_Bongo,bAIRP       01/01/2018  12:00:00    +000.045,bAIRP       01/01/2018  12:00:00    +000.045,3.0,2941620.0,0.0135852060528,AIRP,3,6.0,9656.064,low
,,MOIR_12hr,2017-11-28 12:00:00,0.0,3.0,,bMOIR__,bMOIR__0001,l1  [bMOIR__0001]37:57,bMOIR__0001   +000.000      006.00000      DD_Bongo,bMOIR       11/28/2017  12:00:00    +000.000,bMOIR       11/28/2017  12:00:00    +000.000,3.0,4020.0,0.0,MOIR,4,5.0,8046.72,moderate
,,MOIR_12hr,2017-11-29 00:00:00,0.004387389,3.0,,bMOIR__,bMOIR__0002,l1  [bMOIR__0002]37:57,bMOIR__0002   +000.004      006.00000      DD_Bongo,bMOIR       11/29/2017  00:00:00    +000.004,bMOIR       11/29/2017  00:00:00    +000.004,3.0,47220.0,0.0013372761672,MOIR,4,5.0,8046.72,moderate
,,MOIR_12hr,2017-11-29 12:00:00,0.010953231,3.0,,bMOIR__,bMOIR__0003,l1  [bMOIR__0003]37:57,bMOIR__0003   +000.011      006.00000      DD_Bongo,bMOIR       11/29/2017  12:00:00    +000.011,bMOIR       11/29/2017  12:00:00    +000.011,3.0,90420.0,0.0033385448088,MOIR,4,5.0,8046.72,moderate
,,MOIR_12hr,2017-11-30 00:00:00,0.007250821,3.0,,bMOIR__,bMOIR__0004,l1  [bMOIR__0004]37:57,bMOIR__0004   +000.007      006.00000      DD_Bongo,bMOIR       11/30/2017  00:00:00    +000.007,bMOIR       11/30/2017  00:00:00    +000.007,3.0,133620.0,0.0022100502408,MOIR,4,5.0,8046.72,moderate
,,MOIR_12hr,2017-11-30 12:00:00,0.015838702,3.0,,bMOIR__,bMOIR__0005,l1  [bMOIR__0005]37:57,bMOIR__0005   +000.016      006.00000      DD_Bongo,bMOIR       11/30/2017  12:00:00    +000.016,bMOIR       11/30/2017  12:00:00    +000.016,3.0,176820.0,0.0048276363696,MOIR,4,5.0,8046.72,moderate
,,MOIR_12hr,2017-12-01 00:00:00,0.017603392,3.0,,bMOIR__,bMOIR__0006,l1  [bMOIR__0006]37:57,bMOIR__0006   +000.018      006.00000      DD_Bongo,bMOIR       12/01/2017  00:00:00    +000.018,bMOIR       12/01/2017  00:00:00    +000.018,3.0,220020.0,0.0053655138816,MOIR,4,5.0,8046.72,moderate
,,MOIR_12hr,2017-12-01 12:00:00,0.024212132,3.0,,bMOIR__,bMOIR__0007,l1  [bMOIR__0007]37:57,bMOIR__0007   +000.024      006.00000      DD_Bongo,bMOIR       12/01/2017  12:00:00    +000.024,bMOIR       12/01/2017  12:00:00    +000.024,3.0,263220.0,0.0073798578336,MOIR,4,5.0,8046.72,moderate
,,MOIR_12hr,2017-12-02 00:00:00,0.029240232,3.0,,bMOIR__,bMOIR__0008,l1  [bMOIR__0008]37:57,bMOIR__0008   +000.029      006.00000      DD_Bongo,bMOIR       12/02/2017  00:00:00    +000.029,bMOIR       12/02/2017  00:00:00    +000.029,3.0,306420.0,0.0089124227136,MOIR,4,5.0,8046.72,moderate
,,MOIR_12hr,2017-12-02 12:00:00,0.038628142,3.0,,bMOIR__,bMOIR__0009,l1  [bMOIR__0009]37:57,bMOIR__0009   +000.039      006.00000      DD_Bongo,bMOIR       12/02/2017  12:00:00    +000.039,bMOIR       12/02/2017  12:00:00    +000.039,3.0,349620.0,0.0117738576815999,MOIR,4,5.0,8046.72,moderate
,,MOIR_12hr,2017-12-03 00:00:00,0.044696012,3.0,,bMOIR__,bMOIR__0010,l1  [bMOIR__0010]37:57,bMOIR__0010   +000.045      006.00000      DD_Bongo,bMOIR       12/03/2017  00:00:00    +000.045,bMOIR       12/03/2017  00:00:00    +000.045,3.0,392820.0,0.0136233444576,MOIR,4,5.0,8046.72,moderate
,,MOIR_12hr,2017-12-03 12:00:00,0.061030492,3.0,,bMOIR__,bMOIR__0011,l1  [bMOIR__0011]37:57,bMOIR__0011   +000.061      006.00000      DD_Bongo,bMOIR       12/03/2017  12:00:00    +000.061,bMOIR       12/03/2017  12:00:00    +000.061,3.0,436020.0,0.0186020939616,MOIR,4,5.0,8046.72,moderate
,,MOIR_12hr,2017-12-04 00:00:00,0.0740239219999999,3.0,,bMOIR__,bMOIR__0012,l1  [bMOIR__0012]37:57,bMOIR__0012   +000.074      006.00000      DD_Bongo,bMOIR       12/04/2017  00:00:00    +000.074,bMOIR       12/04/2017  00:00:00    +000.074,3.0,479220.0,0.0225624914256,MOIR,4,5.0,8046.72,moderate
,,MOIR_12hr,2017-12-04 12:00:00,0.087030872,3.0,,bMOIR__,bMOIR__0013,l1  [bMOIR__0013]37:57,bMOIR__0013   +000.087      006.00000      DD_Bongo,bMOIR       12/04/2017  12:00:00    +000.087,bMOIR       12/04/2017  12:00:00    +000.087,3.0,522420.0,0.0265270097856,MOIR,4,5.0,8046.72,moderate
,,MOIR_12hr,2017-12-05 00:00:00,0.091006322,3.0,,bMOIR__,bMOIR__0014,l1  [bMOIR__0014]37:57,bMOIR__0014   +000.091      006.00000      DD_Bongo,bMOIR       12/05/2017  00:00:00    +000.091,bMOIR       12/05/2017  00:00:00    +000.091,3.0,565620.0,0.0277387269456,MOIR,4,5.0,8046.72,moderate
,,MOIR_12hr,2017-12-05 12:00:00,0.111587662,3.0,,bMOIR__,bMOIR__0015,l1  [bMOIR__0015]37:57,bMOIR__0015   +000.112      006.00000      DD_Bongo,bMOIR       12/05/2017  12:00:00    +000.112,bMOIR       12/05/2017  12:00:00    +000.112,3.0,608820.0,0.0340119193776,MOIR,4,5.0,8046.72,moderate
,,MOIR_12hr,2017-12-06 00:00:00,0.125434362,3.0,,bMOIR__,bMOIR__0016,l1  [bMOIR__0016]37:57,bMOIR__0016   +000.125      006.00000      DD_Bongo,bMOIR       12/06/2017  00:00:00    +000.125,bMOIR       12/06/2017  00:00:00    +000.125,3.0,652020.0,0.0382323935376,MOIR,4,5.0,8046.72,moderate
,,MOIR_12hr,2017-12-06 12:00:00,0.137166962,3.0,,bMOIR__,bMOIR__0017,l1  [bMOIR__0017]37:57,bMOIR__0017   +000.137      006.00000      DD_Bongo,bMOIR       12/06/2017  12:00:00    +000.137,bMOIR       12/06/2017  12:00:00    +000.137,3.0,695220.0,0.0418084900176,MOIR,4,5.0,8046.72,moderate
,,MOIR_12hr,2017-12-07 00:00:00,0.142775462,3.0,,bMOIR__,bMOIR__0018,l1  [bMOIR__0018]37:57,bMOIR__0018   +000.143      006.00000      DD_Bongo,bMOIR       12/07/2017  00:00:00    +000.143,bMOIR       12/07/2017  00:00:00    +000.143,3.0,738420.0,0.0435179608176,MOIR,4,5.0,8046.72,moderate
,,MOIR_12hr,2017-12-07 12:00:00,0.156724262,3.0,,bMOIR__,bMOIR__0019,l1  [bMOIR__0019]37:57,bMOIR__0019   +000.157      006.00000      DD_Bongo,bMOIR       12/07/2017  12:00:00    +000.157,bMOIR       12/07/2017  12:00:00    +000.157,3.0,781620.0,0.0477695550576,MOIR,4,5.0,8046.72,moderate
,,MOIR_12hr,2017-12-08 00:00:00,0.150453662,3.0,,bMOIR__,bMOIR__0020,l1  [bMOIR__0020]37:57,bMOIR__0020   +000.150      006.00000      DD_Bongo,bMOIR       12/08/2017  00:00:00    +000.150,bMOIR       12/08/2017  00:00:00    +000.150,3.0,824820.0,0.0458582761776,MOIR,4,5.0,8046.72,moderate
,,MOIR_12hr,2017-12-08 12:00:00,0.153756062,3.0,,bMOIR__,bMOIR__0021,l1  [bMOIR__0021]37:57,bMOIR__0021   +000.154      006.00000      DD_Bongo,bMOIR       12/08/2017  12:00:00    +000.154,bMOIR       12/08/2017  12:00:00    +000.154,3.0,868020.0,0.0468648476976,MOIR,4,5.0,8046.72,moderate
,,MOIR_12hr,2017-12-09 00:00:00,0.157875862,3.0,,bMOIR__,bMOIR__0022,l1  [bMOIR__0022]37:57,bMOIR__0022   +000.158      006.00000      DD_Bongo,bMOIR       12/09/2017  00:00:00    +000.158,bMOIR       12/09/2017  00:00:00    +000.158,3.0,911220.0,0.0481205627376,MOIR,4,5.0,8046.72,moderate
,,MOIR_12hr,2017-12-09 12:00:00,0.159099662,3.0,,bMOIR__,bMOIR__0023,l1  [bMOIR__0023]37:57,bMOIR__0023   +000.159      006.00000      DD_Bongo,bMOIR       12/09/2017  12:00:00    +000.159,bMOIR       12/09/2017  12:00:00    +000.159,3.0,954420.0,0.0484935769776,MOIR,4,5.0,8046.72,moderate
,,MOIR_12hr,2017-12-10 00:00:00,0.163145462,3.0,,bMOIR__,bMOIR__0024,l1  [bMOIR__0024]37:57,bMOIR__0024   +000.163      006.00000      DD_Bongo,bMOIR       12/10/2017  00:00:00    +000.163,bMOIR       12/10/2017  00:00:00    +000.163,3.0,997620.0,0.0497267368176,MOIR,4,5.0,8046.72,moderate
,,MOIR_12hr,2017-12-10 12:00:00,0.161630862,3.0,,bMOIR__,bMOIR__0025,l1  [bMOIR__0025]37:57,bMOIR__0025   +000.162      006.00000      DD_Bongo,bMOIR       12/10/2017  12:00:00    +000.162,bMOIR       12/10/2017  12:00:00    +000.162,3.0,1040820.0,0.0492650867376,MOIR,4,5.0,8046.72,moderate
,,MOIR_12hr,2017-12-11 00:00:00,0.1604879619999999,3.0,,bMOIR__,bMOIR__0026,l1  [bMOIR__0026]37:57,bMOIR__0026   +000.160      006.00000      DD_Bongo,bMOIR       12/11/2017  00:00:00    +000.160,bMOIR       12/11/2017  00:00:00    +000.160,3.0,1084020.0,0.0489167308176,MOIR,4,5.0,8046.72,moderate
,,MOIR_12hr,2017-12-11 12:00:00,0.162170762,2.0,,bMOIR__,bMOIR__0027,l1  [bMOIR__0027]37:57,bMOIR__0027   +000.162      004.00000      DD_Bongo,bMOIR       12/11/2017  12:00:00    +000.162,bMOIR       12/11/2017  12:00:00    +000.162,2.0,1127220.0,0.0494296482576,MOIR,4,5.0,8046.72,moderate
,,MOIR_12hr,2017-12-12 00:00:00,0.167557162,2.0,,bMOIR__,bMOIR__0028,l1  [bMOIR__0028]37:57,bMOIR__0028   +000.168      004.00000      DD_Bongo,bMOIR       12/12/2017  00:00:00    +000.168,bMOIR       12/12/2017  00:00:00    +000.168,2.0,1170420.0,0.0510714229776,MOIR,4,5.0,8046.72,moderate
,,MOIR_12hr,2017-12-12 12:00:00,0.160664062,2.0,,bMOIR__,bMOIR__0029,l1  [bMOIR__0029]37:57,bMOIR__0029   +000.161      004.00000      DD_Bongo,bMOIR       12/12/2017  12:00:00    +000.161,bMOIR       12/12/2017  12:00:00    +000.161,2.0,1213620.0,0.0489704060976,MOIR,4,5.0,8046.72,moderate
,,MOIR_12hr,2017-12-13 00:00:00,0.154373262,2.0,,bMOIR__,bMOIR__0030,l1  [bMOIR__0030]37:57,bMOIR__0030   +000.154      004.00000      DD_Bongo,bMOIR       12/13/2017  00:00:00    +000.154,bMOIR       12/13/2017  00:00:00    +000.154,2.0,1256820.0,0.0470529702576,MOIR,4,5.0,8046.72,moderate
,,MOIR_12hr,2017-12-13 12:00:00,0.145782962,2.0,,bMOIR__,bMOIR__0031,l1  [bMOIR__0031]37:57,bMOIR__0031   +000.146      004.00000      DD_Bongo,bMOIR       12/13/2017  12:00:00    +000.146,bMOIR       12/13/2017  12:00:00    +000.146,2.0,1300020.0,0.0444346468175999,MOIR,4,5.0,8046.72,moderate
,,MOIR_12hr,2017-12-14 00:00:00,0.147901662,2.0,,bMOIR__,bMOIR__0032,l1  [bMOIR__0032]37:57,bMOIR__0032   +000.148      004.00000      DD_Bongo,bMOIR       12/14/2017  00:00:00    +000.148,bMOIR       12/14/2017  00:00:00    +000.148,2.0,1343220.0,0.0450804265776,MOIR,4,5.0,8046.72,moderate
,,MOIR_12hr,2017-12-14 12:00:00,0.141508262,2.0,,bMOIR__,bMOIR__0033,l1  [bMOIR__0033]37:57,bMOIR__0033   +000.142      004.00000      DD_Bongo,bMOIR       12/14/2017  12:00:00    +000.142,bMOIR       12/14/2017  12:00:00    +000.142,2.0,1386420.0,0.0431317182576,MOIR,4,5.0,8046.72,moderate
,,MOIR_12hr,2017-12-15 00:00:00,0.144680662,2.0,,bMOIR__,bMOIR__0034,l1  [bMOIR__0034]37:57,bMOIR__0034   +000.145      004.00000      DD_Bongo,bMOIR       12/15/2017  00:00:00    +000.145,bMOIR       12/15/2017  00:00:00    +000.145,2.0,1429620.0,0.0440986657776,MOIR,4,5.0,8046.72,moderate
,,MOIR_12hr,2017-12-15 12:00:00,0.134538862,2.0,,bMOIR__,bMOIR__0035,l1  [bMOIR__0035]37:57,bMOIR__0035   +000.135      004.00000      DD_Bongo,bMOIR       12/15/2017  12:00:00    +000.135,bMOIR       12/15/2017  12:00:00    +000.135,2.0,1472820.0,0.0410074451376,MOIR,4,5.0,8046.72,moderate
,,MOIR_12hr,2017-12-16 00:00:00,0.139985462,2.0,,bMOIR__,bMOIR__0036,l1  [bMOIR__0036]37:57,bMOIR__0036   +000.140      004.00000      DD_Bongo,bMOIR       12/16/2017  00:00:00    +000.140,bMOIR       12/16/2017  00:00:00    +000.140,2.0,1516020.0,0.0426675688176,MOIR,4,5.0,8046.72,moderate
,,MOIR_12hr,2017-12-16 12:00:00,0.135373362,2.0,,bMOIR__,bMOIR__0037,l1  [bMOIR__0037]37:57,bMOIR__0037   +000.135      004.00000      DD_Bongo,bMOIR       12/16/2017  12:00:00    +000.135,bMOIR       12/16/2017  12:00:00    +000.135,2.0,1559220.0,0.0412618007376,MOIR,4,5.0,8046.72,moderate
,,MOIR_12hr,2017-12-17 00:00:00,0.128378562,2.0,,bMOIR__,bMOIR__0038,l1  [bMOIR__0038]37:57,bMOIR__0038   +000.128      004.00000      DD_Bongo,bMOIR       12/17/2017  00:00:00    +000.128,bMOIR       12/17/2017  00:00:00    +000.128,2.0,1602420.0,0.0391297856976,MOIR,4,5.0,8046.72,moderate
,,MOIR_12hr,2017-12-17 12:00:00,0.125406462,2.0,,bMOIR__,bMOIR__0039,l1  [bMOIR__0039]37:57,bMOIR__0039   +000.125      004.00000      DD_Bongo,bMOIR       12/17/2017  12:00:00    +000.125,bMOIR       12/17/2017  12:00:00    +000.125,2.0,1645620.0,0.0382238896176,MOIR,4,5.0,8046.72,moderate
,,MOIR_12hr,2017-12-18 00:00:00,0.125112962,2.0,,bMOIR__,bMOIR__0040,l1  [bMOIR__0040]37:57,bMOIR__0040   +000.125      004.00000      DD_Bongo,bMOIR       12/18/2017  00:00:00    +000.125,bMOIR       12/18/2017  00:00:00    +000.125,2.0,1688820.0,0.0381344308176,MOIR,4,5.0,8046.72,moderate
,,MOIR_12hr,2017-12-18 12:00:00,0.128372762,2.0,,bMOIR__,bMOIR__0041,l1  [bMOIR__0041]37:57,bMOIR__0041   +000.128      004.00000      DD_Bongo,bMOIR       12/18/2017  12:00:00    +000.128,bMOIR       12/18/2017  12:00:00    +000.128,2.0,1732020.0,0.0391280178576,MOIR,4,5.0,8046.72,moderate
,,MOIR_12hr,2017-12-19 00:00:00,0.133452762,2.0,,bMOIR__,bMOIR__0042,l1  [bMOIR__0042]37:57,bMOIR__0042   +000.133      004.00000      DD_Bongo,bMOIR       12/19/2017  00:00:00    +000.133,bMOIR       12/19/2017  00:00:00    +000.133,2.0,1775220.0,0.0406764018576,MOIR,4,5.0,8046.72,moderate
,,MOIR_12hr,2017-12-19 12:00:00,0.135089462,2.0,,bMOIR__,bMOIR__0043,l1  [bMOIR__0043]37:57,bMOIR__0043   +000.135      004.00000      DD_Bongo,bMOIR       12/19/2017  12:00:00    +000.135,bMOIR       12/19/2017  12:00:00    +000.135,2.0,1818420.0,0.0411752680176,MOIR,4,5.0,8046.72,moderate
,,MOIR_12hr,2017-12-20 00:00:00,0.141327062,2.0,,bMOIR__,bMOIR__0044,l1  [bMOIR__0044]37:57,bMOIR__0044   +000.141      004.00000      DD_Bongo,bMOIR       12/20/2017  00:00:00    +000.141,bMOIR       12/20/2017  00:00:00    +000.141,2.0,1861620.0,0.0430764884976,MOIR,4,5.0,8046.72,moderate
,,MOIR_12hr,2017-12-20 12:00:00,0.140508662,2.0,,bMOIR__,bMOIR__0045,l1  [bMOIR__0045]37:57,bMOIR__0045   +000.141      004.00000      DD_Bongo,bMOIR       12/20/2017  12:00:00    +000.141,bMOIR       12/20/2017  12:00:00    +000.141,2.0,1904820.0,0.0428270401776,MOIR,4,5.0,8046.72,moderate
,,MOIR_12hr,2017-12-21 00:00:00,0.133653062,2.0,,bMOIR__,bMOIR__0046,l1  [bMOIR__0046]37:57,bMOIR__0046   +000.134      004.00000      DD_Bongo,bMOIR       12/21/2017  00:00:00    +000.134,bMOIR       12/21/2017  00:00:00    +000.134,2.0,1948020.0,0.0407374532976,MOIR,4,5.0,8046.72,moderate
,,MOIR_12hr,2017-12-21 12:00:00,0.131082962,2.0,,bMOIR__,bMOIR__0047,l1  [bMOIR__0047]37:57,bMOIR__0047   +000.131      004.00000      DD_Bongo,bMOIR       12/21/2017  12:00:00    +000.131,bMOIR       12/21/2017  12:00:00    +000.131,2.0,1991220.0,0.0399540868176,MOIR,4,5.0,8046.72,moderate
,,MOIR_12hr,2017-12-22 00:00:00,0.1229367619999999,2.0,,bMOIR__,bMOIR__0048,l1  [bMOIR__0048]37:57,bMOIR__0048   +000.123      004.00000      DD_Bongo,bMOIR       12/22/2017  00:00:00    +000.123,bMOIR       12/22/2017  00:00:00    +000.123,2.0,2034420.0,0.0374711250576,MOIR,4,5.0,8046.72,moderate
,,MOIR_12hr,2017-12-22 12:00:00,0.113747062,2.0,,bMOIR__,bMOIR__0049,l1  [bMOIR__0049]37:57,bMOIR__0049   +000.114      004.00000      DD_Bongo,bMOIR       12/22/2017  12:00:00    +000.114,bMOIR       12/22/2017  12:00:00    +000.114,2.0,2077620.0,0.0346701044976,MOIR,4,5.0,8046.72,moderate
,,MD_12hr,2017-11-28 12:00:00,0.0,1.0,,bMD____,bMD____0001,l1  [bMD____0001]37:57,bMD____0001   +000.000      002.00000      DD_Bongo,bMD__       11/28/2017  12:00:00    +000.000,bMD__       11/28/2017  12:00:00    +000.000,1.0,4020.0,0.0,MD,7,4.8,7724.8512,low
,,MD_12hr,2017-11-29 00:00:00,0.02430297,1.0,,bMD____,bMD____0002,l1  [bMD____0002]37:57,bMD____0002   +000.024      002.00000      DD_Bongo,bMD__       11/29/2017  00:00:00    +000.024,bMD__       11/29/2017  00:00:00    +000.024,1.0,47220.0,0.007407545256,MD,7,4.8,7724.8512,low
,,MD_12hr,2017-11-29 12:00:00,0.09776131,1.0,,bMD____,bMD____0003,l1  [bMD____0003]37:57,bMD____0003   +000.098      002.00000      DD_Bongo,bMD__       11/29/2017  12:00:00    +000.098,bMD__       11/29/2017  12:00:00    +000.098,1.0,90420.0,0.029797647288,MD,7,4.8,7724.8512,low
,,MD_12hr,2017-11-30 00:00:00,0.1363459,1.0,,bMD____,bMD____0004,l1  [bMD____0004]37:57,bMD____0004   +000.136      002.00000      DD_Bongo,bMD__       11/30/2017  00:00:00    +000.136,bMD__       11/30/2017  00:00:00    +000.136,1.0,133620.0,0.04155823032,MD,7,4.8,7724.8512,low
,,MD_12hr,2017-11-30 12:00:00,0.068687069,1.0,,bMD____,bMD____0005,l1  [bMD____0005]37:57,bMD____0005   +000.069      002.00000      DD_Bongo,bMD__       11/30/2017  12:00:00    +000.069,bMD__       11/30/2017  12:00:00    +000.069,1.0,176820.0,0.0209358186312,MD,7,4.8,7724.8512,low
,,MD_12hr,2017-12-01 00:00:00,0.09317103,1.0,,bMD____,bMD____0006,l1  [bMD____0006]37:57,bMD____0006   +000.093      002.00000      DD_Bongo,bMD__       12/01/2017  00:00:00    +000.093,bMD__       12/01/2017  00:00:00    +000.093,1.0,220020.0,0.028398529944,MD,7,4.8,7724.8512,low
,,MD_12hr,2017-12-01 12:00:00,0.10979671,1.0,,bMD____,bMD____0007,l1  [bMD____0007]37:57,bMD____0007   +000.110      002.00000      DD_Bongo,bMD__       12/01/2017  12:00:00    +000.110,bMD__       12/01/2017  12:00:00    +000.110,1.0,263220.0,0.033466037208,MD,7,4.8,7724.8512,low
,,MD_12hr,2017-12-02 00:00:00,0.065495187,1.0,,bMD____,bMD____0008,l1  [bMD____0008]37:57,bMD____0008   +000.065      002.00000      DD_Bongo,bMD__       12/02/2017  00:00:00    +000.065,bMD__       12/02/2017  00:00:00    +000.065,1.0,306420.0,0.0199629329976,MD,7,4.8,7724.8512,low
,,MD_12hr,2017-12-02 12:00:00,0.04839179,1.0,,bMD____,bMD____0009,l1  [bMD____0009]37:57,bMD____0009   +000.048      002.00000      DD_Bongo,bMD__       12/02/2017  12:00:00    +000.048,bMD__       12/02/2017  12:00:00    +000.048,1.0,349620.0,0.014749817592,MD,7,4.8,7724.8512,low
,,MD_12hr,2017-12-03 00:00:00,0.06362919,1.0,,bMD____,bMD____0010,l1  [bMD____0010]37:57,bMD____0010   +000.064      002.00000      DD_Bongo,bMD__       12/03/2017  00:00:00    +000.064,bMD__       12/03/2017  00:00:00    +000.064,1.0,392820.0,0.019394177112,MD,7,4.8,7724.8512,low
,,MD_12hr,2017-12-03 12:00:00,0.0910968,1.0,,bMD____,bMD____0011,l1  [bMD____0011]37:57,bMD____0011   +000.091      002.00000      DD_Bongo,bMD__       12/03/2017  12:00:00    +000.091,bMD__       12/03/2017  12:00:00    +000.091,1.0,436020.0,0.02776630464,MD,7,4.8,7724.8512,low
,,MD_12hr,2017-12-04 00:00:00,0.103003,1.0,,bMD____,bMD____0012,l1  [bMD____0012]37:57,bMD____0012   +000.103      002.00000      DD_Bongo,bMD__       12/04/2017  00:00:00    +000.103,bMD__       12/04/2017  00:00:00    +000.103,1.0,479220.0,0.0313953144,MD,7,4.8,7724.8512,low
,,MD_12hr,2017-12-04 12:00:00,0.06254342,1.0,,bMD____,bMD____0013,l1  [bMD____0013]37:57,bMD____0013   +000.063      002.00000      DD_Bongo,bMD__       12/04/2017  12:00:00    +000.063,bMD__       12/04/2017  12:00:00    +000.063,1.0,522420.0,0.019063234416,MD,7,4.8,7724.8512,low
,,MD_12hr,2017-12-05 00:00:00,0.06053265,1.0,,bMD____,bMD____0014,l1  [bMD____0014]37:57,bMD____0014   +000.061      002.00000      DD_Bongo,bMD__       12/05/2017  00:00:00    +000.061,bMD__       12/05/2017  00:00:00    +000.061,1.0,565620.0,0.01845035172,MD,7,4.8,7724.8512,low
,,MD_12hr,2017-12-05 12:00:00,0.081949435,1.0,,bMD____,bMD____0015,l1  [bMD____0015]37:57,bMD____0015   +000.082      002.00000      DD_Bongo,bMD__       12/05/2017  12:00:00    +000.082,bMD__       12/05/2017  12:00:00    +000.082,1.0,608820.0,0.024978187788,MD,7,4.8,7724.8512,low
,,MD_12hr,2017-12-06 00:00:00,0.11880353,1.0,,bMD____,bMD____0016,l1  [bMD____0016]37:57,bMD____0016   +000.119      002.00000      DD_Bongo,bMD__       12/06/2017  00:00:00    +000.119,bMD__       12/06/2017  00:00:00    +000.119,1.0,652020.0,0.036211315944,MD,7,4.8,7724.8512,low
,,MD_12hr,2017-12-06 12:00:00,0.13409809,1.0,,bMD____,bMD____0017,l1  [bMD____0017]37:57,bMD____0017   +000.134      002.00000      DD_Bongo,bMD__       12/06/2017  12:00:00    +000.134,bMD__       12/06/2017  12:00:00    +000.134,1.0,695220.0,0.040873097832,MD,7,4.8,7724.8512,low
,,MD_12hr,2017-12-07 00:00:00,0.081990213,1.0,,bMD____,bMD____0018,l1  [bMD____0018]37:57,bMD____0018   +000.082      002.00000      DD_Bongo,bMD__       12/07/2017  00:00:00    +000.082,bMD__       12/07/2017  00:00:00    +000.082,1.0,738420.0,0.0249906169224,MD,7,4.8,7724.8512,low
,,MD_12hr,2017-12-07 12:00:00,0.07099592,1.0,,bMD____,bMD____0019,l1  [bMD____0019]37:57,bMD____0019   +000.071      002.00000      DD_Bongo,bMD__       12/07/2017  12:00:00    +000.071,bMD__       12/07/2017  12:00:00    +000.071,1.0,781620.0,0.021639556416,MD,7,4.8,7724.8512,low
,,MD_12hr,2017-12-08 00:00:00,0.05900509,1.0,,bMD____,bMD____0020,l1  [bMD____0020]37:57,bMD____0020   +000.059      002.00000      DD_Bongo,bMD__       12/08/2017  00:00:00    +000.059,bMD__       12/08/2017  00:00:00    +000.059,1.0,824820.0,0.017984751432,MD,7,4.8,7724.8512,low
,,MD_12hr,2017-12-08 12:00:00,0.0494718,1.0,,bMD____,bMD____0021,l1  [bMD____0021]37:57,bMD____0021   +000.049      002.00000      DD_Bongo,bMD__       12/08/2017  12:00:00    +000.049,bMD__       12/08/2017  12:00:00    +000.049,1.0,868020.0,0.01507900464,MD,7,4.8,7724.8512,low
,,MD_12hr,2017-12-09 00:00:00,0.0523759,1.0,,bMD____,bMD____0022,l1  [bMD____0022]37:57,bMD____0022   +000.052      002.00000      DD_Bongo,bMD__       12/09/2017  00:00:00    +000.052,bMD__       12/09/2017  00:00:00    +000.052,1.0,911220.0,0.01596417432,MD,7,4.8,7724.8512,low
,,MD_12hr,2017-12-09 12:00:00,0.067067674,1.0,,bMD____,bMD____0023,l1  [bMD____0023]37:57,bMD____0023   +000.067      002.00000      DD_Bongo,bMD__       12/09/2017  12:00:00    +000.067,bMD__       12/09/2017  12:00:00    +000.067,1.0,954420.0,0.0204422270352,MD,7,4.8,7724.8512,low
,,MD_12hr,2017-12-10 00:00:00,0.05647651,1.0,,bMD____,bMD____0024,l1  [bMD____0024]37:57,bMD____0024   +000.056      002.00000      DD_Bongo,bMD__       12/10/2017  00:00:00    +000.056,bMD__       12/10/2017  00:00:00    +000.056,1.0,997620.0,0.017214040248,MD,7,4.8,7724.8512,low
,,MD_12hr,2017-12-10 12:00:00,0.09150084,1.0,,bMD____,bMD____0025,l1  [bMD____0025]37:57,bMD____0025   +000.092      002.00000      DD_Bongo,bMD__       12/10/2017  12:00:00    +000.092,bMD__       12/10/2017  12:00:00    +000.092,1.0,1040820.0,0.027889456032,MD,7,4.8,7724.8512,low
,,MD_12hr,2017-12-11 00:00:00,0.12965607,1.0,,bMD____,bMD____0026,l1  [bMD____0026]37:57,bMD____0026   +000.130      002.00000      DD_Bongo,bMD__       12/11/2017  00:00:00    +000.130,bMD__       12/11/2017  00:00:00    +000.130,1.0,1084020.0,0.039519170136,MD,7,4.8,7724.8512,low
,,MD_12hr,2017-12-11 12:00:00,0.12877183,1.0,,bMD____,bMD____0027,l1  [bMD____0027]37:57,bMD____0027   +000.129      002.00000      DD_Bongo,bMD__       12/11/2017  12:00:00    +000.129,bMD__       12/11/2017  12:00:00    +000.129,1.0,1127220.0,0.039249653784,MD,7,4.8,7724.8512,low
,,MD_12hr,2017-12-12 00:00:00,0.081250355,1.0,,bMD____,bMD____0028,l1  [bMD____0028]37:57,bMD____0028   +000.081      002.00000      DD_Bongo,bMD__       12/12/2017  00:00:00    +000.081,bMD__       12/12/2017  00:00:00    +000.081,1.0,1170420.0,0.024765108204,MD,7,4.8,7724.8512,low
,,MD_12hr,2017-12-12 12:00:00,0.073327178,1.0,,bMD____,bMD____0029,l1  [bMD____0029]37:57,bMD____0029   +000.073      002.00000      DD_Bongo,bMD__       12/12/2017  12:00:00    +000.073,bMD__       12/12/2017  12:00:00    +000.073,1.0,1213620.0,0.0223501238544,MD,7,4.8,7724.8512,low
,,MD_12hr,2017-12-13 00:00:00,0.10658388,1.0,,bMD____,bMD____0030,l1  [bMD____0030]37:57,bMD____0030   +000.107      002.00000      DD_Bongo,bMD__       12/13/2017  00:00:00    +000.107,bMD__       12/13/2017  00:00:00    +000.107,1.0,1256820.0,0.032486766624,MD,7,4.8,7724.8512,low
,,MD_12hr,2017-12-13 12:00:00,0.0375313,1.0,,bMD____,bMD____0031,l1  [bMD____0031]37:57,bMD____0031   +000.038      002.00000      DD_Bongo,bMD__       12/13/2017  12:00:00    +000.038,bMD__       12/13/2017  12:00:00    +000.038,1.0,1300020.0,0.01143954024,MD,7,4.8,7724.8512,low
,,MD_12hr,2017-12-14 00:00:00,-0.0293802599999999,1.0,,bMD____,bMD____0032,l1  [bMD____0032]37:57,bMD____0032   -000.029      002.00000      DD_Bongo,bMD__       12/14/2017  00:00:00    -000.029,bMD__       12/14/2017  00:00:00    -000.029,1.0,1343220.0,-0.0089551032479999,MD,7,4.8,7724.8512,low
,,MD_12hr,2017-12-14 12:00:00,0.02762998,1.0,,bMD____,bMD____0033,l1  [bMD____0033]37:57,bMD____0033   +000.028      002.00000      DD_Bongo,bMD__       12/14/2017  12:00:00    +000.028,bMD__       12/14/2017  12:00:00    +000.028,1.0,1386420.0,0.008421617904,MD,7,4.8,7724.8512,low
,,MD_12hr,2017-12-15 00:00:00,0.12439068,1.0,,bMD____,bMD____0034,l1  [bMD____0034]37:57,bMD____0034   +000.124      002.00000      DD_Bongo,bMD__       12/15/2017  00:00:00    +000.124,bMD__       12/15/2017  00:00:00    +000.124,1.0,1429620.0,0.037914279264,MD,7,4.8,7724.8512,low
,,MD_12hr,2017-12-15 12:00:00,0.11067654,1.0,,bMD____,bMD____0035,l1  [bMD____0035]37:57,bMD____0035   +000.111      002.00000      DD_Bongo,bMD__       12/15/2017  12:00:00    +000.111,bMD__       12/15/2017  12:00:00    +000.111,1.0,1472820.0,0.033734209392,MD,7,4.8,7724.8512,low
,,MD_12hr,2017-12-16 00:00:00,0.069987218,1.0,,bMD____,bMD____0036,l1  [bMD____0036]37:57,bMD____0036   +000.070      002.00000      DD_Bongo,bMD__       12/16/2017  00:00:00    +000.070,bMD__       12/16/2017  00:00:00    +000.070,1.0,1516020.0,0.0213321040464,MD,7,4.8,7724.8512,low
,,MD_12hr,2017-12-16 12:00:00,0.065567642,1.0,,bMD____,bMD____0037,l1  [bMD____0037]37:57,bMD____0037   +000.066      002.00000      DD_Bongo,bMD__       12/16/2017  12:00:00    +000.066,bMD__       12/16/2017  12:00:00    +000.066,1.0,1559220.0,0.0199850172816,MD,7,4.8,7724.8512,low
,,MD_12hr,2017-12-17 00:00:00,0.13199117,1.0,,bMD____,bMD____0038,l1  [bMD____0038]37:57,bMD____0038   +000.132      002.00000      DD_Bongo,bMD__       12/17/2017  00:00:00    +000.132,bMD__       12/17/2017  00:00:00    +000.132,1.0,1602420.0,0.040230908616,MD,7,4.8,7724.8512,low
,,MD_12hr,2017-12-17 12:00:00,0.08567358,1.0,,bMD____,bMD____0039,l1  [bMD____0039]37:57,bMD____0039   +000.086      002.00000      DD_Bongo,bMD__       12/17/2017  12:00:00    +000.086,bMD__       12/17/2017  12:00:00    +000.086,1.0,1645620.0,0.026113307184,MD,7,4.8,7724.8512,low
,,MD_12hr,2017-12-18 00:00:00,0.09239921,1.0,,bMD____,bMD____0040,l1  [bMD____0040]37:57,bMD____0040   +000.092      002.00000      DD_Bongo,bMD__       12/18/2017  00:00:00    +000.092,bMD__       12/18/2017  00:00:00    +000.092,1.0,1688820.0,0.028163279208,MD,7,4.8,7724.8512,low
,,MD_12hr,2017-12-18 12:00:00,0.0624782,1.0,,bMD____,bMD____0041,l1  [bMD____0041]37:57,bMD____0041   +000.062      002.00000      DD_Bongo,bMD__       12/18/2017  12:00:00    +000.062,bMD__       12/18/2017  12:00:00    +000.062,1.0,1732020.0,0.01904335536,MD,7,4.8,7724.8512,low
,,MD_12hr,2017-12-19 00:00:00,0.066569256,1.0,,bMD____,bMD____0042,l1  [bMD____0042]37:57,bMD____0042   +000.067      002.00000      DD_Bongo,bMD__       12/19/2017  00:00:00    +000.067,bMD__       12/19/2017  00:00:00    +000.067,1.0,1775220.0,0.0202903092288,MD,7,4.8,7724.8512,low
,,MD_12hr,2017-12-19 12:00:00,0.069432261,1.0,,bMD____,bMD____0043,l1  [bMD____0043]37:57,bMD____0043   +000.069      002.00000      DD_Bongo,bMD__       12/19/2017  12:00:00    +000.069,bMD__       12/19/2017  12:00:00    +000.069,1.0,1818420.0,0.0211629531528,MD,7,4.8,7724.8512,low
,,MD_12hr,2017-12-20 00:00:00,0.10109697,1.0,,bMD____,bMD____0044,l1  [bMD____0044]37:57,bMD____0044   +000.101      002.00000      DD_Bongo,bMD__       12/20/2017  00:00:00    +000.101,bMD__       12/20/2017  00:00:00    +000.101,1.0,1861620.0,0.030814356456,MD,7,4.8,7724.8512,low
,,MD_12hr,2017-12-20 12:00:00,0.04738945,1.0,,bMD____,bMD____0045,l1  [bMD____0045]37:57,bMD____0045   +000.047      002.00000      DD_Bongo,bMD__       12/20/2017  12:00:00    +000.047,bMD__       12/20/2017  12:00:00    +000.047,1.0,1904820.0,0.01444430436,MD,7,4.8,7724.8512,low
,,MD_12hr,2017-12-21 00:00:00,0.03879731,1.0,,bMD____,bMD____0046,l1  [bMD____0046]37:57,bMD____0046   +000.039      002.00000      DD_Bongo,bMD__       12/21/2017  00:00:00    +000.039,bMD__       12/21/2017  00:00:00    +000.039,1.0,1948020.0,0.011825420088,MD,7,4.8,7724.8512,low
,,MD_12hr,2017-12-21 12:00:00,0.077595697,1.0,,bMD____,bMD____0047,l1  [bMD____0047]37:57,bMD____0047   +000.078      002.00000      DD_Bongo,bMD__       12/21/2017  12:00:00    +000.078,bMD__       12/21/2017  12:00:00    +000.078,1.0,1991220.0,0.0236511684456,MD,7,4.8,7724.8512,low
,,MD_12hr,2017-12-22 00:00:00,0.0744127463,1.0,,bMD____,bMD____0048,l1  [bMD____0048]37:57,bMD____0048   +000.074      002.00000      DD_Bongo,bMD__       12/22/2017  00:00:00    +000.074,bMD__       12/22/2017  00:00:00    +000.074,1.0,2034420.0,0.02268100507224,MD,7,4.8,7724.8512,low
,,MD_12hr,2017-12-22 12:00:00,0.079010802,1.0,,bMD____,bMD____0049,l1  [bMD____0049]37:57,bMD____0049   +000.079      002.00000      DD_Bongo,bMD__       12/22/2017  12:00:00    +000.079,bMD__       12/22/2017  12:00:00    +000.079,1.0,2077620.0,0.0240824924496,MD,7,4.8,7724.8512,low
,,MD_12hr,2017-12-23 00:00:00,0.04903648,1.0,,bMD____,bMD____0050,l1  [bMD____0050]37:57,bMD____0050   +000.049      002.00000      DD_Bongo,bMD__       12/23/2017  00:00:00    +000.049,bMD__       12/23/2017  00:00:00    +000.049,1.0,2120820.0,0.014946319104,MD,7,4.8,7724.8512,low
,,MD_12hr,2017-12-23 12:00:00,0.04660574,1.0,,bMD____,bMD____0051,l1  [bMD____0051]37:57,bMD____0051   +000.047      002.00000      DD_Bongo,bMD__       12/23/2017  12:00:00    +000.047,bMD__       12/23/2017  12:00:00    +000.047,1.0,2164020.0,0.014205429552,MD,7,4.8,7724.8512,low
,,MD_12hr,2017-12-24 00:00:00,0.03604488,1.0,,bMD____,bMD____0052,l1  [bMD____0052]37:57,bMD____0052   +000.036      002.00000      DD_Bongo,bMD__       12/24/2017  00:00:00    +000.036,bMD__       12/24/2017  00:00:00    +000.036,1.0,2207220.0,0.010986479424,MD,7,4.8,7724.8512,low
,,MD_12hr,2017-12-24 12:00:00,0.01319875,1.0,,bMD____,bMD____0053,l1  [bMD____0053]37:57,bMD____0053   +000.013      002.00000      DD_Bongo,bMD__       12/24/2017  12:00:00    +000.013,bMD__       12/24/2017  12:00:00    +000.013,1.0,2250420.0,0.004022979,MD,7,4.8,7724.8512,low
,,MD_12hr,2017-12-25 00:00:00,-0.0150227699999999,1.0,,bMD____,bMD____0054,l1  [bMD____0054]37:57,bMD____0054   -000.015      002.00000      DD_Bongo,bMD__       12/25/2017  00:00:00    -000.015,bMD__       12/25/2017  00:00:00    -000.015,1.0,2293620.0,-0.0045789402959999,MD,7,4.8,7724.8512,low
,,MD_12hr,2017-12-25 12:00:00,0.03459249,1.0,,bMD____,bMD____0055,l1  [bMD____0055]37:57,bMD____0055   +000.035      002.00000      DD_Bongo,bMD__       12/25/2017  12:00:00    +000.035,bMD__       12/25/2017  12:00:00    +000.035,1.0,2336820.0,0.010543790952,MD,7,4.8,7724.8512,low
,,MD_12hr,2017-12-26 00:00:00,0.065123237,1.0,,bMD____,bMD____0056,l1  [bMD____0056]37:57,bMD____0056   +000.065      002.00000      DD_Bongo,bMD__       12/26/2017  00:00:00    +000.065,bMD__       12/26/2017  00:00:00    +000.065,1.0,2380020.0,0.0198495626376,MD,7,4.8,7724.8512,low
,,MD_12hr,2017-12-26 12:00:00,0.077291114,1.0,,bMD____,bMD____0057,l1  [bMD____0057]37:57,bMD____0057   +000.077      002.00000      DD_Bongo,bMD__       12/26/2017  12:00:00    +000.077,bMD__       12/26/2017  12:00:00    +000.077,1.0,2423220.0,0.0235583315472,MD,7,4.8,7724.8512,low
,,MD_12hr,2017-12-27 00:00:00,0.0573879,1.0,,bMD____,bMD____0058,l1  [bMD____0058]37:57,bMD____0058   +000.057      002.00000      DD_Bongo,bMD__       12/27/2017  00:00:00    +000.057,bMD__       12/27/2017  00:00:00    +000.057,1.0,2466420.0,0.01749183192,MD,7,4.8,7724.8512,low
,,MD_12hr,2017-12-27 12:00:00,0.068428245,1.0,,bMD____,bMD____0059,l1  [bMD____0059]37:57,bMD____0059   +000.068      002.00000      DD_Bongo,bMD__       12/27/2017  12:00:00    +000.068,bMD__       12/27/2017  12:00:00    +000.068,1.0,2509620.0,0.020856929076,MD,7,4.8,7724.8512,low
,,MD_12hr,2017-12-28 00:00:00,0.0738782749,1.0,,bMD____,bMD____0060,l1  [bMD____0060]37:57,bMD____0060   +000.074      002.00000      DD_Bongo,bMD__       12/28/2017  00:00:00    +000.074,bMD__       12/28/2017  00:00:00    +000.074,1.0,2552820.0,0.02251809818952,MD,7,4.8,7724.8512,low
,,MD_12hr,2017-12-28 12:00:00,0.04195485,1.0,,bMD____,bMD____0061,l1  [bMD____0061]37:57,bMD____0061   +000.042      002.00000      DD_Bongo,bMD__       12/28/2017  12:00:00    +000.042,bMD__       12/28/2017  12:00:00    +000.042,1.0,2596020.0,0.01278783828,MD,7,4.8,7724.8512,low
,,MD_12hr,2017-12-29 00:00:00,0.03891809,1.0,,bMD____,bMD____0062,l1  [bMD____0062]37:57,bMD____0062   +000.039      002.00000      DD_Bongo,bMD__       12/29/2017  00:00:00    +000.039,bMD__       12/29/2017  00:00:00    +000.039,1.0,2639220.0,0.011862233832,MD,7,4.8,7724.8512,low
,,MD_12hr,2017-12-29 12:00:00,0.11214996,1.0,,bMD____,bMD____0063,l1  [bMD____0063]37:57,bMD____0063   +000.112      002.00000      DD_Bongo,bMD__       12/29/2017  12:00:00    +000.112,bMD__       12/29/2017  12:00:00    +000.112,1.0,2682420.0,0.034183307808,MD,7,4.8,7724.8512,low
,,MD_12hr,2017-12-30 00:00:00,0.1224791,1.0,,bMD____,bMD____0064,l1  [bMD____0064]37:57,bMD____0064   +000.122      002.00000      DD_Bongo,bMD__       12/30/2017  00:00:00    +000.122,bMD__       12/30/2017  00:00:00    +000.122,1.0,2725620.0,0.03733162968,MD,7,4.8,7724.8512,low
,,MD_12hr,2017-12-30 12:00:00,0.12142471,1.0,,bMD____,bMD____0065,l1  [bMD____0065]37:57,bMD____0065   +000.121      002.00000      DD_Bongo,bMD__       12/30/2017  12:00:00    +000.121,bMD__       12/30/2017  12:00:00    +000.121,1.0,2768820.0,0.037010251608,MD,7,4.8,7724.8512,low
,,MD_12hr,2017-12-31 00:00:00,0.11565835,1.0,,bMD____,bMD____0066,l1  [bMD____0066]37:57,bMD____0066   +000.116      002.00000      DD_Bongo,bMD__       12/31/2017  00:00:00    +000.116,bMD__       12/31/2017  00:00:00    +000.116,1.0,2812020.0,0.03525266508,MD,7,4.8,7724.8512,low
,,MD_12hr,2017-12-31 12:00:00,0.11798991,1.0,,bMD____,bMD____0067,l1  [bMD____0067]37:57,bMD____0067   +000.118      002.00000      DD_Bongo,bMD__       12/31/2017  12:00:00    +000.118,bMD__       12/31/2017  12:00:00    +000.118,1.0,2855220.0,0.035963324568,MD,7,4.8,7724.8512,low
,,MD_12hr,2018-01-01 00:00:00,0.10278873,1.0,,bMD____,bMD____0068,l1  [bMD____0068]37:57,bMD____0068   +000.103      002.00000      DD_Bongo,bMD__       01/01/2018  00:00:00    +000.103,bMD__       01/01/2018  00:00:00    +000.103,1.0,2898420.0,0.031330004904,MD,7,4.8,7724.8512,low
,,MD_12hr,2018-01-01 12:00:00,0.10330095,1.0,,bMD____,bMD____0069,l1  [bMD____0069]37:57,bMD____0069   +000.103      002.00000      DD_Bongo,bMD__       01/01/2018  12:00:00    +000.103,bMD__       01/01/2018  12:00:00    +000.103,1.0,2941620.0,0.03148612956,MD,7,4.8,7724.8512,low
,,NDOA_12hr,2017-11-28 12:00:00,0.0,1.0,,bNDOA__,bNDOA__0001,l1  [bNDOA__0001]37:57,bNDOA__0001   +000.000      002.00000      DD_Bongo,bNDOA       11/28/2017  12:00:00    +000.000,bNDOA       11/28/2017  12:00:00    +000.000,1.0,4020.0,0.0,NDOA,8,2.6,4184.294400000001,low
,,NDOA_12hr,2017-11-29 00:00:00,0.0,1.0,,bNDOA__,bNDOA__0002,l1  [bNDOA__0002]37:57,bNDOA__0002   +000.000      002.00000      DD_Bongo,bNDOA       11/29/2017  00:00:00    +000.000,bNDOA       11/29/2017  00:00:00    +000.000,1.0,47220.0,0.0,NDOA,8,2.6,4184.294400000001,low
,,NDOA_12hr,2017-11-29 12:00:00,0.013610046,1.0,,bNDOA__,bNDOA__0003,l1  [bNDOA__0003]37:57,bNDOA__0003   +000.014      002.00000      DD_Bongo,bNDOA       11/29/2017  12:00:00    +000.014,bNDOA       11/29/2017  12:00:00    +000.014,1.0,90420.0,0.0041483420208,NDOA,8,2.6,4184.294400000001,low
,,NDOA_12hr,2017-11-30 00:00:00,0.01702838,1.0,,bNDOA__,bNDOA__0004,l1  [bNDOA__0004]37:57,bNDOA__0004   +000.017      002.00000      DD_Bongo,bNDOA       11/30/2017  00:00:00    +000.017,bNDOA       11/30/2017  00:00:00    +000.017,1.0,133620.0,0.005190250224,NDOA,8,2.6,4184.294400000001,low
,,NDOA_12hr,2017-11-30 12:00:00,0.0182332529999999,1.0,,bNDOA__,bNDOA__0005,l1  [bNDOA__0005]37:57,bNDOA__0005   +000.018      002.00000      DD_Bongo,bNDOA       11/30/2017  12:00:00    +000.018,bNDOA       11/30/2017  12:00:00    +000.018,1.0,176820.0,0.0055574955144,NDOA,8,2.6,4184.294400000001,low
,,NDOA_12hr,2017-12-01 00:00:00,0.011684621,1.0,,bNDOA__,bNDOA__0006,l1  [bNDOA__0006]37:57,bNDOA__0006   +000.012      002.00000      DD_Bongo,bNDOA       12/01/2017  00:00:00    +000.012,bNDOA       12/01/2017  00:00:00    +000.012,1.0,220020.0,0.0035614724808,NDOA,8,2.6,4184.294400000001,low
,,NDOA_12hr,2017-12-01 12:00:00,0.010723627,1.0,,bNDOA__,bNDOA__0007,l1  [bNDOA__0007]37:57,bNDOA__0007   +000.011      002.00000      DD_Bongo,bNDOA       12/01/2017  12:00:00    +000.011,bNDOA       12/01/2017  12:00:00    +000.011,1.0,263220.0,0.0032685615096,NDOA,8,2.6,4184.294400000001,low
,,NDOA_12hr,2017-12-02 00:00:00,0.003245019,1.0,,bNDOA__,bNDOA__0008,l1  [bNDOA__0008]37:57,bNDOA__0008   +000.003      002.00000      DD_Bongo,bNDOA       12/02/2017  00:00:00    +000.003,bNDOA       12/02/2017  00:00:00    +000.003,1.0,306420.0,0.0009890817912,NDOA,8,2.6,4184.294400000001,low
,,NDOA_12hr,2017-12-02 12:00:00,0.003142105,1.0,,bNDOA__,bNDOA__0009,l1  [bNDOA__0009]37:57,bNDOA__0009   +000.003      002.00000      DD_Bongo,bNDOA       12/02/2017  12:00:00    +000.003,bNDOA       12/02/2017  12:00:00    +000.003,1.0,349620.0,0.000957713604,NDOA,8,2.6,4184.294400000001,low
,,NDOA_12hr,2017-12-03 00:00:00,0.005765615,1.0,,bNDOA__,bNDOA__0010,l1  [bNDOA__0010]37:57,bNDOA__0010   +000.006      002.00000      DD_Bongo,bNDOA       12/03/2017  00:00:00    +000.006,bNDOA       12/03/2017  00:00:00    +000.006,1.0,392820.0,0.001757359452,NDOA,8,2.6,4184.294400000001,low
,,NDOA_12hr,2017-12-03 12:00:00,0.0002135499999999,1.0,,bNDOA__,bNDOA__0011,l1  [bNDOA__0011]37:57,bNDOA__0011   +000.000      002.00000      DD_Bongo,bNDOA       12/03/2017  12:00:00    +000.000,bNDOA       12/03/2017  12:00:00    +000.000,1.0,436020.0,6.509003999999996e-05,NDOA,8,2.6,4184.294400000001,low
,,NDOA_12hr,2017-12-04 00:00:00,0.01462376,1.0,,bNDOA__,bNDOA__0012,l1  [bNDOA__0012]37:57,bNDOA__0012   +000.015      002.00000      DD_Bongo,bNDOA       12/04/2017  00:00:00    +000.015,bNDOA       12/04/2017  00:00:00    +000.015,1.0,479220.0,0.004457322048,NDOA,8,2.6,4184.294400000001,low
,,NDOA_12hr,2017-12-04 12:00:00,0.013961233,1.0,,bNDOA__,bNDOA__0013,l1  [bNDOA__0013]37:57,bNDOA__0013   +000.014      002.00000      DD_Bongo,bNDOA       12/04/2017  12:00:00    +000.014,bNDOA       12/04/2017  12:00:00    +000.014,1.0,522420.0,0.0042553838184,NDOA,8,2.6,4184.294400000001,low
,,NDOA_12hr,2017-12-05 00:00:00,0.013804784,1.0,,bNDOA__,bNDOA__0014,l1  [bNDOA__0014]37:57,bNDOA__0014   +000.014      002.00000      DD_Bongo,bNDOA       12/05/2017  00:00:00    +000.014,bNDOA       12/05/2017  00:00:00    +000.014,1.0,565620.0,0.0042076981632,NDOA,8,2.6,4184.294400000001,low
,,NDOA_12hr,2017-12-05 12:00:00,0.025315984,1.0,,bNDOA__,bNDOA__0015,l1  [bNDOA__0015]37:57,bNDOA__0015   +000.025      002.00000      DD_Bongo,bNDOA       12/05/2017  12:00:00    +000.025,bNDOA       12/05/2017  12:00:00    +000.025,1.0,608820.0,0.0077163119232,NDOA,8,2.6,4184.294400000001,low
,,NDOA_12hr,2017-12-06 00:00:00,0.020451384,1.0,,bNDOA__,bNDOA__0016,l1  [bNDOA__0016]37:57,bNDOA__0016   +000.020      002.00000      DD_Bongo,bNDOA       12/06/2017  00:00:00    +000.020,bNDOA       12/06/2017  00:00:00    +000.020,1.0,652020.0,0.0062335818432,NDOA,8,2.6,4184.294400000001,low
,,NDOA_12hr,2017-12-06 12:00:00,0.0090487626,1.0,,bNDOA__,bNDOA__0017,l1  [bNDOA__0017]37:57,bNDOA__0017   +000.009      002.00000      DD_Bongo,bNDOA       12/06/2017  12:00:00    +000.009,bNDOA       12/06/2017  12:00:00    +000.009,1.0,695220.0,0.00275806284048,NDOA,8,2.6,4184.294400000001,low
,,NDOA_12hr,2017-12-07 00:00:00,0.0092088644,1.0,,bNDOA__,bNDOA__0018,l1  [bNDOA__0018]37:57,bNDOA__0018   +000.009      002.00000      DD_Bongo,bNDOA       12/07/2017  00:00:00    +000.009,bNDOA       12/07/2017  00:00:00    +000.009,1.0,738420.0,0.00280686186912,NDOA,8,2.6,4184.294400000001,low
,,NDOA_12hr,2017-12-07 12:00:00,0.014180699,1.0,,bNDOA__,bNDOA__0019,l1  [bNDOA__0019]37:57,bNDOA__0019   +000.014      002.00000      DD_Bongo,bNDOA       12/07/2017  12:00:00    +000.014,bNDOA       12/07/2017  12:00:00    +000.014,1.0,781620.0,0.0043222770552,NDOA,8,2.6,4184.294400000001,low
,,NDOA_12hr,2017-12-08 00:00:00,-0.001110286,1.0,,bNDOA__,bNDOA__0020,l1  [bNDOA__0020]37:57,bNDOA__0020   -000.001      002.00000      DD_Bongo,bNDOA       12/08/2017  00:00:00    -000.001,bNDOA       12/08/2017  00:00:00    -000.001,1.0,824820.0,-0.0003384151728,NDOA,8,2.6,4184.294400000001,low
,,NDOA_12hr,2017-12-08 12:00:00,-0.011845676,1.0,,bNDOA__,bNDOA__0021,l1  [bNDOA__0021]37:57,bNDOA__0021   -000.012      002.00000      DD_Bongo,bNDOA       12/08/2017  12:00:00    -000.012,bNDOA       12/08/2017  12:00:00    -000.012,1.0,868020.0,-0.0036105620448,NDOA,8,2.6,4184.294400000001,low
,,NDOA_12hr,2017-12-09 00:00:00,-0.0132523459999999,1.0,,bNDOA__,bNDOA__0022,l1  [bNDOA__0022]37:57,bNDOA__0022   -000.013      002.00000      DD_Bongo,bNDOA       12/09/2017  00:00:00    -000.013,bNDOA       12/09/2017  00:00:00    -000.013,1.0,911220.0,-0.0040393150607999,NDOA,8,2.6,4184.294400000001,low
,,NDOA_12hr,2017-12-09 12:00:00,-0.007562966,1.0,,bNDOA__,bNDOA__0023,l1  [bNDOA__0023]37:57,bNDOA__0023   -000.008      002.00000      DD_Bongo,bNDOA       12/09/2017  12:00:00    -000.008,bNDOA       12/09/2017  12:00:00    -000.008,1.0,954420.0,-0.0023051920368,NDOA,8,2.6,4184.294400000001,low
,,NDOA_12hr,2017-12-10 00:00:00,-0.004231956,1.0,,bNDOA__,bNDOA__0024,l1  [bNDOA__0024]37:57,bNDOA__0024   -000.004      002.00000      DD_Bongo,bNDOA       12/10/2017  00:00:00    -000.004,bNDOA       12/10/2017  00:00:00    -000.004,1.0,997620.0,-0.0012899001888,NDOA,8,2.6,4184.294400000001,low
,,NDOA_12hr,2017-12-10 12:00:00,0.00605874,1.0,,bNDOA__,bNDOA__0025,l1  [bNDOA__0025]37:57,bNDOA__0025   +000.006      002.00000      DD_Bongo,bNDOA       12/10/2017  12:00:00    +000.006,bNDOA       12/10/2017  12:00:00    +000.006,1.0,1040820.0,0.001846703952,NDOA,8,2.6,4184.294400000001,low
,,NDOA_12hr,2017-12-11 00:00:00,0.007383831,1.0,,bNDOA__,bNDOA__0026,l1  [bNDOA__0026]37:57,bNDOA__0026   +000.007      002.00000      DD_Bongo,bNDOA       12/11/2017  00:00:00    +000.007,bNDOA       12/11/2017  00:00:00    +000.007,1.0,1084020.0,0.0022505916888,NDOA,8,2.6,4184.294400000001,low
,,NDOA_12hr,2017-12-11 12:00:00,0.019647004,1.0,,bNDOA__,bNDOA__0027,l1  [bNDOA__0027]37:57,bNDOA__0027   +000.020      002.00000      DD_Bongo,bNDOA       12/11/2017  12:00:00    +000.020,bNDOA       12/11/2017  12:00:00    +000.020,1.0,1127220.0,0.0059884068192,NDOA,8,2.6,4184.294400000001,low
,,NDOA_12hr,2017-12-12 00:00:00,0.024359544,1.0,,bNDOA__,bNDOA__0028,l1  [bNDOA__0028]37:57,bNDOA__0028   +000.024      002.00000      DD_Bongo,bNDOA       12/12/2017  00:00:00    +000.024,bNDOA       12/12/2017  00:00:00    +000.024,1.0,1170420.0,0.0074247890112,NDOA,8,2.6,4184.294400000001,low
,,NDOA_12hr,2017-12-12 12:00:00,0.023902444,1.0,,bNDOA__,bNDOA__0029,l1  [bNDOA__0029]37:57,bNDOA__0029   +000.024      002.00000      DD_Bongo,bNDOA       12/12/2017  12:00:00    +000.024,bNDOA       12/12/2017  12:00:00    +000.024,1.0,1213620.0,0.0072854649312,NDOA,8,2.6,4184.294400000001,low
,,NDOA_12hr,2017-12-13 00:00:00,0.029773504,1.0,,bNDOA__,bNDOA__0030,l1  [bNDOA__0030]37:57,bNDOA__0030   +000.030      002.00000      DD_Bongo,bNDOA       12/13/2017  00:00:00    +000.030,bNDOA       12/13/2017  00:00:00    +000.030,1.0,1256820.0,0.0090749640192,NDOA,8,2.6,4184.294400000001,low
,,NDOA_12hr,2017-12-13 12:00:00,0.016804368,1.0,,bNDOA__,bNDOA__0031,l1  [bNDOA__0031]37:57,bNDOA__0031   +000.017      002.00000      DD_Bongo,bNDOA       12/13/2017  12:00:00    +000.017,bNDOA       12/13/2017  12:00:00    +000.017,1.0,1300020.0,0.0051219713664,NDOA,8,2.6,4184.294400000001,low
,,NDOA_12hr,2017-12-14 00:00:00,0.006863191,1.0,,bNDOA__,bNDOA__0032,l1  [bNDOA__0032]37:57,bNDOA__0032   +000.007      002.00000      DD_Bongo,bNDOA       12/14/2017  00:00:00    +000.007,bNDOA       12/14/2017  00:00:00    +000.007,1.0,1343220.0,0.0020919006168,NDOA,8,2.6,4184.294400000001,low
,,NDOA_12hr,2017-12-14 12:00:00,0.015894747,1.0,,bNDOA__,bNDOA__0033,l1  [bNDOA__0033]37:57,bNDOA__0033   +000.016      002.00000      DD_Bongo,bNDOA       12/14/2017  12:00:00    +000.016,bNDOA       12/14/2017  12:00:00    +000.016,1.0,1386420.0,0.0048447188856,NDOA,8,2.6,4184.294400000001,low
,,NDOA_12hr,2017-12-15 00:00:00,0.021642674,1.0,,bNDOA__,bNDOA__0034,l1  [bNDOA__0034]37:57,bNDOA__0034   +000.022      002.00000      DD_Bongo,bNDOA       12/15/2017  00:00:00    +000.022,bNDOA       12/15/2017  00:00:00    +000.022,1.0,1429620.0,0.0065966870352,NDOA,8,2.6,4184.294400000001,low
,,NDOA_12hr,2017-12-15 12:00:00,0.027119854,1.0,,bNDOA__,bNDOA__0035,l1  [bNDOA__0035]37:57,bNDOA__0035   +000.027      002.00000      DD_Bongo,bNDOA       12/15/2017  12:00:00    +000.027,bNDOA       12/15/2017  12:00:00    +000.027,1.0,1472820.0,0.0082661314992,NDOA,8,2.6,4184.294400000001,low
,,NDOA_12hr,2017-12-16 00:00:00,0.003446625,1.0,,bNDOA__,bNDOA__0036,l1  [bNDOA__0036]37:57,bNDOA__0036   +000.003      002.00000      DD_Bongo,bNDOA       12/16/2017  00:00:00    +000.003,bNDOA       12/16/2017  00:00:00    +000.003,1.0,1516020.0,0.0010505313,NDOA,8,2.6,4184.294400000001,low
,,NDOA_12hr,2017-12-16 12:00:00,-0.0236551759999999,1.0,,bNDOA__,bNDOA__0037,l1  [bNDOA__0037]37:57,bNDOA__0037   -000.024      002.00000      DD_Bongo,bNDOA       12/16/2017  12:00:00    -000.024,bNDOA       12/16/2017  12:00:00    -000.024,1.0,1559220.0,-0.0072100976447999,NDOA,8,2.6,4184.294400000001,low
,,NDOA_12hr,2017-12-17 00:00:00,-0.017074596,1.0,,bNDOA__,bNDOA__0038,l1  [bNDOA__0038]37:57,bNDOA__0038   -000.017      002.00000      DD_Bongo,bNDOA       12/17/2017  00:00:00    -000.017,bNDOA       12/17/2017  00:00:00    -000.017,1.0,1602420.0,-0.0052043368608,NDOA,8,2.6,4184.294400000001,low
,,NDOA_12hr,2017-12-17 12:00:00,-0.0022417359999999,1.0,,bNDOA__,bNDOA__0039,l1  [bNDOA__0039]37:57,bNDOA__0039   -000.002      002.00000      DD_Bongo,bNDOA       12/17/2017  12:00:00    -000.002,bNDOA       12/17/2017  12:00:00    -000.002,1.0,1645620.0,-0.0006832811327999,NDOA,8,2.6,4184.294400000001,low
,,NDOA_12hr,2017-12-18 00:00:00,-0.011586566,1.0,,bNDOA__,bNDOA__0040,l1  [bNDOA__0040]37:57,bNDOA__0040   -000.012      002.00000      DD_Bongo,bNDOA       12/18/2017  00:00:00    -000.012,bNDOA       12/18/2017  00:00:00    -000.012,1.0,1688820.0,-0.0035315853168,NDOA,8,2.6,4184.294400000001,low
,,NDOA_12hr,2017-12-18 12:00:00,-0.019206896,1.0,,bNDOA__,bNDOA__0041,l1  [bNDOA__0041]37:57,bNDOA__0041   -000.019      002.00000      DD_Bongo,bNDOA       12/18/2017  12:00:00    -000.019,bNDOA       12/18/2017  12:00:00    -000.019,1.0,1732020.0,-0.0058542619008,NDOA,8,2.6,4184.294400000001,low
,,NDOA_12hr,2017-12-19 00:00:00,-0.008862466,1.0,,bNDOA__,bNDOA__0042,l1  [bNDOA__0042]37:57,bNDOA__0042   -000.009      002.00000      DD_Bongo,bNDOA       12/19/2017  00:00:00    -000.009,bNDOA       12/19/2017  00:00:00    -000.009,1.0,1775220.0,-0.0027012796368,NDOA,8,2.6,4184.294400000001,low
,,NDOA_12hr,2017-12-19 12:00:00,-0.0009430859999999,1.0,,bNDOA__,bNDOA__0043,l1  [bNDOA__0043]37:57,bNDOA__0043   -000.001      002.00000      DD_Bongo,bNDOA       12/19/2017  12:00:00    -000.001,bNDOA       12/19/2017  12:00:00    -000.001,1.0,1818420.0,-0.0002874526127999,NDOA,8,2.6,4184.294400000001,low
,,NDOA_12hr,2017-12-20 00:00:00,0.020709764,1.0,,bNDOA__,bNDOA__0044,l1  [bNDOA__0044]37:57,bNDOA__0044   +000.021      002.00000      DD_Bongo,bNDOA       12/20/2017  00:00:00    +000.021,bNDOA       12/20/2017  00:00:00    +000.021,1.0,1861620.0,0.0063123360672,NDOA,8,2.6,4184.294400000001,low
,,NDOA_12hr,2017-12-20 12:00:00,-0.0086082559999999,1.0,,bNDOA__,bNDOA__0045,l1  [bNDOA__0045]37:57,bNDOA__0045   -000.009      002.00000      DD_Bongo,bNDOA       12/20/2017  12:00:00    -000.009,bNDOA       12/20/2017  12:00:00    -000.009,1.0,1904820.0,-0.0026237964287999,NDOA,8,2.6,4184.294400000001,low
,,NDOA_12hr,2017-12-21 00:00:00,-0.0099769559999999,1.0,,bNDOA__,bNDOA__0046,l1  [bNDOA__0046]37:57,bNDOA__0046   -000.010      002.00000      DD_Bongo,bNDOA       12/21/2017  00:00:00    -000.010,bNDOA       12/21/2017  00:00:00    -000.010,1.0,1948020.0,-0.0030409761888,NDOA,8,2.6,4184.294400000001,low
,,NDOA_12hr,2017-12-21 12:00:00,0.006351346,1.0,,bNDOA__,bNDOA__0047,l1  [bNDOA__0047]37:57,bNDOA__0047   +000.006      002.00000      DD_Bongo,bNDOA       12/21/2017  12:00:00    +000.006,bNDOA       12/21/2017  12:00:00    +000.006,1.0,1991220.0,0.0019358902608,NDOA,8,2.6,4184.294400000001,low
,,NDOA_12hr,2017-12-22 00:00:00,0.022019204,1.0,,bNDOA__,bNDOA__0048,l1  [bNDOA__0048]37:57,bNDOA__0048   +000.022      002.00000      DD_Bongo,bNDOA       12/22/2017  00:00:00    +000.022,bNDOA       12/22/2017  00:00:00    +000.022,1.0,2034420.0,0.0067114533792,NDOA,8,2.6,4184.294400000001,low
,,NDOA_12hr,2017-12-22 12:00:00,0.024820014,1.0,,bNDOA__,bNDOA__0049,l1  [bNDOA__0049]37:57,bNDOA__0049   +000.025      002.00000      DD_Bongo,bNDOA       12/22/2017  12:00:00    +000.025,bNDOA       12/22/2017  12:00:00    +000.025,1.0,2077620.0,0.0075651402672,NDOA,8,2.6,4184.294400000001,low
,,NDOA_12hr,2017-12-23 00:00:00,0.018479907,1.0,,bNDOA__,bNDOA__0050,l1  [bNDOA__0050]37:57,bNDOA__0050   +000.018      002.00000      DD_Bongo,bNDOA       12/23/2017  00:00:00    +000.018,bNDOA       12/23/2017  00:00:00    +000.018,1.0,2120820.0,0.0056326756536,NDOA,8,2.6,4184.294400000001,low
,,NDOA_12hr,2017-12-23 12:00:00,0.007244108,1.0,,bNDOA__,bNDOA__0051,l1  [bNDOA__0051]37:57,bNDOA__0051   +000.007      002.00000      DD_Bongo,bNDOA       12/23/2017  12:00:00    +000.007,bNDOA       12/23/2017  12:00:00    +000.007,1.0,2164020.0,0.0022080041184,NDOA,8,2.6,4184.294400000001,low
,,NDOA_12hr,2017-12-24 00:00:00,0.025129874,1.0,,bNDOA__,bNDOA__0052,l1  [bNDOA__0052]37:57,bNDOA__0052   +000.025      002.00000      DD_Bongo,bNDOA       12/24/2017  00:00:00    +000.025,bNDOA       12/24/2017  00:00:00    +000.025,1.0,2207220.0,0.0076595855952,NDOA,8,2.6,4184.294400000001,low
,,NDOA_12hr,2017-12-24 12:00:00,0.038334084,1.0,,bNDOA__,bNDOA__0053,l1  [bNDOA__0053]37:57,bNDOA__0053   +000.038      002.00000      DD_Bongo,bNDOA       12/24/2017  12:00:00    +000.038,bNDOA       12/24/2017  12:00:00    +000.038,1.0,2250420.0,0.0116842288032,NDOA,8,2.6,4184.294400000001,low
,,NDOA_12hr,2017-12-25 00:00:00,0.021507294,1.0,,bNDOA__,bNDOA__0054,l1  [bNDOA__0054]37:57,bNDOA__0054   +000.022      002.00000      DD_Bongo,bNDOA       12/25/2017  00:00:00    +000.022,bNDOA       12/25/2017  00:00:00    +000.022,1.0,2293620.0,0.0065554232112,NDOA,8,2.6,4184.294400000001,low
,,NDOA_12hr,2017-12-25 12:00:00,0.015165106,1.0,,bNDOA__,bNDOA__0055,l1  [bNDOA__0055]37:57,bNDOA__0055   +000.015      002.00000      DD_Bongo,bNDOA       12/25/2017  12:00:00    +000.015,bNDOA       12/25/2017  12:00:00    +000.015,1.0,2336820.0,0.0046223243088,NDOA,8,2.6,4184.294400000001,low
,,NDOA_12hr,2017-12-26 00:00:00,0.017013609,1.0,,bNDOA__,bNDOA__0056,l1  [bNDOA__0056]37:57,bNDOA__0056   +000.017      002.00000      DD_Bongo,bNDOA       12/26/2017  00:00:00    +000.017,bNDOA       12/26/2017  00:00:00    +000.017,1.0,2380020.0,0.0051857480232,NDOA,8,2.6,4184.294400000001,low
,,NDOA_12hr,2017-12-26 12:00:00,0.01742218,1.0,,bNDOA__,bNDOA__0057,l1  [bNDOA__0057]37:57,bNDOA__0057   +000.017      002.00000      DD_Bongo,bNDOA       12/26/2017  12:00:00    +000.017,bNDOA       12/26/2017  12:00:00    +000.017,1.0,2423220.0,0.005310280464,NDOA,8,2.6,4184.294400000001,low
,,NDOA_12hr,2017-12-27 00:00:00,0.01262268,1.0,,bNDOA__,bNDOA__0058,l1  [bNDOA__0058]37:57,bNDOA__0058   +000.013      002.00000      DD_Bongo,bNDOA       12/27/2017  00:00:00    +000.013,bNDOA       12/27/2017  00:00:00    +000.013,1.0,2466420.0,0.003847392864,NDOA,8,2.6,4184.294400000001,low
,,NDOA_12hr,2017-12-27 12:00:00,0.004481235,1.0,,bNDOA__,bNDOA__0059,l1  [bNDOA__0059]37:57,bNDOA__0059   +000.004      002.00000      DD_Bongo,bNDOA       12/27/2017  12:00:00    +000.004,bNDOA       12/27/2017  12:00:00    +000.004,1.0,2509620.0,0.001365880428,NDOA,8,2.6,4184.294400000001,low
,,NDOA_12hr,2017-12-28 00:00:00,0.00122476,1.0,,bNDOA__,bNDOA__0060,l1  [bNDOA__0060]37:57,bNDOA__0060   +000.001      002.00000      DD_Bongo,bNDOA       12/28/2017  00:00:00    +000.001,bNDOA       12/28/2017  00:00:00    +000.001,1.0,2552820.0,0.000373306848,NDOA,8,2.6,4184.294400000001,low
,,NDOA_12hr,2017-12-28 12:00:00,8.987600000000089e-05,1.0,,bNDOA__,bNDOA__0061,l1  [bNDOA__0061]37:57,bNDOA__0061   +000.000      002.00000      DD_Bongo,bNDOA       12/28/2017  12:00:00    +000.000,bNDOA       12/28/2017  12:00:00    +000.000,1.0,2596020.0,2.739420480000027e-05,NDOA,8,2.6,4184.294400000001,low
,,NDOA_12hr,2017-12-29 00:00:00,0.003954776,1.0,,bNDOA__,bNDOA__0062,l1  [bNDOA__0062]37:57,bNDOA__0062   +000.004      002.00000      DD_Bongo,bNDOA       12/29/2017  00:00:00    +000.004,bNDOA       12/29/2017  00:00:00    +000.004,1.0,2639220.0,0.0012054157248,NDOA,8,2.6,4184.294400000001,low
,,NDOA_12hr,2017-12-29 12:00:00,0.012905623,1.0,,bNDOA__,bNDOA__0063,l1  [bNDOA__0063]37:57,bNDOA__0063   +000.013      002.00000      DD_Bongo,bNDOA       12/29/2017  12:00:00    +000.013,bNDOA       12/29/2017  12:00:00    +000.013,1.0,2682420.0,0.0039336338904,NDOA,8,2.6,4184.294400000001,low
,,NDOA_12hr,2017-12-30 00:00:00,0.021262164,1.0,,bNDOA__,bNDOA__0064,l1  [bNDOA__0064]37:57,bNDOA__0064   +000.021      002.00000      DD_Bongo,bNDOA       12/30/2017  00:00:00    +000.021,bNDOA       12/30/2017  00:00:00    +000.021,1.0,2725620.0,0.0064807075872,NDOA,8,2.6,4184.294400000001,low
,,NDOA_12hr,2017-12-30 12:00:00,0.032465914,1.0,,bNDOA__,bNDOA__0065,l1  [bNDOA__0065]37:57,bNDOA__0065   +000.032      002.00000      DD_Bongo,bNDOA       12/30/2017  12:00:00    +000.032,bNDOA       12/30/2017  12:00:00    +000.032,1.0,2768820.0,0.0098956105872,NDOA,8,2.6,4184.294400000001,low
,,NDOA_12hr,2017-12-31 00:00:00,0.005855771,1.0,,bNDOA__,bNDOA__0066,l1  [bNDOA__0066]37:57,bNDOA__0066   +000.006      002.00000      DD_Bongo,bNDOA       12/31/2017  00:00:00    +000.006,bNDOA       12/31/2017  00:00:00    +000.006,1.0,2812020.0,0.0017848390008,NDOA,8,2.6,4184.294400000001,low
,,NDOA_12hr,2017-12-31 12:00:00,0.005714241,1.0,,bNDOA__,bNDOA__0067,l1  [bNDOA__0067]37:57,bNDOA__0067   +000.006      002.00000      DD_Bongo,bNDOA       12/31/2017  12:00:00    +000.006,bNDOA       12/31/2017  12:00:00    +000.006,1.0,2855220.0,0.0017417006568,NDOA,8,2.6,4184.294400000001,low
,,NDOA_12hr,2018-01-01 00:00:00,-0.0010418359999999,1.0,,bNDOA__,bNDOA__0068,l1  [bNDOA__0068]37:57,bNDOA__0068   -000.001      002.00000      DD_Bongo,bNDOA       01/01/2018  00:00:00    -000.001,bNDOA       01/01/2018  00:00:00    -000.001,1.0,2898420.0,-0.0003175516127999,NDOA,8,2.6,4184.294400000001,low
,,NDOA_12hr,2018-01-01 12:00:00,0.0098281695,1.0,,bNDOA__,bNDOA__0069,l1  [bNDOA__0069]37:57,bNDOA__0069   +000.010      002.00000      DD_Bongo,bNDOA       01/01/2018  12:00:00    +000.010,bNDOA       01/01/2018  12:00:00    +000.010,1.0,2941620.0,0.0029956260636,NDOA,8,2.6,4184.294400000001,low
,,LEID_12hr,2017-11-28 12:00:00,0.3473821,0.7,,bLEID__,bLEID__0001,l1  [bLEID__0001]37:57,bLEID__0001   +000.347      001.40000      DD_Bongo,bLEID       11/28/2017  12:00:00    +000.347,bLEID       11/28/2017  12:00:00    +000.347,0.7,4020.0,0.10588206408,LEID,9,1.0,1609.344,high
,,LEID_12hr,2017-11-29 00:00:00,0.8362603,0.7,,bLEID__,bLEID__0002,l1  [bLEID__0002]37:57,bLEID__0002   +000.836      001.40000      DD_Bongo,bLEID       11/29/2017  00:00:00    +000.836,bLEID       11/29/2017  00:00:00    +000.836,0.7,47220.0,0.25489213944,LEID,9,1.0,1609.344,high
,,LEID_12hr,2017-11-29 12:00:00,1.136895,0.7,,bLEID__,bLEID__0003,l1  [bLEID__0003]37:57,bLEID__0003   +001.137      001.40000      DD_Bongo,bLEID       11/29/2017  12:00:00    +001.137,bLEID       11/29/2017  12:00:00    +001.137,0.7,90420.0,0.346525596,LEID,9,1.0,1609.344,high
,,LEID_12hr,2017-11-30 00:00:00,1.360526,0.7,,bLEID__,bLEID__0004,l1  [bLEID__0004]37:57,bLEID__0004   +001.361      001.40000      DD_Bongo,bLEID       11/30/2017  00:00:00    +001.361,bLEID       11/30/2017  00:00:00    +001.361,0.7,133620.0,0.4146883248,LEID,9,1.0,1609.344,high
,,LEID_12hr,2017-11-30 12:00:00,1.556146,0.7,,bLEID__,bLEID__0005,l1  [bLEID__0005]37:57,bLEID__0005   +001.556      001.40000      DD_Bongo,bLEID       11/30/2017  12:00:00    +001.556,bLEID       11/30/2017  12:00:00    +001.556,0.7,176820.0,0.4743133008,LEID,9,1.0,1609.344,high
,,LEID_12hr,2017-12-01 00:00:00,1.715806,0.7,,bLEID__,bLEID__0006,l1  [bLEID__0006]37:57,bLEID__0006   +001.716      001.40000      DD_Bongo,bLEID       12/01/2017  00:00:00    +001.716,bLEID       12/01/2017  00:00:00    +001.716,0.7,220020.0,0.5229776688,LEID,9,1.0,1609.344,high
,,LEID_12hr,2017-12-01 12:00:00,1.880495,0.7,,bLEID__,bLEID__0007,l1  [bLEID__0007]37:57,bLEID__0007   +001.880      001.40000      DD_Bongo,bLEID       12/01/2017  12:00:00    +001.880,bLEID       12/01/2017  12:00:00    +001.880,0.7,263220.0,0.573174876,LEID,9,1.0,1609.344,high
,,LEID_12hr,2017-12-02 00:00:00,2.018954,0.7,,bLEID__,bLEID__0008,l1  [bLEID__0008]37:57,bLEID__0008   +002.019      001.40000      DD_Bongo,bLEID       12/02/2017  00:00:00    +002.019,bLEID       12/02/2017  00:00:00    +002.019,0.7,306420.0,0.6153771792,LEID,9,1.0,1609.344,high
,,LEID_12hr,2017-12-02 12:00:00,2.16281,0.7,,bLEID__,bLEID__0009,l1  [bLEID__0009]37:57,bLEID__0009   +002.163      001.40000      DD_Bongo,bLEID       12/02/2017  12:00:00    +002.163,bLEID       12/02/2017  12:00:00    +002.163,0.7,349620.0,0.659224488,LEID,9,1.0,1609.344,high
,,LEID_12hr,2017-12-03 00:00:00,2.294259,0.7,,bLEID__,bLEID__0010,l1  [bLEID__0010]37:57,bLEID__0010   +002.294      001.40000      DD_Bongo,bLEID       12/03/2017  00:00:00    +002.294,bLEID       12/03/2017  00:00:00    +002.294,0.7,392820.0,0.6992901431999999,LEID,9,1.0,1609.344,high
,,LEID_12hr,2017-12-03 12:00:00,2.451346,0.7,,bLEID__,bLEID__0011,l1  [bLEID__0011]37:57,bLEID__0011   +002.451      001.40000      DD_Bongo,bLEID       12/03/2017  12:00:00    +002.451,bLEID       12/03/2017  12:00:00    +002.451,0.7,436020.0,0.7471702608,LEID,9,1.0,1609.344,high
,,LEID_12hr,2017-12-04 00:00:00,2.591293,0.7,,bLEID__,bLEID__0012,l1  [bLEID__0012]37:57,bLEID__0012   +002.591      001.40000      DD_Bongo,bLEID       12/04/2017  00:00:00    +002.591,bLEID       12/04/2017  00:00:00    +002.591,0.7,479220.0,0.7898261064,LEID,9,1.0,1609.344,high
,,LEID_12hr,2017-12-04 12:00:00,2.372077,0.7,,bLEID__,bLEID__0013,l1  [bLEID__0013]37:57,bLEID__0013   +002.372      001.40000      DD_Bongo,bLEID       12/04/2017  12:00:00    +002.372,bLEID       12/04/2017  12:00:00    +002.372,0.7,522420.0,0.7230090696,LEID,9,1.0,1609.344,high
,,LEID_12hr,2017-12-05 00:00:00,2.041558,0.7,,bLEID__,bLEID__0014,l1  [bLEID__0014]37:57,bLEID__0014   +002.042      001.40000      DD_Bongo,bLEID       12/05/2017  00:00:00    +002.042,bLEID       12/05/2017  00:00:00    +002.042,0.7,565620.0,0.6222668784000001,LEID,9,1.0,1609.344,high
,,LEID_12hr,2017-12-05 12:00:00,1.891732,0.7,,bLEID__,bLEID__0015,l1  [bLEID__0015]37:57,bLEID__0015   +001.892      001.40000      DD_Bongo,bLEID       12/05/2017  12:00:00    +001.892,bLEID       12/05/2017  12:00:00    +001.892,0.7,608820.0,0.5765999136000001,LEID,9,1.0,1609.344,high
,,LEID_12hr,2017-12-06 00:00:00,1.794064,0.7,,bLEID__,bLEID__0016,l1  [bLEID__0016]37:57,bLEID__0016   +001.794      001.40000      DD_Bongo,bLEID       12/06/2017  00:00:00    +001.794,bLEID       12/06/2017  00:00:00    +001.794,0.7,652020.0,0.5468307072,LEID,9,1.0,1609.344,high
,,LEID_12hr,2017-12-06 12:00:00,1.721865,0.7,,bLEID__,bLEID__0017,l1  [bLEID__0017]37:57,bLEID__0017   +001.722      001.40000      DD_Bongo,bLEID       12/06/2017  12:00:00    +001.722,bLEID       12/06/2017  12:00:00    +001.722,0.7,695220.0,0.524824452,LEID,9,1.0,1609.344,high
,,LEID_12hr,2017-12-07 00:00:00,1.654431,0.7,,bLEID__,bLEID__0018,l1  [bLEID__0018]37:57,bLEID__0018   +001.654      001.40000      DD_Bongo,bLEID       12/07/2017  00:00:00    +001.654,bLEID       12/07/2017  00:00:00    +001.654,0.7,738420.0,0.5042705688,LEID,9,1.0,1609.344,high
,,LEID_12hr,2017-12-07 12:00:00,1.603562,0.7,,bLEID__,bLEID__0019,l1  [bLEID__0019]37:57,bLEID__0019   +001.604      001.40000      DD_Bongo,bLEID       12/07/2017  12:00:00    +001.604,bLEID       12/07/2017  12:00:00    +001.604,0.7,781620.0,0.4887656976,LEID,9,1.0,1609.344,high
,,LEID_12hr,2017-12-08 00:00:00,1.572502,0.3,,bLEID__,bLEID__0020,l1  [bLEID__0020]37:57,bLEID__0020   +001.573      000.60000      DD_Bongo,bLEID       12/08/2017  00:00:00    +001.573,bLEID       12/08/2017  00:00:00    +001.573,0.3,824820.0,0.4792986096,LEID,9,1.0,1609.344,high
,,LEID_12hr,2017-12-08 12:00:00,1.539678,0.3,,bLEID__,bLEID__0021,l1  [bLEID__0021]37:57,bLEID__0021   +001.540      000.60000      DD_Bongo,bLEID       12/08/2017  12:00:00    +001.540,bLEID       12/08/2017  12:00:00    +001.540,0.3,868020.0,0.4692938544,LEID,9,1.0,1609.344,high
,,LEID_12hr,2017-12-09 00:00:00,1.514779,0.3,,bLEID__,bLEID__0022,l1  [bLEID__0022]37:57,bLEID__0022   +001.515      000.60000      DD_Bongo,bLEID       12/09/2017  00:00:00    +001.515,bLEID       12/09/2017  00:00:00    +001.515,0.3,911220.0,0.4617046392,LEID,9,1.0,1609.344,high
,,LEID_12hr,2017-12-09 12:00:00,1.478277,0.3,,bLEID__,bLEID__0023,l1  [bLEID__0023]37:57,bLEID__0023   +001.478      000.60000      DD_Bongo,bLEID       12/09/2017  12:00:00    +001.478,bLEID       12/09/2017  12:00:00    +001.478,0.3,954420.0,0.4505788296,LEID,9,1.0,1609.344,high
,,LEID_12hr,2017-12-10 00:00:00,1.435214,0.3,,bLEID__,bLEID__0024,l1  [bLEID__0024]37:57,bLEID__0024   +001.435      000.60000      DD_Bongo,bLEID       12/10/2017  00:00:00    +001.435,bLEID       12/10/2017  00:00:00    +001.435,0.3,997620.0,0.4374532272,LEID,9,1.0,1609.344,high
,,LEID_12hr,2017-12-10 12:00:00,1.398091,0.3,,bLEID__,bLEID__0025,l1  [bLEID__0025]37:57,bLEID__0025   +001.398      000.60000      DD_Bongo,bLEID       12/10/2017  12:00:00    +001.398,bLEID       12/10/2017  12:00:00    +001.398,0.3,1040820.0,0.4261381368,LEID,9,1.0,1609.344,high
,,LEID_12hr,2017-12-11 00:00:00,1.376514,0.3,,bLEID__,bLEID__0026,l1  [bLEID__0026]37:57,bLEID__0026   +001.377      000.60000      DD_Bongo,bLEID       12/11/2017  00:00:00    +001.377,bLEID       12/11/2017  00:00:00    +001.377,0.3,1084020.0,0.4195614672,LEID,9,1.0,1609.344,high
,,LEID_12hr,2017-12-11 12:00:00,1.34305,0.3,,bLEID__,bLEID__0027,l1  [bLEID__0027]37:57,bLEID__0027   +001.343      000.60000      DD_Bongo,bLEID       12/11/2017  12:00:00    +001.343,bLEID       12/11/2017  12:00:00    +001.343,0.3,1127220.0,0.40936164,LEID,9,1.0,1609.344,high
,,LEID_12hr,2017-12-12 00:00:00,1.301962,0.3,,bLEID__,bLEID__0028,l1  [bLEID__0028]37:57,bLEID__0028   +001.302      000.60000      DD_Bongo,bLEID       12/12/2017  00:00:00    +001.302,bLEID       12/12/2017  00:00:00    +001.302,0.3,1170420.0,0.3968380176,LEID,9,1.0,1609.344,high
,,LEID_12hr,2017-12-12 12:00:00,1.263354,0.3,,bLEID__,bLEID__0029,l1  [bLEID__0029]37:57,bLEID__0029   +001.263      000.60000      DD_Bongo,bLEID       12/12/2017  12:00:00    +001.263,bLEID       12/12/2017  12:00:00    +001.263,0.3,1213620.0,0.3850702992,LEID,9,1.0,1609.344,high
,,LEID_12hr,2017-12-13 00:00:00,1.23249,0.3,,bLEID__,bLEID__0030,l1  [bLEID__0030]37:57,bLEID__0030   +001.232      000.60000      DD_Bongo,bLEID       12/13/2017  00:00:00    +001.232,bLEID       12/13/2017  00:00:00    +001.232,0.3,1256820.0,0.375662952,LEID,9,1.0,1609.344,high
,,LEID_12hr,2017-12-13 12:00:00,1.198372,0.3,,bLEID__,bLEID__0031,l1  [bLEID__0031]37:57,bLEID__0031   +001.198      000.60000      DD_Bongo,bLEID       12/13/2017  12:00:00    +001.198,bLEID       12/13/2017  12:00:00    +001.198,0.3,1300020.0,0.3652637856,LEID,9,1.0,1609.344,high
,,LEID_12hr,2017-12-14 00:00:00,1.156534,0.3,,bLEID__,bLEID__0032,l1  [bLEID__0032]37:57,bLEID__0032   +001.157      000.60000      DD_Bongo,bLEID       12/14/2017  00:00:00    +001.157,bLEID       12/14/2017  00:00:00    +001.157,0.3,1343220.0,0.3525115632,LEID,9,1.0,1609.344,high
,,LEID_12hr,2017-12-14 12:00:00,1.127863,0.3,,bLEID__,bLEID__0033,l1  [bLEID__0033]37:57,bLEID__0033   +001.128      000.60000      DD_Bongo,bLEID       12/14/2017  12:00:00    +001.128,bLEID       12/14/2017  12:00:00    +001.128,0.3,1386420.0,0.3437726424,LEID,9,1.0,1609.344,high
,,LEID_12hr,2017-12-15 00:00:00,1.111384,0.3,,bLEID__,bLEID__0034,l1  [bLEID__0034]37:57,bLEID__0034   +001.111      000.60000      DD_Bongo,bLEID       12/15/2017  00:00:00    +001.111,bLEID       12/15/2017  00:00:00    +001.111,0.3,1429620.0,0.3387498432,LEID,9,1.0,1609.344,high
,,LEID_12hr,2017-12-15 12:00:00,1.099812,0.3,,bLEID__,bLEID__0035,l1  [bLEID__0035]37:57,bLEID__0035   +001.100      000.60000      DD_Bongo,bLEID       12/15/2017  12:00:00    +001.100,bLEID       12/15/2017  12:00:00    +001.100,0.3,1472820.0,0.3352226976,LEID,9,1.0,1609.344,high
,,LEID_12hr,2017-12-16 00:00:00,1.084851,0.3,,bLEID__,bLEID__0036,l1  [bLEID__0036]37:57,bLEID__0036   +001.085      000.60000      DD_Bongo,bLEID       12/16/2017  00:00:00    +001.085,bLEID       12/16/2017  00:00:00    +001.085,0.3,1516020.0,0.3306625848,LEID,9,1.0,1609.344,high
,,LEID_12hr,2017-12-16 12:00:00,1.065157,0.3,,bLEID__,bLEID__0037,l1  [bLEID__0037]37:57,bLEID__0037   +001.065      000.60000      DD_Bongo,bLEID       12/16/2017  12:00:00    +001.065,bLEID       12/16/2017  12:00:00    +001.065,0.3,1559220.0,0.3246598536,LEID,9,1.0,1609.344,high
,,LEID_12hr,2017-12-17 00:00:00,1.031847,0.3,,bLEID__,bLEID__0038,l1  [bLEID__0038]37:57,bLEID__0038   +001.032      000.60000      DD_Bongo,bLEID       12/17/2017  00:00:00    +001.032,bLEID       12/17/2017  00:00:00    +001.032,0.3,1602420.0,0.3145069656,LEID,9,1.0,1609.344,high
,,LEID_12hr,2017-12-17 12:00:00,1.008508,0.3,,bLEID__,bLEID__0039,l1  [bLEID__0039]37:57,bLEID__0039   +001.009      000.60000      DD_Bongo,bLEID       12/17/2017  12:00:00    +001.009,bLEID       12/17/2017  12:00:00    +001.009,0.3,1645620.0,0.3073932384,LEID,9,1.0,1609.344,high
,,LEID_12hr,2017-12-18 00:00:00,0.9806431,0.3,,bLEID__,bLEID__0040,l1  [bLEID__0040]37:57,bLEID__0040   +000.981      000.60000      DD_Bongo,bLEID       12/18/2017  00:00:00    +000.981,bLEID       12/18/2017  00:00:00    +000.981,0.3,1688820.0,0.29890001688,LEID,9,1.0,1609.344,high
,,LEID_12hr,2017-12-18 12:00:00,0.9609834,0.3,,bLEID__,bLEID__0041,l1  [bLEID__0041]37:57,bLEID__0041   +000.961      000.60000      DD_Bongo,bLEID       12/18/2017  12:00:00    +000.961,bLEID       12/18/2017  12:00:00    +000.961,0.3,1732020.0,0.29290774032,LEID,9,1.0,1609.344,high
,,LEID_12hr,2017-12-19 00:00:00,0.928031,0.3,,bLEID__,bLEID__0042,l1  [bLEID__0042]37:57,bLEID__0042   +000.928      000.60000      DD_Bongo,bLEID       12/19/2017  00:00:00    +000.928,bLEID       12/19/2017  00:00:00    +000.928,0.3,1775220.0,0.2828638488,LEID,9,1.0,1609.344,high
,,LEID_12hr,2017-12-19 12:00:00,0.9233752,0.3,,bLEID__,bLEID__0043,l1  [bLEID__0043]37:57,bLEID__0043   +000.923      000.60000      DD_Bongo,bLEID       12/19/2017  12:00:00    +000.923,bLEID       12/19/2017  12:00:00    +000.923,0.3,1818420.0,0.28144476096,LEID,9,1.0,1609.344,high
,,LEID_12hr,2017-12-20 00:00:00,0.896519,0.3,,bLEID__,bLEID__0044,l1  [bLEID__0044]37:57,bLEID__0044   +000.897      000.60000      DD_Bongo,bLEID       12/20/2017  00:00:00    +000.897,bLEID       12/20/2017  00:00:00    +000.897,0.3,1861620.0,0.2732589912,LEID,9,1.0,1609.344,high
,,LEID_12hr,2017-12-20 12:00:00,0.9000062,0.3,,bLEID__,bLEID__0045,l1  [bLEID__0045]37:57,bLEID__0045   +000.900      000.60000      DD_Bongo,bLEID       12/20/2017  12:00:00    +000.900,bLEID       12/20/2017  12:00:00    +000.900,0.3,1904820.0,0.27432188976,LEID,9,1.0,1609.344,high
,,LEID_12hr,2017-12-21 00:00:00,0.8745084,0.3,,bLEID__,bLEID__0046,l1  [bLEID__0046]37:57,bLEID__0046   +000.875      000.60000      DD_Bongo,bLEID       12/21/2017  00:00:00    +000.875,bLEID       12/21/2017  00:00:00    +000.875,0.3,1948020.0,0.26655016032,LEID,9,1.0,1609.344,high
,,LEID_12hr,2017-12-21 12:00:00,0.8587707,0.3,,bLEID__,bLEID__0047,l1  [bLEID__0047]37:57,bLEID__0047   +000.859      000.60000      DD_Bongo,bLEID       12/21/2017  12:00:00    +000.859,bLEID       12/21/2017  12:00:00    +000.859,0.3,1991220.0,0.26175330936,LEID,9,1.0,1609.344,high
,,LEID_12hr,2017-12-22 00:00:00,0.8417727,0.3,,bLEID__,bLEID__0048,l1  [bLEID__0048]37:57,bLEID__0048   +000.842      000.60000      DD_Bongo,bLEID       12/22/2017  00:00:00    +000.842,bLEID       12/22/2017  00:00:00    +000.842,0.3,2034420.0,0.25657231896,LEID,9,1.0,1609.344,high
,,LEID_12hr,2017-12-22 12:00:00,0.8299455,0.3,,bLEID__,bLEID__0049,l1  [bLEID__0049]37:57,bLEID__0049   +000.830      000.60000      DD_Bongo,bLEID       12/22/2017  12:00:00    +000.830,bLEID       12/22/2017  12:00:00    +000.830,0.3,2077620.0,0.2529673884,LEID,9,1.0,1609.344,high
,,WWBN_12hr,2017-11-28 11:00:00,0.04410033,0.7,,bWWBN__,bWWBN__0001,l1  [bWWBN__0001]37:57,bWWBN__0001   +000.044      001.40000      DD_Bongo,bWWBN       11/28/2017  11:00:00    +000.044,bWWBN       11/28/2017  11:00:00    +000.044,0.7,420.0,0.013441780584,WWBN,11,0.6,965.6064,high
,,WWBN_12hr,2017-11-28 11:30:00,0.09275073,0.7,,bWWBN__,bWWBN__0002,l1  [bWWBN__0002]37:57,bWWBN__0002   +000.093      001.40000      DD_Bongo,bWWBN       11/28/2017  11:30:00    +000.093,bWWBN       11/28/2017  11:30:00    +000.093,0.7,2220.0,0.028270422504,WWBN,11,0.6,965.6064,high
,,WWBN_12hr,2017-11-28 12:00:00,0.1562323,0.7,,bWWBN__,bWWBN__0003,l1  [bWWBN__0003]37:57,bWWBN__0003   +000.156      001.40000      DD_Bongo,bWWBN       11/28/2017  12:00:00    +000.156,bWWBN       11/28/2017  12:00:00    +000.156,0.7,4020.0,0.04761960504,WWBN,11,0.6,965.6064,high
,,WWBN_12hr,2017-11-28 12:30:00,0.2839998,0.7,,bWWBN__,bWWBN__0004,l1  [bWWBN__0004]37:57,bWWBN__0004   +000.284      001.40000      DD_Bongo,bWWBN       11/28/2017  12:30:00    +000.284,bWWBN       11/28/2017  12:30:00    +000.284,0.7,5820.0,0.08656313904,WWBN,11,0.6,965.6064,high
,,WWBN_12hr,2017-11-28 13:00:00,0.4110283,0.7,,bWWBN__,bWWBN__0005,l1  [bWWBN__0005]37:57,bWWBN__0005   +000.411      001.40000      DD_Bongo,bWWBN       11/28/2017  13:00:00    +000.411,bWWBN       11/28/2017  13:00:00    +000.411,0.7,7620.0,0.12528142584,WWBN,11,0.6,965.6064,high
,,WWBN_12hr,2017-11-28 13:30:00,0.5654808,0.7,,bWWBN__,bWWBN__0006,l1  [bWWBN__0006]37:57,bWWBN__0006   +000.565      001.40000      DD_Bongo,bWWBN       11/28/2017  13:30:00    +000.565,bWWBN       11/28/2017  13:30:00    +000.565,0.7,9420.0,0.17235854784,WWBN,11,0.6,965.6064,high
,,WWBN_12hr,2017-11-28 14:00:00,0.7037597,0.7,,bWWBN__,bWWBN__0007,l1  [bWWBN__0007]37:57,bWWBN__0007   +000.704      001.40000      DD_Bongo,bWWBN       11/28/2017  14:00:00    +000.704,bWWBN       11/28/2017  14:00:00    +000.704,0.7,11220.0,0.21450595656,WWBN,11,0.6,965.6064,high
,,WWBN_12hr,2017-11-28 14:30:00,0.8582255,0.7,,bWWBN__,bWWBN__0008,l1  [bWWBN__0008]37:57,bWWBN__0008   +000.858      001.40000      DD_Bongo,bWWBN       11/28/2017  14:30:00    +000.858,bWWBN       11/28/2017  14:30:00    +000.858,0.7,13020.0,0.2615871324,WWBN,11,0.6,965.6064,high
,,WWBN_12hr,2017-11-28 15:00:00,1.010703,0.7,,bWWBN__,bWWBN__0009,l1  [bWWBN__0009]37:57,bWWBN__0009   +001.011      001.40000      DD_Bongo,bWWBN       11/28/2017  15:00:00    +001.011,bWWBN       11/28/2017  15:00:00    +001.011,0.7,14820.0,0.3080622744,WWBN,11,0.6,965.6064,high
,,WWBN_12hr,2017-11-28 15:30:00,1.146013,0.7,,bWWBN__,bWWBN__0010,l1  [bWWBN__0010]37:57,bWWBN__0010   +001.146      001.40000      DD_Bongo,bWWBN       11/28/2017  15:30:00    +001.146,bWWBN       11/28/2017  15:30:00    +001.146,0.7,16620.0,0.3493047624,WWBN,11,0.6,965.6064,high
,,WWBN_12hr,2017-11-28 16:00:00,1.27302,0.7,,bWWBN__,bWWBN__0011,l1  [bWWBN__0011]37:57,bWWBN__0011   +001.273      001.40000      DD_Bongo,bWWBN       11/28/2017  16:00:00    +001.273,bWWBN       11/28/2017  16:00:00    +001.273,0.7,18420.0,0.388016496,WWBN,11,0.6,965.6064,high
,,WWBN_12hr,2017-11-28 16:30:00,1.411252,0.7,,bWWBN__,bWWBN__0012,l1  [bWWBN__0012]37:57,bWWBN__0012   +001.411      001.40000      DD_Bongo,bWWBN       11/28/2017  16:30:00    +001.411,bWWBN       11/28/2017  16:30:00    +001.411,0.7,20220.0,0.4301496096,WWBN,11,0.6,965.6064,high
,,WWBN_12hr,2017-11-28 17:00:00,1.568966,0.7,,bWWBN__,bWWBN__0013,l1  [bWWBN__0013]37:57,bWWBN__0013   +001.569      001.40000      DD_Bongo,bWWBN       11/28/2017  17:00:00    +001.569,bWWBN       11/28/2017  17:00:00    +001.569,0.7,22020.0,0.4782208368,WWBN,11,0.6,965.6064,high
,,WWBN_12hr,2017-11-28 17:30:00,1.685397,0.7,,bWWBN__,bWWBN__0014,l1  [bWWBN__0014]37:57,bWWBN__0014   +001.685      001.40000      DD_Bongo,bWWBN       11/28/2017  17:30:00    +001.685,bWWBN       11/28/2017  17:30:00    +001.685,0.7,23820.0,0.5137090056,WWBN,11,0.6,965.6064,high
,,WWBN_12hr,2017-11-28 18:00:00,1.813614,0.7,,bWWBN__,bWWBN__0015,l1  [bWWBN__0015]37:57,bWWBN__0015   +001.814      001.40000      DD_Bongo,bWWBN       11/28/2017  18:00:00    +001.814,bWWBN       11/28/2017  18:00:00    +001.814,0.7,25620.0,0.5527895472000001,WWBN,11,0.6,965.6064,high
,,WWBN_12hr,2017-11-28 18:30:00,1.932391,0.7,,bWWBN__,bWWBN__0016,l1  [bWWBN__0016]37:57,bWWBN__0016   +001.932      001.40000      DD_Bongo,bWWBN       11/28/2017  18:30:00    +001.932,bWWBN       11/28/2017  18:30:00    +001.932,0.7,27420.0,0.5889927768000001,WWBN,11,0.6,965.6064,high
,,WWBN_12hr,2017-11-28 19:00:00,2.05252,0.7,,bWWBN__,bWWBN__0017,l1  [bWWBN__0017]37:57,bWWBN__0017   +002.053      001.40000      DD_Bongo,bWWBN       11/28/2017  19:00:00    +002.053,bWWBN       11/28/2017  19:00:00    +002.053,0.7,29220.0,0.625608096,WWBN,11,0.6,965.6064,high
,,WWBN_12hr,2017-11-28 19:30:00,2.167666,0.7,,bWWBN__,bWWBN__0018,l1  [bWWBN__0018]37:57,bWWBN__0018   +002.168      001.40000      DD_Bongo,bWWBN       11/28/2017  19:30:00    +002.168,bWWBN       11/28/2017  19:30:00    +002.168,0.7,31020.0,0.6607045968,WWBN,11,0.6,965.6064,high
,,WWBN_12hr,2017-11-28 20:00:00,2.281587,0.7,,bWWBN__,bWWBN__0019,l1  [bWWBN__0019]37:57,bWWBN__0019   +002.282      001.40000      DD_Bongo,bWWBN       11/28/2017  20:00:00    +002.282,bWWBN       11/28/2017  20:00:00    +002.282,0.7,32820.0,0.6954277176,WWBN,11,0.6,965.6064,high
,,WWBN_12hr,2017-11-28 20:30:00,2.394446,0.7,,bWWBN__,bWWBN__0020,l1  [bWWBN__0020]37:57,bWWBN__0020   +002.394      001.40000      DD_Bongo,bWWBN       11/28/2017  20:30:00    +002.394,bWWBN       11/28/2017  20:30:00    +002.394,0.7,34620.0,0.7298271408,WWBN,11,0.6,965.6064,high
,,WWBN_12hr,2017-11-28 21:00:00,2.500168,0.7,,bWWBN__,bWWBN__0021,l1  [bWWBN__0021]37:57,bWWBN__0021   +002.500      001.40000      DD_Bongo,bWWBN       11/28/2017  21:00:00    +002.500,bWWBN       11/28/2017  21:00:00    +002.500,0.7,36420.0,0.7620512064,WWBN,11,0.6,965.6064,high
,,WWBN_12hr,2017-11-28 21:30:00,2.587178,0.7,,bWWBN__,bWWBN__0022,l1  [bWWBN__0022]37:57,bWWBN__0022   +002.587      001.40000      DD_Bongo,bWWBN       11/28/2017  21:30:00    +002.587,bWWBN       11/28/2017  21:30:00    +002.587,0.7,38220.0,0.7885718544000001,WWBN,11,0.6,965.6064,high
,,WWBN_12hr,2017-11-28 22:00:00,2.670855,0.7,,bWWBN__,bWWBN__0023,l1  [bWWBN__0023]37:57,bWWBN__0023   +002.671      001.40000      DD_Bongo,bWWBN       11/28/2017  22:00:00    +002.671,bWWBN       11/28/2017  22:00:00    +002.671,0.7,40020.0,0.814076604,WWBN,11,0.6,965.6064,high
,,WWBN_12hr,2017-11-28 22:30:00,2.763953,0.7,,bWWBN__,bWWBN__0024,l1  [bWWBN__0024]37:57,bWWBN__0024   +002.764      001.40000      DD_Bongo,bWWBN       11/28/2017  22:30:00    +002.764,bWWBN       11/28/2017  22:30:00    +002.764,0.7,41820.0,0.8424528744,WWBN,11,0.6,965.6064,high
,,WWBN_12hr,2017-11-28 23:00:00,2.852267,0.7,,bWWBN__,bWWBN__0025,l1  [bWWBN__0025]37:57,bWWBN__0025   +002.852      001.40000      DD_Bongo,bWWBN       11/28/2017  23:00:00    +002.852,bWWBN       11/28/2017  23:00:00    +002.852,0.7,43620.0,0.8693709816,WWBN,11,0.6,965.6064,high
,,WWBN_12hr,2017-11-28 23:30:00,2.92207,0.7,,bWWBN__,bWWBN__0026,l1  [bWWBN__0026]37:57,bWWBN__0026   +002.922      001.40000      DD_Bongo,bWWBN       11/28/2017  23:30:00    +002.922,bWWBN       11/28/2017  23:30:00    +002.922,0.7,45420.0,0.8906469360000001,WWBN,11,0.6,965.6064,high
,,WWBN_12hr,2017-11-29 00:00:00,3.005277,0.7,,bWWBN__,bWWBN__0027,l1  [bWWBN__0027]37:57,bWWBN__0027   +003.005      001.40000      DD_Bongo,bWWBN       11/29/2017  00:00:00    +003.005,bWWBN       11/29/2017  00:00:00    +003.005,0.7,47220.0,0.9160084296,WWBN,11,0.6,965.6064,high
,,WWBN_12hr,2017-11-29 00:30:00,3.082529,0.7,,bWWBN__,bWWBN__0028,l1  [bWWBN__0028]37:57,bWWBN__0028   +003.083      001.40000      DD_Bongo,bWWBN       11/29/2017  00:30:00    +003.083,bWWBN       11/29/2017  00:30:00    +003.083,0.7,49020.0,0.9395548392,WWBN,11,0.6,965.6064,high
,,WWBN_12hr,2017-11-29 01:00:00,3.15165,0.7,,bWWBN__,bWWBN__0029,l1  [bWWBN__0029]37:57,bWWBN__0029   +003.152      001.40000      DD_Bongo,bWWBN       11/29/2017  01:00:00    +003.152,bWWBN       11/29/2017  01:00:00    +003.152,0.7,50820.0,0.96062292,WWBN,11,0.6,965.6064,high
,,WWBN_12hr,2017-11-29 01:30:00,3.228835,0.7,,bWWBN__,bWWBN__0030,l1  [bWWBN__0030]37:57,bWWBN__0030   +003.229      001.40000      DD_Bongo,bWWBN       11/29/2017  01:30:00    +003.229,bWWBN       11/29/2017  01:30:00    +003.229,0.7,52620.0,0.984148908,WWBN,11,0.6,965.6064,high
,,WWBN_12hr,2017-11-29 02:00:00,3.303095,0.7,,bWWBN__,bWWBN__0031,l1  [bWWBN__0031]37:57,bWWBN__0031   +003.303      001.40000      DD_Bongo,bWWBN       11/29/2017  02:00:00    +003.303,bWWBN       11/29/2017  02:00:00    +003.303,0.7,54420.0,1.006783356,WWBN,11,0.6,965.6064,high
,,WWBN_12hr,2017-11-29 02:30:00,3.370928,0.7,,bWWBN__,bWWBN__0032,l1  [bWWBN__0032]37:57,bWWBN__0032   +003.371      001.40000      DD_Bongo,bWWBN       11/29/2017  02:30:00    +003.371,bWWBN       11/29/2017  02:30:00    +003.371,0.7,56220.0,1.0274588544,WWBN,11,0.6,965.6064,high
,,WWBN_12hr,2017-11-29 03:00:00,3.436976,0.7,,bWWBN__,bWWBN__0033,l1  [bWWBN__0033]37:57,bWWBN__0033   +003.437      001.40000      DD_Bongo,bWWBN       11/29/2017  03:00:00    +003.437,bWWBN       11/29/2017  03:00:00    +003.437,0.7,58020.0,1.0475902848,WWBN,11,0.6,965.6064,high
,,WWBN_12hr,2017-11-29 03:30:00,3.501384,0.7,,bWWBN__,bWWBN__0034,l1  [bWWBN__0034]37:57,bWWBN__0034   +003.501      001.40000      DD_Bongo,bWWBN       11/29/2017  03:30:00    +003.501,bWWBN       11/29/2017  03:30:00    +003.501,0.7,59820.0,1.0672218432,WWBN,11,0.6,965.6064,high
,,WWBN_12hr,2017-11-29 04:00:00,3.571221,0.7,,bWWBN__,bWWBN__0035,l1  [bWWBN__0035]37:57,bWWBN__0035   +003.571      001.40000      DD_Bongo,bWWBN       11/29/2017  04:00:00    +003.571,bWWBN       11/29/2017  04:00:00    +003.571,0.7,61620.0,1.0885081608,WWBN,11,0.6,965.6064,high
,,WWBN_12hr,2017-11-29 04:30:00,3.647005,0.7,,bWWBN__,bWWBN__0036,l1  [bWWBN__0036]37:57,bWWBN__0036   +003.647      001.40000      DD_Bongo,bWWBN       11/29/2017  04:30:00    +003.647,bWWBN       11/29/2017  04:30:00    +003.647,0.7,63420.0,1.111607124,WWBN,11,0.6,965.6064,high
,,WWBN_12hr,2017-11-29 05:00:00,3.714059,0.7,,bWWBN__,bWWBN__0037,l1  [bWWBN__0037]37:57,bWWBN__0037   +003.714      001.40000      DD_Bongo,bWWBN       11/29/2017  05:00:00    +003.714,bWWBN       11/29/2017  05:00:00    +003.714,0.7,65220.0,1.1320451832,WWBN,11,0.6,965.6064,high
,,WWBN_12hr,2017-11-29 05:30:00,3.768811,0.7,,bWWBN__,bWWBN__0038,l1  [bWWBN__0038]37:57,bWWBN__0038   +003.769      001.40000      DD_Bongo,bWWBN       11/29/2017  05:30:00    +003.769,bWWBN       11/29/2017  05:30:00    +003.769,0.7,67020.0,1.1487335928,WWBN,11,0.6,965.6064,high
,,WWBN_12hr,2017-11-29 06:00:00,3.831411,0.7,,bWWBN__,bWWBN__0039,l1  [bWWBN__0039]37:57,bWWBN__0039   +003.831      001.40000      DD_Bongo,bWWBN       11/29/2017  06:00:00    +003.831,bWWBN       11/29/2017  06:00:00    +003.831,0.7,68820.0,1.1678140728000002,WWBN,11,0.6,965.6064,high
,,WWBN_12hr,2017-11-29 10:43:00,4.439902,0.7,,bWWBN__,bWWBN__0040,l1  [bWWBN__0040]37:57,bWWBN__0040   +004.440      001.40000      DD_Bongo,bWWBN       11/29/2017  10:43:00    +004.440,bWWBN       11/29/2017  10:43:00    +004.440,0.7,85800.0,1.3532821296000002,WWBN,11,0.6,965.6064,high
,,WWBN_12hr,2017-11-29 10:44:00,4.42968,0.7,,bWWBN__,bWWBN__0041,l1  [bWWBN__0041]37:57,bWWBN__0041   +004.430      001.40000      DD_Bongo,bWWBN       11/29/2017  10:44:00    +004.430,bWWBN       11/29/2017  10:44:00    +004.430,0.7,85860.0,1.3501664640000002,WWBN,11,0.6,965.6064,high
,,WWBN_12hr,2017-12-01 13:16:00,7.477935,0.7,,bWWBN__,bWWBN__0042,l1  [bWWBN__0042]37:57,bWWBN__0042   +007.478      001.40000      DD_Bongo,bWWBN       12/01/2017  13:16:00    +007.478,bWWBN       12/01/2017  13:16:00    +007.478,0.7,267780.0,2.2792745880000003,WWBN,11,0.6,965.6064,high
,,WWBN_12hr,2017-12-02 09:34:00,8.115042,0.7,,bWWBN__,bWWBN__0043,l1  [bWWBN__0043]37:57,bWWBN__0043   +008.115      001.40000      DD_Bongo,bWWBN       12/02/2017  09:34:00    +008.115,bWWBN       12/02/2017  09:34:00    +008.115,0.7,340860.0,2.4734648016000005,WWBN,11,0.6,965.6064,high
,,WWBN_12hr,2017-12-02 09:54:00,8.12741,0.7,,bWWBN__,bWWBN__0044,l1  [bWWBN__0044]37:57,bWWBN__0044   +008.127      001.40000      DD_Bongo,bWWBN       12/02/2017  09:54:00    +008.127,bWWBN       12/02/2017  09:54:00    +008.127,0.7,342060.0,2.477234568,WWBN,11,0.6,965.6064,high
,,WWBN_12hr,2017-12-02 09:58:00,8.130084,0.7,,bWWBN__,bWWBN__0045,l1  [bWWBN__0045]37:57,bWWBN__0045   +008.130      001.40000      DD_Bongo,bWWBN       12/02/2017  09:58:00    +008.130,bWWBN       12/02/2017  09:58:00    +008.130,0.7,342300.0,2.4780496032,WWBN,11,0.6,965.6064,high
,,WWBN_12hr,2017-12-02 10:03:00,8.133518,0.7,,bWWBN__,bWWBN__0046,l1  [bWWBN__0046]37:57,bWWBN__0046   +008.134      001.40000      DD_Bongo,bWWBN       12/02/2017  10:03:00    +008.134,bWWBN       12/02/2017  10:03:00    +008.134,0.7,342600.0,2.4790962864000003,WWBN,11,0.6,965.6064,high
,,WWBN_12hr,2017-12-02 12:51:00,8.237371,0.7,,bWWBN__,bWWBN__0047,l1  [bWWBN__0047]37:57,bWWBN__0047   +008.237      001.40000      DD_Bongo,bWWBN       12/02/2017  12:51:00    +008.237,bWWBN       12/02/2017  12:51:00    +008.237,0.7,352680.0,2.5107506808,WWBN,11,0.6,965.6064,high
,,WWBN_12hr,2017-12-02 12:58:00,8.241882,0.7,,bWWBN__,bWWBN__0048,l1  [bWWBN__0048]37:57,bWWBN__0048   +008.242      001.40000      DD_Bongo,bWWBN       12/02/2017  12:58:00    +008.242,bWWBN       12/02/2017  12:58:00    +008.242,0.7,353100.0,2.5121256336,WWBN,11,0.6,965.6064,high
,,WWBN_12hr,2017-12-02 13:02:00,8.244517,0.7,,bWWBN__,bWWBN__0049,l1  [bWWBN__0049]37:57,bWWBN__0049   +008.245      001.40000      DD_Bongo,bWWBN       12/02/2017  13:02:00    +008.245,bWWBN       12/02/2017  13:02:00    +008.245,0.7,353340.0,2.5129287816000003,WWBN,11,0.6,965.6064,high
,,WWBN_12hr,2017-12-02 13:06:00,8.247104,0.7,,bWWBN__,bWWBN__0050,l1  [bWWBN__0050]37:57,bWWBN__0050   +008.247      001.40000      DD_Bongo,bWWBN       12/02/2017  13:06:00    +008.247,bWWBN       12/02/2017  13:06:00    +008.247,0.7,353580.0,2.5137172992,WWBN,11,0.6,965.6064,high
,,WWBN_12hr,2017-12-04 08:12:00,8.903277,0.7,,bWWBN__,bWWBN__0051,l1  [bWWBN__0051]37:57,bWWBN__0051   +008.903      001.40000      DD_Bongo,bWWBN       12/04/2017  08:12:00    +008.903,bWWBN       12/04/2017  08:12:00    +008.903,0.7,508740.0,2.7137188296,WWBN,11,0.6,965.6064,high
,,WWBN_12hr,2017-12-04 08:17:00,8.94622,0.7,,bWWBN__,bWWBN__0052,l1  [bWWBN__0052]37:57,bWWBN__0052   +008.946      001.40000      DD_Bongo,bWWBN       12/04/2017  08:17:00    +008.946,bWWBN       12/04/2017  08:17:00    +008.946,0.7,509040.0,2.726807856,WWBN,11,0.6,965.6064,high
,,WWBN_12hr,2017-12-04 08:25:00,9.014943,0.7,,bWWBN__,bWWBN__0053,l1  [bWWBN__0053]37:57,bWWBN__0053   +009.015      001.40000      DD_Bongo,bWWBN       12/04/2017  08:25:00    +009.015,bWWBN       12/04/2017  08:25:00    +009.015,0.7,509520.0,2.7477546264000003,WWBN,11,0.6,965.6064,high
,,WWBN_12hr,2017-12-04 08:30:00,8.995563,0.7,,bWWBN__,bWWBN__0054,l1  [bWWBN__0054]37:57,bWWBN__0054   +008.996      001.40000      DD_Bongo,bWWBN       12/04/2017  08:30:00    +008.996,bWWBN       12/04/2017  08:30:00    +008.996,0.7,509820.0,2.7418476024000005,WWBN,11,0.6,965.6064,high
,,WWBN_12hr,2017-12-04 10:48:00,9.020144,0.7,,bWWBN__,bWWBN__0055,l1  [bWWBN__0055]37:57,bWWBN__0055   +009.020      001.40000      DD_Bongo,bWWBN       12/04/2017  10:48:00    +009.020,bWWBN       12/04/2017  10:48:00    +009.020,0.7,518100.0,2.7493398912,WWBN,11,0.6,965.6064,high
,,WWBN_12hr,2017-12-04 10:50:00,9.010268,0.7,,bWWBN__,bWWBN__0056,l1  [bWWBN__0056]37:57,bWWBN__0056   +009.010      001.40000      DD_Bongo,bWWBN       12/04/2017  10:50:00    +009.010,bWWBN       12/04/2017  10:50:00    +009.010,0.7,518220.0,2.7463296864,WWBN,11,0.6,965.6064,high
,,WWBN_12hr,2017-12-04 10:53:00,9.030466,0.7,,bWWBN__,bWWBN__0057,l1  [bWWBN__0057]37:57,bWWBN__0057   +009.030      001.40000      DD_Bongo,bWWBN       12/04/2017  10:53:00    +009.030,bWWBN       12/04/2017  10:53:00    +009.030,0.7,518400.0,2.7524860368,WWBN,11,0.6,965.6064,high
,,WWBN_12hr,2017-12-06 09:02:00,3.892333,0.7,,bWWBN__,bWWBN__0058,l1  [bWWBN__0058]37:57,bWWBN__0058   +003.892      001.40000      DD_Bongo,bWWBN       12/06/2017  09:02:00    +003.892,bWWBN       12/06/2017  09:02:00    +003.892,0.7,684540.0,1.1863830984,WWBN,11,0.6,965.6064,high
,,WWBN_12hr,2017-12-06 09:15:00,3.894334,0.7,,bWWBN__,bWWBN__0059,l1  [bWWBN__0059]37:57,bWWBN__0059   +003.894      001.40000      DD_Bongo,bWWBN       12/06/2017  09:15:00    +003.894,bWWBN       12/06/2017  09:15:00    +003.894,0.7,685320.0,1.1869930032,WWBN,11,0.6,965.6064,high
,,WWBN_12hr,2017-12-06 09:30:00,3.885503,0.7,,bWWBN__,bWWBN__0060,l1  [bWWBN__0060]37:57,bWWBN__0060   +003.886      001.40000      DD_Bongo,bWWBN       12/06/2017  09:30:00    +003.886,bWWBN       12/06/2017  09:30:00    +003.886,0.7,686220.0,1.1843013144,WWBN,11,0.6,965.6064,high
,,WWBN_12hr,2017-12-06 09:45:00,3.871585,0.7,,bWWBN__,bWWBN__0061,l1  [bWWBN__0061]37:57,bWWBN__0061   +003.872      001.40000      DD_Bongo,bWWBN       12/06/2017  09:45:00    +003.872,bWWBN       12/06/2017  09:45:00    +003.872,0.7,687120.0,1.180059108,WWBN,11,0.6,965.6064,high
,,WWBN_12hr,2017-12-06 10:00:00,3.864061,0.7,,bWWBN__,bWWBN__0062,l1  [bWWBN__0062]37:57,bWWBN__0062   +003.864      001.40000      DD_Bongo,bWWBN       12/06/2017  10:00:00    +003.864,bWWBN       12/06/2017  10:00:00    +003.864,0.7,688020.0,1.1777657928,WWBN,11,0.6,965.6064,high
,,WWBN_12hr,2017-12-06 10:15:00,3.839492,0.7,,bWWBN__,bWWBN__0063,l1  [bWWBN__0063]37:57,bWWBN__0063   +003.839      001.40000      DD_Bongo,bWWBN       12/06/2017  10:15:00    +003.839,bWWBN       12/06/2017  10:15:00    +003.839,0.7,688920.0,1.1702771616,WWBN,11,0.6,965.6064,high
,,WWBN_12hr,2017-12-06 11:00:00,3.825353,0.7,,bWWBN__,bWWBN__0064,l1  [bWWBN__0064]37:57,bWWBN__0064   +003.825      001.40000      DD_Bongo,bWWBN       12/06/2017  11:00:00    +003.825,bWWBN       12/06/2017  11:00:00    +003.825,0.7,691620.0,1.1659675944,WWBN,11,0.6,965.6064,high
,,WWBN_12hr,2017-12-06 12:00:00,3.794707,0.7,,bWWBN__,bWWBN__0065,l1  [bWWBN__0065]37:57,bWWBN__0065   +003.795      001.40000      DD_Bongo,bWWBN       12/06/2017  12:00:00    +003.795,bWWBN       12/06/2017  12:00:00    +003.795,0.7,695220.0,1.1566266936,WWBN,11,0.6,965.6064,high
,,WWBN_12hr,2017-12-06 13:00:00,3.771165,0.7,,bWWBN__,bWWBN__0066,l1  [bWWBN__0066]37:57,bWWBN__0066   +003.771      001.40000      DD_Bongo,bWWBN       12/06/2017  13:00:00    +003.771,bWWBN       12/06/2017  13:00:00    +003.771,0.7,698820.0,1.149451092,WWBN,11,0.6,965.6064,high
,,WWBN_12hr,2017-12-06 14:00:00,3.730636,0.7,,bWWBN__,bWWBN__0067,l1  [bWWBN__0067]37:57,bWWBN__0067   +003.731      001.40000      DD_Bongo,bWWBN       12/06/2017  14:00:00    +003.731,bWWBN       12/06/2017  14:00:00    +003.731,0.7,702420.0,1.1370978528,WWBN,11,0.6,965.6064,high
,,WWBN_12hr,2017-12-06 15:00:00,3.686637,0.7,,bWWBN__,bWWBN__0068,l1  [bWWBN__0068]37:57,bWWBN__0068   +003.687      001.40000      DD_Bongo,bWWBN       12/06/2017  15:00:00    +003.687,bWWBN       12/06/2017  15:00:00    +003.687,0.7,706020.0,1.1236869576,WWBN,11,0.6,965.6064,high
,,WWBN_12hr,2017-12-06 16:00:00,3.662662,0.7,,bWWBN__,bWWBN__0069,l1  [bWWBN__0069]37:57,bWWBN__0069   +003.663      001.40000      DD_Bongo,bWWBN       12/06/2017  16:00:00    +003.663,bWWBN       12/06/2017  16:00:00    +003.663,0.7,709620.0,1.1163793776000002,WWBN,11,0.6,965.6064,high
,,WWBN_12hr,2017-12-06 17:00:00,3.621679,0.7,,bWWBN__,bWWBN__0070,l1  [bWWBN__0070]37:57,bWWBN__0070   +003.622      001.40000      DD_Bongo,bWWBN       12/06/2017  17:00:00    +003.622,bWWBN       12/06/2017  17:00:00    +003.622,0.7,713220.0,1.1038877592,WWBN,11,0.6,965.6064,high
,,WWBN_12hr,2017-12-06 18:00:00,3.59742,0.7,,bWWBN__,bWWBN__0071,l1  [bWWBN__0071]37:57,bWWBN__0071   +003.597      001.40000      DD_Bongo,bWWBN       12/06/2017  18:00:00    +003.597,bWWBN       12/06/2017  18:00:00    +003.597,0.7,716820.0,1.096493616,WWBN,11,0.6,965.6064,high
,,WWBN_12hr,2017-12-06 19:00:00,3.571175,0.7,,bWWBN__,bWWBN__0072,l1  [bWWBN__0072]37:57,bWWBN__0072   +003.571      001.40000      DD_Bongo,bWWBN       12/06/2017  19:00:00    +003.571,bWWBN       12/06/2017  19:00:00    +003.571,0.7,720420.0,1.08849414,WWBN,11,0.6,965.6064,high
,,WWBN_12hr,2017-12-06 20:00:00,3.531743,0.7,,bWWBN__,bWWBN__0073,l1  [bWWBN__0073]37:57,bWWBN__0073   +003.532      001.40000      DD_Bongo,bWWBN       12/06/2017  20:00:00    +003.532,bWWBN       12/06/2017  20:00:00    +003.532,0.7,724020.0,1.0764752664,WWBN,11,0.6,965.6064,high
,,WWBN_12hr,2017-12-06 21:00:00,3.49789,0.7,,bWWBN__,bWWBN__0074,l1  [bWWBN__0074]37:57,bWWBN__0074   +003.498      001.40000      DD_Bongo,bWWBN       12/06/2017  21:00:00    +003.498,bWWBN       12/06/2017  21:00:00    +003.498,0.7,727620.0,1.066156872,WWBN,11,0.6,965.6064,high
,,WWBN_12hr,2017-12-06 22:00:00,3.474696,0.7,,bWWBN__,bWWBN__0075,l1  [bWWBN__0075]37:57,bWWBN__0075   +003.475      001.40000      DD_Bongo,bWWBN       12/06/2017  22:00:00    +003.475,bWWBN       12/06/2017  22:00:00    +003.475,0.7,731220.0,1.0590873408,WWBN,11,0.6,965.6064,high
,,WWBN_12hr,2017-12-06 23:00:00,3.454401,0.7,,bWWBN__,bWWBN__0076,l1  [bWWBN__0076]37:57,bWWBN__0076   +003.454      001.40000      DD_Bongo,bWWBN       12/06/2017  23:00:00    +003.454,bWWBN       12/06/2017  23:00:00    +003.454,0.7,734820.0,1.0529014248,WWBN,11,0.6,965.6064,high
,,WWBN_12hr,2017-12-07 00:00:00,3.431267,0.7,,bWWBN__,bWWBN__0077,l1  [bWWBN__0077]37:57,bWWBN__0077   +003.431      001.40000      DD_Bongo,bWWBN       12/07/2017  00:00:00    +003.431,bWWBN       12/07/2017  00:00:00    +003.431,0.7,738420.0,1.0458501816,WWBN,11,0.6,965.6064,high
,,WWBN_12hr,2017-12-07 01:00:00,3.404093,0.7,,bWWBN__,bWWBN__0078,l1  [bWWBN__0078]37:57,bWWBN__0078   +003.404      001.40000      DD_Bongo,bWWBN       12/07/2017  01:00:00    +003.404,bWWBN       12/07/2017  01:00:00    +003.404,0.7,742020.0,1.0375675464,WWBN,11,0.6,965.6064,high
,,WWBN_12hr,2017-12-07 02:00:00,3.376173,0.7,,bWWBN__,bWWBN__0079,l1  [bWWBN__0079]37:57,bWWBN__0079   +003.376      001.40000      DD_Bongo,bWWBN       12/07/2017  02:00:00    +003.376,bWWBN       12/07/2017  02:00:00    +003.376,0.7,745620.0,1.0290575304,WWBN,11,0.6,965.6064,high
,,WWBN_12hr,2017-12-07 03:00:00,3.361601,0.7,,bWWBN__,bWWBN__0080,l1  [bWWBN__0080]37:57,bWWBN__0080   +003.362      001.40000      DD_Bongo,bWWBN       12/07/2017  03:00:00    +003.362,bWWBN       12/07/2017  03:00:00    +003.362,0.7,749220.0,1.0246159848,WWBN,11,0.6,965.6064,high
,,WWBN_12hr,2017-12-07 04:00:00,3.335646,0.7,,bWWBN__,bWWBN__0081,l1  [bWWBN__0081]37:57,bWWBN__0081   +003.336      001.40000      DD_Bongo,bWWBN       12/07/2017  04:00:00    +003.336,bWWBN       12/07/2017  04:00:00    +003.336,0.7,752820.0,1.0167049008,WWBN,11,0.6,965.6064,high
,,WWBN_12hr,2017-12-07 05:00:00,3.310427,0.7,,bWWBN__,bWWBN__0082,l1  [bWWBN__0082]37:57,bWWBN__0082   +003.310      001.40000      DD_Bongo,bWWBN       12/07/2017  05:00:00    +003.310,bWWBN       12/07/2017  05:00:00    +003.310,0.7,756420.0,1.0090181496,WWBN,11,0.6,965.6064,high
,,WWBN_12hr,2017-12-07 06:00:00,3.282788,0.7,,bWWBN__,bWWBN__0083,l1  [bWWBN__0083]37:57,bWWBN__0083   +003.283      001.40000      DD_Bongo,bWWBN       12/07/2017  06:00:00    +003.283,bWWBN       12/07/2017  06:00:00    +003.283,0.7,760020.0,1.0005937824,WWBN,11,0.6,965.6064,high
,,WWBN_12hr,2017-12-07 07:00:00,3.263223,0.7,,bWWBN__,bWWBN__0084,l1  [bWWBN__0084]37:57,bWWBN__0084   +003.263      001.40000      DD_Bongo,bWWBN       12/07/2017  07:00:00    +003.263,bWWBN       12/07/2017  07:00:00    +003.263,0.7,763620.0,0.9946303704,WWBN,11,0.6,965.6064,high
,,WWBN_12hr,2017-12-07 08:00:00,3.225122,0.7,,bWWBN__,bWWBN__0085,l1  [bWWBN__0085]37:57,bWWBN__0085   +003.225      001.40000      DD_Bongo,bWWBN       12/07/2017  08:00:00    +003.225,bWWBN       12/07/2017  08:00:00    +003.225,0.7,767220.0,0.9830171856,WWBN,11,0.6,965.6064,high
,,WWBN_12hr,2017-12-07 09:00:00,3.201474,0.7,,bWWBN__,bWWBN__0086,l1  [bWWBN__0086]37:57,bWWBN__0086   +003.201      001.40000      DD_Bongo,bWWBN       12/07/2017  09:00:00    +003.201,bWWBN       12/07/2017  09:00:00    +003.201,0.7,770820.0,0.9758092752,WWBN,11,0.6,965.6064,high
,,WWBN_12hr,2017-12-07 10:00:00,3.171298,0.7,,bWWBN__,bWWBN__0087,l1  [bWWBN__0087]37:57,bWWBN__0087   +003.171      001.40000      DD_Bongo,bWWBN       12/07/2017  10:00:00    +003.171,bWWBN       12/07/2017  10:00:00    +003.171,0.7,774420.0,0.9666116304,WWBN,11,0.6,965.6064,high
,,WWBN_12hr,2017-12-07 11:00:00,3.152066,0.7,,bWWBN__,bWWBN__0088,l1  [bWWBN__0088]37:57,bWWBN__0088   +003.152      001.40000      DD_Bongo,bWWBN       12/07/2017  11:00:00    +003.152,bWWBN       12/07/2017  11:00:00    +003.152,0.7,778020.0,0.9607497168,WWBN,11,0.6,965.6064,high
,,WWBN_12hr,2017-12-07 12:00:00,3.129277,0.7,,bWWBN__,bWWBN__0089,l1  [bWWBN__0089]37:57,bWWBN__0089   +003.129      001.40000      DD_Bongo,bWWBN       12/07/2017  12:00:00    +003.129,bWWBN       12/07/2017  12:00:00    +003.129,0.7,781620.0,0.9538036296,WWBN,11,0.6,965.6064,high
,,WWBN_12hr,2017-12-07 13:00:00,3.102723,0.7,,bWWBN__,bWWBN__0090,l1  [bWWBN__0090]37:57,bWWBN__0090   +003.103      001.40000      DD_Bongo,bWWBN       12/07/2017  13:00:00    +003.103,bWWBN       12/07/2017  13:00:00    +003.103,0.7,785220.0,0.9457099704,WWBN,11,0.6,965.6064,high
,,WWBN_12hr,2017-12-07 14:00:00,3.076724,0.7,,bWWBN__,bWWBN__0091,l1  [bWWBN__0091]37:57,bWWBN__0091   +003.077      001.40000      DD_Bongo,bWWBN       12/07/2017  14:00:00    +003.077,bWWBN       12/07/2017  14:00:00    +003.077,0.7,788820.0,0.9377854752,WWBN,11,0.6,965.6064,high
,,WWBN_12hr,2017-12-07 15:00:00,3.038303,0.7,,bWWBN__,bWWBN__0092,l1  [bWWBN__0092]37:57,bWWBN__0092   +003.038      001.40000      DD_Bongo,bWWBN       12/07/2017  15:00:00    +003.038,bWWBN       12/07/2017  15:00:00    +003.038,0.7,792420.0,0.9260747544,WWBN,11,0.6,965.6064,high
,,WWBN_12hr,2017-12-07 16:00:00,3.016097,0.7,,bWWBN__,bWWBN__0093,l1  [bWWBN__0093]37:57,bWWBN__0093   +003.016      001.40000      DD_Bongo,bWWBN       12/07/2017  16:00:00    +003.016,bWWBN       12/07/2017  16:00:00    +003.016,0.7,796020.0,0.9193063656,WWBN,11,0.6,965.6064,high
,,WWBN_12hr,2017-12-07 17:00:00,2.997406,0.7,,bWWBN__,bWWBN__0094,l1  [bWWBN__0094]37:57,bWWBN__0094   +002.997      001.40000      DD_Bongo,bWWBN       12/07/2017  17:00:00    +002.997,bWWBN       12/07/2017  17:00:00    +002.997,0.7,799620.0,0.9136093488,WWBN,11,0.6,965.6064,high
,,WWBN_12hr,2017-12-07 18:00:00,2.981612,0.7,,bWWBN__,bWWBN__0095,l1  [bWWBN__0095]37:57,bWWBN__0095   +002.982      001.40000      DD_Bongo,bWWBN       12/07/2017  18:00:00    +002.982,bWWBN       12/07/2017  18:00:00    +002.982,0.7,803220.0,0.9087953376,WWBN,11,0.6,965.6064,high
,,WWBN_12hr,2017-12-07 19:00:00,2.94845,0.7,,bWWBN__,bWWBN__0096,l1  [bWWBN__0096]37:57,bWWBN__0096   +002.948      001.40000      DD_Bongo,bWWBN       12/07/2017  19:00:00    +002.948,bWWBN       12/07/2017  19:00:00    +002.948,0.7,806820.0,0.8986875599999999,WWBN,11,0.6,965.6064,high
,,WWBN_12hr,2017-12-07 20:00:00,2.921836,0.7,,bWWBN__,bWWBN__0097,l1  [bWWBN__0097]37:57,bWWBN__0097   +002.922      001.40000      DD_Bongo,bWWBN       12/07/2017  20:00:00    +002.922,bWWBN       12/07/2017  20:00:00    +002.922,0.7,810420.0,0.8905756128,WWBN,11,0.6,965.6064,high
,,WWBN_12hr,2017-12-07 21:00:00,2.901316,0.7,,bWWBN__,bWWBN__0098,l1  [bWWBN__0098]37:57,bWWBN__0098   +002.901      001.40000      DD_Bongo,bWWBN       12/07/2017  21:00:00    +002.901,bWWBN       12/07/2017  21:00:00    +002.901,0.7,814020.0,0.8843211168,WWBN,11,0.6,965.6064,high
,,WWBN_12hr,2017-12-07 22:00:00,2.887273,0.7,,bWWBN__,bWWBN__0099,l1  [bWWBN__0099]37:57,bWWBN__0099   +002.887      001.40000      DD_Bongo,bWWBN       12/07/2017  22:00:00    +002.887,bWWBN       12/07/2017  22:00:00    +002.887,0.7,817620.0,0.8800408104,WWBN,11,0.6,965.6064,high
,,WWBN_12hr,2017-12-07 23:00:00,2.846838,0.7,,bWWBN__,bWWBN__0100,l1  [bWWBN__0100]37:57,bWWBN__0100   +002.847      001.40000      DD_Bongo,bWWBN       12/07/2017  23:00:00    +002.847,bWWBN       12/07/2017  23:00:00    +002.847,0.7,821220.0,0.8677162224,WWBN,11,0.6,965.6064,high
,,WWBN_12hr,2017-12-08 00:00:00,2.831311,0.7,,bWWBN__,bWWBN__0101,l1  [bWWBN__0101]37:57,bWWBN__0101   +002.831      001.40000      DD_Bongo,bWWBN       12/08/2017  00:00:00    +002.831,bWWBN       12/08/2017  00:00:00    +002.831,0.7,824820.0,0.8629835928,WWBN,11,0.6,965.6064,high
,,WWBN_12hr,2017-12-08 01:00:00,2.811503,0.7,,bWWBN__,bWWBN__0102,l1  [bWWBN__0102]37:57,bWWBN__0102   +002.812      001.40000      DD_Bongo,bWWBN       12/08/2017  01:00:00    +002.812,bWWBN       12/08/2017  01:00:00    +002.812,0.7,828420.0,0.8569461144,WWBN,11,0.6,965.6064,high
,,WWBN_12hr,2017-12-08 02:00:00,2.807931,0.7,,bWWBN__,bWWBN__0103,l1  [bWWBN__0103]37:57,bWWBN__0103   +002.808      001.40000      DD_Bongo,bWWBN       12/08/2017  02:00:00    +002.808,bWWBN       12/08/2017  02:00:00    +002.808,0.7,832020.0,0.8558573688000001,WWBN,11,0.6,965.6064,high
,,WWBN_12hr,2017-12-08 03:00:00,2.777838,0.7,,bWWBN__,bWWBN__0104,l1  [bWWBN__0104]37:57,bWWBN__0104   +002.778      001.40000      DD_Bongo,bWWBN       12/08/2017  03:00:00    +002.778,bWWBN       12/08/2017  03:00:00    +002.778,0.7,835620.0,0.8466850224000001,WWBN,11,0.6,965.6064,high
,,WWBN_12hr,2017-12-08 04:00:00,2.759349,0.7,,bWWBN__,bWWBN__0105,l1  [bWWBN__0105]37:57,bWWBN__0105   +002.759      001.40000      DD_Bongo,bWWBN       12/08/2017  04:00:00    +002.759,bWWBN       12/08/2017  04:00:00    +002.759,0.7,839220.0,0.8410495752,WWBN,11,0.6,965.6064,high
,,WWBN_12hr,2017-12-08 05:00:00,2.731753,0.7,,bWWBN__,bWWBN__0106,l1  [bWWBN__0106]37:57,bWWBN__0106   +002.732      001.40000      DD_Bongo,bWWBN       12/08/2017  05:00:00    +002.732,bWWBN       12/08/2017  05:00:00    +002.732,0.7,842820.0,0.8326383144,WWBN,11,0.6,965.6064,high
,,WWBN_12hr,2017-12-08 06:00:00,2.733524,0.7,,bWWBN__,bWWBN__0107,l1  [bWWBN__0107]37:57,bWWBN__0107   +002.734      001.40000      DD_Bongo,bWWBN       12/08/2017  06:00:00    +002.734,bWWBN       12/08/2017  06:00:00    +002.734,0.7,846420.0,0.8331781152000001,WWBN,11,0.6,965.6064,high
,,WWBN_12hr,2017-12-08 07:00:00,2.694217,0.7,,bWWBN__,bWWBN__0108,l1  [bWWBN__0108]37:57,bWWBN__0108   +002.694      001.40000      DD_Bongo,bWWBN       12/08/2017  07:00:00    +002.694,bWWBN       12/08/2017  07:00:00    +002.694,0.7,850020.0,0.8211973416,WWBN,11,0.6,965.6064,high
,,WWBN_12hr,2017-12-08 08:00:00,2.679979,0.7,,bWWBN__,bWWBN__0109,l1  [bWWBN__0109]37:57,bWWBN__0109   +002.680      001.40000      DD_Bongo,bWWBN       12/08/2017  08:00:00    +002.680,bWWBN       12/08/2017  08:00:00    +002.680,0.7,853620.0,0.8168575992,WWBN,11,0.6,965.6064,high
,,WWBN_12hr,2017-12-08 09:00:00,2.655313,0.7,,bWWBN__,bWWBN__0110,l1  [bWWBN__0110]37:57,bWWBN__0110   +002.655      001.40000      DD_Bongo,bWWBN       12/08/2017  09:00:00    +002.655,bWWBN       12/08/2017  09:00:00    +002.655,0.7,857220.0,0.8093394024,WWBN,11,0.6,965.6064,high
,,WWBN_12hr,2017-12-08 10:00:00,2.628625,0.7,,bWWBN__,bWWBN__0111,l1  [bWWBN__0111]37:57,bWWBN__0111   +002.629      001.40000      DD_Bongo,bWWBN       12/08/2017  10:00:00    +002.629,bWWBN       12/08/2017  10:00:00    +002.629,0.7,860820.0,0.8012049,WWBN,11,0.6,965.6064,high
,,WWBN_12hr,2017-12-08 11:00:00,2.613081,0.7,,bWWBN__,bWWBN__0112,l1  [bWWBN__0112]37:57,bWWBN__0112   +002.613      001.40000      DD_Bongo,bWWBN       12/08/2017  11:00:00    +002.613,bWWBN       12/08/2017  11:00:00    +002.613,0.7,864420.0,0.7964670888000001,WWBN,11,0.6,965.6064,high
,,WWBN_12hr,2017-12-08 12:00:00,2.608986,0.7,,bWWBN__,bWWBN__0113,l1  [bWWBN__0113]37:57,bWWBN__0113   +002.609      001.40000      DD_Bongo,bWWBN       12/08/2017  12:00:00    +002.609,bWWBN       12/08/2017  12:00:00    +002.609,0.7,868020.0,0.7952189328,WWBN,11,0.6,965.6064,high
,,WWBN_12hr,2017-12-08 13:00:00,2.587172,0.7,,bWWBN__,bWWBN__0114,l1  [bWWBN__0114]37:57,bWWBN__0114   +002.587      001.40000      DD_Bongo,bWWBN       12/08/2017  13:00:00    +002.587,bWWBN       12/08/2017  13:00:00    +002.587,0.7,871620.0,0.7885700256,WWBN,11,0.6,965.6064,high
,,WWBN_12hr,2017-12-08 14:00:00,2.558825,0.7,,bWWBN__,bWWBN__0115,l1  [bWWBN__0115]37:57,bWWBN__0115   +002.559      001.40000      DD_Bongo,bWWBN       12/08/2017  14:00:00    +002.559,bWWBN       12/08/2017  14:00:00    +002.559,0.7,875220.0,0.7799298600000001,WWBN,11,0.6,965.6064,high
,,WWBN_12hr,2017-12-08 15:00:00,2.545671,0.7,,bWWBN__,bWWBN__0116,l1  [bWWBN__0116]37:57,bWWBN__0116   +002.546      001.40000      DD_Bongo,bWWBN       12/08/2017  15:00:00    +002.546,bWWBN       12/08/2017  15:00:00    +002.546,0.7,878820.0,0.7759205208000001,WWBN,11,0.6,965.6064,high
,,WWBN_12hr,2017-12-08 16:00:00,2.530347,0.7,,bWWBN__,bWWBN__0117,l1  [bWWBN__0117]37:57,bWWBN__0117   +002.530      001.40000      DD_Bongo,bWWBN       12/08/2017  16:00:00    +002.530,bWWBN       12/08/2017  16:00:00    +002.530,0.7,882420.0,0.7712497656,WWBN,11,0.6,965.6064,high
,,WWBN_12hr,2017-12-08 17:00:00,2.511781,0.7,,bWWBN__,bWWBN__0118,l1  [bWWBN__0118]37:57,bWWBN__0118   +002.512      001.40000      DD_Bongo,bWWBN       12/08/2017  17:00:00    +002.512,bWWBN       12/08/2017  17:00:00    +002.512,0.7,886020.0,0.7655908488000001,WWBN,11,0.6,965.6064,high
,,WWBN_12hr,2017-12-08 18:00:00,2.502758,0.7,,bWWBN__,bWWBN__0119,l1  [bWWBN__0119]37:57,bWWBN__0119   +002.503      001.40000      DD_Bongo,bWWBN       12/08/2017  18:00:00    +002.503,bWWBN       12/08/2017  18:00:00    +002.503,0.7,889620.0,0.7628406384,WWBN,11,0.6,965.6064,high
,,WWBN_12hr,2017-12-09 06:00:00,2.333813,0.1,,bWWBN__,bWWBN__0120,l1  [bWWBN__0120]37:57,bWWBN__0120   +002.334      000.20000      DD_Bongo,bWWBN       12/09/2017  06:00:00    +002.334,bWWBN       12/09/2017  06:00:00    +002.334,0.1,932820.0,0.7113462024000001,WWBN,11,0.6,965.6064,high
,,WWBN_12hr,2017-12-09 18:00:00,2.19244,0.1,,bWWBN__,bWWBN__0121,l1  [bWWBN__0121]37:57,bWWBN__0121   +002.192      000.20000      DD_Bongo,bWWBN       12/09/2017  18:00:00    +002.192,bWWBN       12/09/2017  18:00:00    +002.192,0.1,976020.0,0.668255712,WWBN,11,0.6,965.6064,high
,,WWBN_12hr,2017-12-10 06:00:00,2.063234,0.1,,bWWBN__,bWWBN__0122,l1  [bWWBN__0122]37:57,bWWBN__0122   +002.063      000.20000      DD_Bongo,bWWBN       12/10/2017  06:00:00    +002.063,bWWBN       12/10/2017  06:00:00    +002.063,0.1,1019220.0,0.6288737232,WWBN,11,0.6,965.6064,high
,,WWBN_12hr,2017-12-10 18:00:00,1.966739,0.1,,bWWBN__,bWWBN__0123,l1  [bWWBN__0123]37:57,bWWBN__0123   +001.967      000.20000      DD_Bongo,bWWBN       12/10/2017  18:00:00    +001.967,bWWBN       12/10/2017  18:00:00    +001.967,0.1,1062420.0,0.5994620472000001,WWBN,11,0.6,965.6064,high
,,WWBN_12hr,2017-12-11 06:00:00,1.864784,0.1,,bWWBN__,bWWBN__0124,l1  [bWWBN__0124]37:57,bWWBN__0124   +001.865      000.20000      DD_Bongo,bWWBN       12/11/2017  06:00:00    +001.865,bWWBN       12/11/2017  06:00:00    +001.865,0.1,1105620.0,0.5683861632,WWBN,11,0.6,965.6064,high
,,WWBN_12hr,2017-12-11 18:00:00,1.750174,0.1,,bWWBN__,bWWBN__0125,l1  [bWWBN__0125]37:57,bWWBN__0125   +001.750      000.20000      DD_Bongo,bWWBN       12/11/2017  18:00:00    +001.750,bWWBN       12/11/2017  18:00:00    +001.750,0.1,1148820.0,0.5334530352,WWBN,11,0.6,965.6064,high
,,WWBN_12hr,2017-12-12 06:00:00,1.635281,0.1,,bWWBN__,bWWBN__0126,l1  [bWWBN__0126]37:57,bWWBN__0126   +001.635      000.20000      DD_Bongo,bWWBN       12/12/2017  06:00:00    +001.635,bWWBN       12/12/2017  06:00:00    +001.635,0.1,1192020.0,0.4984336488,WWBN,11,0.6,965.6064,high
,,WWBN_12hr,2017-12-12 18:00:00,1.558266,0.1,,bWWBN__,bWWBN__0127,l1  [bWWBN__0127]37:57,bWWBN__0127   +001.558      000.20000      DD_Bongo,bWWBN       12/12/2017  18:00:00    +001.558,bWWBN       12/12/2017  18:00:00    +001.558,0.1,1235220.0,0.4749594768,WWBN,11,0.6,965.6064,high
,,WWBN_12hr,2017-12-13 06:00:00,1.474707,0.1,,bWWBN__,bWWBN__0128,l1  [bWWBN__0128]37:57,bWWBN__0128   +001.475      000.20000      DD_Bongo,bWWBN       12/13/2017  06:00:00    +001.475,bWWBN       12/13/2017  06:00:00    +001.475,0.1,1278420.0,0.4494906936,WWBN,11,0.6,965.6064,high
,,WWBN_12hr,2017-12-13 18:00:00,1.408996,0.1,,bWWBN__,bWWBN__0129,l1  [bWWBN__0129]37:57,bWWBN__0129   +001.409      000.20000      DD_Bongo,bWWBN       12/13/2017  18:00:00    +001.409,bWWBN       12/13/2017  18:00:00    +001.409,0.1,1321620.0,0.4294619808,WWBN,11,0.6,965.6064,high
,,WWBN_12hr,2017-12-14 06:00:00,1.354548,0.1,,bWWBN__,bWWBN__0130,l1  [bWWBN__0130]37:57,bWWBN__0130   +001.355      000.20000      DD_Bongo,bWWBN       12/14/2017  06:00:00    +001.355,bWWBN       12/14/2017  06:00:00    +001.355,0.1,1364820.0,0.4128662304,WWBN,11,0.6,965.6064,high
,,WWBN_12hr,2017-12-14 18:00:00,1.336791,0.1,,bWWBN__,bWWBN__0131,l1  [bWWBN__0131]37:57,bWWBN__0131   +001.337      000.20000      DD_Bongo,bWWBN       12/14/2017  18:00:00    +001.337,bWWBN       12/14/2017  18:00:00    +001.337,0.1,1408020.0,0.4074538968,WWBN,11,0.6,965.6064,high
,,WWBN_12hr,2017-12-15 06:00:00,1.281958,0.1,,bWWBN__,bWWBN__0132,l1  [bWWBN__0132]37:57,bWWBN__0132   +001.282      000.20000      DD_Bongo,bWWBN       12/15/2017  06:00:00    +001.282,bWWBN       12/15/2017  06:00:00    +001.282,0.1,1451220.0,0.3907407984,WWBN,11,0.6,965.6064,high
,,WWBN_12hr,2017-12-15 18:00:00,1.228091,0.1,,bWWBN__,bWWBN__0133,l1  [bWWBN__0133]37:57,bWWBN__0133   +001.228      000.20000      DD_Bongo,bWWBN       12/15/2017  18:00:00    +001.228,bWWBN       12/15/2017  18:00:00    +001.228,0.1,1494420.0,0.3743221368,WWBN,11,0.6,965.6064,high
,,WWBN_12hr,2017-12-16 06:00:00,1.167406,0.1,,bWWBN__,bWWBN__0134,l1  [bWWBN__0134]37:57,bWWBN__0134   +001.167      000.20000      DD_Bongo,bWWBN       12/16/2017  06:00:00    +001.167,bWWBN       12/16/2017  06:00:00    +001.167,0.1,1537620.0,0.3558253488,WWBN,11,0.6,965.6064,high
,,WWBN_12hr,2017-12-16 18:00:00,1.104496,0.1,,bWWBN__,bWWBN__0135,l1  [bWWBN__0135]37:57,bWWBN__0135   +001.104      000.20000      DD_Bongo,bWWBN       12/16/2017  18:00:00    +001.104,bWWBN       12/16/2017  18:00:00    +001.104,0.1,1580820.0,0.3366503808,WWBN,11,0.6,965.6064,high
,,WWBN_12hr,2017-12-17 06:00:00,1.087991,0.1,,bWWBN__,bWWBN__0136,l1  [bWWBN__0136]37:57,bWWBN__0136   +001.088      000.20000      DD_Bongo,bWWBN       12/17/2017  06:00:00    +001.088,bWWBN       12/17/2017  06:00:00    +001.088,0.1,1624020.0,0.3316196568,WWBN,11,0.6,965.6064,high
,,WWBN_12hr,2017-12-17 18:00:00,1.082817,0.1,,bWWBN__,bWWBN__0137,l1  [bWWBN__0137]37:57,bWWBN__0137   +001.083      000.20000      DD_Bongo,bWWBN       12/17/2017  18:00:00    +001.083,bWWBN       12/17/2017  18:00:00    +001.083,0.1,1667220.0,0.3300426216,WWBN,11,0.6,965.6064,high
,,WWBN_12hr,2017-12-18 06:00:00,1.044489,0.1,,bWWBN__,bWWBN__0138,l1  [bWWBN__0138]37:57,bWWBN__0138   +001.044      000.20000      DD_Bongo,bWWBN       12/18/2017  06:00:00    +001.044,bWWBN       12/18/2017  06:00:00    +001.044,0.1,1710420.0,0.3183602472,WWBN,11,0.6,965.6064,high
,,WWBN_12hr,2017-12-18 18:00:00,0.9983575,0.1,,bWWBN__,bWWBN__0139,l1  [bWWBN__0139]37:57,bWWBN__0139   +000.998      000.20000      DD_Bongo,bWWBN       12/18/2017  18:00:00    +000.998,bWWBN       12/18/2017  18:00:00    +000.998,0.1,1753620.0,0.304299366,WWBN,11,0.6,965.6064,high
,,WWBN_12hr,2017-12-19 06:00:00,0.9483236,0.1,,bWWBN__,bWWBN__0140,l1  [bWWBN__0140]37:57,bWWBN__0140   +000.948      000.20000      DD_Bongo,bWWBN       12/19/2017  06:00:00    +000.948,bWWBN       12/19/2017  06:00:00    +000.948,0.1,1796820.0,0.28904903328,WWBN,11,0.6,965.6064,high
,,WWBN_12hr,2017-12-19 18:00:00,0.9570914,0.1,,bWWBN__,bWWBN__0141,l1  [bWWBN__0141]37:57,bWWBN__0141   +000.957      000.20000      DD_Bongo,bWWBN       12/19/2017  18:00:00    +000.957,bWWBN       12/19/2017  18:00:00    +000.957,0.1,1840020.0,0.29172145872,WWBN,11,0.6,965.6064,high
,,WWBN_12hr,2017-12-20 06:00:00,0.9658669,0.1,,bWWBN__,bWWBN__0142,l1  [bWWBN__0142]37:57,bWWBN__0142   +000.966      000.20000      DD_Bongo,bWWBN       12/20/2017  06:00:00    +000.966,bWWBN       12/20/2017  06:00:00    +000.966,0.1,1883220.0,0.29439623112,WWBN,11,0.6,965.6064,high
,,WWBN_12hr,2017-12-20 18:00:00,0.9232231,0.1,,bWWBN__,bWWBN__0143,l1  [bWWBN__0143]37:57,bWWBN__0143   +000.923      000.20000      DD_Bongo,bWWBN       12/20/2017  18:00:00    +000.923,bWWBN       12/20/2017  18:00:00    +000.923,0.1,1926420.0,0.28139840088,WWBN,11,0.6,965.6064,high
,,WWBN_12hr,2017-12-21 06:00:00,0.9509659,0.1,,bWWBN__,bWWBN__0144,l1  [bWWBN__0144]37:57,bWWBN__0144   +000.951      000.20000      DD_Bongo,bWWBN       12/21/2017  06:00:00    +000.951,bWWBN       12/21/2017  06:00:00    +000.951,0.1,1969620.0,0.28985440632,WWBN,11,0.6,965.6064,high
,,WWBN_12hr,2017-12-21 18:00:00,0.91124,0.1,,bWWBN__,bWWBN__0145,l1  [bWWBN__0145]37:57,bWWBN__0145   +000.911      000.20000      DD_Bongo,bWWBN       12/21/2017  18:00:00    +000.911,bWWBN       12/21/2017  18:00:00    +000.911,0.1,2012820.0,0.277745952,WWBN,11,0.6,965.6064,high
,,WWBN_12hr,2017-12-22 06:00:00,0.8837624,0.1,,bWWBN__,bWWBN__0146,l1  [bWWBN__0146]37:57,bWWBN__0146   +000.884      000.20000      DD_Bongo,bWWBN       12/22/2017  06:00:00    +000.884,bWWBN       12/22/2017  06:00:00    +000.884,0.1,2056020.0,0.26937077952,WWBN,11,0.6,965.6064,high
,,WWBN_12hr,2017-12-22 18:00:00,0.8437355,0.1,,bWWBN__,bWWBN__0147,l1  [bWWBN__0147]37:57,bWWBN__0147   +000.844      000.20000      DD_Bongo,bWWBN       12/22/2017  18:00:00    +000.844,bWWBN       12/22/2017  18:00:00    +000.844,0.1,2099220.0,0.2571705804,WWBN,11,0.6,965.6064,high
,,WWBN_12hr,2017-12-23 06:00:00,0.8481852,0.1,,bWWBN__,bWWBN__0148,l1  [bWWBN__0148]37:57,bWWBN__0148   +000.848      000.20000      DD_Bongo,bWWBN       12/23/2017  06:00:00    +000.848,bWWBN       12/23/2017  06:00:00    +000.848,0.1,2142420.0,0.25852684896,WWBN,11,0.6,965.6064,high
,,WWBN_12hr,2017-12-23 18:00:00,0.8158609,0.1,,bWWBN__,bWWBN__0149,l1  [bWWBN__0149]37:57,bWWBN__0149   +000.816      000.20000      DD_Bongo,bWWBN       12/23/2017  18:00:00    +000.816,bWWBN       12/23/2017  18:00:00    +000.816,0.1,2185620.0,0.24867440232,WWBN,11,0.6,965.6064,high
,,WWBN_12hr,2017-12-24 06:00:00,0.7990193,0.1,,bWWBN__,bWWBN__0150,l1  [bWWBN__0150]37:57,bWWBN__0150   +000.799      000.20000      DD_Bongo,bWWBN       12/24/2017  06:00:00    +000.799,bWWBN       12/24/2017  06:00:00    +000.799,0.1,2228820.0,0.24354108264,WWBN,11,0.6,965.6064,high
,,WWBN_12hr,2017-12-24 18:00:00,0.7897801,0.1,,bWWBN__,bWWBN__0151,l1  [bWWBN__0151]37:57,bWWBN__0151   +000.790      000.20000      DD_Bongo,bWWBN       12/24/2017  18:00:00    +000.790,bWWBN       12/24/2017  18:00:00    +000.790,0.1,2272020.0,0.24072497448,WWBN,11,0.6,965.6064,high
,,WWBN_12hr,2017-12-25 06:00:00,0.7366338,0.1,,bWWBN__,bWWBN__0152,l1  [bWWBN__0152]37:57,bWWBN__0152   +000.737      000.20000      DD_Bongo,bWWBN       12/25/2017  06:00:00    +000.737,bWWBN       12/25/2017  06:00:00    +000.737,0.1,2315220.0,0.22452598224,WWBN,11,0.6,965.6064,high
,,WWBN_12hr,2017-12-25 18:00:00,0.7113127,0.1,,bWWBN__,bWWBN__0153,l1  [bWWBN__0153]37:57,bWWBN__0153   +000.711      000.20000      DD_Bongo,bWWBN       12/25/2017  18:00:00    +000.711,bWWBN       12/25/2017  18:00:00    +000.711,0.1,2358420.0,0.21680811096,WWBN,11,0.6,965.6064,high
,,WWBN_12hr,2017-12-26 06:00:00,0.7258671,0.1,,bWWBN__,bWWBN__0154,l1  [bWWBN__0154]37:57,bWWBN__0154   +000.726      000.20000      DD_Bongo,bWWBN       12/26/2017  06:00:00    +000.726,bWWBN       12/26/2017  06:00:00    +000.726,0.1,2401620.0,0.22124429208,WWBN,11,0.6,965.6064,high
,,WWBN_12hr,2017-12-26 18:00:00,0.7112833,0.1,,bWWBN__,bWWBN__0155,l1  [bWWBN__0155]37:57,bWWBN__0155   +000.711      000.20000      DD_Bongo,bWWBN       12/26/2017  18:00:00    +000.711,bWWBN       12/26/2017  18:00:00    +000.711,0.1,2444820.0,0.2167991498399999,WWBN,11,0.6,965.6064,high
,,WWBN_12hr,2017-12-27 06:00:00,0.6931461,0.1,,bWWBN__,bWWBN__0156,l1  [bWWBN__0156]37:57,bWWBN__0156   +000.693      000.20000      DD_Bongo,bWWBN       12/27/2017  06:00:00    +000.693,bWWBN       12/27/2017  06:00:00    +000.693,0.1,2488020.0,0.21127093128,WWBN,11,0.6,965.6064,high
,,WWBN_12hr,2017-12-27 18:00:00,0.666369,0.1,,bWWBN__,bWWBN__0157,l1  [bWWBN__0157]37:57,bWWBN__0157   +000.666      000.20000      DD_Bongo,bWWBN       12/27/2017  18:00:00    +000.666,bWWBN       12/27/2017  18:00:00    +000.666,0.1,2531220.0,0.2031092712,WWBN,11,0.6,965.6064,high
,,WWBN_12hr,2017-12-28 06:00:00,0.6121684,0.1,,bWWBN__,bWWBN__0158,l1  [bWWBN__0158]37:57,bWWBN__0158   +000.612      000.20000      DD_Bongo,bWWBN       12/28/2017  06:00:00    +000.612,bWWBN       12/28/2017  06:00:00    +000.612,0.1,2574420.0,0.1865889283199999,WWBN,11,0.6,965.6064,high
,,WWBN_12hr,2017-12-28 18:00:00,0.596378,0.1,,bWWBN__,bWWBN__0159,l1  [bWWBN__0159]37:57,bWWBN__0159   +000.596      000.20000      DD_Bongo,bWWBN       12/28/2017  18:00:00    +000.596,bWWBN       12/28/2017  18:00:00    +000.596,0.1,2617620.0,0.1817760144,WWBN,11,0.6,965.6064,high
,,WWBN_12hr,2017-12-29 06:00:00,0.595069,0.1,,bWWBN__,bWWBN__0160,l1  [bWWBN__0160]37:57,bWWBN__0160   +000.595      000.20000      DD_Bongo,bWWBN       12/29/2017  06:00:00    +000.595,bWWBN       12/29/2017  06:00:00    +000.595,0.1,2660820.0,0.1813770311999999,WWBN,11,0.6,965.6064,high
,,WWBN_12hr,2017-12-29 18:00:00,0.6163006,0.1,,bWWBN__,bWWBN__0161,l1  [bWWBN__0161]37:57,bWWBN__0161   +000.616      000.20000      DD_Bongo,bWWBN       12/29/2017  18:00:00    +000.616,bWWBN       12/29/2017  18:00:00    +000.616,0.1,2704020.0,0.18784842288,WWBN,11,0.6,965.6064,high
,,WWBN_12hr,2017-12-30 06:00:00,0.6089405,0.1,,bWWBN__,bWWBN__0162,l1  [bWWBN__0162]37:57,bWWBN__0162   +000.609      000.20000      DD_Bongo,bWWBN       12/30/2017  06:00:00    +000.609,bWWBN       12/30/2017  06:00:00    +000.609,0.1,2747220.0,0.1856050644,WWBN,11,0.6,965.6064,high
,,WWBN_12hr,2017-12-30 18:00:00,0.6005868,0.1,,bWWBN__,bWWBN__0163,l1  [bWWBN__0163]37:57,bWWBN__0163   +000.601      000.20000      DD_Bongo,bWWBN       12/30/2017  18:00:00    +000.601,bWWBN       12/30/2017  18:00:00    +000.601,0.1,2790420.0,0.18305885664,WWBN,11,0.6,965.6064,high
,,WWBN_12hr,2017-12-31 06:00:00,0.5852071,0.1,,bWWBN__,bWWBN__0164,l1  [bWWBN__0164]37:57,bWWBN__0164   +000.585      000.20000      DD_Bongo,bWWBN       12/31/2017  06:00:00    +000.585,bWWBN       12/31/2017  06:00:00    +000.585,0.1,2833620.0,0.17837112408,WWBN,11,0.6,965.6064,high
,,WWBN_12hr,2017-12-31 18:00:00,0.5600036,0.1,,bWWBN__,bWWBN__0165,l1  [bWWBN__0165]37:57,bWWBN__0165   +000.560      000.20000      DD_Bongo,bWWBN       12/31/2017  18:00:00    +000.560,bWWBN       12/31/2017  18:00:00    +000.560,0.1,2876820.0,0.17068909728,WWBN,11,0.6,965.6064,high
,,WWBN_12hr,2018-01-01 06:00:00,0.5468014,0.1,,bWWBN__,bWWBN__0166,l1  [bWWBN__0166]37:57,bWWBN__0166   +000.547      000.20000      DD_Bongo,bWWBN       01/01/2018  06:00:00    +000.547,bWWBN       01/01/2018  06:00:00    +000.547,0.1,2920020.0,0.16666506672,WWBN,11,0.6,965.6064,high
,,BD_12hr,2017-11-28 12:00:00,0.0,1.0,,bBD____,bBD____0001,l1  [bBD____0001]37:57,bBD____0001   +000.000      002.00000      DD_Bongo,bBD__       11/28/2017  12:00:00    +000.000,bBD__       11/28/2017  12:00:00    +000.000,1.0,4020.0,0.0,BD,13,0.6,965.6064,moderate
,,BD_12hr,2017-11-29 00:00:00,0.001347208,1.0,,bBD____,bBD____0002,l1  [bBD____0002]37:57,bBD____0002   +000.001      002.00000      DD_Bongo,bBD__       11/29/2017  00:00:00    +000.001,bBD__       11/29/2017  00:00:00    +000.001,1.0,47220.0,0.0004106289984,BD,13,0.6,965.6064,moderate
,,BD_12hr,2017-11-29 12:00:00,0.004483106,1.0,,bBD____,bBD____0003,l1  [bBD____0003]37:57,bBD____0003   +000.004      002.00000      DD_Bongo,bBD__       11/29/2017  12:00:00    +000.004,bBD__       11/29/2017  12:00:00    +000.004,1.0,90420.0,0.0013664507088,BD,13,0.6,965.6064,moderate
,,BD_12hr,2017-11-30 00:00:00,0.004224713,1.0,,bBD____,bBD____0004,l1  [bBD____0004]37:57,bBD____0004   +000.004      002.00000      DD_Bongo,bBD__       11/30/2017  00:00:00    +000.004,bBD__       11/30/2017  00:00:00    +000.004,1.0,133620.0,0.0012876925224,BD,13,0.6,965.6064,moderate
,,BD_12hr,2017-11-30 12:00:00,0.001219332,1.0,,bBD____,bBD____0005,l1  [bBD____0005]37:57,bBD____0005   +000.001      002.00000      DD_Bongo,bBD__       11/30/2017  12:00:00    +000.001,bBD__       11/30/2017  12:00:00    +000.001,1.0,176820.0,0.0003716523936,BD,13,0.6,965.6064,moderate
,,BD_12hr,2017-12-01 00:00:00,0.004532901,1.0,,bBD____,bBD____0006,l1  [bBD____0006]37:57,bBD____0006   +000.005      002.00000      DD_Bongo,bBD__       12/01/2017  00:00:00    +000.005,bBD__       12/01/2017  00:00:00    +000.005,1.0,220020.0,0.0013816282248,BD,13,0.6,965.6064,moderate
,,BD_12hr,2017-12-01 12:00:00,-0.005259935,1.0,,bBD____,bBD____0007,l1  [bBD____0007]37:57,bBD____0007   -000.005      002.00000      DD_Bongo,bBD__       12/01/2017  12:00:00    -000.005,bBD__       12/01/2017  12:00:00    -000.005,1.0,263220.0,-0.001603228188,BD,13,0.6,965.6064,moderate
,,BD_12hr,2017-12-02 00:00:00,-0.002581505,1.0,,bBD____,bBD____0008,l1  [bBD____0008]37:57,bBD____0008   -000.003      002.00000      DD_Bongo,bBD__       12/02/2017  00:00:00    -000.003,bBD__       12/02/2017  00:00:00    -000.003,1.0,306420.0,-0.000786842724,BD,13,0.6,965.6064,moderate
,,BD_12hr,2017-12-02 12:00:00,0.006308502,1.0,,bBD____,bBD____0009,l1  [bBD____0009]37:57,bBD____0009   +000.006      002.00000      DD_Bongo,bBD__       12/02/2017  12:00:00    +000.006,bBD__       12/02/2017  12:00:00    +000.006,1.0,349620.0,0.0019228314096,BD,13,0.6,965.6064,moderate
,,BD_12hr,2017-12-03 00:00:00,0.0029589,1.0,,bBD____,bBD____0010,l1  [bBD____0010]37:57,bBD____0010   +000.003      002.00000      DD_Bongo,bBD__       12/03/2017  00:00:00    +000.003,bBD__       12/03/2017  00:00:00    +000.003,1.0,392820.0,0.00090187272,BD,13,0.6,965.6064,moderate
,,BD_12hr,2017-12-03 12:00:00,0.00719989,1.0,,bBD____,bBD____0011,l1  [bBD____0011]37:57,bBD____0011   +000.007      002.00000      DD_Bongo,bBD__       12/03/2017  12:00:00    +000.007,bBD__       12/03/2017  12:00:00    +000.007,1.0,436020.0,0.002194526472,BD,13,0.6,965.6064,moderate
,,BD_12hr,2017-12-04 00:00:00,0.005463513,1.0,,bBD____,bBD____0012,l1  [bBD____0012]37:57,bBD____0012   +000.005      002.00000      DD_Bongo,bBD__       12/04/2017  00:00:00    +000.005,bBD__       12/04/2017  00:00:00    +000.005,1.0,479220.0,0.0016652787624,BD,13,0.6,965.6064,moderate
,,BD_12hr,2017-12-04 12:00:00,0.010983474,1.0,,bBD____,bBD____0013,l1  [bBD____0013]37:57,bBD____0013   +000.011      002.00000      DD_Bongo,bBD__       12/04/2017  12:00:00    +000.011,bBD__       12/04/2017  12:00:00    +000.011,1.0,522420.0,0.0033477628752,BD,13,0.6,965.6064,moderate
,,BD_12hr,2017-12-05 00:00:00,0.0119680339999999,1.0,,bBD____,bBD____0014,l1  [bBD____0014]37:57,bBD____0014   +000.012      002.00000      DD_Bongo,bBD__       12/05/2017  00:00:00    +000.012,bBD__       12/05/2017  00:00:00    +000.012,1.0,565620.0,0.0036478567632,BD,13,0.6,965.6064,moderate
,,BD_12hr,2017-12-05 12:00:00,0.018014104,1.0,,bBD____,bBD____0015,l1  [bBD____0015]37:57,bBD____0015   +000.018      002.00000      DD_Bongo,bBD__       12/05/2017  12:00:00    +000.018,bBD__       12/05/2017  12:00:00    +000.018,1.0,608820.0,0.0054906988992,BD,13,0.6,965.6064,moderate
,,BD_12hr,2017-12-06 00:00:00,0.018566074,1.0,,bBD____,bBD____0016,l1  [bBD____0016]37:57,bBD____0016   +000.019      002.00000      DD_Bongo,bBD__       12/06/2017  00:00:00    +000.019,bBD__       12/06/2017  00:00:00    +000.019,1.0,652020.0,0.0056589393552,BD,13,0.6,965.6064,moderate
,,BD_12hr,2017-12-06 12:00:00,0.025256404,1.0,,bBD____,bBD____0017,l1  [bBD____0017]37:57,bBD____0017   +000.025      002.00000      DD_Bongo,bBD__       12/06/2017  12:00:00    +000.025,bBD__       12/06/2017  12:00:00    +000.025,1.0,695220.0,0.0076981519392,BD,13,0.6,965.6064,moderate
,,BD_12hr,2017-12-07 00:00:00,0.023122004,1.0,,bBD____,bBD____0018,l1  [bBD____0018]37:57,bBD____0018   +000.023      002.00000      DD_Bongo,bBD__       12/07/2017  00:00:00    +000.023,bBD__       12/07/2017  00:00:00    +000.023,1.0,738420.0,0.0070475868192,BD,13,0.6,965.6064,moderate
,,BD_12hr,2017-12-07 12:00:00,0.023378784,1.0,,bBD____,bBD____0019,l1  [bBD____0019]37:57,bBD____0019   +000.023      002.00000      DD_Bongo,bBD__       12/07/2017  12:00:00    +000.023,bBD__       12/07/2017  12:00:00    +000.023,1.0,781620.0,0.0071258533632,BD,13,0.6,965.6064,moderate
,,BD_12hr,2017-12-08 00:00:00,0.026492514,1.0,,bBD____,bBD____0020,l1  [bBD____0020]37:57,bBD____0020   +000.026      002.00000      DD_Bongo,bBD__       12/08/2017  00:00:00    +000.026,bBD__       12/08/2017  00:00:00    +000.026,1.0,824820.0,0.0080749182672,BD,13,0.6,965.6064,moderate
,,BD_12hr,2017-12-08 12:00:00,0.0316983839999999,1.0,,bBD____,bBD____0021,l1  [bBD____0021]37:57,bBD____0021   +000.032      002.00000      DD_Bongo,bBD__       12/08/2017  12:00:00    +000.032,bBD__       12/08/2017  12:00:00    +000.032,1.0,868020.0,0.0096616674432,BD,13,0.6,965.6064,moderate
,,BD_12hr,2017-12-09 00:00:00,0.035933354,1.0,,bBD____,bBD____0022,l1  [bBD____0022]37:57,bBD____0022   +000.036      002.00000      DD_Bongo,bBD__       12/09/2017  00:00:00    +000.036,bBD__       12/09/2017  00:00:00    +000.036,1.0,911220.0,0.0109524862992,BD,13,0.6,965.6064,moderate
,,BD_12hr,2017-12-09 12:00:00,0.0391888539999999,1.0,,bBD____,bBD____0023,l1  [bBD____0023]37:57,bBD____0023   +000.039      002.00000      DD_Bongo,bBD__       12/09/2017  12:00:00    +000.039,bBD__       12/09/2017  12:00:00    +000.039,1.0,954420.0,0.0119447626992,BD,13,0.6,965.6064,moderate
,,BD_12hr,2017-12-10 00:00:00,0.038157494,1.0,,bBD____,bBD____0024,l1  [bBD____0024]37:57,bBD____0024   +000.038      002.00000      DD_Bongo,bBD__       12/10/2017  00:00:00    +000.038,bBD__       12/10/2017  00:00:00    +000.038,1.0,997620.0,0.0116304041712,BD,13,0.6,965.6064,moderate
,,BD_12hr,2017-12-10 12:00:00,0.040883854,1.0,,bBD____,bBD____0025,l1  [bBD____0025]37:57,bBD____0025   +000.041      002.00000      DD_Bongo,bBD__       12/10/2017  12:00:00    +000.041,bBD__       12/10/2017  12:00:00    +000.041,1.0,1040820.0,0.0124613986992,BD,13,0.6,965.6064,moderate
,,BD_12hr,2017-12-11 00:00:00,0.0453576039999999,1.0,,bBD____,bBD____0026,l1  [bBD____0026]37:57,bBD____0026   +000.045      002.00000      DD_Bongo,bBD__       12/11/2017  00:00:00    +000.045,bBD__       12/11/2017  00:00:00    +000.045,1.0,1084020.0,0.0138249976991999,BD,13,0.6,965.6064,moderate
,,BD_12hr,2017-12-11 12:00:00,0.045485644,1.0,,bBD____,bBD____0027,l1  [bBD____0027]37:57,bBD____0027   +000.045      002.00000      DD_Bongo,bBD__       12/11/2017  12:00:00    +000.045,bBD__       12/11/2017  12:00:00    +000.045,1.0,1127220.0,0.0138640242912,BD,13,0.6,965.6064,moderate
,,BD_12hr,2017-12-12 00:00:00,0.045419994,1.0,,bBD____,bBD____0028,l1  [bBD____0028]37:57,bBD____0028   +000.045      002.00000      DD_Bongo,bBD__       12/12/2017  00:00:00    +000.045,bBD__       12/12/2017  00:00:00    +000.045,1.0,1170420.0,0.0138440141712,BD,13,0.6,965.6064,moderate
,,BD_12hr,2017-12-12 12:00:00,0.043689094,1.0,,bBD____,bBD____0029,l1  [bBD____0029]37:57,bBD____0029   +000.044      002.00000      DD_Bongo,bBD__       12/12/2017  12:00:00    +000.044,bBD__       12/12/2017  12:00:00    +000.044,1.0,1213620.0,0.0133164358512,BD,13,0.6,965.6064,moderate
,,BD_12hr,2017-12-13 00:00:00,0.046471524,1.0,,bBD____,bBD____0030,l1  [bBD____0030]37:57,bBD____0030   +000.046      002.00000      DD_Bongo,bBD__       12/13/2017  00:00:00    +000.046,bBD__       12/13/2017  00:00:00    +000.046,1.0,1256820.0,0.0141645205152,BD,13,0.6,965.6064,moderate
,,BD_12hr,2017-12-13 12:00:00,0.043911644,1.0,,bBD____,bBD____0031,l1  [bBD____0031]37:57,bBD____0031   +000.044      002.00000      DD_Bongo,bBD__       12/13/2017  12:00:00    +000.044,bBD__       12/13/2017  12:00:00    +000.044,1.0,1300020.0,0.0133842690912,BD,13,0.6,965.6064,moderate
,,BD_12hr,2017-12-14 00:00:00,0.0441409439999999,1.0,,bBD____,bBD____0032,l1  [bBD____0032]37:57,bBD____0032   +000.044      002.00000      DD_Bongo,bBD__       12/14/2017  00:00:00    +000.044,bBD__       12/14/2017  00:00:00    +000.044,1.0,1343220.0,0.0134541597311999,BD,13,0.6,965.6064,moderate
,,BD_12hr,2017-12-14 12:00:00,0.047004844,1.0,,bBD____,bBD____0033,l1  [bBD____0033]37:57,bBD____0033   +000.047      002.00000      DD_Bongo,bBD__       12/14/2017  12:00:00    +000.047,bBD__       12/14/2017  12:00:00    +000.047,1.0,1386420.0,0.0143270764512,BD,13,0.6,965.6064,moderate
,,BD_12hr,2017-12-15 00:00:00,0.044772014,1.0,,bBD____,bBD____0034,l1  [bBD____0034]37:57,bBD____0034   +000.045      002.00000      DD_Bongo,bBD__       12/15/2017  00:00:00    +000.045,bBD__       12/15/2017  00:00:00    +000.045,1.0,1429620.0,0.0136465098672,BD,13,0.6,965.6064,moderate
,,BD_12hr,2017-12-15 12:00:00,0.039999214,1.0,,bBD____,bBD____0035,l1  [bBD____0035]37:57,bBD____0035   +000.040      002.00000      DD_Bongo,bBD__       12/15/2017  12:00:00    +000.040,bBD__       12/15/2017  12:00:00    +000.040,1.0,1472820.0,0.0121917604272,BD,13,0.6,965.6064,moderate
,,BD_12hr,2017-12-16 00:00:00,0.041887824,1.0,,bBD____,bBD____0036,l1  [bBD____0036]37:57,bBD____0036   +000.042      002.00000      DD_Bongo,bBD__       12/16/2017  00:00:00    +000.042,bBD__       12/16/2017  00:00:00    +000.042,1.0,1516020.0,0.0127674087551999,BD,13,0.6,965.6064,moderate
,,BD_12hr,2017-12-16 12:00:00,0.045229054,1.0,,bBD____,bBD____0037,l1  [bBD____0037]37:57,bBD____0037   +000.045      002.00000      DD_Bongo,bBD__       12/16/2017  12:00:00    +000.045,bBD__       12/16/2017  12:00:00    +000.045,1.0,1559220.0,0.0137858156592,BD,13,0.6,965.6064,moderate
,,BD_12hr,2017-12-17 00:00:00,0.039680494,1.0,,bBD____,bBD____0038,l1  [bBD____0038]37:57,bBD____0038   +000.040      002.00000      DD_Bongo,bBD__       12/17/2017  00:00:00    +000.040,bBD__       12/17/2017  00:00:00    +000.040,1.0,1602420.0,0.0120946145711999,BD,13,0.6,965.6064,moderate
,,BD_12hr,2017-12-17 12:00:00,0.041794434,1.0,,bBD____,bBD____0039,l1  [bBD____0039]37:57,bBD____0039   +000.042      002.00000      DD_Bongo,bBD__       12/17/2017  12:00:00    +000.042,bBD__       12/17/2017  12:00:00    +000.042,1.0,1645620.0,0.0127389434832,BD,13,0.6,965.6064,moderate
,,BD_12hr,2017-12-18 00:00:00,0.0454109839999999,1.0,,bBD____,bBD____0040,l1  [bBD____0040]37:57,bBD____0040   +000.045      002.00000      DD_Bongo,bBD__       12/18/2017  00:00:00    +000.045,bBD__       12/18/2017  00:00:00    +000.045,1.0,1688820.0,0.0138412679231999,BD,13,0.6,965.6064,moderate
,,BD_12hr,2017-12-18 12:00:00,0.045160344,1.0,,bBD____,bBD____0041,l1  [bBD____0041]37:57,bBD____0041   +000.045      002.00000      DD_Bongo,bBD__       12/18/2017  12:00:00    +000.045,bBD__       12/18/2017  12:00:00    +000.045,1.0,1732020.0,0.0137648728512,BD,13,0.6,965.6064,moderate
,,BD_12hr,2017-12-19 00:00:00,0.0464201339999999,1.0,,bBD____,bBD____0042,l1  [bBD____0042]37:57,bBD____0042   +000.046      002.00000      DD_Bongo,bBD__       12/19/2017  00:00:00    +000.046,bBD__       12/19/2017  00:00:00    +000.046,1.0,1775220.0,0.0141488568431999,BD,13,0.6,965.6064,moderate
,,BD_12hr,2017-12-19 12:00:00,0.0420451139999999,1.0,,bBD____,bBD____0043,l1  [bBD____0043]37:57,bBD____0043   +000.042      002.00000      DD_Bongo,bBD__       12/19/2017  12:00:00    +000.042,bBD__       12/19/2017  12:00:00    +000.042,1.0,1818420.0,0.0128153507472,BD,13,0.6,965.6064,moderate
,,BD_12hr,2017-12-20 00:00:00,0.038079704,1.0,,bBD____,bBD____0044,l1  [bBD____0044]37:57,bBD____0044   +000.038      002.00000      DD_Bongo,bBD__       12/20/2017  00:00:00    +000.038,bBD__       12/20/2017  00:00:00    +000.038,1.0,1861620.0,0.0116066937792,BD,13,0.6,965.6064,moderate
,,BD_12hr,2017-12-20 12:00:00,0.0442398139999999,1.0,,bBD____,bBD____0045,l1  [bBD____0045]37:57,bBD____0045   +000.044      002.00000      DD_Bongo,bBD__       12/20/2017  12:00:00    +000.044,bBD__       12/20/2017  12:00:00    +000.044,1.0,1904820.0,0.0134842953072,BD,13,0.6,965.6064,moderate
,,BD_12hr,2017-12-21 00:00:00,0.0373892039999999,1.0,,bBD____,bBD____0046,l1  [bBD____0046]37:57,bBD____0046   +000.037      002.00000      DD_Bongo,bBD__       12/21/2017  00:00:00    +000.037,bBD__       12/21/2017  00:00:00    +000.037,1.0,1948020.0,0.0113962293791999,BD,13,0.6,965.6064,moderate
,,BD_12hr,2017-12-21 12:00:00,0.0359717139999999,1.0,,bBD____,bBD____0047,l1  [bBD____0047]37:57,bBD____0047   +000.036      002.00000      DD_Bongo,bBD__       12/21/2017  12:00:00    +000.036,bBD__       12/21/2017  12:00:00    +000.036,1.0,1991220.0,0.0109641784271999,BD,13,0.6,965.6064,moderate
,,BD_12hr,2017-12-22 00:00:00,0.0353443139999999,1.0,,bBD____,bBD____0048,l1  [bBD____0048]37:57,bBD____0048   +000.035      002.00000      DD_Bongo,bBD__       12/22/2017  00:00:00    +000.035,bBD__       12/22/2017  00:00:00    +000.035,1.0,2034420.0,0.0107729469072,BD,13,0.6,965.6064,moderate
,,BD_12hr,2017-12-22 12:00:00,0.0397034239999999,1.0,,bBD____,bBD____0049,l1  [bBD____0049]37:57,bBD____0049   +000.040      002.00000      DD_Bongo,bBD__       12/22/2017  12:00:00    +000.040,bBD__       12/22/2017  12:00:00    +000.040,1.0,2077620.0,0.0121016036352,BD,13,0.6,965.6064,moderate
,,BD_12hr,2017-12-23 00:00:00,0.0483253639999999,1.0,,bBD____,bBD____0050,l1  [bBD____0050]37:57,bBD____0050   +000.048      002.00000      DD_Bongo,bBD__       12/23/2017  00:00:00    +000.048,bBD__       12/23/2017  00:00:00    +000.048,1.0,2120820.0,0.0147295709472,BD,13,0.6,965.6064,moderate
,,BD_12hr,2017-12-23 12:00:00,0.045078414,1.0,,bBD____,bBD____0051,l1  [bBD____0051]37:57,bBD____0051   +000.045      002.00000      DD_Bongo,bBD__       12/23/2017  12:00:00    +000.045,bBD__       12/23/2017  12:00:00    +000.045,1.0,2164020.0,0.0137399005872,BD,13,0.6,965.6064,moderate
,,BD_12hr,2017-12-24 00:00:00,0.0425507539999999,1.0,,bBD____,bBD____0052,l1  [bBD____0052]37:57,bBD____0052   +000.043      002.00000      DD_Bongo,bBD__       12/24/2017  00:00:00    +000.043,bBD__       12/24/2017  00:00:00    +000.043,1.0,2207220.0,0.0129694698192,BD,13,0.6,965.6064,moderate
,,BD_12hr,2017-12-24 12:00:00,0.0446192839999999,1.0,,bBD____,bBD____0053,l1  [bBD____0053]37:57,bBD____0053   +000.045      002.00000      DD_Bongo,bBD__       12/24/2017  12:00:00    +000.045,bBD__       12/24/2017  12:00:00    +000.045,1.0,2250420.0,0.0135999577631999,BD,13,0.6,965.6064,moderate
,,BD_12hr,2017-12-25 00:00:00,0.045246344,1.0,,bBD____,bBD____0054,l1  [bBD____0054]37:57,bBD____0054   +000.045      002.00000      DD_Bongo,bBD__       12/25/2017  00:00:00    +000.045,bBD__       12/25/2017  00:00:00    +000.045,1.0,2293620.0,0.0137910856512,BD,13,0.6,965.6064,moderate
,,BD_12hr,2017-12-25 12:00:00,0.044186394,1.0,,bBD____,bBD____0055,l1  [bBD____0055]37:57,bBD____0055   +000.044      002.00000      DD_Bongo,bBD__       12/25/2017  12:00:00    +000.044,bBD__       12/25/2017  12:00:00    +000.044,1.0,2336820.0,0.0134680128911999,BD,13,0.6,965.6064,moderate
,,BD_12hr,2017-12-26 00:00:00,0.045074664,1.0,,bBD____,bBD____0056,l1  [bBD____0056]37:57,bBD____0056   +000.045      002.00000      DD_Bongo,bBD__       12/26/2017  00:00:00    +000.045,bBD__       12/26/2017  00:00:00    +000.045,1.0,2380020.0,0.0137387575872,BD,13,0.6,965.6064,moderate
,,BD_12hr,2017-12-26 12:00:00,0.043632764,1.0,,bBD____,bBD____0057,l1  [bBD____0057]37:57,bBD____0057   +000.044      002.00000      DD_Bongo,bBD__       12/26/2017  12:00:00    +000.044,bBD__       12/26/2017  12:00:00    +000.044,1.0,2423220.0,0.0132992664672,BD,13,0.6,965.6064,moderate
,,BD_12hr,2017-12-27 00:00:00,0.0441455939999999,1.0,,bBD____,bBD____0058,l1  [bBD____0058]37:57,bBD____0058   +000.044      002.00000      DD_Bongo,bBD__       12/27/2017  00:00:00    +000.044,bBD__       12/27/2017  00:00:00    +000.044,1.0,2466420.0,0.0134555770511999,BD,13,0.6,965.6064,moderate
,,BD_12hr,2017-12-27 12:00:00,0.042182684,1.0,,bBD____,bBD____0059,l1  [bBD____0059]37:57,bBD____0059   +000.042      002.00000      DD_Bongo,bBD__       12/27/2017  12:00:00    +000.042,bBD__       12/27/2017  12:00:00    +000.042,1.0,2509620.0,0.0128572820832,BD,13,0.6,965.6064,moderate
,,BD_12hr,2017-12-28 00:00:00,0.0341482939999999,1.0,,bBD____,bBD____0060,l1  [bBD____0060]37:57,bBD____0060   +000.034      002.00000      DD_Bongo,bBD__       12/28/2017  00:00:00    +000.034,bBD__       12/28/2017  00:00:00    +000.034,1.0,2552820.0,0.0104084000112,BD,13,0.6,965.6064,moderate
,,BD_12hr,2017-12-28 12:00:00,0.030150034,1.0,,bBD____,bBD____0061,l1  [bBD____0061]37:57,bBD____0061   +000.030      002.00000      DD_Bongo,bBD__       12/28/2017  12:00:00    +000.030,bBD__       12/28/2017  12:00:00    +000.030,1.0,2596020.0,0.0091897303632,BD,13,0.6,965.6064,moderate
,,BD_12hr,2017-12-29 00:00:00,0.032927754,1.0,,bBD____,bBD____0062,l1  [bBD____0062]37:57,bBD____0062   +000.033      002.00000      DD_Bongo,bBD__       12/29/2017  00:00:00    +000.033,bBD__       12/29/2017  00:00:00    +000.033,1.0,2639220.0,0.0100363794192,BD,13,0.6,965.6064,moderate
,,BD_12hr,2017-12-29 12:00:00,0.0348381439999999,1.0,,bBD____,bBD____0063,l1  [bBD____0063]37:57,bBD____0063   +000.035      002.00000      DD_Bongo,bBD__       12/29/2017  12:00:00    +000.035,bBD__       12/29/2017  12:00:00    +000.035,1.0,2682420.0,0.0106186662911999,BD,13,0.6,965.6064,moderate
,,BD_12hr,2017-12-30 00:00:00,0.0382695839999999,1.0,,bBD____,bBD____0064,l1  [bBD____0064]37:57,bBD____0064   +000.038      002.00000      DD_Bongo,bBD__       12/30/2017  00:00:00    +000.038,bBD__       12/30/2017  00:00:00    +000.038,1.0,2725620.0,0.0116645692032,BD,13,0.6,965.6064,moderate
,,BD_12hr,2017-12-30 12:00:00,0.038146894,1.0,,bBD____,bBD____0065,l1  [bBD____0065]37:57,bBD____0065   +000.038      002.00000      DD_Bongo,bBD__       12/30/2017  12:00:00    +000.038,bBD__       12/30/2017  12:00:00    +000.038,1.0,2768820.0,0.0116271732912,BD,13,0.6,965.6064,moderate
,,BD_12hr,2017-12-31 00:00:00,0.033969914,1.0,,bBD____,bBD____0066,l1  [bBD____0066]37:57,bBD____0066   +000.034      002.00000      DD_Bongo,bBD__       12/31/2017  00:00:00    +000.034,bBD__       12/31/2017  00:00:00    +000.034,1.0,2812020.0,0.0103540297872,BD,13,0.6,965.6064,moderate
,,BD_12hr,2017-12-31 12:00:00,0.031644064,1.0,,bBD____,bBD____0067,l1  [bBD____0067]37:57,bBD____0067   +000.032      002.00000      DD_Bongo,bBD__       12/31/2017  12:00:00    +000.032,bBD__       12/31/2017  12:00:00    +000.032,1.0,2855220.0,0.0096451107072,BD,13,0.6,965.6064,moderate
,,BD_12hr,2018-01-01 00:00:00,0.028609824,1.0,,bBD____,bBD____0068,l1  [bBD____0068]37:57,bBD____0068   +000.029      002.00000      DD_Bongo,bBD__       01/01/2018  00:00:00    +000.029,bBD__       01/01/2018  00:00:00    +000.029,1.0,2898420.0,0.0087202743552,BD,13,0.6,965.6064,moderate
,,BD_12hr,2018-01-01 12:00:00,0.025283384,1.0,,bBD____,bBD____0069,l1  [bBD____0069]37:57,bBD____0069   +000.025      002.00000      DD_Bongo,bBD__       01/01/2018  12:00:00    +000.025,bBD__       01/01/2018  12:00:00    +000.025,1.0,2941620.0,0.0077063754432,BD,13,0.6,965.6064,moderate
,,PINN_12hr,2017-11-28 12:00:00,0.0,3.0,,bPINN__,bPINN__0001,l1  [bPINN__0001]37:57,bPINN__0001   +000.000      006.00000      DD_Bongo,bPINN       11/28/2017  12:00:00    +000.000,bPINN       11/28/2017  12:00:00    +000.000,3.0,4020.0,0.0,PINN,14,5.1,8207.6544,low
,,PINN_12hr,2017-11-29 00:00:00,0.0,3.0,,bPINN__,bPINN__0002,l1  [bPINN__0002]37:57,bPINN__0002   +000.000      006.00000      DD_Bongo,bPINN       11/29/2017  00:00:00    +000.000,bPINN       11/29/2017  00:00:00    +000.000,3.0,47220.0,0.0,PINN,14,5.1,8207.6544,low
,,PINN_12hr,2017-11-29 12:00:00,0.0,3.0,,bPINN__,bPINN__0003,l1  [bPINN__0003]37:57,bPINN__0003   +000.000      006.00000      DD_Bongo,bPINN       11/29/2017  12:00:00    +000.000,bPINN       11/29/2017  12:00:00    +000.000,3.0,90420.0,0.0,PINN,14,5.1,8207.6544,low
,,PINN_12hr,2017-11-30 00:00:00,0.0,3.0,,bPINN__,bPINN__0004,l1  [bPINN__0004]37:57,bPINN__0004   +000.000      006.00000      DD_Bongo,bPINN       11/30/2017  00:00:00    +000.000,bPINN       11/30/2017  00:00:00    +000.000,3.0,133620.0,0.0,PINN,14,5.1,8207.6544,low
,,PINN_12hr,2017-11-30 12:00:00,0.001215377,3.0,,bPINN__,bPINN__0005,l1  [bPINN__0005]37:57,bPINN__0005   +000.001      006.00000      DD_Bongo,bPINN       11/30/2017  12:00:00    +000.001,bPINN       11/30/2017  12:00:00    +000.001,3.0,176820.0,0.0003704469096,PINN,14,5.1,8207.6544,low
,,PINN_12hr,2017-12-01 00:00:00,0.0047228667,3.0,,bPINN__,bPINN__0006,l1  [bPINN__0006]37:57,bPINN__0006   +000.005      006.00000      DD_Bongo,bPINN       12/01/2017  00:00:00    +000.005,bPINN       12/01/2017  00:00:00    +000.005,3.0,220020.0,0.00143952977016,PINN,14,5.1,8207.6544,low
,,PINN_12hr,2017-12-01 12:00:00,0.0048195197,3.0,,bPINN__,bPINN__0007,l1  [bPINN__0007]37:57,bPINN__0007   +000.005      006.00000      DD_Bongo,bPINN       12/01/2017  12:00:00    +000.005,bPINN       12/01/2017  12:00:00    +000.005,3.0,263220.0,0.00146898960456,PINN,14,5.1,8207.6544,low
,,PINN_12hr,2017-12-02 00:00:00,0.007975507,3.0,,bPINN__,bPINN__0008,l1  [bPINN__0008]37:57,bPINN__0008   +000.008      006.00000      DD_Bongo,bPINN       12/02/2017  00:00:00    +000.008,bPINN       12/02/2017  00:00:00    +000.008,3.0,306420.0,0.0024309345336,PINN,14,5.1,8207.6544,low
,,PINN_12hr,2017-12-02 12:00:00,0.004238087,3.0,,bPINN__,bPINN__0009,l1  [bPINN__0009]37:57,bPINN__0009   +000.004      006.00000      DD_Bongo,bPINN       12/02/2017  12:00:00    +000.004,bPINN       12/02/2017  12:00:00    +000.004,3.0,349620.0,0.0012917689175999,PINN,14,5.1,8207.6544,low
,,PINN_12hr,2017-12-03 00:00:00,0.008157729,3.0,,bPINN__,bPINN__0010,l1  [bPINN__0010]37:57,bPINN__0010   +000.008      006.00000      DD_Bongo,bPINN       12/03/2017  00:00:00    +000.008,bPINN       12/03/2017  00:00:00    +000.008,3.0,392820.0,0.0024864757992,PINN,14,5.1,8207.6544,low
,,PINN_12hr,2017-12-03 12:00:00,0.0041087886,3.0,,bPINN__,bPINN__0011,l1  [bPINN__0011]37:57,bPINN__0011   +000.004      006.00000      DD_Bongo,bPINN       12/03/2017  12:00:00    +000.004,bPINN       12/03/2017  12:00:00    +000.004,3.0,436020.0,0.00125235876528,PINN,14,5.1,8207.6544,low
,,PINN_12hr,2017-12-04 00:00:00,0.008756053,3.0,,bPINN__,bPINN__0012,l1  [bPINN__0012]37:57,bPINN__0012   +000.009      006.00000      DD_Bongo,bPINN       12/04/2017  00:00:00    +000.009,bPINN       12/04/2017  00:00:00    +000.009,3.0,479220.0,0.0026688449544,PINN,14,5.1,8207.6544,low
,,PINN_12hr,2017-12-04 12:00:00,0.012982424,3.0,,bPINN__,bPINN__0013,l1  [bPINN__0013]37:57,bPINN__0013   +000.013      006.00000      DD_Bongo,bPINN       12/04/2017  12:00:00    +000.013,bPINN       12/04/2017  12:00:00    +000.013,3.0,522420.0,0.0039570428352,PINN,14,5.1,8207.6544,low
,,PINN_12hr,2017-12-05 00:00:00,0.010956413,3.0,,bPINN__,bPINN__0014,l1  [bPINN__0014]37:57,bPINN__0014   +000.011      006.00000      DD_Bongo,bPINN       12/05/2017  00:00:00    +000.011,bPINN       12/05/2017  00:00:00    +000.011,3.0,565620.0,0.0033395146824,PINN,14,5.1,8207.6544,low
,,PINN_12hr,2017-12-05 12:00:00,0.014303691,3.0,,bPINN__,bPINN__0015,l1  [bPINN__0015]37:57,bPINN__0015   +000.014      006.00000      DD_Bongo,bPINN       12/05/2017  12:00:00    +000.014,bPINN       12/05/2017  12:00:00    +000.014,3.0,608820.0,0.0043597650168,PINN,14,5.1,8207.6544,low
,,PINN_12hr,2017-12-06 00:00:00,0.009314013,3.0,,bPINN__,bPINN__0016,l1  [bPINN__0016]37:57,bPINN__0016   +000.009      006.00000      DD_Bongo,bPINN       12/06/2017  00:00:00    +000.009,bPINN       12/06/2017  00:00:00    +000.009,3.0,652020.0,0.0028389111624,PINN,14,5.1,8207.6544,low
,,PINN_12hr,2017-12-06 12:00:00,0.019130396,3.0,,bPINN__,bPINN__0017,l1  [bPINN__0017]37:57,bPINN__0017   +000.019      006.00000      DD_Bongo,bPINN       12/06/2017  12:00:00    +000.019,bPINN       12/06/2017  12:00:00    +000.019,3.0,695220.0,0.0058309447008,PINN,14,5.1,8207.6544,low
,,PINN_12hr,2017-12-07 00:00:00,0.019632616,3.0,,bPINN__,bPINN__0018,l1  [bPINN__0018]37:57,bPINN__0018   +000.020      006.00000      DD_Bongo,bPINN       12/07/2017  00:00:00    +000.020,bPINN       12/07/2017  00:00:00    +000.020,3.0,738420.0,0.0059840213568,PINN,14,5.1,8207.6544,low
,,PINN_12hr,2017-12-07 12:00:00,0.024588526,3.0,,bPINN__,bPINN__0019,l1  [bPINN__0019]37:57,bPINN__0019   +000.025      006.00000      DD_Bongo,bPINN       12/07/2017  12:00:00    +000.025,bPINN       12/07/2017  12:00:00    +000.025,3.0,781620.0,0.0074945827248,PINN,14,5.1,8207.6544,low
,,PINN_12hr,2017-12-08 00:00:00,0.020515046,3.0,,bPINN__,bPINN__0020,l1  [bPINN__0020]37:57,bPINN__0020   +000.021      006.00000      DD_Bongo,bPINN       12/08/2017  00:00:00    +000.021,bPINN       12/08/2017  00:00:00    +000.021,3.0,824820.0,0.0062529860208,PINN,14,5.1,8207.6544,low
,,PINN_12hr,2017-12-08 12:00:00,0.026516626,3.0,,bPINN__,bPINN__0021,l1  [bPINN__0021]37:57,bPINN__0021   +000.027      006.00000      DD_Bongo,bPINN       12/08/2017  12:00:00    +000.027,bPINN       12/08/2017  12:00:00    +000.027,3.0,868020.0,0.0080822676048,PINN,14,5.1,8207.6544,low
,,PINN_12hr,2017-12-09 00:00:00,0.022469806,3.0,,bPINN__,bPINN__0022,l1  [bPINN__0022]37:57,bPINN__0022   +000.022      006.00000      DD_Bongo,bPINN       12/09/2017  00:00:00    +000.022,bPINN       12/09/2017  00:00:00    +000.022,3.0,911220.0,0.0068487968688,PINN,14,5.1,8207.6544,low
,,PINN_12hr,2017-12-09 12:00:00,0.029423926,3.0,,bPINN__,bPINN__0023,l1  [bPINN__0023]37:57,bPINN__0023   +000.029      006.00000      DD_Bongo,bPINN       12/09/2017  12:00:00    +000.029,bPINN       12/09/2017  12:00:00    +000.029,3.0,954420.0,0.0089684126448,PINN,14,5.1,8207.6544,low
,,PINN_12hr,2017-12-10 00:00:00,0.025823236,3.0,,bPINN__,bPINN__0024,l1  [bPINN__0024]37:57,bPINN__0024   +000.026      006.00000      DD_Bongo,bPINN       12/10/2017  00:00:00    +000.026,bPINN       12/10/2017  00:00:00    +000.026,3.0,997620.0,0.0078709223328,PINN,14,5.1,8207.6544,low
,,PINN_12hr,2017-12-10 12:00:00,0.030117796,3.0,,bPINN__,bPINN__0025,l1  [bPINN__0025]37:57,bPINN__0025   +000.030      006.00000      DD_Bongo,bPINN       12/10/2017  12:00:00    +000.030,bPINN       12/10/2017  12:00:00    +000.030,3.0,1040820.0,0.0091799042208,PINN,14,5.1,8207.6544,low
,,PINN_12hr,2017-12-11 00:00:00,0.028586276,3.0,,bPINN__,bPINN__0026,l1  [bPINN__0026]37:57,bPINN__0026   +000.029      006.00000      DD_Bongo,bPINN       12/11/2017  00:00:00    +000.029,bPINN       12/11/2017  00:00:00    +000.029,3.0,1084020.0,0.0087130969248,PINN,14,5.1,8207.6544,low
,,PINN_12hr,2017-12-11 12:00:00,0.031799586,3.0,,bPINN__,bPINN__0027,l1  [bPINN__0027]37:57,bPINN__0027   +000.032      006.00000      DD_Bongo,bPINN       12/11/2017  12:00:00    +000.032,bPINN       12/11/2017  12:00:00    +000.032,3.0,1127220.0,0.0096925138128,PINN,14,5.1,8207.6544,low
,,PINN_12hr,2017-12-12 00:00:00,0.030388116,3.0,,bPINN__,bPINN__0028,l1  [bPINN__0028]37:57,bPINN__0028   +000.030      006.00000      DD_Bongo,bPINN       12/12/2017  00:00:00    +000.030,bPINN       12/12/2017  00:00:00    +000.030,3.0,1170420.0,0.0092622977568,PINN,14,5.1,8207.6544,low
,,PINN_12hr,2017-12-12 12:00:00,0.0325644759999999,3.0,,bPINN__,bPINN__0029,l1  [bPINN__0029]37:57,bPINN__0029   +000.033      006.00000      DD_Bongo,bPINN       12/12/2017  12:00:00    +000.033,bPINN       12/12/2017  12:00:00    +000.033,3.0,1213620.0,0.0099256522848,PINN,14,5.1,8207.6544,low
,,PINN_12hr,2017-12-13 00:00:00,0.031101886,3.0,,bPINN__,bPINN__0030,l1  [bPINN__0030]37:57,bPINN__0030   +000.031      006.00000      DD_Bongo,bPINN       12/13/2017  00:00:00    +000.031,bPINN       12/13/2017  00:00:00    +000.031,3.0,1256820.0,0.0094798548528,PINN,14,5.1,8207.6544,low
,,PINN_12hr,2017-12-13 12:00:00,0.031626236,3.0,,bPINN__,bPINN__0031,l1  [bPINN__0031]37:57,bPINN__0031   +000.032      006.00000      DD_Bongo,bPINN       12/13/2017  12:00:00    +000.032,bPINN       12/13/2017  12:00:00    +000.032,3.0,1300020.0,0.0096396767328,PINN,14,5.1,8207.6544,low
,,PINN_12hr,2017-12-14 00:00:00,0.033808366,3.0,,bPINN__,bPINN__0032,l1  [bPINN__0032]37:57,bPINN__0032   +000.034      006.00000      DD_Bongo,bPINN       12/14/2017  00:00:00    +000.034,bPINN       12/14/2017  00:00:00    +000.034,3.0,1343220.0,0.0103047899568,PINN,14,5.1,8207.6544,low
,,PINN_12hr,2017-12-14 12:00:00,0.034146276,3.0,,bPINN__,bPINN__0033,l1  [bPINN__0033]37:57,bPINN__0033   +000.034      006.00000      DD_Bongo,bPINN       12/14/2017  12:00:00    +000.034,bPINN       12/14/2017  12:00:00    +000.034,3.0,1386420.0,0.0104077849248,PINN,14,5.1,8207.6544,low
,,PINN_12hr,2017-12-15 00:00:00,0.0345895259999999,3.0,,bPINN__,bPINN__0034,l1  [bPINN__0034]37:57,bPINN__0034   +000.035      006.00000      DD_Bongo,bPINN       12/15/2017  00:00:00    +000.035,bPINN       12/15/2017  00:00:00    +000.035,3.0,1429620.0,0.0105428875248,PINN,14,5.1,8207.6544,low
,,PINN_12hr,2017-12-15 12:00:00,0.032902566,3.0,,bPINN__,bPINN__0035,l1  [bPINN__0035]37:57,bPINN__0035   +000.033      006.00000      DD_Bongo,bPINN       12/15/2017  12:00:00    +000.033,bPINN       12/15/2017  12:00:00    +000.033,3.0,1472820.0,0.0100287021168,PINN,14,5.1,8207.6544,low
,,PINN_12hr,2017-12-16 00:00:00,0.036683116,2.0,,bPINN__,bPINN__0036,l1  [bPINN__0036]37:57,bPINN__0036   +000.037      004.00000      DD_Bongo,bPINN       12/16/2017  00:00:00    +000.037,bPINN       12/16/2017  00:00:00    +000.037,2.0,1516020.0,0.0111810137568,PINN,14,5.1,8207.6544,low
,,PINN_12hr,2017-12-16 12:00:00,0.033220356,2.0,,bPINN__,bPINN__0037,l1  [bPINN__0037]37:57,bPINN__0037   +000.033      004.00000      DD_Bongo,bPINN       12/16/2017  12:00:00    +000.033,bPINN       12/16/2017  12:00:00    +000.033,2.0,1559220.0,0.0101255645088,PINN,14,5.1,8207.6544,low
,,PINN_12hr,2017-12-17 00:00:00,0.036931806,2.0,,bPINN__,bPINN__0038,l1  [bPINN__0038]37:57,bPINN__0038   +000.037      004.00000      DD_Bongo,bPINN       12/17/2017  00:00:00    +000.037,bPINN       12/17/2017  00:00:00    +000.037,2.0,1602420.0,0.0112568144688,PINN,14,5.1,8207.6544,low
,,PINN_12hr,2017-12-17 12:00:00,0.033928356,2.0,,bPINN__,bPINN__0039,l1  [bPINN__0039]37:57,bPINN__0039   +000.034      004.00000      DD_Bongo,bPINN       12/17/2017  12:00:00    +000.034,bPINN       12/17/2017  12:00:00    +000.034,2.0,1645620.0,0.0103413629088,PINN,14,5.1,8207.6544,low
,,PINN_12hr,2017-12-18 00:00:00,0.038253726,2.0,,bPINN__,bPINN__0040,l1  [bPINN__0040]37:57,bPINN__0040   +000.038      004.00000      DD_Bongo,bPINN       12/18/2017  00:00:00    +000.038,bPINN       12/18/2017  00:00:00    +000.038,2.0,1688820.0,0.0116597356848,PINN,14,5.1,8207.6544,low
,,PINN_12hr,2017-12-18 12:00:00,0.0363313059999999,2.0,,bPINN__,bPINN__0041,l1  [bPINN__0041]37:57,bPINN__0041   +000.036      004.00000      DD_Bongo,bPINN       12/18/2017  12:00:00    +000.036,bPINN       12/18/2017  12:00:00    +000.036,2.0,1732020.0,0.0110737820688,PINN,14,5.1,8207.6544,low
,,PINN_12hr,2017-12-19 00:00:00,0.037362636,2.0,,bPINN__,bPINN__0042,l1  [bPINN__0042]37:57,bPINN__0042   +000.037      004.00000      DD_Bongo,bPINN       12/19/2017  00:00:00    +000.037,bPINN       12/19/2017  00:00:00    +000.037,2.0,1775220.0,0.0113881314528,PINN,14,5.1,8207.6544,low
,,PINN_12hr,2017-12-19 12:00:00,0.035405796,2.0,,bPINN__,bPINN__0043,l1  [bPINN__0043]37:57,bPINN__0043   +000.035      004.00000      DD_Bongo,bPINN       12/19/2017  12:00:00    +000.035,bPINN       12/19/2017  12:00:00    +000.035,2.0,1818420.0,0.0107916866208,PINN,14,5.1,8207.6544,low
,,PINN_12hr,2017-12-20 00:00:00,0.0339011159999999,2.0,,bPINN__,bPINN__0044,l1  [bPINN__0044]37:57,bPINN__0044   +000.034      004.00000      DD_Bongo,bPINN       12/20/2017  00:00:00    +000.034,bPINN       12/20/2017  00:00:00    +000.034,2.0,1861620.0,0.0103330601567999,PINN,14,5.1,8207.6544,low
,,PINN_12hr,2017-12-20 12:00:00,0.034142846,2.0,,bPINN__,bPINN__0045,l1  [bPINN__0045]37:57,bPINN__0045   +000.034      004.00000      DD_Bongo,bPINN       12/20/2017  12:00:00    +000.034,bPINN       12/20/2017  12:00:00    +000.034,2.0,1904820.0,0.0104067394608,PINN,14,5.1,8207.6544,low
,,PINN_12hr,2017-12-21 00:00:00,0.033013976,2.0,,bPINN__,bPINN__0046,l1  [bPINN__0046]37:57,bPINN__0046   +000.033      004.00000      DD_Bongo,bPINN       12/21/2017  00:00:00    +000.033,bPINN       12/21/2017  00:00:00    +000.033,2.0,1948020.0,0.0100626598848,PINN,14,5.1,8207.6544,low
,,PINN_12hr,2017-12-21 12:00:00,0.032571886,2.0,,bPINN__,bPINN__0047,l1  [bPINN__0047]37:57,bPINN__0047   +000.033      004.00000      DD_Bongo,bPINN       12/21/2017  12:00:00    +000.033,bPINN       12/21/2017  12:00:00    +000.033,2.0,1991220.0,0.0099279108528,PINN,14,5.1,8207.6544,low
,,PINN_12hr,2017-12-22 00:00:00,0.031199136,2.0,,bPINN__,bPINN__0048,l1  [bPINN__0048]37:57,bPINN__0048   +000.031      004.00000      DD_Bongo,bPINN       12/22/2017  00:00:00    +000.031,bPINN       12/22/2017  00:00:00    +000.031,2.0,2034420.0,0.0095094966528,PINN,14,5.1,8207.6544,low
,,PINN_12hr,2017-12-22 12:00:00,0.033685516,2.0,,bPINN__,bPINN__0049,l1  [bPINN__0049]37:57,bPINN__0049   +000.034      004.00000      DD_Bongo,bPINN       12/22/2017  12:00:00    +000.034,bPINN       12/22/2017  12:00:00    +000.034,2.0,2077620.0,0.0102673452768,PINN,14,5.1,8207.6544,low
,,PINN_12hr,2017-12-23 00:00:00,0.033910296,2.0,,bPINN__,bPINN__0050,l1  [bPINN__0050]37:57,bPINN__0050   +000.034      004.00000      DD_Bongo,bPINN       12/23/2017  00:00:00    +000.034,bPINN       12/23/2017  00:00:00    +000.034,2.0,2120820.0,0.0103358582208,PINN,14,5.1,8207.6544,low
,,PINN_12hr,2017-12-23 12:00:00,0.034791116,2.0,,bPINN__,bPINN__0051,l1  [bPINN__0051]37:57,bPINN__0051   +000.035      004.00000      DD_Bongo,bPINN       12/23/2017  12:00:00    +000.035,bPINN       12/23/2017  12:00:00    +000.035,2.0,2164020.0,0.0106043321568,PINN,14,5.1,8207.6544,low
,,PINN_12hr,2017-12-24 00:00:00,0.0326751059999999,2.0,,bPINN__,bPINN__0052,l1  [bPINN__0052]37:57,bPINN__0052   +000.033      004.00000      DD_Bongo,bPINN       12/24/2017  00:00:00    +000.033,bPINN       12/24/2017  00:00:00    +000.033,2.0,2207220.0,0.0099593723087999,PINN,14,5.1,8207.6544,low
,,PINN_12hr,2017-12-24 12:00:00,0.033810676,2.0,,bPINN__,bPINN__0053,l1  [bPINN__0053]37:57,bPINN__0053   +000.034      004.00000      DD_Bongo,bPINN       12/24/2017  12:00:00    +000.034,bPINN       12/24/2017  12:00:00    +000.034,2.0,2250420.0,0.0103054940448,PINN,14,5.1,8207.6544,low
,,PINN_12hr,2017-12-25 00:00:00,0.031136986,2.0,,bPINN__,bPINN__0054,l1  [bPINN__0054]37:57,bPINN__0054   +000.031      004.00000      DD_Bongo,bPINN       12/25/2017  00:00:00    +000.031,bPINN       12/25/2017  00:00:00    +000.031,2.0,2293620.0,0.0094905533328,PINN,14,5.1,8207.6544,low
,,PINN_12hr,2017-12-25 12:00:00,0.032082776,2.0,,bPINN__,bPINN__0055,l1  [bPINN__0055]37:57,bPINN__0055   +000.032      004.00000      DD_Bongo,bPINN       12/25/2017  12:00:00    +000.032,bPINN       12/25/2017  12:00:00    +000.032,2.0,2336820.0,0.0097788301248,PINN,14,5.1,8207.6544,low
,,PINN_12hr,2017-12-26 00:00:00,0.033255446,2.0,,bPINN__,bPINN__0056,l1  [bPINN__0056]37:57,bPINN__0056   +000.033      004.00000      DD_Bongo,bPINN       12/26/2017  00:00:00    +000.033,bPINN       12/26/2017  00:00:00    +000.033,2.0,2380020.0,0.0101362599408,PINN,14,5.1,8207.6544,low
,,PINN_12hr,2017-12-26 12:00:00,0.032565316,2.0,,bPINN__,bPINN__0057,l1  [bPINN__0057]37:57,bPINN__0057   +000.033      004.00000      DD_Bongo,bPINN       12/26/2017  12:00:00    +000.033,bPINN       12/26/2017  12:00:00    +000.033,2.0,2423220.0,0.0099259083168,PINN,14,5.1,8207.6544,low
,,PINN_12hr,2017-12-27 00:00:00,0.0326852559999999,2.0,,bPINN__,bPINN__0058,l1  [bPINN__0058]37:57,bPINN__0058   +000.033      004.00000      DD_Bongo,bPINN       12/27/2017  00:00:00    +000.033,bPINN       12/27/2017  00:00:00    +000.033,2.0,2466420.0,0.0099624660287999,PINN,14,5.1,8207.6544,low
,,PINN_12hr,2017-12-27 12:00:00,0.031153606,2.0,,bPINN__,bPINN__0059,l1  [bPINN__0059]37:57,bPINN__0059   +000.031      004.00000      DD_Bongo,bPINN       12/27/2017  12:00:00    +000.031,bPINN       12/27/2017  12:00:00    +000.031,2.0,2509620.0,0.0094956191088,PINN,14,5.1,8207.6544,low
,,PINN_12hr,2017-12-28 00:00:00,0.033105956,2.0,,bPINN__,bPINN__0060,l1  [bPINN__0060]37:57,bPINN__0060   +000.033      004.00000      DD_Bongo,bPINN       12/28/2017  00:00:00    +000.033,bPINN       12/28/2017  00:00:00    +000.033,2.0,2552820.0,0.0100906953888,PINN,14,5.1,8207.6544,low
,,PINN_12hr,2017-12-28 12:00:00,0.030237386,2.0,,bPINN__,bPINN__0061,l1  [bPINN__0061]37:57,bPINN__0061   +000.030      004.00000      DD_Bongo,bPINN       12/28/2017  12:00:00    +000.030,bPINN       12/28/2017  12:00:00    +000.030,2.0,2596020.0,0.0092163552528,PINN,14,5.1,8207.6544,low
,,PINN_12hr,2017-12-29 00:00:00,0.034507636,2.0,,bPINN__,bPINN__0062,l1  [bPINN__0062]37:57,bPINN__0062   +000.035      004.00000      DD_Bongo,bPINN       12/29/2017  00:00:00    +000.035,bPINN       12/29/2017  00:00:00    +000.035,2.0,2639220.0,0.0105179274528,PINN,14,5.1,8207.6544,low
,,PINN_12hr,2017-12-29 12:00:00,0.029174826,2.0,,bPINN__,bPINN__0063,l1  [bPINN__0063]37:57,bPINN__0063   +000.029      004.00000      DD_Bongo,bPINN       12/29/2017  12:00:00    +000.029,bPINN       12/29/2017  12:00:00    +000.029,2.0,2682420.0,0.0088924869648,PINN,14,5.1,8207.6544,low
,,PINN_12hr,2017-12-30 00:00:00,0.035250066,2.0,,bPINN__,bPINN__0064,l1  [bPINN__0064]37:57,bPINN__0064   +000.035      004.00000      DD_Bongo,bPINN       12/30/2017  00:00:00    +000.035,bPINN       12/30/2017  00:00:00    +000.035,2.0,2725620.0,0.0107442201167999,PINN,14,5.1,8207.6544,low
,,PINN_12hr,2017-12-30 12:00:00,0.027868416,2.0,,bPINN__,bPINN__0065,l1  [bPINN__0065]37:57,bPINN__0065   +000.028      004.00000      DD_Bongo,bPINN       12/30/2017  12:00:00    +000.028,bPINN       12/30/2017  12:00:00    +000.028,2.0,2768820.0,0.0084942931968,PINN,14,5.1,8207.6544,low
,,PINN_12hr,2017-12-31 00:00:00,0.035258826,2.0,,bPINN__,bPINN__0066,l1  [bPINN__0066]37:57,bPINN__0066   +000.035      004.00000      DD_Bongo,bPINN       12/31/2017  00:00:00    +000.035,bPINN       12/31/2017  00:00:00    +000.035,2.0,2812020.0,0.0107468901648,PINN,14,5.1,8207.6544,low
,,PINN_12hr,2017-12-31 12:00:00,0.029645896,2.0,,bPINN__,bPINN__0067,l1  [bPINN__0067]37:57,bPINN__0067   +000.030      004.00000      DD_Bongo,bPINN       12/31/2017  12:00:00    +000.030,bPINN       12/31/2017  12:00:00    +000.030,2.0,2855220.0,0.0090360691008,PINN,14,5.1,8207.6544,low
,,PINN_12hr,2018-01-01 00:00:00,0.032735186,2.0,,bPINN__,bPINN__0068,l1  [bPINN__0068]37:57,bPINN__0068   +000.033      004.00000      DD_Bongo,bPINN       01/01/2018  00:00:00    +000.033,bPINN       01/01/2018  00:00:00    +000.033,2.0,2898420.0,0.0099776846928,PINN,14,5.1,8207.6544,low
,,PINN_12hr,2018-01-01 12:00:00,0.030335866,2.0,,bPINN__,bPINN__0069,l1  [bPINN__0069]37:57,bPINN__0069   +000.030      004.00000      DD_Bongo,bPINN       01/01/2018  12:00:00    +000.030,bPINN       01/01/2018  12:00:00    +000.030,2.0,2941620.0,0.0092463719568,PINN,14,5.1,8207.6544,low
,,WS_12hr,2017-11-28 12:00:00,0.0,1.0,,bWS____,bWS____0001,l1  [bWS____0001]37:57,bWS____0001   +000.000      002.00000      DD_Bongo,bWS__       11/28/2017  12:00:00    +000.000,bWS__       11/28/2017  12:00:00    +000.000,1.0,4020.0,0.0,WS,15,9.6,15449.7024,low
,,WS_12hr,2017-11-29 00:00:00,0.0,1.0,,bWS____,bWS____0002,l1  [bWS____0002]37:57,bWS____0002   +000.000      002.00000      DD_Bongo,bWS__       11/29/2017  00:00:00    +000.000,bWS__       11/29/2017  00:00:00    +000.000,1.0,47220.0,0.0,WS,15,9.6,15449.7024,low
,,WS_12hr,2017-11-29 12:00:00,0.0,1.0,,bWS____,bWS____0003,l1  [bWS____0003]37:57,bWS____0003   +000.000      002.00000      DD_Bongo,bWS__       11/29/2017  12:00:00    +000.000,bWS__       11/29/2017  12:00:00    +000.000,1.0,90420.0,0.0,WS,15,9.6,15449.7024,low
,,WS_12hr,2017-11-30 00:00:00,0.004256569,1.0,,bWS____,bWS____0004,l1  [bWS____0004]37:57,bWS____0004   +000.004      002.00000      DD_Bongo,bWS__       11/30/2017  00:00:00    +000.004,bWS__       11/30/2017  00:00:00    +000.004,1.0,133620.0,0.0012974022312,WS,15,9.6,15449.7024,low
,,WS_12hr,2017-11-30 12:00:00,0.00127298,1.0,,bWS____,bWS____0005,l1  [bWS____0005]37:57,bWS____0005   +000.001      002.00000      DD_Bongo,bWS__       11/30/2017  12:00:00    +000.001,bWS__       11/30/2017  12:00:00    +000.001,1.0,176820.0,0.000388004304,WS,15,9.6,15449.7024,low
,,WS_12hr,2017-12-01 00:00:00,0.021727029,1.0,,bWS____,bWS____0006,l1  [bWS____0006]37:57,bWS____0006   +000.022      002.00000      DD_Bongo,bWS__       12/01/2017  00:00:00    +000.022,bWS__       12/01/2017  00:00:00    +000.022,1.0,220020.0,0.0066223984392,WS,15,9.6,15449.7024,low
,,WS_12hr,2017-12-01 12:00:00,0.022339089,1.0,,bWS____,bWS____0007,l1  [bWS____0007]37:57,bWS____0007   +000.022      002.00000      DD_Bongo,bWS__       12/01/2017  12:00:00    +000.022,bWS__       12/01/2017  12:00:00    +000.022,1.0,263220.0,0.0068089543272,WS,15,9.6,15449.7024,low
,,WS_12hr,2017-12-02 00:00:00,0.009805987,1.0,,bWS____,bWS____0008,l1  [bWS____0008]37:57,bWS____0008   +000.010      002.00000      DD_Bongo,bWS__       12/02/2017  00:00:00    +000.010,bWS__       12/02/2017  00:00:00    +000.010,1.0,306420.0,0.0029888648376,WS,15,9.6,15449.7024,low
,,WS_12hr,2017-12-02 12:00:00,0.018433025,1.0,,bWS____,bWS____0009,l1  [bWS____0009]37:57,bWS____0009   +000.018      002.00000      DD_Bongo,bWS__       12/02/2017  12:00:00    +000.018,bWS__       12/02/2017  12:00:00    +000.018,1.0,349620.0,0.00561838602,WS,15,9.6,15449.7024,low
,,WS_12hr,2017-12-03 00:00:00,0.012200385,1.0,,bWS____,bWS____0010,l1  [bWS____0010]37:57,bWS____0010   +000.012      002.00000      DD_Bongo,bWS__       12/03/2017  00:00:00    +000.012,bWS__       12/03/2017  00:00:00    +000.012,1.0,392820.0,0.003718677348,WS,15,9.6,15449.7024,low
,,WS_12hr,2017-12-03 12:00:00,0.016033965,1.0,,bWS____,bWS____0011,l1  [bWS____0011]37:57,bWS____0011   +000.016      002.00000      DD_Bongo,bWS__       12/03/2017  12:00:00    +000.016,bWS__       12/03/2017  12:00:00    +000.016,1.0,436020.0,0.004887152532,WS,15,9.6,15449.7024,low
,,WS_12hr,2017-12-04 00:00:00,0.008900603,1.0,,bWS____,bWS____0012,l1  [bWS____0012]37:57,bWS____0012   +000.009      002.00000      DD_Bongo,bWS__       12/04/2017  00:00:00    +000.009,bWS__       12/04/2017  00:00:00    +000.009,1.0,479220.0,0.0027129037944,WS,15,9.6,15449.7024,low
,,WS_12hr,2017-12-04 12:00:00,0.014803091,1.0,,bWS____,bWS____0013,l1  [bWS____0013]37:57,bWS____0013   +000.015      002.00000      DD_Bongo,bWS__       12/04/2017  12:00:00    +000.015,bWS__       12/04/2017  12:00:00    +000.015,1.0,522420.0,0.0045119821368,WS,15,9.6,15449.7024,low
,,WS_12hr,2017-12-05 00:00:00,0.019837597,1.0,,bWS____,bWS____0014,l1  [bWS____0014]37:57,bWS____0014   +000.020      002.00000      DD_Bongo,bWS__       12/05/2017  00:00:00    +000.020,bWS__       12/05/2017  00:00:00    +000.020,1.0,565620.0,0.0060464995655999,WS,15,9.6,15449.7024,low
,,WS_12hr,2017-12-05 12:00:00,0.005528263,1.0,,bWS____,bWS____0015,l1  [bWS____0015]37:57,bWS____0015   +000.006      002.00000      DD_Bongo,bWS__       12/05/2017  12:00:00    +000.006,bWS__       12/05/2017  12:00:00    +000.006,1.0,608820.0,0.0016850145624,WS,15,9.6,15449.7024,low
,,WS_12hr,2017-12-06 00:00:00,0.0030546,1.0,,bWS____,bWS____0016,l1  [bWS____0016]37:57,bWS____0016   +000.003      002.00000      DD_Bongo,bWS__       12/06/2017  00:00:00    +000.003,bWS__       12/06/2017  00:00:00    +000.003,1.0,652020.0,0.00093104208,WS,15,9.6,15449.7024,low
,,WS_12hr,2017-12-06 12:00:00,0.010214091,1.0,,bWS____,bWS____0017,l1  [bWS____0017]37:57,bWS____0017   +000.010      002.00000      DD_Bongo,bWS__       12/06/2017  12:00:00    +000.010,bWS__       12/06/2017  12:00:00    +000.010,1.0,695220.0,0.0031132549368,WS,15,9.6,15449.7024,low
,,WS_12hr,2017-12-07 00:00:00,0.02631714,1.0,,bWS____,bWS____0018,l1  [bWS____0018]37:57,bWS____0018   +000.026      002.00000      DD_Bongo,bWS__       12/07/2017  00:00:00    +000.026,bWS__       12/07/2017  00:00:00    +000.026,1.0,738420.0,0.008021464272,WS,15,9.6,15449.7024,low
,,WS_12hr,2017-12-07 12:00:00,0.02507506,1.0,,bWS____,bWS____0019,l1  [bWS____0019]37:57,bWS____0019   +000.025      002.00000      DD_Bongo,bWS__       12/07/2017  12:00:00    +000.025,bWS__       12/07/2017  12:00:00    +000.025,1.0,781620.0,0.007642878288,WS,15,9.6,15449.7024,low
,,WS_12hr,2017-12-08 00:00:00,0.0144675227,1.0,,bWS____,bWS____0020,l1  [bWS____0020]37:57,bWS____0020   +000.014      002.00000      DD_Bongo,bWS__       12/08/2017  00:00:00    +000.014,bWS__       12/08/2017  00:00:00    +000.014,1.0,824820.0,0.00440970091896,WS,15,9.6,15449.7024,low
,,WS_12hr,2017-12-08 12:00:00,0.022520229,1.0,,bWS____,bWS____0021,l1  [bWS____0021]37:57,bWS____0021   +000.023      002.00000      DD_Bongo,bWS__       12/08/2017  12:00:00    +000.023,bWS__       12/08/2017  12:00:00    +000.023,1.0,868020.0,0.0068641657992,WS,15,9.6,15449.7024,low
,,WS_12hr,2017-12-09 00:00:00,0.02170452,1.0,,bWS____,bWS____0022,l1  [bWS____0022]37:57,bWS____0022   +000.022      002.00000      DD_Bongo,bWS__       12/09/2017  00:00:00    +000.022,bWS__       12/09/2017  00:00:00    +000.022,1.0,911220.0,0.006615537696,WS,15,9.6,15449.7024,low
,,WS_12hr,2017-12-09 12:00:00,0.015377034,1.0,,bWS____,bWS____0023,l1  [bWS____0023]37:57,bWS____0023   +000.015      002.00000      DD_Bongo,bWS__       12/09/2017  12:00:00    +000.015,bWS__       12/09/2017  12:00:00    +000.015,1.0,954420.0,0.0046869199632,WS,15,9.6,15449.7024,low
,,WS_12hr,2017-12-10 00:00:00,0.007121817,1.0,,bWS____,bWS____0024,l1  [bWS____0024]37:57,bWS____0024   +000.007      002.00000      DD_Bongo,bWS__       12/10/2017  00:00:00    +000.007,bWS__       12/10/2017  00:00:00    +000.007,1.0,997620.0,0.0021707298216,WS,15,9.6,15449.7024,low
,,WS_12hr,2017-12-10 12:00:00,-0.0086779899999999,1.0,,bWS____,bWS____0025,l1  [bWS____0025]37:57,bWS____0025   -000.009      002.00000      DD_Bongo,bWS__       12/10/2017  12:00:00    -000.009,bWS__       12/10/2017  12:00:00    -000.009,1.0,1040820.0,-0.0026450513519999,WS,15,9.6,15449.7024,low
,,WS_12hr,2017-12-11 00:00:00,-0.01345792,1.0,,bWS____,bWS____0026,l1  [bWS____0026]37:57,bWS____0026   -000.013      002.00000      DD_Bongo,bWS__       12/11/2017  00:00:00    -000.013,bWS__       12/11/2017  00:00:00    -000.013,1.0,1084020.0,-0.004101974016,WS,15,9.6,15449.7024,low
,,WS_12hr,2017-12-11 12:00:00,-0.01223737,1.0,,bWS____,bWS____0027,l1  [bWS____0027]37:57,bWS____0027   -000.012      002.00000      DD_Bongo,bWS__       12/11/2017  12:00:00    -000.012,bWS__       12/11/2017  12:00:00    -000.012,1.0,1127220.0,-0.003729950376,WS,15,9.6,15449.7024,low
,,WS_12hr,2017-12-12 00:00:00,0.016725538,1.0,,bWS____,bWS____0028,l1  [bWS____0028]37:57,bWS____0028   +000.017      002.00000      DD_Bongo,bWS__       12/12/2017  00:00:00    +000.017,bWS__       12/12/2017  00:00:00    +000.017,1.0,1170420.0,0.0050979439824,WS,15,9.6,15449.7024,low
,,WS_12hr,2017-12-12 12:00:00,0.0579673,1.0,,bWS____,bWS____0029,l1  [bWS____0029]37:57,bWS____0029   +000.058      002.00000      DD_Bongo,bWS__       12/12/2017  12:00:00    +000.058,bWS__       12/12/2017  12:00:00    +000.058,1.0,1213620.0,0.01766843304,WS,15,9.6,15449.7024,low
,,WS_12hr,2017-12-13 00:00:00,0.04950732,1.0,,bWS____,bWS____0030,l1  [bWS____0030]37:57,bWS____0030   +000.050      002.00000      DD_Bongo,bWS__       12/13/2017  00:00:00    +000.050,bWS__       12/13/2017  00:00:00    +000.050,1.0,1256820.0,0.015089831136,WS,15,9.6,15449.7024,low
,,WS_12hr,2017-12-13 12:00:00,0.03338277,1.0,,bWS____,bWS____0031,l1  [bWS____0031]37:57,bWS____0031   +000.033      002.00000      DD_Bongo,bWS__       12/13/2017  12:00:00    +000.033,bWS__       12/13/2017  12:00:00    +000.033,1.0,1300020.0,0.010175068296,WS,15,9.6,15449.7024,low
,,WS_12hr,2017-12-14 00:00:00,0.010933892,1.0,,bWS____,bWS____0032,l1  [bWS____0032]37:57,bWS____0032   +000.011      002.00000      DD_Bongo,bWS__       12/14/2017  00:00:00    +000.011,bWS__       12/14/2017  00:00:00    +000.011,1.0,1343220.0,0.0033326502816,WS,15,9.6,15449.7024,low
,,WS_12hr,2017-12-14 12:00:00,0.016490701,1.0,,bWS____,bWS____0033,l1  [bWS____0033]37:57,bWS____0033   +000.016      002.00000      DD_Bongo,bWS__       12/14/2017  12:00:00    +000.016,bWS__       12/14/2017  12:00:00    +000.016,1.0,1386420.0,0.0050263656648,WS,15,9.6,15449.7024,low
,,WS_12hr,2017-12-15 00:00:00,0.00167279,1.0,,bWS____,bWS____0034,l1  [bWS____0034]37:57,bWS____0034   +000.002      002.00000      DD_Bongo,bWS__       12/15/2017  00:00:00    +000.002,bWS__       12/15/2017  00:00:00    +000.002,1.0,1429620.0,0.000509866392,WS,15,9.6,15449.7024,low
,,WS_12hr,2017-12-15 12:00:00,-0.0009269899999999,1.0,,bWS____,bWS____0035,l1  [bWS____0035]37:57,bWS____0035   -000.001      002.00000      DD_Bongo,bWS__       12/15/2017  12:00:00    -000.001,bWS__       12/15/2017  12:00:00    -000.001,1.0,1472820.0,-0.0002825465519999,WS,15,9.6,15449.7024,low
,,WS_12hr,2017-12-16 00:00:00,0.00038933,1.0,,bWS____,bWS____0036,l1  [bWS____0036]37:57,bWS____0036   +000.000      002.00000      DD_Bongo,bWS__       12/16/2017  00:00:00    +000.000,bWS__       12/16/2017  00:00:00    +000.000,1.0,1516020.0,0.000118667784,WS,15,9.6,15449.7024,low
,,WS_12hr,2017-12-16 12:00:00,-0.00101885,1.0,,bWS____,bWS____0037,l1  [bWS____0037]37:57,bWS____0037   -000.001      002.00000      DD_Bongo,bWS__       12/16/2017  12:00:00    -000.001,bWS__       12/16/2017  12:00:00    -000.001,1.0,1559220.0,-0.00031054548,WS,15,9.6,15449.7024,low
,,WS_12hr,2017-12-17 00:00:00,0.009968129,1.0,,bWS____,bWS____0038,l1  [bWS____0038]37:57,bWS____0038   +000.010      002.00000      DD_Bongo,bWS__       12/17/2017  00:00:00    +000.010,bWS__       12/17/2017  00:00:00    +000.010,1.0,1602420.0,0.0030382857192,WS,15,9.6,15449.7024,low
,,WS_12hr,2017-12-17 12:00:00,0.01601485,1.0,,bWS____,bWS____0039,l1  [bWS____0039]37:57,bWS____0039   +000.016      002.00000      DD_Bongo,bWS__       12/17/2017  12:00:00    +000.016,bWS__       12/17/2017  12:00:00    +000.016,1.0,1645620.0,0.00488132628,WS,15,9.6,15449.7024,low
,,WS_12hr,2017-12-18 00:00:00,0.02462089,1.0,,bWS____,bWS____0040,l1  [bWS____0040]37:57,bWS____0040   +000.025      002.00000      DD_Bongo,bWS__       12/18/2017  00:00:00    +000.025,bWS__       12/18/2017  00:00:00    +000.025,1.0,1688820.0,0.007504447272,WS,15,9.6,15449.7024,low
,,WS_12hr,2017-12-18 12:00:00,0.01895626,1.0,,bWS____,bWS____0041,l1  [bWS____0041]37:57,bWS____0041   +000.019      002.00000      DD_Bongo,bWS__       12/18/2017  12:00:00    +000.019,bWS__       12/18/2017  12:00:00    +000.019,1.0,1732020.0,0.005777868048,WS,15,9.6,15449.7024,low
,,WS_12hr,2017-12-19 00:00:00,0.023919851,1.0,,bWS____,bWS____0042,l1  [bWS____0042]37:57,bWS____0042   +000.024      002.00000      DD_Bongo,bWS__       12/19/2017  00:00:00    +000.024,bWS__       12/19/2017  00:00:00    +000.024,1.0,1775220.0,0.0072907705848,WS,15,9.6,15449.7024,low
,,WS_12hr,2017-12-19 12:00:00,0.015869305,1.0,,bWS____,bWS____0043,l1  [bWS____0043]37:57,bWS____0043   +000.016      002.00000      DD_Bongo,bWS__       12/19/2017  12:00:00    +000.016,bWS__       12/19/2017  12:00:00    +000.016,1.0,1818420.0,0.004836964164,WS,15,9.6,15449.7024,low
,,WS_12hr,2017-12-20 00:00:00,0.019617804,1.0,,bWS____,bWS____0044,l1  [bWS____0044]37:57,bWS____0044   +000.020      002.00000      DD_Bongo,bWS__       12/20/2017  00:00:00    +000.020,bWS__       12/20/2017  00:00:00    +000.020,1.0,1861620.0,0.0059795066592,WS,15,9.6,15449.7024,low
,,WS_12hr,2017-12-20 12:00:00,0.015137231,1.0,,bWS____,bWS____0045,l1  [bWS____0045]37:57,bWS____0045   +000.015      002.00000      DD_Bongo,bWS__       12/20/2017  12:00:00    +000.015,bWS__       12/20/2017  12:00:00    +000.015,1.0,1904820.0,0.0046138280088,WS,15,9.6,15449.7024,low
,,WS_12hr,2017-12-21 00:00:00,0.011930823,1.0,,bWS____,bWS____0046,l1  [bWS____0046]37:57,bWS____0046   +000.012      002.00000      DD_Bongo,bWS__       12/21/2017  00:00:00    +000.012,bWS__       12/21/2017  00:00:00    +000.012,1.0,1948020.0,0.0036365148504,WS,15,9.6,15449.7024,low
,,WS_12hr,2017-12-21 12:00:00,0.007149584,1.0,,bWS____,bWS____0047,l1  [bWS____0047]37:57,bWS____0047   +000.007      002.00000      DD_Bongo,bWS__       12/21/2017  12:00:00    +000.007,bWS__       12/21/2017  12:00:00    +000.007,1.0,1991220.0,0.0021791932032,WS,15,9.6,15449.7024,low
,,WS_12hr,2017-12-22 00:00:00,0.021866625,1.0,,bWS____,bWS____0048,l1  [bWS____0048]37:57,bWS____0048   +000.022      002.00000      DD_Bongo,bWS__       12/22/2017  00:00:00    +000.022,bWS__       12/22/2017  00:00:00    +000.022,1.0,2034420.0,0.0066649473,WS,15,9.6,15449.7024,low
,,WS_12hr,2017-12-22 12:00:00,0.03630096,1.0,,bWS____,bWS____0049,l1  [bWS____0049]37:57,bWS____0049   +000.036      002.00000      DD_Bongo,bWS__       12/22/2017  12:00:00    +000.036,bWS__       12/22/2017  12:00:00    +000.036,1.0,2077620.0,0.011064532608,WS,15,9.6,15449.7024,low
,,WS_12hr,2017-12-23 00:00:00,0.019601509,1.0,,bWS____,bWS____0050,l1  [bWS____0050]37:57,bWS____0050   +000.020      002.00000      DD_Bongo,bWS__       12/23/2017  00:00:00    +000.020,bWS__       12/23/2017  00:00:00    +000.020,1.0,2120820.0,0.0059745399432,WS,15,9.6,15449.7024,low
,,WS_12hr,2017-12-23 12:00:00,0.017278495,1.0,,bWS____,bWS____0051,l1  [bWS____0051]37:57,bWS____0051   +000.017      002.00000      DD_Bongo,bWS__       12/23/2017  12:00:00    +000.017,bWS__       12/23/2017  12:00:00    +000.017,1.0,2164020.0,0.005266485276,WS,15,9.6,15449.7024,low
,,WS_12hr,2017-12-24 00:00:00,0.017887453,1.0,,bWS____,bWS____0052,l1  [bWS____0052]37:57,bWS____0052   +000.018      002.00000      DD_Bongo,bWS__       12/24/2017  00:00:00    +000.018,bWS__       12/24/2017  00:00:00    +000.018,1.0,2207220.0,0.0054520956744,WS,15,9.6,15449.7024,low
,,WS_12hr,2017-12-24 12:00:00,0.015541312,1.0,,bWS____,bWS____0053,l1  [bWS____0053]37:57,bWS____0053   +000.016      002.00000      DD_Bongo,bWS__       12/24/2017  12:00:00    +000.016,bWS__       12/24/2017  12:00:00    +000.016,1.0,2250420.0,0.0047369918976,WS,15,9.6,15449.7024,low
,,WS_12hr,2017-12-25 00:00:00,0.011459756,1.0,,bWS____,bWS____0054,l1  [bWS____0054]37:57,bWS____0054   +000.011      002.00000      DD_Bongo,bWS__       12/25/2017  00:00:00    +000.011,bWS__       12/25/2017  00:00:00    +000.011,1.0,2293620.0,0.0034929336288,WS,15,9.6,15449.7024,low
,,WS_12hr,2017-12-25 12:00:00,0.0134640978,1.0,,bWS____,bWS____0055,l1  [bWS____0055]37:57,bWS____0055   +000.013      002.00000      DD_Bongo,bWS__       12/25/2017  12:00:00    +000.013,bWS__       12/25/2017  12:00:00    +000.013,1.0,2336820.0,0.00410385700944,WS,15,9.6,15449.7024,low
,,WS_12hr,2017-12-26 00:00:00,0.009353597,1.0,,bWS____,bWS____0056,l1  [bWS____0056]37:57,bWS____0056   +000.009      002.00000      DD_Bongo,bWS__       12/26/2017  00:00:00    +000.009,bWS__       12/26/2017  00:00:00    +000.009,1.0,2380020.0,0.0028509763656,WS,15,9.6,15449.7024,low
,,WS_12hr,2017-12-26 12:00:00,0.009834862,1.0,,bWS____,bWS____0057,l1  [bWS____0057]37:57,bWS____0057   +000.010      002.00000      DD_Bongo,bWS__       12/26/2017  12:00:00    +000.010,bWS__       12/26/2017  12:00:00    +000.010,1.0,2423220.0,0.0029976659376,WS,15,9.6,15449.7024,low
,,WS_12hr,2017-12-27 00:00:00,0.008755867,1.0,,bWS____,bWS____0058,l1  [bWS____0058]37:57,bWS____0058   +000.009      002.00000      DD_Bongo,bWS__       12/27/2017  00:00:00    +000.009,bWS__       12/27/2017  00:00:00    +000.009,1.0,2466420.0,0.0026687882616,WS,15,9.6,15449.7024,low
,,WS_12hr,2017-12-27 12:00:00,0.007104278,1.0,,bWS____,bWS____0059,l1  [bWS____0059]37:57,bWS____0059   +000.007      002.00000      DD_Bongo,bWS__       12/27/2017  12:00:00    +000.007,bWS__       12/27/2017  12:00:00    +000.007,1.0,2509620.0,0.0021653839344,WS,15,9.6,15449.7024,low
,,WS_12hr,2017-12-28 00:00:00,0.004954635,1.0,,bWS____,bWS____0060,l1  [bWS____0060]37:57,bWS____0060   +000.005      002.00000      DD_Bongo,bWS__       12/28/2017  00:00:00    +000.005,bWS__       12/28/2017  00:00:00    +000.005,1.0,2552820.0,0.001510172748,WS,15,9.6,15449.7024,low
,,WS_12hr,2017-12-28 12:00:00,-0.0155312,1.0,,bWS____,bWS____0061,l1  [bWS____0061]37:57,bWS____0061   -000.016      002.00000      DD_Bongo,bWS__       12/28/2017  12:00:00    -000.016,bWS__       12/28/2017  12:00:00    -000.016,1.0,2596020.0,-0.00473390976,WS,15,9.6,15449.7024,low
,,WS_12hr,2017-12-29 00:00:00,-0.01065885,1.0,,bWS____,bWS____0062,l1  [bWS____0062]37:57,bWS____0062   -000.011      002.00000      DD_Bongo,bWS__       12/29/2017  00:00:00    -000.011,bWS__       12/29/2017  00:00:00    -000.011,1.0,2639220.0,-0.00324881748,WS,15,9.6,15449.7024,low
,,WS_12hr,2017-12-29 12:00:00,0.004491813,1.0,,bWS____,bWS____0063,l1  [bWS____0063]37:57,bWS____0063   +000.004      002.00000      DD_Bongo,bWS__       12/29/2017  12:00:00    +000.004,bWS__       12/29/2017  12:00:00    +000.004,1.0,2682420.0,0.0013691046024,WS,15,9.6,15449.7024,low
,,WS_12hr,2017-12-30 00:00:00,0.011570012,1.0,,bWS____,bWS____0064,l1  [bWS____0064]37:57,bWS____0064   +000.012      002.00000      DD_Bongo,bWS__       12/30/2017  00:00:00    +000.012,bWS__       12/30/2017  00:00:00    +000.012,1.0,2725620.0,0.0035265396576,WS,15,9.6,15449.7024,low
,,WS_12hr,2017-12-30 12:00:00,0.008931687,1.0,,bWS____,bWS____0065,l1  [bWS____0065]37:57,bWS____0065   +000.009      002.00000      DD_Bongo,bWS__       12/30/2017  12:00:00    +000.009,bWS__       12/30/2017  12:00:00    +000.009,1.0,2768820.0,0.0027223781976,WS,15,9.6,15449.7024,low
,,WS_12hr,2017-12-31 00:00:00,0.018936761,1.0,,bWS____,bWS____0066,l1  [bWS____0066]37:57,bWS____0066   +000.019      002.00000      DD_Bongo,bWS__       12/31/2017  00:00:00    +000.019,bWS__       12/31/2017  00:00:00    +000.019,1.0,2812020.0,0.0057719247528,WS,15,9.6,15449.7024,low
,,WS_12hr,2017-12-31 12:00:00,0.0299052,1.0,,bWS____,bWS____0067,l1  [bWS____0067]37:57,bWS____0067   +000.030      002.00000      DD_Bongo,bWS__       12/31/2017  12:00:00    +000.030,bWS__       12/31/2017  12:00:00    +000.030,1.0,2855220.0,0.00911510496,WS,15,9.6,15449.7024,low
,,WS_12hr,2018-01-01 00:00:00,0.03104424,1.0,,bWS____,bWS____0068,l1  [bWS____0068]37:57,bWS____0068   +000.031      002.00000      DD_Bongo,bWS__       01/01/2018  00:00:00    +000.031,bWS__       01/01/2018  00:00:00    +000.031,1.0,2898420.0,0.009462284352,WS,15,9.6,15449.7024,low
,,WS_12hr,2018-01-01 12:00:00,0.023242206,1.0,,bWS____,bWS____0069,l1  [bWS____0069]37:57,bWS____0069   +000.023      002.00000      DD_Bongo,bWS__       01/01/2018  12:00:00    +000.023,bWS__       01/01/2018  12:00:00    +000.023,1.0,2941620.0,0.0070842243888,WS,15,9.6,15449.7024,low
,,WD_12hr,2017-11-28 12:00:00,0.0,1.0,,bWD____,bWD____0001,l1  [bWD____0001]37:57,bWD____0001   +000.000      002.00000      DD_Bongo,bWD__       11/28/2017  12:00:00    +000.000,bWD__       11/28/2017  12:00:00    +000.000,1.0,4020.0,0.0,WD,16,9.6,15449.7024,low
,,WD_12hr,2017-11-29 00:00:00,0.0,1.0,,bWD____,bWD____0002,l1  [bWD____0002]37:57,bWD____0002   +000.000      002.00000      DD_Bongo,bWD__       11/29/2017  00:00:00    +000.000,bWD__       11/29/2017  00:00:00    +000.000,1.0,47220.0,0.0,WD,16,9.6,15449.7024,low
,,WD_12hr,2017-11-29 12:00:00,0.0,1.0,,bWD____,bWD____0003,l1  [bWD____0003]37:57,bWD____0003   +000.000      002.00000      DD_Bongo,bWD__       11/29/2017  12:00:00    +000.000,bWD__       11/29/2017  12:00:00    +000.000,1.0,90420.0,0.0,WD,16,9.6,15449.7024,low
,,WD_12hr,2017-11-30 00:00:00,0.0,1.0,,bWD____,bWD____0004,l1  [bWD____0004]37:57,bWD____0004   +000.000      002.00000      DD_Bongo,bWD__       11/30/2017  00:00:00    +000.000,bWD__       11/30/2017  00:00:00    +000.000,1.0,133620.0,0.0,WD,16,9.6,15449.7024,low
,,WD_12hr,2017-11-30 12:00:00,0.0,1.0,,bWD____,bWD____0005,l1  [bWD____0005]37:57,bWD____0005   +000.000      002.00000      DD_Bongo,bWD__       11/30/2017  12:00:00    +000.000,bWD__       11/30/2017  12:00:00    +000.000,1.0,176820.0,0.0,WD,16,9.6,15449.7024,low
,,WD_12hr,2017-12-01 00:00:00,0.019864489,1.0,,bWD____,bWD____0006,l1  [bWD____0006]37:57,bWD____0006   +000.020      002.00000      DD_Bongo,bWD__       12/01/2017  00:00:00    +000.020,bWD__       12/01/2017  00:00:00    +000.020,1.0,220020.0,0.0060546962472,WD,16,9.6,15449.7024,low
,,WD_12hr,2017-12-01 12:00:00,0.02741142,1.0,,bWD____,bWD____0007,l1  [bWD____0007]37:57,bWD____0007   +000.027      002.00000      DD_Bongo,bWD__       12/01/2017  12:00:00    +000.027,bWD__       12/01/2017  12:00:00    +000.027,1.0,263220.0,0.008355000816,WD,16,9.6,15449.7024,low
,,WD_12hr,2017-12-02 00:00:00,0.0207462309999999,1.0,,bWD____,bWD____0008,l1  [bWD____0008]37:57,bWD____0008   +000.021      002.00000      DD_Bongo,bWD__       12/02/2017  00:00:00    +000.021,bWD__       12/02/2017  00:00:00    +000.021,1.0,306420.0,0.0063234512088,WD,16,9.6,15449.7024,low
,,WD_12hr,2017-12-02 12:00:00,0.03004279,1.0,,bWD____,bWD____0009,l1  [bWD____0009]37:57,bWD____0009   +000.030      002.00000      DD_Bongo,bWD__       12/02/2017  12:00:00    +000.030,bWD__       12/02/2017  12:00:00    +000.030,1.0,349620.0,0.009157042392,WD,16,9.6,15449.7024,low
,,WD_12hr,2017-12-03 00:00:00,0.03510483,1.0,,bWD____,bWD____0010,l1  [bWD____0010]37:57,bWD____0010   +000.035      002.00000      DD_Bongo,bWD__       12/03/2017  00:00:00    +000.035,bWD__       12/03/2017  00:00:00    +000.035,1.0,392820.0,0.010699952184,WD,16,9.6,15449.7024,low
,,WD_12hr,2017-12-03 12:00:00,0.0303073,1.0,,bWD____,bWD____0011,l1  [bWD____0011]37:57,bWD____0011   +000.030      002.00000      DD_Bongo,bWD__       12/03/2017  12:00:00    +000.030,bWD__       12/03/2017  12:00:00    +000.030,1.0,436020.0,0.00923766504,WD,16,9.6,15449.7024,low
,,WD_12hr,2017-12-04 00:00:00,0.0157502829999999,1.0,,bWD____,bWD____0012,l1  [bWD____0012]37:57,bWD____0012   +000.016      002.00000      DD_Bongo,bWD__       12/04/2017  00:00:00    +000.016,bWD__       12/04/2017  00:00:00    +000.016,1.0,479220.0,0.0048006862583999,WD,16,9.6,15449.7024,low
,,WD_12hr,2017-12-04 12:00:00,0.0152918439999999,1.0,,bWD____,bWD____0013,l1  [bWD____0013]37:57,bWD____0013   +000.015      002.00000      DD_Bongo,bWD__       12/04/2017  12:00:00    +000.015,bWD__       12/04/2017  12:00:00    +000.015,1.0,522420.0,0.0046609540512,WD,16,9.6,15449.7024,low
,,WD_12hr,2017-12-05 00:00:00,0.0129406639999999,1.0,,bWD____,bWD____0014,l1  [bWD____0014]37:57,bWD____0014   +000.013      002.00000      DD_Bongo,bWD__       12/05/2017  00:00:00    +000.013,bWD__       12/05/2017  00:00:00    +000.013,1.0,565620.0,0.0039443143871999,WD,16,9.6,15449.7024,low
,,WD_12hr,2017-12-05 12:00:00,0.0100714599999999,1.0,,bWD____,bWD____0015,l1  [bWD____0015]37:57,bWD____0015   +000.010      002.00000      DD_Bongo,bWD__       12/05/2017  12:00:00    +000.010,bWD__       12/05/2017  12:00:00    +000.010,1.0,608820.0,0.0030697810079999,WD,16,9.6,15449.7024,low
,,WD_12hr,2017-12-06 00:00:00,0.0227356329999999,1.0,,bWD____,bWD____0016,l1  [bWD____0016]37:57,bWD____0016   +000.023      002.00000      DD_Bongo,bWD__       12/06/2017  00:00:00    +000.023,bWD__       12/06/2017  00:00:00    +000.023,1.0,652020.0,0.0069298209384,WD,16,9.6,15449.7024,low
,,WD_12hr,2017-12-06 12:00:00,0.03573136,1.0,,bWD____,bWD____0017,l1  [bWD____0017]37:57,bWD____0017   +000.036      002.00000      DD_Bongo,bWD__       12/06/2017  12:00:00    +000.036,bWD__       12/06/2017  12:00:00    +000.036,1.0,695220.0,0.0108909185279999,WD,16,9.6,15449.7024,low
,,WD_12hr,2017-12-07 00:00:00,0.03917181,1.0,,bWD____,bWD____0018,l1  [bWD____0018]37:57,bWD____0018   +000.039      002.00000      DD_Bongo,bWD__       12/07/2017  00:00:00    +000.039,bWD__       12/07/2017  00:00:00    +000.039,1.0,738420.0,0.011939567688,WD,16,9.6,15449.7024,low
,,WD_12hr,2017-12-07 12:00:00,0.0219184589999999,1.0,,bWD____,bWD____0019,l1  [bWD____0019]37:57,bWD____0019   +000.022      002.00000      DD_Bongo,bWD__       12/07/2017  12:00:00    +000.022,bWD__       12/07/2017  12:00:00    +000.022,1.0,781620.0,0.0066807463031999,WD,16,9.6,15449.7024,low
,,WD_12hr,2017-12-08 00:00:00,0.0227025059999999,1.0,,bWD____,bWD____0020,l1  [bWD____0020]37:57,bWD____0020   +000.023      002.00000      DD_Bongo,bWD__       12/08/2017  00:00:00    +000.023,bWD__       12/08/2017  00:00:00    +000.023,1.0,824820.0,0.0069197238287999,WD,16,9.6,15449.7024,low
,,WD_12hr,2017-12-08 12:00:00,0.02703609,1.0,,bWD____,bWD____0021,l1  [bWD____0021]37:57,bWD____0021   +000.027      002.00000      DD_Bongo,bWD__       12/08/2017  12:00:00    +000.027,bWD__       12/08/2017  12:00:00    +000.027,1.0,868020.0,0.008240600232,WD,16,9.6,15449.7024,low
,,WD_12hr,2017-12-09 00:00:00,0.021733809,1.0,,bWD____,bWD____0022,l1  [bWD____0022]37:57,bWD____0022   +000.022      002.00000      DD_Bongo,bWD__       12/09/2017  00:00:00    +000.022,bWD__       12/09/2017  00:00:00    +000.022,1.0,911220.0,0.0066244649832,WD,16,9.6,15449.7024,low
,,WD_12hr,2017-12-09 12:00:00,0.0172582555999999,1.0,,bWD____,bWD____0023,l1  [bWD____0023]37:57,bWD____0023   +000.017      002.00000      DD_Bongo,bWD__       12/09/2017  12:00:00    +000.017,bWD__       12/09/2017  12:00:00    +000.017,1.0,954420.0,0.00526031630688,WD,16,9.6,15449.7024,low
,,WD_12hr,2017-12-10 00:00:00,0.0070821319999999,1.0,,bWD____,bWD____0024,l1  [bWD____0024]37:57,bWD____0024   +000.007      002.00000      DD_Bongo,bWD__       12/10/2017  00:00:00    +000.007,bWD__       12/10/2017  00:00:00    +000.007,1.0,997620.0,0.0021586338335999,WD,16,9.6,15449.7024,low
,,WD_12hr,2017-12-10 12:00:00,-0.0150047,1.0,,bWD____,bWD____0025,l1  [bWD____0025]37:57,bWD____0025   -000.015      002.00000      DD_Bongo,bWD__       12/10/2017  12:00:00    -000.015,bWD__       12/10/2017  12:00:00    -000.015,1.0,1040820.0,-0.00457343256,WD,16,9.6,15449.7024,low
,,WD_12hr,2017-12-11 00:00:00,-0.01460033,1.0,,bWD____,bWD____0026,l1  [bWD____0026]37:57,bWD____0026   -000.015      002.00000      DD_Bongo,bWD__       12/11/2017  00:00:00    -000.015,bWD__       12/11/2017  00:00:00    -000.015,1.0,1084020.0,-0.004450180584,WD,16,9.6,15449.7024,low
,,WD_12hr,2017-12-11 12:00:00,-0.01139278,1.0,,bWD____,bWD____0027,l1  [bWD____0027]37:57,bWD____0027   -000.011      002.00000      DD_Bongo,bWD__       12/11/2017  12:00:00    -000.011,bWD__       12/11/2017  12:00:00    -000.011,1.0,1127220.0,-0.003472519344,WD,16,9.6,15449.7024,low
,,WD_12hr,2017-12-12 00:00:00,0.0278845199999999,1.0,,bWD____,bWD____0028,l1  [bWD____0028]37:57,bWD____0028   +000.028      002.00000      DD_Bongo,bWD__       12/12/2017  00:00:00    +000.028,bWD__       12/12/2017  00:00:00    +000.028,1.0,1170420.0,0.0084992016959999,WD,16,9.6,15449.7024,low
,,WD_12hr,2017-12-12 12:00:00,0.07287966,1.0,,bWD____,bWD____0029,l1  [bWD____0029]37:57,bWD____0029   +000.073      002.00000      DD_Bongo,bWD__       12/12/2017  12:00:00    +000.073,bWD__       12/12/2017  12:00:00    +000.073,1.0,1213620.0,0.022213720368,WD,16,9.6,15449.7024,low
,,WD_12hr,2017-12-13 00:00:00,0.07135876,1.0,,bWD____,bWD____0030,l1  [bWD____0030]37:57,bWD____0030   +000.071      002.00000      DD_Bongo,bWD__       12/13/2017  00:00:00    +000.071,bWD__       12/13/2017  00:00:00    +000.071,1.0,1256820.0,0.021750150048,WD,16,9.6,15449.7024,low
,,WD_12hr,2017-12-13 12:00:00,0.05411721,1.0,,bWD____,bWD____0031,l1  [bWD____0031]37:57,bWD____0031   +000.054      002.00000      DD_Bongo,bWD__       12/13/2017  12:00:00    +000.054,bWD__       12/13/2017  12:00:00    +000.054,1.0,1300020.0,0.016494925608,WD,16,9.6,15449.7024,low
,,WD_12hr,2017-12-14 00:00:00,0.03216395,1.0,,bWD____,bWD____0032,l1  [bWD____0032]37:57,bWD____0032   +000.032      002.00000      DD_Bongo,bWD__       12/14/2017  00:00:00    +000.032,bWD__       12/14/2017  00:00:00    +000.032,1.0,1343220.0,0.00980357196,WD,16,9.6,15449.7024,low
,,WD_12hr,2017-12-14 12:00:00,0.02780876,1.0,,bWD____,bWD____0033,l1  [bWD____0033]37:57,bWD____0033   +000.028      002.00000      DD_Bongo,bWD__       12/14/2017  12:00:00    +000.028,bWD__       12/14/2017  12:00:00    +000.028,1.0,1386420.0,0.008476110048,WD,16,9.6,15449.7024,low
,,WD_12hr,2017-12-15 00:00:00,0.0032376799999999,1.0,,bWD____,bWD____0034,l1  [bWD____0034]37:57,bWD____0034   +000.003      002.00000      DD_Bongo,bWD__       12/15/2017  00:00:00    +000.003,bWD__       12/15/2017  00:00:00    +000.003,1.0,1429620.0,0.0009868448639999,WD,16,9.6,15449.7024,low
,,WD_12hr,2017-12-15 12:00:00,-0.00170556,1.0,,bWD____,bWD____0035,l1  [bWD____0035]37:57,bWD____0035   -000.002      002.00000      DD_Bongo,bWD__       12/15/2017  12:00:00    -000.002,bWD__       12/15/2017  12:00:00    -000.002,1.0,1472820.0,-0.000519854688,WD,16,9.6,15449.7024,low
,,WD_12hr,2017-12-16 00:00:00,-0.00242861,1.0,,bWD____,bWD____0036,l1  [bWD____0036]37:57,bWD____0036   -000.002      002.00000      DD_Bongo,bWD__       12/16/2017  00:00:00    -000.002,bWD__       12/16/2017  00:00:00    -000.002,1.0,1516020.0,-0.000740240328,WD,16,9.6,15449.7024,low
,,WD_12hr,2017-12-16 12:00:00,0.0058381199999999,1.0,,bWD____,bWD____0037,l1  [bWD____0037]37:57,bWD____0037   +000.006      002.00000      DD_Bongo,bWD__       12/16/2017  12:00:00    +000.006,bWD__       12/16/2017  12:00:00    +000.006,1.0,1559220.0,0.0017794589759999,WD,16,9.6,15449.7024,low
,,WD_12hr,2017-12-17 00:00:00,0.024511544,1.0,,bWD____,bWD____0038,l1  [bWD____0038]37:57,bWD____0038   +000.025      002.00000      DD_Bongo,bWD__       12/17/2017  00:00:00    +000.025,bWD__       12/17/2017  00:00:00    +000.025,1.0,1602420.0,0.0074711186112,WD,16,9.6,15449.7024,low
,,WD_12hr,2017-12-17 12:00:00,0.024044941,1.0,,bWD____,bWD____0039,l1  [bWD____0039]37:57,bWD____0039   +000.024      002.00000      DD_Bongo,bWD__       12/17/2017  12:00:00    +000.024,bWD__       12/17/2017  12:00:00    +000.024,1.0,1645620.0,0.0073288980168,WD,16,9.6,15449.7024,low
,,WD_12hr,2017-12-18 00:00:00,0.0272327799999999,1.0,,bWD____,bWD____0040,l1  [bWD____0040]37:57,bWD____0040   +000.027      002.00000      DD_Bongo,bWD__       12/18/2017  00:00:00    +000.027,bWD__       12/18/2017  00:00:00    +000.027,1.0,1688820.0,0.008300551344,WD,16,9.6,15449.7024,low
,,WD_12hr,2017-12-18 12:00:00,0.0295929199999999,1.0,,bWD____,bWD____0041,l1  [bWD____0041]37:57,bWD____0041   +000.030      002.00000      DD_Bongo,bWD__       12/18/2017  12:00:00    +000.030,bWD__       12/18/2017  12:00:00    +000.030,1.0,1732020.0,0.009019922016,WD,16,9.6,15449.7024,low
,,WD_12hr,2017-12-19 00:00:00,0.03135045,1.0,,bWD____,bWD____0042,l1  [bWD____0042]37:57,bWD____0042   +000.031      002.00000      DD_Bongo,bWD__       12/19/2017  00:00:00    +000.031,bWD__       12/19/2017  00:00:00    +000.031,1.0,1775220.0,0.00955561716,WD,16,9.6,15449.7024,low
,,WD_12hr,2017-12-19 12:00:00,0.0286252299999999,1.0,,bWD____,bWD____0043,l1  [bWD____0043]37:57,bWD____0043   +000.029      002.00000      DD_Bongo,bWD__       12/19/2017  12:00:00    +000.029,bWD__       12/19/2017  12:00:00    +000.029,1.0,1818420.0,0.008724970104,WD,16,9.6,15449.7024,low
,,WD_12hr,2017-12-20 00:00:00,0.019527851,1.0,,bWD____,bWD____0044,l1  [bWD____0044]37:57,bWD____0044   +000.020      002.00000      DD_Bongo,bWD__       12/20/2017  00:00:00    +000.020,bWD__       12/20/2017  00:00:00    +000.020,1.0,1861620.0,0.0059520889848,WD,16,9.6,15449.7024,low
,,WD_12hr,2017-12-20 12:00:00,0.0173145628,1.0,,bWD____,bWD____0045,l1  [bWD____0045]37:57,bWD____0045   +000.017      002.00000      DD_Bongo,bWD__       12/20/2017  12:00:00    +000.017,bWD__       12/20/2017  12:00:00    +000.017,1.0,1904820.0,0.00527747874144,WD,16,9.6,15449.7024,low
,,WD_12hr,2017-12-21 00:00:00,0.02096321,1.0,,bWD____,bWD____0046,l1  [bWD____0046]37:57,bWD____0046   +000.021      002.00000      DD_Bongo,bWD__       12/21/2017  00:00:00    +000.021,bWD__       12/21/2017  00:00:00    +000.021,1.0,1948020.0,0.006389586408,WD,16,9.6,15449.7024,low
,,WD_12hr,2017-12-21 12:00:00,0.02713245,1.0,,bWD____,bWD____0047,l1  [bWD____0047]37:57,bWD____0047   +000.027      002.00000      DD_Bongo,bWD__       12/21/2017  12:00:00    +000.027,bWD__       12/21/2017  12:00:00    +000.027,1.0,1991220.0,0.00826997076,WD,16,9.6,15449.7024,low
,,WD_12hr,2017-12-22 00:00:00,0.03205816,1.0,,bWD____,bWD____0048,l1  [bWD____0048]37:57,bWD____0048   +000.032      002.00000      DD_Bongo,bWD__       12/22/2017  00:00:00    +000.032,bWD__       12/22/2017  00:00:00    +000.032,1.0,2034420.0,0.009771327168,WD,16,9.6,15449.7024,low
,,WD_12hr,2017-12-22 12:00:00,0.0456942699999999,1.0,,bWD____,bWD____0049,l1  [bWD____0049]37:57,bWD____0049   +000.046      002.00000      DD_Bongo,bWD__       12/22/2017  12:00:00    +000.046,bWD__       12/22/2017  12:00:00    +000.046,1.0,2077620.0,0.013927613496,WD,16,9.6,15449.7024,low
,,WD_12hr,2017-12-23 00:00:00,0.0261438619999999,1.0,,bWD____,bWD____0050,l1  [bWD____0050]37:57,bWD____0050   +000.026      002.00000      DD_Bongo,bWD__       12/23/2017  00:00:00    +000.026,bWD__       12/23/2017  00:00:00    +000.026,1.0,2120820.0,0.0079686491375999,WD,16,9.6,15449.7024,low
,,WD_12hr,2017-12-23 12:00:00,0.02738102,1.0,,bWD____,bWD____0051,l1  [bWD____0051]37:57,bWD____0051   +000.027      002.00000      DD_Bongo,bWD__       12/23/2017  12:00:00    +000.027,bWD__       12/23/2017  12:00:00    +000.027,1.0,2164020.0,0.008345734896,WD,16,9.6,15449.7024,low
,,WD_12hr,2017-12-24 00:00:00,0.0221410999999999,1.0,,bWD____,bWD____0052,l1  [bWD____0052]37:57,bWD____0052   +000.022      002.00000      DD_Bongo,bWD__       12/24/2017  00:00:00    +000.022,bWD__       12/24/2017  00:00:00    +000.022,1.0,2207220.0,0.0067486072799999,WD,16,9.6,15449.7024,low
,,WD_12hr,2017-12-24 12:00:00,0.0217886299999999,1.0,,bWD____,bWD____0053,l1  [bWD____0053]37:57,bWD____0053   +000.022      002.00000      DD_Bongo,bWD__       12/24/2017  12:00:00    +000.022,bWD__       12/24/2017  12:00:00    +000.022,1.0,2250420.0,0.0066411744239999,WD,16,9.6,15449.7024,low
,,WD_12hr,2017-12-25 00:00:00,0.0275657799999999,1.0,,bWD____,bWD____0054,l1  [bWD____0054]37:57,bWD____0054   +000.028      002.00000      DD_Bongo,bWD__       12/25/2017  00:00:00    +000.028,bWD__       12/25/2017  00:00:00    +000.028,1.0,2293620.0,0.008402049744,WD,16,9.6,15449.7024,low
,,WD_12hr,2017-12-25 12:00:00,0.03258428,1.0,,bWD____,bWD____0055,l1  [bWD____0055]37:57,bWD____0055   +000.033      002.00000      DD_Bongo,bWD__       12/25/2017  12:00:00    +000.033,bWD__       12/25/2017  12:00:00    +000.033,1.0,2336820.0,0.009931688544,WD,16,9.6,15449.7024,low
,,WD_12hr,2017-12-26 00:00:00,0.0309325899999999,1.0,,bWD____,bWD____0056,l1  [bWD____0056]37:57,bWD____0056   +000.031      002.00000      DD_Bongo,bWD__       12/26/2017  00:00:00    +000.031,bWD__       12/26/2017  00:00:00    +000.031,1.0,2380020.0,0.009428253432,WD,16,9.6,15449.7024,low
,,WD_12hr,2017-12-26 12:00:00,0.018832816,1.0,,bWD____,bWD____0057,l1  [bWD____0057]37:57,bWD____0057   +000.019      002.00000      DD_Bongo,bWD__       12/26/2017  12:00:00    +000.019,bWD__       12/26/2017  12:00:00    +000.019,1.0,2423220.0,0.0057402423168,WD,16,9.6,15449.7024,low
,,WD_12hr,2017-12-27 00:00:00,0.0064649599999999,1.0,,bWD____,bWD____0058,l1  [bWD____0058]37:57,bWD____0058   +000.006      002.00000      DD_Bongo,bWD__       12/27/2017  00:00:00    +000.006,bWD__       12/27/2017  00:00:00    +000.006,1.0,2466420.0,0.001970519808,WD,16,9.6,15449.7024,low
,,WD_12hr,2017-12-27 12:00:00,0.0051347099999999,1.0,,bWD____,bWD____0059,l1  [bWD____0059]37:57,bWD____0059   +000.005      002.00000      DD_Bongo,bWD__       12/27/2017  12:00:00    +000.005,bWD__       12/27/2017  12:00:00    +000.005,1.0,2509620.0,0.0015650596079999,WD,16,9.6,15449.7024,low
,,WD_12hr,2017-12-28 00:00:00,0.017643065,1.0,,bWD____,bWD____0060,l1  [bWD____0060]37:57,bWD____0060   +000.018      002.00000      DD_Bongo,bWD__       12/28/2017  00:00:00    +000.018,bWD__       12/28/2017  00:00:00    +000.018,1.0,2552820.0,0.005377606212,WD,16,9.6,15449.7024,low
,,WD_12hr,2017-12-28 12:00:00,0.0103742039999999,1.0,,bWD____,bWD____0061,l1  [bWD____0061]37:57,bWD____0061   +000.010      002.00000      DD_Bongo,bWD__       12/28/2017  12:00:00    +000.010,bWD__       12/28/2017  12:00:00    +000.010,1.0,2596020.0,0.0031620573791999,WD,16,9.6,15449.7024,low
,,WD_12hr,2017-12-29 00:00:00,0.0055933999999999,1.0,,bWD____,bWD____0062,l1  [bWD____0062]37:57,bWD____0062   +000.006      002.00000      DD_Bongo,bWD__       12/29/2017  00:00:00    +000.006,bWD__       12/29/2017  00:00:00    +000.006,1.0,2639220.0,0.0017048683199999,WD,16,9.6,15449.7024,low
,,WD_12hr,2017-12-29 12:00:00,0.0100548969999999,1.0,,bWD____,bWD____0063,l1  [bWD____0063]37:57,bWD____0063   +000.010      002.00000      DD_Bongo,bWD__       12/29/2017  12:00:00    +000.010,bWD__       12/29/2017  12:00:00    +000.010,1.0,2682420.0,0.0030647326055999,WD,16,9.6,15449.7024,low
,,WD_12hr,2017-12-30 00:00:00,0.0076865429999999,1.0,,bWD____,bWD____0064,l1  [bWD____0064]37:57,bWD____0064   +000.008      002.00000      DD_Bongo,bWD__       12/30/2017  00:00:00    +000.008,bWD__       12/30/2017  00:00:00    +000.008,1.0,2725620.0,0.0023428583063999,WD,16,9.6,15449.7024,low
,,WD_12hr,2017-12-30 12:00:00,0.0053675799999999,1.0,,bWD____,bWD____0065,l1  [bWD____0065]37:57,bWD____0065   +000.005      002.00000      DD_Bongo,bWD__       12/30/2017  12:00:00    +000.005,bWD__       12/30/2017  12:00:00    +000.005,1.0,2768820.0,0.0016360383839999,WD,16,9.6,15449.7024,low
,,WD_12hr,2017-12-31 00:00:00,0.0100113509999999,1.0,,bWD____,bWD____0066,l1  [bWD____0066]37:57,bWD____0066   +000.010      002.00000      DD_Bongo,bWD__       12/31/2017  00:00:00    +000.010,bWD__       12/31/2017  00:00:00    +000.010,1.0,2812020.0,0.0030514597847999,WD,16,9.6,15449.7024,low
,,WD_12hr,2017-12-31 12:00:00,0.019255148,1.0,,bWD____,bWD____0067,l1  [bWD____0067]37:57,bWD____0067   +000.019      002.00000      DD_Bongo,bWD__       12/31/2017  12:00:00    +000.019,bWD__       12/31/2017  12:00:00    +000.019,1.0,2855220.0,0.0058689691104,WD,16,9.6,15449.7024,low
,,WD_12hr,2018-01-01 00:00:00,0.0219444169999999,1.0,,bWD____,bWD____0068,l1  [bWD____0068]37:57,bWD____0068   +000.022      002.00000      DD_Bongo,bWD__       01/01/2018  00:00:00    +000.022,bWD__       01/01/2018  00:00:00    +000.022,1.0,2898420.0,0.0066886583015999,WD,16,9.6,15449.7024,low
,,WD_12hr,2018-01-01 12:00:00,0.0146377789999999,1.0,,bWD____,bWD____0069,l1  [bWD____0069]37:57,bWD____0069   +000.015      002.00000      DD_Bongo,bWD__       01/01/2018  12:00:00    +000.015,bWD__       01/01/2018  12:00:00    +000.015,1.0,2941620.0,0.0044615950392,WD,16,9.6,15449.7024,low
,,TWEL_12hr,2017-11-28 12:00:00,0.008833033,1.0,,bTWEL__,bTWEL__0001,l1  [bTWEL__0001]37:57,bTWEL__0001   +000.009      002.00000      DD_Bongo,bTWEL       11/28/2017  12:00:00    +000.009,bTWEL       11/28/2017  12:00:00    +000.009,1.0,4020.0,0.0026923084584,TWEL,17,12.3,19794.931200000003,low
,,TWEL_12hr,2017-11-29 00:00:00,0.01425607,1.0,,bTWEL__,bTWEL__0002,l1  [bTWEL__0002]37:57,bTWEL__0002   +000.014      002.00000      DD_Bongo,bTWEL       11/29/2017  00:00:00    +000.014,bTWEL       11/29/2017  00:00:00    +000.014,1.0,47220.0,0.004345250136,TWEL,17,12.3,19794.931200000003,low
,,TWEL_12hr,2017-11-29 12:00:00,-0.007296478,1.0,,bTWEL__,bTWEL__0003,l1  [bTWEL__0003]37:57,bTWEL__0003   -000.007      002.00000      DD_Bongo,bTWEL       11/29/2017  12:00:00    -000.007,bTWEL       11/29/2017  12:00:00    -000.007,1.0,90420.0,-0.0022239664944,TWEL,17,12.3,19794.931200000003,low
,,TWEL_12hr,2017-11-30 00:00:00,-0.01011207,1.0,,bTWEL__,bTWEL__0004,l1  [bTWEL__0004]37:57,bTWEL__0004   -000.010      002.00000      DD_Bongo,bTWEL       11/30/2017  00:00:00    -000.010,bTWEL       11/30/2017  00:00:00    -000.010,1.0,133620.0,-0.003082158936,TWEL,17,12.3,19794.931200000003,low
,,TWEL_12hr,2017-11-30 12:00:00,0.001466241,1.0,,bTWEL__,bTWEL__0005,l1  [bTWEL__0005]37:57,bTWEL__0005   +000.001      002.00000      DD_Bongo,bTWEL       11/30/2017  12:00:00    +000.001,bTWEL       11/30/2017  12:00:00    +000.001,1.0,176820.0,0.0004469102568,TWEL,17,12.3,19794.931200000003,low
,,TWEL_12hr,2017-12-01 00:00:00,0.006089436,1.0,,bTWEL__,bTWEL__0006,l1  [bTWEL__0006]37:57,bTWEL__0006   +000.006      002.00000      DD_Bongo,bTWEL       12/01/2017  00:00:00    +000.006,bTWEL       12/01/2017  00:00:00    +000.006,1.0,220020.0,0.0018560600928,TWEL,17,12.3,19794.931200000003,low
,,TWEL_12hr,2017-12-01 12:00:00,-0.002365818,1.0,,bTWEL__,bTWEL__0007,l1  [bTWEL__0007]37:57,bTWEL__0007   -000.002      002.00000      DD_Bongo,bTWEL       12/01/2017  12:00:00    -000.002,bTWEL       12/01/2017  12:00:00    -000.002,1.0,263220.0,-0.0007211013264,TWEL,17,12.3,19794.931200000003,low
,,TWEL_12hr,2017-12-02 00:00:00,-0.003745778,1.0,,bTWEL__,bTWEL__0008,l1  [bTWEL__0008]37:57,bTWEL__0008   -000.004      002.00000      DD_Bongo,bTWEL       12/02/2017  00:00:00    -000.004,bTWEL       12/02/2017  00:00:00    -000.004,1.0,306420.0,-0.0011417131344,TWEL,17,12.3,19794.931200000003,low
,,TWEL_12hr,2017-12-02 12:00:00,-0.002006261,1.0,,bTWEL__,bTWEL__0009,l1  [bTWEL__0009]37:57,bTWEL__0009   -000.002      002.00000      DD_Bongo,bTWEL       12/02/2017  12:00:00    -000.002,bTWEL       12/02/2017  12:00:00    -000.002,1.0,349620.0,-0.0006115083528,TWEL,17,12.3,19794.931200000003,low
,,TWEL_12hr,2017-12-03 00:00:00,0.004452468,1.0,,bTWEL__,bTWEL__0010,l1  [bTWEL__0010]37:57,bTWEL__0010   +000.004      002.00000      DD_Bongo,bTWEL       12/03/2017  00:00:00    +000.004,bTWEL       12/03/2017  00:00:00    +000.004,1.0,392820.0,0.0013571122464,TWEL,17,12.3,19794.931200000003,low
,,TWEL_12hr,2017-12-03 12:00:00,0.009184331,1.0,,bTWEL__,bTWEL__0011,l1  [bTWEL__0011]37:57,bTWEL__0011   +000.009      002.00000      DD_Bongo,bTWEL       12/03/2017  12:00:00    +000.009,bTWEL       12/03/2017  12:00:00    +000.009,1.0,436020.0,0.0027993840888,TWEL,17,12.3,19794.931200000003,low
,,TWEL_12hr,2017-12-04 00:00:00,0.01152382,1.0,,bTWEL__,bTWEL__0012,l1  [bTWEL__0012]37:57,bTWEL__0012   +000.012      002.00000      DD_Bongo,bTWEL       12/04/2017  00:00:00    +000.012,bTWEL       12/04/2017  00:00:00    +000.012,1.0,479220.0,0.003512460336,TWEL,17,12.3,19794.931200000003,low
,,TWEL_12hr,2017-12-04 12:00:00,0.007523383,1.0,,bTWEL__,bTWEL__0013,l1  [bTWEL__0013]37:57,bTWEL__0013   +000.008      002.00000      DD_Bongo,bTWEL       12/04/2017  12:00:00    +000.008,bTWEL       12/04/2017  12:00:00    +000.008,1.0,522420.0,0.0022931271384,TWEL,17,12.3,19794.931200000003,low
,,TWEL_12hr,2017-12-05 00:00:00,0.01192993,1.0,,bTWEL__,bTWEL__0014,l1  [bTWEL__0014]37:57,bTWEL__0014   +000.012      002.00000      DD_Bongo,bTWEL       12/05/2017  00:00:00    +000.012,bTWEL       12/05/2017  00:00:00    +000.012,1.0,565620.0,0.003636242664,TWEL,17,12.3,19794.931200000003,low
,,TWEL_12hr,2017-12-05 12:00:00,0.003416027,1.0,,bTWEL__,bTWEL__0015,l1  [bTWEL__0015]37:57,bTWEL__0015   +000.003      002.00000      DD_Bongo,bTWEL       12/05/2017  12:00:00    +000.003,bTWEL       12/05/2017  12:00:00    +000.003,1.0,608820.0,0.0010412050296,TWEL,17,12.3,19794.931200000003,low
,,TWEL_12hr,2017-12-06 00:00:00,-0.00827497,1.0,,bTWEL__,bTWEL__0016,l1  [bTWEL__0016]37:57,bTWEL__0016   -000.008      002.00000      DD_Bongo,bTWEL       12/06/2017  00:00:00    -000.008,bTWEL       12/06/2017  00:00:00    -000.008,1.0,652020.0,-0.002522210856,TWEL,17,12.3,19794.931200000003,low
,,TWEL_12hr,2017-12-06 12:00:00,-0.02628367,1.0,,bTWEL__,bTWEL__0017,l1  [bTWEL__0017]37:57,bTWEL__0017   -000.026      002.00000      DD_Bongo,bTWEL       12/06/2017  12:00:00    -000.026,bTWEL       12/06/2017  12:00:00    -000.026,1.0,695220.0,-0.008011262616,TWEL,17,12.3,19794.931200000003,low
,,TWEL_12hr,2017-12-07 00:00:00,-0.02879483,1.0,,bTWEL__,bTWEL__0018,l1  [bTWEL__0018]37:57,bTWEL__0018   -000.029      002.00000      DD_Bongo,bTWEL       12/07/2017  00:00:00    -000.029,bTWEL       12/07/2017  00:00:00    -000.029,1.0,738420.0,-0.008776664184,TWEL,17,12.3,19794.931200000003,low
,,TWEL_12hr,2017-12-07 12:00:00,-0.02688043,1.0,,bTWEL__,bTWEL__0019,l1  [bTWEL__0019]37:57,bTWEL__0019   -000.027      002.00000      DD_Bongo,bTWEL       12/07/2017  12:00:00    -000.027,bTWEL       12/07/2017  12:00:00    -000.027,1.0,781620.0,-0.008193155064,TWEL,17,12.3,19794.931200000003,low
,,TWEL_12hr,2017-12-08 00:00:00,-0.008075455,1.0,,bTWEL__,bTWEL__0020,l1  [bTWEL__0020]37:57,bTWEL__0020   -000.008      002.00000      DD_Bongo,bTWEL       12/08/2017  00:00:00    -000.008,bTWEL       12/08/2017  00:00:00    -000.008,1.0,824820.0,-0.002461398684,TWEL,17,12.3,19794.931200000003,low
,,TWEL_12hr,2017-12-08 12:00:00,0.003882798,1.0,,bTWEL__,bTWEL__0021,l1  [bTWEL__0021]37:57,bTWEL__0021   +000.004      002.00000      DD_Bongo,bTWEL       12/08/2017  12:00:00    +000.004,bTWEL       12/08/2017  12:00:00    +000.004,1.0,868020.0,0.0011834768304,TWEL,17,12.3,19794.931200000003,low
,,TWEL_12hr,2017-12-09 00:00:00,0.0219018,1.0,,bTWEL__,bTWEL__0022,l1  [bTWEL__0022]37:57,bTWEL__0022   +000.022      002.00000      DD_Bongo,bTWEL       12/09/2017  00:00:00    +000.022,bTWEL       12/09/2017  00:00:00    +000.022,1.0,911220.0,0.00667566864,TWEL,17,12.3,19794.931200000003,low
,,TWEL_12hr,2017-12-09 12:00:00,0.0208047,1.0,,bTWEL__,bTWEL__0023,l1  [bTWEL__0023]37:57,bTWEL__0023   +000.021      002.00000      DD_Bongo,bTWEL       12/09/2017  12:00:00    +000.021,bTWEL       12/09/2017  12:00:00    +000.021,1.0,954420.0,0.00634127256,TWEL,17,12.3,19794.931200000003,low
,,TWEL_12hr,2017-12-10 00:00:00,0.01807664,1.0,,bTWEL__,bTWEL__0024,l1  [bTWEL__0024]37:57,bTWEL__0024   +000.018      002.00000      DD_Bongo,bTWEL       12/10/2017  00:00:00    +000.018,bTWEL       12/10/2017  00:00:00    +000.018,1.0,997620.0,0.005509759872,TWEL,17,12.3,19794.931200000003,low
,,TWEL_12hr,2017-12-10 12:00:00,0.005717293,1.0,,bTWEL__,bTWEL__0025,l1  [bTWEL__0025]37:57,bTWEL__0025   +000.006      002.00000      DD_Bongo,bTWEL       12/10/2017  12:00:00    +000.006,bTWEL       12/10/2017  12:00:00    +000.006,1.0,1040820.0,0.0017426309064,TWEL,17,12.3,19794.931200000003,low
,,TWEL_12hr,2017-12-11 00:00:00,0.01802521,1.0,,bTWEL__,bTWEL__0026,l1  [bTWEL__0026]37:57,bTWEL__0026   +000.018      002.00000      DD_Bongo,bTWEL       12/11/2017  00:00:00    +000.018,bTWEL       12/11/2017  00:00:00    +000.018,1.0,1084020.0,0.005494084008,TWEL,17,12.3,19794.931200000003,low
,,TWEL_12hr,2017-12-11 12:00:00,0.006409859,1.0,,bTWEL__,bTWEL__0027,l1  [bTWEL__0027]37:57,bTWEL__0027   +000.006      002.00000      DD_Bongo,bTWEL       12/11/2017  12:00:00    +000.006,bTWEL       12/11/2017  12:00:00    +000.006,1.0,1127220.0,0.0019537250232,TWEL,17,12.3,19794.931200000003,low
,,TWEL_12hr,2017-12-12 00:00:00,-0.001006959,1.0,,bTWEL__,bTWEL__0028,l1  [bTWEL__0028]37:57,bTWEL__0028   -000.001      002.00000      DD_Bongo,bTWEL       12/12/2017  00:00:00    -000.001,bTWEL       12/12/2017  00:00:00    -000.001,1.0,1170420.0,-0.0003069211032,TWEL,17,12.3,19794.931200000003,low
,,TWEL_12hr,2017-12-12 12:00:00,-0.003493537,1.0,,bTWEL__,bTWEL__0029,l1  [bTWEL__0029]37:57,bTWEL__0029   -000.003      002.00000      DD_Bongo,bTWEL       12/12/2017  12:00:00    -000.003,bTWEL       12/12/2017  12:00:00    -000.003,1.0,1213620.0,-0.0010648300776,TWEL,17,12.3,19794.931200000003,low
,,TWEL_12hr,2017-12-13 00:00:00,-0.002212204,1.0,,bTWEL__,bTWEL__0030,l1  [bTWEL__0030]37:57,bTWEL__0030   -000.002      002.00000      DD_Bongo,bTWEL       12/13/2017  00:00:00    -000.002,bTWEL       12/13/2017  00:00:00    -000.002,1.0,1256820.0,-0.0006742797792,TWEL,17,12.3,19794.931200000003,low
,,TWEL_12hr,2017-12-13 12:00:00,-0.01278206,1.0,,bTWEL__,bTWEL__0031,l1  [bTWEL__0031]37:57,bTWEL__0031   -000.013      002.00000      DD_Bongo,bTWEL       12/13/2017  12:00:00    -000.013,bTWEL       12/13/2017  12:00:00    -000.013,1.0,1300020.0,-0.003895971888,TWEL,17,12.3,19794.931200000003,low
,,TWEL_12hr,2017-12-14 00:00:00,-0.01254916,1.0,,bTWEL__,bTWEL__0032,l1  [bTWEL__0032]37:57,bTWEL__0032   -000.013      002.00000      DD_Bongo,bTWEL       12/14/2017  00:00:00    -000.013,bTWEL       12/14/2017  00:00:00    -000.013,1.0,1343220.0,-0.003824983968,TWEL,17,12.3,19794.931200000003,low
,,TWEL_12hr,2017-12-14 12:00:00,-0.01914283,1.0,,bTWEL__,bTWEL__0033,l1  [bTWEL__0033]37:57,bTWEL__0033   -000.019      002.00000      DD_Bongo,bTWEL       12/14/2017  12:00:00    -000.019,bTWEL       12/14/2017  12:00:00    -000.019,1.0,1386420.0,-0.005834734584,TWEL,17,12.3,19794.931200000003,low
,,TWEL_12hr,2017-12-15 00:00:00,-0.01511284,1.0,,bTWEL__,bTWEL__0034,l1  [bTWEL__0034]37:57,bTWEL__0034   -000.015      002.00000      DD_Bongo,bTWEL       12/15/2017  00:00:00    -000.015,bTWEL       12/15/2017  00:00:00    -000.015,1.0,1429620.0,-0.004606393632,TWEL,17,12.3,19794.931200000003,low
,,TWEL_12hr,2017-12-15 12:00:00,-0.03292182,1.0,,bTWEL__,bTWEL__0035,l1  [bTWEL__0035]37:57,bTWEL__0035   -000.033      002.00000      DD_Bongo,bTWEL       12/15/2017  12:00:00    -000.033,bTWEL       12/15/2017  12:00:00    -000.033,1.0,1472820.0,-0.010034570736,TWEL,17,12.3,19794.931200000003,low
,,TWEL_12hr,2017-12-16 00:00:00,-0.03111116,1.0,,bTWEL__,bTWEL__0036,l1  [bTWEL__0036]37:57,bTWEL__0036   -000.031      002.00000      DD_Bongo,bTWEL       12/16/2017  00:00:00    -000.031,bTWEL       12/16/2017  00:00:00    -000.031,1.0,1516020.0,-0.009482681568,TWEL,17,12.3,19794.931200000003,low
,,TWEL_12hr,2017-12-16 12:00:00,-0.01710339,1.0,,bTWEL__,bTWEL__0037,l1  [bTWEL__0037]37:57,bTWEL__0037   -000.017      002.00000      DD_Bongo,bTWEL       12/16/2017  12:00:00    -000.017,bTWEL       12/16/2017  12:00:00    -000.017,1.0,1559220.0,-0.005213113272,TWEL,17,12.3,19794.931200000003,low
,,TWEL_12hr,2017-12-17 00:00:00,-4.116326e-05,1.0,,bTWEL__,bTWEL__0038,l1  [bTWEL__0038]37:57,bTWEL__0038   -000.000      002.00000      DD_Bongo,bTWEL       12/17/2017  00:00:00    -000.000,bTWEL       12/17/2017  00:00:00    -000.000,1.0,1602420.0,-1.2546561648e-05,TWEL,17,12.3,19794.931200000003,low
,,TWEL_12hr,2017-12-17 12:00:00,-0.004103196,1.0,,bTWEL__,bTWEL__0039,l1  [bTWEL__0039]37:57,bTWEL__0039   -000.004      002.00000      DD_Bongo,bTWEL       12/17/2017  12:00:00    -000.004,bTWEL       12/17/2017  12:00:00    -000.004,1.0,1645620.0,-0.0012506541408,TWEL,17,12.3,19794.931200000003,low
,,TWEL_12hr,2017-12-18 00:00:00,0.01749266,1.0,,bTWEL__,bTWEL__0040,l1  [bTWEL__0040]37:57,bTWEL__0040   +000.017      002.00000      DD_Bongo,bTWEL       12/18/2017  00:00:00    +000.017,bTWEL       12/18/2017  00:00:00    +000.017,1.0,1688820.0,0.005331762768,TWEL,17,12.3,19794.931200000003,low
,,TWEL_12hr,2017-12-18 12:00:00,0.009566807,1.0,,bTWEL__,bTWEL__0041,l1  [bTWEL__0041]37:57,bTWEL__0041   +000.010      002.00000      DD_Bongo,bTWEL       12/18/2017  12:00:00    +000.010,bTWEL       12/18/2017  12:00:00    +000.010,1.0,1732020.0,0.0029159627736,TWEL,17,12.3,19794.931200000003,low
,,TWEL_12hr,2017-12-19 00:00:00,0.0226492,1.0,,bTWEL__,bTWEL__0042,l1  [bTWEL__0042]37:57,bTWEL__0042   +000.023      002.00000      DD_Bongo,bTWEL       12/19/2017  00:00:00    +000.023,bTWEL       12/19/2017  00:00:00    +000.023,1.0,1775220.0,0.00690347616,TWEL,17,12.3,19794.931200000003,low
,,TWEL_12hr,2017-12-19 12:00:00,0.01266727,1.0,,bTWEL__,bTWEL__0043,l1  [bTWEL__0043]37:57,bTWEL__0043   +000.013      002.00000      DD_Bongo,bTWEL       12/19/2017  12:00:00    +000.013,bTWEL       12/19/2017  12:00:00    +000.013,1.0,1818420.0,0.003860983896,TWEL,17,12.3,19794.931200000003,low
,,TWEL_12hr,2017-12-20 00:00:00,0.001284815,1.0,,bTWEL__,bTWEL__0044,l1  [bTWEL__0044]37:57,bTWEL__0044   +000.001      002.00000      DD_Bongo,bTWEL       12/20/2017  00:00:00    +000.001,bTWEL       12/20/2017  00:00:00    +000.001,1.0,1861620.0,0.000391611612,TWEL,17,12.3,19794.931200000003,low
,,TWEL_12hr,2017-12-20 12:00:00,0.003660933,1.0,,bTWEL__,bTWEL__0045,l1  [bTWEL__0045]37:57,bTWEL__0045   +000.004      002.00000      DD_Bongo,bTWEL       12/20/2017  12:00:00    +000.004,bTWEL       12/20/2017  12:00:00    +000.004,1.0,1904820.0,0.0011158523784,TWEL,17,12.3,19794.931200000003,low
,,TWEL_12hr,2017-12-21 00:00:00,0.02186337,1.0,,bTWEL__,bTWEL__0046,l1  [bTWEL__0046]37:57,bTWEL__0046   +000.022      002.00000      DD_Bongo,bTWEL       12/21/2017  00:00:00    +000.022,bTWEL       12/21/2017  00:00:00    +000.022,1.0,1948020.0,0.006663955176,TWEL,17,12.3,19794.931200000003,low
,,TWEL_12hr,2017-12-21 12:00:00,0.01891825,1.0,,bTWEL__,bTWEL__0047,l1  [bTWEL__0047]37:57,bTWEL__0047   +000.019      002.00000      DD_Bongo,bTWEL       12/21/2017  12:00:00    +000.019,bTWEL       12/21/2017  12:00:00    +000.019,1.0,1991220.0,0.0057662826,TWEL,17,12.3,19794.931200000003,low
,,TWEL_12hr,2017-12-22 00:00:00,0.01324723,1.0,,bTWEL__,bTWEL__0048,l1  [bTWEL__0048]37:57,bTWEL__0048   +000.013      002.00000      DD_Bongo,bTWEL       12/22/2017  00:00:00    +000.013,bTWEL       12/22/2017  00:00:00    +000.013,1.0,2034420.0,0.004037755704,TWEL,17,12.3,19794.931200000003,low
,,TWEL_12hr,2017-12-22 12:00:00,-0.003705488,1.0,,bTWEL__,bTWEL__0049,l1  [bTWEL__0049]37:57,bTWEL__0049   -000.004      002.00000      DD_Bongo,bTWEL       12/22/2017  12:00:00    -000.004,bTWEL       12/22/2017  12:00:00    -000.004,1.0,2077620.0,-0.0011294327424,TWEL,17,12.3,19794.931200000003,low
,,TWEL_12hr,2017-12-23 00:00:00,0.001674287,1.0,,bTWEL__,bTWEL__0050,l1  [bTWEL__0050]37:57,bTWEL__0050   +000.002      002.00000      DD_Bongo,bTWEL       12/23/2017  00:00:00    +000.002,bTWEL       12/23/2017  00:00:00    +000.002,1.0,2120820.0,0.0005103226776,TWEL,17,12.3,19794.931200000003,low
,,TWEL_12hr,2017-12-23 12:00:00,0.001029283,1.0,,bTWEL__,bTWEL__0051,l1  [bTWEL__0051]37:57,bTWEL__0051   +000.001      002.00000      DD_Bongo,bTWEL       12/23/2017  12:00:00    +000.001,bTWEL       12/23/2017  12:00:00    +000.001,1.0,2164020.0,0.0003137254584,TWEL,17,12.3,19794.931200000003,low
,,TWEL_12hr,2017-12-24 00:00:00,0.004302352,1.0,,bTWEL__,bTWEL__0052,l1  [bTWEL__0052]37:57,bTWEL__0052   +000.004      002.00000      DD_Bongo,bTWEL       12/24/2017  00:00:00    +000.004,bTWEL       12/24/2017  00:00:00    +000.004,1.0,2207220.0,0.0013113568896,TWEL,17,12.3,19794.931200000003,low
,,TWEL_12hr,2017-12-24 12:00:00,0.003755449,1.0,,bTWEL__,bTWEL__0053,l1  [bTWEL__0053]37:57,bTWEL__0053   +000.004      002.00000      DD_Bongo,bTWEL       12/24/2017  12:00:00    +000.004,bTWEL       12/24/2017  12:00:00    +000.004,1.0,2250420.0,0.0011446608552,TWEL,17,12.3,19794.931200000003,low
,,TWEL_12hr,2017-12-25 00:00:00,0.005636618,1.0,,bTWEL__,bTWEL__0054,l1  [bTWEL__0054]37:57,bTWEL__0054   +000.006      002.00000      DD_Bongo,bTWEL       12/25/2017  00:00:00    +000.006,bTWEL       12/25/2017  00:00:00    +000.006,1.0,2293620.0,0.0017180411664,TWEL,17,12.3,19794.931200000003,low
,,TWEL_12hr,2017-12-25 12:00:00,0.0009624187,1.0,,bTWEL__,bTWEL__0055,l1  [bTWEL__0055]37:57,bTWEL__0055   +000.001      002.00000      DD_Bongo,bTWEL       12/25/2017  12:00:00    +000.001,bTWEL       12/25/2017  12:00:00    +000.001,1.0,2336820.0,0.00029334521976,TWEL,17,12.3,19794.931200000003,low
,,TWEL_12hr,2017-12-26 00:00:00,0.01095589,1.0,,bTWEL__,bTWEL__0056,l1  [bTWEL__0056]37:57,bTWEL__0056   +000.011      002.00000      DD_Bongo,bTWEL       12/26/2017  00:00:00    +000.011,bTWEL       12/26/2017  00:00:00    +000.011,1.0,2380020.0,0.003339355272,TWEL,17,12.3,19794.931200000003,low
,,TWEL_12hr,2017-12-26 12:00:00,-0.01078426,1.0,,bTWEL__,bTWEL__0057,l1  [bTWEL__0057]37:57,bTWEL__0057   -000.011      002.00000      DD_Bongo,bTWEL       12/26/2017  12:00:00    -000.011,bTWEL       12/26/2017  12:00:00    -000.011,1.0,2423220.0,-0.003287042448,TWEL,17,12.3,19794.931200000003,low
,,TWEL_12hr,2017-12-27 00:00:00,-0.004944646,1.0,,bTWEL__,bTWEL__0058,l1  [bTWEL__0058]37:57,bTWEL__0058   -000.005      002.00000      DD_Bongo,bTWEL       12/27/2017  00:00:00    -000.005,bTWEL       12/27/2017  00:00:00    -000.005,1.0,2466420.0,-0.0015071281008,TWEL,17,12.3,19794.931200000003,low
,,TWEL_12hr,2017-12-27 12:00:00,-0.007897191,1.0,,bTWEL__,bTWEL__0059,l1  [bTWEL__0059]37:57,bTWEL__0059   -000.008      002.00000      DD_Bongo,bTWEL       12/27/2017  12:00:00    -000.008,bTWEL       12/27/2017  12:00:00    -000.008,1.0,2509620.0,-0.0024070638168,TWEL,17,12.3,19794.931200000003,low
,,TWEL_12hr,2017-12-28 00:00:00,0.009885935,1.0,,bTWEL__,bTWEL__0060,l1  [bTWEL__0060]37:57,bTWEL__0060   +000.010      002.00000      DD_Bongo,bTWEL       12/28/2017  00:00:00    +000.010,bTWEL       12/28/2017  00:00:00    +000.010,1.0,2552820.0,0.003013232988,TWEL,17,12.3,19794.931200000003,low
,,TWEL_12hr,2017-12-28 12:00:00,-0.009436687,1.0,,bTWEL__,bTWEL__0061,l1  [bTWEL__0061]37:57,bTWEL__0061   -000.009      002.00000      DD_Bongo,bTWEL       12/28/2017  12:00:00    -000.009,bTWEL       12/28/2017  12:00:00    -000.009,1.0,2596020.0,-0.0028763021976,TWEL,17,12.3,19794.931200000003,low
,,TWEL_12hr,2017-12-29 00:00:00,-0.01428228,1.0,,bTWEL__,bTWEL__0062,l1  [bTWEL__0062]37:57,bTWEL__0062   -000.014      002.00000      DD_Bongo,bTWEL       12/29/2017  00:00:00    -000.014,bTWEL       12/29/2017  00:00:00    -000.014,1.0,2639220.0,-0.004353238944,TWEL,17,12.3,19794.931200000003,low
,,TWEL_12hr,2017-12-29 12:00:00,-0.002385638,1.0,,bTWEL__,bTWEL__0063,l1  [bTWEL__0063]37:57,bTWEL__0063   -000.002      002.00000      DD_Bongo,bTWEL       12/29/2017  12:00:00    -000.002,bTWEL       12/29/2017  12:00:00    -000.002,1.0,2682420.0,-0.0007271424624,TWEL,17,12.3,19794.931200000003,low
,,TWEL_12hr,2017-12-30 00:00:00,0.01310039,1.0,,bTWEL__,bTWEL__0064,l1  [bTWEL__0064]37:57,bTWEL__0064   +000.013      002.00000      DD_Bongo,bTWEL       12/30/2017  00:00:00    +000.013,bTWEL       12/30/2017  00:00:00    +000.013,1.0,2725620.0,0.003992998872,TWEL,17,12.3,19794.931200000003,low
,,TWEL_12hr,2017-12-30 12:00:00,-0.004611646,1.0,,bTWEL__,bTWEL__0065,l1  [bTWEL__0065]37:57,bTWEL__0065   -000.005      002.00000      DD_Bongo,bTWEL       12/30/2017  12:00:00    -000.005,bTWEL       12/30/2017  12:00:00    -000.005,1.0,2768820.0,-0.0014056297007999,TWEL,17,12.3,19794.931200000003,low
,,TWEL_12hr,2017-12-31 00:00:00,0.003008914,1.0,,bTWEL__,bTWEL__0066,l1  [bTWEL__0066]37:57,bTWEL__0066   +000.003      002.00000      DD_Bongo,bTWEL       12/31/2017  00:00:00    +000.003,bTWEL       12/31/2017  00:00:00    +000.003,1.0,2812020.0,0.0009171169872,TWEL,17,12.3,19794.931200000003,low
,,TWEL_12hr,2017-12-31 12:00:00,-0.0001835074,1.0,,bTWEL__,bTWEL__0067,l1  [bTWEL__0067]37:57,bTWEL__0067   -000.000      002.00000      DD_Bongo,bTWEL       12/31/2017  12:00:00    -000.000,bTWEL       12/31/2017  12:00:00    -000.000,1.0,2855220.0,-5.593305552e-05,TWEL,17,12.3,19794.931200000003,low
,,TWEL_12hr,2018-01-01 00:00:00,0.003073544,1.0,,bTWEL__,bTWEL__0068,l1  [bTWEL__0068]37:57,bTWEL__0068   +000.003      002.00000      DD_Bongo,bTWEL       01/01/2018  00:00:00    +000.003,bTWEL       01/01/2018  00:00:00    +000.003,1.0,2898420.0,0.0009368162112,TWEL,17,12.3,19794.931200000003,low
,,TWEL_12hr,2018-01-01 12:00:00,-0.004777937,1.0,,bTWEL__,bTWEL__0069,l1  [bTWEL__0069]37:57,bTWEL__0069   -000.005      002.00000      DD_Bongo,bTWEL       01/01/2018  12:00:00    -000.005,bTWEL       01/01/2018  12:00:00    -000.005,1.0,2941620.0,-0.0014563151976,TWEL,17,12.3,19794.931200000003,low
