well_key,well,model,datetime,elapsed_days,drawdown_ft,drawdown_m,predicted_ft,predicted_m,eta,weight,distance_mi
bFETH__,FETH,Theis confined,2017-11-28 12:00:00,0.04652777777777778,0.003371718,0.0010276996464,1.1931945413462492e-128,3.636856962023368e-129,0.06525797476872963,5.0,5.7
bFETH__,FETH,Theis confined,2017-11-29 00:00:00,0.5465277777777777,0.008934429,0.0027232139592,5.682134877258404e-13,1.7319147105883616e-13,0.16440244755206024,5.0,5.7
bFETH__,FETH,Theis confined,2017-11-29 12:00:00,1.0465277777777777,0.005739474,0.0017493916752,1.314700661892382e-07,4.007207617447981e-08,0.10866295051300945,5.0,5.7
bFETH__,FETH,Theis confined,2017-11-30 00:00:00,1.5465277777777777,0.001140692,0.0003476829216,1.1926656216753212e-05,3.6352448148663793e-06,0.02231899114571778,5.0,5.7
bFETH__,FETH,Theis confined,2017-11-30 12:00:00,2.046527777777778,0.003404151,0.0010375852248,0.00012798612992357143,3.901017240070457e-05,0.06330901951080481,5.0,5.7
bFETH__,FETH,Theis confined,2017-12-01 00:00:00,2.546527777777778,0.0004390926,0.00013383542448,0.0005625720471584088,0.00017147195997388302,-0.0024450984864126113,5.0,5.7
bFETH__,FETH,Theis confined,2017-12-01 12:00:00,3.046527777777778,0.003627131,0.0011055495288,0.001560170707646278,0.0004755400316905856,0.03930562646657165,5.0,5.7
bFETH__,FETH,Theis confined,2017-12-02 00:00:00,3.546527777777778,0.002517426,0.0007673114448,0.003303115212835129,0.0010067895168721474,-0.014849737901162285,5.0,5.7
bFETH__,FETH,Theis confined,2017-12-02 12:00:00,4.0465277777777775,0.01026437,0.003128579976,0.0058853987288071605,0.0017938695325404226,0.07543790753550983,5.0,5.7
bFETH__,FETH,Theis confined,2017-12-03 00:00:00,4.5465277777777775,0.007945311,0.0024217307928,0.009326251013213983,0.0028426413088276222,-0.02355223762311809,5.0,5.7
bFETH__,FETH,Theis confined,2017-12-03 12:00:00,5.0465277777777775,0.0135725,0.004136898,0.013594031129648911,0.004143460688316988,-0.00033862887763635996,5.0,5.7
bFETH__,FETH,Theis confined,2017-12-04 00:00:00,5.5465277777777775,0.03271996,0.009973043808,0.01862740512387124,0.005677633081755954,0.18676898064307101,5.0,5.7
bFETH__,FETH,Theis confined,2017-12-04 12:00:00,6.0465277777777775,0.02516113,0.007669112424,0.024350624866491786,0.007422070459306696,0.010842131762985652,5.0,5.7
bFETH__,FETH,Theis confined,2017-12-05 00:00:00,6.5465277777777775,0.02370094,0.007224046512,0.03068343492839813,0.009352310966175751,-0.09051773337586777,5.0,5.7
bFETH__,FETH,Theis confined,2017-12-05 12:00:00,7.0465277777777775,0.03710594,0.011309890512,0.03754691693410047,0.011444300281513824,-0.005049764188476136,5.0,5.7
bFETH__,FETH,Theis confined,2017-12-06 00:00:00,7.5465277777777775,0.03015345,0.00919077156,0.044857003505303125,0.013672414668416392,-0.16842760892830633,5.0,5.7
bFETH__,FETH,Theis confined,2017-12-06 12:00:00,8.046527777777778,0.06199966,0.018897496368,0.052459253142389965,0.015989580357800463,0.08903064635200852,5.0,5.7
bFETH__,FETH,Theis confined,2017-12-07 00:00:00,8.546527777777778,0.06882837,0.020978887176,0.060082913424267734,0.018313272011716807,0.07644634287138796,5.0,5.7
bFETH__,FETH,Theis confined,2017-12-07 12:00:00,9.046527777777778,0.08115076,0.024734751648,0.06742813647863856,0.020552095998689034,0.11052095914663074,5.0,5.7
bFETH__,FETH,Theis confined,2017-12-08 00:00:00,9.546527777777778,0.06572142,0.020031888816,0.07426073659789616,0.02263467251503875,-0.07119632146256505,5.0,5.7
bFETH__,FETH,Theis confined,2017-12-08 12:00:00,10.046527777777778,0.07744178,0.023604254544,0.08044073246539271,0.0245183352554517,-0.023259333387311454,5.0,5.7
bFETH__,FETH,Theis confined,2017-12-09 00:00:00,10.546527777777778,0.08910381,0.027158841288,0.08590930208923504,0.026185155276798842,0.023232722061884648,5.0,5.7
bFETH__,FETH,Theis confined,2017-12-09 12:00:00,11.046527777777778,0.0861352,0.02625400896,0.0906643904431057,0.02763450620705862,-0.0327283339774902,5.0,5.7
bFETH__,FETH,Theis confined,2017-12-10 00:00:00,11.546527777777778,0.0971032,0.02959705536,0.09473872033330756,0.028876361957592148,0.01620419302139986,5.0,5.7
bFETH__,FETH,Theis confined,2017-12-10 12:00:00,12.046527777777778,0.09290674,0.028317974352,0.09818371217105842,0.029926395469738607,-0.036260552769441734,5.0,5.7
bFETH__,FETH,Theis confined,2017-12-11 00:00:00,12.546527777777778,0.08495021,0.025892824008,0.10105888524387437,0.030802748222332907,-0.1127638337047463,5.0,5.7
bFETH__,FETH,Theis confined,2017-12-11 12:00:00,13.046527777777778,0.09361237,0.028533050376,0.10342534743841236,0.03152404589922809,-0.06609631785608894,5.0,5.7
bFETH__,FETH,Theis confined,2017-12-12 00:00:00,13.546527777777778,0.1069769,0.03260655912,0.10534205481745454,0.032108258308360144,0.010469169990270366,5.0,5.7
bFETH__,FETH,Theis confined,2017-12-12 12:00:00,14.046527777777778,0.1098409,0.03347950632,0.10686384718509177,0.03257210062201597,0.018800731797095516,5.0,5.7
bFETH__,FETH,Theis confined,2017-12-13 00:00:00,14.546527777777778,0.1142964,0.03483754272,0.1080405777518336,0.03293076809875888,0.03882029239682705,5.0,5.7
bFETH__,FETH,Theis confined,2017-12-13 12:00:00,15.046527777777778,0.103769,0.0316287912,0.10891689159630677,0.033197868558554305,-0.03292989491770015,5.0,5.7
bFETH__,FETH,Theis confined,2017-12-14 00:00:00,15.546527777777778,0.1059271,0.03228658008,0.10953237095843976,0.03338546666813244,-0.022858264015311658,5.0,5.7
bFETH__,FETH,Theis confined,2017-12-14 12:00:00,16.04652777777778,0.1085214,0.03307732272,0.10992187298579617,0.03350418688607067,-0.008795802164397237,5.0,5.7
bFETH__,FETH,Theis confined,2017-12-15 00:00:00,16.54652777777778,0.1098756,0.03349008288,0.11011595453226995,0.033563342941435884,-0.0015022557568644679,3.0,5.7
bFETH__,FETH,Theis confined,2017-12-15 12:00:00,17.04652777777778,0.1081361,0.03295988328,0.1101413220538055,0.03357107496199992,-0.012600633576528963,3.0,5.7
bFETH__,FETH,Theis confined,2017-12-16 00:00:00,17.54652777777778,0.1150639,0.03507147672,0.11002127162752862,0.03353448359207072,0.031025917588003882,3.0,5.7
bFETH__,FETH,Theis confined,2017-12-16 12:00:00,18.04652777777778,0.1215216,0.03703978368,0.1097761006447959,0.03345975547653379,0.0709357419672858,3.0,5.7
bFETH__,FETH,Theis confined,2017-12-17 00:00:00,18.54652777777778,0.1182276,0.03603577248,0.10942348267720396,0.03335227752001177,0.0537537497609466,3.0,5.7
bFETH__,FETH,Theis confined,2017-12-17 12:00:00,19.04652777777778,0.1072046,0.03267596208,0.1089788028623101,0.03321673911243212,-0.011222736348075912,3.0,5.7
bFETH__,FETH,Theis confined,2017-12-18 00:00:00,19.54652777777778,0.09480593,0.028896847464,0.10845545446758866,0.033057222521721025,-0.09007907729670261,3.0,5.7
bFETH__,FETH,Theis confined,2017-12-18 12:00:00,20.04652777777778,0.0956739,0.02916140472,0.10786509905112601,0.03287728219078321,-0.08037030291009639,3.0,5.7
bFETH__,FETH,Theis confined,2017-12-19 00:00:00,20.54652777777778,0.1042989,0.03179030472,0.1072178934619043,0.03268001392718843,-0.018741069236782426,3.0,5.7
bFETH__,FETH,Theis confined,2017-12-19 12:00:00,21.04652777777778,0.109507,0.0333777336,0.10652268719518236,0.03246811505709159,0.01888684283218245,3.0,5.7
bFETH__,FETH,Theis confined,2017-12-20 00:00:00,21.54652777777778,0.1092645,0.0333038196,0.10578719357714962,0.032243936602315205,0.022075409890435882,3.0,5.7
bFETH__,FETH,Theis confined,2017-12-20 12:00:00,22.04652777777778,0.112136,0.0341790528,0.10501813804356708,0.03200952847567925,0.04489335950811224,3.0,5.7
bFETH__,FETH,Theis confined,2017-12-21 00:00:00,22.54652777777778,0.11262,0.034326576,0.10422138648770361,0.03176667860145206,0.05302704609170261,3.0,5.7
bFETH__,FETH,Theis confined,2017-12-21 12:00:00,23.04652777777778,0.117849,0.0359203752,0.10340205633581562,0.0315169467711566,0.09000247180719212,3.0,5.7
bFETH__,FETH,Theis confined,2017-12-22 00:00:00,23.54652777777778,0.1150457,0.03506592936,0.10256461269357081,0.031261693949000385,0.07863420913832764,3.0,5.7
bFETH__,FETH,Theis confined,2017-12-22 12:00:00,24.04652777777778,0.1017185,0.0310037988,0.10171295161031707,0.031002107650824645,3.657095962905643e-05,3.0,5.7
bFETH__,FETH,Hantush-Jacob leaky,2017-11-28 12:00:00,0.04652777777777778,0.003371718,0.0010276996464,1.0939276193360812e-128,3.3342913837363755e-129,0.06525797476872963,5.0,5.7
bFETH__,FETH,Hantush-Jacob leaky,2017-11-29 00:00:00,0.5465277777777777,0.008934429,0.0027232139592,5.643474595556678e-13,1.7201310567256757e-13,0.1644024475521375,5.0,5.7
bFETH__,FETH,Hantush-Jacob leaky,2017-11-29 12:00:00,1.0465277777777777,0.005739474,0.0017493916752,1.310395810742902e-07,3.9940864311443655e-08,0.10866295912268864,5.0,5.7
bFETH__,FETH,Hantush-Jacob leaky,2017-11-30 00:00:00,1.5465277777777777,0.001140692,0.0003476829216,1.190242505369623e-05,3.627859156366611e-06,0.02231947565352499,5.0,5.7
bFETH__,FETH,Hantush-Jacob leaky,2017-11-30 12:00:00,2.046527777777778,0.003404151,0.0010375852248,0.0001278067762167322,3.8955505390859976e-05,0.06331259743287099,5.0,5.7
bFETH__,FETH,Hantush-Jacob leaky,2017-12-01 00:00:00,2.546527777777778,0.0004390926,0.00013383542448,0.0005619965503760579,0.00017129654855462247,-0.002433716548465803,5.0,5.7
bFETH__,FETH,Hantush-Jacob leaky,2017-12-01 12:00:00,3.046527777777778,0.003627131,0.0011055495288,0.001558965391678665,0.00047517265138365713,0.03932900362067304,5.0,5.7
bFETH__,FETH,Hantush-Jacob leaky,2017-12-02 00:00:00,3.546527777777778,0.002517426,0.0007673114448,0.003301146643393168,0.0010061894969062377,-0.014812805617069102,5.0,5.7
bFETH__,FETH,Hantush-Jacob leaky,2017-12-02 12:00:00,4.0465277777777775,0.01026437,0.003128579976,0.005882657038111991,0.001793033865216535,0.07548696789854326,5.0,5.7
bFETH__,FETH,Hantush-Jacob leaky,2017-12-03 00:00:00,4.5465277777777775,0.007945311,0.0024217307928,0.009322829910131626,0.0028415985566081197,-0.023494570036370455,5.0,5.7
bFETH__,FETH,Hantush-Jacob leaky,2017-12-03 12:00:00,5.0465277777777775,0.0135725,0.004136898,0.013590093716155438,0.004142260564684178,-0.00027671213292457253,5.0,5.7
bFETH__,FETH,Hantush-Jacob leaky,2017-12-04 00:00:00,5.5465277777777775,0.03271996,0.009973043808,0.018623151137778154,0.005676336466794782,0.18683096926024367,5.0,5.7
bFETH__,FETH,Hantush-Jacob leaky,2017-12-04 12:00:00,6.0465277777777775,0.02516113,0.007669112424,0.024346264953938487,0.007420741557960451,0.010900773373577533,5.0,5.7
bFETH__,FETH,Hantush-Jacob leaky,2017-12-05 00:00:00,6.5465277777777775,0.02370094,0.007224046512,0.030679172616432705,0.009351011813488689,-0.09046490438368293,5.0,5.7
bFETH__,FETH,Hantush-Jacob leaky,2017-12-05 12:00:00,7.0465277777777775,0.03710594,0.011309890512,0.03754293743769284,0.011443087331008779,-0.0050043075693864125,5.0,5.7
bFETH__,FETH,Hantush-Jacob leaky,2017-12-06 00:00:00,7.5465277777777775,0.03015345,0.00919077156,0.04485348707387608,0.01367134286011743,-0.16839053737346799,5.0,5.7
bFETH__,FETH,Hantush-Jacob leaky,2017-12-06 12:00:00,8.046527777777778,0.06199966,0.018897496368,0.05245645571642764,0.015988727702367145,0.08905794953904156,5.0,5.7
bFETH__,FETH,Hantush-Jacob leaky,2017-12-07 00:00:00,8.546527777777778,0.06882837,0.020978887176,0.060081175237347004,0.01831274221234337,0.07646213279363456,5.0,5.7
bFETH__,FETH,Hantush-Jacob leaky,2017-12-07 12:00:00,9.046527777777778,0.08115076,0.024734751648,0.06742776802018267,0.020551983692551682,0.11052409688725229,5.0,5.7
bFETH__,FETH,Hantush-Jacob leaky,2017-12-08 00:00:00,9.546527777777778,0.06572142,0.020031888816,0.07426192407875382,0.022635034459204163,-0.0712058777811273,5.0,5.7
bFETH__,FETH,Hantush-Jacob leaky,2017-12-08 12:00:00,10.046527777777778,0.07744178,0.023604254544,0.08044351358907505,0.024519182941950074,-0.023280654135685808,5.0,5.7
bFETH__,FETH,Hantush-Jacob leaky,2017-12-09 00:00:00,10.546527777777778,0.08910381,0.027158841288,0.08591358700516524,0.02618646131917437,0.02320119479834304,5.0,5.7
bFETH__,FETH,Hantush-Jacob leaky,2017-12-09 12:00:00,11.046527777777778,0.0861352,0.02625400896,0.09066999804924254,0.02763621540540913,-0.03276819832658484,5.0,5.7
bFETH__,FETH,Hantush-Jacob leaky,2017-12-10 00:00:00,11.546527777777778,0.0971032,0.02959705536,0.09474541357286728,0.02887840205700995,0.016157950490104156,5.0,5.7
bFETH__,FETH,Hantush-Jacob leaky,2017-12-10 12:00:00,12.046527777777778,0.09290674,0.028317974352,0.09819122630042851,0.02992868577637061,-0.03631125968420612,5.0,5.7
bFETH__,FETH,Hantush-Jacob leaky,2017-12-11 00:00:00,12.546527777777778,0.08495021,0.025892824008,0.10106694821551584,0.030805205816089233,-0.11281720862837386,5.0,5.7
bFETH__,FETH,Hantush-Jacob leaky,2017-12-11 12:00:00,13.046527777777778,0.09361237,0.028533050376,0.103433693521979,0.0315265897854992,-0.06615071471233014,5.0,5.7
bFETH__,FETH,Hantush-Jacob leaky,2017-12-12 00:00:00,13.546527777777778,0.1069769,0.03260655912,0.10535043305081643,0.03211081199388885,0.01041523734824601,5.0,5.7
bFETH__,FETH,Hantush-Jacob leaky,2017-12-12 12:00:00,14.046527777777778,0.1098409,0.03347950632,0.10687202612149717,0.032574593561832337,0.018748592803099928,5.0,5.7
bFETH__,FETH,Hantush-Jacob leaky,2017-12-13 00:00:00,14.546527777777778,0.1142964,0.03483754272,0.1080483476714142,0.03293313637024705,0.03877112952551354,5.0,5.7
bFETH__,FETH,Hantush-Jacob leaky,2017-12-13 12:00:00,15.046527777777778,0.103769,0.0316287912,0.10892406504837876,0.03320005502674585,-0.03297503354394227,5.0,5.7
bFETH__,FETH,Hantush-Jacob leaky,2017-12-14 00:00:00,15.546527777777778,0.1059271,0.03228658008,0.10953878225051299,0.03338742082995636,-0.022898451240070727,5.0,5.7
bFETH__,FETH,Hantush-Jacob leaky,2017-12-14 12:00:00,16.04652777777778,0.1085214,0.03307732272,0.10992737704448442,0.03350586452315885,-0.008830218744634521,5.0,5.7
bFETH__,FETH,Hantush-Jacob leaky,2017-12-15 00:00:00,16.54652777777778,0.1098756,0.03349008288,0.11012042542273535,0.03356470566884974,-0.0015301781963219518,3.0,5.7
bFETH__,FETH,Hantush-Jacob leaky,2017-12-15 12:00:00,17.04652777777778,0.1081361,0.03295988328,0.11014465134656429,0.0335720897304328,-0.012621423077384009,3.0,5.7
bFETH__,FETH,Hantush-Jacob leaky,2017-12-16 00:00:00,17.54652777777778,0.1150639,0.03507147672,0.11002336673373307,0.03353512218044184,0.031012825000575006,3.0,5.7
bFETH__,FETH,Hantush-Jacob leaky,2017-12-16 12:00:00,18.04652777777778,0.1215216,0.03703978368,0.10977688319495861,0.03345999399782339,0.07093084418693474,3.0,5.7
bFETH__,FETH,Hantush-Jacob leaky,2017-12-17 00:00:00,18.54652777777778,0.1182276,0.03603577248,0.10942288698729256,0.033352095953726776,0.0537574862934469,3.0,5.7
bFETH__,FETH,Hantush-Jacob leaky,2017-12-17 12:00:00,19.04652777777778,0.1072046,0.03267596208,0.10897677451058085,0.033216120870825046,-0.01120997763664855,3.0,5.7
bFETH__,FETH,Hantush-Jacob leaky,2017-12-18 00:00:00,19.54652777777778,0.09480593,0.028896847464,0.1084519489921519,0.0330561540528079,-0.09005695427023719,3.0,5.7
bFETH__,FETH,Hantush-Jacob leaky,2017-12-18 12:00:00,20.04652777777778,0.0956739,0.02916140472,0.10786008076972756,0.03287575261861296,-0.08033851398910041,3.0,5.7
bFETH__,FETH,Hantush-Jacob leaky,2017-12-19 00:00:00,20.54652777777778,0.1042989,0.03179030472,0.10721133441020171,0.03267801472822948,-0.018699348867795784,3.0,5.7
bFETH__,FETH,Hantush-Jacob leaky,2017-12-19 12:00:00,21.04652777777778,0.109507,0.0333777336,0.10651456617676697,0.032465639770678574,0.018938728148257145,3.0,5.7
bFETH__,FETH,Hantush-Jacob leaky,2017-12-20 00:00:00,21.54652777777778,0.1092645,0.0333038196,0.10577749531700104,0.03224098057262192,0.022137665084926095,3.0,5.7
bFETH__,FETH,Hantush-Jacob leaky,2017-12-20 12:00:00,22.04652777777778,0.112136,0.0341790528,0.10500685243598104,0.03200608862248702,0.044966164010572296,3.0,5.7
bFETH__,FETH,Hantush-Jacob leaky,2017-12-21 00:00:00,22.54652777777778,0.11262,0.034326576,0.1042085079296952,0.0317627532169711,0.05311055653118313,3.0,5.7
bFETH__,FETH,Hantush-Jacob leaky,2017-12-21 12:00:00,23.04652777777778,0.117849,0.0359203752,0.10338758313731344,0.03151253534025314,0.09009682439704969,3.0,5.7
bFETH__,FETH,Hantush-Jacob leaky,2017-12-22 00:00:00,23.54652777777778,0.1150457,0.03506592936,0.10254854655624149,0.03125679699034241,0.07873952178615751,3.0,5.7
bFETH__,FETH,Hantush-Jacob leaky,2017-12-22 12:00:00,24.04652777777778,0.1017185,0.0310037988,0.10169529716749172,0.03099672657665148,0.00015294513809260835,3.0,5.7
bFETH__,FETH,Lagging Darcy no-leakage,2017-11-28 12:00:00,0.04652777777777778,0.003371718,0.0010276996464,1.4570634175517305e-08,4.441129296697675e-09,0.06525768335608895,5.0,5.7
bFETH__,FETH,Lagging Darcy no-leakage,2017-11-29 00:00:00,0.5465277777777777,0.008934429,0.0027232139592,5.536090324349157e-05,1.687400330861623e-05,0.16329584201239378,5.0,5.7
bFETH__,FETH,Lagging Darcy no-leakage,2017-11-29 12:00:00,1.0465277777777777,0.005739474,0.0017493916752,0.00020085925484941458,6.122190087810157e-05,0.10465644215735992,5.0,5.7
bFETH__,FETH,Lagging Darcy no-leakage,2017-11-30 00:00:00,1.5465277777777777,0.001140692,0.0003476829216,0.00035267052159684365,0.00010749397498271794,0.01552884433781987,5.0,5.7
bFETH__,FETH,Lagging Darcy no-leakage,2017-11-30 12:00:00,2.046527777777778,0.003404151,0.0010375852248,0.0006634368653777143,0.00020221555656712732,0.05268399295918069,5.0,5.7
bFETH__,FETH,Lagging Darcy no-leakage,2017-12-01 00:00:00,2.546527777777778,0.0004390926,0.00013383542448,0.0013761692909117322,0.000419456399869896,-0.01840791123363772,5.0,5.7
bFETH__,FETH,Lagging Darcy no-leakage,2017-12-01 12:00:00,3.046527777777778,0.003627131,0.0011055495288,0.002687731523360177,0.000819220568320182,0.017672485359003787,5.0,5.7
bFETH__,FETH,Lagging Darcy no-leakage,2017-12-02 00:00:00,3.546527777777778,0.002517426,0.0007673114448,0.004715216928597694,0.001437198119836577,-0.04099682123064596,5.0,5.7
bFETH__,FETH,Lagging Darcy no-leakage,2017-12-02 12:00:00,4.0465277777777775,0.01026437,0.003128579976,0.007506123023473887,0.002287866297554841,0.04684962065805198,5.0,5.7
bFETH__,FETH,Lagging Darcy no-leakage,2017-12-03 00:00:00,4.5465277777777775,0.007945311,0.0024217307928,0.011058442307351823,0.003370613215280836,-0.05233182419845006,5.0,5.7
bFETH__,FETH,Lagging Darcy no-leakage,2017-12-03 12:00:00,5.0465277777777775,0.0135725,0.004136898,0.015338792530681673,0.004675263963351774,-0.027404939313138588,5.0,5.7
bFETH__,FETH,Lagging Darcy no-leakage,2017-12-04 00:00:00,5.5465277777777775,0.03271996,0.009973043808,0.020295909948461567,0.0061861933522910865,0.16274731004189302,5.0,5.7
bFETH__,FETH,Lagging Darcy no-leakage,2017-12-04 12:00:00,6.0465277777777775,0.02516113,0.007669112424,0.025869843414579752,0.007885128272763909,-0.009385076457967045,5.0,5.7
bFETH__,FETH,Lagging Darcy no-leakage,2017-12-05 00:00:00,6.5465277777777775,0.02370094,0.007224046512,0.03194856350881012,0.009737922157485325,-0.1060762226389027,5.0,5.7
bFETH__,FETH,Lagging Darcy no-leakage,2017-12-05 12:00:00,7.0465277777777775,0.03710594,0.011309890512,0.038424252750976086,0.01171171223849751,-0.015021205395188364,5.0,5.7
bFETH__,FETH,Lagging Darcy no-leakage,2017-12-06 00:00:00,7.5465277777777775,0.03015345,0.00919077156,0.045328380020529496,0.013816090230257391,-0.17338464055413905,5.0,5.7
bFETH__,FETH,Lagging Darcy no-leakage,2017-12-06 12:00:00,8.046527777777778,0.06199966,0.018897496368,0.052463394143932175,0.015990842535070528,0.08899023108705251,5.0,5.7
bFETH__,FETH,Lagging Darcy no-leakage,2017-12-07 00:00:00,8.546527777777778,0.06882837,0.020978887176,0.05953631129733837,0.018146667683428735,0.08142407882558267,5.0,5.7
bFETH__,FETH,Lagging Darcy no-leakage,2017-12-07 12:00:00,9.046527777777778,0.08115076,0.024734751648,0.0663012043504253,0.020208607086009633,0.12016408616677898,5.0,5.7
bFETH__,FETH,Lagging Darcy no-leakage,2017-12-08 00:00:00,9.546527777777778,0.06572142,0.020031888816,0.07259625800326053,0.02212733943939381,-0.05771075000845283,5.0,5.7
bFETH__,FETH,Lagging Darcy no-leakage,2017-12-08 12:00:00,10.046527777777778,0.07744178,0.023604254544,0.07833443371447872,0.023876335396173117,-0.006979987120012243,5.0,5.7
bFETH__,FETH,Lagging Darcy no-leakage,2017-12-09 00:00:00,10.546527777777778,0.08910381,0.027158841288,0.08348314634806504,0.02544566300689023,0.041245263633926665,5.0,5.7
bFETH__,FETH,Lagging Darcy no-leakage,2017-12-09 12:00:00,11.046527777777778,0.0861352,0.02625400896,0.08804558735213801,0.026836295024931667,-0.013935464161956457,5.0,5.7
bFETH__,FETH,Lagging Darcy no-leakage,2017-12-10 00:00:00,11.546527777777778,0.0971032,0.02959705536,0.09204665452454147,0.028055820299080242,0.03497882465040947,5.0,5.7
bFETH__,FETH,Lagging Darcy no-leakage,2017-12-10 12:00:00,12.046527777777778,0.09290674,0.028317974352,0.09552323785834191,0.029115482899222615,-0.018143534552022444,5.0,5.7
bFETH__,FETH,Lagging Darcy no-leakage,2017-12-11 00:00:00,12.546527777777778,0.08495021,0.025892824008,0.09851784730411102,0.03002823985829304,-0.09579923929261636,5.0,5.7
bFETH__,FETH,Lagging Darcy no-leakage,2017-12-11 12:00:00,13.046527777777778,0.09361237,0.028533050376,0.10107459547173951,0.030807536699786205,-0.050655929613510065,5.0,5.7
bFETH__,FETH,Lagging Darcy no-leakage,2017-12-12 00:00:00,13.546527777777778,0.1069769,0.03260655912,0.10323676820846067,0.031466566949938816,0.024114430893631855,5.0,5.7
bFETH__,FETH,Lagging Darcy no-leakage,2017-12-12 12:00:00,14.046527777777778,0.1098409,0.03347950632,0.10504543670402064,0.03201784910738549,0.030460731526978257,5.0,5.7
bFETH__,FETH,Lagging Darcy no-leakage,2017-12-13 00:00:00,14.546527777777778,0.1142964,0.03483754272,0.10653873822884821,0.032473007412152935,0.048368605696115896,5.0,5.7
bFETH__,FETH,Lagging Darcy no-leakage,2017-12-13 12:00:00,15.046527777777778,0.103769,0.0316287912,0.10775157699607141,0.03284268066840257,-0.02557002188951696,5.0,5.7
bFETH__,FETH,Lagging Darcy no-leakage,2017-12-14 00:00:00,15.546527777777778,0.1059271,0.03228658008,0.10871558204571659,0.03313650940753442,-0.01772521792078452,5.0,5.7
bFETH__,FETH,Lagging Darcy no-leakage,2017-12-14 12:00:00,16.04652777777778,0.1085214,0.03307732272,0.10945921636158859,0.033363169147012206,-0.005898592759955523,5.0,5.7
bFETH__,FETH,Lagging Darcy no-leakage,2017-12-15 00:00:00,16.54652777777778,0.1098756,0.03349008288,0.1100079693912711,0.03353042907045943,-0.0008276098649164787,3.0,5.7
bFETH__,FETH,Lagging Darcy no-leakage,2017-12-15 12:00:00,17.04652777777778,0.1081361,0.03295988328,0.11038459007422219,0.033645223054622926,-0.014118564314242743,3.0,5.7
bFETH__,FETH,Lagging Darcy no-leakage,2017-12-16 00:00:00,17.54652777777778,0.1150639,0.03507147672,0.11060933376118404,0.033713724930408896,0.027357753768596282,3.0,5.7
bFETH__,FETH,Lagging Darcy no-leakage,2017-12-16 12:00:00,18.04652777777778,0.1215216,0.03703978368,0.11070020697261393,0.03374142308525273,0.0651686455104179,3.0,5.7
bFETH__,FETH,Lagging Darcy no-leakage,2017-12-17 00:00:00,18.54652777777778,0.1182276,0.03603577248,0.11067320074980748,0.03373319158854132,0.04594533132329115,3.0,5.7
bFETH__,FETH,Lagging Darcy no-leakage,2017-12-17 12:00:00,19.04652777777778,0.1072046,0.03267596208,0.11054250769722297,0.03369335634611356,-0.0210106113167714,3.0,5.7
bFETH__,FETH,Lagging Darcy no-leakage,2017-12-18 00:00:00,19.54652777777778,0.09480593,0.028896847464,0.11032072054616412,0.033625755622470825,-0.10178188015933909,3.0,5.7
bFETH__,FETH,Lagging Darcy no-leakage,2017-12-18 12:00:00,20.04652777777778,0.0956739,0.02916140472,0.1100190117526411,0.03353379478220501,-0.09392206968368955,3.0,5.7
bFETH__,FETH,Lagging Darcy no-leakage,2017-12-19 00:00:00,20.54652777777778,0.1042989,0.03179030472,0.10964729464268252,0.033420495407089634,-0.03407534309142113,3.0,5.7
bFETH__,FETH,Lagging Darcy no-leakage,2017-12-19 12:00:00,21.04652777777778,0.109507,0.0333777336,0.10921436718040006,0.03328853911658594,0.0018362929628334967,3.0,5.7
bFETH__,FETH,Lagging Darcy no-leakage,2017-12-20 00:00:00,21.54652777777778,0.1092645,0.0333038196,0.10872803971638036,0.03314030650555273,0.003374046403909148,3.0,5.7
bFETH__,FETH,Lagging Darcy no-leakage,2017-12-20 12:00:00,22.04652777777778,0.112136,0.0341790528,0.10819524818025777,0.03297791164534257,0.024605471121817324,3.0,5.7
bFETH__,FETH,Lagging Darcy no-leakage,2017-12-21 00:00:00,22.54652777777778,0.11262,0.034326576,0.107622154184032,0.032803232595292955,0.03121545100155787,3.0,5.7
bFETH__,FETH,Lagging Darcy no-leakage,2017-12-21 12:00:00,23.04652777777778,0.117849,0.0359203752,0.10701423343684595,0.03261793835155065,0.06672830563551102,3.0,5.7
bFETH__,FETH,Lagging Darcy no-leakage,2017-12-22 00:00:00,23.54652777777778,0.1150457,0.03506592936,0.10637635377968607,0.03242351263204832,0.053956779234743735,3.0,5.7
bFETH__,FETH,Lagging Darcy no-leakage,2017-12-22 12:00:00,24.04652777777778,0.1017185,0.0310037988,0.10571284403473656,0.032221274861787705,-0.025986737493945533,3.0,5.7
bFETH__,FETH,Lagging Darcy with leakage,2017-11-28 12:00:00,0.04652777777777778,0.003371718,0.0010276996464,1.482491321704181e-08,4.518633548554344e-09,0.06525767827050899,5.0,5.7
bFETH__,FETH,Lagging Darcy with leakage,2017-11-29 00:00:00,0.5465277777777777,0.008934429,0.0027232139592,5.5427688597402036e-05,1.689435948448814e-05,0.16329450778348864,5.0,5.7
bFETH__,FETH,Lagging Darcy with leakage,2017-11-29 12:00:00,1.0465277777777777,0.005739474,0.0017493916752,0.00020170057015848577,6.147833378430647e-05,0.10463968331554252,5.0,5.7
bFETH__,FETH,Lagging Darcy with leakage,2017-11-30 00:00:00,1.5465277777777777,0.001140692,0.0003476829216,0.00035503056194610363,0.00010821331528117239,0.015481975224052036,5.0,5.7
bFETH__,FETH,Lagging Darcy with leakage,2017-11-30 12:00:00,2.046527777777778,0.003404151,0.0010375852248,0.0006673143719035945,0.00020339742055621563,0.05260746127495963,5.0,5.7
bFETH__,FETH,Lagging Darcy with leakage,2017-12-01 00:00:00,2.546527777777778,0.0004390926,0.00013383542448,0.0013809768675853294,0.00042092174924000846,-0.018501482860660445,5.0,5.7
bFETH__,FETH,Lagging Darcy with leakage,2017-12-01 12:00:00,3.046527777777778,0.003627131,0.0011055495288,0.00269270590508761,0.0008207367598707035,0.01757807729138694,5.0,5.7
bFETH__,FETH,Lagging Darcy with leakage,2017-12-02 00:00:00,3.546527777777778,0.002517426,0.0007673114448,0.0047196869735800446,0.0014385605895471977,-0.04107851445329125,5.0,5.7
bFETH__,FETH,Lagging Darcy with leakage,2017-12-02 12:00:00,4.0465277777777775,0.01026437,0.003128579976,0.007509619572796689,0.002288932045788431,0.04678881942780411,5.0,5.7
bFETH__,FETH,Lagging Darcy with leakage,2017-12-03 00:00:00,4.5465277777777775,0.007945311,0.0024217307928,0.011060712672970256,0.0033713052227213342,-0.05236900699125702,5.0,5.7
bFETH__,FETH,Lagging Darcy with leakage,2017-12-03 12:00:00,5.0465277777777775,0.0135725,0.004136898,0.015339770909435207,0.004675562173195851,-0.02741991313482428,5.0,5.7
bFETH__,FETH,Lagging Darcy with leakage,2017-12-04 00:00:00,5.5465277777777775,0.03271996,0.009973043808,0.020295673437976287,0.006186121263895172,0.16275067454607717,5.0,5.7
bFETH__,FETH,Lagging Darcy with leakage,2017-12-04 12:00:00,6.0465277777777775,0.02516113,0.007669112424,0.02586856812696054,0.007884739565097573,-0.009368267429768373,5.0,5.7
bFETH__,FETH,Lagging Darcy with leakage,2017-12-05 00:00:00,6.5465277777777775,0.02370094,0.007224046512,0.03194643453689351,0.009737273246845143,-0.1060502429330894,5.0,5.7
bFETH__,FETH,Lagging Darcy with leakage,2017-12-05 12:00:00,7.0465277777777775,0.03710594,0.011309890512,0.03842086079476518,0.011710678370244428,-0.014982844638215198,5.0,5.7
bFETH__,FETH,Lagging Darcy with leakage,2017-12-06 00:00:00,7.5465277777777775,0.03015345,0.00919077156,0.04532323341483093,0.013814521544840468,-0.17333065091715616,5.0,5.7
bFETH__,FETH,Lagging Darcy with leakage,2017-12-06 12:00:00,8.046527777777778,0.06199966,0.018897496368,0.052456724264579264,0.01598880955584376,0.0890553284470097,5.0,5.7
bFETH__,FETH,Lagging Darcy with leakage,2017-12-07 00:00:00,8.546527777777778,0.06882837,0.020978887176,0.05952893527217855,0.018144419470960023,0.08149141972312934,5.0,5.7
bFETH__,FETH,Lagging Darcy with leakage,2017-12-07 12:00:00,9.046527777777778,0.08115076,0.024734751648,0.06629410547166076,0.020206443347762202,0.12022512676791708,5.0,5.7
bFETH__,FETH,Lagging Darcy with leakage,2017-12-08 00:00:00,9.546527777777778,0.06572142,0.020031888816,0.07259030448222145,0.0221255248061811,-0.05766218681657209,5.0,5.7
bFETH__,FETH,Lagging Darcy with leakage,2017-12-08 12:00:00,10.046527777777778,0.07744178,0.023604254544,0.07833026017808378,0.02387506330227994,-0.006947465807228603,5.0,5.7
bFETH__,FETH,Lagging Darcy with leakage,2017-12-09 00:00:00,10.546527777777778,0.08910381,0.027158841288,0.08348113532198384,0.025445050046140675,0.04126032951516523,5.0,5.7
bFETH__,FETH,Lagging Darcy with leakage,2017-12-09 12:00:00,11.046527777777778,0.0861352,0.02625400896,0.08804589789594644,0.026836389678684475,-0.013937713733747081,5.0,5.7
bFETH__,FETH,Lagging Darcy with leakage,2017-12-10 00:00:00,11.546527777777778,0.0971032,0.02959705536,0.09204926705757546,0.028056616599149,0.03496043274235605,5.0,5.7
bFETH__,FETH,Lagging Darcy with leakage,2017-12-10 12:00:00,12.046527777777778,0.09290674,0.028317974352,0.09552799984961007,0.02911693435416115,-0.018176257252713324,5.0,5.7
bFETH__,FETH,Lagging Darcy with leakage,2017-12-11 00:00:00,12.546527777777778,0.08495021,0.025892824008,0.09852451339749187,0.030030271683555522,-0.09584412240872275,5.0,5.7
bFETH__,FETH,Lagging Darcy with leakage,2017-12-11 12:00:00,13.046527777777778,0.09361237,0.028533050376,0.10108286013205658,0.030810055768250848,-0.05071063394177244,5.0,5.7
bFETH__,FETH,Lagging Darcy with leakage,2017-12-12 00:00:00,13.546527777777778,0.1069769,0.03260655912,0.10324629104300219,0.03146946950990707,0.0240522882449139,5.0,5.7
bFETH__,FETH,Lagging Darcy with leakage,2017-12-12 12:00:00,14.046527777777778,0.1098409,0.03347950632,0.10505586142520115,0.032021026562401314,0.03039349723129936,5.0,5.7
bFETH__,FETH,Lagging Darcy with leakage,2017-12-13 00:00:00,14.546527777777778,0.1142964,0.03483754272,0.10654970642989091,0.03247635051983075,0.04829854114257337,5.0,5.7
bFETH__,FETH,Lagging Darcy with leakage,2017-12-13 12:00:00,15.046527777777778,0.103769,0.0316287912,0.10776273785258488,0.03284608249746787,-0.025640768958622218,5.0,5.7
bFETH__,FETH,Lagging Darcy with leakage,2017-12-14 00:00:00,15.546527777777778,0.1059271,0.03228658008,0.1087265988980747,0.03313986734413317,-0.01779462805607146,5.0,5.7
bFETH__,FETH,Lagging Darcy with leakage,2017-12-14 12:00:00,16.04652777777778,0.1085214,0.03307732272,0.10946977095518826,0.033366386187141384,-0.005964780494675637,5.0,5.7
bFETH__,FETH,Lagging Darcy with leakage,2017-12-15 00:00:00,16.54652777777778,0.1098756,0.03349008288,0.11001776438705327,0.03353341458517384,-0.0008888236658792792,3.0,5.7
bFETH__,FETH,Lagging Darcy with leakage,2017-12-15 12:00:00,17.04652777777778,0.1081361,0.03295988328,0.11039335030238322,0.033647893172166404,-0.01417318295885961,3.0,5.7
bFETH__,FETH,Lagging Darcy with leakage,2017-12-16 00:00:00,17.54652777777778,0.1150639,0.03507147672,0.11061680657740236,0.03371600264479224,0.027311226943526723,3.0,5.7
bFETH__,FETH,Lagging Darcy with leakage,2017-12-16 12:00:00,18.04652777777778,0.1215216,0.03703978368,0.11070616198697235,0.033743238173629175,0.06513158952812104,3.0,5.7
bFETH__,FETH,Lagging Darcy with leakage,2017-12-17 00:00:00,18.54652777777778,0.1182276,0.03603577248,0.1106774291299617,0.03373448039881233,0.045919015021026244,3.0,5.7
bFETH__,FETH,Lagging Darcy with leakage,2017-12-17 12:00:00,19.04652777777778,0.1072046,0.03267596208,0.11054482119397979,0.03369406149992504,-0.02102502170639875,3.0,5.7
bFETH__,FETH,Lagging Darcy with leakage,2017-12-18 00:00:00,19.54652777777778,0.09480593,0.028896847464,0.11032095035022851,0.033625825666749654,-0.10178331356045467,3.0,5.7
bFETH__,FETH,Lagging Darcy with leakage,2017-12-18 12:00:00,20.04652777777778,0.0956739,0.02916140472,0.11001700726095161,0.03353318381313805,-0.09390954302062404,3.0,5.7
bFETH__,FETH,Lagging Darcy with leakage,2017-12-19 00:00:00,20.54652777777778,0.1042989,0.03179030472,0.10964292219029904,0.03341916268360315,-0.034047954514175416,3.0,5.7
bFETH__,FETH,Lagging Darcy with leakage,2017-12-19 12:00:00,21.04652777777778,0.109507,0.0333777336,0.10920750877722188,0.03328644867529723,0.0018793704251378607,3.0,5.7
bFETH__,FETH,Lagging Darcy with leakage,2017-12-20 00:00:00,21.54652777777778,0.1092645,0.0333038196,0.1087185918154423,0.03313742678534681,0.0034335707459711706,3.0,5.7
bFETH__,FETH,Lagging Darcy with leakage,2017-12-20 12:00:00,22.04652777777778,0.112136,0.0341790528,0.10818312049577124,0.03297421512711107,0.02468213682145537,3.0,5.7
bFETH__,FETH,Lagging Darcy with leakage,2017-12-21 00:00:00,22.54652777777778,0.11262,0.034326576,0.10760726856947339,0.03279869545997549,0.03130989405474516,3.0,5.7
bFETH__,FETH,Lagging Darcy with leakage,2017-12-21 12:00:00,23.04652777777778,0.117849,0.0359203752,0.10699652283017375,0.03261254015863696,0.06684110818343347,3.0,5.7
bFETH__,FETH,Lagging Darcy with leakage,2017-12-22 00:00:00,23.54652777777778,0.1150457,0.03506592936,0.1063557612183116,0.03241723601934138,0.054088473809216,3.0,5.7
bFETH__,FETH,Lagging Darcy with leakage,2017-12-22 12:00:00,24.04652777777778,0.1017185,0.0310037988,0.10568932173985499,0.0322141052663078,-0.025835664074993492,3.0,5.7
bMOIR__,MOIR,Theis confined,2017-11-28 12:00:00,0.04652777777777778,0.0,0.0,6.540514310739442e-71,1.993548761913382e-71,0.0,3.0,5.0
bMOIR__,MOIR,Theis confined,2017-11-29 00:00:00,0.5465277777777777,0.004387389,0.0013372761672,6.684256523305166e-08,2.0373613883034147e-08,0.08410796485602301,3.0,5.0
bMOIR__,MOIR,Theis confined,2017-11-29 12:00:00,1.0465277777777777,0.010953231,0.0033385448088,6.903181707281386e-05,2.1040897843793665e-05,0.1967041756191663,3.0,5.0
bMOIR__,MOIR,Theis confined,2017-11-30 00:00:00,1.5465277777777777,0.007250821,0.0022100502408,0.0009157134425830587,0.0002791094572993163,0.11727039499312486,3.0,5.0
bMOIR__,MOIR,Theis confined,2017-11-30 12:00:00,2.046527777777778,0.015838702,0.0048276363696,0.0036542152061461502,0.0011138047948333466,0.2046478071107365,3.0,5.0
bMOIR__,MOIR,Theis confined,2017-12-01 00:00:00,2.546527777777778,0.017603392,0.0053655138816,0.00877349386239644,0.002674160929258435,0.13996719068734853,3.0,5.0
bMOIR__,MOIR,Theis confined,2017-12-01 12:00:00,3.046527777777778,0.024212132,0.0073798578336,0.016162923187785484,0.004926458987637016,0.11480740749952822,3.0,5.0
bMOIR__,MOIR,Theis confined,2017-12-02 00:00:00,3.546527777777778,0.029240232,0.0089124227136,0.025457523546592295,0.0077594531770013315,0.04891425373711744,3.0,5.0
bMOIR__,MOIR,Theis confined,2017-12-02 12:00:00,4.0465277777777775,0.038628142,0.0117738576815999,0.03624683514268729,0.011048035351491086,0.02723607573380704,3.0,5.0
bMOIR__,MOIR,Theis confined,2017-12-03 00:00:00,4.5465277777777775,0.044696012,0.0136233444576,0.04815983762842275,0.014679118509143255,-0.035925258876233546,3.0,5.0
bMOIR__,MOIR,Theis confined,2017-12-03 12:00:00,5.0465277777777775,0.061030492,0.0186020939616,0.06088877259214483,0.018558897886085744,0.001277216084696331,3.0,5.0
bMOIR__,MOIR,Theis confined,2017-12-04 00:00:00,5.5465277777777775,0.0740239219999999,0.0225624914256,0.07418842644518754,0.022612632380493165,-0.0013255139827168527,3.0,5.0
bMOIR__,MOIR,Theis confined,2017-12-04 12:00:00,6.0465277777777775,0.087030872,0.0265270097856,0.08786736776298455,0.026781973694157694,-0.006085876326750839,3.0,5.0
bMOIR__,MOIR,Theis confined,2017-12-05 00:00:00,6.5465277777777775,0.091006322,0.0277387269456,0.10177774473356298,0.03102185659479,-0.07361251882758824,3.0,5.0
bMOIR__,MOIR,Theis confined,2017-12-05 12:00:00,7.0465277777777775,0.111587662,0.0340119193776,0.11574893017711364,0.03528027391798424,-0.025426380446061714,3.0,5.0
bMOIR__,MOIR,Theis confined,2017-12-06 00:00:00,7.5465277777777775,0.125434362,0.0382323935376,0.12902806710460019,0.03932775485348214,-0.020277625765703355,3.0,5.0
bMOIR__,MOIR,Theis confined,2017-12-06 12:00:00,8.046527777777778,0.137166962,0.0418084900176,0.14042457629361974,0.0428014108542953,-0.017255127774457257,3.0,5.0
bMOIR__,MOIR,Theis confined,2017-12-07 00:00:00,8.546527777777778,0.142775462,0.0435179608176,0.14936293046456908,0.04552582120560066,-0.03360083255938173,3.0,5.0
bMOIR__,MOIR,Theis confined,2017-12-07 12:00:00,9.046527777777778,0.156724262,0.0477695550576,0.1558956699488908,0.04751700020042192,0.004016253703408523,3.0,5.0
bMOIR__,MOIR,Theis confined,2017-12-08 00:00:00,9.546527777777778,0.150453662,0.0458582761776,0.16035362115569055,0.04887578372825448,-0.0482069169787418,3.0,5.0
bMOIR__,MOIR,Theis confined,2017-12-08 12:00:00,10.046527777777778,0.153756062,0.0468648476976,0.16312722418251566,0.04972117793083077,-0.044965780204694994,3.0,5.0
bMOIR__,MOIR,Theis confined,2017-12-09 00:00:00,10.546527777777778,0.157875862,0.0481205627376,0.16457554907220445,0.05016262735720792,-0.03172080225618812,3.0,5.0
bMOIR__,MOIR,Theis confined,2017-12-09 12:00:00,11.046527777777778,0.159099662,0.0484935769776,0.16499928023064467,0.050291780614300494,-0.02782369037579313,3.0,5.0
bMOIR__,MOIR,Theis confined,2017-12-10 00:00:00,11.546527777777778,0.163145462,0.0497267368176,0.16463974134833823,0.050182193162973496,-0.006986148254562341,3.0,5.0
bMOIR__,MOIR,Theis confined,2017-12-10 12:00:00,12.046527777777778,0.161630862,0.0492650867376,0.16368669754472473,0.0498917054116321,-0.009667372107112548,3.0,5.0
bMOIR__,MOIR,Theis confined,2017-12-11 00:00:00,12.546527777777778,0.1604879619999999,0.0489167308176,0.1622879266974231,0.04946536005737456,-0.00851503418803512,3.0,5.0
bMOIR__,MOIR,Theis confined,2017-12-11 12:00:00,13.046527777777778,0.162170762,0.0494296482576,0.16055802414207576,0.048938085758504696,0.007630167309058855,2.0,5.0
bMOIR__,MOIR,Theis confined,2017-12-12 00:00:00,13.546527777777778,0.167557162,0.0510714229776,0.1585857299903067,0.04833693050104548,0.042111498049310914,2.0,5.0
bMOIR__,MOIR,Theis confined,2017-12-12 12:00:00,14.046527777777778,0.160664062,0.0489704060976,0.1564397603392875,0.047682838951414834,0.020256089120288756,2.0,5.0
bMOIR__,MOIR,Theis confined,2017-12-13 00:00:00,14.546527777777778,0.154373262,0.0470529702576,0.1541733493779609,0.04699203689040248,0.0009786527775643705,2.0,5.0
bMOIR__,MOIR,Theis confined,2017-12-13 12:00:00,15.046527777777778,0.145782962,0.0444346468175999,0.15182775223654182,0.046277098881697946,-0.03040791298996881,2.0,5.0
bMOIR__,MOIR,Theis confined,2017-12-14 00:00:00,15.546527777777778,0.147901662,0.0450804265776,0.14943493611802672,0.04554776852877455,-0.007717797635527379,2.0,5.0
bMOIR__,MOIR,Theis confined,2017-12-14 12:00:00,16.04652777777778,0.141508262,0.0431317182576,0.14701964718332086,0.044811588461476204,-0.02837250436694827,2.0,5.0
bMOIR__,MOIR,Theis confined,2017-12-15 00:00:00,16.54652777777778,0.144680662,0.0440986657776,0.14460100071985194,0.04407438501941087,0.00040927322753114836,2.0,5.0
bMOIR__,MOIR,Theis confined,2017-12-15 12:00:00,17.04652777777778,0.134538862,0.0410074451376,0.142193708069074,0.04334064221945376,-0.04064368418049513,2.0,5.0
bMOIR__,MOIR,Theis confined,2017-12-16 00:00:00,17.54652777777778,0.139985462,0.0426675688176,0.1398090266174095,0.04261379131298641,0.0009291098242369955,2.0,5.0
bMOIR__,MOIR,Theis confined,2017-12-16 12:00:00,18.04652777777778,0.135373362,0.0412618007376,0.1374554981727536,0.0418964358430553,-0.01116950988538834,2.0,5.0
bMOIR__,MOIR,Theis confined,2017-12-17 00:00:00,18.54652777777778,0.128378562,0.0391297856976,0.13513952511367316,0.041190527254647585,-0.037201685860045686,2.0,5.0
bMOIR__,MOIR,Theis confined,2017-12-17 12:00:00,19.04652777777778,0.125406462,0.0382238896176,0.13286582169514735,0.04049750245268091,-0.041646748362800246,2.0,5.0
bMOIR__,MOIR,Theis confined,2017-12-18 00:00:00,19.54652777777778,0.125112962,0.0381344308176,0.13063776888215342,0.03981839195528036,-0.03106248631854891,2.0,5.0
bMOIR__,MOIR,Theis confined,2017-12-18 12:00:00,20.04652777777778,0.128372762,0.0391280178576,0.12845769431700704,0.03915390522782375,-0.000476037384743222,2.0,5.0
bMOIR__,MOIR,Theis confined,2017-12-19 00:00:00,20.54652777777778,0.133452762,0.0406764018576,0.12632709393950514,0.03850449823276117,0.03961644808331144,2.0,5.0
bMOIR__,MOIR,Theis confined,2017-12-19 12:00:00,21.04652777777778,0.135089462,0.0411752680176,0.12424680794338547,0.037870427061143894,0.06036655593031348,2.0,5.0
bMOIR__,MOIR,Theis confined,2017-12-20 00:00:00,21.54652777777778,0.141327062,0.0430764884976,0.12221716085029377,0.037251790627169545,0.10522808657677274,2.0,5.0
bMOIR__,MOIR,Theis confined,2017-12-20 12:00:00,22.04652777777778,0.140508662,0.0428270401776,0.12023807327750473,0.036648564734983444,0.11249977494390428,2.0,5.0
bMOIR__,MOIR,Theis confined,2017-12-21 00:00:00,22.54652777777778,0.133653062,0.0407374532976,0.11830915129333708,0.03606062931420914,0.08724597054137506,2.0,5.0
bMOIR__,MOIR,Theis confined,2017-12-21 12:00:00,23.04652777777778,0.131082962,0.0399540868176,0.11642975796504063,0.035487790227744384,0.0843819335223146,2.0,5.0
bMOIR__,MOIR,Theis confined,2017-12-22 00:00:00,23.54652777777778,0.1229367619999999,0.0374711250576,0.11459907071165384,0.03492979675291209,0.04941334761056737,2.0,5.0
bMOIR__,MOIR,Theis confined,2017-12-22 12:00:00,24.04652777777778,0.113747062,0.0346701044976,0.11281612730719491,0.03438635560323301,0.005701421624046521,2.0,5.0
bMOIR__,MOIR,Hantush-Jacob leaky,2017-11-28 12:00:00,0.04652777777777778,0.0,0.0,6.327146270877943e-71,1.928514183363597e-71,0.0,3.0,5.0
bMOIR__,MOIR,Hantush-Jacob leaky,2017-11-29 00:00:00,0.5465277777777777,0.004387389,0.0013372761672,6.666987367565563e-08,2.032097749633984e-08,0.08410796830984957,3.0,5.0
bMOIR__,MOIR,Hantush-Jacob leaky,2017-11-29 12:00:00,1.0465277777777777,0.010953231,0.0033385448088,6.894702987779246e-05,2.1015054706751144e-05,0.19670586902652287,3.0,5.0
bMOIR__,MOIR,Hantush-Jacob leaky,2017-11-30 00:00:00,1.5465277777777777,0.007250821,0.0022100502408,0.0009150257924634926,0.00027889986154287257,0.11728390074050044,3.0,5.0
bMOIR__,MOIR,Hantush-Jacob leaky,2017-11-30 12:00:00,2.046527777777778,0.015838702,0.0048276363696,0.0036523561142988363,0.0011132381436382854,0.20468245721323486,3.0,5.0
bMOIR__,MOIR,Hantush-Jacob leaky,2017-12-01 00:00:00,2.546527777777778,0.017603392,0.0053655138816,0.00877030573180546,0.0026731891870543046,0.14002143651916166,3.0,5.0
bMOIR__,MOIR,Hantush-Jacob leaky,2017-12-01 12:00:00,3.046527777777778,0.024212132,0.0073798578336,0.01615860361636128,0.004925142382266918,0.11487269651984233,3.0,5.0
bMOIR__,MOIR,Hantush-Jacob leaky,2017-12-02 00:00:00,3.546527777777778,0.029240232,0.0089124227136,0.02545244274561318,0.007757904548862898,0.048981589263138225,3.0,5.0
bMOIR__,MOIR,Hantush-Jacob leaky,2017-12-02 12:00:00,4.0465277777777775,0.038628142,0.0117738576815999,0.03624140400002393,0.011046379939207294,0.027299049797339325,3.0,5.0
bMOIR__,MOIR,Hantush-Jacob leaky,2017-12-03 00:00:00,4.5465277777777775,0.044696012,0.0136233444576,0.04815443790482057,0.01467747267338931,-0.03587024786301107,3.0,5.0
bMOIR__,MOIR,Hantush-Jacob leaky,2017-12-03 12:00:00,5.0465277777777775,0.061030492,0.0186020939616,0.06088372741842473,0.01855736011713586,0.0013227147260579386,3.0,5.0
bMOIR__,MOIR,Hantush-Jacob leaky,2017-12-04 00:00:00,5.5465277777777775,0.0740239219999999,0.0225624914256,0.07418399252439262,0.02261128092143487,-0.0012898101729801326,3.0,5.0
bMOIR__,MOIR,Hantush-Jacob leaky,2017-12-04 12:00:00,6.0465277777777775,0.087030872,0.0265270097856,0.08786373799550734,0.026780867341030638,-0.006059548013393368,3.0,5.0
bMOIR__,MOIR,Hantush-Jacob leaky,2017-12-05 00:00:00,6.5465277777777775,0.091006322,0.0277387269456,0.10177505527250061,0.031021036847058186,-0.07359479893791931,3.0,5.0
bMOIR__,MOIR,Hantush-Jacob leaky,2017-12-05 12:00:00,7.0465277777777775,0.111587662,0.0340119193776,0.11574734070013785,0.03527978944540202,-0.025416790733504335,3.0,5.0
bMOIR__,MOIR,Hantush-Jacob leaky,2017-12-06 00:00:00,7.5465277777777775,0.125434362,0.0382323935376,0.12902812243400602,0.039327771717885034,-0.020277934820021937,3.0,5.0
bMOIR__,MOIR,Hantush-Jacob leaky,2017-12-06 12:00:00,8.046527777777778,0.137166962,0.0418084900176,0.14042687198275194,0.04280211058034279,-0.0172671833365019,3.0,5.0
bMOIR__,MOIR,Hantush-Jacob leaky,2017-12-07 00:00:00,8.546527777777778,0.142775462,0.0435179608176,0.14936763193157437,0.04552725421274387,-0.0336244147346596,3.0,5.0
bMOIR__,MOIR,Hantush-Jacob leaky,2017-12-07 12:00:00,9.046527777777778,0.156724262,0.0477695550576,0.15590255738419476,0.047519099490702564,0.003982803169397364,3.0,5.0
bMOIR__,MOIR,Hantush-Jacob leaky,2017-12-08 00:00:00,9.546527777777778,0.150453662,0.0458582761776,0.16036227668669478,0.04887842193410457,-0.04824806365777068,3.0,5.0
bMOIR__,MOIR,Hantush-Jacob leaky,2017-12-08 12:00:00,10.046527777777778,0.153756062,0.0468648476976,0.1631371707791008,0.04972420965346993,-0.04501244887655487,3.0,5.0
bMOIR__,MOIR,Hantush-Jacob leaky,2017-12-09 00:00:00,10.546527777777778,0.157875862,0.0481205627376,0.1645863258853739,0.05016591212986197,-0.031771024858895824,3.0,5.0
bMOIR__,MOIR,Hantush-Jacob leaky,2017-12-09 12:00:00,11.046527777777778,0.159099662,0.0484935769776,0.16501047600028795,0.05029519308488777,-0.027875762541522242,3.0,5.0
bMOIR__,MOIR,Hantush-Jacob leaky,2017-12-10 00:00:00,11.546527777777778,0.163145462,0.0497267368176,0.16465100492781806,0.05018562630199895,-0.007038623550525092,3.0,5.0
bMOIR__,MOIR,Hantush-Jacob leaky,2017-12-10 12:00:00,12.046527777777778,0.161630862,0.0492650867376,0.16369773722145128,0.049895070305098356,-0.009719033683112777,3.0,5.0
bMOIR__,MOIR,Hantush-Jacob leaky,2017-12-11 00:00:00,12.546527777777778,0.1604879619999999,0.0489167308176,0.16229850465866913,0.04946858421996235,-0.008564861316115557,3.0,5.0
bMOIR__,MOIR,Hantush-Jacob leaky,2017-12-11 12:00:00,13.046527777777778,0.162170762,0.0494296482576,0.16056794931832596,0.04894111095222576,0.007583030932404089,2.0,5.0
bMOIR__,MOIR,Hantush-Jacob leaky,2017-12-12 00:00:00,13.546527777777778,0.167557162,0.0510714229776,0.15859485082401342,0.04833971053115929,0.04206777197898237,2.0,5.0
bMOIR__,MOIR,Hantush-Jacob leaky,2017-12-12 12:00:00,14.046527777777778,0.160664062,0.0489704060976,0.15644795815368068,0.047685337645241875,0.020216379465450185,2.0,5.0
bMOIR__,MOIR,Hantush-Jacob leaky,2017-12-13 00:00:00,14.546527777777778,0.154373262,0.0470529702576,0.1541805325830893,0.04699422633132562,0.000943471502467208,2.0,5.0
bMOIR__,MOIR,Hantush-Jacob leaky,2017-12-13 12:00:00,15.046527777777778,0.145782962,0.0444346468175999,0.15183385140018532,0.04627895790677649,-0.030438132181435318,2.0,5.0
bMOIR__,MOIR,Hantush-Jacob leaky,2017-12-14 00:00:00,15.546527777777778,0.147901662,0.0450804265776,0.14943989983650327,0.0455492814701662,-0.007742686237311336,2.0,5.0
bMOIR__,MOIR,Hantush-Jacob leaky,2017-12-14 12:00:00,16.04652777777778,0.141508262,0.0431317182576,0.1470234386531999,0.04481274410149533,-0.02839174830252489,2.0,5.0
bMOIR__,MOIR,Hantush-Jacob leaky,2017-12-15 00:00:00,16.54652777777778,0.144680662,0.0440986657776,0.144603594905852,0.0440751757273037,0.0003959425216288892,2.0,5.0
bMOIR__,MOIR,Hantush-Jacob leaky,2017-12-15 12:00:00,17.04652777777778,0.134538862,0.0410074451376,0.14219508937039874,0.04334106324009754,-0.04065087118143795,2.0,5.0
bMOIR__,MOIR,Hantush-Jacob leaky,2017-12-16 00:00:00,17.54652777777778,0.139985462,0.0426675688176,0.1398091869466032,0.04261384018132465,0.0009282651377180429,2.0,5.0
bMOIR__,MOIR,Hantush-Jacob leaky,2017-12-16 12:00:00,18.04652777777778,0.135373362,0.0412618007376,0.1374544353740039,0.041896111901996394,-0.011163840263675784,2.0,5.0
bMOIR__,MOIR,Hantush-Jacob leaky,2017-12-17 00:00:00,18.54652777777778,0.128378562,0.0391297856976,0.1351372416596098,0.04118983125784907,-0.03718935209099339,2.0,5.0
bMOIR__,MOIR,Hantush-Jacob leaky,2017-12-17 12:00:00,19.04652777777778,0.125406462,0.0382238896176,0.1328623236118835,0.04049643623690209,-0.0416276189449043,2.0,5.0
bMOIR__,MOIR,Hantush-Jacob leaky,2017-12-18 00:00:00,19.54652777777778,0.125112962,0.0381344308176,0.13063306486143256,0.039816958169764646,-0.031036444799102725,2.0,5.0
bMOIR__,MOIR,Hantush-Jacob leaky,2017-12-18 12:00:00,20.04652777777778,0.128372762,0.0391280178576,0.12845179498190498,0.03915210711048464,-0.00044297950716076784,2.0,5.0
bMOIR__,MOIR,Hantush-Jacob leaky,2017-12-19 00:00:00,20.54652777777778,0.133452762,0.0406764018576,0.1263200112363875,0.038502339424850915,0.039656616869697014,2.0,5.0
bMOIR__,MOIR,Hantush-Jacob leaky,2017-12-19 12:00:00,21.04652777777778,0.135089462,0.0411752680176,0.12423855463791109,0.0378679114536353,0.06041392265708101,2.0,5.0
bMOIR__,MOIR,Hantush-Jacob leaky,2017-12-20 00:00:00,21.54652777777778,0.141327062,0.0430764884976,0.12220775010939751,0.03724892223334436,0.10528273268742927,2.0,5.0
bMOIR__,MOIR,Hantush-Jacob leaky,2017-12-20 12:00:00,22.04652777777778,0.140508662,0.0428270401776,0.12022751832263365,0.03664534758473874,0.11256177800756095,2.0,5.0
bMOIR__,MOIR,Hantush-Jacob leaky,2017-12-21 00:00:00,22.54652777777778,0.133653062,0.0407374532976,0.11829746511293052,0.036057067366421225,0.08731540578026609,2.0,5.0
bMOIR__,MOIR,Hantush-Jacob leaky,2017-12-21 12:00:00,23.04652777777778,0.131082962,0.0399540868176,0.11641695307642588,0.03548388729769461,0.08445887517861639,2.0,5.0
bMOIR__,MOIR,Hantush-Jacob leaky,2017-12-22 00:00:00,23.54652777777778,0.1229367619999999,0.0374711250576,0.11458515896430631,0.034925556452320566,0.049497870173325076,2.0,5.0
bMOIR__,MOIR,Hantush-Jacob leaky,2017-12-22 12:00:00,24.04652777777778,0.113747062,0.0346701044976,0.11280111972073918,0.034381781290881305,0.005793600933363674,2.0,5.0
bMOIR__,MOIR,Lagging Darcy no-leakage,2017-11-28 12:00:00,0.04652777777777778,0.0,0.0,2.2608695303018267e-05,6.8911303283599685e-06,-0.00045207170624639303,3.0,5.0
bMOIR__,MOIR,Lagging Darcy no-leakage,2017-11-29 00:00:00,0.5465277777777777,0.004387389,0.0013372761672,0.0011667003388551188,0.00035561026328304025,0.06104337068728061,3.0,5.0
bMOIR__,MOIR,Lagging Darcy no-leakage,2017-11-29 12:00:00,1.0465277777777777,0.010953231,0.0033385448088,0.0031250608589674434,0.0009525185498132768,0.1374580923622557,3.0,5.0
bMOIR__,MOIR,Lagging Darcy no-leakage,2017-11-30 00:00:00,1.5465277777777777,0.007250821,0.0022100502408,0.006171681760327755,0.0018811286005478997,0.019029236303256702,3.0,5.0
bMOIR__,MOIR,Lagging Darcy no-leakage,2017-11-30 12:00:00,2.046527777777778,0.015838702,0.0048276363696,0.010600243293405904,0.00323095415583012,0.0829089339053053,3.0,5.0
bMOIR__,MOIR,Lagging Darcy no-leakage,2017-12-01 00:00:00,2.546527777777778,0.017603392,0.0053655138816,0.01651808151586376,0.005034711246035274,0.016184346107645187,3.0,5.0
bMOIR__,MOIR,Lagging Darcy no-leakage,2017-12-01 12:00:00,3.046527777777778,0.024212132,0.0073798578336,0.023863595919713966,0.007273624036328817,0.004707546994247913,3.0,5.0
bMOIR__,MOIR,Lagging Darcy no-leakage,2017-12-02 00:00:00,3.546527777777778,0.029240232,0.0089124227136,0.03248382434719712,0.009901069661025682,-0.04011805595756801,3.0,5.0
bMOIR__,MOIR,Lagging Darcy no-leakage,2017-12-02 12:00:00,4.0465277777777775,0.038628142,0.0117738576815999,0.04219215469267746,0.012860168750328091,-0.03942559986686156,3.0,5.0
bMOIR__,MOIR,Lagging Darcy no-leakage,2017-12-03 00:00:00,4.5465277777777775,0.044696012,0.0136233444576,0.05280088779634789,0.016093710600326838,-0.08212210176213564,3.0,5.0
bMOIR__,MOIR,Lagging Darcy no-leakage,2017-12-03 12:00:00,5.0465277777777775,0.061030492,0.0186020939616,0.06413689306737111,0.019548925006934715,-0.0275936780804531,3.0,5.0
bMOIR__,MOIR,Lagging Darcy no-leakage,2017-12-04 00:00:00,5.5465277777777775,0.0740239219999999,0.0225624914256,0.07604766783605446,0.023179329156429403,-0.01618568521379604,3.0,5.0
bMOIR__,MOIR,Lagging Darcy no-leakage,2017-12-04 12:00:00,6.0465277777777775,0.087030872,0.0265270097856,0.08840741293217405,0.02694657946172665,-0.00999535988996847,3.0,5.0
bMOIR__,MOIR,Lagging Darcy no-leakage,2017-12-05 00:00:00,6.5465277777777775,0.091006322,0.0277387269456,0.09999681763425802,0.030479030014921846,-0.06180935184712677,3.0,5.0
bMOIR__,MOIR,Lagging Darcy no-leakage,2017-12-05 12:00:00,7.0465277777777775,0.111587662,0.0340119193776,0.11101324093207385,0.03383683583609611,0.00356119074544603,3.0,5.0
bMOIR__,MOIR,Lagging Darcy no-leakage,2017-12-06 00:00:00,7.5465277777777775,0.125434362,0.0382323935376,0.12112248170712964,0.03691813242433312,0.024885399851517054,3.0,5.0
bMOIR__,MOIR,Lagging Darcy no-leakage,2017-12-06 12:00:00,8.046527777777778,0.137166962,0.0418084900176,0.12996252864607924,0.039612578731324954,0.03925240839493105,3.0,5.0
bMOIR__,MOIR,Lagging Darcy no-leakage,2017-12-07 00:00:00,8.546527777777778,0.142775462,0.0435179608176,0.13736440937764505,0.04186867197830621,0.028470668466975102,3.0,5.0
bMOIR__,MOIR,Lagging Darcy no-leakage,2017-12-07 12:00:00,9.046527777777778,0.156724262,0.0477695550576,0.14334096352628967,0.04369032568281309,0.06693055703290174,3.0,5.0
bMOIR__,MOIR,Lagging Darcy no-leakage,2017-12-08 00:00:00,9.546527777777778,0.150453662,0.0458582761776,0.14800768219389032,0.04511274153269777,0.012277278915710621,3.0,5.0
bMOIR__,MOIR,Lagging Darcy no-leakage,2017-12-08 12:00:00,10.046527777777778,0.153756062,0.0468648476976,0.1515223384983788,0.046184008774305854,0.011023267549379767,3.0,5.0
bMOIR__,MOIR,Lagging Darcy no-leakage,2017-12-09 00:00:00,10.546527777777778,0.157875862,0.0481205627376,0.15405026930470114,0.046954522084072914,0.01857470257873617,3.0,5.0
bMOIR__,MOIR,Lagging Darcy no-leakage,2017-12-09 12:00:00,11.046527777777778,0.159099662,0.0484935769776,0.1557471698429099,0.04747173736811894,0.016162905839249397,3.0,5.0
bMOIR__,MOIR,Lagging Darcy no-leakage,2017-12-10 00:00:00,11.546527777777778,0.163145462,0.0497267368176,0.15675193361964107,0.0477779893672666,0.030455166500353403,3.0,5.0
bMOIR__,MOIR,Lagging Darcy no-leakage,2017-12-10 12:00:00,12.046527777777778,0.161630862,0.0492650867376,0.15718476660995906,0.04790991686271552,0.0212325525502175,3.0,5.0
bMOIR__,MOIR,Lagging Darcy no-leakage,2017-12-11 00:00:00,12.546527777777778,0.1604879619999999,0.0489167308176,0.15714785856896052,0.04789866729181917,0.015995632955207117,3.0,5.0
bMOIR__,MOIR,Lagging Darcy no-leakage,2017-12-11 12:00:00,13.046527777777778,0.162170762,0.0494296482576,0.156727150370546,0.04777043543294242,0.025991621941426235,2.0,5.0
bMOIR__,MOIR,Lagging Darcy no-leakage,2017-12-12 00:00:00,13.546527777777778,0.167557162,0.0510714229776,0.1559944459911386,0.047547107138099044,0.05461242257429122,2.0,5.0
bMOIR__,MOIR,Lagging Darcy no-leakage,2017-12-12 12:00:00,14.046527777777778,0.160664062,0.0489704060976,0.15500950345964518,0.047246896654499854,0.027208405074636843,2.0,5.0
bMOIR__,MOIR,Lagging Darcy no-leakage,2017-12-13 00:00:00,14.546527777777778,0.154373262,0.0470529702576,0.15382194311747294,0.046884928262205756,0.0027012527871583814,2.0,5.0
bMOIR__,MOIR,Lagging Darcy no-leakage,2017-12-13 12:00:00,15.046527777777778,0.145782962,0.0444346468175999,0.15247291637573215,0.04647374491132316,-0.03359942236356028,2.0,5.0
bMOIR__,MOIR,Lagging Darcy no-leakage,2017-12-14 00:00:00,15.546527777777778,0.147901662,0.0450804265776,0.15099652976138989,0.046023742271271637,-0.015517392287173859,2.0,5.0
bMOIR__,MOIR,Lagging Darcy no-leakage,2017-12-14 12:00:00,16.04652777777778,0.141508262,0.0431317182576,0.14942104251606958,0.04554353375889801,-0.040487429834603184,2.0,5.0
bMOIR__,MOIR,Lagging Darcy no-leakage,2017-12-15 00:00:00,16.54652777777778,0.144680662,0.0440986657776,0.14776986494344008,0.04504025483476054,-0.015743471025102096,2.0,5.0
bMOIR__,MOIR,Lagging Darcy no-leakage,2017-12-15 12:00:00,17.04652777777778,0.134538862,0.0410074451376,0.14606238637222183,0.04451981536625321,-0.06057283095530597,2.0,5.0
bMOIR__,MOIR,Lagging Darcy no-leakage,2017-12-16 00:00:00,17.54652777777778,0.139985462,0.0426675688176,0.14431465989508843,0.043987108336022956,-0.02253124988825972,2.0,5.0
bMOIR__,MOIR,Lagging Darcy no-leakage,2017-12-16 12:00:00,18.04652777777778,0.135373362,0.0412618007376,0.1425399679623059,0.04344618223491084,-0.0379317936786987,2.0,5.0
bMOIR__,MOIR,Lagging Darcy no-leakage,2017-12-17 00:00:00,18.54652777777778,0.128378562,0.0391297856976,0.14074928948473564,0.042900383434947426,-0.06705190054326193,2.0,5.0
bMOIR__,MOIR,Lagging Darcy no-leakage,2017-12-17 12:00:00,19.04652777777778,0.125406462,0.0382238896176,0.1389516858131207,0.04235247383583919,-0.07438543099757533,2.0,5.0
bMOIR__,MOIR,Lagging Darcy no-leakage,2017-12-18 00:00:00,19.54652777777778,0.125112962,0.0381344308176,0.1371546200177752,0.04180472818141788,-0.06650385739870224,2.0,5.0
bMOIR__,MOIR,Lagging Darcy no-leakage,2017-12-18 12:00:00,20.04652777777778,0.128372762,0.0391280178576,0.13536422136004886,0.041259014670542896,-0.03844712459352406,2.0,5.0
bMOIR__,MOIR,Lagging Darcy no-leakage,2017-12-19 00:00:00,20.54652777777778,0.133452762,0.0406764018576,0.13358550471404843,0.040716861836841964,-0.0007233181489456619,2.0,5.0
bMOIR__,MOIR,Lagging Darcy no-leakage,2017-12-19 12:00:00,21.04652777777778,0.135089462,0.0411752680176,0.13182255292484227,0.04017951413149193,0.017808059028997736,2.0,5.0
bMOIR__,MOIR,Lagging Darcy no-leakage,2017-12-20 00:00:00,21.54652777777778,0.141327062,0.0430764884976,0.13007866863584647,0.039647978200206005,0.06059052672130827,2.0,5.0
bMOIR__,MOIR,Lagging Darcy no-leakage,2017-12-20 12:00:00,22.04652777777778,0.140508662,0.0428270401776,0.12835650092505918,0.039123061481958044,0.06591330182990518,2.0,5.0
bMOIR__,MOIR,Lagging Darcy no-leakage,2017-12-21 00:00:00,22.54652777777778,0.133653062,0.0407374532976,0.1266581511191013,0.03860540446110208,0.03883192964230542,2.0,5.0
bMOIR__,MOIR,Lagging Darcy no-leakage,2017-12-21 12:00:00,23.04652777777778,0.131082962,0.0399540868176,0.1249852613629526,0.03809550766342795,0.03425353025144906,2.0,5.0
bMOIR__,MOIR,Lagging Darcy no-leakage,2017-12-22 00:00:00,23.54652777777778,0.1229367619999999,0.0374711250576,0.12333908888112102,0.03759375429096569,-0.002323737339096077,2.0,5.0
bMOIR__,MOIR,Lagging Darcy no-leakage,2017-12-22 12:00:00,24.04652777777778,0.113747062,0.0346701044976,0.12172056834023934,0.03710042923010495,-0.04754562067280066,2.0,5.0
bMOIR__,MOIR,Lagging Darcy with leakage,2017-11-28 12:00:00,0.04652777777777778,0.0,0.0,3.122007305785588e-05,9.515878268034474e-06,-0.0006242066036730165,3.0,5.0
bMOIR__,MOIR,Lagging Darcy with leakage,2017-11-29 00:00:00,0.5465277777777777,0.004387389,0.0013372761672,0.0014958364038724157,0.00045593093590031233,0.05463134925989532,3.0,5.0
bMOIR__,MOIR,Lagging Darcy with leakage,2017-11-29 12:00:00,1.0465277777777777,0.010953231,0.0033385448088,0.003694337983742172,0.0011260342174446141,0.12679930715003307,3.0,5.0
bMOIR__,MOIR,Lagging Darcy with leakage,2017-11-30 00:00:00,1.5465277777777777,0.007250821,0.0022100502408,0.006870929805544108,0.0020942594047298445,0.0066576720911433185,3.0,5.0
bMOIR__,MOIR,Lagging Darcy with leakage,2017-11-30 12:00:00,2.046527777777778,0.015838702,0.0048276363696,0.011259866651471476,0.0034320073553685063,0.07208291707636949,3.0,5.0
bMOIR__,MOIR,Lagging Darcy with leakage,2017-12-01 00:00:00,2.546527777777778,0.017603392,0.0053655138816,0.016996747816720132,0.005180608734536296,0.009014081140954922,3.0,5.0
bMOIR__,MOIR,Lagging Darcy with leakage,2017-12-01 12:00:00,3.046527777777778,0.024212132,0.0073798578336,0.024080948591070687,0.007339873130558346,0.0017692456401330325,3.0,5.0
bMOIR__,MOIR,Lagging Darcy with leakage,2017-12-02 00:00:00,3.546527777777778,0.029240232,0.0089124227136,0.03241787901158419,0.009880969522730862,-0.039318242034665385,3.0,5.0
bMOIR__,MOIR,Lagging Darcy with leakage,2017-12-02 12:00:00,4.0465277777777775,0.038628142,0.0117738576815999,0.0418644051941496,0.012760270703176799,-0.035864196294508766,3.0,5.0
bMOIR__,MOIR,Lagging Darcy with leakage,2017-12-03 00:00:00,4.5465277777777775,0.044696012,0.0136233444576,0.05226038040068382,0.01592896394612843,-0.07685042220833083,3.0,5.0
bMOIR__,MOIR,Lagging Darcy with leakage,2017-12-03 12:00:00,5.0465277777777775,0.061030492,0.0186020939616,0.06344719104056452,0.01933870382916407,-0.021532585179644848,3.0,5.0
bMOIR__,MOIR,Lagging Darcy with leakage,2017-12-04 00:00:00,5.5465277777777775,0.0740239219999999,0.0225624914256,0.07527739361806049,0.02294454957478484,-0.010055961219207266,3.0,5.0
bMOIR__,MOIR,Lagging Darcy with leakage,2017-12-04 12:00:00,6.0465277777777775,0.087030872,0.0265270097856,0.08762682123723899,0.026708655113110442,-0.0043395847788376685,3.0,5.0
bMOIR__,MOIR,Lagging Darcy with leakage,2017-12-05 00:00:00,6.5465277777777775,0.091006322,0.0277387269456,0.09894523280922263,0.030158506960251057,-0.054773947085640096,3.0,5.0
bMOIR__,MOIR,Lagging Darcy with leakage,2017-12-05 12:00:00,7.0465277777777775,0.111587662,0.0340119193776,0.10982287249287946,0.03347401153582966,0.010981639077101146,3.0,5.0
bMOIR__,MOIR,Lagging Darcy with leakage,2017-12-06 00:00:00,7.5465277777777775,0.125434362,0.0382323935376,0.11994403337284072,0.03655894137204185,0.03179579985726111,3.0,5.0
bMOIR__,MOIR,Lagging Darcy with leakage,2017-12-06 12:00:00,8.046527777777778,0.137166962,0.0418084900176,0.12900229954434353,0.03931990090111591,0.044602411050756796,3.0,5.0
bMOIR__,MOIR,Lagging Darcy with leakage,2017-12-07 00:00:00,8.546527777777778,0.142775462,0.0435179608176,0.1367947162053991,0.04169502949940565,0.03151586273611606,3.0,5.0
bMOIR__,MOIR,Lagging Darcy with leakage,2017-12-07 12:00:00,9.046527777777778,0.156724262,0.0477695550576,0.14326544249121917,0.043667306871323606,0.06732124396853223,3.0,5.0
bMOIR__,MOIR,Lagging Darcy with leakage,2017-12-08 00:00:00,9.546527777777778,0.150453662,0.0458582761776,0.1484634363869078,0.045251655410729494,0.009978224218383236,3.0,5.0
bMOIR__,MOIR,Lagging Darcy with leakage,2017-12-08 12:00:00,10.046527777777778,0.153756062,0.0468648476976,0.15249527970442853,0.04648056125390981,0.006206927652303573,3.0,5.0
bMOIR__,MOIR,Lagging Darcy with leakage,2017-12-09 00:00:00,10.546527777777778,0.157875862,0.0481205627376,0.15549184583992423,0.04739391461200891,0.01153473068932609,3.0,5.0
bMOIR__,MOIR,Lagging Darcy with leakage,2017-12-09 12:00:00,11.046527777777778,0.159099662,0.0484935769776,0.15758828000088512,0.048032907744269784,0.007254295000069355,3.0,5.0
bMOIR__,MOIR,Lagging Darcy with leakage,2017-12-10 00:00:00,11.546527777777778,0.163145462,0.0497267368176,0.15891322122673612,0.04843674982990917,0.020055896513290428,3.0,5.0
bMOIR__,MOIR,Lagging Darcy with leakage,2017-12-10 12:00:00,12.046527777777778,0.161630862,0.0492650867376,0.1595837204007141,0.048641117978137666,0.00972026042408869,3.0,5.0
bMOIR__,MOIR,Lagging Darcy with leakage,2017-12-11 00:00:00,12.546527777777778,0.1604879619999999,0.0489167308176,0.15970343781082572,0.04867760784473968,0.003734132117542366,3.0,5.0
bMOIR__,MOIR,Lagging Darcy with leakage,2017-12-11 12:00:00,13.046527777777778,0.162170762,0.0494296482576,0.1593626198986462,0.04857372654510736,0.013323659589389525,2.0,5.0
bMOIR__,MOIR,Lagging Darcy with leakage,2017-12-12 00:00:00,13.546527777777778,0.167557162,0.0510714229776,0.1586389683107563,0.04835315754111852,0.04185629589586526,2.0,5.0
bMOIR__,MOIR,Lagging Darcy with leakage,2017-12-12 12:00:00,14.046527777777778,0.160664062,0.0489704060976,0.15759889529069182,0.04803614328460287,0.014656911536468975,2.0,5.0
bMOIR__,MOIR,Lagging Darcy with leakage,2017-12-13 00:00:00,14.546527777777778,0.154373262,0.0470529702576,0.15629888711851264,0.047639900793722656,-0.009377987941555865,2.0,5.0
bMOIR__,MOIR,Lagging Darcy with leakage,2017-12-13 12:00:00,15.046527777777778,0.145782962,0.0444346468175999,0.15478683012701933,0.04717902582271549,-0.04496287613169869,2.0,5.0
bMOIR__,MOIR,Lagging Darcy with leakage,2017-12-14 00:00:00,15.546527777777778,0.147901662,0.0450804265776,0.1531032297281571,0.04666586442114229,-0.02594411986309275,2.0,5.0
bMOIR__,MOIR,Lagging Darcy with leakage,2017-12-14 12:00:00,16.04652777777778,0.141508262,0.0431317182576,0.15128229523190248,0.04611084358668388,-0.049777425333050296,2.0,5.0
bMOIR__,MOIR,Lagging Darcy with leakage,2017-12-15 00:00:00,16.54652777777778,0.144680662,0.0440986657776,0.14935288605993383,0.045522759671067836,-0.023715965662132188,2.0,5.0
bMOIR__,MOIR,Lagging Darcy with leakage,2017-12-15 12:00:00,17.04652777777778,0.134538862,0.0410074451376,0.14733932655115234,0.044909026732791235,-0.06706464134428458,2.0,5.0
bMOIR__,MOIR,Lagging Darcy with leakage,2017-12-16 00:00:00,17.54652777777778,0.139985462,0.0426675688176,0.14526210180627547,0.04427588863055276,-0.027395214437594184,2.0,5.0
bMOIR__,MOIR,Lagging Darcy with leakage,2017-12-16 12:00:00,18.04652777777778,0.135373362,0.0412618007376,0.1431384487680962,0.043628599184515726,-0.04103531858547349,2.0,5.0
bMOIR__,MOIR,Lagging Darcy with leakage,2017-12-17 00:00:00,18.54652777777778,0.128378562,0.0391297856976,0.14098285662969992,0.04297157470073254,-0.06827562338918369,2.0,5.0
bMOIR__,MOIR,Lagging Darcy with leakage,2017-12-17 12:00:00,19.04652777777778,0.125406462,0.0382238896176,0.13880748964766718,0.04230852284460895,-0.07362200190399415,2.0,5.0
bMOIR__,MOIR,Lagging Darcy with leakage,2017-12-18 00:00:00,19.54652777777778,0.125112962,0.0381344308176,0.13662254403916227,0.041642551423136664,-0.06365683307953285,2.0,5.0
bMOIR__,MOIR,Lagging Darcy with leakage,2017-12-18 12:00:00,20.04652777777778,0.128372762,0.0391280178576,0.1344365491510619,0.04097626018124367,-0.03342996817364918,2.0,5.0
bMOIR__,MOIR,Lagging Darcy with leakage,2017-12-19 00:00:00,20.54652777777778,0.133452762,0.0406764018576,0.13225662165485375,0.040311818280399425,0.006541503521471981,2.0,5.0
bMOIR__,MOIR,Lagging Darcy with leakage,2017-12-19 12:00:00,21.04652777777778,0.135089462,0.0411752680176,0.13008868021418388,0.03965102972928325,0.027389889144535218,2.0,5.0
bMOIR__,MOIR,Lagging Darcy with leakage,2017-12-20 00:00:00,21.54652777777778,0.141327062,0.0430764884976,0.12793762691822544,0.038995388684675114,0.07255125179860666,2.0,5.0
bMOIR__,MOIR,Lagging Darcy with leakage,2017-12-20 12:00:00,22.04652777777778,0.140508662,0.0428270401776,0.1258075007766982,0.03834612623673761,0.08030801247430253,2.0,5.0
bMOIR__,MOIR,Lagging Darcy with leakage,2017-12-21 00:00:00,22.54652777777778,0.133653062,0.0407374532976,0.12370160771997776,0.037704250033049225,0.055709516213648946,2.0,5.0
bMOIR__,MOIR,Lagging Darcy with leakage,2017-12-21 12:00:00,23.04652777777778,0.131082962,0.0399540868176,0.12162263082910751,0.037070577876711974,0.053657220198271016,2.0,5.0
bMOIR__,MOIR,Lagging Darcy with leakage,2017-12-22 00:00:00,23.54652777777778,0.1229367619999999,0.0374711250576,0.11957272391243705,0.036445766248510814,0.019644105664453626,2.0,5.0
bMOIR__,MOIR,Lagging Darcy with leakage,2017-12-22 12:00:00,24.04652777777778,0.113747062,0.0346701044976,0.11755359104056852,0.03583033454916529,-0.02298031423433855,2.0,5.0
bMD____,MD,Theis confined,2017-11-28 12:00:00,0.04652777777777778,0.0,0.0,1.7992373762485174e-28,5.484075522805481e-29,0.0,1.0,4.8
bMD____,MD,Theis confined,2017-11-29 00:00:00,0.5465277777777777,0.02430297,0.007407545256,0.00023083718106603582,7.035917278892772e-05,0.39152179943051424,1.0,4.8
bMD____,MD,Theis confined,2017-11-29 12:00:00,1.0465277777777777,0.09776131,0.029797647288,0.004223514297065247,0.0012873271577454872,1.0024835440977218,1.0,4.8
bMD____,MD,Theis confined,2017-11-30 00:00:00,1.5465277777777777,0.1363459,0.04155823032,0.013184523755880008,0.004018642840792227,1.0815452301882593,1.0,4.8
bMD____,MD,Theis confined,2017-11-30 12:00:00,2.046527777777778,0.068687069,0.0209358186312,0.024819466653276424,0.0075649734359186545,0.4614122566841812,1.0,4.8
bMD____,MD,Theis confined,2017-12-01 00:00:00,2.546527777777778,0.09317103,0.028398529944,0.03749132449586606,0.011427355706339976,0.49250028976161575,1.0,4.8
bMD____,MD,Theis confined,2017-12-01 12:00:00,3.046527777777778,0.10979671,0.033466037208,0.05035486862453868,0.015348163956759392,0.4651898543816224,1.0,4.8
bMD____,MD,Theis confined,2017-12-02 00:00:00,3.546527777777778,0.065495187,0.0199629329976,0.06300026416927437,0.01920248051879483,0.02183870160711976,1.0,4.8
bMD____,MD,Theis confined,2017-12-02 12:00:00,4.0465277777777775,0.04839179,0.014749817592,0.07523758740715794,0.02293241664170174,-0.24125526689836363,1.0,4.8
bMD____,MD,Theis confined,2017-12-03 00:00:00,4.5465277777777775,0.06362919,0.019394177112,0.0869878048271717,0.026513882911321934,-0.18695147850059746,1.0,4.8
bMD____,MD,Theis confined,2017-12-03 12:00:00,5.0465277777777775,0.0910968,0.02776630464,0.09822824666087415,0.02993996958223444,-0.04930711330146176,1.0,4.8
bMD____,MD,Theis confined,2017-12-04 00:00:00,5.5465277777777775,0.103003,0.0313953144,0.10896479957158031,0.03321247090941768,-0.0382252623250543,1.0,4.8
bMD____,MD,Theis confined,2017-12-04 12:00:00,6.0465277777777775,0.06254342,0.019063234416,0.11921740087020224,0.036337463785237646,-0.4078451811683732,1.0,4.8
bMD____,MD,Theis confined,2017-12-05 00:00:00,6.5465277777777775,0.06053265,0.01845035172,0.12883610705637188,0.039269245430782154,-0.4811588309564758,1.0,4.8
bMD____,MD,Theis confined,2017-12-05 12:00:00,7.0465277777777775,0.081949435,0.024978187788,0.13448035680442225,0.0409896127539879,-0.33512420961265166,1.0,4.8
bMD____,MD,Theis confined,2017-12-06 00:00:00,7.5465277777777775,0.11880353,0.036211315944,0.13467376349751817,0.04104856311404354,-0.0898553335672454,1.0,4.8
bMD____,MD,Theis confined,2017-12-06 12:00:00,8.046527777777778,0.13409809,0.040873097832,0.1317150540995211,0.040146748489534034,0.0130288900179929,1.0,4.8
bMD____,MD,Theis confined,2017-12-07 00:00:00,8.546527777777778,0.081990213,0.0249906169224,0.1273141732979965,0.038805360021229335,-0.29519537362599024,1.0,4.8
bMD____,MD,Theis confined,2017-12-07 12:00:00,9.046527777777778,0.07099592,0.021639556416,0.12236972470875478,0.03729829209122846,-0.3538849060501623,1.0,4.8
bMD____,MD,Theis confined,2017-12-08 00:00:00,9.546527777777778,0.05900509,0.017984751432,0.11732871519011225,0.035761792389946215,-0.42856565379074274,1.0,4.8
bMD____,MD,Theis confined,2017-12-08 12:00:00,10.046527777777778,0.0494718,0.01507900464,0.11240893467406086,0.03426224328865375,-0.49024325577121175,1.0,4.8
bMD____,MD,Theis confined,2017-12-09 00:00:00,10.546527777777778,0.0523759,0.01596417432,0.1077118399322521,0.03283056881135044,-0.4321182366421623,1.0,4.8
bMD____,MD,Theis confined,2017-12-09 12:00:00,11.046527777777778,0.067067674,0.0204422270352,0.1032790571934434,0.03147945663256155,-0.26950798548635513,1.0,4.8
bMD____,MD,Theis confined,2017-12-10 00:00:00,11.546527777777778,0.05647651,0.017214040248,0.09912123371113003,0.030212152035152436,-0.3368352267389674,1.0,4.8
bMD____,MD,Theis confined,2017-12-10 12:00:00,12.046527777777778,0.09150084,0.027889456032,0.09523313454614316,0.029027059409664435,-0.026034622249354822,1.0,4.8
bMD____,MD,Theis confined,2017-12-11 00:00:00,12.546527777777778,0.12965607,0.039519170136,0.09160170437493194,0.027920199493479257,0.23802608317637564,1.0,4.8
bMD____,MD,Theis confined,2017-12-11 12:00:00,13.046527777777778,0.12877183,0.039249653784,0.08821042733944343,0.026886538253062357,0.25733294042284927,1.0,4.8
bMD____,MD,Theis confined,2017-12-12 00:00:00,13.546527777777778,0.081250355,0.024765108204,0.08504168956502778,0.02592070697942047,-0.02847693612876201,1.0,4.8
bMD____,MD,Theis confined,2017-12-12 12:00:00,14.046527777777778,0.073327178,0.0223501238544,0.08207804238518063,0.025017387319003055,-0.06855217045282114,1.0,4.8
bMD____,MD,Theis confined,2017-12-13 00:00:00,14.546527777777778,0.10658388,0.032486766624,0.07930285208165584,0.0241715093144887,0.19143449744079577,1.0,4.8
bMD____,MD,Theis confined,2017-12-13 12:00:00,15.046527777777778,0.0375313,0.01143954024,0.07670060494380232,0.023378344386870947,-0.3698304182465595,1.0,4.8
bMD____,MD,Theis confined,2017-12-14 00:00:00,15.546527777777778,-0.0293802599999999,-0.0089551032479999,0.07425701912757945,0.022633539430086218,-1.796103285961625,1.0,4.8
bMD____,MD,Theis confined,2017-12-14 12:00:00,16.04652777777778,0.02762998,0.008421617904,0.07195904986088839,0.021933118397598782,-0.45173163872471633,1.0,4.8
bMD____,MD,Theis confined,2017-12-15 00:00:00,16.54652777777778,0.12439068,0.037914279264,0.06979483787518638,0.02127346658435681,0.3755174744496017,1.0,4.8
bMD____,MD,Theis confined,2017-12-15 12:00:00,17.04652777777778,0.11067654,0.033734209392,0.06775362989041167,0.02065130639059748,0.31079871626036093,1.0,4.8
bMD____,MD,Theis confined,2017-12-16 00:00:00,17.54652777777778,0.069987218,0.0213321040464,0.06582568773175622,0.020063669620639296,0.035298851477249205,1.0,4.8
bMD____,MD,Theis confined,2017-12-16 12:00:00,18.04652777777778,0.065567642,0.0199850172816,0.0640021954628827,0.019507869177086648,0.01363829690497953,1.0,4.8
bMD____,MD,Theis confined,2017-12-17 00:00:00,18.54652777777778,0.13199117,0.040230908616,0.06227516967248899,0.018981471716174647,0.483005439221309,1.0,4.8
bMD____,MD,Theis confined,2017-12-17 12:00:00,19.04652777777778,0.08567358,0.026113307184,0.060637375542383465,0.01848227206531848,0.2039938873262468,1.0,4.8
bMD____,MD,Theis confined,2017-12-18 00:00:00,19.54652777777778,0.09239921,0.028163279208,0.059082249852832856,0.018008269755143455,0.26653226773145766,1.0,4.8
bMD____,MD,Theis confined,2017-12-18 12:00:00,20.04652777777778,0.0624782,0.01904335536,0.05760383123023923,0.01755764775897692,0.04430317176657095,1.0,4.8
bMD____,MD,Theis confined,2017-12-19 00:00:00,20.54652777777778,0.066569256,0.0202903092288,0.05619669746558715,0.017128753387510964,0.09319255746676403,1.0,4.8
bMD____,MD,Theis confined,2017-12-19 12:00:00,21.04652777777778,0.069432261,0.0211629531528,0.05485590948029279,0.016720081209593243,0.13016224005236232,1.0,4.8
bMD____,MD,Theis confined,2017-12-20 00:00:00,21.54652777777778,0.10109697,0.030814356456,0.053576961398431426,0.0163302578342419,0.37760689136137016,1.0,4.8
bMD____,MD,Theis confined,2017-12-20 12:00:00,22.04652777777778,0.04738945,0.01444430436,0.05235573614551459,0.01595802837715285,-0.0497364663882478,1.0,4.8
bMD____,MD,Theis confined,2017-12-21 00:00:00,22.54652777777778,0.03879731,0.011825420088,0.051188466000242176,0.015602244436873816,-0.13062842128190688,1.0,4.8
bMD____,MD,Theis confined,2017-12-21 12:00:00,23.04652777777778,0.077595697,0.0236511684456,0.050071697556367124,0.015261853415180701,0.24297974312396597,1.0,4.8
bMD____,MD,Theis confined,2017-12-22 00:00:00,23.54652777777778,0.0744127463,0.02268100507224,0.04900226059452465,0.014935889029211113,0.2284619531128147,1.0,4.8
bMD____,MD,Theis confined,2017-12-22 12:00:00,24.04652777777778,0.079010802,0.0240824924496,0.04797724041115148,0.014623462877318971,0.2751609262940935,1.0,4.8
bMD____,MD,Theis confined,2017-12-23 00:00:00,24.54652777777778,0.04903648,0.014946319104,0.04699395319913001,0.014323756935094828,0.020839628702225443,1.0,4.8
bMD____,MD,Theis confined,2017-12-23 12:00:00,25.04652777777778,0.04660574,0.014205429552,0.04604992412014669,0.014036016871820711,0.005770060532436894,1.0,4.8
bMD____,MD,Theis confined,2017-12-24 00:00:00,25.54652777777778,0.03604488,0.010986479424,0.04514286775072061,0.013759546090419641,-0.10051061238232295,1.0,4.8
bMD____,MD,Theis confined,2017-12-24 12:00:00,26.04652777777778,0.01319875,0.004022979,0.04427067062191578,0.01349370040555993,-0.3998855967488759,1.0,4.8
bMD____,MD,Theis confined,2017-12-25 00:00:00,26.54652777777778,-0.0150227699999999,-0.0045789402959999,0.04343137560682457,0.01323788328496013,-0.9825299377443621,1.0,4.8
bMD____,MD,Theis confined,2017-12-25 12:00:00,27.04652777777778,0.03459249,0.010543790952,0.04262316794011578,0.01299154158814729,-0.09069381211040373,1.0,4.8
bMD____,MD,Theis confined,2017-12-26 00:00:00,27.54652777777778,0.065123237,0.0198495626376,0.04184436268057101,0.012754161745038045,0.2259077461708343,1.0,4.8
bMD____,MD,Theis confined,2017-12-26 12:00:00,28.04652777777778,0.077291114,0.0235583315472,0.04109339345089292,0.012525266323832163,0.334591417625941,1.0,4.8
bMD____,MD,Theis confined,2017-12-27 00:00:00,28.54652777777778,0.0573879,0.01749183192,0.04036880230951147,0.012304410943939095,0.17254841214627747,1.0,4.8
bMD____,MD,Theis confined,2017-12-27 12:00:00,29.04652777777778,0.068428245,0.020856929076,0.039669230626962794,0.01209118149509826,0.27817956486558826,1.0,4.8
bMD____,MD,Theis confined,2017-12-28 00:00:00,29.54652777777778,0.0738782749,0.02251809818952,0.038993410854988135,0.011885191628600383,0.330737097780728,1.0,4.8
bMD____,MD,Theis confined,2017-12-28 12:00:00,30.04652777777778,0.04195485,0.01278783828,0.03834015909007256,0.011686080490654116,0.04010288866641343,1.0,4.8
bMD____,MD,Theis confined,2017-12-29 00:00:00,30.54652777777778,0.03891809,0.011862233832,0.037708368344979114,0.011493510671549634,0.01369829393217481,1.0,4.8
bMD____,MD,Theis confined,2017-12-29 12:00:00,31.04652777777778,0.11214996,0.034183307808,0.03709700245215339,0.011307166347416353,0.6214991178173421,1.0,4.8
bMD____,MD,Theis confined,2017-12-30 00:00:00,31.54652777777778,0.1224791,0.03733162968,0.03650509053187758,0.011126751594116288,0.690072807424984,1.0,4.8
bMD____,MD,Theis confined,2017-12-30 12:00:00,32.046527777777776,0.12142471,0.037010251608,0.03593172196591133,0.010951988855209774,0.69059111117235,1.0,4.8
bMD____,MD,Theis confined,2017-12-31 00:00:00,32.546527777777776,0.11565835,0.03525266508,0.03537604182423008,0.010782617548025328,0.6628620142254142,1.0,4.8
bMD____,MD,Theis confined,2017-12-31 12:00:00,33.046527777777776,0.11798991,0.035963324568,0.03483724669847933,0.010618392793696502,0.6831692417762798,1.0,4.8
bMD____,MD,Theis confined,2018-01-01 00:00:00,33.546527777777776,0.10278873,0.031330004904,0.03431458090102534,0.010459084258632526,0.5945013029916071,1.0,4.8
bMD____,MD,Theis confined,2018-01-01 12:00:00,34.046527777777776,0.10330095,0.03148612956,0.03380733299309936,0.010304475096296686,0.6038824733140533,1.0,4.8
bMD____,MD,Hantush-Jacob leaky,2017-11-28 12:00:00,0.04652777777777778,0.0,0.0,3.59583684555384e-29,1.0960110705248105e-29,0.0,1.0,4.8
bMD____,MD,Hantush-Jacob leaky,2017-11-29 00:00:00,0.5465277777777777,0.02430297,0.007407545256,0.00019926885452690679,6.0737146859801194e-05,0.3921504620661511,1.0,4.8
bMD____,MD,Hantush-Jacob leaky,2017-11-29 12:00:00,1.0465277777777777,0.09776131,0.029797647288,0.003897593143164609,0.001187986390036573,1.0085123787776493,1.0,4.8
bMD____,MD,Hantush-Jacob leaky,2017-11-30 00:00:00,1.5465277777777777,0.1363459,0.04155823032,0.012465494128137706,0.003799482610256373,1.0929903137407773,1.0,4.8
bMD____,MD,Hantush-Jacob leaky,2017-11-30 12:00:00,2.046527777777778,0.068687069,0.0209358186312,0.023766172564798238,0.007243929397750503,0.47559009698715027,1.0,4.8
bMD____,MD,Hantush-Jacob leaky,2017-12-01 00:00:00,2.546527777777778,0.09317103,0.028398529944,0.03618546983440332,0.011029331205526134,0.5075383295357159,1.0,4.8
bMD____,MD,Hantush-Jacob leaky,2017-12-01 12:00:00,3.046527777777778,0.10979671,0.033466037208,0.048866091460651566,0.014894384677206598,0.4801361218635978,1.0,4.8
bMD____,MD,Hantush-Jacob leaky,2017-12-02 00:00:00,3.546527777777778,0.065495187,0.0199629329976,0.06138222183502476,0.018709301215315548,0.0362611318948769,1.0,4.8
bMD____,MD,Hantush-Jacob leaky,2017-12-02 12:00:00,4.0465277777777775,0.04839179,0.014749817592,0.07353059162028532,0.022412124325862964,-0.22753146520355072,1.0,4.8
bMD____,MD,Hantush-Jacob leaky,2017-12-03 00:00:00,4.5465277777777775,0.06362919,0.019394177112,0.0852220709849569,0.025975687236214864,-0.17397796971036827,1.0,4.8
bMD____,MD,Hantush-Jacob leaky,2017-12-03 12:00:00,5.0465277777777775,0.0910968,0.02776630464,0.09642654666554556,0.02939081142365829,-0.037077735121161304,1.0,4.8
bMD____,MD,Hantush-Jacob leaky,2017-12-04 00:00:00,5.5465277777777775,0.103003,0.0313953144,0.10714443005429618,0.03265762228054948,-0.026707790074143034,1.0,4.8
bMD____,MD,Hantush-Jacob leaky,2017-12-04 12:00:00,6.0465277777777775,0.06254342,0.019063234416,0.1173916046033562,0.03578096108310297,-0.3969969023470634,1.0,4.8
bMD____,MD,Hantush-Jacob leaky,2017-12-05 00:00:00,6.5465277777777775,0.06053265,0.01845035172,0.12704017239432552,0.03872184454579042,-0.47106571707474654,1.0,4.8
bMD____,MD,Hantush-Jacob leaky,2017-12-05 12:00:00,7.0465277777777775,0.081949435,0.024978187788,0.13297916399133308,0.04053204918455833,-0.3269535073730587,1.0,4.8
bMD____,MD,Hantush-Jacob leaky,2017-12-06 00:00:00,7.5465277777777775,0.11880353,0.036211315944,0.13358511204546278,0.040716742151457055,-0.08394289155602097,1.0,4.8
bMD____,MD,Hantush-Jacob leaky,2017-12-06 12:00:00,8.046527777777778,0.13409809,0.040873097832,0.13098829231584025,0.03992523149786811,0.017036367553037834,1.0,4.8
bMD____,MD,Hantush-Jacob leaky,2017-12-07 00:00:00,8.546527777777778,0.081990213,0.0249906169224,0.12687121524966338,0.038670346408097404,-0.29269409438862315,1.0,4.8
bMD____,MD,Hantush-Jacob leaky,2017-12-07 12:00:00,9.046527777777778,0.07099592,0.021639556416,0.12214308595434359,0.037229212598883926,-0.35256920004393777,1.0,4.8
bMD____,MD,Hantush-Jacob leaky,2017-12-08 00:00:00,9.546527777777778,0.05900509,0.017984751432,0.11726628168696081,0.035742762658185656,-0.428192465282494,1.0,4.8
bMD____,MD,Hantush-Jacob leaky,2017-12-08 12:00:00,10.046527777777778,0.0494718,0.01507900464,0.11247157219707574,0.034281335205668687,-0.49062885923135324,1.0,4.8
bMD____,MD,Hantush-Jacob leaky,2017-12-09 00:00:00,10.546527777777778,0.0523759,0.01596417432,0.10787023197408917,0.03287884670570238,-0.4331220455986111,1.0,4.8
bMD____,MD,Hantush-Jacob leaky,2017-12-09 12:00:00,11.046527777777778,0.067067674,0.0204422270352,0.10351109702919019,0.03155018237449717,-0.2710206799245567,1.0,4.8
bMD____,MD,Hantush-Jacob leaky,2017-12-10 00:00:00,11.546527777777778,0.05647651,0.017214040248,0.09941008823809262,0.030300194894970635,-0.33877039799818753,1.0,4.8
bMD____,MD,Hantush-Jacob leaky,2017-12-10 12:00:00,12.046527777777778,0.09150084,0.027889456032,0.09556584958705441,0.029128470954134185,-0.028322905250647068,1.0,4.8
bMD____,MD,Hantush-Jacob leaky,2017-12-11 00:00:00,12.546527777777778,0.12965607,0.039519170136,0.0919682051249152,0.028031908922074154,0.23544117595048775,1.0,4.8
bMD____,MD,Hantush-Jacob leaky,2017-12-11 12:00:00,13.046527777777778,0.12877183,0.039249653784,0.08860279855706374,0.027006133000193028,0.2544980218301238,1.0,4.8
bMD____,MD,Hantush-Jacob leaky,2017-12-12 00:00:00,13.546527777777778,0.081250355,0.024765108204,0.08545365260786299,0.02604627331487664,-0.031522928403854955,1.0,4.8
bMD____,MD,Hantush-Jacob leaky,2017-12-12 12:00:00,14.046527777777778,0.073327178,0.0223501238544,0.08250457130791049,0.025147393334651116,-0.07177633765160962,1.0,4.8
bMD____,MD,Hantush-Jacob leaky,2017-12-13 00:00:00,14.546527777777778,0.10658388,0.032486766624,0.07973988880103638,0.024304718106555892,0.1880602501443871,1.0,4.8
bMD____,MD,Hantush-Jacob leaky,2017-12-13 12:00:00,15.046527777777778,0.0375313,0.01143954024,0.07714484570082883,0.023513748969612627,-0.3733305102073796,1.0,4.8
bMD____,MD,Hantush-Jacob leaky,2017-12-14 00:00:00,15.546527777777778,-0.0293802599999999,-0.0089551032479999,0.07470575281689719,0.022770313458590263,-1.799708115484902,1.0,4.8
bMD____,MD,Hantush-Jacob leaky,2017-12-14 12:00:00,16.04652777777778,0.02762998,0.008421617904,0.07241003449902635,0.02207057851530323,-0.45542265513394886,1.0,4.8
bMD____,MD,Hantush-Jacob leaky,2017-12-15 00:00:00,16.54652777777778,0.12439068,0.037914279264,0.07024620540429372,0.021411043407228728,0.37175671708139557,1.0,4.8
bMD____,MD,Hantush-Jacob leaky,2017-12-15 12:00:00,17.04652777777778,0.11067654,0.033734209392,0.06820381224137674,0.020788521971171633,0.30698291885951967,1.0,4.8
bMD____,MD,Hantush-Jacob leaky,2017-12-16 00:00:00,17.54652777777778,0.069987218,0.0213321040464,0.06627335898498479,0.020200119818623366,0.03144125865460179,1.0,4.8
bMD____,MD,Hantush-Jacob leaky,2017-12-16 12:00:00,18.04652777777778,0.065567642,0.0199850172816,0.06444622630309367,0.01964320977718295,0.009750930155433934,1.0,4.8
bMD____,MD,Hantush-Jacob leaky,2017-12-17 00:00:00,18.54652777777778,0.13199117,0.040230908616,0.06271459130748767,0.019115407430522244,0.47909928640964106,1.0,4.8
bMD____,MD,Hantush-Jacob leaky,2017-12-17 12:00:00,19.04652777777778,0.08567358,0.026113307184,0.06107135096091098,0.018614547772885667,0.20007905745349497,1.0,4.8
bMD____,MD,Hantush-Jacob leaky,2017-12-18 00:00:00,19.54652777777778,0.09239921,0.028163279208,0.05951005081233637,0.018138663487600126,0.26261811792488965,1.0,4.8
bMD____,MD,Hantush-Jacob leaky,2017-12-18 12:00:00,20.04652777777778,0.0624782,0.01904335536,0.05802481974619047,0.017685965058638856,0.040398411903250775,1.0,4.8
bMD____,MD,Hantush-Jacob leaky,2017-12-19 00:00:00,20.54652777777778,0.066569256,0.0202903092288,0.056610310857622755,0.017254822749403417,0.08930533668283003,1.0,4.8
bMD____,MD,Hantush-Jacob leaky,2017-12-19 12:00:00,21.04652777777778,0.069432261,0.0211629531528,0.05526164824352841,0.01684375038462746,0.1263002185065436,1.0,4.8
bMD____,MD,Hantush-Jacob leaky,2017-12-20 00:00:00,21.54652777777778,0.10109697,0.030814356456,0.0539743793296475,0.01645139081967656,0.3737772999405178,1.0,4.8
bMD____,MD,Hantush-Jacob leaky,2017-12-20 12:00:00,22.04652777777778,0.04738945,0.01444430436,0.052744432276992596,0.016076502958027344,-0.053526776262842635,1.0,4.8
bMD____,MD,Hantush-Jacob leaky,2017-12-21 00:00:00,22.54652777777778,0.03879731,0.011825420088,0.0515680779885924,0.015717950170922965,-0.1343729360032504,1.0,4.8
bMD____,MD,Hantush-Jacob leaky,2017-12-21 12:00:00,23.04652777777778,0.077595697,0.0236511684456,0.050441896246817094,0.015374689976029851,0.23928723426155107,1.0,4.8
bMD____,MD,Hantush-Jacob leaky,2017-12-22 00:00:00,23.54652777777778,0.0744127463,0.02268100507224,0.049362745538039404,0.01504576483999441,0.22482738724478368,1.0,4.8
bMD____,MD,Hantush-Jacob leaky,2017-12-22 12:00:00,24.04652777777778,0.079010802,0.0240824924496,0.048327736156289325,0.014730293980436987,0.2715899916829163,1.0,4.8
bMD____,MD,Hantush-Jacob leaky,2017-12-23 00:00:00,24.54652777777778,0.04903648,0.014946319104,0.04733420621558456,0.014427466054510174,0.01733778558091137,1.0,4.8
bMD____,MD,Hantush-Jacob leaky,2017-12-23 12:00:00,25.04652777777778,0.04660574,0.014205429552,0.04637970023864321,0.014136532632738452,0.002342558738575473,1.0,4.8
bMD____,MD,Hantush-Jacob leaky,2017-12-24 00:00:00,25.54652777777778,0.03604488,0.010986479424,0.04546195002595662,0.013856802367911578,-0.10385871844836059,1.0,4.8
bMD____,MD,Hantush-Jacob leaky,2017-12-24 12:00:00,26.04652777777778,0.01319875,0.004022979,0.04457885754282149,0.01358763577905199,-0.40314943539845505,1.0,4.8
bMD____,MD,Hantush-Jacob leaky,2017-12-25 00:00:00,26.54652777777778,-0.0150227699999999,-0.0045789402959999,0.04372847959250237,0.013328440579794723,-0.9857048091389138,1.0,4.8
bMD____,MD,Hantush-Jacob leaky,2017-12-25 12:00:00,27.04652777777778,0.03459249,0.010543790952,0.04290901407116119,0.01307866748888993,-0.09377517895596243,1.0,4.8
bMD____,MD,Hantush-Jacob leaky,2017-12-26 00:00:00,27.54652777777778,0.065123237,0.0198495626376,0.042118787624624586,0.012837806467985574,0.22292426662988918,1.0,4.8
bMD____,MD,Hantush-Jacob leaky,2017-12-26 12:00:00,28.04652777777778,0.077291114,0.0235583315472,0.041356244548692564,0.012605383338441495,0.3317100605288754,1.0,4.8
bMD____,MD,Hantush-Jacob leaky,2017-12-27 00:00:00,28.54652777777778,0.0573879,0.01749183192,0.04061993679373764,0.012380956734731233,0.16977327103369166,1.0,4.8
bMD____,MD,Hantush-Jacob leaky,2017-12-27 12:00:00,29.04652777777778,0.068428245,0.020856929076,0.0399085149510814,0.012164115357089611,0.27551459694357927,1.0,4.8
bMD____,MD,Hantush-Jacob leaky,2017-12-28 00:00:00,29.54652777777778,0.0738782749,0.02251809818952,0.03922072011330551,0.011954475490535521,0.3281861285579266,1.0,4.8
bMD____,MD,Hantush-Jacob leaky,2017-12-28 12:00:00,30.04652777777778,0.04195485,0.01278783828,0.038555376513506115,0.011751678761316664,0.037669616069818,1.0,4.8
bMD____,MD,Hantush-Jacob leaky,2017-12-29 00:00:00,30.54652777777778,0.03891809,0.011862233832,0.03791138485974096,0.011555390105249044,0.011386291990592934,1.0,4.8
bMD____,MD,Hantush-Jacob leaky,2017-12-29 12:00:00,31.04652777777778,0.11214996,0.034183307808,0.03728771629076625,0.011365295925425553,0.6193118399867865,1.0,4.8
bMD____,MD,Hantush-Jacob leaky,2017-12-30 00:00:00,31.54652777777778,0.1224791,0.03733162968,0.0366834068877675,0.011181102419391534,0.6880135896182891,1.0,4.8
bMD____,MD,Hantush-Jacob leaky,2017-12-30 12:00:00,32.046527777777776,0.12142471,0.037010251608,0.03609755268432918,0.011002534058183536,0.6886631745450491,1.0,4.8
bMD____,MD,Hantush-Jacob leaky,2017-12-31 00:00:00,32.546527777777776,0.11565835,0.03525266508,0.035529305123504634,0.010829332201644212,0.6610684677612846,1.0,4.8
bMD____,MD,Hantush-Jacob leaky,2017-12-31 12:00:00,33.046527777777776,0.11798991,0.035963324568,0.034977866916631725,0.01066125383618935,0.6815130847087429,1.0,4.8
bMD____,MD,Hantush-Jacob leaky,2018-01-01 00:00:00,33.546527777777776,0.10278873,0.031330004904,0.034442488263631284,0.010498070422754816,0.5929854270910351,1.0,4.8
bMD____,MD,Hantush-Jacob leaky,2018-01-01 12:00:00,34.046527777777776,0.10330095,0.03148612956,0.0339224633989949,0.010339566844013645,0.6025096650658677,1.0,4.8
bMD____,MD,Lagging Darcy no-leakage,2017-11-28 12:00:00,0.04652777777777778,0.0,0.0,4.685260365516926e-05,1.428067359409559e-05,-0.000936613313881729,1.0,4.8
bMD____,MD,Lagging Darcy no-leakage,2017-11-29 00:00:00,0.5465277777777777,0.02430297,0.007407545256,0.03745995632915195,0.011417794689125516,-0.1630301226540709,1.0,4.8
bMD____,MD,Lagging Darcy no-leakage,2017-11-29 12:00:00,1.0465277777777777,0.09776131,0.029797647288,0.05727731766282093,0.01745812642362782,0.32018096606203406,1.0,4.8
bMD____,MD,Lagging Darcy no-leakage,2017-11-30 00:00:00,1.5465277777777777,0.1363459,0.04155823032,0.06549689220870297,0.019963452745212665,0.47836100175747065,1.0,4.8
bMD____,MD,Lagging Darcy no-leakage,2017-11-30 12:00:00,2.046527777777778,0.068687069,0.0209358186312,0.07127461247700637,0.02172450188299154,-0.021567141538123114,1.0,4.8
bMD____,MD,Lagging Darcy no-leakage,2017-12-01 00:00:00,2.546527777777778,0.09317103,0.028398529944,0.07647184525040633,0.02330861843232385,0.12402021338560365,1.0,4.8
bMD____,MD,Lagging Darcy no-leakage,2017-12-01 12:00:00,3.046527777777778,0.10979671,0.033466037208,0.08153265809571218,0.024851154187573075,0.19464727356327494,1.0,4.8
bMD____,MD,Lagging Darcy no-leakage,2017-12-02 00:00:00,3.546527777777778,0.065495187,0.0199629329976,0.08657820573940642,0.02638903710937108,-0.16766852828186085,1.0,4.8
bMD____,MD,Lagging Darcy no-leakage,2017-12-02 12:00:00,4.0465277777777775,0.04839179,0.014749817592,0.09164372037796803,0.027933005971204655,-0.36435752771658736,1.0,4.8
bMD____,MD,Lagging Darcy no-leakage,2017-12-03 00:00:00,4.5465277777777775,0.06362919,0.019394177112,0.09673903864057663,0.02948605897764776,-0.25571533431145,1.0,4.8
bMD____,MD,Lagging Darcy no-leakage,2017-12-03 12:00:00,5.0465277777777775,0.0910968,0.02776630464,0.10186607063256935,0.03104877832880714,-0.07355283852702499,1.0,4.8
bMD____,MD,Lagging Darcy no-leakage,2017-12-04 00:00:00,5.5465277777777775,0.103003,0.0313953144,0.10702427030894995,0.03262099759016795,-0.025942852312575315,1.0,4.8
bMD____,MD,Lagging Darcy no-leakage,2017-12-04 12:00:00,6.0465277777777775,0.06254342,0.019063234416,0.11218918040062022,0.03419526218610904,-0.36542433141979913,1.0,4.8
bMD____,MD,Lagging Darcy no-leakage,2017-12-05 00:00:00,6.5465277777777775,0.06053265,0.01845035172,0.08168892772331393,0.02489878517006609,-0.17513158083162095,1.0,4.8
bMD____,MD,Lagging Darcy no-leakage,2017-12-05 12:00:00,7.0465277777777775,0.081949435,0.024978187788,0.06595006140948534,0.020101578717611132,0.12925918769339395,1.0,4.8
bMD____,MD,Lagging Darcy no-leakage,2017-12-06 00:00:00,7.5465277777777775,0.11880353,0.036211315944,0.06276244004011794,0.019129991724227947,0.40345218901886826,1.0,4.8
bMD____,MD,Lagging Darcy no-leakage,2017-12-06 12:00:00,8.046527777777778,0.13409809,0.040873097832,0.06222595822490083,0.018966472066949774,0.49495439033098076,1.0,4.8
bMD____,MD,Lagging Darcy no-leakage,2017-12-07 00:00:00,8.546527777777778,0.081990213,0.0249906169224,0.06233513243669225,0.0189997483667038,0.161241118585274,1.0,4.8
bMD____,MD,Lagging Darcy no-leakage,2017-12-07 12:00:00,9.046527777777778,0.07099592,0.021639556416,0.0626145969272751,0.01908492914343345,0.07178548348295966,1.0,4.8
bMD____,MD,Lagging Darcy no-leakage,2017-12-08 00:00:00,9.546527777777778,0.05900509,0.017984751432,0.06293461080420276,0.019182469373121003,-0.035414407384771085,1.0,4.8
bMD____,MD,Lagging Darcy no-leakage,2017-12-08 12:00:00,10.046527777777778,0.0494718,0.01507900464,0.06325681429350251,0.019280676996659567,-0.12978374600612552,1.0,4.8
bMD____,MD,Lagging Darcy no-leakage,2017-12-09 00:00:00,10.546527777777778,0.0523759,0.01596417432,0.06356974701792073,0.01937605889106224,-0.10376582601450934,1.0,4.8
bMD____,MD,Lagging Darcy no-leakage,2017-12-09 12:00:00,11.046527777777778,0.067067674,0.0204422270352,0.06387032781346927,0.019467675917545432,0.027691852181424892,1.0,4.8
bMD____,MD,Lagging Darcy no-leakage,2017-12-10 00:00:00,11.546527777777778,0.05647651,0.017214040248,0.06415807235890597,0.01955538045499454,-0.06965969015095252,1.0,4.8
bMD____,MD,Lagging Darcy no-leakage,2017-12-10 12:00:00,12.046527777777778,0.09150084,0.027889456032,0.06443320891868898,0.0196392420784164,0.21231432889029334,1.0,4.8
bMD____,MD,Lagging Darcy no-leakage,2017-12-11 00:00:00,12.546527777777778,0.12965607,0.039519170136,0.06469607058327757,0.019719362313783004,0.4487585355714958,1.0,4.8
bMD____,MD,Lagging Darcy no-leakage,2017-12-11 12:00:00,13.046527777777778,0.12877183,0.039249653784,0.06494692070766635,0.019795821431696704,0.4416398372431787,1.0,4.8
bMD____,MD,Lagging Darcy no-leakage,2017-12-12 00:00:00,13.546527777777778,0.081250355,0.024765108204,0.06518592440267151,0.019868669757934276,0.13055904943785057,1.0,4.8
bMD____,MD,Lagging Darcy no-leakage,2017-12-12 12:00:00,14.046527777777778,0.073327178,0.0223501238544,0.065413165162312,0.0199379327414727,0.06632237718723433,1.0,4.8
bMD____,MD,Lagging Darcy no-leakage,2017-12-13 00:00:00,14.546527777777778,0.10658388,0.032486766624,0.06562867119985889,0.020003618981716993,0.3032078945918659,1.0,4.8
bMD____,MD,Lagging Darcy no-leakage,2017-12-13 12:00:00,15.046527777777778,0.0375313,0.01143954024,0.06583243977754281,0.02006572764419505,-0.28014821847149207,1.0,4.8
bMD____,MD,Lagging Darcy no-leakage,2017-12-14 00:00:00,15.546527777777778,-0.0293802599999999,-0.0089551032479999,0.06602445642302213,0.020124254317737143,-1.7275521307255608,1.0,4.8
bMD____,MD,Lagging Darcy no-leakage,2017-12-14 12:00:00,16.04652777777778,0.02762998,0.008421617904,0.0662047089335413,0.020179195282943388,-0.40339967519655984,1.0,4.8
bMD____,MD,Lagging Darcy no-leakage,2017-12-15 00:00:00,16.54652777777778,0.12439068,0.037914279264,0.06637319698262338,0.020230550440303606,0.4044958273702841,1.0,4.8
bMD____,MD,Lagging Darcy no-leakage,2017-12-15 12:00:00,17.04652777777778,0.11067654,0.033734209392,0.06652993829355863,0.020278325191876674,0.32124505472416676,1.0,4.8
bMD____,MD,Lagging Darcy no-leakage,2017-12-16 00:00:00,17.54652777777778,0.069987218,0.0213321040464,0.06667497224292616,0.020322531539643897,0.027993166507008116,1.0,4.8
bMD____,MD,Lagging Darcy no-leakage,2017-12-16 12:00:00,18.04652777777778,0.065567642,0.0199850172816,0.06680836159140047,0.020363188613058865,-0.010678653238855862,1.0,4.8
bMD____,MD,Lagging Darcy no-leakage,2017-12-17 00:00:00,18.54652777777778,0.13199117,0.040230908616,0.06693019288305603,0.02040032279075548,0.44238105470540434,1.0,4.8
bMD____,MD,Lagging Darcy no-leakage,2017-12-17 12:00:00,19.04652777777778,0.08567358,0.026113307184,0.06704057591857607,0.020433967539981987,0.14773117630865285,1.0,4.8
bMD____,MD,Lagging Darcy no-leakage,2017-12-18 00:00:00,19.54652777777778,0.09239921,0.028163279208,0.0671396426060517,0.020464163066324557,0.19526770155105888,1.0,4.8
bMD____,MD,Lagging Darcy no-leakage,2017-12-18 12:00:00,20.04652777777778,0.0624782,0.01904335536,0.06722754541176064,0.020490955841504642,-0.041357453549125456,1.0,4.8
bMD____,MD,Lagging Darcy no-leakage,2017-12-19 00:00:00,20.54652777777778,0.066569256,0.0202903092288,0.06730445557315472,0.020514398058697557,-0.006287170883695126,1.0,4.8
bMD____,MD,Lagging Darcy no-leakage,2017-12-19 12:00:00,21.04652777777778,0.069432261,0.0211629531528,0.06737056119194546,0.020534547051304974,0.017413237600547138,1.0,4.8
bMD____,MD,Lagging Darcy no-leakage,2017-12-20 00:00:00,21.54652777777778,0.10109697,0.030814356456,0.06742606529012238,0.020551464700429303,0.2521129121710439,1.0,4.8
bMD____,MD,Lagging Darcy no-leakage,2017-12-20 12:00:00,22.04652777777778,0.04738945,0.01444430436,0.06747118388871506,0.02056521684928035,-0.18747517144671377,1.0,4.8
bMD____,MD,Lagging Darcy no-leakage,2017-12-21 00:00:00,22.54652777777778,0.03879731,0.011825420088,0.06750614414967679,0.020575872736821488,-0.28013426610615744,1.0,4.8
bMD____,MD,Lagging Darcy no-leakage,2017-12-21 12:00:00,23.04652777777778,0.077595697,0.0236511684456,0.0675311826069202,0.02058350445858928,0.08216296550671709,1.0,4.8
bMD____,MD,Lagging Darcy no-leakage,2017-12-22 00:00:00,23.54652777777778,0.0744127463,0.02268100507224,0.06754654350474833,0.020588186460247293,0.056770267189401036,1.0,4.8
bMD____,MD,Lagging Darcy no-leakage,2017-12-22 12:00:00,24.04652777777778,0.079010802,0.0240824924496,0.06755247725183572,0.02058999506635953,0.09301128849938145,1.0,4.8
bMD____,MD,Lagging Darcy no-leakage,2017-12-23 00:00:00,24.54652777777778,0.04903648,0.014946319104,0.06754923899552145,0.02058900804583494,-0.17136903397689895,1.0,4.8
bMD____,MD,Lagging Darcy no-leakage,2017-12-23 12:00:00,25.04652777777778,0.04660574,0.014205429552,0.06753708731751745,0.02058530421437932,-0.19611576078323312,1.0,4.8
bMD____,MD,Lagging Darcy no-leakage,2017-12-24 00:00:00,25.54652777777778,0.03604488,0.010986479424,0.06751628304688811,0.020578963072691497,-0.3117078825086592,1.0,4.8
bMD____,MD,Lagging Darcy no-leakage,2017-12-24 12:00:00,26.04652777777778,0.01319875,0.004022979,0.06748708818852092,0.020570064479861178,-0.6200439173126404,1.0,4.8
bMD____,MD,Lagging Darcy no-leakage,2017-12-25 00:00:00,26.54652777777778,-0.0150227699999999,-0.0045789402959999,0.06744976495877315,0.020558688359434057,-1.211313431553045,1.0,4.8
bMD____,MD,Lagging Darcy no-leakage,2017-12-25 12:00:00,27.04652777777778,0.03459249,0.010543790952,0.06740457492542863,0.020544914437270648,-0.3277803833489026,1.0,4.8
bMD____,MD,Lagging Darcy no-leakage,2017-12-26 00:00:00,27.54652777777778,0.065123237,0.0198495626376,0.06735177824245052,0.02052882200829892,-0.01917289483633766,1.0,4.8
bMD____,MD,Lagging Darcy no-leakage,2017-12-26 12:00:00,28.04652777777778,0.077291114,0.0235583315472,0.06729163297418508,0.020510489730531614,0.08181327654149939,1.0,4.8
bMD____,MD,Lagging Darcy no-leakage,2017-12-27 00:00:00,28.54652777777778,0.0573879,0.01749183192,0.06722439450281485,0.020489995444457967,-0.08764248692033272,1.0,4.8
bMD____,MD,Lagging Darcy no-leakage,2017-12-27 12:00:00,29.04652777777778,0.068428245,0.020856929076,0.06715031501056948,0.020467416015221576,0.010849395842405407,1.0,4.8
bMD____,MD,Lagging Darcy no-leakage,2017-12-28 00:00:00,29.54652777777778,0.0738782749,0.02251809818952,0.06706964303216902,0.02044282719620512,0.0565304321307778,1.0,4.8
bMD____,MD,Lagging Darcy no-leakage,2017-12-28 12:00:00,30.04652777777778,0.04195485,0.01278783828,0.06698262307072775,0.02041630351195782,-0.24072770728749893,1.0,4.8
bMD____,MD,Lagging Darcy no-leakage,2017-12-29 00:00:00,30.54652777777778,0.03891809,0.011862233832,0.06688949527131026,0.020387918158695367,-0.27351339474700076,1.0,4.8
bMD____,MD,Lagging Darcy no-leakage,2017-12-29 12:00:00,31.04652777777778,0.11214996,0.034183307808,0.06679049514631502,0.02035774292059682,0.32813989615726413,1.0,4.8
bMD____,MD,Lagging Darcy no-leakage,2017-12-30 00:00:00,31.54652777777778,0.1224791,0.03733162968,0.06668585334888995,0.02032584810074166,0.39079076014079517,1.0,4.8
bMD____,MD,Lagging Darcy no-leakage,2017-12-30 12:00:00,32.046527777777776,0.12142471,0.037010251608,0.0665757954884256,0.020292302464872125,0.38560249496218146,1.0,4.8
bMD____,MD,Lagging Darcy no-leakage,2017-12-31 00:00:00,32.546527777777776,0.11565835,0.03525266508,0.0664605419848959,0.02025717319699627,0.3523750147342608,1.0,4.8
bMD____,MD,Lagging Darcy no-leakage,2017-12-31 12:00:00,33.046527777777776,0.11798991,0.035963324568,0.06634030795670916,0.020220525865204952,0.3673843325560422,1.0,4.8
bMD____,MD,Lagging Darcy no-leakage,2018-01-01 00:00:00,33.546527777777776,0.10278873,0.031330004904,0.06621530314005324,0.020182424397088228,0.27361158516307205,1.0,4.8
bMD____,MD,Lagging Darcy no-leakage,2018-01-01 12:00:00,34.046527777777776,0.10330095,0.03148612956,0.06608573183502828,0.02014293106331662,0.2780739971841295,1.0,4.8
bMD____,MD,Lagging Darcy with leakage,2017-11-28 12:00:00,0.04652777777777778,0.0,0.0,4.704975977129635e-05,1.4340766778291128e-05,-0.0009405527369930056,1.0,4.8
bMD____,MD,Lagging Darcy with leakage,2017-11-29 00:00:00,0.5465277777777777,0.02430297,0.007407545256,0.03745641432384065,0.01141671508590663,-0.16298962323942412,1.0,4.8
bMD____,MD,Lagging Darcy with leakage,2017-11-29 12:00:00,1.0465277777777777,0.09776131,0.029797647288,0.057279396310822316,0.017458759995538642,0.3201615898517729,1.0,4.8
bMD____,MD,Lagging Darcy with leakage,2017-11-30 00:00:00,1.5465277777777777,0.1363459,0.04155823032,0.06549984147651236,0.01996435168204097,0.4783354666101767,1.0,4.8
bMD____,MD,Lagging Darcy with leakage,2017-11-30 12:00:00,2.046527777777778,0.068687069,0.0209358186312,0.07127738066424194,0.021725345626460946,-0.021589967054416626,1.0,4.8
bMD____,MD,Lagging Darcy with leakage,2017-12-01 00:00:00,2.546527777777778,0.09317103,0.028398529944,0.07647420999306034,0.023309339205884794,0.1240015157810741,1.0,4.8
bMD____,MD,Lagging Darcy with leakage,2017-12-01 12:00:00,3.046527777777778,0.10979671,0.033466037208,0.08153457871788992,0.02485173959321285,0.19463267180441646,1.0,4.8
bMD____,MD,Lagging Darcy with leakage,2017-12-02 00:00:00,3.546527777777778,0.065495187,0.0199629329976,0.08657968416892377,0.026389487734687966,-0.1676793530068421,1.0,4.8
bMD____,MD,Lagging Darcy with leakage,2017-12-02 12:00:00,4.0465277777777775,0.04839179,0.014749817592,0.0916447680072606,0.02793332528861303,-0.36436492391753106,1.0,4.8
bMD____,MD,Lagging Darcy with leakage,2017-12-03 00:00:00,4.5465277777777775,0.06362919,0.019394177112,0.09673966807069728,0.029486250827948535,-0.25571962375464485,1.0,4.8
bMD____,MD,Lagging Darcy with leakage,2017-12-03 12:00:00,5.0465277777777775,0.0910968,0.02776630464,0.10186629383787642,0.031048846361784732,-0.07355430827693077,1.0,4.8
bMD____,MD,Lagging Darcy with leakage,2017-12-04 00:00:00,5.5465277777777775,0.103003,0.0313953144,0.10702409851467043,0.03262094522727155,-0.025941758250025426,1.0,4.8
bMD____,MD,Lagging Darcy with leakage,2017-12-04 12:00:00,6.0465277777777775,0.06254342,0.019063234416,0.11218865597490914,0.034195102341152306,-0.3654210979947483,1.0,4.8
bMD____,MD,Lagging Darcy with leakage,2017-12-05 00:00:00,6.5465277777777775,0.06053265,0.01845035172,0.08169205241435556,0.02489973757589558,-0.1751553083691233,1.0,4.8
bMD____,MD,Lagging Darcy with leakage,2017-12-05 12:00:00,7.0465277777777775,0.081949435,0.024978187788,0.06594680109016215,0.020100584972281427,0.12928730639485675,1.0,4.8
bMD____,MD,Lagging Darcy with leakage,2017-12-06 00:00:00,7.5465277777777775,0.11880353,0.036211315944,0.06275785246868708,0.01912859343245582,0.4034928733526857,1.0,4.8
bMD____,MD,Lagging Darcy with leakage,2017-12-06 12:00:00,8.046527777777778,0.13409809,0.040873097832,0.06222118990843888,0.018965018684092172,0.49499687976782436,1.0,4.8
bMD____,MD,Lagging Darcy with leakage,2017-12-07 00:00:00,8.546527777777778,0.081990213,0.0249906169224,0.06233043577148333,0.01899831682314812,0.16128292886574602,1.0,4.8
bMD____,MD,Lagging Darcy with leakage,2017-12-07 12:00:00,9.046527777777778,0.07099592,0.021639556416,0.06261002984013522,0.019083537095273218,0.07182603932453047,1.0,4.8
bMD____,MD,Lagging Darcy with leakage,2017-12-08 00:00:00,9.546527777777778,0.05900509,0.017984751432,0.06293018627604843,0.019181120776939564,-0.035375228830059946,1.0,4.8
bMD____,MD,Lagging Darcy with leakage,2017-12-08 12:00:00,10.046527777777778,0.0494718,0.01507900464,0.0632525358278503,0.019279372920328774,-0.12974596861944887,1.0,4.8
bMD____,MD,Lagging Darcy with leakage,2017-12-09 00:00:00,10.546527777777778,0.0523759,0.01596417432,0.06356561745756478,0.019374800201065745,-0.10372946390624893,1.0,4.8
bMD____,MD,Lagging Darcy with leakage,2017-12-09 12:00:00,11.046527777777778,0.067067674,0.0204422270352,0.06386635129194346,0.019466463873784368,0.02772677428129766,1.0,4.8
bMD____,MD,Lagging Darcy with leakage,2017-12-10 00:00:00,11.546527777777778,0.05647651,0.017214040248,0.06415425441115144,0.01955421674451896,-0.06962624519588667,1.0,4.8
bMD____,MD,Lagging Darcy with leakage,2017-12-10 12:00:00,12.046527777777778,0.09150084,0.027889456032,0.06442955613410056,0.019638128709673852,0.21234625006880314,1.0,4.8
bMD____,MD,Lagging Darcy with leakage,2017-12-11 00:00:00,12.546527777777778,0.12965607,0.039519170136,0.06469259019442976,0.01971830149126219,0.4487888804790101,1.0,4.8
bMD____,MD,Lagging Darcy with leakage,2017-12-11 12:00:00,13.046527777777778,0.12877183,0.039249653784,0.06494362022235176,0.019794815443772817,0.44166855078051226,1.0,4.8
bMD____,MD,Lagging Darcy with leakage,2017-12-12 00:00:00,13.546527777777778,0.081250355,0.024765108204,0.06518281130198712,0.019867720884845674,0.1305860765487563,1.0,4.8
bMD____,MD,Lagging Darcy with leakage,2017-12-12 12:00:00,14.046527777777778,0.073327178,0.0223501238544,0.06541024666159607,0.019937043182454484,0.06634766492293709,1.0,4.8
bMD____,MD,Lagging Darcy with leakage,2017-12-13 00:00:00,14.546527777777778,0.10658388,0.032486766624,0.06562595406456696,0.02000279079888001,0.3032313936703295,1.0,4.8
bMD____,MD,Lagging Darcy with leakage,2017-12-13 12:00:00,15.046527777777778,0.0375313,0.01143954024,0.06582993018424761,0.020064962720158674,-0.2801265525160268,1.0,4.8
bMD____,MD,Lagging Darcy with leakage,2017-12-14 00:00:00,15.546527777777778,-0.0293802599999999,-0.0089551032479999,0.06602215985770443,0.020123554324628312,-1.727532336725936,1.0,4.8
bMD____,MD,Lagging Darcy with leakage,2017-12-14 12:00:00,16.04652777777778,0.02762998,0.008421617904,0.06620263012082891,0.020178561660828653,-0.4033817858069999,1.0,4.8
bMD____,MD,Lagging Darcy with leakage,2017-12-15 00:00:00,16.54652777777778,0.12439068,0.037914279264,0.06637133983972529,0.02022998438314827,0.4045117860082268,1.0,4.8
bMD____,MD,Lagging Darcy with leakage,2017-12-15 12:00:00,17.04652777777778,0.11067654,0.033734209392,0.06652830590449582,0.020277827639690327,0.32125906314569663,1.0,4.8
bMD____,MD,Lagging Darcy with leakage,2017-12-16 00:00:00,17.54652777777778,0.069987218,0.0213321040464,0.06667356684927628,0.02032210317565941,0.028005211953320952,1.0,4.8
bMD____,MD,Lagging Darcy with leakage,2017-12-16 12:00:00,18.04652777777778,0.065567642,0.0199850172816,0.0668071845965632,0.02036282986503246,-0.010668576898847704,1.0,4.8
bMD____,MD,Lagging Darcy with leakage,2017-12-17 00:00:00,18.54652777777778,0.13199117,0.040230908616,0.06692924486671124,0.020400033835373588,0.4423891622793721,1.0,4.8
bMD____,MD,Lagging Darcy with leakage,2017-12-17 12:00:00,19.04652777777778,0.08567358,0.026113307184,0.06703985665938997,0.020433748309782063,0.1477373217107112,1.0,4.8
bMD____,MD,Lagging Darcy with leakage,2017-12-18 00:00:00,19.54652777777778,0.09239921,0.028163279208,0.06713915111126767,0.020464013258714386,0.19527189736217965,1.0,4.8
bMD____,MD,Lagging Darcy with leakage,2017-12-18 12:00:00,20.04652777777778,0.0624782,0.01904335536,0.06722727995115467,0.020490874929111946,-0.04135518905654756,1.0,4.8
bMD____,MD,Lagging Darcy with leakage,2017-12-19 00:00:00,20.54652777777778,0.066569256,0.0202903092288,0.06730441371684528,0.020514385300894444,-0.006286814065902924,1.0,4.8
bMD____,MD,Lagging Darcy with leakage,2017-12-19 12:00:00,21.04652777777778,0.069432261,0.0211629531528,0.0673707398503648,0.020534601506391192,0.01741171542768205,1.0,4.8
bMD____,MD,Lagging Darcy with leakage,2017-12-20 00:00:00,21.54652777777778,0.10109697,0.030814356456,0.06742646075563508,0.02055158523831757,0.25210954439366207,1.0,4.8
bMD____,MD,Lagging Darcy with leakage,2017-12-20 12:00:00,22.04652777777778,0.04738945,0.01444430436,0.06747179187830153,0.020565402164506308,-0.18748034708207362,1.0,4.8
bMD____,MD,Lagging Darcy with leakage,2017-12-21 00:00:00,22.54652777777778,0.03879731,0.011825420088,0.06750695984721547,0.020576121361431277,-0.28014120782578766,1.0,4.8
bMD____,MD,Lagging Darcy with leakage,2017-12-21 12:00:00,23.04652777777778,0.077595697,0.0236511684456,0.06753220070568632,0.02058381477509319,0.08215430317273897,1.0,4.8
bMD____,MD,Lagging Darcy with leakage,2017-12-22 00:00:00,23.54652777777778,0.0744127463,0.02268100507224,0.06754775824898675,0.020588556714291162,0.05675993308747351,1.0,4.8
bMD____,MD,Lagging Darcy with leakage,2017-12-22 12:00:00,24.04652777777778,0.079010802,0.0240824924496,0.067553882477085,0.02059042337901551,0.09299933454585219,1.0,4.8
bMD____,MD,Lagging Darcy with leakage,2017-12-23 00:00:00,24.54652777777778,0.04903648,0.014946319104,0.06755082816844392,0.020589492425741707,-0.17138255309615458,1.0,4.8
bMD____,MD,Lagging Darcy with leakage,2017-12-23 12:00:00,25.04652777777778,0.04660574,0.014205429552,0.0675388535732083,0.020585842569113888,-0.19613078789050897,1.0,4.8
bMD____,MD,Lagging Darcy with leakage,2017-12-24 00:00:00,25.54652777777778,0.03604488,0.010986479424,0.06751821922559263,0.020579553219960633,-0.3117243582063618,1.0,4.8
bMD____,MD,Lagging Darcy with leakage,2017-12-24 12:00:00,26.04652777777778,0.01319875,0.004022979,0.06748918686996326,0.020570704157964803,-0.6200617802346895,1.0,4.8
bMD____,MD,Lagging Darcy with leakage,2017-12-25 00:00:00,26.54652777777778,-0.0150227699999999,-0.0045789402959999,0.0674520184954186,0.020559375237403588,-1.2113326186074165,1.0,4.8
bMD____,MD,Lagging Darcy with leakage,2017-12-25 12:00:00,27.04652777777778,0.03459249,0.010543790952,0.0674069754733665,0.020545646124282113,-0.32780082994051085,1.0,4.8
bMD____,MD,Lagging Darcy with leakage,2017-12-26 00:00:00,27.54652777777778,0.065123237,0.0198495626376,0.06735431779082945,0.020529596062644817,-0.01919453507851232,1.0,4.8
bMD____,MD,Lagging Darcy with leakage,2017-12-26 12:00:00,28.04652777777778,0.077291114,0.0235583315472,0.06729430337309396,0.02051130366811904,0.0817905096275866,1.0,4.8
bMD____,MD,Lagging Darcy with leakage,2017-12-27 00:00:00,28.54652777777778,0.0573879,0.01749183192,0.06722718748894589,0.02049084674663071,-0.08766631261694302,1.0,4.8
bMD____,MD,Lagging Darcy with leakage,2017-12-27 12:00:00,29.04652777777778,0.068428245,0.020856929076,0.06715322223144368,0.020468302136144034,0.010824579991064898,1.0,4.8
bMD____,MD,Lagging Darcy with leakage,2017-12-28 00:00:00,29.54652777777778,0.0738782749,0.02251809818952,0.06707265606910634,0.020443745569863614,0.05650469532927671,1.0,4.8
bMD____,MD,Lagging Darcy with leakage,2017-12-28 12:00:00,30.04652777777778,0.04195485,0.01278783828,0.06698573345962944,0.020417251558495053,-0.2407542954034989,1.0,4.8
bMD____,MD,Lagging Darcy with leakage,2017-12-29 00:00:00,30.54652777777778,0.03891809,0.011862233832,0.06689269452203635,0.02038889329031668,-0.2735407642461838,1.0,4.8
bMD____,MD,Lagging Darcy with leakage,2017-12-29 12:00:00,31.04652777777778,0.11214996,0.034183307808,0.06679377476097799,0.02035874254714609,0.3281118153737035,1.0,4.8
bMD____,MD,Lagging Darcy with leakage,2017-12-30 00:00:00,31.54652777777778,0.1224791,0.03733162968,0.06668920483829788,0.020326869634713196,0.3907620382248016,1.0,4.8
bMD____,MD,Lagging Darcy with leakage,2017-12-30 12:00:00,32.046527777777776,0.12142471,0.037010251608,0.06657921038769192,0.0202933433261685,0.38557320200959166,1.0,4.8
bMD____,MD,Lagging Darcy with leakage,2017-12-31 00:00:00,32.546527777777776,0.11565835,0.03525266508,0.06646401186705528,0.02025823081707845,0.3523452206906339,1.0,4.8
bMD____,MD,Lagging Darcy with leakage,2017-12-31 12:00:00,33.046527777777776,0.11798991,0.035963324568,0.0663438244460271,0.020221597691149062,0.36735410712311856,1.0,4.8
bMD____,MD,Lagging Darcy with leakage,2018-01-01 00:00:00,33.546527777777776,0.10278873,0.031330004904,0.06621885792337516,0.02018350789504475,0.2735809977201078,1.0,4.8
bMD____,MD,Lagging Darcy with leakage,2018-01-01 12:00:00,34.046527777777776,0.10330095,0.03148612956,0.06608931667277185,0.02014402372186086,0.27804311671039317,1.0,4.8
bLEID__,LEID,Theis confined,2017-11-28 12:00:00,0.04652777777777778,0.3473821,0.10588206408,2.559393427864517e-07,7.801031168131049e-08,2.0728701621233014,0.7,1.0
bLEID__,LEID,Theis confined,2017-11-29 00:00:00,0.5465277777777777,0.8362603,0.25489213944,0.34509569112441263,0.10518516665472098,0.8078827082085791,0.7,1.0
bLEID__,LEID,Theis confined,2017-11-29 12:00:00,1.0465277777777777,1.136895,0.346525596,0.8991505214329613,0.2740610789327666,0.22352853579402976,0.7,1.0
bLEID__,LEID,Theis confined,2017-11-30 00:00:00,1.5465277777777777,1.360526,0.4146883248,1.3624302143419964,0.41526872933144054,-0.0013490925726272751,0.7,1.0
bLEID__,LEID,Theis confined,2017-11-30 12:00:00,2.046527777777778,1.556146,0.4743133008,1.744004057961911,0.5315724368667905,-0.11061250511370924,0.7,1.0
bLEID__,LEID,Theis confined,2017-12-01 00:00:00,2.546527777777778,1.715806,0.5229776688,2.0654002691596136,0.6295340020398503,-0.1806368037770939,0.7,1.0
bLEID__,LEID,Theis confined,2017-12-01 12:00:00,3.046527777777778,1.880495,0.573174876,2.3421281839218038,0.7138806704593658,-0.21440697653242946,0.7,1.0
bLEID__,LEID,Theis confined,2017-12-02 00:00:00,3.546527777777778,2.018954,0.6153771792,2.5847475033716174,0.787831039027669,-0.24174418770103895,0.7,1.0
bLEID__,LEID,Theis confined,2017-12-02 12:00:00,4.0465277777777775,2.16281,0.659224488,2.800589212814173,0.85361959206576,-0.2532625131714311,0.7,1.0
bLEID__,LEID,Theis confined,2017-12-03 00:00:00,4.5465277777777775,2.294259,0.6992901431999999,2.9948982582433676,0.9128449891125785,-0.2614981273844822,0.7,1.0
bLEID__,LEID,Theis confined,2017-12-03 12:00:00,5.0465277777777775,2.451346,0.7471702608,3.1715379934845784,0.9666847804140996,-0.2530298962629797,0.7,1.0
bLEID__,LEID,Theis confined,2017-12-04 00:00:00,5.5465277777777775,2.591293,0.7898261064,3.3334286520493404,1.016029053144639,-0.24762101945636128,0.7,1.0
bLEID__,LEID,Theis confined,2017-12-04 12:00:00,6.0465277777777775,2.372077,0.7230090696,3.482827734429927,1.0615658934542418,-0.37747317164865535,0.7,1.0
bLEID__,LEID,Theis confined,2017-12-05 00:00:00,6.5465277777777775,2.041558,0.6222668784000001,3.304185801824405,1.0071158323960787,-0.4722998161431062,0.7,1.0
bLEID__,LEID,Theis confined,2017-12-05 12:00:00,7.0465277777777775,1.891732,0.5765999136000001,2.8767545184828407,0.87683477723357,-0.41031377794699586,0.7,1.0
bLEID__,LEID,Theis confined,2017-12-06 00:00:00,7.5465277777777775,1.794064,0.5468307072,2.5302001290291827,0.7712049993280949,-0.33589513362585843,0.7,1.0
bLEID__,LEID,Theis confined,2017-12-06 12:00:00,8.046527777777778,1.721865,0.524824452,2.2593032001849824,0.6886356154163826,-0.2649131699090728,0.7,1.0
bLEID__,LEID,Theis confined,2017-12-07 00:00:00,8.546527777777778,1.654431,0.5042705688,2.0431264790269257,0.622744950807407,-0.20542754048098683,0.7,1.0
bLEID__,LEID,Theis confined,2017-12-07 12:00:00,9.046527777777778,1.603562,0.4887656976,1.8665428990735504,0.5689222756376182,-0.14759124070284113,0.7,1.0
bLEID__,LEID,Theis confined,2017-12-08 00:00:00,9.546527777777778,1.572502,0.4792986096,1.719367606784423,0.5240632465478922,-0.08665279618092114,0.3,1.0
bLEID__,LEID,Theis confined,2017-12-08 12:00:00,10.046527777777778,1.539678,0.4692938544,1.59463311331926,0.4860441729397105,-0.03398584792547532,0.3,1.0
bLEID__,LEID,Theis confined,2017-12-09 00:00:00,10.546527777777778,1.514779,0.4617046392,1.4874349335284718,0.45337016773947825,0.01762919981620914,0.3,1.0
bLEID__,LEID,Theis confined,2017-12-09 12:00:00,11.046527777777778,1.478277,0.4505788296,1.3942219474838566,0.4249588495930795,0.056570225133945495,0.3,1.0
bLEID__,LEID,Theis confined,2017-12-10 00:00:00,11.546527777777778,1.435214,0.4374532272,1.3123571517094226,0.400006459841032,0.08634247033944897,0.3,1.0
bLEID__,LEID,Theis confined,2017-12-10 12:00:00,12.046527777777778,1.398091,0.4261381368,1.2398386653077569,0.3779028251858043,0.1157289923933904,0.3,1.0
bLEID__,LEID,Theis confined,2017-12-11 00:00:00,12.546527777777778,1.376514,0.4195614672,1.1751173221979028,0.35817575980592076,0.1521970932203871,0.3,1.0
bLEID__,LEID,Theis confined,2017-12-11 12:00:00,13.046527777777778,1.34305,0.40936164,1.1169740623568847,0.3404536942063785,0.1770814607658362,0.3,1.0
bLEID__,LEID,Theis confined,2017-12-12 00:00:00,13.546527777777778,1.301962,0.3968380176,1.0644354066424693,0.3244399119446246,0.19320895580485986,0.3,1.0
bLEID__,LEID,Theis confined,2017-12-12 12:00:00,14.046527777777778,1.263354,0.3850702992,1.0167138460578637,0.30989438027843685,0.20800141971986108,0.3,1.0
bLEID__,LEID,Theis confined,2017-12-13 00:00:00,14.546527777777778,1.23249,0.375662952,0.9731649378077454,0.2966206730438008,0.22590279725943962,0.3,1.0
bLEID__,LEID,Theis confined,2017-12-13 12:00:00,15.046527777777778,1.198372,0.3652637856,0.9332558583888269,0.28445638563691444,0.23872621195369692,0.3,1.0
bLEID__,LEID,Theis confined,2017-12-14 00:00:00,15.546527777777778,1.156534,0.3525115632,0.8965419744448518,0.27326599381079086,0.2426917486800002,0.3,1.0
bLEID__,LEID,Theis confined,2017-12-14 12:00:00,16.04652777777778,1.127863,0.3437726424,0.8626491282816819,0.26293545430025667,0.2551055582791537,0.3,1.0
bLEID__,LEID,Theis confined,2017-12-15 00:00:00,16.54652777777778,1.111384,0.3387498432,0.8312600646426387,0.2533680677030763,0.2760149014340467,0.3,1.0
bLEID__,LEID,Theis confined,2017-12-15 12:00:00,17.04652777777778,1.099812,0.3352226976,0.8021039041004615,0.24448126996982067,0.29964525716921075,0.3,1.0
bLEID__,LEID,Theis confined,2017-12-16 00:00:00,17.54652777777778,1.084851,0.3306625848,0.7749478887417055,0.23620411648847184,0.3189364245867048,0.3,1.0
bLEID__,LEID,Theis confined,2017-12-16 12:00:00,18.04652777777778,1.065157,0.3246598536,0.7495908440187633,0.22847528925691907,0.3326503292979186,0.3,1.0
bLEID__,LEID,Theis confined,2017-12-17 00:00:00,18.54652777777778,1.031847,0.3145069656,0.7258579517527591,0.221241503694241,0.3324555930397295,0.3,1.0
bLEID__,LEID,Theis confined,2017-12-17 12:00:00,19.04652777777778,1.008508,0.3073932384,0.7035965355171108,0.21445622402561537,0.3397585224034254,0.3,1.0
bLEID__,LEID,Theis confined,2017-12-18 00:00:00,19.54652777777778,0.9806431,0.29890001688,0.6826726353879915,0.2080786192662598,0.3412392624848437,0.3,1.0
bLEID__,LEID,Theis confined,2017-12-18 12:00:00,20.04652777777778,0.9609834,0.29290774032,0.6629682037675613,0.20207270850835268,0.3492419750754241,0.3,1.0
bLEID__,LEID,Theis confined,2017-12-19 00:00:00,20.54652777777778,0.928031,0.2828638488,0.6443787939867448,0.19640665640715982,0.3425237426077117,0.3,1.0
bLEID__,LEID,Theis confined,2017-12-19 12:00:00,21.04652777777778,0.9233752,0.28144476096,0.6268116429629694,0.1910521887751131,0.36337660826427043,0.3,1.0
bLEID__,LEID,Theis confined,2017-12-20 00:00:00,21.54652777777778,0.896519,0.2732589912,0.6101840712729931,0.1859841049240083,0.3602723524001612,0.3,1.0
bLEID__,LEID,Theis confined,2017-12-20 12:00:00,22.04652777777778,0.9000062,0.27432188976,0.5944221406560211,0.18117986847195522,0.3881145016165688,0.3,1.0
bLEID__,LEID,Theis confined,2017-12-21 00:00:00,22.54652777777778,0.8745084,0.26655016032,0.5794595216368251,0.17661926219490431,0.38440058776518926,0.3,1.0
bLEID__,LEID,Theis confined,2017-12-21 12:00:00,23.04652777777778,0.8587707,0.26175330936,0.565236533685695,0.17228409546739987,0.3900860056472726,0.3,1.0
bLEID__,LEID,Theis confined,2017-12-22 00:00:00,23.54652777777778,0.8417727,0.25657231896,0.5516993278569864,0.16815795513080944,0.39345341432754677,0.3,1.0
bLEID__,LEID,Theis confined,2017-12-22 12:00:00,24.04652777777778,0.8299455,0.2529673884,0.5387991877126973,0.16422599241483016,0.40177478588653415,0.3,1.0
bLEID__,LEID,Hantush-Jacob leaky,2017-11-28 12:00:00,0.04652777777777778,0.3473821,0.10588206408,5.4605932288724604e-08,1.664388816160326e-08,2.072874188779007,0.7,1.0
bLEID__,LEID,Hantush-Jacob leaky,2017-11-29 00:00:00,0.5465277777777777,0.8362603,0.25489213944,0.2981685732638551,0.09088178113082304,0.9343239313632088,0.7,1.0
bLEID__,LEID,Hantush-Jacob leaky,2017-11-29 12:00:00,1.0465277777777777,1.136895,0.346525596,0.8336139705672002,0.25408553822888263,0.2950756500144689,0.7,1.0
bLEID__,LEID,Hantush-Jacob leaky,2017-11-30 00:00:00,1.5465277777777777,1.360526,0.4146883248,1.2978737083406153,0.3955919063022196,0.045434364543261996,0.7,1.0
bLEID__,LEID,Hantush-Jacob leaky,2017-11-30 12:00:00,2.046527777777778,1.556146,0.4743133008,1.6862620394294372,0.5139726696180925,-0.07789702873550075,0.7,1.0
bLEID__,LEID,Hantush-Jacob leaky,2017-12-01 00:00:00,2.546527777777778,1.715806,0.5229776688,2.016241622791524,0.6145504466268565,-0.15712407246662735,0.7,1.0
bLEID__,LEID,Hantush-Jacob leaky,2017-12-01 12:00:00,3.046527777777778,1.880495,0.573174876,2.301922270253919,0.7016259079733945,-0.19745653441263228,0.7,1.0
bLEID__,LEID,Hantush-Jacob leaky,2017-12-02 00:00:00,3.546527777777778,2.018954,0.6153771792,2.5533292966116203,0.778254769607222,-0.22974795903148781,0.7,1.0
bLEID__,LEID,Hantush-Jacob leaky,2017-12-02 12:00:00,4.0465277777777775,2.16281,0.659224488,2.7775813914600525,0.846606808117024,-0.24515851317671467,0.7,1.0
bLEID__,LEID,Hantush-Jacob leaky,2017-12-03 00:00:00,4.5465277777777775,2.294259,0.6992901431999999,2.9798424346736376,0.9082559740885248,-0.2565412559200616,0.7,1.0
bLEID__,LEID,Hantush-Jacob leaky,2017-12-03 12:00:00,5.0465277777777775,2.451346,0.7471702608,3.1639511285175863,0.9643723039721603,-0.2506720743980112,0.7,1.0
bLEID__,LEID,Hantush-Jacob leaky,2017-12-04 00:00:00,5.5465277777777775,2.591293,0.7898261064,3.3328278489228267,1.0158459283516776,-0.24744343141251274,0.7,1.0
bLEID__,LEID,Hantush-Jacob leaky,2017-12-04 12:00:00,6.0465277777777775,2.372077,0.7230090696,3.4887409879613616,1.063368253130623,-0.37914557423479084,0.7,1.0
bLEID__,LEID,Hantush-Jacob leaky,2017-12-05 00:00:00,6.5465277777777775,2.041558,0.6222668784000001,3.3611111553560873,1.0244666801525355,-0.48912884741883084,0.7,1.0
bLEID__,LEID,Hantush-Jacob leaky,2017-12-05 12:00:00,7.0465277777777775,1.891732,0.5765999136000001,2.9596173029807527,0.9020913539485335,-0.43823257052447184,0.7,1.0
bLEID__,LEID,Hantush-Jacob leaky,2017-12-06 00:00:00,7.5465277777777775,1.794064,0.5468307072,2.617773801995596,0.7978974548482577,-0.36927251090799695,0.7,1.0
bLEID__,LEID,Hantush-Jacob leaky,2017-12-06 12:00:00,8.046527777777778,1.721865,0.524824452,2.3450023007160605,0.7147567012582553,-0.3013515273163509,0.7,1.0
bLEID__,LEID,Hantush-Jacob leaky,2017-12-07 00:00:00,8.546527777777778,1.654431,0.5042705688,2.124679033382296,0.6476021693749239,-0.2436497520953383,0.7,1.0
bLEID__,LEID,Hantush-Jacob leaky,2017-12-07 12:00:00,9.046527777777778,1.603562,0.4887656976,1.9431612798137636,0.5922755580872352,-0.18679021213753783,0.7,1.0
bLEID__,LEID,Hantush-Jacob leaky,2017-12-08 00:00:00,9.546527777777778,1.572502,0.4792986096,1.790837313710043,0.5458472132188211,-0.12625112764962354,0.3,1.0
bLEID__,LEID,Hantush-Jacob leaky,2017-12-08 12:00:00,10.046527777777778,1.539678,0.4692938544,1.6609749916393306,0.506265177451668,-0.07353189857862552,0.3,1.0
bLEID__,LEID,Hantush-Jacob leaky,2017-12-09 00:00:00,10.546527777777778,1.514779,0.4617046392,1.5487676997916167,0.4720643948964848,-0.021488544905661433,0.3,1.0
bLEID__,LEID,Hantush-Jacob leaky,2017-12-09 12:00:00,11.046527777777778,1.478277,0.4505788296,1.4507029195758805,0.4421742498867284,0.018207345643168837,0.3,1.0
bLEID__,LEID,Hantush-Jacob leaky,2017-12-10 00:00:00,11.546527777777778,1.435214,0.4374532272,1.364155957979458,0.4157947359921388,0.049026012623230586,0.3,1.0
bLEID__,LEID,Hantush-Jacob leaky,2017-12-10 12:00:00,12.046527777777778,1.398091,0.4261381368,1.2871255936851351,0.3923158809552292,0.07972390664742646,0.3,1.0
bLEID__,LEID,Hantush-Jacob leaky,2017-12-11 00:00:00,12.546527777777778,1.376514,0.4195614672,1.2180583668894127,0.37126419022789303,0.11774682022835348,0.3,1.0
bLEID__,LEID,Hantush-Jacob leaky,2017-12-11 12:00:00,13.046527777777778,1.34305,0.40936164,1.1557290646007998,0.35226621889032383,0.14441117106022694,0.3,1.0
bLEID__,LEID,Hantush-Jacob leaky,2017-12-12 00:00:00,13.546527777777778,1.301962,0.3968380176,1.0991576042174716,0.33502323776548537,0.16252771483595996,0.3,1.0
bLEID__,LEID,Hantush-Jacob leaky,2017-12-12 12:00:00,14.046527777777778,1.263354,0.3850702992,1.0475500313880197,0.3192932495670684,0.1795037189442611,0.3,1.0
bLEID__,LEID,Hantush-Jacob leaky,2017-12-13 00:00:00,14.546527777777778,1.23249,0.375662952,1.0002558454602133,0.304877981696273,0.19976970392978854,0.3,1.0
bLEID__,LEID,Hantush-Jacob leaky,2017-12-13 12:00:00,15.046527777777778,1.198372,0.3652637856,0.956736606680727,0.2916133177162856,0.2151262853137884,0.3,1.0
bLEID__,LEID,Hantush-Jacob leaky,2017-12-14 00:00:00,15.546527777777778,1.156534,0.3525115632,0.9165424852569964,0.27936214950633254,0.2217818098288935,0.3,1.0
bLEID__,LEID,Hantush-Jacob leaky,2017-12-14 12:00:00,16.04652777777778,1.127863,0.3437726424,0.8792944971655337,0.2680089627360547,0.23703136557433258,0.3,1.0
bLEID__,LEID,Hantush-Jacob leaky,2017-12-15 00:00:00,16.54652777777778,1.111384,0.3387498432,0.8446708757497213,0.25745568292851506,0.26091176231570334,0.3,1.0
bLEID__,LEID,Hantush-Jacob leaky,2017-12-15 12:00:00,17.04652777777778,1.099812,0.3352226976,0.8123964942038348,0.24761845143332883,0.2876385947484583,0.3,1.0
bLEID__,LEID,Hantush-Jacob leaky,2017-12-16 00:00:00,17.54652777777778,1.084851,0.3306625848,0.7822345681306998,0.23842509636623732,0.31014230982980395,0.3,1.0
bLEID__,LEID,Hantush-Jacob leaky,2017-12-16 12:00:00,18.04652777777778,1.065157,0.3246598536,0.7539800826138435,0.22981312918069952,0.327175985152947,0.3,1.0
bLEID__,LEID,Hantush-Jacob leaky,2017-12-17 00:00:00,18.54652777777778,1.031847,0.3145069656,0.7274545380666493,0.22172814320271472,0.3303998741980718,0.3,1.0
bLEID__,LEID,Hantush-Jacob leaky,2017-12-17 12:00:00,19.04652777777778,1.008508,0.3073932384,0.7025017149062716,0.21412252270343157,0.3412123728456169,0.3,1.0
bLEID__,LEID,Hantush-Jacob leaky,2017-12-18 00:00:00,19.54652777777778,0.9806431,0.29890001688,0.6789842327894984,0.2069543941542391,0.34628615209041813,0.3,1.0
bLEID__,LEID,Hantush-Jacob leaky,2017-12-18 12:00:00,20.04652777777778,0.9609834,0.29290774032,0.656780734974948,0.20018676802036417,0.35795831610998774,0.3,1.0
bLEID__,LEID,Hantush-Jacob leaky,2017-12-19 00:00:00,20.54652777777778,0.928031,0.2828638488,0.6357835685470317,0.19378683169313526,0.35497928667283096,0.3,1.0
bLEID__,LEID,Hantush-Jacob leaky,2017-12-19 12:00:00,21.04652777777778,0.9233752,0.28144476096,0.6158968609858162,0.18772536322847677,0.37963482420462835,0.3,1.0
bLEID__,LEID,Hantush-Jacob leaky,2017-12-20 00:00:00,21.54652777777778,0.896519,0.2732589912,0.5970349158164959,0.18197624234086796,0.3803907856464912,0.3,1.0
bLEID__,LEID,Hantush-Jacob leaky,2017-12-20 12:00:00,22.04652777777778,0.9000062,0.27432188976,0.5791208668688638,0.1765160402216297,0.4121451154642628,0.3,1.0
bLEID__,LEID,Hantush-Jacob leaky,2017-12-21 00:00:00,22.54652777777778,0.8745084,0.26655016032,0.5620855434681815,0.17132367364910173,0.41239008712509295,0.3,1.0
bLEID__,LEID,Hantush-Jacob leaky,2017-12-21 12:00:00,23.04652777777778,0.8587707,0.26175330936,0.5458665086991864,0.16638011185151202,0.4220761438445191,0.3,1.0
bLEID__,LEID,Hantush-Jacob leaky,2017-12-22 00:00:00,23.54652777777778,0.8417727,0.25657231896,0.5304072404831588,0.1616681268992668,0.4294812835594801,0.3,1.0
bLEID__,LEID,Hantush-Jacob leaky,2017-12-22 12:00:00,24.04652777777778,0.8299455,0.2529673884,0.5156564311293247,0.15717208020821816,0.4418730919784919,0.3,1.0
bLEID__,LEID,Lagging Darcy no-leakage,2017-11-28 12:00:00,0.04652777777777778,0.3473821,0.10588206408,0.35070745528900144,0.10689563237208764,-0.008333336806407132,0.7,1.0
bLEID__,LEID,Lagging Darcy no-leakage,2017-11-29 00:00:00,0.5465277777777777,0.8362603,0.25489213944,0.9458516183955414,0.28829557328696104,-0.1165875691902063,0.7,1.0
bLEID__,LEID,Lagging Darcy no-leakage,2017-11-29 12:00:00,1.0465277777777777,1.136895,0.346525596,1.124695555196766,0.34280720522397423,0.010331641353423349,0.7,1.0
bLEID__,LEID,Lagging Darcy no-leakage,2017-11-30 00:00:00,1.5465277777777777,1.360526,0.4146883248,1.3007821236776858,0.3964783912969586,0.04327890890597619,0.7,1.0
bLEID__,LEID,Lagging Darcy no-leakage,2017-11-30 12:00:00,2.046527777777778,1.556146,0.4743133008,1.4734401872503589,0.4491045690739094,0.05286646190222699,0.7,1.0
bLEID__,LEID,Lagging Darcy no-leakage,2017-12-01 00:00:00,2.546527777777778,1.715806,0.5229776688,1.6424145459105906,0.500607953593548,0.04245100870404439,0.7,1.0
bLEID__,LEID,Lagging Darcy no-leakage,2017-12-01 12:00:00,3.046527777777778,1.880495,0.573174876,1.8075326055012126,0.5509359381567697,0.0385273958278074,0.7,1.0
bLEID__,LEID,Lagging Darcy no-leakage,2017-12-02 00:00:00,3.546527777777778,2.018954,0.6153771792,1.9686572919273826,0.6000467425794662,0.02461058212261652,0.7,1.0
bLEID__,LEID,Lagging Darcy no-leakage,2017-12-02 12:00:00,4.0465277777777775,2.16281,0.659224488,2.1256929542041627,0.6479112124414288,0.016915987646729858,0.7,1.0
bLEID__,LEID,Lagging Darcy no-leakage,2017-12-03 00:00:00,4.5465277777777775,2.294259,0.6992901431999999,2.2785889575279037,0.694513914254505,0.006706873989413331,0.7,1.0
bLEID__,LEID,Lagging Darcy no-leakage,2017-12-03 12:00:00,5.0465277777777775,2.451346,0.7471702608,2.427337371787854,0.7398524309209379,0.009644643984834722,0.7,1.0
bLEID__,LEID,Lagging Darcy no-leakage,2017-12-04 00:00:00,5.5465277777777775,2.591293,0.7898261064,2.571967309720539,0.7839356360028203,0.007343652410778417,0.7,1.0
bLEID__,LEID,Lagging Darcy no-leakage,2017-12-04 12:00:00,6.0465277777777775,2.372077,0.7230090696,2.628563648717515,0.8011862001290986,-0.10065526234503111,0.7,1.0
bLEID__,LEID,Lagging Darcy no-leakage,2017-12-05 00:00:00,6.5465277777777775,2.041558,0.6222668784000001,1.9120513703711604,0.5827932576891297,0.06391869935248445,0.7,1.0
bLEID__,LEID,Lagging Darcy no-leakage,2017-12-05 12:00:00,7.0465277777777775,1.891732,0.5765999136000001,1.8657941014899915,0.5686940421341494,0.013448147199995986,0.7,1.0
bLEID__,LEID,Lagging Darcy no-leakage,2017-12-06 00:00:00,7.5465277777777775,1.794064,0.5468307072,1.8185075129925223,0.5542810899601208,-0.013168159113199351,0.7,1.0
bLEID__,LEID,Lagging Darcy no-leakage,2017-12-06 12:00:00,8.046527777777778,1.721865,0.524824452,1.7709883556231603,0.5397972507939393,-0.027346742050155748,0.7,1.0
bLEID__,LEID,Lagging Darcy no-leakage,2017-12-07 00:00:00,8.546527777777778,1.654431,0.5042705688,1.7236266728983105,0.525361409899405,-0.03979508735652726,0.7,1.0
bLEID__,LEID,Lagging Darcy no-leakage,2017-12-07 12:00:00,9.046527777777778,1.603562,0.4887656976,1.6767248825014625,0.5110657441864458,-0.043294733812473396,0.7,1.0
bLEID__,LEID,Lagging Darcy no-leakage,2017-12-08 00:00:00,9.546527777777778,1.572502,0.4792986096,1.6305499911269927,0.49699163729550744,-0.035151713249286676,0.3,1.0
bLEID__,LEID,Lagging Darcy no-leakage,2017-12-08 12:00:00,10.046527777777778,1.539678,0.4692938544,1.585326599985309,0.4832075476755222,-0.028311059743679756,0.3,1.0
bLEID__,LEID,Lagging Darcy no-leakage,2017-12-09 00:00:00,10.546527777777778,1.514779,0.4617046392,1.54123187845256,0.4697674765523403,-0.016763882615044245,0.3,1.0
bLEID__,LEID,Lagging Darcy no-leakage,2017-12-09 12:00:00,11.046527777777778,1.478277,0.4505788296,1.4983968347476369,0.45671135523107975,-0.013079138473702456,0.3,1.0
bLEID__,LEID,Lagging Darcy no-leakage,2017-12-10 00:00:00,11.546527777777778,1.435214,0.4374532272,1.4569113128414186,0.4440665681540644,-0.014503198157965524,0.3,1.0
bLEID__,LEID,Lagging Darcy no-leakage,2017-12-10 12:00:00,12.046527777777778,1.398091,0.4261381368,1.416830423526521,0.4318499130908836,-0.012857761135177559,0.3,1.0
bLEID__,LEID,Lagging Darcy no-leakage,2017-12-11 00:00:00,12.546527777777778,1.376514,0.4195614672,1.3781810658002878,0.4200695888559277,-0.001167946804380704,0.3,1.0
bLEID__,LEID,Lagging Darcy no-leakage,2017-12-11 12:00:00,13.046527777777778,1.34305,0.40936164,1.3409678816637525,0.4087270103311118,0.001495765338403121,0.3,1.0
bLEID__,LEID,Lagging Darcy no-leakage,2017-12-12 00:00:00,13.546527777777778,1.301962,0.3968380176,1.3051783901242677,0.3978183733098768,-0.0023762281774791782,0.3,1.0
bLEID__,LEID,Lagging Darcy no-leakage,2017-12-12 12:00:00,14.046527777777778,1.263354,0.3850702992,1.270787259267317,0.38733595662467823,-0.0056437967947063905,0.3,1.0
bLEID__,LEID,Lagging Darcy no-leakage,2017-12-13 00:00:00,14.546527777777778,1.23249,0.375662952,1.237759777039546,0.37726918004165366,-0.004100601016184258,0.3,1.0
bLEID__,LEID,Lagging Darcy no-leakage,2017-12-13 12:00:00,15.046527777777778,1.198372,0.3652637856,1.2060546222151864,0.36760544885118884,-0.006135253671003871,0.3,1.0
bLEID__,LEID,Lagging Darcy no-leakage,2017-12-14 00:00:00,15.546527777777778,1.156534,0.3525115632,1.1756260462709784,0.35833081890339424,-0.01569998525750327,0.3,1.0
bLEID__,LEID,Lagging Darcy no-leakage,2017-12-14 12:00:00,16.04652777777778,1.127863,0.3437726424,1.1464255708866598,0.3494305140062539,-0.015636641082425573,0.3,1.0
bLEID__,LEID,Lagging Darcy no-leakage,2017-12-15 00:00:00,16.54652777777778,1.111384,0.3387498432,1.1184032935432244,0.3408893238719748,-0.0060257129922711705,0.3,1.0
bLEID__,LEID,Lagging Darcy no-leakage,2017-12-15 12:00:00,17.04652777777778,1.099812,0.3352226976,1.0915088796693346,0.33269190652321323,0.007247484844635554,0.3,1.0
bLEID__,LEID,Lagging Darcy no-leakage,2017-12-16 00:00:00,17.54652777777778,1.084851,0.3306625848,1.0656923062639352,0.3248230149492475,0.017026250071920268,0.3,1.0
bLEID__,LEID,Lagging Darcy no-leakage,2017-12-16 12:00:00,18.04652777777778,1.065157,0.3246598536,1.0409044098883282,0.31726766413396246,0.021988116129845414,0.3,1.0
bLEID__,LEID,Lagging Darcy no-leakage,2017-12-17 00:00:00,18.54652777777778,1.031847,0.3145069656,1.0170972815986499,0.3100112514312685,0.013727624448992781,0.3,1.0
bLEID__,LEID,Lagging Darcy no-leakage,2017-12-17 12:00:00,19.04652777777778,1.008508,0.3073932384,0.9942245428457991,0.3030396406593996,0.013585823740712932,0.3,1.0
bLEID__,LEID,Lagging Darcy no-leakage,2017-12-18 00:00:00,19.54652777777778,0.9806431,0.29890001688,0.9722415293541674,0.29633921814715025,0.00818518238430177,0.3,1.0
bLEID__,LEID,Lagging Darcy no-leakage,2017-12-18 12:00:00,20.04652777777778,0.9609834,0.29290774032,0.9511054043314314,0.2898969272402203,0.009818726694860391,0.3,1.0
bLEID__,LEID,Lagging Darcy no-leakage,2017-12-19 00:00:00,20.54652777777778,0.928031,0.2828638488,0.9307752178280195,0.28370028639398037,-0.002801930684521503,0.3,1.0
bLEID__,LEID,Lagging Darcy no-leakage,2017-12-19 12:00:00,21.04652777777778,0.9233752,0.28144476096,0.911211925452554,0.27773739487793847,0.01257470874457245,0.3,1.0
bLEID__,LEID,Lagging Darcy no-leakage,2017-12-20 00:00:00,21.54652777777778,0.896519,0.2732589912,0.89237837678617,0.27199692924442465,0.004384176606902379,0.3,1.0
bLEID__,LEID,Lagging Darcy no-leakage,2017-12-20 12:00:00,22.04652777777778,0.9000062,0.27432188976,0.874239281523528,0.26646813300837136,0.02749751008464374,0.3,1.0
bLEID__,LEID,Lagging Darcy no-leakage,2017-12-21 00:00:00,22.54652777777778,0.8745084,0.26655016032,0.8567611596681974,0.2611408014668666,0.019383051364670667,0.3,1.0
bLEID__,LEID,Lagging Darcy no-leakage,2017-12-21 12:00:00,23.04652777777778,0.8587707,0.26175330936,0.8399122805808897,0.2560052631210552,0.02096991040660634,0.3,1.0
bLEID__,LEID,Lagging Darcy no-leakage,2017-12-22 00:00:00,23.54652777777778,0.8417727,0.25657231896,0.8236625946636238,0.25105235885347255,0.02051702565544411,0.3,1.0
bLEID__,LEID,Lagging Darcy no-leakage,2017-12-22 12:00:00,24.04652777777778,0.8299455,0.2529673884,0.807983660528242,0.24627341972900818,0.02527491810296456,0.3,1.0
bLEID__,LEID,Lagging Darcy with leakage,2017-11-28 12:00:00,0.04652777777777778,0.3473821,0.10588206408,0.350707048970911,0.10689550852633367,-0.008332322804069037,0.7,1.0
bLEID__,LEID,Lagging Darcy with leakage,2017-11-29 00:00:00,0.5465277777777777,0.8362603,0.25489213944,0.9458746978800728,0.2883026079138462,-0.11661074454752707,0.7,1.0
bLEID__,LEID,Lagging Darcy with leakage,2017-11-29 12:00:00,1.0465277777777777,1.136895,0.346525596,1.1247083055252436,0.3428110915240943,0.010320787256610675,0.7,1.0
bLEID__,LEID,Lagging Darcy with leakage,2017-11-30 00:00:00,1.5465277777777777,1.360526,0.4146883248,1.3007860519670589,0.39647958863955957,0.04327600075106919,0.7,1.0
bLEID__,LEID,Lagging Darcy with leakage,2017-11-30 12:00:00,2.046527777777778,1.556146,0.4743133008,1.4734366549932025,0.44910349244192815,0.052868780510650804,0.7,1.0
bLEID__,LEID,Lagging Darcy with leakage,2017-12-01 00:00:00,2.546527777777778,1.715806,0.5229776688,1.6424049181655083,0.500605019056847,0.04245669748312664,0.7,1.0
bLEID__,LEID,Lagging Darcy with leakage,2017-12-01 12:00:00,3.046527777777778,1.880495,0.573174876,1.807518225059515,0.5509315549981402,0.03853513754782889,0.7,1.0
bLEID__,LEID,Lagging Darcy with leakage,2017-12-02 00:00:00,3.546527777777778,2.018954,0.6153771792,1.968639435841694,0.6000413000445484,0.024619427687801676,0.7,1.0
bLEID__,LEID,Lagging Darcy with leakage,2017-12-02 12:00:00,4.0465277777777775,2.16281,0.659224488,2.125672798679849,0.647905069037618,0.01692525164587788,0.7,1.0
bLEID__,LEID,Lagging Darcy with leakage,2017-12-03 00:00:00,4.5465277777777775,2.294259,0.6992901431999999,2.278567555950632,0.6945073910537527,0.006716064823867662,0.7,1.0
bLEID__,LEID,Lagging Darcy with leakage,2017-12-03 12:00:00,5.0465277777777775,2.451346,0.7471702608,2.4273156444936617,0.7398458084416681,0.00965341444529716,0.7,1.0
bLEID__,LEID,Lagging Darcy with leakage,2017-12-04 00:00:00,5.5465277777777775,2.591293,0.7898261064,2.571946042560629,0.7839291537724797,0.007351763589770716,0.7,1.0
bLEID__,LEID,Lagging Darcy with leakage,2017-12-04 12:00:00,6.0465277777777775,2.372077,0.7230090696,2.6285568243959343,0.8011841200758808,-0.10065271458766226,0.7,1.0
bLEID__,LEID,Lagging Darcy with leakage,2017-12-05 00:00:00,6.5465277777777775,2.041558,0.6222668784000001,1.9120092342947461,0.5827804146130386,0.06394017510459987,0.7,1.0
bLEID__,LEID,Lagging Darcy with leakage,2017-12-05 12:00:00,7.0465277777777775,1.891732,0.5765999136000001,1.8657644583851525,0.5686850069157945,0.01346362033155668,0.7,1.0
bLEID__,LEID,Lagging Darcy with leakage,2017-12-06 00:00:00,7.5465277777777775,1.794064,0.5468307072,1.8184891528171996,0.5542754937786825,-0.013158332946914042,0.7,1.0
bLEID__,LEID,Lagging Darcy with leakage,2017-12-06 12:00:00,8.046527777777778,1.721865,0.524824452,1.7709801482933758,0.539794749199821,-0.027342234965717416,0.7,1.0
bLEID__,LEID,Lagging Darcy with leakage,2017-12-07 00:00:00,8.546527777777778,1.654431,0.5042705688,1.7236274061425434,0.5253616333922473,-0.03979550077164595,0.7,1.0
bLEID__,LEID,Lagging Darcy with leakage,2017-12-07 12:00:00,9.046527777777778,1.603562,0.4887656976,1.6767332950896865,0.5110683083433365,-0.04329960579168468,0.7,1.0
bLEID__,LEID,Lagging Darcy with leakage,2017-12-08 00:00:00,9.546527777777778,1.572502,0.4792986096,1.6305648254890168,0.49699615880905235,-0.03516054029794968,0.3,1.0
bLEID__,LEID,Lagging Darcy with leakage,2017-12-08 12:00:00,10.046527777777778,1.539678,0.4692938544,1.5853466461491827,0.4832136577462709,-0.02832331787059461,0.3,1.0
bLEID__,LEID,Lagging Darcy with leakage,2017-12-09 00:00:00,10.546527777777778,1.514779,0.4617046392,1.5412560040133378,0.46977483002326537,-0.01677904406210662,0.3,1.0
bLEID__,LEID,Lagging Darcy with leakage,2017-12-09 12:00:00,11.046527777777778,1.478277,0.4505788296,1.4984240021459787,0.45671963585409436,-0.013096683820865596,0.3,1.0
bLEID__,LEID,Lagging Darcy with leakage,2017-12-10 00:00:00,11.546527777777778,1.435214,0.4374532272,1.456940586927272,0.4440754908954325,-0.014522624517871674,0.3,1.0
bLEID__,LEID,Lagging Darcy with leakage,2017-12-10 12:00:00,12.046527777777778,1.398091,0.4261381368,1.4168609723474301,0.4318592243714967,-0.012878587334520186,0.3,1.0
bLEID__,LEID,Lagging Darcy with leakage,2017-12-11 00:00:00,12.546527777777778,1.376514,0.4195614672,1.3782121570112806,0.4200790654570383,-0.00118971636379972,0.3,1.0
bLEID__,LEID,Lagging Darcy with leakage,2017-12-11 12:00:00,13.046527777777778,1.34305,0.40936164,1.3409988763186005,0.40873645750190946,0.001473482789727587,0.3,1.0
bLEID__,LEID,Lagging Darcy with leakage,2017-12-12 00:00:00,13.546527777777778,1.301962,0.3968380176,1.305208735102351,0.39782762245919656,-0.0023986197965966127,0.3,1.0
bLEID__,LEID,Lagging Darcy with leakage,2017-12-12 12:00:00,14.046527777777778,1.263354,0.3850702992,1.270816479167098,0.3873448628501315,-0.005665919643305539,0.3,1.0
bLEID__,LEID,Lagging Darcy with leakage,2017-12-13 00:00:00,14.546527777777778,1.23249,0.375662952,1.2377874660653894,0.3772776196567307,-0.004122102486148305,0.3,1.0
bLEID__,LEID,Lagging Darcy with leakage,2017-12-13 12:00:00,15.046527777777778,1.198372,0.3652637856,1.2060804364047635,0.36761331701617195,-0.0061558052647483485,0.3,1.0
bLEID__,LEID,Lagging Darcy with leakage,2017-12-14 00:00:00,15.546527777777778,1.156534,0.3525115632,1.1756496962252954,0.3583380274094701,-0.015719281294997334,0.3,1.0
bLEID__,LEID,Lagging Darcy with leakage,2017-12-14 12:00:00,16.04652777777778,1.127863,0.3437726424,1.1464468151221483,0.34943698924923083,-0.015654397345244542,0.3,1.0
bLEID__,LEID,Lagging Darcy with leakage,2017-12-15 00:00:00,16.54652777777778,1.111384,0.3387498432,1.1184219324760318,0.3408950050186945,-0.006041665347287228,0.3,1.0
bLEID__,LEID,Lagging Darcy with leakage,2017-12-15 12:00:00,17.04652777777778,1.099812,0.3352226976,1.091524750223384,0.33269674386808745,0.007233581804538813,0.3,1.0
bLEID__,LEID,Lagging Darcy with leakage,2017-12-16 00:00:00,17.54652777777778,1.084851,0.3306625848,1.065705277092307,0.3248269684577352,0.017014624328064887,0.3,1.0
bLEID__,LEID,Lagging Darcy with leakage,2017-12-16 12:00:00,18.04652777777778,1.065157,0.3246598536,1.0409143771370133,0.31727070215136166,0.02197897948775185,0.3,1.0
bLEID__,LEID,Lagging Darcy with leakage,2017-12-17 00:00:00,18.54652777777778,1.031847,0.3145069656,1.0171041651847321,0.3100133495483064,0.013721173712027301,0.3,1.0
bLEID__,LEID,Lagging Darcy with leakage,2017-12-17 12:00:00,19.04652777777778,1.008508,0.3073932384,0.994228283192635,0.30304078071711515,0.013582241809831697,0.3,1.0
bLEID__,LEID,Lagging Darcy with leakage,2017-12-18 00:00:00,19.54652777777778,0.9806431,0.29890001688,0.9722420845372455,0.2963393873669524,0.008184639280826245,0.3,1.0
bLEID__,LEID,Lagging Darcy with leakage,2017-12-18 12:00:00,20.04652777777778,0.9609834,0.29290774032,0.9511027475770728,0.2898961174614918,0.009821380519195344,0.3,1.0
bLEID__,LEID,Lagging Darcy with leakage,2017-12-19 00:00:00,20.54652777777778,0.928031,0.2828638488,0.9307693353418263,0.28369849341218867,-0.0027959328740880807,0.3,1.0
bLEID__,LEID,Lagging Darcy with leakage,2017-12-19 12:00:00,21.04652777777778,0.9233752,0.28144476096,0.911202814529491,0.2777346178685889,0.01258418736838185,0.3,1.0
bLEID__,LEID,Lagging Darcy with leakage,2017-12-20 00:00:00,21.54652777777778,0.896519,0.2732589912,0.8923660441551047,0.2719931702584759,0.004397263400982787,0.3,1.0
bLEID__,LEID,Lagging Darcy with leakage,2017-12-20 12:00:00,22.04652777777778,0.9000062,0.27432188976,0.8742237419231917,0.26646339653818885,0.027514323621230075,0.3,1.0
bLEID__,LEID,Lagging Darcy with leakage,2017-12-21 00:00:00,22.54652777777778,0.8745084,0.26655016032,0.8567424345958757,0.26113509406482294,0.019403702078991447,0.3,1.0
bLEID__,LEID,Lagging Darcy with leakage,2017-12-21 12:00:00,23.04652777777778,0.8587707,0.26175330936,0.8398903972222664,0.2559985930733468,0.0209945011760182,0.3,1.0
bLEID__,LEID,Lagging Darcy with leakage,2017-12-22 00:00:00,23.54652777777778,0.8417727,0.25657231896,0.8236375849490394,0.25104473589246723,0.02054565235036221,0.3,1.0
bLEID__,LEID,Lagging Darcy with leakage,2017-12-22 12:00:00,24.04652777777778,0.8299455,0.2529673884,0.807955560331215,0.24626485478895432,0.025307670075398025,0.3,1.0
bWWBN__,WWBN,Theis confined,2017-11-28 11:00:00,0.004861111111111111,0.04410033,0.013441780584,4.9388085825268315e-12,1.5053488559541783e-12,0.6323385479658077,0.7,0.6
bWWBN__,WWBN,Theis confined,2017-11-28 11:30:00,0.025694444444444443,0.09275073,0.028270422504,0.0056888928727306136,0.001733974547608291,0.9413192451352681,0.7,0.6
bWWBN__,WWBN,Theis confined,2017-11-28 12:00:00,0.04652777777777778,0.1562323,0.04761960504,0.07008443490053663,0.021361735757683565,0.540808083824627,0.7,0.6
bWWBN__,WWBN,Theis confined,2017-11-28 12:30:00,0.06736111111111111,0.2839998,0.08656313904,0.20149368687680694,0.06141527576005076,0.28372250683087286,0.7,0.6
bWWBN__,WWBN,Theis confined,2017-11-28 13:00:00,0.08819444444444445,0.4110283,0.12528142584,0.36843944140189006,0.1123003417392961,0.0969272538780297,0.7,0.6
bWWBN__,WWBN,Theis confined,2017-11-28 13:30:00,0.10902777777777778,0.5654808,0.17235854784,0.5493432146259383,0.167439811817986,0.026569337619266387,0.7,0.6
bWWBN__,WWBN,Theis confined,2017-11-28 14:00:00,0.12986111111111112,0.7037597,0.21450595656,0.7329133183990573,0.22339197944803266,-0.03794836844443794,0.7,0.6
bWWBN__,WWBN,Theis confined,2017-11-28 14:30:00,0.15069444444444444,0.8582255,0.2615871324,0.9135656427336603,0.27845480790521965,-0.05914791920697504,0.7,0.6
bWWBN__,WWBN,Theis confined,2017-11-28 15:00:00,0.17152777777777778,1.010703,0.3080622744,1.0886522356404296,0.3318212014232029,-0.0709134177138051,0.7,0.6
bWWBN__,WWBN,Theis confined,2017-11-28 15:30:00,0.19236111111111112,1.146013,0.3493047624,1.2570334405543682,0.38314379268097143,-0.08876649501421452,0.7,0.6
bWWBN__,WWBN,Theis confined,2017-11-28 16:00:00,0.21319444444444444,1.27302,0.388016496,1.4183505525460938,0.4323132484160494,-0.10422269552088992,0.7,0.6
bWWBN__,WWBN,Theis confined,2017-11-28 16:30:00,0.23402777777777778,1.411252,0.4301496096,1.572648553824796,0.47934327920579783,-0.10476612150819908,0.7,0.6
bWWBN__,WWBN,Theis confined,2017-11-28 17:00:00,0.2548611111111111,1.568966,0.4782208368,1.7201761430246656,0.5243096883939181,-0.08929138361019351,0.7,0.6
bWWBN__,WWBN,Theis confined,2017-11-28 17:30:00,0.27569444444444446,1.685397,0.5137090056,1.861277902239719,0.5673175046026664,-0.09653587143507747,0.7,0.6
bWWBN__,WWBN,Theis confined,2017-11-28 18:00:00,0.2965277777777778,1.813614,0.5527895472000001,1.9963356322753278,0.60848310071752,-0.09353308394715942,0.7,0.6
bWWBN__,WWBN,Theis confined,2017-11-28 18:30:00,0.3173611111111111,1.932391,0.5889927768000001,2.1257365401536426,0.6479244974388303,-0.09306355443558989,0.7,0.6
bWWBN__,WWBN,Theis confined,2017-11-28 19:00:00,0.33819444444444446,2.05252,0.625608096,2.249856359647415,0.6857562184205321,-0.08971004335280597,0.7,0.6
bWWBN__,WWBN,Theis confined,2017-11-28 19:30:00,0.3590277777777778,2.167666,0.6607045968,2.3690508765921314,0.7220867071852817,-0.08691997200750573,0.7,0.6
bWWBN__,WWBN,Theis confined,2017-11-28 20:00:00,0.3798611111111111,2.281587,0.6954277176,2.4836522060286934,0.7570171923975457,-0.08311266990062077,0.7,0.6
bWWBN__,WWBN,Theis confined,2017-11-28 20:30:00,0.40069444444444446,2.394446,0.7298271408,2.5939677415057334,0.7906413676109476,-0.07846220888868438,0.7,0.6
bWWBN__,WWBN,Theis confined,2017-11-28 21:00:00,0.4215277777777778,2.500168,0.7620512064,2.7002805773291776,0.8230455199699334,-0.0755436952405372,0.7,0.6
bWWBN__,WWBN,Theis confined,2017-11-28 21:30:00,0.4423611111111111,2.587178,0.7885718544000001,2.80285070690081,0.854308895463367,-0.0786093363600861,0.7,0.6
bWWBN__,WWBN,Theis confined,2017-11-28 22:00:00,0.46319444444444446,2.670855,0.814076604,2.901916591554269,0.8845041771057413,-0.0815084822962211,0.7,0.6
bWWBN__,WWBN,Theis confined,2017-11-28 22:30:00,0.4840277777777778,2.763953,0.8424528744,2.997696865329463,0.9136980045524205,-0.07979592289704898,0.7,0.6
bWWBN__,WWBN,Theis confined,2017-11-28 23:00:00,0.5048611111111111,2.852267,0.8693709816,3.090392042468701,0.9419514945444601,-0.07885549067272173,0.7,0.6
bWWBN__,WWBN,Theis confined,2017-11-28 23:30:00,0.5256944444444445,2.92207,0.8906469360000001,3.1801861547608277,0.9693207399711004,-0.08328108888573772,0.7,0.6
bWWBN__,WWBN,Theis confined,2017-11-29 00:00:00,0.5465277777777777,3.005277,0.9160084296,3.2672482817856396,0.995857276288263,-0.08226534892650712,0.7,0.6
bWWBN__,WWBN,Theis confined,2017-11-29 00:30:00,0.5673611111111111,3.082529,0.9395548392,3.351733958356203,1.0216085105069708,-0.0824446238478253,0.7,0.6
bWWBN__,WWBN,Theis confined,2017-11-29 01:00:00,0.5881944444444445,3.15165,0.96062292,3.4337864558179745,1.0466181117333186,-0.0844534623758048,0.7,0.6
bWWBN__,WWBN,Theis confined,2017-11-29 01:30:00,0.6090277777777777,3.228835,0.984148908,3.5135379408319465,1.0709263643655773,-0.08326567859572047,0.7,0.6
bWWBN__,WWBN,Theis confined,2017-11-29 02:00:00,0.6298611111111111,3.303095,1.006783356,3.591110518967475,1.0945704861812864,-0.08240492282831932,0.7,0.6
bWWBN__,WWBN,Theis confined,2017-11-29 02:30:00,0.6506944444444445,3.370928,1.0274588544,3.6666171721594574,1.1175849140742027,-0.08290203294522867,0.7,0.6
bWWBN__,WWBN,Theis confined,2017-11-29 03:00:00,0.6715277777777777,3.436976,1.0475902848,3.7401625996444707,1.1400015603716347,-0.08337403549229142,0.7,0.6
bWWBN__,WWBN,Theis confined,2017-11-29 03:30:00,0.6923611111111111,3.501384,1.0672218432,3.8118439718749335,1.1618500426274798,-0.08380739566229643,0.7,0.6
bWWBN__,WWBN,Theis confined,2017-11-29 04:00:00,0.7131944444444445,3.571221,1.0885081608,3.8817516064231556,1.183157889637778,-0.0822737661808262,0.7,0.6
bWWBN__,WWBN,Theis confined,2017-11-29 04:30:00,0.7340277777777777,3.647005,1.111607124,3.949969574214135,1.2039507262204685,-0.07876372224298422,0.7,0.6
bWWBN__,WWBN,Theis confined,2017-11-29 05:00:00,0.7548611111111111,3.714059,1.1320451832,4.016576243679152,1.2242524390734055,-0.07730353124871983,0.7,0.6
bWWBN__,WWBN,Theis confined,2017-11-29 05:30:00,0.7756944444444445,3.768811,1.1487335928,4.081644769668143,1.24408532579485,-0.07873645938344279,0.7,0.6
bWWBN__,WWBN,Theis confined,2017-11-29 06:00:00,0.7965277777777777,3.831411,1.1678140728000002,4.145243533234554,1.2634702289298922,-0.07775264412778121,0.7,0.6
bWWBN__,WWBN,Theis confined,2017-11-29 10:43:00,0.9930555555555556,4.439902,1.3532821296000002,4.683449695527011,1.427515467196633,-0.05282338396363645,0.7,0.6
bWWBN__,WWBN,Theis confined,2017-11-29 10:44:00,0.99375,4.42968,1.3501664640000002,4.685179633976472,1.4280427524360289,-0.055468048095941636,0.7,0.6
bWWBN__,WWBN,Theis confined,2017-12-01 13:16:00,3.0993055555555555,7.477935,2.2792745880000003,7.636253752945537,2.3275301438977998,-0.020812738738507863,0.7,0.6
bWWBN__,WWBN,Theis confined,2017-12-02 09:34:00,3.9451388888888888,8.115042,2.4734648016000005,8.285384465907551,2.5253851852086218,-0.02064777150640551,0.7,0.6
bWWBN__,WWBN,Theis confined,2017-12-02 09:54:00,3.9590277777777776,8.12741,2.477234568,8.294875165659185,2.52827795049292,-0.02027212326264405,0.7,0.6
bWWBN__,WWBN,Theis confined,2017-12-02 09:58:00,3.9618055555555554,8.130084,2.4780496032,8.296769426766343,2.5288553212783813,-0.020172149490955804,0.7,0.6
bWWBN__,WWBN,Theis confined,2017-12-02 10:03:00,3.9652777777777777,8.133518,2.4790962864000003,8.29913544091972,2.529576482392331,-0.020035861983259684,0.7,0.6
bWWBN__,WWBN,Theis confined,2017-12-02 12:51:00,4.081944444444445,8.237371,2.5107506808,8.37748604092915,2.5534577452752045,-0.0167657219732269,0.7,0.6
bWWBN__,WWBN,Theis confined,2017-12-02 12:58:00,4.086805555555555,8.241882,2.5121256336,8.380703247667395,2.554438349889022,-0.01660322667036007,0.7,0.6
bWWBN__,WWBN,Theis confined,2017-12-02 13:02:00,4.089583333333334,8.244517,2.5129287816000003,8.382539982528865,2.554998186674798,-0.01650333532328141,0.7,0.6
bWWBN__,WWBN,Theis confined,2017-12-02 13:06:00,4.092361111111111,8.247104,2.5137172992,8.384375505581485,2.5555576541012366,-0.016409138912531374,0.7,0.6
bWWBN__,WWBN,Theis confined,2017-12-04 08:12:00,5.888194444444444,8.903277,2.7137188296,9.372425835481417,2.856715394654736,-0.05107296460259381,0.7,0.6
bWWBN__,WWBN,Theis confined,2017-12-04 08:17:00,5.891666666666667,8.94622,2.726807856,9.374033312153545,2.8572053535444004,-0.046458672612514684,0.7,0.6
bWWBN__,WWBN,Theis confined,2017-12-04 08:25:00,5.897222222222222,9.014943,2.7477546264000003,9.376603344097164,2.8579886992808157,-0.03912127868408222,0.7,0.6
bWWBN__,WWBN,Theis confined,2017-12-04 08:30:00,5.9006944444444445,8.995563,2.7418476024000005,9.378208409025516,2.8584779230709776,-0.041431728912790566,0.7,0.6
bWWBN__,WWBN,Theis confined,2017-12-04 10:48:00,5.996527777777778,9.020144,2.7493398912,9.422146550972002,2.8718702687362665,-0.04336740952480622,0.7,0.6
bWWBN__,WWBN,Theis confined,2017-12-04 10:50:00,5.997916666666667,9.010268,2.7463296864,9.42277826075367,2.8720628138777187,-0.04452353892821814,0.7,0.6
bWWBN__,WWBN,Theis confined,2017-12-04 10:53:00,6.0,9.030466,2.7524860368,9.423725556502863,2.8723515496220724,-0.04239672312957321,0.7,0.6
bWWBN__,WWBN,Theis confined,2017-12-06 09:02:00,7.922916666666667,3.892333,1.1863830984,3.8462879121487563,1.172348555622941,0.011748397576544584,0.7,0.6
bWWBN__,WWBN,Theis confined,2017-12-06 09:15:00,7.9319444444444445,3.894334,1.1869930032,3.8369964795978566,1.1695165269814267,0.014643372569637575,0.7,0.6
bWWBN__,WWBN,Theis confined,2017-12-06 09:30:00,7.942361111111111,3.885503,1.1843013144,3.8263396230791806,1.1662683171145343,0.015147388648651061,0.7,0.6
bWWBN__,WWBN,Theis confined,2017-12-06 09:45:00,7.9527777777777775,3.871585,1.180059108,3.815750667568296,1.1630408034748168,0.014340023753695585,0.7,0.6
bWWBN__,WWBN,Theis confined,2017-12-06 10:00:00,7.9631944444444445,3.864061,1.1777657928,3.805228891806048,1.1598337662224836,0.015145073372624246,0.7,0.6
bWWBN__,WWBN,Theis confined,2017-12-06 10:15:00,7.973611111111111,3.839492,1.1702771616,3.794773585523322,1.1566469888675086,0.011563842048706668,0.7,0.6
bWWBN__,WWBN,Theis confined,2017-12-06 11:00:00,8.004861111111111,3.825353,1.1659675944,3.76379954113785,1.1472061001388167,0.01601080832832194,0.7,0.6
bWWBN__,WWBN,Theis confined,2017-12-06 12:00:00,8.046527777777778,3.794707,1.1566266936,3.7233901332709403,1.1348893126209827,0.018723560212533075,0.7,0.6
bWWBN__,WWBN,Theis confined,2017-12-06 13:00:00,8.088194444444444,3.771165,1.149451092,3.683959432820431,1.1228708351236674,0.023086169153661157,0.7,0.6
bWWBN__,WWBN,Theis confined,2017-12-06 14:00:00,8.129861111111111,3.730636,1.1370978528,3.6454685614018847,1.1111388175152945,0.022784893505104695,0.7,0.6
bWWBN__,WWBN,Theis confined,2017-12-06 15:00:00,8.171527777777778,3.686637,1.1236869576,3.607880823346046,1.0996820749558749,0.02130203933706512,0.7,0.6
bWWBN__,WWBN,Theis confined,2017-12-06 16:00:00,8.213194444444444,3.662662,1.1163793776000002,3.5711615471586535,1.0884900395739576,0.02495429578946337,0.7,0.6
bWWBN__,WWBN,Theis confined,2017-12-06 17:00:00,8.254861111111111,3.621679,1.1038877592,3.5352779410535207,1.0775527164331131,0.023813050704791186,0.7,0.6
bWWBN__,WWBN,Theis confined,2017-12-06 18:00:00,8.296527777777778,3.59742,1.096493616,3.500198961089976,1.0668606433402248,0.027016421049270642,0.7,0.6
bWWBN__,WWBN,Theis confined,2017-12-06 19:00:00,8.338194444444444,3.571175,1.08849414,3.465895190621276,1.0564048541013649,0.029504388693740974,0.7,0.6
bWWBN__,WWBN,Theis confined,2017-12-06 20:00:00,8.379861111111111,3.531743,1.0764752664,3.432338729912307,1.0461768448772713,0.02814543654943917,0.7,0.6
bWWBN__,WWBN,Theis confined,2017-12-06 21:00:00,8.421527777777778,3.49789,1.066156872,3.399503094917028,1.0361685433307102,0.02812287037347784,0.7,0.6
bWWBN__,WWBN,Theis confined,2017-12-06 22:00:00,8.463194444444444,3.474696,1.0590873408,3.367363124320683,1.0263722802929443,0.030924954002409834,0.7,0.6
bWWBN__,WWBN,Theis confined,2017-12-06 23:00:00,8.504861111111111,3.454401,1.0529014248,3.335894894052142,1.016780763707093,0.03440136526775494,0.7,0.6
bWWBN__,WWBN,Theis confined,2017-12-07 00:00:00,8.546527777777778,3.431267,1.0458501816,3.3050756385592113,1.0073870546328476,0.03692199279033494,0.7,0.6
bWWBN__,WWBN,Theis confined,2017-12-07 01:00:00,8.588194444444444,3.404093,1.0375675464,3.2748836782164816,0.9981845451203837,0.03812521516518258,0.7,0.6
bWWBN__,WWBN,Theis confined,2017-12-07 02:00:00,8.629861111111111,3.376173,1.0290575304,3.245298352302702,0.9891669377818637,0.03894718399609178,0.7,0.6
bWWBN__,WWBN,Theis confined,2017-12-07 03:00:00,8.671527777777778,3.361601,1.0246159848,3.216299957043954,0.9803282269069973,0.04352384992113189,0.7,0.6
bWWBN__,WWBN,Theis confined,2017-12-07 04:00:00,8.713194444444444,3.335646,1.0167049008,3.18786968827111,0.9716626809850344,0.04462912017209856,0.7,0.6
bWWBN__,WWBN,Theis confined,2017-12-07 05:00:00,8.754861111111111,3.310427,1.0090181496,3.1599895882863214,0.9631648265096708,0.04580035562188941,0.7,0.6
bWWBN__,WWBN,Theis confined,2017-12-07 06:00:00,8.796527777777778,3.282788,1.0005937824,3.1326424965740878,0.954829432955782,0.046097365452025384,0.7,0.6
bWWBN__,WWBN,Theis confined,2017-12-07 07:00:00,8.838194444444444,3.263223,0.9946303704,3.105812004028661,0.946651498827936,0.04867559823600311,0.7,0.6
bWWBN__,WWBN,Theis confined,2017-12-07 08:00:00,8.879861111111111,3.225122,0.9830171856,3.0794824104018326,0.9386262386904787,0.04548749351273489,0.7,0.6
bWWBN__,WWBN,Theis confined,2017-12-07 09:00:00,8.921527777777778,3.201474,0.9758092752,3.0536386847035777,0.9307490710976505,0.04653323956394768,0.7,0.6
bWWBN__,WWBN,Theis confined,2017-12-07 10:00:00,8.963194444444444,3.171298,0.9666116304,3.028266428313791,0.9230156073500435,0.04541779334410179,0.7,0.6
bWWBN__,WWBN,Theis confined,2017-12-07 11:00:00,9.004861111111111,3.152066,0.9607497168,3.003351840585854,0.9154216410105684,0.04755627515271841,0.7,0.6
bWWBN__,WWBN,Theis confined,2017-12-07 12:00:00,9.046527777777778,3.129277,0.9538036296,2.978881686743406,0.9079631381193902,0.048460341339976946,0.7,0.6
bWWBN__,WWBN,Theis confined,2017-12-07 13:00:00,9.088194444444444,3.102723,0.9457099704,2.954843267889598,0.9006362280527496,0.04804111434641582,0.7,0.6
bWWBN__,WWBN,Theis confined,2017-12-07 14:00:00,9.129861111111111,3.076724,0.9377854752,2.9312243929647916,0.8934371949756685,0.047651724813187746,0.7,0.6
bWWBN__,WWBN,Theis confined,2017-12-07 15:00:00,9.171527777777778,3.038303,0.9260747544,2.9080133525030902,0.886362469842942,0.0431038708013481,0.7,0.6
bWWBN__,WWBN,Theis confined,2017-12-07 16:00:00,9.213194444444444,3.016097,0.9193063656,2.8851988940513578,0.8794086229068538,0.04363019999094009,0.7,0.6
bWWBN__,WWBN,Theis confined,2017-12-07 17:00:00,9.254861111111111,2.997406,0.9136093488,2.8627701991263304,0.8725723566937056,0.04518615012173499,0.7,0.6
bWWBN__,WWBN,Theis confined,2017-12-07 18:00:00,9.296527777777778,2.981612,0.9087953376,2.8407168615960963,0.8658504994144902,0.047589970893283706,0.7,0.6
bWWBN__,WWBN,Theis confined,2017-12-07 19:00:00,9.338194444444444,2.94845,0.8986875599999999,2.8190288673818107,0.859239998777976,0.044121889707569695,0.7,0.6
bWWBN__,WWBN,Theis confined,2017-12-07 20:00:00,9.379861111111111,2.921836,0.8905756128,2.7976965753844554,0.852737916177182,0.04266949530510494,0.7,0.6
bWWBN__,WWBN,Theis confined,2017-12-07 21:00:00,9.421527777777778,2.901316,0.8843211168,2.77671069954915,0.846341421222581,0.04313743388780379,0.7,0.6
bWWBN__,WWBN,Theis confined,2017-12-07 22:00:00,9.463194444444444,2.887273,0.8800408104,2.7560622919868947,0.8400477865976055,0.04569941888700581,0.7,0.6
bWWBN__,WWBN,Theis confined,2017-12-07 23:00:00,9.504861111111111,2.846838,0.8677162224,2.73574272707996,0.8338543832139718,0.03910527112320064,0.7,0.6
bWWBN__,WWBN,Theis confined,2017-12-08 00:00:00,9.546527777777778,2.831311,0.8629835928,2.7157436865032167,0.8277586756461806,0.0409358357181476,0.7,0.6
bWWBN__,WWBN,Theis confined,2017-12-08 01:00:00,9.588194444444444,2.811503,0.8569461144,2.6960571450989272,0.8217582178261531,0.041180893832901716,0.7,0.6
bWWBN__,WWBN,Theis confined,2017-12-08 02:00:00,9.629861111111111,2.807931,0.8558573688000001,2.676675357547573,0.8158506489805002,0.04701488715295998,0.7,0.6
bWWBN__,WWBN,Theis confined,2017-12-08 03:00:00,9.671527777777778,2.777838,0.8466850224000001,2.657590845781539,0.8100336897942131,0.04345320938163669,0.7,0.6
bWWBN__,WWBN,Theis confined,2017-12-08 04:00:00,9.713194444444444,2.759349,0.8410495752,2.638796387092865,0.8043051387859053,0.043859130167260535,0.7,0.6
bWWBN__,WWBN,Theis confined,2017-12-08 05:00:00,9.754861111111111,2.731753,0.8326383144,2.6202850028896165,0.7986628688807551,0.04089609514204326,0.7,0.6
bWWBN__,WWBN,Theis confined,2017-12-08 06:00:00,9.796527777777778,2.733524,0.8331781152000001,2.6020499480591637,0.7931048241684331,0.04838484458639683,0.7,0.6
bWWBN__,WWBN,Theis confined,2017-12-08 07:00:00,9.838194444444444,2.694217,0.8211973416,2.5840847008995573,0.7876290168341851,0.040960028807817794,0.7,0.6
bWWBN__,WWBN,Theis confined,2017-12-08 08:00:00,9.879861111111111,2.679979,0.8168575992,2.5663829535831266,0.782233524252137,0.04250110499408402,0.7,0.6
bWWBN__,WWBN,Theis confined,2017-12-08 09:00:00,9.921527777777778,2.655313,0.8093394024,2.548938603118968,0.7769164862306615,0.040114485140036876,0.7,0.6
bWWBN__,WWBN,Theis confined,2017-12-08 10:00:00,9.963194444444444,2.628625,0.8012049,2.5317457427836043,0.7716761024004426,0.03683778855848244,0.7,0.6
bWWBN__,WWBN,Theis confined,2017-12-08 11:00:00,10.004861111111111,2.613081,0.7964670888000001,2.5147986539908636,0.7665106297364153,0.03760374512014844,0.7,0.6
bWWBN__,WWBN,Theis confined,2017-12-08 12:00:00,10.046527777777778,2.608986,0.7952189328,2.4980917985746234,0.7614183802055452,0.04260008235077037,0.7,0.6
bWWBN__,WWBN,Theis confined,2017-12-08 13:00:00,10.088194444444444,2.587172,0.7885700256,2.48161981145942,0.7563977185328312,0.0408477913235161,0.7,0.6
bWWBN__,WWBN,Theis confined,2017-12-08 14:00:00,10.129861111111111,2.558825,0.7799298600000001,2.4653774936959145,0.7514470600785148,0.03647703921179729,0.7,0.6
bWWBN__,WWBN,Theis confined,2017-12-08 15:00:00,10.171527777777778,2.545671,0.7759205208000001,2.4493598058397743,0.7465648688199633,0.03781043595784636,0.7,0.6
bWWBN__,WWBN,Theis confined,2017-12-08 16:00:00,10.213194444444444,2.530347,0.7712497656,2.433561861653856,0.7417496554320953,0.03823012169737444,0.7,0.6
bWWBN__,WWBN,Theis confined,2017-12-08 17:00:00,10.254861111111111,2.511781,0.7655908488000001,2.417978922115062,0.7369999754606709,0.037303154192580096,0.7,0.6
bWWBN__,WWBN,Theis confined,2017-12-08 18:00:00,10.296527777777778,2.502758,0.7628406384,2.402606389708437,0.7323144275831317,0.04002305170196374,0.7,0.6
bWWBN__,WWBN,Theis confined,2017-12-09 06:00:00,10.796527777777778,2.333813,0.7113462024000001,2.233045576126414,0.6806322916033309,0.04319097591916743,0.1,0.6
bWWBN__,WWBN,Theis confined,2017-12-09 18:00:00,11.296527777777778,2.19244,0.668255712,2.086865452929478,0.6360765900529048,0.04822454511068641,0.1,0.6
bWWBN__,WWBN,Theis confined,2017-12-10 06:00:00,11.796527777777778,2.063234,0.6288737232,1.959376555535855,0.5972179741273287,0.05039497293906997,0.1,0.6
bWWBN__,WWBN,Theis confined,2017-12-10 18:00:00,12.296527777777778,1.966739,0.5994620472000001,1.8470981449614217,0.5629955145842414,0.061156423952687,0.1,0.6
bWWBN__,WWBN,Theis confined,2017-12-11 06:00:00,12.796527777777778,1.864784,0.5683861632,1.7473844743649702,0.532602787786443,0.06327228416206587,0.1,0.6
bWWBN__,WWBN,Theis confined,2017-12-11 18:00:00,13.296527777777778,1.750174,0.5334530352,1.658183775117432,0.5054144146557933,0.052452640645623605,0.1,0.6
bWWBN__,WWBN,Theis confined,2017-12-12 06:00:00,13.796527777777778,1.635281,0.4984336488,1.5778774061883782,0.48093703340621774,0.034655354058307775,0.1,0.6
bWWBN__,WWBN,Theis confined,2017-12-12 18:00:00,14.296527777777778,1.558266,0.4749594768,1.505169335756384,0.4587756135385459,0.033572142666674853,0.1,0.6
bWWBN__,WWBN,Theis confined,2017-12-13 06:00:00,14.796527777777778,1.474707,0.4494906936,1.439008284296545,0.438609725053587,0.023691943101315394,0.1,0.6
bWWBN__,WWBN,Theis confined,2017-12-13 18:00:00,15.296527777777778,1.408996,0.4294619808,1.3785316730819714,0.42017645395538494,0.02110141322416892,0.1,0.6
bWWBN__,WWBN,Theis confined,2017-12-14 06:00:00,15.796527777777778,1.354548,0.4128662304,1.3230244951564256,0.40325786612367853,0.02269957560558844,0.1,0.6
bWWBN__,WWBN,Theis confined,2017-12-14 18:00:00,16.29652777777778,1.336791,0.4074538968,1.27188862310446,0.38767165232223944,0.04793095595304531,0.1,0.6
bWWBN__,WWBN,Theis confined,2017-12-15 06:00:00,16.79652777777778,1.281958,0.3907407984,1.224619558500421,0.3732640414309283,0.04400229149482082,0.1,0.6
bWWBN__,WWBN,Theis confined,2017-12-15 18:00:00,17.29652777777778,1.228091,0.3743221368,1.1807885796247697,0.3599043590696298,0.03771247282841439,0.1,0.6
bWWBN__,WWBN,Theis confined,2017-12-16 06:00:00,17.79652777777778,1.167406,0.3558253488,1.1400288662140041,0.3474807984220285,0.022744801449839813,0.1,0.6
bWWBN__,WWBN,Theis confined,2017-12-16 18:00:00,18.29652777777778,1.104496,0.3366503808,1.1020245954577927,0.33589709669553525,0.0021429728335107256,0.1,0.6
bWWBN__,WWBN,Theis confined,2017-12-17 06:00:00,18.79652777777778,1.087991,0.3316196568,1.0665022862059146,0.32506989683556275,0.019063587111087354,0.1,0.6
bWWBN__,WWBN,Theis confined,2017-12-17 18:00:00,19.29652777777778,1.082817,0.3300426216,1.0332238641383664,0.31492663378937413,0.04476579682672788,0.1,0.6
bWWBN__,WWBN,Theis confined,2017-12-18 06:00:00,19.79652777777778,1.044489,0.3183602472,1.0019810583792228,0.3054038265939871,0.039612478868544354,0.1,0.6
bWWBN__,WWBN,Theis confined,2017-12-18 18:00:00,20.29652777777778,0.9983575,0.304299366,0.9725908383222712,0.2964456875206283,0.02488520925900417,0.1,0.6
bWWBN__,WWBN,Theis confined,2017-12-19 06:00:00,20.79652777777778,0.9483236,0.28904903328,0.9448916705118058,0.2880029811719984,0.00344361487735223,0.1,0.6
bWWBN__,WWBN,Theis confined,2017-12-19 18:00:00,21.29652777777778,0.9570914,0.29172145872,0.9187404274489098,0.28003208228642773,0.03882495397149355,0.1,0.6
bWWBN__,WWBN,Theis confined,2017-12-20 06:00:00,21.79652777777778,0.9658669,0.29439623112,0.8940098187086943,0.27249419274241005,0.07336104835378077,0.1,0.6
bWWBN__,WWBN,Theis confined,2017-12-20 18:00:00,22.29652777777778,0.9232231,0.28139840088,0.8705862435659998,0.26535468703891674,0.05560265838469469,0.1,0.6
bWWBN__,WWBN,Theis confined,2017-12-21 06:00:00,22.79652777777778,0.9509659,0.28985440632,0.8483679860909099,0.25858256216050934,0.10814094437165656,0.1,0.6
bWWBN__,WWBN,Theis confined,2017-12-21 18:00:00,23.29652777777778,0.91124,0.277745952,0.827263690265132,0.25214997279281226,0.09141649741538282,0.1,0.6
bWWBN__,WWBN,Theis confined,2017-12-22 06:00:00,23.79652777777778,0.8837624,0.26937077952,0.8071910654233898,0.24603183674104923,0.08556117557740572,0.1,0.6
bWWBN__,WWBN,Theis confined,2017-12-22 18:00:00,24.29652777777778,0.8437355,0.2571705804,0.7880757822061917,0.24020549841644723,0.06430134148009214,0.1,0.6
bWWBN__,WWBN,Theis confined,2017-12-23 06:00:00,24.79652777777778,0.8481852,0.25852684896,0.7698505269252455,0.23465044060681484,0.09125424371363833,0.1,0.6
bWWBN__,WWBN,Theis confined,2017-12-23 18:00:00,25.29652777777778,0.8158609,0.24867440232,0.752454188307854,0.22934803659623393,0.07604950495055984,0.1,0.6
bWWBN__,WWBN,Theis confined,2017-12-24 06:00:00,25.79652777777778,0.7990193,0.24354108264,0.7358311553869102,0.22428133616193024,0.0773399643558077,0.1,0.6
bWWBN__,WWBN,Theis confined,2017-12-24 18:00:00,26.29652777777778,0.7897801,0.24072497448,0.7199307091256336,0.21943488014149315,0.08683954920118664,0.1,0.6
bWWBN__,WWBN,Theis confined,2017-12-25 06:00:00,26.79652777777778,0.7366338,0.22452598224,0.704706493428486,0.21479453919700253,0.04143390557759252,0.1,0.6
bWWBN__,WWBN,Theis confined,2017-12-25 18:00:00,27.29652777777778,0.7113127,0.21680811096,0.6901160536568203,0.21034737315459884,0.028237176996589453,0.1,0.6
bWWBN__,WWBN,Theis confined,2017-12-26 06:00:00,27.79652777777778,0.7258671,0.22124429208,0.6761204327656481,0.20608150790696955,0.06626535620998286,0.1,0.6
bWWBN__,WWBN,Theis confined,2017-12-26 18:00:00,28.29652777777778,0.7112833,0.2167991498399999,0.6626838168045682,0.20198602736203242,0.06596769454260132,0.1,0.6
bWWBN__,WWBN,Theis confined,2017-12-27 06:00:00,28.79652777777778,0.6931461,0.21127093128,0.6497732228559122,0.19805087832648205,0.06013634544407975,0.1,0.6
bWWBN__,WWBN,Theis confined,2017-12-27 18:00:00,29.29652777777778,0.666369,0.2031092712,0.6373582235764846,0.1942667865461125,0.041339809313148734,0.1,0.6
bWWBN__,WWBN,Theis confined,2017-12-28 06:00:00,29.79652777777778,0.6121684,0.1865889283199999,0.625410703411289,0.1906251823997609,-0.01980105108800556,0.1,0.6
bWWBN__,WWBN,Theis confined,2017-12-28 18:00:00,30.29652777777778,0.596378,0.1817760144,0.6139046422952493,0.18711813497159202,-0.026754056188027953,0.1,0.6
bWWBN__,WWBN,Theis confined,2017-12-29 06:00:00,30.79652777777778,0.595069,0.1813770311999999,0.6028159232811339,0.1837382934160896,-0.011937907815204873,0.1,0.6
bWWBN__,WWBN,Theis confined,2017-12-29 18:00:00,31.29652777777778,0.6163006,0.18784842288,0.5921221610513708,0.18047883468845782,0.03696235246324209,0.1,0.6
bWWBN__,WWBN,Theis confined,2017-12-30 06:00:00,31.79652777777778,0.6089405,0.1856050644,0.5818025487071374,0.1773334168459355,0.042056319709740775,0.1,0.6
bWWBN__,WWBN,Theis confined,2017-12-30 18:00:00,32.296527777777776,0.6005868,0.18305885664,0.5718377205945037,0.17429613723720472,0.04519556553612469,0.1,0.6
bWWBN__,WWBN,Theis confined,2017-12-31 06:00:00,32.796527777777776,0.5852071,0.17837112408,0.5622096292367686,0.1713614949913671,0.0368763321578649,0.1,0.6
bWWBN__,WWBN,Theis confined,2017-12-31 18:00:00,33.296527777777776,0.5600036,0.17068909728,0.5529014347041116,0.16852435729781323,0.01171113362498577,0.1,0.6
bWWBN__,WWBN,Theis confined,2018-01-01 06:00:00,33.796527777777776,0.5468014,0.16666506672,0.5438974049741752,0.1657799290361286,0.004877809184980375,0.1,0.6
bWWBN__,WWBN,Hantush-Jacob leaky,2017-11-28 11:00:00,0.004861111111111111,0.04410033,0.013441780584,9.766830157473913e-15,2.9769298319980487e-15,0.6323385480643884,0.7,0.6
bWWBN__,WWBN,Hantush-Jacob leaky,2017-11-28 11:30:00,0.025694444444444443,0.09275073,0.028270422504,0.0017399950965360125,0.0005303505054241766,1.014868880371783,0.7,0.6
bWWBN__,WWBN,Hantush-Jacob leaky,2017-11-28 12:00:00,0.04652777777777778,0.1562323,0.04761960504,0.036728944454666734,0.011194982269782421,0.8662155292034988,0.7,0.6
bWWBN__,WWBN,Hantush-Jacob leaky,2017-11-28 12:30:00,0.06736111111111111,0.2839998,0.08656313904,0.1303047681703962,0.03971689333833677,0.6164918185552684,0.7,0.6
bWWBN__,WWBN,Hantush-Jacob leaky,2017-11-28 13:00:00,0.08819444444444445,0.4110283,0.12528142584,0.26690039873668625,0.08135124153494197,0.37487190446135754,0.7,0.6
bWWBN__,WWBN,Hantush-Jacob leaky,2017-11-28 13:30:00,0.10902777777777778,0.5654808,0.17235854784,0.42751368767124004,0.13030617200219397,0.2538109261968362,0.7,0.6
bWWBN__,WWBN,Hantush-Jacob leaky,2017-11-28 14:00:00,0.12986111111111112,0.7037597,0.21450595656,0.5994343892133578,0.18270760183223148,0.1489718033163585,0.7,0.6
bWWBN__,WWBN,Hantush-Jacob leaky,2017-11-28 14:30:00,0.15069444444444444,0.8582255,0.2615871324,0.7750995282962863,0.23625033622470806,0.09598867636829711,0.7,0.6
bWWBN__,WWBN,Hantush-Jacob leaky,2017-11-28 15:00:00,0.17152777777777778,1.010703,0.3080622744,0.9501604894756059,0.2896089171921647,0.05877141924766005,0.7,0.6
bWWBN__,WWBN,Hantush-Jacob leaky,2017-11-28 15:30:00,0.19236111111111112,1.146013,0.3493047624,1.1221694666150637,0.34203725342427144,0.02013724824483165,0.7,0.6
bWWBN__,WWBN,Hantush-Jacob leaky,2017-11-28 16:00:00,0.21319444444444444,1.27302,0.388016496,1.2897951814346669,0.3931295713012865,-0.01259975042796635,0.7,0.6
bWWBN__,WWBN,Hantush-Jacob leaky,2017-11-28 16:30:00,0.23402777777777778,1.411252,0.4301496096,1.4523655908982191,0.4426810321057772,-0.02774732395841939,0.7,0.6
bWWBN__,WWBN,Hantush-Jacob leaky,2017-11-28 17:00:00,0.2548611111111111,1.568966,0.4782208368,1.6095999440930566,0.4906060629595637,-0.024788901932259577,0.7,0.6
bWWBN__,WWBN,Hantush-Jacob leaky,2017-11-28 17:30:00,0.27569444444444446,1.685397,0.5137090056,1.7614497137051852,0.5368898727373405,-0.0428912658217836,0.7,0.6
bWWBN__,WWBN,Hantush-Jacob leaky,2017-11-28 18:00:00,0.2965277777777778,1.813614,0.5527895472000001,1.908002812746383,0.5815592573250976,-0.04940736737383833,0.7,0.6
bWWBN__,WWBN,Hantush-Jacob leaky,2017-11-28 18:30:00,0.3173611111111111,1.932391,0.5889927768000001,2.049425205262928,0.6246648025641405,-0.05735990355305176,0.7,0.6
bWWBN__,WWBN,Hantush-Jacob leaky,2017-11-28 19:00:00,0.33819444444444446,2.05252,0.625608096,2.1859249973017194,0.666269939177564,-0.06151838617930555,0.7,0.6
bWWBN__,WWBN,Hantush-Jacob leaky,2017-11-28 19:30:00,0.3590277777777778,2.167666,0.6607045968,2.3177302625532854,0.7064441840262414,-0.06547650966353175,0.7,0.6
bWWBN__,WWBN,Hantush-Jacob leaky,2017-11-28 20:00:00,0.3798611111111111,2.281587,0.6954277176,2.4450753787660324,0.7452589754478867,-0.06776978907409398,0.7,0.6
bWWBN__,WWBN,Hantush-Jacob leaky,2017-11-28 20:30:00,0.40069444444444446,2.394446,0.7298271408,2.5681926992965853,0.7827851347455992,-0.0686657579306979,0.7,0.6
bWWBN__,WWBN,Hantush-Jacob leaky,2017-11-28 21:00:00,0.4215277777777778,2.500168,0.7620512064,2.6873075980585552,0.8190913558882477,-0.07081556950524073,0.7,0.6
bWWBN__,WWBN,Hantush-Jacob leaky,2017-11-28 21:30:00,0.4423611111111111,2.587178,0.7885718544000001,2.8026356586182914,0.8542433487468553,-0.07853395337997063,0.7,0.6
bWWBN__,WWBN,Hantush-Jacob leaky,2017-11-28 22:00:00,0.46319444444444446,2.670855,0.814076604,2.9143812276556997,0.8883033981894574,-0.08572214933083536,0.7,0.6
bWWBN__,WWBN,Hantush-Jacob leaky,2017-11-28 22:30:00,0.4840277777777778,2.763953,0.8424528744,3.0227368330699504,0.9213301867197209,-0.08797838469044351,0.7,0.6
bWWBN__,WWBN,Hantush-Jacob leaky,2017-11-28 23:00:00,0.5048611111111111,2.852267,0.8693709816,3.127883143935418,0.9533787822715155,-0.0907231413791871,0.7,0.6
bWWBN__,WWBN,Hantush-Jacob leaky,2017-11-28 23:30:00,0.5256944444444445,2.92207,0.8906469360000001,3.2299892626557742,0.9845007272574801,-0.09858146906914285,0.7,0.6
bWWBN__,WWBN,Hantush-Jacob leaky,2017-11-29 00:00:00,0.5465277777777777,3.005277,0.9160084296,3.3292132127886966,1.0147441872579948,-0.10077264557235446,0.7,0.6
bWWBN__,WWBN,Hantush-Jacob leaky,2017-11-29 00:30:00,0.5673611111111111,3.082529,0.9395548392,3.425702533699653,1.0441541322716543,-0.10395596102813004,0.7,0.6
bWWBN__,WWBN,Hantush-Jacob leaky,2017-11-29 01:00:00,0.5881944444444445,3.15165,0.96062292,3.5195949245263374,1.0727725329956277,-0.10878582091771276,0.7,0.6
bWWBN__,WWBN,Hantush-Jacob leaky,2017-11-29 01:30:00,0.6090277777777777,3.228835,0.984148908,3.61101890062189,1.1006385609095521,-0.1102533204417146,0.7,0.6
bWWBN__,WWBN,Hantush-Jacob leaky,2017-11-29 02:00:00,0.6298611111111111,3.303095,1.006783356,3.7000944393531925,1.1277887851148531,-0.11189722357374006,0.7,0.6
bWWBN__,WWBN,Hantush-Jacob leaky,2017-11-29 02:30:00,0.6506944444444445,3.370928,1.0274588544,3.7869336012235473,1.1542573616529372,-0.11476164695127279,0.7,0.6
bWWBN__,WWBN,Hantush-Jacob leaky,2017-11-29 03:00:00,0.6715277777777777,3.436976,1.0475902848,3.8716411183096957,1.1800762128607953,-0.1174753338592047,0.7,0.6
bWWBN__,WWBN,Hantush-Jacob leaky,2017-11-29 03:30:00,0.6923611111111111,3.501384,1.0672218432,3.9543149459674636,1.205275195530883,-0.12003512952672131,0.7,0.6
bWWBN__,WWBN,Hantush-Jacob leaky,2017-11-29 04:00:00,0.7131944444444445,3.571221,1.0885081608,4.035046776343552,1.2298822574295145,-0.12052191721877768,0.7,0.6
bWWBN__,WWBN,Hantush-Jacob leaky,2017-11-29 04:30:00,0.7340277777777777,3.647005,1.111607124,4.113922513884495,1.253923582231994,-0.118934509600859,0.7,0.6
bWWBN__,WWBN,Hantush-Jacob leaky,2017-11-29 05:00:00,0.7548611111111111,3.714059,1.1320451832,4.191022714061576,1.2774237232459684,-0.11930654989062672,0.7,0.6
bWWBN__,WWBN,Hantush-Jacob leaky,2017-11-29 05:30:00,0.7756944444444445,3.768811,1.1487335928,4.2664229871382044,1.3004057264797249,-0.1224879294044042,0.7,0.6
bWWBN__,WWBN,Hantush-Jacob leaky,2017-11-29 06:00:00,0.7965277777777777,3.831411,1.1678140728000002,4.340194369133435,1.3228912437118712,-0.12317475421518012,0.7,0.6
bWWBN__,WWBN,Hantush-Jacob leaky,2017-11-29 10:43:00,0.9930555555555556,4.439902,1.3532821296000002,4.967077997048902,1.5139653735005054,-0.11101681669743219,0.7,0.6
bWWBN__,WWBN,Hantush-Jacob leaky,2017-11-29 10:44:00,0.99375,4.42968,1.3501664640000002,4.96909955740484,1.5145815450969955,-0.11369893127551406,0.7,0.6
bWWBN__,WWBN,Hantush-Jacob leaky,2017-12-01 13:16:00,3.0993055555555555,7.477935,2.2792745880000003,8.418334926680654,2.565908485652263,-0.11771313671681227,0.7,0.6
bWWBN__,WWBN,Hantush-Jacob leaky,2017-12-02 09:34:00,3.9451388888888888,8.115042,2.4734648016000005,9.15027869554068,2.7890049464007993,-0.11937190627360472,0.7,0.6
bWWBN__,WWBN,Hantush-Jacob leaky,2017-12-02 09:54:00,3.9590277777777776,8.12741,2.477234568,9.160805778673538,2.7922136013396943,-0.11900186142011315,0.7,0.6
bWWBN__,WWBN,Hantush-Jacob leaky,2017-12-02 09:58:00,3.9618055555555554,8.130084,2.4780496032,9.162906208894954,2.792853812471182,-0.11890293026426524,0.7,0.6
bWWBN__,WWBN,Hantush-Jacob leaky,2017-12-02 10:03:00,3.9652777777777777,8.133518,2.4790962864000003,9.165529416687827,2.7936533662064496,-0.11876790958328587,0.7,0.6
bWWBN__,WWBN,Hantush-Jacob leaky,2017-12-02 12:51:00,4.081944444444445,8.237371,2.5107506808,9.252192807409552,2.8200683676984317,-0.11551736832910742,0.7,0.6
bWWBN__,WWBN,Hantush-Jacob leaky,2017-12-02 12:58:00,4.086805555555555,8.241882,2.5121256336,9.255742748345549,2.8211503896957235,-0.11535474551816394,0.7,0.6
bWWBN__,WWBN,Hantush-Jacob leaky,2017-12-02 13:02:00,4.089583333333334,8.244517,2.5129287816000003,9.257769135513,2.8217680325043624,-0.11525474823080817,0.7,0.6
bWWBN__,WWBN,Hantush-Jacob leaky,2017-12-02 13:06:00,4.092361111111111,8.247104,2.5137172992,9.259793961161094,2.822385199361902,-0.11516042187223874,0.7,0.6
bWWBN__,WWBN,Hantush-Jacob leaky,2017-12-04 08:12:00,5.888194444444444,8.903277,2.7137188296,10.311373153606326,3.142906537219208,-0.14606516130923453,0.7,0.6
bWWBN__,WWBN,Hantush-Jacob leaky,2017-12-04 08:17:00,5.891666666666667,8.94622,2.726807856,10.31301226933735,3.143406139694024,-0.14143846504599145,0.7,0.6
bWWBN__,WWBN,Hantush-Jacob leaky,2017-12-04 08:25:00,5.897222222222222,9.014943,2.7477546264000003,10.31563234052772,3.1442047373928492,-0.13408119504720606,0.7,0.6
bWWBN__,WWBN,Hantush-Jacob leaky,2017-12-04 08:30:00,5.9006944444444445,8.995563,2.7418476024000005,10.317268315982746,3.1447033827115414,-0.1363792045004748,0.7,0.6
bWWBN__,WWBN,Hantush-Jacob leaky,2017-12-04 10:48:00,5.996527777777778,9.020144,2.7493398912,10.36195040534718,3.1583224835498207,-0.1379660833833798,0.7,0.6
bWWBN__,WWBN,Hantush-Jacob leaky,2017-12-04 10:50:00,5.997916666666667,9.010268,2.7463296864,10.362591365711378,3.1585178482688283,-0.13911708188126104,0.7,0.6
bWWBN__,WWBN,Hantush-Jacob leaky,2017-12-04 10:53:00,6.0,9.030466,2.7524860368,10.36355245623858,3.158810788661519,-0.13698256573230094,0.7,0.6
bWWBN__,WWBN,Hantush-Jacob leaky,2017-12-06 09:02:00,7.922916666666667,3.892333,1.1863830984,4.193518609916368,1.278184472302509,-0.07362010588051099,0.7,0.6
bWWBN__,WWBN,Hantush-Jacob leaky,2017-12-06 09:15:00,7.9319444444444445,3.894334,1.1869930032,4.18184237830675,1.2746255569078975,-0.07035732990761656,0.7,0.6
bWWBN__,WWBN,Hantush-Jacob leaky,2017-12-06 09:30:00,7.942361111111111,3.885503,1.1843013144,4.168446203792235,1.2705424029158734,-0.06942816120080303,0.7,0.6
bWWBN__,WWBN,Hantush-Jacob leaky,2017-12-06 09:45:00,7.9527777777777775,3.871585,1.180059108,4.1551310931440915,1.266483957190319,-0.06980955966358615,0.7,0.6
bWWBN__,WWBN,Hantush-Jacob leaky,2017-12-06 10:00:00,7.9631944444444445,3.864061,1.1777657928,4.141896227716434,1.2624499702079692,-0.06857773794205688,0.7,0.6
bWWBN__,WWBN,Hantush-Jacob leaky,2017-12-06 10:15:00,7.973611111111111,3.839492,1.1702771616,4.128740801035618,1.2584401961556564,-0.07173139953932847,0.7,0.6
bWWBN__,WWBN,Hantush-Jacob leaky,2017-12-06 11:00:00,8.004861111111111,3.825353,1.1659675944,4.089743266324006,1.246553747575557,-0.06599701751867887,0.7,0.6
bWWBN__,WWBN,Hantush-Jacob leaky,2017-12-06 12:00:00,8.046527777777778,3.794707,1.1566266936,4.038811803374649,1.231029837668593,-0.06155701803224517,0.7,0.6
bWWBN__,WWBN,Hantush-Jacob leaky,2017-12-06 13:00:00,8.088194444444444,3.771165,1.149451092,3.9890549055570803,1.215863935213798,-0.05545538039271,0.7,0.6
bWWBN__,WWBN,Hantush-Jacob leaky,2017-12-06 14:00:00,8.129861111111111,3.730636,1.1370978528,3.940428256302586,1.2010425325210283,-0.05400630810208584,0.7,0.6
bWWBN__,WWBN,Hantush-Jacob leaky,2017-12-06 15:00:00,8.171527777777778,3.686637,1.1236869576,3.892889964715734,1.1865528612453557,-0.053727938973001876,0.7,0.6
bWWBN__,WWBN,Hantush-Jacob leaky,2017-12-06 16:00:00,8.213194444444444,3.662662,1.1163793776000002,3.8464003915560796,1.1723828393462932,-0.04830401086599885,0.7,0.6
bWWBN__,WWBN,Hantush-Jacob leaky,2017-12-06 17:00:00,8.254861111111111,3.621679,1.1038877592,3.8009219904899876,1.1585210227013483,-0.04766354704236132,0.7,0.6
bWWBN__,WWBN,Hantush-Jacob leaky,2017-12-06 18:00:00,8.296527777777778,3.59742,1.096493616,3.756419163043299,1.1449565608955976,-0.04266882663741006,0.7,0.6
bWWBN__,WWBN,Hantush-Jacob leaky,2017-12-06 19:00:00,8.338194444444444,3.571175,1.08849414,3.712858125869174,1.1316791567649243,-0.03838024969412848,0.7,0.6
bWWBN__,WWBN,Hantush-Jacob leaky,2017-12-06 20:00:00,8.379861111111111,3.531743,1.0764752664,3.6702067891052232,1.118679029319272,-0.037929701771707736,0.7,0.6
bWWBN__,WWBN,Hantush-Jacob leaky,2017-12-06 21:00:00,8.421527777777778,3.49789,1.066156872,3.628434644732867,1.105946879714578,-0.03613423282244646,0.7,0.6
bWWBN__,WWBN,Hantush-Jacob leaky,2017-12-06 22:00:00,8.463194444444444,3.474696,1.0590873408,3.5875126639735937,1.0934738599791514,-0.03150592258581869,0.7,0.6
bWWBN__,WWBN,Hantush-Jacob leaky,2017-12-06 23:00:00,8.504861111111111,3.454401,1.0529014248,3.5474132028628254,1.0812515442325892,-0.026195425251947332,0.7,0.6
bWWBN__,WWBN,Hantush-Jacob leaky,2017-12-07 00:00:00,8.546527777777778,3.431267,1.0458501816,3.5081099152355573,1.069271902163798,-0.02183317320299817,0.7,0.6
bWWBN__,WWBN,Hantush-Jacob leaky,2017-12-07 01:00:00,8.588194444444444,3.404093,1.0375675464,3.4695776724395997,1.05752727455959,-0.01878109832532831,0.7,0.6
bWWBN__,WWBN,Hantush-Jacob leaky,2017-12-07 02:00:00,8.629861111111111,3.376173,1.0290575304,3.431792489164562,1.0460103506973586,-0.016103349437361088,0.7,0.6
bWWBN__,WWBN,Hantush-Jacob leaky,2017-12-07 03:00:00,8.671527777777778,3.361601,1.0246159848,3.3947314548380962,1.0347141474346517,-0.009664266695325795,0.7,0.6
bWWBN__,WWBN,Hantush-Jacob leaky,2017-12-07 04:00:00,8.713194444444444,3.335646,1.0167049008,3.358372670097362,1.023631989845676,-0.006690224437005912,0.7,0.6
bWWBN__,WWBN,Hantush-Jacob leaky,2017-12-07 05:00:00,8.754861111111111,3.310427,1.0090181496,3.32269518789313,1.012757493269826,-0.003644134512126144,0.7,0.6
bWWBN__,WWBN,Hantush-Jacob leaky,2017-12-07 06:00:00,8.796527777777778,3.282788,1.0005937824,3.2876789588283946,1.0020845466508947,-0.0014664519695775473,0.7,0.6
bWWBN__,WWBN,Hantush-Jacob leaky,2017-12-07 07:00:00,8.838194444444444,3.263223,0.9946303704,3.2533047803722077,0.991607297057449,0.0029980156921704873,0.7,0.6
bWWBN__,WWBN,Hantush-Jacob leaky,2017-12-07 08:00:00,8.879861111111111,3.225122,0.9830171856,3.2195542496245504,0.9813201352855629,0.0017014597838884914,0.7,0.6
bWWBN__,WWBN,Hantush-Jacob leaky,2017-12-07 09:00:00,8.921527777777778,3.201474,0.9758092752,3.1864097193390775,0.9712176824545509,0.004643827905839178,0.7,0.6
bWWBN__,WWBN,Hantush-Jacob leaky,2017-12-07 10:00:00,8.963194444444444,3.171298,0.9666116304,3.153854256938163,0.9612947775147522,0.005429843596653994,0.7,0.6
bWWBN__,WWBN,Hantush-Jacob leaky,2017-12-07 11:00:00,9.004861111111111,3.152066,0.9607497168,3.1218716062797105,0.9515464655940558,0.00947440073935174,0.7,0.6
bWWBN__,WWBN,Hantush-Jacob leaky,2017-12-07 12:00:00,9.046527777777778,3.129277,0.9538036296,3.0904461519571056,0.9419679871165259,0.01228893601430072,0.7,0.6
bWWBN__,WWBN,Hantush-Jacob leaky,2017-12-07 13:00:00,9.088194444444444,3.102723,0.9457099704,3.0595628859338544,0.9325547676326389,0.013784358698836499,0.7,0.6
bWWBN__,WWBN,Hantush-Jacob leaky,2017-12-07 14:00:00,9.129861111111111,3.076724,0.9377854752,3.029207376332049,0.9233024083060086,0.015313592549148575,0.7,0.6
bWWBN__,WWBN,Hantush-Jacob leaky,2017-12-07 15:00:00,9.171527777777778,3.038303,0.9260747544,2.9993657382100913,0.9142066770064359,0.012688134802031917,0.7,0.6
bWWBN__,WWBN,Hantush-Jacob leaky,2017-12-07 16:00:00,9.213194444444444,3.016097,0.9193063656,2.970024606179382,0.9052634999634757,0.01514043816652956,0.7,0.6
bWWBN__,WWBN,Hantush-Jacob leaky,2017-12-07 17:00:00,9.254861111111111,2.997406,0.9136093488,2.9411711087228345,0.8964689539387201,0.018625751066651028,0.7,0.6
bWWBN__,WWBN,Hantush-Jacob leaky,2017-12-07 18:00:00,9.296527777777778,2.981612,0.9087953376,2.91279284408974,0.8878192588785527,0.022962139352219316,0.7,0.6
bWWBN__,WWBN,Hantush-Jacob leaky,2017-12-07 19:00:00,9.338194444444444,2.94845,0.8986875599999999,2.884877857652228,0.8793107710123991,0.0214296518605349,0.7,0.6
bWWBN__,WWBN,Hantush-Jacob leaky,2017-12-07 20:00:00,9.379861111111111,2.921836,0.8905756128,2.857414620618012,0.8709399763643701,0.02191570387926718,0.7,0.6
bWWBN__,WWBN,Hantush-Jacob leaky,2017-12-07 21:00:00,9.421527777777778,2.901316,0.8843211168,2.830392010003136,0.8627034846489559,0.0243247731033379,0.7,0.6
bWWBN__,WWBN,Hantush-Jacob leaky,2017-12-07 22:00:00,9.463194444444444,2.887273,0.8800408104,2.8037992897759025,0.8545980235236952,0.028830409243847402,0.7,0.6
bWWBN__,WWBN,Hantush-Jacob leaky,2017-12-07 23:00:00,9.504861111111111,2.846838,0.8677162224,2.77762609309073,0.8466204331740546,0.024182274035128626,0.7,0.6
bWWBN__,WWBN,Hantush-Jacob leaky,2017-12-08 00:00:00,9.546527777777778,2.831311,0.8629835928,2.751862405536954,0.8387676612076636,0.027961058000304934,0.7,0.6
bWWBN__,WWBN,Hantush-Jacob leaky,2017-12-08 01:00:00,9.588194444444444,2.811503,0.8569461144,2.7264985493336176,0.8310367578368867,0.03015639204850873,0.7,0.6
bWWBN__,WWBN,Hantush-Jacob leaky,2017-12-08 02:00:00,9.629861111111111,2.807931,0.8558573688000001,2.7015251684066883,0.8234248713303587,0.03794257182469282,0.7,0.6
bWWBN__,WWBN,Hantush-Jacob leaky,2017-12-08 03:00:00,9.671527777777778,2.777838,0.8466850224000001,2.6769332142900137,0.8159292437155963,0.03633484907282225,0.7,0.6
bWWBN__,WWBN,Hantush-Jacob leaky,2017-12-08 04:00:00,9.713194444444444,2.759349,0.8410495752,2.6527139327959364,0.8085472067162014,0.03869635543781702,0.7,0.6
bWWBN__,WWBN,Hantush-Jacob leaky,2017-12-08 05:00:00,9.754861111111111,2.731753,0.8326383144,2.628858851405391,0.8012761779083633,0.037690402383829424,0.7,0.6
bWWBN__,WWBN,Hantush-Jacob leaky,2017-12-08 06:00:00,9.796527777777778,2.733524,0.8331781152000001,2.605359767331339,0.7941136570825922,0.047137599742402225,0.7,0.6
bWWBN__,WWBN,Hantush-Jacob leaky,2017-12-08 07:00:00,9.838194444444444,2.694217,0.8211973416,2.5822087362125625,0.7870572227975892,0.041672470979430776,0.7,0.6
bWWBN__,WWBN,Hantush-Jacob leaky,2017-12-08 08:00:00,9.879861111111111,2.679979,0.8168575992,2.5593980613981735,0.7801045291141633,0.04517434994046446,0.7,0.6
bWWBN__,WWBN,Hantush-Jacob leaky,2017-12-08 09:00:00,9.921527777777778,2.655313,0.8093394024,2.5369202837859928,0.7732533024979706,0.04474952867342,0.7,0.6
bWWBN__,WWBN,Hantush-Jacob leaky,2017-12-08 10:00:00,9.963194444444444,2.628625,0.8012049,2.5147681721806467,0.7665013388806612,0.04343550983912661,0.7,0.6
bWWBN__,WWBN,Hantush-Jacob leaky,2017-12-08 11:00:00,10.004861111111111,2.613081,0.7964670888000001,2.4929347141396394,0.7598465008697621,0.04616490985437144,0.7,0.6
bWWBN__,WWBN,Hantush-Jacob leaky,2017-12-08 12:00:00,10.046527777777778,2.608986,0.7952189328,2.471413107277927,0.7532867150983122,0.05312534589547427,0.7,0.6
bWWBN__,WWBN,Hantush-Jacob leaky,2017-12-08 13:00:00,10.088194444444444,2.587172,0.7885700256,2.450196751003489,0.7468199697058635,0.05333770170040528,0.7,0.6
bWWBN__,WWBN,Hantush-Jacob leaky,2017-12-08 14:00:00,10.129861111111111,2.558825,0.7799298600000001,2.4292792386584976,0.7404443119431101,0.05093204003432611,0.7,0.6
bWWBN__,WWBN,Hantush-Jacob leaky,2017-12-08 15:00:00,10.171527777777778,2.545671,0.7759205208000001,2.4086543500421564,0.7341578458928493,0.054230869273884735,0.7,0.6
bWWBN__,WWBN,Hantush-Jacob leaky,2017-12-08 16:00:00,10.213194444444444,2.530347,0.7712497656,2.3883160442931604,0.7279587303005552,0.05661623075037453,0.7,0.6
bWWBN__,WWBN,Hantush-Jacob leaky,2017-12-08 17:00:00,10.254861111111111,2.511781,0.7655908488000001,2.3682584531110065,0.7218451765082348,0.05765508610397449,0.7,0.6
bWWBN__,WWBN,Hantush-Jacob leaky,2017-12-08 18:00:00,10.296527777777778,2.502758,0.7628406384,2.3484758742969043,0.7158154464856965,0.06234086007739359,0.7,0.6
bWWBN__,WWBN,Hantush-Jacob leaky,2017-12-09 06:00:00,10.796527777777778,2.333813,0.7113462024000001,2.13066223756783,0.6494258500106747,0.08907269715881205,0.1,0.6
bWWBN__,WWBN,Hantush-Jacob leaky,2017-12-09 18:00:00,11.296527777777778,2.19244,0.668255712,1.9437732072426328,0.5924620735675545,0.11753563126044875,0.1,0.6
bWWBN__,WWBN,Hantush-Jacob leaky,2017-12-10 06:00:00,11.796527777777778,2.063234,0.6288737232,1.7818286230373894,0.5431013643017963,0.14290476002253527,0.1,0.6
bWWBN__,WWBN,Hantush-Jacob leaky,2017-12-10 18:00:00,12.296527777777778,1.966739,0.5994620472000001,1.6403180189380044,0.49996893217230376,0.1765651623816767,0.1,0.6
bWWBN__,WWBN,Hantush-Jacob leaky,2017-12-11 06:00:00,12.796527777777778,1.864784,0.5683861632,1.5157639704213555,0.46200485818442916,0.20123095764281163,0.1,0.6
bWWBN__,WWBN,Hantush-Jacob leaky,2017-12-11 18:00:00,13.296527777777778,1.750174,0.5334530352,1.405436263203764,0.4283769730245073,0.21257763396216867,0.1,0.6
bWWBN__,WWBN,Hantush-Jacob leaky,2017-12-12 06:00:00,13.796527777777778,1.635281,0.4984336488,1.3071581587782968,0.3984218067956249,0.21653939110223464,0.1,0.6
bWWBN__,WWBN,Hantush-Jacob leaky,2017-12-12 18:00:00,14.296527777777778,1.558266,0.4749594768,1.2191711988566871,0.3716033814115183,0.23679249185206264,0.1,0.6
bWWBN__,WWBN,Hantush-Jacob leaky,2017-12-13 06:00:00,14.796527777777778,1.474707,0.4494906936,1.140038501293867,0.3474837351943707,0.24781659982376314,0.1,0.6
bWWBN__,WWBN,Hantush-Jacob leaky,2017-12-13 18:00:00,15.296527777777778,1.408996,0.4294619808,1.06857410877192,0.32570138835368123,0.2656937708961309,0.1,0.6
bWWBN__,WWBN,Hantush-Jacob leaky,2017-12-14 06:00:00,15.796527777777778,1.354548,0.4128662304,1.0037904165869131,0.30595531897569117,0.28732195823770823,0.1,0.6
bWWBN__,WWBN,Hantush-Jacob leaky,2017-12-14 18:00:00,16.29652777777778,1.336791,0.4074538968,0.9448584213801396,0.2879928468366666,0.3321472870650207,0.1,0.6
bWWBN__,WWBN,Hantush-Jacob leaky,2017-12-15 06:00:00,16.79652777777778,1.281958,0.3907407984,0.8910772364588138,0.27160034167264646,0.34738010372727524,0.1,0.6
bWWBN__,WWBN,Hantush-Jacob leaky,2017-12-15 18:00:00,17.29652777777778,1.228091,0.3743221368,0.8418504181259971,0.25659600744480393,0.35982441157618905,0.1,0.6
bWWBN__,WWBN,Hantush-Jacob leaky,2017-12-16 06:00:00,17.79652777777778,1.167406,0.3558253488,0.7966673734578675,0.24282421542995802,0.3631697384470226,0.1,0.6
bWWBN__,WWBN,Hantush-Jacob leaky,2017-12-16 18:00:00,18.29652777777778,1.104496,0.3366503808,0.7550886101705513,0.23015100837998403,0.3604668179784034,0.1,0.6
bWWBN__,WWBN,Hantush-Jacob leaky,2017-12-17 06:00:00,18.79652777777778,1.087991,0.3316196568,0.7167339266676686,0.21846050084830537,0.39487986620627247,0.1,0.6
bWWBN__,WWBN,Hantush-Jacob leaky,2017-12-17 18:00:00,19.29652777777778,1.082817,0.3300426216,0.6812728767305269,0.20765197282746461,0.43767604741446364,0.1,0.6
bWWBN__,WWBN,Hantush-Jacob leaky,2017-12-18 06:00:00,19.79652777777778,1.044489,0.3183602472,0.6484170115052835,0.19763750510681044,0.449226504606977,0.1,0.6
bWWBN__,WWBN,Hantush-Jacob leaky,2017-12-18 18:00:00,20.29652777777778,0.9983575,0.304299366,0.6179135228388944,0.18834004176129504,0.450821224336571,0.1,0.6
bWWBN__,WWBN,Hantush-Jacob leaky,2017-12-19 06:00:00,20.79652777777778,0.9483236,0.28904903328,0.589540000784241,0.17969179223903664,0.4453283030959163,0.1,0.6
bWWBN__,WWBN,Hantush-Jacob leaky,2017-12-19 18:00:00,21.29652777777778,0.9570914,0.29172145872,0.5631000837802436,0.17163290553621824,0.4962934618283259,0.1,0.6
bWWBN__,WWBN,Hantush-Jacob leaky,2017-12-20 06:00:00,21.79652777777778,0.9658669,0.29439623112,0.538419829151719,0.16411036392544398,0.5460569273383196,0.1,0.6
bWWBN__,WWBN,Hantush-Jacob leaky,2017-12-20 18:00:00,22.29652777777778,0.9232231,0.28139840088,0.5153446687052087,0.1570770550213476,0.5431777684974592,0.1,0.6
bWWBN__,WWBN,Hantush-Jacob leaky,2017-12-21 06:00:00,22.79652777777778,0.9509659,0.28985440632,0.4937368425183918,0.15049098959960583,0.6102553283580971,0.1,0.6
bWWBN__,WWBN,Hantush-Jacob leaky,2017-12-21 18:00:00,23.29652777777778,0.91124,0.277745952,0.4734732258085063,0.14431463922643273,0.6077382332295225,0.1,0.6
bWWBN__,WWBN,Hantush-Jacob leaky,2017-12-22 06:00:00,23.79652777777778,0.8837624,0.26937077952,0.45444348066297474,0.1385143729060747,0.6157662130273183,0.1,0.6
bWWBN__,WWBN,Hantush-Jacob leaky,2017-12-22 18:00:00,24.29652777777778,0.8437355,0.2571705804,0.43654847761829674,0.13305997597805685,0.6080733277689523,0.1,0.6
bWWBN__,WWBN,Hantush-Jacob leaky,2017-12-23 06:00:00,24.79652777777778,0.8481852,0.25852684896,0.4196989424620534,0.12792423766243388,0.6482843416061026,0.1,0.6
bWWBN__,WWBN,Hantush-Jacob leaky,2017-12-23 18:00:00,25.29652777777778,0.8158609,0.24867440232,0.40381429186158857,0.1230825961594122,0.6460362065094472,0.1,0.6
bWWBN__,WWBN,Hantush-Jacob leaky,2017-12-24 06:00:00,25.79652777777778,0.7990193,0.24354108264,0.3888216279805114,0.11851283220845987,0.659988902567664,0.1,0.6
bWWBN__,WWBN,Hantush-Jacob leaky,2017-12-24 18:00:00,26.29652777777778,0.7897801,0.24072497448,0.37465486750106985,0.1141948036143261,0.6818633093075825,0.1,0.6
bWWBN__,WWBN,Hantush-Jacob leaky,2017-12-25 06:00:00,26.79652777777778,0.7366338,0.22452598224,0.3612539847072288,0.11011021453876335,0.6485518375273942,0.1,0.6
bWWBN__,WWBN,Hantush-Jacob leaky,2017-12-25 18:00:00,27.29652777777778,0.7113127,0.21680811096,0.34856435171651695,0.10624241440319437,0.6471752101118455,0.1,0.6
bWWBN__,WWBN,Hantush-Jacob leaky,2017-12-26 06:00:00,27.79652777777778,0.7258671,0.22124429208,0.3365361617436779,0.10257622209947304,0.6967558168992658,0.1,0.6
bWWBN__,WWBN,Hantush-Jacob leaky,2017-12-26 18:00:00,28.29652777777778,0.7112833,0.2167991498399999,0.3251239235658204,0.09909777190286206,0.7077491276879568,0.1,0.6
bWWBN__,WWBN,Hantush-Jacob leaky,2017-12-27 06:00:00,28.79652777777778,0.6931461,0.21127093128,0.3142860172374375,0.09579437805397095,0.7129533399210355,0.1,0.6
bWWBN__,WWBN,Hantush-Jacob leaky,2017-12-27 18:00:00,29.29652777777778,0.666369,0.2031092712,0.3039843026540949,0.09265441544896813,0.7049428279696075,0.1,0.6
bWWBN__,WWBN,Hantush-Jacob leaky,2017-12-28 06:00:00,29.79652777777778,0.6121684,0.1865889283199999,0.29418377384781413,0.08966721426881374,0.65434416322527,0.1,0.6
bWWBN__,WWBN,Hantush-Jacob leaky,2017-12-28 18:00:00,30.29652777777778,0.596378,0.1817760144,0.2848522529656874,0.08682296670394152,0.6576950733574309,0.1,0.6
bWWBN__,WWBN,Hantush-Jacob leaky,2017-12-29 06:00:00,30.79652777777778,0.595069,0.1813770311999999,0.27596011877447946,0.08411264420246134,0.6825822489827977,0.1,0.6
bWWBN__,WWBN,Hantush-Jacob leaky,2017-12-29 18:00:00,31.29652777777778,0.6163006,0.18784842288,0.26748006528150314,0.08152792389780217,0.7413258902167184,0.1,0.6
bWWBN__,WWBN,Hantush-Jacob leaky,2017-12-30 06:00:00,31.79652777777778,0.6089405,0.1856050644,0.25938688668946663,0.07906112306294943,0.7560406879032604,0.1,0.6
bWWBN__,WWBN,Hantush-Jacob leaky,2017-12-30 18:00:00,32.296527777777776,0.6005868,0.18305885664,0.25165728543258314,0.07670514059985134,0.7685831683346676,0.1,0.6
bWWBN__,WWBN,Hantush-Jacob leaky,2017-12-31 06:00:00,32.796527777777776,0.5852071,0.17837112408,0.24426970048919108,0.07445340470910544,0.7694543920180301,0.1,0.6
bWWBN__,WWBN,Hantush-Jacob leaky,2017-12-31 18:00:00,33.296527777777776,0.5600036,0.17068909728,0.2372041535457317,0.07229982600073903,0.7532715595132073,0.1,0.6
bWWBN__,WWBN,Hantush-Jacob leaky,2018-01-01 06:00:00,33.796527777777776,0.5468014,0.16666506672,0.2304421109106682,0.07023875540557167,0.7552170692825533,0.1,0.6
bWWBN__,WWBN,Lagging Darcy no-leakage,2017-11-28 11:00:00,0.004861111111111111,0.04410033,0.013441780584,0.028183409183056087,0.008590303118995496,0.1853040872347722,0.7,0.6
bWWBN__,WWBN,Lagging Darcy no-leakage,2017-11-28 11:30:00,0.025694444444444443,0.09275073,0.028270422504,0.09683687092540891,0.029515878258064634,-0.02822228662753412,0.7,0.6
bWWBN__,WWBN,Lagging Darcy no-leakage,2017-11-28 12:00:00,0.04652777777777778,0.1562323,0.04761960504,0.19001572231361166,0.057916792161188835,-0.1517012274859959,0.7,0.6
bWWBN__,WWBN,Lagging Darcy no-leakage,2017-11-28 12:30:00,0.06736111111111111,0.2839998,0.08656313904,0.3038772822733137,0.092621795636906,-0.05780979861421898,0.7,0.6
bWWBN__,WWBN,Lagging Darcy no-leakage,2017-11-28 13:00:00,0.08819444444444445,0.4110283,0.12528142584,0.4322087895914296,0.13173723906746776,-0.04491776428548011,0.7,0.6
bWWBN__,WWBN,Lagging Darcy no-leakage,2017-11-28 13:30:00,0.10902777777777778,0.5654808,0.17235854784,0.5691689340806872,0.1734826911077935,-0.005974398971722472,0.7,0.6
bWWBN__,WWBN,Lagging Darcy no-leakage,2017-11-28 14:00:00,0.12986111111111112,0.7037597,0.21450595656,0.7103333282060862,0.21650959843721507,-0.008683309925876292,0.7,0.6
bWWBN__,WWBN,Lagging Darcy no-leakage,2017-11-28 14:30:00,0.15069444444444444,0.8582255,0.2615871324,0.8526329054776981,0.2598825095896024,0.0061767527336464845,0.7,0.6
bWWBN__,WWBN,Lagging Darcy no-leakage,2017-11-28 15:00:00,0.17152777777777778,1.010703,0.3080622744,0.9940327689913018,0.3029811879885488,0.0158410189556486,0.7,0.6
bWWBN__,WWBN,Lagging Darcy no-leakage,2017-11-28 15:30:00,0.19236111111111112,1.146013,0.3493047624,1.1332275139758432,0.34540774625983706,0.010747639023152455,0.7,0.6
bWWBN__,WWBN,Lagging Darcy no-leakage,2017-11-28 16:00:00,0.21319444444444444,1.27302,0.388016496,1.2694099107248953,0.3869161407889481,0.002732402858851124,0.7,0.6
bWWBN__,WWBN,Lagging Darcy no-leakage,2017-11-28 16:30:00,0.23402777777777778,1.411252,0.4301496096,1.4021079681743358,0.42736250869953757,0.006277330609438803,0.7,0.6
bWWBN__,WWBN,Lagging Darcy no-leakage,2017-11-28 17:00:00,0.2548611111111111,1.568966,0.4782208368,1.5310734619898794,0.4666711912145153,0.023683651187725308,0.7,0.6
bWWBN__,WWBN,Lagging Darcy no-leakage,2017-11-28 17:30:00,0.27569444444444446,1.685397,0.5137090056,1.6562064892574508,0.504811737925671,0.016963726843191362,0.7,0.6
bWWBN__,WWBN,Lagging Darcy no-leakage,2017-11-28 18:00:00,0.2965277777777778,1.813614,0.5527895472000001,1.7775045461975707,0.5417833856810196,0.019566212975879682,0.7,0.6
bWWBN__,WWBN,Lagging Darcy no-leakage,2017-11-28 18:30:00,0.3173611111111111,1.932391,0.5889927768000001,1.8950281373586915,0.5776045762669292,0.019027248456766177,0.7,0.6
bWWBN__,WWBN,Lagging Darcy no-leakage,2017-11-28 19:00:00,0.33819444444444446,2.05252,0.625608096,2.0088775149440923,0.6123058665549593,0.020975686671167115,0.7,0.6
bWWBN__,WWBN,Lagging Darcy no-leakage,2017-11-28 19:30:00,0.3590277777777778,2.167666,0.6607045968,2.119176932082494,0.6459251288987441,0.02210748984431754,0.7,0.6
bWWBN__,WWBN,Lagging Darcy no-leakage,2017-11-28 20:00:00,0.3798611111111111,2.281587,0.6954277176,2.2260639912870173,0.6785043045442829,0.024101520054735315,0.7,0.6
bWWBN__,WWBN,Lagging Darcy no-leakage,2017-11-28 20:30:00,0.40069444444444446,2.394446,0.7298271408,2.329682464898734,0.7100872153011342,0.026851451712910313,0.7,0.6
bWWBN__,WWBN,Lagging Darcy no-leakage,2017-11-28 21:00:00,0.4215277777777778,2.500168,0.7620512064,2.430177492324853,0.7407180996606152,0.027829112251383903,0.7,0.6
bWWBN__,WWBN,Lagging Darcy no-leakage,2017-11-28 21:30:00,0.4423611111111111,2.587178,0.7885718544000001,2.527692410475602,0.7704406467129635,0.022814821879276997,0.7,0.6
bWWBN__,WWBN,Lagging Darcy no-leakage,2017-11-28 22:00:00,0.46319444444444446,2.670855,0.814076604,2.622366709282145,0.7992973729891978,0.017981681393832466,0.7,0.6
bWWBN__,WWBN,Lagging Darcy no-leakage,2017-11-28 22:30:00,0.4840277777777778,2.763953,0.8424528744,2.7143347629170016,0.8273292357371022,0.017790242395479522,0.7,0.6
bWWBN__,WWBN,Lagging Darcy no-leakage,2017-11-28 23:00:00,0.5048611111111111,2.852267,0.8693709816,2.8037250951395607,0.8545754089985381,0.01686696398394319,0.7,0.6
bWWBN__,WWBN,Lagging Darcy no-leakage,2017-11-28 23:30:00,0.5256944444444445,2.92207,0.8906469360000001,2.890660010906124,0.8810731713241866,0.01062463007981651,0.7,0.6
bWWBN__,WWBN,Lagging Darcy no-leakage,2017-11-29 00:00:00,0.5465277777777777,3.005277,0.9160084296,2.9752554771432043,0.9068578694332486,0.009874716373673265,0.7,0.6
bWWBN__,WWBN,Lagging Darcy no-leakage,2017-11-29 00:30:00,0.5673611111111111,3.082529,0.9395548392,3.0576211707864247,0.9319629328557023,0.007983128871510703,0.7,0.6
bWWBN__,WWBN,Lagging Darcy no-leakage,2017-11-29 01:00:00,0.5881944444444445,3.15165,0.96062292,3.1378606367041493,0.9564199220674248,0.004316256905404589,0.7,0.6
bWWBN__,WWBN,Lagging Darcy no-leakage,2017-11-29 01:30:00,0.6090277777777777,3.228835,0.984148908,3.216071515312685,0.9802585978673064,0.003900285156871701,0.7,0.6
bWWBN__,WWBN,Lagging Darcy no-leakage,2017-11-29 02:00:00,0.6298611111111111,3.303095,1.006783356,3.2923458118159035,1.0035070034414875,0.0032109005878637603,0.7,0.6
bWWBN__,WWBN,Lagging Darcy no-leakage,2017-11-29 02:30:00,0.6506944444444445,3.370928,1.0274588544,3.366770187533722,1.0261915531602785,0.0012161440486832056,0.7,0.6
bWWBN__,WWBN,Lagging Darcy no-leakage,2017-11-29 03:00:00,0.6715277777777777,3.436976,1.0475902848,3.439426259852485,1.0483371240030375,-0.0007024422795506788,0.7,0.6
bWWBN__,WWBN,Lagging Darcy no-leakage,2017-11-29 03:30:00,0.6923611111111111,3.501384,1.0672218432,3.510390901634459,1.0699671468181833,-0.0025329559989246964,0.7,0.6
bWWBN__,WWBN,Lagging Darcy no-leakage,2017-11-29 04:00:00,0.7131944444444445,3.571221,1.0885081608,3.57973653397142,1.0911036955544888,-0.002348803684604203,0.7,0.6
bWWBN__,WWBN,Lagging Darcy no-leakage,2017-11-29 04:30:00,0.7340277777777777,3.647005,1.111607124,3.647531408337174,1.1117675732611707,-0.00014237764451867363,0.7,0.6
bWWBN__,WWBN,Lagging Darcy no-leakage,2017-11-29 05:00:00,0.7548611111111111,3.714059,1.1320451832,3.713839875716855,1.1319783941184975,5.821658521831807e-05,0.7,0.6
bWWBN__,WWBN,Lagging Darcy no-leakage,2017-11-29 05:30:00,0.7756944444444445,3.768811,1.1487335928,3.7787226413834802,1.1517546610936849,-0.002592115941691703,0.7,0.6
bWWBN__,WWBN,Lagging Darcy no-leakage,2017-11-29 06:00:00,0.7965277777777777,3.831411,1.1678140728000002,3.842237004732251,1.17111383904239,-0.0027853105066322215,0.7,0.6
bWWBN__,WWBN,Lagging Darcy no-leakage,2017-11-29 10:43:00,0.9930555555555556,4.439902,1.3532821296000002,4.383131224330561,1.3359783971759551,0.01272471821179727,0.7,0.6
bWWBN__,WWBN,Lagging Darcy no-leakage,2017-11-29 10:44:00,0.99375,4.42968,1.3501664640000002,4.384878566010587,1.3365109869200271,0.010051380749527994,0.7,0.6
bWWBN__,WWBN,Lagging Darcy no-leakage,2017-12-01 13:16:00,3.0993055555555555,7.477935,2.2792745880000003,7.4120969713107465,2.2592071568555157,0.008784297748606229,0.7,0.6
bWWBN__,WWBN,Lagging Darcy no-leakage,2017-12-02 09:34:00,3.9451388888888888,8.115042,2.4734648016000005,8.084930429962194,2.4642867950524767,0.0036946816224114887,0.7,0.6
bWWBN__,WWBN,Lagging Darcy no-leakage,2017-12-02 09:54:00,3.9590277777777776,8.12741,2.477234568,8.094777490042501,2.4672881789649543,0.003998551475517864,0.7,0.6
bWWBN__,WWBN,Lagging Darcy no-leakage,2017-12-02 09:58:00,3.9618055555555554,8.130084,2.4780496032,8.096742908233596,2.4678872384296002,0.004084215297947225,0.7,0.6
bWWBN__,WWBN,Lagging Darcy no-leakage,2017-12-02 10:03:00,3.9652777777777777,8.133518,2.4790962864000003,8.099197814968832,2.4686354940025,0.0042026367119835095,0.7,0.6
bWWBN__,WWBN,Lagging Darcy no-leakage,2017-12-02 12:51:00,4.081944444444445,8.237371,2.5107506808,8.180500962057543,2.4934166932351394,0.006885906705660583,0.7,0.6
bWWBN__,WWBN,Lagging Darcy no-leakage,2017-12-02 12:58:00,4.086805555555555,8.241882,2.5121256336,8.183839768855034,2.4944343615470146,0.007024500427195712,0.7,0.6
bWWBN__,WWBN,Lagging Darcy no-leakage,2017-12-02 13:02:00,4.089583333333334,8.244517,2.5129287816000003,8.185745939086637,2.495015362233607,0.007110753018938598,0.7,0.6
bWWBN__,WWBN,Lagging Darcy no-leakage,2017-12-02 13:06:00,4.092361111111111,8.247104,2.5137172992,8.187650860918648,2.495595982408004,0.007191324673419541,0.7,0.6
bWWBN__,WWBN,Lagging Darcy no-leakage,2017-12-04 08:12:00,5.888194444444444,8.903277,2.7137188296,9.214225811648964,2.8084960273906043,-0.03414068518822089,0.7,0.6
bWWBN__,WWBN,Lagging Darcy no-leakage,2017-12-04 08:17:00,5.891666666666667,8.94622,2.726807856,9.215897618777285,2.8090055942033167,-0.029536248693611267,0.7,0.6
bWWBN__,WWBN,Lagging Darcy no-leakage,2017-12-04 08:25:00,5.897222222222222,9.014943,2.7477546264000003,9.218570511873049,2.8098202920189053,-0.02221460558141164,0.7,0.6
bWWBN__,WWBN,Lagging Darcy no-leakage,2017-12-04 08:30:00,5.9006944444444445,8.995563,2.7418476024000005,9.220239822838813,2.8103290980012705,-0.024534888855470838,0.7,0.6
bWWBN__,WWBN,Lagging Darcy no-leakage,2017-12-04 10:48:00,5.996527777777778,9.020144,2.7493398912,9.265938472895604,2.82425804653858,-0.02673860702811015,0.7,0.6
bWWBN__,WWBN,Lagging Darcy no-leakage,2017-12-04 10:50:00,5.997916666666667,9.010268,2.7463296864,9.26659551902193,2.8244583141978845,-0.027898574113777164,0.7,0.6
bWWBN__,WWBN,Lagging Darcy no-leakage,2017-12-04 10:53:00,6.0,9.030466,2.7524860368,9.267580809826867,2.8247586308352295,-0.025777512360175336,0.7,0.6
bWWBN__,WWBN,Lagging Darcy no-leakage,2017-12-06 09:02:00,7.922916666666667,3.892333,1.1863830984,3.987248745722877,1.215313417696333,-0.023790776402310726,0.7,0.6
bWWBN__,WWBN,Lagging Darcy no-leakage,2017-12-06 09:15:00,7.9319444444444445,3.894334,1.1869930032,3.9777307607619576,1.2124123358802448,-0.02092301195305421,0.7,0.6
bWWBN__,WWBN,Lagging Darcy no-leakage,2017-12-06 09:30:00,7.942361111111111,3.885503,1.1843013144,3.966812957711839,1.2090845895105686,-0.020450090720387337,0.7,0.6
bWWBN__,WWBN,Lagging Darcy no-leakage,2017-12-06 09:45:00,7.9527777777777775,3.871585,1.180059108,3.9559635590814213,1.2057776928080173,-0.021288231802489233,0.7,0.6
bWWBN__,WWBN,Lagging Darcy no-leakage,2017-12-06 10:00:00,7.9631944444444445,3.864061,1.1777657928,3.94518185409687,1.202491429128726,-0.02051364467532213,0.7,0.6
bWWBN__,WWBN,Lagging Darcy no-leakage,2017-12-06 10:15:00,7.973611111111111,3.839492,1.1702771616,3.93446714252453,1.1992255850414768,-0.02412502965536026,0.7,0.6
bWWBN__,WWBN,Lagging Darcy no-leakage,2017-12-06 11:00:00,8.004861111111111,3.825353,1.1659675944,3.902718119741498,1.1895484828972087,-0.019766718408735923,0.7,0.6
bWWBN__,WWBN,Lagging Darcy no-leakage,2017-12-06 12:00:00,8.046527777777778,3.794707,1.1566266936,3.861283278363328,1.1769191432451425,-0.017168127141893363,0.7,0.6
bWWBN__,WWBN,Lagging Darcy no-leakage,2017-12-06 13:00:00,8.088194444444444,3.771165,1.149451092,3.820836573486693,1.1645909875987441,-0.012915302594769473,0.7,0.6
bWWBN__,WWBN,Lagging Darcy no-leakage,2017-12-06 14:00:00,8.129861111111111,3.730636,1.1370978528,3.7813395213143095,1.1525522860966015,-0.013322237068063902,0.7,0.6
bWWBN__,WWBN,Lagging Darcy no-leakage,2017-12-06 15:00:00,8.171527777777778,3.686637,1.1236869576,3.742755747503608,1.1407919518390999,-0.014906855992508211,0.7,0.6
bWWBN__,WWBN,Lagging Darcy no-leakage,2017-12-06 16:00:00,8.213194444444444,3.662662,1.1163793776000002,3.705050838161837,1.129299495471728,-0.011352684375467978,0.7,0.6
bWWBN__,WWBN,Lagging Darcy no-leakage,2017-12-06 17:00:00,8.254861111111111,3.621679,1.1038877592,3.6681922036920027,1.1180649836853225,-0.012588532779094816,0.7,0.6
bWWBN__,WWBN,Lagging Darcy no-leakage,2017-12-06 18:00:00,8.296527777777778,3.59742,1.096493616,3.6321489541214773,1.1070790012162264,-0.009476468326255413,0.7,0.6
bWWBN__,WWBN,Lagging Darcy no-leakage,2017-12-06 19:00:00,8.338194444444444,3.571175,1.08849414,3.5968917848191078,1.0963326160128641,-0.007076680196766577,0.7,0.6
bWWBN__,WWBN,Lagging Darcy no-leakage,2017-12-06 20:00:00,8.379861111111111,3.531743,1.0764752664,3.562392871580402,1.0858173472577066,-0.008520844635482513,0.7,0.6
bWWBN__,WWBN,Lagging Darcy no-leakage,2017-12-06 21:00:00,8.421527777777778,3.49789,1.066156872,3.5286257741631277,1.0755251359649214,-0.00862580416860724,0.7,0.6
bWWBN__,WWBN,Lagging Darcy no-leakage,2017-12-06 22:00:00,8.463194444444444,3.474696,1.0590873408,3.495565347511632,1.0654483179215455,-0.005903433294702012,0.7,0.6
bWWBN__,WWBN,Lagging Darcy no-leakage,2017-12-06 23:00:00,8.504861111111111,3.454401,1.0529014248,3.46318765989358,1.0555795987355632,-0.0025041833915147166,0.7,0.6
bWWBN__,WWBN,Lagging Darcy no-leakage,2017-12-07 00:00:00,8.546527777777778,3.431267,1.0458501816,3.4314699173853502,1.0459120308190548,-5.828667313306085e-05,0.7,0.6
bWWBN__,WWBN,Lagging Darcy no-leakage,2017-12-07 01:00:00,8.588194444444444,3.404093,1.0375675464,3.4003903940650653,1.036438992111032,0.0010725223245649992,0.7,0.6
bWWBN__,WWBN,Lagging Darcy no-leakage,2017-12-07 02:00:00,8.629861111111111,3.376173,1.0290575304,3.3699283674540372,1.0271541663999906,0.0018242891662429012,0.7,0.6
bWWBN__,WWBN,Lagging Darcy no-leakage,2017-12-07 03:00:00,8.671527777777778,3.361601,1.0246159848,3.3400640587165182,1.0180515250967948,0.006332864989994559,0.7,0.6
bWWBN__,WWBN,Lagging Darcy no-leakage,2017-12-07 04:00:00,8.713194444444444,3.335646,1.0167049008,3.3107785772073735,1.0091253103328075,0.0073720635667342375,0.7,0.6
bWWBN__,WWBN,Lagging Darcy no-leakage,2017-12-07 05:00:00,8.754861111111111,3.310427,1.0090181496,3.282053869011753,1.0003700192747824,0.008479157889740258,0.7,0.6
bWWBN__,WWBN,Lagging Darcy no-leakage,2017-12-07 06:00:00,8.796527777777778,3.282788,1.0005937824,3.2538726691191204,0.9917803895475079,0.00871387442809112,0.7,0.6
bWWBN__,WWBN,Lagging Darcy no-leakage,2017-12-07 07:00:00,8.838194444444444,3.263223,0.9946303704,3.2262184569442907,0.9833513856766198,0.011231583830660174,0.7,0.6
bWWBN__,WWBN,Lagging Darcy no-leakage,2017-12-07 08:00:00,8.879861111111111,3.225122,0.9830171856,3.1990754149037324,0.9750781864626576,0.007984652156367837,0.7,0.6
bWWBN__,WWBN,Lagging Darcy no-leakage,2017-12-07 09:00:00,8.921527777777778,3.201474,0.9758092752,3.172428389831804,0.9669561732207339,0.0089731983310271,0.7,0.6
bWWBN__,WWBN,Lagging Darcy no-leakage,2017-12-07 10:00:00,8.963194444444444,3.171298,0.9666116304,3.146262856955357,0.9589809187999929,0.007802113793548185,0.7,0.6
bWWBN__,WWBN,Lagging Darcy no-leakage,2017-12-07 11:00:00,9.004861111111111,3.152066,0.9607497168,3.120564886289383,0.951148177341004,0.009886456898005387,0.7,0.6
bWWBN__,WWBN,Lagging Darcy no-leakage,2017-12-07 12:00:00,9.046527777777778,3.129277,0.9538036296,3.09532111120177,0.9434538746942995,0.010737825380395048,0.7,0.6
bWWBN__,WWBN,Lagging Darcy no-leakage,2017-12-07 13:00:00,9.088194444444444,3.102723,0.9457099704,3.070518699034454,0.9358940994657017,0.010267286171097824,0.7,0.6
bWWBN__,WWBN,Lagging Darcy no-leakage,2017-12-07 14:00:00,9.129861111111111,3.076724,0.9377854752,3.0461453235777998,0.9284650946265134,0.009827917302908613,0.7,0.6
bWWBN__,WWBN,Lagging Darcy no-leakage,2017-12-07 15:00:00,9.171527777777778,3.038303,0.9260747544,3.022189139306597,0.9211632496606508,0.005231366935717116,0.7,0.6
bWWBN__,WWBN,Lagging Darcy no-leakage,2017-12-07 16:00:00,9.213194444444444,3.016097,0.9193063656,2.9986387571909385,0.9139850931917981,0.0057102353855951055,0.7,0.6
bWWBN__,WWBN,Lagging Darcy no-leakage,2017-12-07 17:00:00,9.254861111111111,2.997406,0.9136093488,2.9754832220100624,0.906927286068667,0.007219915404169122,0.7,0.6
bWWBN__,WWBN,Lagging Darcy no-leakage,2017-12-07 18:00:00,9.296527777777778,2.981612,0.9087953376,2.952711991058777,0.8999866148747153,0.009578613925266447,0.7,0.6
bWWBN__,WWBN,Lagging Darcy no-leakage,2017-12-07 19:00:00,9.338194444444444,2.94845,0.8986875599999999,2.930314914105831,0.8931599858194574,0.006066517674777838,0.7,0.6
bWWBN__,WWBN,Lagging Darcy no-leakage,2017-12-07 20:00:00,9.379861111111111,2.921836,0.8905756128,2.9082822145702525,0.886444419001013,0.004571176674929511,0.7,0.6
bWWBN__,WWBN,Lagging Darcy no-leakage,2017-12-07 21:00:00,9.421527777777778,2.901316,0.8843211168,2.8866044717841453,0.8798370429998075,0.0049972002512755215,0.7,0.6
bWWBN__,WWBN,Lagging Darcy no-leakage,2017-12-07 22:00:00,9.463194444444444,2.887273,0.8800408104,2.865272604294302,0.8733350897889034,0.007518266690401107,0.7,0.6
bWWBN__,WWBN,Lagging Darcy no-leakage,2017-12-07 23:00:00,9.504861111111111,2.846838,0.8677162224,2.8442778541167595,0.8669358899347883,0.000884163299272378,0.7,0.6
bWWBN__,WWBN,Lagging Darcy no-leakage,2017-12-08 00:00:00,9.546527777777778,2.831311,0.8629835928,2.8236117719122595,0.8606368680788568,0.002675703214923053,0.7,0.6
bWWBN__,WWBN,Lagging Darcy no-leakage,2017-12-08 01:00:00,9.588194444444444,2.811503,0.8569461144,2.803266202942664,0.854435538656924,0.002882637064957533,0.7,0.6
bWWBN__,WWBN,Lagging Darcy no-leakage,2017-12-08 02:00:00,9.629861111111111,2.807931,0.8558573688000001,2.783233273854474,0.8483295018708437,0.008679377364679608,0.7,0.6
bWWBN__,WWBN,Lagging Darcy no-leakage,2017-12-08 03:00:00,9.671527777777778,2.777838,0.8466850224000001,2.7635053801777074,0.8423164398781653,0.0050812899321366345,0.7,0.6
bWWBN__,WWBN,Lagging Darcy no-leakage,2017-12-08 04:00:00,9.713194444444444,2.759349,0.8410495752,2.744075174483833,0.8363941131826724,0.005451617749749477,0.7,0.6
bWWBN__,WWBN,Lagging Darcy no-leakage,2017-12-08 05:00:00,9.754861111111111,2.731753,0.8326383144,2.724935555209437,0.8305603572278364,0.002453780932115568,0.7,0.6
bWWBN__,WWBN,Lagging Darcy no-leakage,2017-12-08 06:00:00,9.796527777777778,2.733524,0.8331781152000001,2.706079656064806,0.8248130791685528,0.009908495327574485,0.7,0.6
bWWBN__,WWBN,Lagging Darcy no-leakage,2017-12-08 07:00:00,9.838194444444444,2.694217,0.8211973416,2.6875008359905825,0.8191502548099296,0.0024503878422440506,0.7,0.6
bWWBN__,WWBN,Lagging Darcy no-leakage,2017-12-08 08:00:00,9.879861111111111,2.679979,0.8168575992,2.669192669660215,0.8135699257124336,0.003958893234190325,0.7,0.6
bWWBN__,WWBN,Lagging Darcy no-leakage,2017-12-08 09:00:00,9.921527777777778,2.655313,0.8093394024,2.651148938443945,0.8080701964377144,0.0015404019955574666,0.7,0.6
bWWBN__,WWBN,Lagging Darcy no-leakage,2017-12-08 10:00:00,9.963194444444444,2.628625,0.8012049,2.6333636218697856,0.8026492319459106,-0.0017674871908842926,0.7,0.6
bWWBN__,WWBN,Lagging Darcy no-leakage,2017-12-08 11:00:00,10.004861111111111,2.613081,0.7964670888000001,2.61583088949543,0.7973052551182072,-0.0010320642549708492,0.7,0.6
bWWBN__,WWBN,Lagging Darcy no-leakage,2017-12-08 12:00:00,10.046527777777778,2.608986,0.7952189328,2.598545093181824,0.79203654440182,0.003934379319899234,0.7,0.6
bWWBN__,WWBN,Lagging Darcy no-leakage,2017-12-08 13:00:00,10.088194444444444,2.587172,0.7885700256,2.5815007597777275,0.7868414315802514,0.0021528163433886804,0.7,0.6
bWWBN__,WWBN,Lagging Darcy no-leakage,2017-12-08 14:00:00,10.129861111111111,2.558825,0.7799298600000001,2.5646925841329575,0.7817182996437255,-0.002246603560290522,0.7,0.6
bWWBN__,WWBN,Lagging Darcy no-leakage,2017-12-08 15:00:00,10.171527777777778,2.545671,0.7759205208000001,2.5481154224832077,0.7766655807728817,-0.0009412873248350051,0.7,0.6
bWWBN__,WWBN,Lagging Darcy no-leakage,2017-12-08 16:00:00,10.213194444444444,2.530347,0.7712497656,2.531764286123633,0.7716817544104835,-0.000549111044178846,0.7,0.6
bWWBN__,WWBN,Lagging Darcy no-leakage,2017-12-08 17:00:00,10.254861111111111,2.511781,0.7655908488000001,2.5156343354068134,0.7667653454319967,-0.0015030325730115979,0.7,0.6
bWWBN__,WWBN,Lagging Darcy no-leakage,2017-12-08 18:00:00,10.296527777777778,2.502758,0.7628406384,2.499720874026544,0.7619149224032906,0.001190451310869367,0.7,0.6
bWWBN__,WWBN,Lagging Darcy no-leakage,2017-12-09 06:00:00,10.796527777777778,2.333813,0.7113462024000001,2.324109757245955,0.7083886540085671,0.004078778366690905,0.1,0.6
bWWBN__,WWBN,Lagging Darcy no-leakage,2017-12-09 18:00:00,11.296527777777778,2.19244,0.668255712,2.172595126403428,0.6622069945277649,0.008889069718712728,0.1,0.6
bWWBN__,WWBN,Lagging Darcy no-leakage,2017-12-10 06:00:00,11.796527777777778,2.063234,0.6288737232,2.0403687980073286,0.6219044096326338,0.010878966735283935,0.1,0.6
bWWBN__,WWBN,Lagging Darcy no-leakage,2017-12-10 18:00:00,12.296527777777778,1.966739,0.5994620472000001,1.9238553436645185,0.5863911087489453,0.021493192992262655,0.1,0.6
bWWBN__,WWBN,Lagging Darcy no-leakage,2017-12-11 06:00:00,12.796527777777778,1.864784,0.5683861632,1.8203329818947755,0.5548374928815276,0.023488342338092272,0.1,0.6
bWWBN__,WWBN,Lagging Darcy no-leakage,2017-12-11 18:00:00,13.296527777777778,1.750174,0.5334530352,1.7276883670147771,0.5265994142661041,0.012569476812253622,0.1,0.6
bWWBN__,WWBN,Lagging Darcy no-leakage,2017-12-12 06:00:00,13.796527777777778,1.635281,0.4984336488,1.644252540796214,0.5011681744346861,-0.005309349212216374,0.1,0.6
bWWBN__,WWBN,Lagging Darcy no-leakage,2017-12-12 18:00:00,14.296527777777778,1.558266,0.4749594768,1.5686879911349556,0.47813609969793447,-0.0064593591357264835,0.1,0.6
bWWBN__,WWBN,Lagging Darcy no-leakage,2017-12-13 06:00:00,14.796527777777778,1.474707,0.4494906936,1.499908954278938,0.4571722492642203,-0.01639392957878305,0.1,0.6
bWWBN__,WWBN,Lagging Darcy no-leakage,2017-12-13 18:00:00,15.296527777777778,1.408996,0.4294619808,1.4370239556670332,0.43800490168731177,-0.019028249480454673,0.1,0.6
bWWBN__,WWBN,Lagging Darcy no-leakage,2017-12-14 06:00:00,15.796527777777778,1.354548,0.4128662304,1.379293595777457,0.42040868799296893,-0.017464790410779973,0.1,0.6
bWWBN__,WWBN,Lagging Darcy no-leakage,2017-12-14 18:00:00,16.29652777777778,1.336791,0.4074538968,1.3260990140980586,0.40419497949708827,0.007739750204666995,0.1,0.6
bWWBN__,WWBN,Lagging Darcy no-leakage,2017-12-15 06:00:00,16.79652777777778,1.281958,0.3907407984,1.2769179766835166,0.3892045992931359,0.0037910977398903922,0.1,0.6
bWWBN__,WWBN,Lagging Darcy no-leakage,2017-12-15 18:00:00,17.29652777777778,1.228091,0.3743221368,1.2313065001792576,0.37530222125463775,-0.0025127022049787895,0.1,0.6
bWWBN__,WWBN,Lagging Darcy no-leakage,2017-12-16 06:00:00,17.79652777777778,1.167406,0.3558253488,1.1888845587714676,0.3623720135135433,-0.017489059799989604,0.1,0.6
bWWBN__,WWBN,Lagging Darcy no-leakage,2017-12-16 18:00:00,18.29652777777778,1.104496,0.3366503808,1.1493248442730062,0.3503142125344123,-0.03809488358286117,0.1,0.6
bWWBN__,WWBN,Lagging Darcy no-leakage,2017-12-17 06:00:00,18.79652777777778,1.087991,0.3316196568,1.1123438382274393,0.3390424018917235,-0.021174089687082454,0.1,0.6
bWWBN__,WWBN,Lagging Darcy no-leakage,2017-12-17 18:00:00,19.29652777777778,1.082817,0.3300426216,1.0776946550486974,0.328481330858843,0.004532030354549965,0.1,0.6
bWWBN__,WWBN,Lagging Darcy no-leakage,2017-12-18 06:00:00,19.79652777777778,1.044489,0.3183602472,1.0451612563780983,0.31856515094404436,-0.0006140308455764298,0.1,0.6
bWWBN__,WWBN,Lagging Darcy no-leakage,2017-12-18 18:00:00,20.29652777777778,0.9983575,0.304299366,1.014553737214158,0.30923597910287537,-0.015331031572612508,0.1,0.6
bWWBN__,WWBN,Lagging Darcy no-leakage,2017-12-19 06:00:00,20.79652777777778,0.9483236,0.28904903328,0.9857044575737945,0.3004427186684926,-0.036759637258014344,0.1,0.6
bWWBN__,WWBN,Lagging Darcy no-leakage,2017-12-19 18:00:00,21.29652777777778,0.9570914,0.29172145872,0.9584648466098739,0.29214008524668955,-0.0013628464348389713,0.1,0.6
bWWBN__,WWBN,Lagging Darcy no-leakage,2017-12-20 06:00:00,21.79652777777778,0.9658669,0.29439623112,0.9327027457565259,0.2842877969065891,0.03319093616081803,0.1,0.6
bWWBN__,WWBN,Lagging Darcy no-leakage,2017-12-20 18:00:00,22.29652777777778,0.9232231,0.28139840088,0.9083001870502969,0.2768498970129305,0.01545227021650164,0.1,0.6
bWWBN__,WWBN,Lagging Darcy no-leakage,2017-12-21 06:00:00,22.79652777777778,0.9509659,0.28985440632,0.8851515251936795,0.2697941848790335,0.06801213761168357,0.1,0.6
bWWBN__,WWBN,Lagging Darcy no-leakage,2017-12-21 18:00:00,23.29652777777778,0.91124,0.277745952,0.8631618589534326,0.26309173460900626,0.05131097022864739,0.1,0.6
bWWBN__,WWBN,Lagging Darcy no-leakage,2017-12-22 06:00:00,23.79652777777778,0.8837624,0.26937077952,0.8422456905871591,0.2567164864909661,0.04548048361271917,0.1,0.6
bWWBN__,WWBN,Lagging Darcy no-leakage,2017-12-22 18:00:00,24.29652777777778,0.8437355,0.2571705804,0.8223257823261747,0.2506448984530181,0.024246912378786067,0.1,0.6
bWWBN__,WWBN,Lagging Darcy no-leakage,2017-12-23 06:00:00,24.79652777777778,0.8481852,0.25852684896,0.803332176610606,0.2448556474309127,0.05122738984850739,0.1,0.6
bWWBN__,WWBN,Lagging Darcy no-leakage,2017-12-23 18:00:00,25.29652777777778,0.8158609,0.24867440232,0.7852013533627089,0.23932937250495367,0.036051434571904295,0.1,0.6
bWWBN__,WWBN,Lagging Darcy no-leakage,2017-12-24 06:00:00,25.79652777777778,0.7990193,0.24354108264,0.7678755022136526,0.23404845307472133,0.037371791442916136,0.1,0.6
bWWBN__,WWBN,Lagging Darcy no-leakage,2017-12-24 18:00:00,26.29652777777778,0.7897801,0.24072497448,0.751301891787904,0.22899681661695315,0.046902302171554,0.1,0.6
bWWBN__,WWBN,Lagging Darcy no-leakage,2017-12-25 06:00:00,26.79652777777778,0.7366338,0.22452598224,0.7354323212080673,0.22415977150421895,0.0015285349765556955,0.1,0.6
bWWBN__,WWBN,Lagging Darcy no-leakage,2017-12-25 18:00:00,27.29652777777778,0.7113127,0.21680811096,0.7202226414354237,0.21952386110951716,-0.011635437610425736,0.1,0.6
bWWBN__,WWBN,Lagging Darcy no-leakage,2017-12-26 06:00:00,27.79652777777778,0.7258671,0.22124429208,0.7056323363909451,0.2150767361319601,0.02642631227071557,0.1,0.6
bWWBN__,WWBN,Lagging Darcy no-leakage,2017-12-26 18:00:00,28.29652777777778,0.7112833,0.2167991498399999,0.6916241551225101,0.21080704248134108,0.026162976556240336,0.1,0.6
bWWBN__,WWBN,Lagging Darcy no-leakage,2017-12-27 06:00:00,28.79652777777778,0.6931461,0.21127093128,0.6781637880251217,0.2067043225900571,0.020366654207355728,0.1,0.6
bWWBN__,WWBN,Lagging Darcy no-leakage,2017-12-27 18:00:00,29.29652777777778,0.666369,0.2031092712,0.66521958097498,0.20275892828117392,0.0016057955299224602,0.1,0.6
bWWBN__,WWBN,Lagging Darcy no-leakage,2017-12-28 06:00:00,29.79652777777778,0.6121684,0.1865889283199999,0.6527622822539156,0.1989619436309935,-0.059498782797274385,0.1,0.6
bWWBN__,WWBN,Lagging Darcy no-leakage,2017-12-28 18:00:00,30.29652777777778,0.596378,0.1817760144,0.6407648180624651,0.19530511654543936,-0.0664149437345134,0.1,0.6
bWWBN__,WWBN,Lagging Darcy no-leakage,2017-12-29 06:00:00,30.79652777777778,0.595069,0.1813770311999999,0.6292020927417934,0.19178079786769864,-0.051561428360422656,0.1,0.6
bWWBN__,WWBN,Lagging Darcy no-leakage,2017-12-29 18:00:00,31.29652777777778,0.6163006,0.18784842288,0.6180508107409939,0.18838188711385495,-0.0026233145640930378,0.1,0.6
bWWBN__,WWBN,Lagging Darcy no-leakage,2017-12-30 06:00:00,31.79652777777778,0.6089405,0.1856050644,0.6072893174978579,0.1851017839733471,0.0025089590683282648,0.1,0.6
bWWBN__,WWBN,Lagging Darcy no-leakage,2017-12-30 18:00:00,32.296527777777776,0.6005868,0.18305885664,0.5968974569571469,0.1819343448805384,0.005686932949229506,0.1,0.6
bWWBN__,WWBN,Lagging Darcy no-leakage,2017-12-31 06:00:00,32.796527777777776,0.5852071,0.17837112408,0.5868564437573882,0.17887384405725193,-0.0025931797035523285,0.1,0.6
bWWBN__,WWBN,Lagging Darcy no-leakage,2017-12-31 18:00:00,33.296527777777776,0.5600036,0.17068909728,0.5771487482724612,0.1759149384734462,-0.02771889178123299,0.1,0.6
bWWBN__,WWBN,Lagging Darcy no-leakage,2018-01-01 06:00:00,33.796527777777776,0.5468014,0.16666506672,0.5677579931308161,0.17305263630627277,-0.03451238915660593,0.1,0.6
bWWBN__,WWBN,Lagging Darcy with leakage,2017-11-28 11:00:00,0.004861111111111111,0.04410033,0.013441780584,0.02820944028358664,0.008598237398437208,0.18497119348854607,0.7,0.6
bWWBN__,WWBN,Lagging Darcy with leakage,2017-11-28 11:30:00,0.025694444444444443,0.09275073,0.028270422504,0.09685758311618185,0.02952219133381223,-0.02836333246971634,0.7,0.6
bWWBN__,WWBN,Lagging Darcy with leakage,2017-11-28 12:00:00,0.04652777777777778,0.1562323,0.04761960504,0.19000620895582968,0.057913892489736885,-0.15166159030626059,0.7,0.6
bWWBN__,WWBN,Lagging Darcy with leakage,2017-11-28 12:30:00,0.06736111111111111,0.2839998,0.08656313904,0.3038227709623774,0.09260518058933265,-0.057655746595161705,0.7,0.6
bWWBN__,WWBN,Lagging Darcy with leakage,2017-11-28 13:00:00,0.08819444444444445,0.4110283,0.12528142584,0.4321075704551573,0.13170638747473196,-0.04470783497008579,0.7,0.6
bWWBN__,WWBN,Lagging Darcy with leakage,2017-11-28 13:30:00,0.10902777777777778,0.5654808,0.17235854784,0.569026991702297,0.17343942707086013,-0.005745126081937446,0.7,0.6
bWWBN__,WWBN,Lagging Darcy with leakage,2017-11-28 14:00:00,0.12986111111111112,0.7037597,0.21450595656,0.7101597775595095,0.21645670020013852,-0.00845502786833574,0.7,0.6
bWWBN__,WWBN,Lagging Darcy with leakage,2017-11-28 14:30:00,0.15069444444444444,0.8582255,0.2615871324,0.8524374334791931,0.2598229297244581,0.00639333376658513,0.7,0.6
bWWBN__,WWBN,Lagging Darcy with leakage,2017-11-28 15:00:00,0.17152777777777778,1.010703,0.3080622744,0.9938244336667569,0.3029176873816275,0.01604058751327897,0.7,0.6
bWWBN__,WWBN,Lagging Darcy with leakage,2017-11-28 15:30:00,0.19236111111111112,1.146013,0.3493047624,1.1330142807371197,0.3453427527686741,0.010927868482185188,0.7,0.6
bWWBN__,WWBN,Lagging Darcy with leakage,2017-11-28 16:00:00,0.21319444444444444,1.27302,0.388016496,1.2691985513726303,0.38685171845837774,0.002892608024379184,0.7,0.6
bWWBN__,WWBN,Lagging Darcy with leakage,2017-11-28 16:30:00,0.23402777777777778,1.411252,0.4301496096,1.401904123417853,0.4273003768177617,0.006417718975869846,0.7,0.6
bWWBN__,WWBN,Lagging Darcy with leakage,2017-11-28 17:00:00,0.2548611111111111,1.568966,0.4782208368,1.5308817674329698,0.4666127627135692,0.023804901833756498,0.7,0.6
bWWBN__,WWBN,Lagging Darcy with leakage,2017-11-28 17:30:00,0.27569444444444446,1.685397,0.5137090056,1.6560307168504302,0.5047581624960111,0.01706675157245785,0.7,0.6
bWWBN__,WWBN,Lagging Darcy with leakage,2017-11-28 18:00:00,0.2965277777777778,1.813614,0.5527895472000001,1.777347739570773,0.5417355910211716,0.019652020343528753,0.7,0.6
bWWBN__,WWBN,Lagging Darcy with leakage,2017-11-28 18:30:00,0.3173611111111111,1.932391,0.5889927768000001,1.8948927325154952,0.5775633048707229,0.01909686675892741,0.7,0.6
bWWBN__,WWBN,Lagging Darcy with leakage,2017-11-28 19:00:00,0.33819444444444446,2.05252,0.625608096,2.0087654440572176,0.6122717073486399,0.021030121156147163,0.7,0.6
bWWBN__,WWBN,Lagging Darcy with leakage,2017-11-28 19:30:00,0.3590277777777778,2.167666,0.6607045968,2.1190897109764637,0.6458985439056262,0.022147699961960365,0.7,0.6
bWWBN__,WWBN,Lagging Darcy with leakage,2017-11-28 20:00:00,0.3798611111111111,2.281587,0.6954277176,2.226002792332882,0.6784856511030624,0.02412840848016856,0.7,0.6
bWWBN__,WWBN,Lagging Darcy with leakage,2017-11-28 20:30:00,0.40069444444444446,2.394446,0.7298271408,2.3296481773666518,0.7100767644613555,0.02686586026514598,0.7,0.6
bWWBN__,WWBN,Lagging Darcy with leakage,2017-11-28 21:00:00,0.4215277777777778,2.500168,0.7620512064,2.430170772192245,0.7407160513641964,0.027831821792024758,0.7,0.6
bWWBN__,WWBN,Lagging Darcy with leakage,2017-11-28 21:30:00,0.4423611111111111,2.587178,0.7885718544000001,2.527713721480553,0.7704471423072725,0.02280655443946511,0.7,0.6
bWWBN__,WWBN,Lagging Darcy with leakage,2017-11-28 22:00:00,0.46319444444444446,2.670855,0.814076604,2.6224163567586865,0.7993125055400476,0.01796310347367014,0.7,0.6
bWWBN__,WWBN,Lagging Darcy with leakage,2017-11-28 22:30:00,0.4840277777777778,2.763953,0.8424528744,2.7144129217065074,0.8273530585361435,0.017761968799370864,0.7,0.6
bWWBN__,WWBN,Lagging Darcy with leakage,2017-11-28 23:00:00,0.5048611111111111,2.852267,0.8693709816,2.8038318326402494,0.8546079425887481,0.016829561816237515,0.7,0.6
bWWBN__,WWBN,Lagging Darcy with leakage,2017-11-28 23:30:00,0.5256944444444445,2.92207,0.8906469360000001,2.890795306139341,0.8811144093112713,0.01057862267996458,0.7,0.6
bWWBN__,WWBN,Lagging Darcy with leakage,2017-11-29 00:00:00,0.5465277777777777,3.005277,0.9160084296,2.975419236553852,0.9069077833016141,0.009820587067955591,0.7,0.6
bWWBN__,WWBN,Lagging Darcy with leakage,2017-11-29 00:30:00,0.5673611111111111,3.082529,0.9395548392,3.057813241357194,0.9320214759656729,0.007921324480025076,0.7,0.6
bWWBN__,WWBN,Lagging Darcy with leakage,2017-11-29 01:00:00,0.5881944444444445,3.15165,0.96062292,3.1380808168598575,0.9564870329788846,0.004247190977682634,0.7,0.6
bWWBN__,WWBN,Lagging Darcy with leakage,2017-11-29 01:30:00,0.6090277777777777,3.228835,0.984148908,3.216319564002854,0.98033420310807,0.0038243409314643174,0.7,0.6
bWWBN__,WWBN,Lagging Darcy with leakage,2017-11-29 02:00:00,0.6298611111111111,3.303095,1.006783356,3.292621456092443,1.0035910198169766,0.003128433683943766,0.7,0.6
bWWBN__,WWBN,Lagging Darcy with leakage,2017-11-29 02:30:00,0.6506944444444445,3.370928,1.0274588544,3.367073128875984,1.0262838896814,0.0011274849066941553,0.7,0.6
bWWBN__,WWBN,Lagging Darcy with leakage,2017-11-29 03:00:00,0.6715277777777777,3.436976,1.0475902848,3.4397561794618765,1.04843768349998,-0.0007969861928259145,0.7,0.6
bWWBN__,WWBN,Lagging Darcy with leakage,2017-11-29 03:30:00,0.6923611111111111,3.501384,1.0672218432,3.51074746486215,1.0700758272899833,-0.002633098198005071,0.7,0.6
bWWBN__,WWBN,Lagging Darcy with leakage,2017-11-29 04:00:00,0.7131944444444445,3.571221,1.0885081608,3.580119394028936,1.0912203913000198,-0.0024542768680029525,0.7,0.6
bWWBN__,WWBN,Lagging Darcy with leakage,2017-11-29 04:30:00,0.7340277777777777,3.647005,1.111607124,3.647940209401092,1.111892175825453,-0.00025293207173167354,0.7,0.6
bWWBN__,WWBN,Lagging Darcy with leakage,2017-11-29 05:00:00,0.7548611111111111,3.714059,1.1320451832,3.7142742555364827,1.13211079308752,-5.7185443108120904e-05,0.7,0.6
bWWBN__,WWBN,Lagging Darcy with leakage,2017-11-29 05:30:00,0.7756944444444445,3.768811,1.1487335928,3.779182233460271,1.1518947447586907,-0.0027121467033305313,0.7,0.6
bWWBN__,WWBN,Lagging Darcy with leakage,2017-11-29 06:00:00,0.7965277777777777,3.831411,1.1678140728000002,3.84272144014267,1.1712614949554858,-0.00290976471264362,0.7,0.6
bWWBN__,WWBN,Lagging Darcy with leakage,2017-11-29 10:43:00,0.9930555555555556,4.439902,1.3532821296000002,4.383832087930386,1.3361920204011817,0.012566633966582197,0.7,0.6
bWWBN__,WWBN,Lagging Darcy with leakage,2017-11-29 10:44:00,0.99375,4.42968,1.3501664640000002,4.385580138742996,1.3367248262888651,0.009893198910860546,0.7,0.6
bWWBN__,WWBN,Lagging Darcy with leakage,2017-12-01 13:16:00,3.0993055555555555,7.477935,2.2792745880000003,7.413925015534043,2.2597643447347764,0.008539350470081808,0.7,0.6
bWWBN__,WWBN,Lagging Darcy with leakage,2017-12-02 09:34:00,3.9451388888888888,8.115042,2.4734648016000005,8.08692614102698,2.464895087785024,0.0034493855720084676,0.7,0.6
bWWBN__,WWBN,Lagging Darcy with leakage,2017-12-02 09:54:00,3.9590277777777776,8.12741,2.477234568,8.096775263791656,2.4678971004036967,0.003753298762120272,0.7,0.6
bWWBN__,WWBN,Lagging Darcy with leakage,2017-12-02 09:58:00,3.9618055555555554,8.130084,2.4780496032,8.098741092201575,2.46849628490304,0.003838971403633984,0.7,0.6
bWWBN__,WWBN,Lagging Darcy with leakage,2017-12-02 10:03:00,3.9652777777777777,8.133518,2.4790962864000003,8.10119651062927,2.4692446964398016,0.003957403912024038,0.7,0.6
bWWBN__,WWBN,Lagging Darcy with leakage,2017-12-02 12:51:00,4.081944444444445,8.237371,2.5107506808,8.182516164075915,2.494030926810339,0.006641091066704852,0.7,0.6
bWWBN__,WWBN,Lagging Darcy with leakage,2017-12-02 12:58:00,4.086805555555555,8.241882,2.5121256336,8.185855630246921,2.495048796099262,0.0067797039870546305,0.7,0.6
bWWBN__,WWBN,Lagging Darcy with leakage,2017-12-02 13:02:00,4.089583333333334,8.244517,2.5129287816000003,8.187762176263556,2.495629911325132,0.006865967612834645,0.7,0.6
bWWBN__,WWBN,Lagging Darcy with leakage,2017-12-02 13:06:00,4.092361111111111,8.247104,2.5137172992,8.189667473151376,2.4962106458165394,0.006946550347657343,0.7,0.6
bWWBN__,WWBN,Lagging Darcy with leakage,2017-12-04 08:12:00,5.888194444444444,8.903277,2.7137188296,9.21636431542806,2.8091478433424726,-0.034371493141332365,0.7,0.6
bWWBN__,WWBN,Lagging Darcy with leakage,2017-12-04 08:17:00,5.891666666666667,8.94622,2.726807856,9.218036172252543,2.809657425302575,-0.029767020369916963,0.7,0.6
bWWBN__,WWBN,Lagging Darcy with leakage,2017-12-04 08:25:00,5.897222222222222,9.014943,2.7477546264000003,9.220709143669708,2.810472146990527,-0.022445319163156174,0.7,0.6
bWWBN__,WWBN,Lagging Darcy with leakage,2017-12-04 08:30:00,5.9006944444444445,8.995563,2.7418476024000005,9.222378502836234,2.8109809676644844,-0.024765566095258817,0.7,0.6
bWWBN__,WWBN,Lagging Darcy with leakage,2017-12-04 10:48:00,5.996527777777778,9.020144,2.7493398912,9.268078258843268,2.824910253295428,-0.02696827151622072,0.7,0.6
bWWBN__,WWBN,Lagging Darcy with leakage,2017-12-04 10:50:00,5.997916666666667,9.010268,2.7463296864,9.2687353178492,2.8251105248804365,-0.028128223788945972,0.7,0.6
bWWBN__,WWBN,Lagging Darcy with leakage,2017-12-04 10:53:00,6.0,9.030466,2.7524860368,9.269720627803656,2.8254108473545543,-0.026007139808478463,0.7,0.6
bWWBN__,WWBN,Lagging Darcy with leakage,2017-12-06 09:02:00,7.922916666666667,3.892333,1.1863830984,3.9879585758489857,1.215529773918771,-0.02396658120822348,0.7,0.6
bWWBN__,WWBN,Lagging Darcy with leakage,2017-12-06 09:15:00,7.9319444444444445,3.894334,1.1869930032,3.978435235909339,1.2126270599051665,-0.021097902874981006,0.7,0.6
bWWBN__,WWBN,Lagging Darcy with leakage,2017-12-06 09:30:00,7.942361111111111,3.885503,1.1843013144,3.967511286539856,1.2092974401373482,-0.02062392707763297,0.7,0.6
bWWBN__,WWBN,Lagging Darcy with leakage,2017-12-06 09:45:00,7.9527777777777775,3.871585,1.180059108,3.9566557761196495,1.2059886805612692,-0.021461013513685484,0.7,0.6
bWWBN__,WWBN,Lagging Darcy with leakage,2017-12-06 10:00:00,7.9631944444444445,3.864061,1.1777657928,3.9458679935629117,1.2027005644379756,-0.020685371665094016,0.7,0.6
bWWBN__,WWBN,Lagging Darcy with leakage,2017-12-06 10:15:00,7.973611111111111,3.839492,1.1702771616,3.9351472383353965,1.1994328782446289,-0.024295701856050567,0.7,0.6
bWWBN__,WWBN,Lagging Darcy with leakage,2017-12-06 11:00:00,8.004861111111111,3.825353,1.1659675944,3.903380285120626,1.189750310904767,-0.019934225906560382,0.7,0.6
bWWBN__,WWBN,Lagging Darcy with leakage,2017-12-06 12:00:00,8.046527777777778,3.794707,1.1566266936,3.8619219935647138,1.1771138236385248,-0.017331414485278474,0.7,0.6
bWWBN__,WWBN,Lagging Darcy with leakage,2017-12-06 13:00:00,8.088194444444444,3.771165,1.149451092,3.8214523444421626,1.1647786745859712,-0.013074369496894944,0.7,0.6
bWWBN__,WWBN,Lagging Darcy with leakage,2017-12-06 14:00:00,8.129861111111111,3.730636,1.1370978528,3.7819328368072687,1.1527331286588556,-0.01347708357916727,0.7,0.6
bWWBN__,WWBN,Lagging Darcy with leakage,2017-12-06 15:00:00,8.171527777777778,3.686637,1.1236869576,3.7433270799301748,1.1409660939627173,-0.015057482459590932,0.7,0.6
bWWBN__,WWBN,Lagging Darcy with leakage,2017-12-06 16:00:00,8.213194444444444,3.662662,1.1163793776000002,3.70560064428489,1.1294670763780346,-0.011499091414942611,0.7,0.6
bWWBN__,WWBN,Lagging Darcy with leakage,2017-12-06 17:00:00,8.254861111111111,3.621679,1.1038877592,3.668720925322608,1.118226138038331,-0.01273072124420764,0.7,0.6
bWWBN__,WWBN,Lagging Darcy with leakage,2017-12-06 18:00:00,8.296527777777778,3.59742,1.096493616,3.6326570187822007,1.1072338593248148,-0.009614439282557133,0.7,0.6
bWWBN__,WWBN,Lagging Darcy with leakage,2017-12-06 19:00:00,8.338194444444444,3.571175,1.08849414,3.597379606366587,1.0964813040205357,-0.007210434898790849,0.7,0.6
bWWBN__,WWBN,Lagging Darcy with leakage,2017-12-06 20:00:00,8.379861111111111,3.531743,1.0764752664,3.5628608508010005,1.085959987324145,-0.008650384507501996,0.7,0.6
bWWBN__,WWBN,Lagging Darcy with leakage,2017-12-06 21:00:00,8.421527777777778,3.49789,1.066156872,3.52907429932877,1.075661846435409,-0.00875113078515273,0.7,0.6
bWWBN__,WWBN,Lagging Darcy with leakage,2017-12-06 22:00:00,8.463194444444444,3.474696,1.0590873408,3.4959947949045937,1.0655792134869202,-0.006024548362433865,0.7,0.6
bWWBN__,WWBN,Lagging Darcy with leakage,2017-12-06 23:00:00,8.504861111111111,3.454401,1.0529014248,3.463598394319785,1.0557047905886705,-0.002621088737288446,0.7,0.6
bWWBN__,WWBN,Lagging Darcy with leakage,2017-12-07 00:00:00,8.546527777777778,3.431267,1.0458501816,3.431862292642554,1.0460316267974505,-0.00017098422820707032,0.7,0.6
bWWBN__,WWBN,Lagging Darcy with leakage,2017-12-07 01:00:00,8.588194444444444,3.404093,1.0375675464,3.40076475339884,1.0365530968359664,0.0009640305355406026,0.7,0.6
bWWBN__,WWBN,Lagging Darcy with leakage,2017-12-07 02:00:00,8.629861111111111,3.376173,1.0290575304,3.3702850439879604,1.0272628814075304,0.0017200010358024084,0.7,0.6
bWWBN__,WWBN,Lagging Darcy with leakage,2017-12-07 03:00:00,8.671527777777778,3.361601,1.0246159848,3.3404033758537275,1.0181549489602162,0.006232778339400918,0.7,0.6
bWWBN__,WWBN,Lagging Darcy with leakage,2017-12-07 04:00:00,8.713194444444444,3.335646,1.0167049008,3.311100849024719,1.0092235387827344,0.007276176152766423,0.7,0.6
bWWBN__,WWBN,Lagging Darcy with leakage,2017-12-07 05:00:00,8.754861111111111,3.310427,1.0090181496,3.2823594006235703,1.0004631453100643,0.008387467413873959,0.7,0.6
bWWBN__,WWBN,Lagging Darcy with leakage,2017-12-07 06:00:00,8.796527777777778,3.282788,1.0005937824,3.2541617570280055,0.9918685035421362,0.00862637854340688,0.7,0.6
bWWBN__,WWBN,Lagging Darcy with leakage,2017-12-07 07:00:00,8.838194444444444,3.263223,0.9946303704,3.226491389374008,0.9834345754811977,0.01114828014828252,0.7,0.6
bWWBN__,WWBN,Lagging Darcy with leakage,2017-12-07 08:00:00,8.879861111111111,3.225122,0.9830171856,3.1993324721172147,0.9751565375013271,0.007905538250904913,0.7,0.6
bWWBN__,WWBN,Lagging Darcy with leakage,2017-12-07 09:00:00,8.921527777777778,3.201474,0.9758092752,3.172669844427391,0.9670297685814688,0.008898271747467358,0.7,0.6
bWWBN__,WWBN,Lagging Darcy with leakage,2017-12-07 10:00:00,8.963194444444444,3.171298,0.9666116304,3.1464889741597637,0.959049839323896,0.007731372050250689,0.7,0.6
bWWBN__,WWBN,Lagging Darcy with leakage,2017-12-07 11:00:00,9.004861111111111,3.152066,0.9607497168,3.12077592422798,0.9512125017046884,0.009819897492043456,0.7,0.6
bWWBN__,WWBN,Lagging Darcy with leakage,2017-12-07 12:00:00,9.046527777777778,3.129277,0.9538036296,3.0955173211633626,0.943513679490593,0.010675445790213005,0.7,0.6
bWWBN__,WWBN,Lagging Darcy with leakage,2017-12-07 13:00:00,9.088194444444444,3.102723,0.9457099704,3.0707003257126804,0.9359494592772251,0.010209083862363771,0.7,0.6
bWWBN__,WWBN,Lagging Darcy with leakage,2017-12-07 14:00:00,9.129861111111111,3.076724,0.9377854752,3.0463126053164635,0.9285160821004581,0.009773889729164778,0.7,0.6
bWWBN__,WWBN,Lagging Darcy with leakage,2017-12-07 15:00:00,9.171527777777778,3.038303,0.9260747544,3.022342308319143,0.9212099355756749,0.0051815115435253495,0.7,0.6
bWWBN__,WWBN,Lagging Darcy with leakage,2017-12-07 16:00:00,9.213194444444444,3.016097,0.9193063656,2.998778039777661,0.9140275465242311,0.005664549616888587,0.7,0.6
bWWBN__,WWBN,Lagging Darcy with leakage,2017-12-07 17:00:00,9.254861111111111,2.997406,0.9136093488,2.9756088387717035,0.9069655740576152,0.007178396696340059,0.7,0.6
bWWBN__,WWBN,Lagging Darcy with leakage,2017-12-07 18:00:00,9.296527777777778,2.981612,0.9087953376,2.9528241570861606,0.9000208030798618,0.009541259715873815,0.7,0.6
bWWBN__,WWBN,Lagging Darcy with leakage,2017-12-07 19:00:00,9.338194444444444,2.94845,0.8986875599999999,2.9304138391753365,0.8931901381806426,0.006033325401279446,0.7,0.6
bWWBN__,WWBN,Lagging Darcy with leakage,2017-12-07 20:00:00,9.379861111111111,2.921836,0.8905756128,2.908368103318578,0.8864705978915026,0.004542143778369145,0.7,0.6
bWWBN__,WWBN,Lagging Darcy with leakage,2017-12-07 21:00:00,9.421527777777778,2.901316,0.8843211168,2.8866775238791074,0.879859309278352,0.004972324178572032,0.7,0.6
bWWBN__,WWBN,Lagging Darcy with leakage,2017-12-07 22:00:00,9.463194444444444,2.887273,0.8800408104,2.8653330146091136,0.8733535028528578,0.00749754489278287,0.7,0.6
bWWBN__,WWBN,Lagging Darcy with leakage,2017-12-07 23:00:00,9.504861111111111,2.846838,0.8677162224,2.844325812891508,0.8669505077693316,0.0008675932324624103,0.7,0.6
bWWBN__,WWBN,Lagging Darcy with leakage,2017-12-08 00:00:00,9.546527777777778,2.831311,0.8629835928,2.8236474648854077,0.8606477472970724,0.0026632823472787504,0.7,0.6
bWWBN__,WWBN,Lagging Darcy with leakage,2017-12-08 01:00:00,9.588194444444444,2.811503,0.8569461144,2.8032898115161617,0.8544427345501262,0.002874362871752967,0.7,0.6
bWWBN__,WWBN,Lagging Darcy with leakage,2017-12-08 02:00:00,9.629861111111111,2.807931,0.8558573688000001,2.7832449752266153,0.8483330684490724,0.008675247331305341,0.7,0.6
bWWBN__,WWBN,Lagging Darcy with leakage,2017-12-08 03:00:00,9.671527777777778,2.777838,0.8466850224000001,2.7635053474736115,0.8423164299099568,0.005081301556104534,0.7,0.6
bWWBN__,WWBN,Lagging Darcy with leakage,2017-12-08 04:00:00,9.713194444444444,2.759349,0.8410495752,2.74406357689109,0.8363905782364043,0.0054557685388616495,0.7,0.6
bWWBN__,WWBN,Lagging Darcy with leakage,2017-12-08 05:00:00,9.754861111111111,2.731753,0.8326383144,2.7249125580970817,0.8305533477079905,0.0024620684066143095,0.7,0.6
bWWBN__,WWBN,Lagging Darcy with leakage,2017-12-08 06:00:00,9.796527777777778,2.733524,0.8331781152000001,2.706045421101795,0.824802644351827,0.00992091702067191,0.7,0.6
bWWBN__,WWBN,Lagging Darcy with leakage,2017-12-08 07:00:00,9.838194444444444,2.694217,0.8211973416,2.6874555212610125,0.8191364428803567,0.0024669413000669715,0.7,0.6
bWWBN__,WWBN,Lagging Darcy with leakage,2017-12-08 08:00:00,9.879861111111111,2.679979,0.8168575992,2.669136429765218,0.8135527837924386,0.003979576018909886,0.7,0.6
bWWBN__,WWBN,Lagging Darcy with leakage,2017-12-08 09:00:00,9.921527777777778,2.655313,0.8093394024,2.651081924621948,0.8080497706247698,0.0015652116801854465,0.7,0.6
bWWBN__,WWBN,Lagging Darcy with leakage,2017-12-08 10:00:00,9.963194444444444,2.628625,0.8012049,2.6332859820855936,0.8026255673396889,-0.001738553017823996,0.7,0.6
bWWBN__,WWBN,Lagging Darcy with leakage,2017-12-08 11:00:00,10.004861111111111,2.613081,0.7964670888000001,2.6157427685353474,0.7972783958495739,-0.0009990079883813174,0.7,0.6
bWWBN__,WWBN,Lagging Darcy with leakage,2017-12-08 12:00:00,10.046527777777778,2.608986,0.7952189328,2.5984466327599876,0.7920065336652442,0.0039715552971112955,0.7,0.6
bWWBN__,WWBN,Lagging Darcy with leakage,2017-12-08 13:00:00,10.088194444444444,2.587172,0.7885700256,2.5813920986134793,0.7868083116573885,0.0021941096652128567,0.7,0.6
bWWBN__,WWBN,Lagging Darcy with leakage,2017-12-08 14:00:00,10.129861111111111,2.558825,0.7799298600000001,2.564573858044012,0.7816821119318149,-0.0022011952452701267,0.7,0.6
bWWBN__,WWBN,Lagging Darcy with leakage,2017-12-08 15:00:00,10.171527777777778,2.545671,0.7759205208000001,2.547986764466905,0.7766263658095127,-0.0008917663524985187,0.7,0.6
bWWBN__,WWBN,Lagging Darcy with leakage,2017-12-08 16:00:00,10.213194444444444,2.530347,0.7712497656,2.5316258264337375,0.7716395518970032,-0.0004954797333885097,0.7,0.6
bWWBN__,WWBN,Lagging Darcy with leakage,2017-12-08 17:00:00,10.254861111111111,2.511781,0.7655908488000001,2.5154862016429242,0.7667201942607633,-0.00144529323016801,0.7,0.6
bWWBN__,WWBN,Lagging Darcy with leakage,2017-12-08 18:00:00,10.296527777777778,2.502758,0.7628406384,2.4995631911899863,0.7618668606747079,0.0012522963991567493,0.7,0.6
bWWBN__,WWBN,Lagging Darcy with leakage,2017-12-09 06:00:00,10.796527777777778,2.333813,0.7113462024000001,2.3238463854466436,0.7083083782841371,0.0041897194923736225,0.1,0.6
bWWBN__,WWBN,Lagging Darcy with leakage,2017-12-09 18:00:00,11.296527777777778,2.19244,0.668255712,2.1722401263312534,0.662098790505766,0.0090488057056477,0.1,0.6
bWWBN__,WWBN,Lagging Darcy with leakage,2017-12-10 06:00:00,11.796527777777778,2.063234,0.6288737232,2.0399335167347235,0.6217717359007437,0.011087220225775962,0.1,0.6
bWWBN__,WWBN,Lagging Darcy with leakage,2017-12-10 18:00:00,12.296527777777778,1.966739,0.5994620472000001,1.9233490864876897,0.5862368015614479,0.021749707286651654,0.1,0.6
bWWBN__,WWBN,Lagging Darcy with leakage,2017-12-11 06:00:00,12.796527777777778,1.864784,0.5683861632,1.8197634849078754,0.5546639101999205,0.023792878328731226,0.1,0.6
bWWBN__,WWBN,Lagging Darcy with leakage,2017-12-11 18:00:00,13.296527777777778,1.750174,0.5334530352,1.7270621382444882,0.52640853973692,0.012921810274667211,0.1,0.6
bWWBN__,WWBN,Lagging Darcy with leakage,2017-12-12 06:00:00,13.796527777777778,1.635281,0.4984336488,1.6435751119454536,0.5009616941209742,-0.004909429895635364,0.1,0.6
bWWBN__,WWBN,Lagging Darcy with leakage,2017-12-12 18:00:00,14.296527777777778,1.558266,0.4749594768,1.5679641070209862,0.4779154598199966,-0.006012054881771367,0.1,0.6
bWWBN__,WWBN,Lagging Darcy with leakage,2017-12-13 06:00:00,14.796527777777778,1.474707,0.4494906936,1.499142717787165,0.45693870038152795,-0.015899432172177597,0.1,0.6
bWWBN__,WWBN,Lagging Darcy with leakage,2017-12-13 18:00:00,15.296527777777778,1.408996,0.4294619808,1.4362189403485943,0.43775953301825155,-0.018486742872172557,0.1,0.6
bWWBN__,WWBN,Lagging Darcy with leakage,2017-12-14 06:00:00,15.796527777777778,1.354548,0.4128662304,1.378452934468885,0.42015245442611615,-0.016876451785276525,0.1,0.6
bWWBN__,WWBN,Lagging Darcy with leakage,2017-12-14 18:00:00,16.29652777777778,1.336791,0.4074538968,1.3252254695209942,0.40392872310999905,0.008374749537983117,0.1,0.6
bWWBN__,WWBN,Lagging Darcy with leakage,2017-12-15 06:00:00,16.79652777777778,1.281958,0.3907407984,1.2760139982992995,0.3889290666816265,0.0044725915947861905,0.1,0.6
bWWBN__,WWBN,Lagging Darcy with leakage,2017-12-15 18:00:00,17.29652777777778,1.228091,0.3743221368,1.230374270381968,0.3750180776124239,-0.0017848754990478222,0.1,0.6
bWWBN__,WWBN,Lagging Darcy with leakage,2017-12-16 06:00:00,17.79652777777778,1.167406,0.3558253488,1.1879260308017252,0.36207985418836586,-0.01671505792707273,0.1,0.6
bWWBN__,WWBN,Lagging Darcy with leakage,2017-12-16 18:00:00,18.29652777777778,1.104496,0.3366503808,1.1483417735622383,0.35001457258177027,-0.03727486068347807,0.1,0.6
bWWBN__,WWBN,Lagging Darcy with leakage,2017-12-17 06:00:00,18.79652777777778,1.087991,0.3316196568,1.1113378084997703,0.33873576403073,-0.02030819672627726,0.1,0.6
bWWBN__,WWBN,Lagging Darcy with leakage,2017-12-17 18:00:00,19.29652777777778,1.082817,0.3300426216,1.076667100241446,0.32816813215359275,0.005443645250430729,0.1,0.6
bWWBN__,WWBN,Lagging Darcy with leakage,2017-12-18 06:00:00,19.79652777777778,1.044489,0.3183602472,1.0441134790995275,0.318245788429536,0.00034316044849957983,0.1,0.6
bWWBN__,WWBN,Lagging Darcy with leakage,2017-12-18 18:00:00,20.29652777777778,0.9983575,0.304299366,1.0134869244739084,0.3089108145796473,-0.014328407093838091,0.1,0.6
bWWBN__,WWBN,Lagging Darcy with leakage,2017-12-19 06:00:00,20.79652777777778,0.9483236,0.28904903328,0.9846196941579723,0.30011208277935,-0.03571172066564654,0.1,0.6
bWWBN__,WWBN,Lagging Darcy with leakage,2017-12-19 18:00:00,21.29652777777778,0.9570914,0.29172145872,0.9573631266016207,0.291804280988174,-0.0002697768549060342,0.1,0.6
bWWBN__,WWBN,Lagging Darcy with leakage,2017-12-20 06:00:00,21.79652777777778,0.9658669,0.29439623112,0.9315849824331581,0.2839471026456266,0.03432902140970917,0.1,0.6
bWWBN__,WWBN,Lagging Darcy with leakage,2017-12-20 18:00:00,22.29652777777778,0.9232231,0.28139840088,0.9071672214781809,0.2765045691065495,0.016635235480431554,0.1,0.6
bWWBN__,WWBN,Lagging Darcy with leakage,2017-12-21 06:00:00,22.79652777777778,0.9509659,0.28985440632,0.8840041337031596,0.26944445995272304,0.06923984877546818,0.1,0.6
bWWBN__,WWBN,Lagging Darcy with leakage,2017-12-21 18:00:00,23.29652777777778,0.91124,0.277745952,0.8620007596459285,0.262737831540079,0.052583294625722976,0.1,0.6
bWWBN__,WWBN,Lagging Darcy with leakage,2017-12-22 06:00:00,23.79652777777778,0.8837624,0.26937077952,0.8410715490761408,0.2563586081584077,0.04679728990446064,0.1,0.6
bWWBN__,WWBN,Lagging Darcy with leakage,2017-12-22 18:00:00,24.29652777777778,0.8437355,0.2571705804,0.8211392167327242,0.25028323326013435,0.025608070506184077,0.1,0.6
bWWBN__,WWBN,Lagging Darcy with leakage,2017-12-23 06:00:00,24.79652777777778,0.8481852,0.25852684896,0.8021337620268596,0.24449037066578683,0.05263277092806429,0.1,0.6
bWWBN__,WWBN,Lagging Darcy with leakage,2017-12-23 18:00:00,25.29652777777778,0.8158609,0.24867440232,0.7839916257549425,0.23896064753010648,0.037500910857393155,0.1,0.6
bWWBN__,WWBN,Lagging Darcy with leakage,2017-12-24 06:00:00,25.79652777777778,0.7990193,0.24354108264,0.7666549619210064,0.23367643239352276,0.03886523625325555,0.1,0.6
bWWBN__,WWBN,Lagging Darcy with leakage,2017-12-24 18:00:00,26.29652777777778,0.7897801,0.24072497448,0.7500710066358821,0.22862164282261688,0.04843958982721652,0.1,0.6
bWWBN__,WWBN,Lagging Darcy with leakage,2017-12-25 06:00:00,26.79652777777778,0.7366338,0.22452598224,0.7341915292690916,0.22378157812121913,0.0031095407660044483,0.1,0.6
bWWBN__,WWBN,Lagging Darcy with leakage,2017-12-25 18:00:00,27.29652777777778,0.7113127,0.21680811096,0.7189723535166551,0.21914277335187649,-0.010010837481316592,0.1,0.6
bWWBN__,WWBN,Lagging Darcy with leakage,2017-12-26 06:00:00,27.79652777777778,0.7258671,0.22124429208,0.704372938250113,0.21469287157863448,0.02809438383841334,0.1,0.6
bWWBN__,WWBN,Lagging Darcy with leakage,2017-12-26 18:00:00,28.29652777777778,0.7112833,0.2167991498399999,0.6903560094902168,0.2104205116926181,0.02787439749439269,0.1,0.6
bWWBN__,WWBN,Lagging Darcy with leakage,2017-12-27 06:00:00,28.79652777777778,0.6931461,0.21127093128,0.6768872363980889,0.2063152296541375,0.02212130326519035,0.1,0.6
bWWBN__,WWBN,Lagging Darcy with leakage,2017-12-27 18:00:00,29.29652777777778,0.666369,0.2031092712,0.6639349452356146,0.20236737130781535,0.00340355226202238,0.1,0.6
bWWBN__,WWBN,Lagging Darcy with leakage,2017-12-28 06:00:00,29.79652777777778,0.6121684,0.1865889283199999,0.6514698661893676,0.19856801521451928,-0.05765803811569237,0.1,0.6
bWWBN__,WWBN,Lagging Darcy with leakage,2017-12-28 18:00:00,30.29652777777778,0.596378,0.1817760144,0.6394649086518654,0.1949089041570886,-0.06453133005806566,0.1,0.6
bWWBN__,WWBN,Lagging Darcy with leakage,2017-12-29 06:00:00,30.79652777777778,0.595069,0.1813770311999999,0.6278949614174182,0.19138238424002907,-0.04963506395695361,0.1,0.6
bWWBN__,WWBN,Lagging Darcy with leakage,2017-12-29 18:00:00,31.29652777777778,0.6163006,0.18784842288,0.6167367144759589,0.18798135057227228,-0.0006543170049067015,0.1,0.6
bWWBN__,WWBN,Lagging Darcy with leakage,2017-12-30 06:00:00,31.79652777777778,0.6089405,0.1856050644,0.6059684998198603,0.18469919874509344,0.004520472886767379,0.1,0.6
bWWBN__,WWBN,Lagging Darcy with leakage,2017-12-30 18:00:00,32.296527777777776,0.6005868,0.18305885664,0.5955701488833725,0.18152978137965192,0.007740846771730592,0.1,0.6
bWWBN__,WWBN,Lagging Darcy with leakage,2017-12-31 06:00:00,32.796527777777776,0.5852071,0.17837112408,0.5855228646249282,0.17846736913767813,-0.0004969814834274722,0.1,0.6
bWWBN__,WWBN,Lagging Darcy with leakage,2017-12-31 18:00:00,33.296527777777776,0.5600036,0.17068909728,0.5758091065320965,0.17550661567098302,-0.025580524164636742,0.1,0.6
bWWBN__,WWBN,Lagging Darcy with leakage,2018-01-01 06:00:00,33.796527777777776,0.5468014,0.16666506672,0.5664124870351741,0.1726425260483211,-0.03233196651591386,0.1,0.6
bWS____,WS,Theis confined,2017-11-28 12:00:00,0.04652777777777778,0.0,0.0,5.591922222359121e-53,1.7044178933750602e-53,0.0,1.0,9.6
bWS____,WS,Theis confined,2017-11-29 00:00:00,0.5465277777777777,0.0,0.0,2.9910216349965784e-07,9.116633943469572e-08,-5.982025377271327e-06,1.0,9.6
bWS____,WS,Theis confined,2017-11-29 12:00:00,1.0465277777777777,0.0,0.0,5.191853224907444e-05,1.582476862951789e-05,-0.0010378319110877499,1.0,9.6
bWS____,WS,Theis confined,2017-11-30 00:00:00,1.5465277777777777,0.004256569,0.0012974022312,0.00036433309522787593,0.00011104872742545659,0.07444082477367253,1.0,9.6
bWS____,WS,Theis confined,2017-11-30 12:00:00,2.046527777777778,0.00127298,0.000388004304,0.0010459943042029336,0.0003188190639210542,0.0044368323607768545,1.0,9.6
bWS____,WS,Theis confined,2017-12-01 00:00:00,2.546527777777778,0.021727029,0.0066223984392,0.0020514188167193212,0.0006252724553360491,0.320635596653553,1.0,9.6
bWS____,WS,Theis confined,2017-12-01 12:00:00,3.046527777777778,0.022339089,0.0068089543272,0.003293819863737685,0.0010039562944672465,0.30554425870989066,1.0,9.6
bWS____,WS,Theis confined,2017-12-02 00:00:00,3.546527777777778,0.009805987,0.0029888648376,0.004694992178896383,0.0014310336161276176,0.08933361842517584,1.0,9.6
bWS____,WS,Theis confined,2017-12-02 12:00:00,4.0465277777777775,0.018433025,0.00561838602,0.00619546191799325,0.0018883767926043428,0.19701952489593832,1.0,9.6
bWS____,WS,Theis confined,2017-12-03 00:00:00,4.5465277777777775,0.012200385,0.003718677348,0.007752635486095026,0.002363003296161764,0.07419220495312384,1.0,9.6
bWS____,WS,Theis confined,2017-12-03 12:00:00,5.0465277777777775,0.016033965,0.004887152532,0.009336746831094726,0.0028458404341176725,0.10694044003617664,1.0,9.6
bWS____,WS,Theis confined,2017-12-04 00:00:00,5.5465277777777775,0.008900603,0.0027129037944,0.010927237626839125,0.0033306220286605653,-0.0338289981047315,1.0,9.6
bWS____,WS,Theis confined,2017-12-04 12:00:00,6.0465277777777775,0.014803091,0.0045119821368,0.012510027242964027,0.003813056303655436,0.0360263230765554,1.0,9.6
bWS____,WS,Theis confined,2017-12-05 00:00:00,6.5465277777777775,0.019837597,0.0060464995655999,0.01407538360300134,0.004290176922194809,0.08611224470955436,1.0,9.6
bWS____,WS,Theis confined,2017-12-05 12:00:00,7.0465277777777775,0.005528263,0.0016850145624,0.015572316403045279,0.004746442039648201,-0.1662614664539963,1.0,9.6
bWS____,WS,Theis confined,2017-12-06 00:00:00,7.5465277777777775,0.0030546,0.00093104208,0.016790963593119358,0.00511788570318278,-0.2302462238887606,1.0,9.6
bWS____,WS,Theis confined,2017-12-06 12:00:00,8.046527777777778,0.010214091,0.0031132549368,0.017610709698791995,0.0053677443161918,-0.11586000330536761,1.0,9.6
bWS____,WS,Theis confined,2017-12-07 00:00:00,8.546527777777778,0.02631714,0.008021464272,0.018071023269700556,0.005508047892604729,0.11434593268736304,1.0,9.6
bWS____,WS,Theis confined,2017-12-07 12:00:00,9.046527777777778,0.02507506,0.007642878288,0.018257646569809566,0.005564930674477956,0.09519894762766645,1.0,9.6
bWS____,WS,Theis confined,2017-12-08 00:00:00,9.546527777777778,0.0144675227,0.00440970091896,0.0182494693980888,0.005562438272537466,-0.05700808668794721,1.0,9.6
bWS____,WS,Theis confined,2017-12-08 12:00:00,10.046527777777778,0.022520229,0.0068641657992,0.01810711947031003,0.005519050014550497,0.06278379158906233,1.0,9.6
bWS____,WS,Theis confined,2017-12-09 00:00:00,10.546527777777778,0.02170452,0.006615537696,0.017874431857319992,0.005448126830111134,0.054894378272071,1.0,9.6
bWS____,WS,Theis confined,2017-12-09 12:00:00,11.046527777777778,0.015377034,0.0046869199632,0.0175824000168878,0.005359115525147402,-0.033176559659161775,1.0,9.6
bWS____,WS,Theis confined,2017-12-10 00:00:00,11.546527777777778,0.007121817,0.0021707298216,0.017252773620470032,0.005258645399519266,-0.16327213330904167,1.0,9.6
bWS____,WS,Theis confined,2017-12-10 12:00:00,12.046527777777778,-0.0086779899999999,-0.0026450513519999,0.016900786355552738,0.005151359681172475,-0.4818154334662821,1.0,9.6
bWS____,WS,Theis confined,2017-12-11 00:00:00,12.546527777777778,-0.01345792,-0.004101974016,0.016537102484866516,0.005040508837387314,-0.5992952509300675,1.0,9.6
bWS____,WS,Theis confined,2017-12-11 12:00:00,13.046527777777778,-0.01223737,-0.003729950376,0.016169176752731926,0.004928365074232691,-0.5608947572735907,1.0,9.6
bWS____,WS,Theis confined,2017-12-12 00:00:00,13.546527777777778,0.016725538,0.0050979439824,0.015802199621314298,0.004816510444576598,0.013934491535112947,1.0,9.6
bWS____,WS,Theis confined,2017-12-12 12:00:00,14.046527777777778,0.0579673,0.01766843304,0.01543975572452996,0.004706037544836732,0.500698444028334,1.0,9.6
bWS____,WS,Theis confined,2017-12-13 00:00:00,14.546527777777778,0.04950732,0.015089831136,0.01508428509445606,0.0045976900967902076,0.4245480856225634,1.0,9.6
bWS____,WS,Theis confined,2017-12-13 12:00:00,15.046527777777778,0.03338277,0.010175068296,0.014737408483449435,0.004491962105755388,0.25310247520376716,1.0,9.6
bWS____,WS,Theis confined,2017-12-14 00:00:00,15.546527777777778,0.010933892,0.0033326502816,0.01440015851057641,0.0043891683140236904,-0.05532655565157052,1.0,9.6
bWS____,WS,Theis confined,2017-12-14 12:00:00,16.04652777777778,0.016490701,0.0050263656648,0.014073145068388228,0.004289494616844732,0.03703678084785933,1.0,9.6
bWS____,WS,Theis confined,2017-12-15 00:00:00,16.54652777777778,0.00167279,0.000509866392,0.013756674471147689,0.004193034378805816,-0.21014253878706857,1.0,9.6
bWS____,WS,Theis confined,2017-12-15 12:00:00,17.04652777777778,-0.0009269899999999,-0.0002825465519999,0.013450835787786932,0.004099814748117457,-0.2569561772959381,1.0,9.6
bWS____,WS,Theis confined,2017-12-16 00:00:00,17.54652777777778,0.00038933,0.000118667784,0.013155563712046577,0.004009815819431797,-0.22582150172077808,1.0,9.6
bWS____,WS,Theis confined,2017-12-16 12:00:00,18.04652777777778,-0.00101885,-0.00031054548,0.012870684531220186,0.003922984645115913,-0.2496444601586041,1.0,9.6
bWS____,WS,Theis confined,2017-12-17 00:00:00,18.54652777777778,0.009968129,0.0030382857192,0.012595949835438533,0.0038392455098416652,-0.042887339137652525,1.0,9.6
bWS____,WS,Theis confined,2017-12-17 12:00:00,19.04652777777778,0.01601485,0.00488132628,0.012331061278166843,0.003758507477585254,0.05741983927845018,1.0,9.6
bWS____,WS,Theis confined,2017-12-18 00:00:00,19.54652777777778,0.02462089,0.007504447272,0.012075688767425917,0.00368066993631142,0.18406606775672696,1.0,9.6
bWS____,WS,Theis confined,2017-12-18 12:00:00,20.04652777777778,0.01895626,0.005777868048,0.011829483810479173,0.0036056266654340523,0.10909205553888679,1.0,9.6
bWS____,WS,Theis confined,2017-12-19 00:00:00,20.54652777777778,0.023919851,0.0072907705848,0.011592089267741423,0.003533268808807586,0.18244797032418614,1.0,9.6
bWS____,WS,Theis confined,2017-12-19 12:00:00,21.04652777777778,0.015869305,0.004836964164,0.011363146437042745,0.003463487034010629,0.07086311745811269,1.0,9.6
bWS____,WS,Theis confined,2017-12-20 00:00:00,21.54652777777778,0.019617804,0.0059795066592,0.011142300147839271,0.00339617308506141,0.12981640247226878,1.0,9.6
bWS____,WS,Theis confined,2017-12-20 12:00:00,22.04652777777778,0.015137231,0.0046138280088,0.010929202369396061,0.0033312208821919195,0.06678371726043242,1.0,9.6
bWS____,WS,Theis confined,2017-12-21 00:00:00,22.54652777777778,0.011930823,0.0036365148504,0.010723514708522166,0.0032685272831575567,0.019686988778039982,1.0,9.6
bWS____,WS,Theis confined,2017-12-21 12:00:00,23.04652777777778,0.007149584,0.0021791932032,0.010524910077892519,0.00320799259174164,-0.05738290599690554,1.0,9.6
bWS____,WS,Theis confined,2017-12-22 00:00:00,23.54652777777778,0.021866625,0.0066649473,0.010333073746004213,0.0031495208777820843,0.17493153055315513,1.0,9.6
bWS____,WS,Theis confined,2017-12-22 12:00:00,24.04652777777778,0.03630096,0.011064532608,0.01014770392773393,0.0030930201571733023,0.36103745276150523,1.0,9.6
bWS____,WS,Theis confined,2017-12-23 00:00:00,24.54652777777778,0.019601509,0.0059745399432,0.009968512035520233,0.0030384024684265674,0.1489666230811295,1.0,9.6
bWS____,WS,Theis confined,2017-12-23 12:00:00,25.04652777777778,0.017278495,0.005266485276,0.00979522268194706,0.0029855838734574643,0.11791487670757439,1.0,9.6
bWS____,WS,Theis confined,2017-12-24 00:00:00,25.54652777777778,0.017887453,0.0054520956744,0.009627573502451147,0.00293448440354711,0.12973312129510584,1.0,9.6
bWS____,WS,Theis confined,2017-12-24 12:00:00,26.04652777777778,0.015541312,0.0047369918976,0.009465314850187081,0.0028850279663370226,0.0972874625002218,1.0,9.6
bWS____,WS,Theis confined,2017-12-25 00:00:00,26.54652777777778,0.011459756,0.0034929336288,0.009308209402417446,0.0028371422258568375,0.03563485172133962,1.0,9.6
bWS____,WS,Theis confined,2017-12-25 12:00:00,27.04652777777778,0.0134640978,0.00410385700944,0.009156031708152625,0.0027907584646449206,0.07029579871619962,1.0,9.6
bWS____,WS,Theis confined,2017-12-26 00:00:00,27.54652777777778,0.009353597,0.0028509763656,0.009008567699412382,0.0027458114347808944,0.0058300771830763765,1.0,9.6
bWS____,WS,Theis confined,2017-12-26 12:00:00,28.04652777777778,0.009834862,0.0029976659376,0.008865614182862075,0.002702239202936361,0.0163313474517901,1.0,9.6
bWS____,WS,Theis confined,2017-12-27 00:00:00,28.54652777777778,0.008755867,0.0026687882616,0.008726978324279133,0.00265998299324028,0.000491793950399888,1.0,9.6
bWS____,WS,Theis confined,2017-12-27 12:00:00,29.04652777777778,0.007104278,0.0021653839344,0.008592477135016662,0.0026189870307530786,-0.025727276760036943,1.0,9.6
bWS____,WS,Theis confined,2017-12-28 00:00:00,29.54652777777778,0.004954635,0.001510172748,0.008461936967114888,0.002579198387576618,-0.06186786563738966,1.0,9.6
bWS____,WS,Theis confined,2017-12-28 12:00:00,30.04652777777778,-0.0155312,-0.00473390976,0.008335193021787722,0.0025405668330408977,-0.5261509980787134,1.0,9.6
bWS____,WS,Theis confined,2017-12-29 00:00:00,30.54652777777778,-0.01065885,-0.00324881748,0.008212088874544027,0.0025030446889610196,-0.3918220009219837,1.0,9.6
bWS____,WS,Theis confined,2017-12-29 12:00:00,31.04652777777778,0.004491813,0.0013691046024,0.008092476019088087,0.0024665866906180486,-0.06398568473837063,1.0,9.6
bWS____,WS,Theis confined,2017-12-30 00:00:00,31.54652777777778,0.011570012,0.0035265396576,0.007976213431296517,0.0024311498538591783,0.060142120649742115,1.0,9.6
bWS____,WS,Theis confined,2017-12-30 12:00:00,32.046527777777776,0.008931687,0.0027223781976,0.00786316715393556,0.002396693348519559,0.018297889345863183,1.0,9.6
bWS____,WS,Theis confined,2017-12-31 00:00:00,32.546527777777776,0.018936761,0.0057719247528,0.007753209902304832,0.002363178378222513,0.17701064652018816,1.0,9.6
bWS____,WS,Theis confined,2017-12-31 12:00:00,33.046527777777776,0.0299052,0.00911510496,0.007646220690646409,0.0023305680665090256,0.3265162435433173,1.0,9.6
bWS____,WS,Theis confined,2018-01-01 00:00:00,33.546527777777776,0.03104424,0.009462284352,0.007542084478901849,0.0022988273491692836,0.34247859434074,1.0,9.6
bWS____,WS,Theis confined,2018-01-01 12:00:00,34.046527777777776,0.023242206,0.0070842243888,0.007440691839220397,0.0022679228725943773,0.2430188702835232,1.0,9.6
bWS____,WS,Hantush-Jacob leaky,2017-11-28 12:00:00,0.04652777777777778,0.0,0.0,4.431210550365517e-53,1.3506329757514097e-53,0.0,1.0,9.6
bWS____,WS,Hantush-Jacob leaky,2017-11-29 00:00:00,0.5465277777777777,0.0,0.0,2.93169451042444e-07,8.935804867773695e-08,-5.863371830727715e-06,1.0,9.6
bWS____,WS,Hantush-Jacob leaky,2017-11-29 12:00:00,1.0465277777777777,0.0,0.0,5.1376511307472365e-05,1.5659560646517578e-05,-0.0010270026783167907,1.0,9.6
bWS____,WS,Hantush-Jacob leaky,2017-11-30 00:00:00,1.5465277777777777,0.004256569,0.0012974022312,0.0003617602885374017,0.00011026453594620004,0.07449190998118116,1.0,9.6
bWS____,WS,Hantush-Jacob leaky,2017-11-30 12:00:00,2.046527777777778,0.00127298,0.000388004304,0.0010404394541559895,0.0003171259456267456,0.004545658770867433,1.0,9.6
bWS____,WS,Hantush-Jacob leaky,2017-12-01 00:00:00,2.546527777777778,0.021727029,0.0066223984392,0.0020427325530113657,0.0006226248821578643,0.32080248909878284,1.0,9.6
bWS____,WS,Hantush-Jacob leaky,2017-12-01 12:00:00,3.046527777777778,0.022339089,0.0068089543272,0.0032822805615453383,0.0010004391151590191,0.3057608044868787,1.0,9.6
bWS____,WS,Hantush-Jacob leaky,2017-12-02 00:00:00,3.546527777777778,0.009805987,0.0029888648376,0.004681032871378197,0.0014267788191960745,0.08958887194325893,1.0,9.6
bWS____,WS,Hantush-Jacob leaky,2017-12-02 12:00:00,4.0465277777777775,0.018433025,0.00561838602,0.006179536355951828,0.0018835226812941174,0.1973029609340724,1.0,9.6
bWS____,WS,Hantush-Jacob leaky,2017-12-03 00:00:00,4.5465277777777775,0.012200385,0.003718677348,0.007735162656183694,0.00235767757760479,0.07449479674768078,1.0,9.6
bWS____,WS,Hantush-Jacob leaky,2017-12-03 12:00:00,5.0465277777777775,0.016033965,0.004887152532,0.009318092669714857,0.0028401546457290884,0.10725486735514744,1.0,9.6
bWS____,WS,Hantush-Jacob leaky,2017-12-04 00:00:00,5.5465277777777775,0.008900603,0.0027129037944,0.010907712992757517,0.0033246709201924913,-0.03350848852764443,1.0,9.6
bWS____,WS,Hantush-Jacob leaky,2017-12-04 12:00:00,6.0465277777777775,0.014803091,0.0045119821368,0.012489892354718906,0.003806919189718323,0.0363484814984818,1.0,9.6
bWS____,WS,Hantush-Jacob leaky,2017-12-05 00:00:00,6.5465277777777775,0.019837597,0.0060464995655999,0.014054858345280143,0.004283920823641388,0.08643262587148248,1.0,9.6
bWS____,WS,Hantush-Jacob leaky,2017-12-05 12:00:00,7.0465277777777775,0.005528263,0.0016850145624,0.015552054416795465,0.004740266186239258,-0.16595241656061033,1.0,9.6
bWS____,WS,Hantush-Jacob leaky,2017-12-06 00:00:00,7.5465277777777775,0.0030546,0.00093104208,0.016772594919028654,0.005112286931319934,-0.22997116871037004,1.0,9.6
bWS____,WS,Hantush-Jacob leaky,2017-12-06 12:00:00,8.046527777777778,0.010214091,0.0031132549368,0.017595350659889413,0.005363062881134293,-0.11563280877092286,1.0,9.6
bWS____,WS,Hantush-Jacob leaky,2017-12-07 00:00:00,8.546527777777778,0.02631714,0.008021464272,0.018058953111985594,0.0055043689085332095,0.11452326552862857,1.0,9.6
bWS____,WS,Hantush-Jacob leaky,2017-12-07 12:00:00,9.046527777777778,0.02507506,0.007642878288,0.018248681308664454,0.005562198062880926,0.09533030067623693,1.0,9.6
bWS____,WS,Hantush-Jacob leaky,2017-12-08 00:00:00,9.546527777777778,0.0144675227,0.00440970091896,0.018243245831463098,0.0055605413294299525,-0.05691689403170086,1.0,9.6
bWS____,WS,Hantush-Jacob leaky,2017-12-08 12:00:00,10.046527777777778,0.022520229,0.0068641657992,0.01810323694124637,0.005517866619691894,0.06284079942851006,1.0,9.6
bWS____,WS,Hantush-Jacob leaky,2017-12-09 00:00:00,10.546527777777778,0.02170452,0.006615537696,0.017872512453306615,0.005447541795767856,0.05492265742079505,1.0,9.6
bWS____,WS,Hantush-Jacob leaky,2017-12-09 12:00:00,11.046527777777778,0.015377034,0.0046869199632,0.017582109754636255,0.005359027053213131,-0.033172264711441635,1.0,9.6
bWS____,WS,Hantush-Jacob leaky,2017-12-10 00:00:00,11.546527777777778,0.007121817,0.0021707298216,0.01725382637631742,0.00525896627950155,-0.16328778690295342,1.0,9.6
bWS____,WS,Hantush-Jacob leaky,2017-12-10 12:00:00,12.046527777777778,-0.0086779899999999,-0.0026450513519999,0.016902940768516297,0.005152016346243768,-0.4818476360515169,1.0,9.6
bWS____,WS,Hantush-Jacob leaky,2017-12-11 00:00:00,12.546527777777778,-0.01345792,-0.004101974016,0.016540156460712146,0.005041439689225062,-0.5993411487171181,1.0,9.6
bWS____,WS,Hantush-Jacob leaky,2017-12-11 12:00:00,13.046527777777778,-0.01223737,-0.003729950376,0.0161729615837669,0.004929518690732151,-0.5609519549444699,1.0,9.6
bWS____,WS,Hantush-Jacob leaky,2017-12-12 00:00:00,13.546527777777778,0.016725538,0.0050979439824,0.01580657453575478,0.004817843918498058,0.013868007906340907,1.0,9.6
bWS____,WS,Hantush-Jacob leaky,2017-12-12 12:00:00,14.046527777777778,0.0579673,0.01766843304,0.015444603136852548,0.004707515036112657,0.5006243723460186,1.0,9.6
bWS____,WS,Hantush-Jacob leaky,2017-12-13 00:00:00,14.546527777777778,0.04950732,0.015089831136,0.015089506591514585,0.0045992816090936455,0.4244678621460296,1.0,9.6
bWS____,WS,Hantush-Jacob leaky,2017-12-13 12:00:00,15.046527777777778,0.03338277,0.010175068296,0.014742921485883144,0.004493642468897182,0.25301731937448624,1.0,9.6
bWS____,WS,Hantush-Jacob leaky,2017-12-14 00:00:00,15.546527777777778,0.010933892,0.0033326502816,0.01440589351813991,0.004390916344329045,-0.05541560437990212,1.0,9.6
bWS____,WS,Hantush-Jacob leaky,2017-12-14 12:00:00,16.04652777777778,0.016490701,0.0050263656648,0.014079043395141013,0.004291292426838981,0.03694472893945777,1.0,9.6
bWS____,WS,Hantush-Jacob leaky,2017-12-15 00:00:00,16.54652777777778,0.00167279,0.000509866392,0.013762686385045735,0.00419486681016194,-0.21023682900091734,1.0,9.6
bWS____,WS,Hantush-Jacob leaky,2017-12-15 12:00:00,17.04652777777778,-0.0009269899999999,-0.0002825465519999,0.01345691898136075,0.0041016689055187565,-0.2570520452527787,1.0,9.6
bWS____,WS,Hantush-Jacob leaky,2017-12-16 00:00:00,17.54652777777778,0.00038933,0.000118667784,0.013161682043116667,0.00401168068674196,-0.22591837417929783,1.0,9.6
bWS____,WS,Hantush-Jacob leaky,2017-12-16 12:00:00,18.04652777777778,-0.00101885,-0.00031054548,0.012876806983635424,0.003924850768612077,-0.2497418370898865,1.0,9.6
bWS____,WS,Hantush-Jacob leaky,2017-12-17 00:00:00,18.54652777777778,0.009968129,0.0030382857192,0.01260204965921928,0.003841104736130037,-0.04298478196917088,1.0,9.6
bWS____,WS,Hantush-Jacob leaky,2017-12-17 12:00:00,19.04652777777778,0.01601485,0.00488132628,0.012337115276205844,0.0037603527361875413,0.057322717491461894,1.0,9.6
bWS____,WS,Hantush-Jacob leaky,2017-12-18 00:00:00,19.54652777777778,0.02462089,0.007504447272,0.012081676702221487,0.0036824950588371097,0.1839696105747053,1.0,9.6
bWS____,WS,Hantush-Jacob leaky,2017-12-18 12:00:00,20.04652777777778,0.01895626,0.005777868048,0.01183538790947281,0.003607426234807313,0.10899657007214092,1.0,9.6
bWS____,WS,Hantush-Jacob leaky,2017-12-19 00:00:00,20.54652777777778,0.023919851,0.0072907705848,0.011597893809920542,0.0035350380332637814,0.18235373308121572,1.0,9.6
bWS____,WS,Hantush-Jacob leaky,2017-12-19 12:00:00,21.04652777777778,0.015869305,0.004836964164,0.011368837406745411,0.0034652216415760016,0.07077037928948737,1.0,9.6
bWS____,WS,Hantush-Jacob leaky,2017-12-20 00:00:00,21.54652777777778,0.019617804,0.0059795066592,0.011147864944320419,0.003397869235028864,0.12972539275810568,1.0,9.6
bWS____,WS,Hantush-Jacob leaky,2017-12-20 12:00:00,22.04652777777778,0.015137231,0.0046138280088,0.01093462956281789,0.0033328750907468934,0.0666946474627843,1.0,9.6
bWS____,WS,Hantush-Jacob leaky,2017-12-21 00:00:00,22.54652777777778,0.011930823,0.0036365148504,0.010728793834720888,0.003270136360822927,0.01960005545803334,1.0,9.6
bWS____,WS,Hantush-Jacob leaky,2017-12-21 12:00:00,23.04652777777778,0.007149584,0.0021791932032,0.010530031465634882,0.0032095535907255123,-0.05746751861461652,1.0,9.6
bWS____,WS,Hantush-Jacob leaky,2017-12-22 00:00:00,23.54652777777778,0.021866625,0.0066649473,0.010338028371547061,0.003151031047647544,0.17484941270623588,1.0,9.6
bWS____,WS,Hantush-Jacob leaky,2017-12-22 12:00:00,24.04652777777778,0.03630096,0.011064532608,0.01015248329239123,0.003094476907520847,0.36095799545108465,1.0,9.6
bWS____,WS,Hantush-Jacob leaky,2017-12-23 00:00:00,24.54652777777778,0.019601509,0.0059745399432,0.009973108062667881,0.00303980333750117,0.14888998534443498,1.0,9.6
bWS____,WS,Hantush-Jacob leaky,2017-12-23 12:00:00,25.04652777777778,0.017278495,0.005266485276,0.00979962763048738,0.002986926501772553,0.11784121218889654,1.0,9.6
bWS____,WS,Hantush-Jacob leaky,2017-12-24 00:00:00,25.54652777777778,0.017887453,0.0054520956744,0.009631779894244468,0.0029357665117657143,0.1296625793765851,1.0,9.6
bWS____,WS,Hantush-Jacob leaky,2017-12-24 12:00:00,26.04652777777778,0.015541312,0.0047369918976,0.00946931540935764,0.002886247336772209,0.09722018925670373,1.0,9.6
bWS____,WS,Hantush-Jacob leaky,2017-12-25 00:00:00,26.54652777777778,0.011459756,0.0034929336288,0.009311997004768927,0.002838296687053569,0.03557099072383352,1.0,9.6
bWS____,WS,Hantush-Jacob leaky,2017-12-25 12:00:00,27.04652777777778,0.0134640978,0.00410385700944,0.00915959933920322,0.002791845878589142,0.07023549170485932,1.0,9.6
bWS____,WS,Hantush-Jacob leaky,2017-12-26 00:00:00,27.54652777777778,0.009353597,0.0028509763656,0.009011908419785906,0.0027468296863507446,0.005773464627623959,1.0,9.6
bWS____,WS,Hantush-Jacob leaky,2017-12-26 12:00:00,28.04652777777778,0.009834862,0.0029976659376,0.008868721099960468,0.002703186191267951,0.016278569014783528,1.0,9.6
bWS____,WS,Hantush-Jacob leaky,2017-12-27 00:00:00,28.54652777777778,0.008755867,0.0026687882616,0.00872984456932162,0.00266085662472923,0.0004429888665837822,1.0,9.6
bWS____,WS,Hantush-Jacob leaky,2017-12-27 12:00:00,29.04652777777778,0.007104278,0.0021653839344,0.008595095844663477,0.002619785213453428,-0.025771969376850556,1.0,9.6
bWS____,WS,Hantush-Jacob leaky,2017-12-28 00:00:00,29.54652777777778,0.004954635,0.001510172748,0.008464301269006104,0.002579919026793061,-0.061908306550006564,1.0,9.6
bWS____,WS,Hantush-Jacob leaky,2017-12-28 12:00:00,30.04652777777778,-0.0155312,-0.00473390976,0.008337296023423027,0.002541207827939339,-0.5261870477362249,1.0,9.6
bWS____,WS,Hantush-Jacob leaky,2017-12-29 00:00:00,30.54652777777778,-0.01065885,-0.00324881748,0.008213923655009971,0.0025036039300470395,-0.391853519315962,1.0,9.6
bWS____,WS,Hantush-Jacob leaky,2017-12-29 12:00:00,31.04652777777778,0.004491813,0.0013691046024,0.008094035623207528,0.002467062057953655,-0.06401253129908646,1.0,9.6
bWS____,WS,Hantush-Jacob leaky,2017-12-30 00:00:00,31.54652777777778,0.011570012,0.0035265396576,0.007977490865834646,0.0024315392159064003,0.060120087122724986,1.0,9.6
bWS____,WS,Hantush-Jacob leaky,2017-12-30 12:00:00,32.046527777777776,0.008931687,0.0027223781976,0.007864155385545569,0.0023969945615142894,0.01828081072366139,1.0,9.6
bWS____,WS,Hantush-Jacob leaky,2017-12-31 00:00:00,32.546527777777776,0.018936761,0.0057719247528,0.007753901856940828,0.0023633892859955645,0.17699866535945352,1.0,9.6
bWS____,WS,Hantush-Jacob leaky,2017-12-31 12:00:00,33.046527777777776,0.0299052,0.00911510496,0.007646609254206689,0.002330686500682199,0.32650950307974425,1.0,9.6
bWS____,WS,Hantush-Jacob leaky,2018-01-01 00:00:00,33.546527777777776,0.03104424,0.009462284352,0.007542162498898705,0.0022988511296643255,0.3424772384645207,1.0,9.6
bWS____,WS,Hantush-Jacob leaky,2018-01-01 12:00:00,34.046527777777776,0.023242206,0.0070842243888,0.007440452127299326,0.0022678498084008347,0.2430230434996452,1.0,9.6
bWS____,WS,Lagging Darcy no-leakage,2017-11-28 12:00:00,0.04652777777777778,0.0,0.0,3.0800328176687783e-06,9.387940028254436e-07,-6.15987591103817e-05,1.0,9.6
bWS____,WS,Lagging Darcy no-leakage,2017-11-29 00:00:00,0.5465277777777777,0.0,0.0,0.001373431126208146,0.0004186218072682429,-0.027098129232588697,1.0,9.6
bWS____,WS,Lagging Darcy no-leakage,2017-11-29 12:00:00,1.0465277777777777,0.0,0.0,0.004647712833971976,0.0014166228717946581,-0.08888435715616438,1.0,9.6
bWS____,WS,Lagging Darcy no-leakage,2017-11-30 00:00:00,1.5465277777777777,0.004256569,0.0012974022312,0.006843523263104503,0.0020859058905942527,-0.04657821428836151,1.0,9.6
bWS____,WS,Lagging Darcy no-leakage,2017-11-30 12:00:00,2.046527777777778,0.00127298,0.000388004304,0.008368946736109101,0.0025508549651660543,-0.1296201066772502,1.0,9.6
bWS____,WS,Lagging Darcy no-leakage,2017-12-01 00:00:00,2.546527777777778,0.021727029,0.0066223984392,0.009589336888442657,0.0029228298835973217,0.18539100327258096,1.0,9.6
bWS____,WS,Lagging Darcy no-leakage,2017-12-01 12:00:00,3.046527777777778,0.022339089,0.0068089543272,0.01067345226214667,0.0032532682495023052,0.17585839050645014,1.0,9.6
bWS____,WS,Lagging Darcy no-leakage,2017-12-02 00:00:00,3.546527777777778,0.009805987,0.0029888648376,0.01169653828481524,0.003565104869211685,-0.031122050740733265,1.0,9.6
bWS____,WS,Lagging Darcy no-leakage,2017-12-02 12:00:00,4.0465277777777775,0.018433025,0.00561838602,0.012693252923928942,0.003868903491213542,0.08760169676520047,1.0,9.6
bWS____,WS,Lagging Darcy no-leakage,2017-12-03 00:00:00,4.5465277777777775,0.012200385,0.003718677348,0.013680207471906293,0.004169727237437039,-0.023512610132961242,1.0,9.6
bWS____,WS,Lagging Darcy no-leakage,2017-12-03 12:00:00,5.0465277777777775,0.016033965,0.004887152532,0.01466562394364677,0.004470082178023535,0.020939485184029216,1.0,9.6
bWS____,WS,Lagging Darcy no-leakage,2017-12-04 00:00:00,5.5465277777777775,0.008900603,0.0027129037944,0.01565364083230802,0.004771229725687485,-0.10854172913743065,1.0,9.6
bWS____,WS,Lagging Darcy no-leakage,2017-12-04 12:00:00,6.0465277777777775,0.014803091,0.0045119821368,0.016646253888482152,0.00507377818520936,-0.028045536483042977,1.0,9.6
bWS____,WS,Lagging Darcy no-leakage,2017-12-05 00:00:00,6.5465277777777775,0.019837597,0.0060464995655999,0.016439999533426727,0.005010911857788467,0.04987322600028676,1.0,9.6
bWS____,WS,Lagging Darcy no-leakage,2017-12-05 12:00:00,7.0465277777777775,0.005528263,0.0016850145624,0.014134748535892114,0.0043082713537399165,-0.1440941815127026,1.0,9.6
bWS____,WS,Lagging Darcy no-leakage,2017-12-06 00:00:00,7.5465277777777775,0.0030546,0.00093104208,0.012902924981034956,0.003932811534219455,-0.17027109275726193,1.0,9.6
bWS____,WS,Lagging Darcy no-leakage,2017-12-06 12:00:00,8.046527777777778,0.010214091,0.0031132549368,0.012371663514512361,0.003770883039223368,-0.03520466719953763,1.0,9.6
bWS____,WS,Lagging Darcy no-leakage,2017-12-07 00:00:00,8.546527777777778,0.02631714,0.008021464272,0.012163228097069267,0.003707351923986713,0.20513391586881857,1.0,9.6
bWS____,WS,Lagging Darcy no-leakage,2017-12-07 12:00:00,9.046527777777778,0.02507506,0.007642878288,0.012101718639114682,0.003688603841202155,0.1897147491653337,1.0,9.6
bWS____,WS,Lagging Darcy no-leakage,2017-12-08 00:00:00,9.546527777777778,0.0144675227,0.00440970091896,0.01210853412545007,0.003690681201437181,0.03727816793191696,1.0,9.6
bWS____,WS,Lagging Darcy no-leakage,2017-12-08 12:00:00,10.046527777777778,0.022520229,0.0068641657992,0.012147310175877958,0.0037025001416076016,0.15435800616255824,1.0,9.6
bWS____,WS,Lagging Darcy no-leakage,2017-12-09 00:00:00,10.546527777777778,0.02170452,0.006615537696,0.012200425869791663,0.003718689805112499,0.14219193956200193,1.0,9.6
bWS____,WS,Lagging Darcy no-leakage,2017-12-09 12:00:00,11.046527777777778,0.015377034,0.0046869199632,0.012258955993353552,0.003736529786774163,0.04886863833630439,1.0,9.6
bWS____,WS,Lagging Darcy no-leakage,2017-12-10 00:00:00,11.546527777777778,0.007121817,0.0021707298216,0.01231820273289049,0.0037545881929850217,-0.08706743406612194,1.0,9.6
bWS____,WS,Lagging Darcy no-leakage,2017-12-10 12:00:00,12.046527777777778,-0.0086779899999999,-0.0026450513519999,0.012375617085720436,0.003772088087727589,-0.41177915938815435,1.0,9.6
bWS____,WS,Lagging Darcy no-leakage,2017-12-11 00:00:00,12.546527777777778,-0.01345792,-0.004101974016,0.012429788930939508,0.0037885996661503624,-0.535578074927622,1.0,9.6
bWS____,WS,Lagging Darcy no-leakage,2017-12-11 12:00:00,13.046527777777778,-0.01223737,-0.003729950376,0.012479936120615698,0.003803884529563665,-0.5035254938580414,1.0,9.6
bWS____,WS,Lagging Darcy no-leakage,2017-12-12 00:00:00,13.546527777777778,0.016725538,0.0050979439824,0.012525636162905258,0.003817813902453523,0.06501110695441348,1.0,9.6
bWS____,WS,Lagging Darcy no-leakage,2017-12-12 12:00:00,14.046527777777778,0.0579673,0.01766843304,0.012566680241572224,0.003830324137631214,0.5455955316086087,1.0,9.6
bWS____,WS,Lagging Darcy no-leakage,2017-12-13 00:00:00,14.546527777777778,0.04950732,0.015089831136,0.012602991023849545,0.0038413916640693416,0.4634181523994352,1.0,9.6
bWS____,WS,Lagging Darcy no-leakage,2017-12-13 12:00:00,15.046527777777778,0.03338277,0.010175068296,0.012634574770279372,0.0038510183899811527,0.28612425503500694,1.0,9.6
bWS____,WS,Lagging Darcy no-leakage,2017-12-14 00:00:00,15.546527777777778,0.010933892,0.0033326502816,0.01266149243565035,0.0038592228943862272,-0.027957564436674076,1.0,9.6
bWS____,WS,Lagging Darcy no-leakage,2017-12-14 12:00:00,16.04652777777778,0.016490701,0.0050263656648,0.012683841586998888,0.0038660349157172615,0.058958398807833934,1.0,9.6
bWS____,WS,Lagging Darcy no-leakage,2017-12-15 00:00:00,16.54652777777778,0.00167279,0.000509866392,0.012701744661921407,0.003871491772953645,-0.19345793544304968,1.0,9.6
bWS____,WS,Lagging Darcy no-leakage,2017-12-15 12:00:00,17.04652777777778,-0.0009269899999999,-0.0002825465519999,0.01271534105540649,0.0038756359536878983,-0.2452969024789664,1.0,9.6
bWS____,WS,Lagging Darcy no-leakage,2017-12-16 00:00:00,17.54652777777778,0.00038933,0.000118667784,0.012724781593004325,0.0038785134295477187,-0.21897716395444533,1.0,9.6
bWS____,WS,Lagging Darcy no-leakage,2017-12-16 12:00:00,18.04652777777778,-0.00101885,-0.00031054548,0.01273022454226385,0.003880172440482022,-0.24740785138649013,1.0,9.6
bWS____,WS,Lagging Darcy no-leakage,2017-12-17 00:00:00,18.54652777777778,0.009968129,0.0030382857192,0.012731832652019522,0.0038806625923355504,-0.04505577884238443,1.0,9.6
bWS____,WS,Lagging Darcy no-leakage,2017-12-17 12:00:00,19.04652777777778,0.01601485,0.00488132628,0.012729770903687102,0.003880034171443829,0.05104356671701238,1.0,9.6
bWS____,WS,Lagging Darcy no-leakage,2017-12-18 00:00:00,19.54652777777778,0.02462089,0.007504447272,0.012724204773969428,0.003878337615105882,0.17367308062283415,1.0,9.6
bWS____,WS,Lagging Darcy no-leakage,2017-12-18 12:00:00,20.04652777777778,0.01895626,0.005777868048,0.012715298877179176,0.0038756230977642133,0.09486697143961154,1.0,9.6
bWS____,WS,Lagging Darcy no-leakage,2017-12-19 00:00:00,20.54652777777778,0.023919851,0.0072907705848,0.012703215898097723,0.003871940205740186,0.164568675074388,1.0,9.6
bWS____,WS,Lagging Darcy no-leakage,2017-12-19 12:00:00,21.04652777777778,0.015869305,0.004836964164,0.012688115752491314,0.003867337681359353,0.04950066326540936,1.0,9.6
bWS____,WS,Lagging Darcy no-leakage,2017-12-20 00:00:00,21.54652777777778,0.019617804,0.0059795066592,0.01267015492991261,0.0038618632226373635,0.10513500283778754,1.0,9.6
bWS____,WS,Lagging Darcy no-leakage,2017-12-20 12:00:00,22.04652777777778,0.015137231,0.0046138280088,0.012649485984358298,0.0038555633280324096,0.03894081375213032,1.0,9.6
bWS____,WS,Lagging Darcy no-leakage,2017-12-21 00:00:00,22.54652777777778,0.011930823,0.0036365148504,0.012626257146522385,0.003848483178260023,-0.01116662934036139,1.0,9.6
bWS____,WS,Lagging Darcy no-leakage,2017-12-21 12:00:00,23.04652777777778,0.007149584,0.0021791932032,0.012600612036554017,0.0038406665487416645,-0.09110294387580309,1.0,9.6
bWS____,WS,Lagging Darcy no-leakage,2017-12-22 00:00:00,23.54652777777778,0.021866625,0.0066649473,0.012572689460201491,0.0038321557474694148,0.13848305828066376,1.0,9.6
bWS____,WS,Lagging Darcy no-leakage,2017-12-22 12:00:00,24.04652777777778,0.03630096,0.011064532608,0.012542623274499112,0.0038229915740673297,0.32199242531676475,1.0,9.6
bWS____,WS,Lagging Darcy no-leakage,2017-12-23 00:00:00,24.54652777777778,0.019601509,0.0059745399432,0.012510542311183842,0.0038132132964488353,0.10745102864289136,1.0,9.6
bWS____,WS,Lagging Darcy no-leakage,2017-12-23 12:00:00,25.04652777777778,0.017278495,0.005266485276,0.012476570348042096,0.0038028586420832313,0.07404903418312436,1.0,9.6
bWS____,WS,Lagging Darcy no-leakage,2017-12-24 00:00:00,25.54652777777778,0.017887453,0.0054520956744,0.012440826119978382,0.0037919638013694107,0.08363190485810978,1.0,9.6
bWS____,WS,Lagging Darcy no-leakage,2017-12-24 12:00:00,26.04652777777778,0.015541312,0.0047369918976,0.012403423362488305,0.0037805634408864357,0.049060525930855636,1.0,9.6
bWS____,WS,Lagging Darcy no-leakage,2017-12-25 00:00:00,26.54652777777778,0.011459756,0.0034929336288,0.012364470881845625,0.0037686907247865466,-0.01461314969267491,1.0,9.6
bWS____,WS,Lagging Darcy no-leakage,2017-12-25 12:00:00,27.04652777777778,0.0134640978,0.00410385700944,0.012324072646630766,0.003756377342693058,0.0181266070467192,1.0,9.6
bWS____,WS,Lagging Darcy no-leakage,2017-12-26 00:00:00,27.54652777777778,0.009353597,0.0028509763656,0.012282327896375966,0.0037436535428153946,-0.04816499838916677,1.0,9.6
bWS____,WS,Lagging Darcy no-leakage,2017-12-26 12:00:00,28.04652777777778,0.009834862,0.0029976659376,0.012239331263495875,0.003730548169113543,-0.03939866765092814,1.0,9.6
bWS____,WS,Lagging Darcy no-leakage,2017-12-27 00:00:00,28.54652777777778,0.008755867,0.0026687882616,0.012195172905517818,0.003717088701601831,-0.05688637884502157,1.0,9.6
bWS____,WS,Lagging Darcy no-leakage,2017-12-27 12:00:00,29.04652777777778,0.007104278,0.0021653839344,0.012149938644678305,0.003703301298897947,-0.08467079569628444,1.0,9.6
bWS____,WS,Lagging Darcy no-leakage,2017-12-28 00:00:00,29.54652777777778,0.004954635,0.001510172748,0.012103710112950788,0.0036892108424274005,-0.12229770462374923,1.0,9.6
bWS____,WS,Lagging Darcy no-leakage,2017-12-28 12:00:00,30.04652777777778,-0.0155312,-0.00473390976,0.012056564900252625,0.0036748409815970003,-0.587991739177379,1.0,9.6
bWS____,WS,Lagging Darcy no-leakage,2017-12-29 00:00:00,30.54652777777778,-0.01065885,-0.00324881748,0.012008576704591732,0.00366021417955956,-0.4550016645557018,1.0,9.6
bWS____,WS,Lagging Darcy no-leakage,2017-12-29 12:00:00,31.04652777777778,0.004491813,0.0013691046024,0.011959815482475523,0.0036453517590585398,-0.1284355673323021,1.0,9.6
bWS____,WS,Lagging Darcy no-leakage,2017-12-30 00:00:00,31.54652777777778,0.011570012,0.0035265396576,0.011910347598724178,0.0036302739480911297,-0.005512398273399555,1.0,9.6
bWS____,WS,Lagging Darcy no-leakage,2017-12-30 12:00:00,32.046527777777776,0.008931687,0.0027223781976,0.01186023597471601,0.00361499992509344,-0.04849865628233019,1.0,9.6
bWS____,WS,Lagging Darcy no-leakage,2017-12-31 00:00:00,32.546527777777776,0.018936761,0.0057719247528,0.011809540234332758,0.003599547863424625,0.1091318518280886,1.0,9.6
bWS____,WS,Lagging Darcy no-leakage,2017-12-31 12:00:00,33.046527777777776,0.0299052,0.00911510496,0.01175831684690036,0.00358393497493523,0.257612279787685,1.0,9.6
bWS____,WS,Lagging Darcy no-leakage,2018-01-01 00:00:00,33.546527777777776,0.03104424,0.009462284352,0.011706619266862669,0.003568177552539742,0.27260397178409645,1.0,9.6
bWS____,WS,Lagging Darcy no-leakage,2018-01-01 12:00:00,34.046527777777776,0.023242206,0.0070842243888,0.01165449806970035,0.003552291011644667,0.1722256511667175,1.0,9.6
bWS____,WS,Lagging Darcy with leakage,2017-11-28 12:00:00,0.04652777777777778,0.0,0.0,1.2223564733506447e-06,3.725742530772765e-07,-2.4446830640734163e-05,1.0,9.6
bWS____,WS,Lagging Darcy with leakage,2017-11-29 00:00:00,0.5465277777777777,0.0,0.0,0.0010095086212201904,0.0003076982277479141,-0.019989053471077156,1.0,9.6
bWS____,WS,Lagging Darcy with leakage,2017-11-29 12:00:00,1.0465277777777777,0.0,0.0,0.004770076614161314,0.0014539193519963684,-0.09112099220092773,1.0,9.6
bWS____,WS,Lagging Darcy with leakage,2017-11-30 00:00:00,1.5465277777777777,0.004256569,0.0012974022312,0.00709804902758971,0.002163485343609344,-0.05104587578765862,1.0,9.6
bWS____,WS,Lagging Darcy with leakage,2017-11-30 12:00:00,2.046527777777778,0.00127298,0.000388004304,0.008579331172962236,0.0026149801415188897,-0.1332180162414769,1.0,9.6
bWS____,WS,Lagging Darcy with leakage,2017-12-01 00:00:00,2.546527777777778,0.021727029,0.0066223984392,0.009725160591498304,0.002964228948288683,0.1831142680124933,1.0,9.6
bWS____,WS,Lagging Darcy with leakage,2017-12-01 12:00:00,3.046527777777778,0.022339089,0.0068089543272,0.010741449324621176,0.0032739937541445344,0.17473831267918527,1.0,9.6
bWS____,WS,Lagging Darcy with leakage,2017-12-02 00:00:00,3.546527777777778,0.009805987,0.0029888648376,0.011708751213385538,0.0035688273698399123,-0.031319982752559206,1.0,9.6
bWS____,WS,Lagging Darcy with leakage,2017-12-02 12:00:00,4.0465277777777775,0.018433025,0.00561838602,0.012659997329057936,0.0038587671858968595,0.08813228684697494,1.0,9.6
bWS____,WS,Lagging Darcy with leakage,2017-12-03 00:00:00,4.5465277777777775,0.012200385,0.003718677348,0.013609337952342057,0.004148126207873859,-0.02239909328205636,1.0,9.6
bWS____,WS,Lagging Darcy with leakage,2017-12-03 12:00:00,5.0465277777777775,0.016033965,0.004887152532,0.014563107722645453,0.004438835233862334,0.022526071095450018,1.0,9.6
bWS____,WS,Lagging Darcy with leakage,2017-12-04 00:00:00,5.5465277777777775,0.008900603,0.0027129037944,0.015524212717285686,0.004731780036228678,-0.10656840584360427,1.0,9.6
bWS____,WS,Lagging Darcy with leakage,2017-12-04 12:00:00,6.0465277777777775,0.014803091,0.0045119821368,0.016493971237040436,0.0050273624330499245,-0.025757982624623033,1.0,9.6
bWS____,WS,Lagging Darcy with leakage,2017-12-05 00:00:00,6.5465277777777775,0.019837597,0.0060464995655999,0.016647355237685516,0.0050741138764465454,0.04675713924056968,1.0,9.6
bWS____,WS,Lagging Darcy with leakage,2017-12-05 12:00:00,7.0465277777777775,0.005528263,0.0016850145624,0.01384076164395725,0.00421866414907817,-0.13949974920820507,1.0,9.6
bWS____,WS,Lagging Darcy with leakage,2017-12-06 00:00:00,7.5465277777777775,0.0030546,0.00093104208,0.0124484947502749,0.00379430119988379,-0.16302056105170282,1.0,9.6
bWS____,WS,Lagging Darcy with leakage,2017-12-06 12:00:00,8.046527777777778,0.010214091,0.0031132549368,0.011948146889961271,0.0036417951720601957,-0.028391299940610182,1.0,9.6
bWS____,WS,Lagging Darcy with leakage,2017-12-07 00:00:00,8.546527777777778,0.02631714,0.008021464272,0.011807937362321313,0.0035990593080355363,0.21086576014339364,1.0,9.6
bWS____,WS,Lagging Darcy with leakage,2017-12-07 12:00:00,9.046527777777778,0.02507506,0.007642878288,0.01181188288127194,0.0036002619022116877,0.1943927874573559,1.0,9.6
bWS____,WS,Lagging Darcy with leakage,2017-12-08 00:00:00,9.546527777777778,0.0144675227,0.00440970091896,0.01187533175781841,0.0036196011197830516,0.041039990342923716,1.0,9.6
bWS____,WS,Lagging Darcy with leakage,2017-12-08 12:00:00,10.046527777777778,0.022520229,0.0068641657992,0.01196347633069195,0.0036464675855949064,0.1573204236091481,1.0,9.6
bWS____,WS,Lagging Darcy with leakage,2017-12-09 00:00:00,10.546527777777778,0.02170452,0.006615537696,0.012061097490073091,0.0036762225149742783,0.1444344428621296,1.0,9.6
bWS____,WS,Lagging Darcy with leakage,2017-12-09 12:00:00,11.046527777777778,0.015377034,0.0046869199632,0.012161090681403464,0.0037067004396917763,0.0504417824517196,1.0,9.6
bWS____,WS,Lagging Darcy with leakage,2017-12-10 00:00:00,11.546527777777778,0.007121817,0.0021707298216,0.012259890023447632,0.0037368144791468383,-0.08613127085457428,1.0,9.6
bWS____,WS,Lagging Darcy with leakage,2017-12-10 12:00:00,12.046527777777778,-0.0086779899999999,-0.0026450513519999,0.012355549183839116,0.003765971391234163,-0.41145738091602624,1.0,9.6
bWS____,WS,Lagging Darcy with leakage,2017-12-11 00:00:00,12.546527777777778,-0.01345792,-0.004101974016,0.012446900727660866,0.003793815341791032,-0.5358521340314506,1.0,9.6
bWS____,WS,Lagging Darcy with leakage,2017-12-11 12:00:00,13.046527777777778,-0.01223737,-0.003729950376,0.012533174631846715,0.003820111627786879,-0.5043772207549888,1.0,9.6
bWS____,WS,Lagging Darcy with leakage,2017-12-12 00:00:00,13.546527777777778,0.016725538,0.0050979439824,0.012613820240444155,0.0038446924092873785,0.06360173384907464,1.0,9.6
bWS____,WS,Lagging Darcy with leakage,2017-12-12 12:00:00,14.046527777777778,0.0579673,0.01766843304,0.012688421198006736,0.0038674307811524533,0.5436516428029541,1.0,9.6
bWS____,WS,Lagging Darcy with leakage,2017-12-13 00:00:00,14.546527777777778,0.04950732,0.015089831136,0.012756653801755502,0.0038882280787750773,0.4609666002259978,1.0,9.6
bWS____,WS,Lagging Darcy with leakage,2017-12-13 12:00:00,15.046527777777778,0.03338277,0.010175068296,0.012818265856508975,0.003907007433063936,0.2831958045258429,1.0,9.6
bWS____,WS,Lagging Darcy with leakage,2017-12-14 00:00:00,15.546527777777778,0.010933892,0.0033326502816,0.01287306520363736,0.0039237102740686675,-0.03132831703722205,1.0,9.6
bWS____,WS,Lagging Darcy with leakage,2017-12-14 12:00:00,16.04652777777778,0.016490701,0.0050263656648,0.012920912745855866,0.003938294204936868,0.05518351876236771,1.0,9.6
bWS____,WS,Lagging Darcy with leakage,2017-12-15 00:00:00,16.54652777777778,0.00167279,0.000509866392,0.012961717492377756,0.00395073149167674,-0.1975955454832321,1.0,9.6
bWS____,WS,Lagging Darcy with leakage,2017-12-15 12:00:00,17.04652777777778,-0.0009269899999999,-0.0002825465519999,0.012995432462117214,0.003961007814453327,-0.2497530339998706,1.0,9.6
bWS____,WS,Lagging Darcy with leakage,2017-12-16 00:00:00,17.54652777777778,0.00038933,0.000118667784,0.013022050924405523,0.0039691211217588035,-0.22370523350862603,1.0,9.6
bWS____,WS,Lagging Darcy with leakage,2017-12-16 12:00:00,18.04652777777778,-0.00101885,-0.00031054548,0.013041602767834422,0.003975080523635932,-0.25235933962368273,1.0,9.6
bWS____,WS,Lagging Darcy with leakage,2017-12-17 00:00:00,18.54652777777778,0.009968129,0.0030382857192,0.013054150935021592,0.003978905204994582,-0.05018065808994221,1.0,9.6
bWS____,WS,Lagging Darcy with leakage,2017-12-17 12:00:00,19.04652777777778,0.01601485,0.00488132628,0.01305978792612615,0.003980623359883251,0.04579642565552389,1.0,9.6
bWS____,WS,Lagging Darcy with leakage,2017-12-18 00:00:00,19.54652777777778,0.02462089,0.007504447272,0.013058632398782211,0.003980271155148818,0.1683555282387008,1.0,9.6
bWS____,WS,Lagging Darcy with leakage,2017-12-18 12:00:00,20.04652777777778,0.01895626,0.005777868048,0.013050825897055083,0.0039778917334223896,0.08953122913985023,1.0,9.6
bWS____,WS,Lagging Darcy with leakage,2017-12-19 00:00:00,20.54652777777778,0.023919851,0.0072907705848,0.013036529739072988,0.003973534264469447,0.1592670161596743,1.0,9.6
bWS____,WS,Lagging Darcy with leakage,2017-12-19 12:00:00,21.04652777777778,0.015869305,0.004836964164,0.01301592208595404,0.003967253051798791,0.04428512552808561,1.0,9.6
bWS____,WS,Lagging Darcy with leakage,2017-12-20 00:00:00,21.54652777777778,0.019617804,0.0059795066592,0.01298919520752763,0.003959106699254422,0.10005713218514645,1.0,9.6
bWS____,WS,Lagging Darcy with leakage,2017-12-20 12:00:00,22.04652777777778,0.015137231,0.0046138280088,0.012956552953537698,0.003949157340238291,0.03405143767588115,1.0,9.6
bWS____,WS,Lagging Darcy with leakage,2017-12-21 00:00:00,22.54652777777778,0.011930823,0.0036365148504,0.01291820843310649,0.0039374699304108585,-0.015817599998691367,1.0,9.6
bWS____,WS,Lagging Darcy with leakage,2017-12-21 12:00:00,23.04652777777778,0.007149584,0.0021791932032,0.012874381900892606,0.0039241116033920664,-0.09546668664526381,1.0,9.6
bWS____,WS,Lagging Darcy with leakage,2017-12-22 00:00:00,23.54652777777778,0.021866625,0.0066649473,0.01282529884451019,0.003909151087806706,0.13445413039393328,1.0,9.6
bWS____,WS,Lagging Darcy with leakage,2017-12-22 12:00:00,24.04652777777778,0.03630096,0.011064532608,0.012771188265495916,0.0038926581833231555,0.31834453939503327,1.0,9.6
bWS____,WS,Lagging Darcy with leakage,2017-12-23 00:00:00,24.54652777777778,0.019601509,0.0059745399432,0.012712281143892586,0.00387470329265846,0.10422894816783312,1.0,9.6
bWS____,WS,Lagging Darcy with leakage,2017-12-23 12:00:00,25.04652777777778,0.017278495,0.005266485276,0.012648809075846838,0.0038553570063181164,0.07129597421422362,1.0,9.6
bWS____,WS,Lagging Darcy with leakage,2017-12-24 00:00:00,25.54652777777778,0.017887453,0.0054520956744,0.01258100307234211,0.0038346897364498755,0.08138946428577531,1.0,9.6
bWS____,WS,Lagging Darcy with leakage,2017-12-24 12:00:00,26.04652777777778,0.015541312,0.0047369918976,0.012509092507490428,0.0038127713962830823,0.04736863509873812,1.0,9.6
bWS____,WS,Lagging Darcy with leakage,2017-12-25 00:00:00,26.54652777777778,0.011459756,0.0034929336288,0.012433304204427738,0.0037896711215095746,-0.015716267589041877,1.0,9.6
bWS____,WS,Lagging Darcy with leakage,2017-12-25 12:00:00,27.04652777777778,0.0134640978,0.00410385700944,0.012353861647374656,0.0037654570301197954,0.0176487518194981,1.0,9.6
bWS____,WS,Lagging Darcy with leakage,2017-12-26 00:00:00,27.54652777777778,0.009353597,0.0028509763656,0.012270984308464853,0.0037401960172200877,-0.0479828500746553,1.0,9.6
bWS____,WS,Lagging Darcy with leakage,2017-12-26 12:00:00,28.04652777777778,0.009834862,0.0029976659376,0.012184887078918944,0.0037139535816544944,-0.03852352953429783,1.0,9.6
bWS____,WS,Lagging Darcy with leakage,2017-12-27 00:00:00,28.54652777777778,0.008755867,0.0026687882616,0.012095779794496078,0.0036867936813624047,-0.05528701654149826,1.0,9.6
bWS____,WS,Lagging Darcy with leakage,2017-12-27 12:00:00,29.04652777777778,0.007104278,0.0021653839344,0.012003866845451613,0.003658778614493652,-0.08231771652887954,1.0,9.6
bWS____,WS,Lagging Darcy with leakage,2017-12-28 00:00:00,29.54652777777778,0.004954635,0.001510172748,0.011909346862803953,0.003629968923782645,-0.11916314098941116,1.0,9.6
bWS____,WS,Lagging Darcy with leakage,2017-12-28 12:00:00,30.04652777777778,-0.0155312,-0.00473390976,0.011812412472122827,0.003600423321503038,-0.5840496263176225,1.0,9.6
bWS____,WS,Lagging Darcy with leakage,2017-12-29 00:00:00,30.54652777777778,-0.01065885,-0.00324881748,0.011713250107761902,0.003570198632845828,-0.4502276135195751,1.0,9.6
bWS____,WS,Lagging Darcy with leakage,2017-12-29 12:00:00,31.04652777777778,0.004491813,0.0013691046024,0.011612039880598815,0.003539349755606519,-0.12280683384669544,1.0,9.6
bWS____,WS,Lagging Darcy with leakage,2017-12-30 00:00:00,31.54652777777778,0.011570012,0.0035265396576,0.011508955492731036,0.00350792963418442,0.0009921518439948152,1.0,9.6
bWS____,WS,Lagging Darcy with leakage,2017-12-30 12:00:00,32.046527777777776,0.008931687,0.0027223781976,0.011404164193678885,0.003475989246233324,-0.04109872797246261,1.0,9.6
bWS____,WS,Lagging Darcy with leakage,2017-12-31 00:00:00,32.546527777777776,0.018936761,0.0057719247528,0.01129782677271094,0.003443577600322295,0.11744518710879648,1.0,9.6
bWS____,WS,Lagging Darcy with leakage,2017-12-31 12:00:00,33.046527777777776,0.0299052,0.00911510496,0.011190097582743901,0.0034107417432203413,0.2668555597831821,1.0,9.6
bWS____,WS,Lagging Darcy with leakage,2018-01-01 00:00:00,33.546527777777776,0.03104424,0.009462284352,0.011081124591240813,0.0033775267754102,0.28279228645751875,1.0,9.6
bWS____,WS,Lagging Darcy with leakage,2018-01-01 12:00:00,34.046527777777776,0.023242206,0.0070842243888,0.010971049454590834,0.003343975873759286,0.18337268709518773,1.0,9.6
bWD____,WD,Theis confined,2017-11-28 12:00:00,0.04652777777777778,0.0,0.0,5.046700966275274e-48,1.5382344545207038e-48,0.0,1.0,9.6
bWD____,WD,Theis confined,2017-11-29 00:00:00,0.5465277777777777,0.0,0.0,1.2018208059156871e-06,3.6631498164310147e-07,-2.4036127248550088e-05,1.0,9.6
bWD____,WD,Theis confined,2017-11-29 12:00:00,1.0465277777777777,0.0,0.0,0.00013295649533821347,4.052513977908747e-05,-0.0026556006759044237,1.0,9.6
bWD____,WD,Theis confined,2017-11-30 00:00:00,1.5465277777777777,0.0,0.0,0.0007939673880476862,0.0002420012598769348,-0.015754589900903504,1.0,9.6
bWD____,WD,Theis confined,2017-11-30 12:00:00,2.046527777777778,0.0,0.0,0.0020964144665089096,0.0006389871293919157,-0.04107312074239644,1.0,9.6
bWD____,WD,Theis confined,2017-12-01 00:00:00,2.546527777777778,0.019864489,0.0060546962472,0.0039048271744188366,0.0011901913227628615,0.25933746252805756,1.0,9.6
bWD____,WD,Theis confined,2017-12-01 12:00:00,3.046527777777778,0.02741142,0.008355000816,0.006053185852069488,0.0018450110477107801,0.3228333275627233,1.0,9.6
bWD____,WD,Theis confined,2017-12-02 00:00:00,3.546527777777778,0.0207462309999999,0.0063234512088,0.008410191354705276,0.0025634263249141686,0.19160887891198497,1.0,9.6
bWD____,WD,Theis confined,2017-12-02 12:00:00,4.0465277777777775,0.03004279,0.009157042392,0.01088337947982561,0.003317254065450846,0.2736011441568378,1.0,9.6
bWD____,WD,Theis confined,2017-12-03 00:00:00,4.5465277777777775,0.03510483,0.010699952184,0.013410230775637648,0.004087438340414355,0.29425857359992014,1.0,9.6
bWD____,WD,Theis confined,2017-12-03 12:00:00,5.0465277777777775,0.0303073,0.00923766504,0.015949183535295928,0.004861311141558199,0.19697602688111937,1.0,9.6
bWD____,WD,Theis confined,2017-12-04 00:00:00,5.5465277777777775,0.0157502829999999,0.0048006862583999,0.018472900552051266,0.005630540088265227,-0.04057407938302804,1.0,9.6
bWD____,WD,Theis confined,2017-12-04 12:00:00,6.0465277777777775,0.0152918439999999,0.0046609540512,0.02096362394354786,0.006389712577993388,-0.0833002789054107,1.0,9.6
bWD____,WD,Theis confined,2017-12-05 00:00:00,6.5465277777777775,0.0129406639999999,0.0039443143871999,0.023409281001709734,0.007135148849321127,-0.15385793048155394,1.0,9.6
bWD____,WD,Theis confined,2017-12-05 12:00:00,7.0465277777777775,0.0100714599999999,0.0030697810079999,0.025688213437059196,0.007829767455615644,-0.2310875938129695,1.0,9.6
bWD____,WD,Theis confined,2017-12-06 00:00:00,7.5465277777777775,0.0227356329999999,0.0069298209384,0.02739881981859438,0.008351160280707568,-0.06214013064477353,1.0,9.6
bWD____,WD,Theis confined,2017-12-06 12:00:00,8.046527777777778,0.03573136,0.0108909185279999,0.028408096745042584,0.00865878788788898,0.08929148949004073,1.0,9.6
bWD____,WD,Theis confined,2017-12-07 00:00:00,8.546527777777778,0.03917181,0.011939567688,0.028845356389160217,0.008792064627416035,0.12307653827626153,1.0,9.6
bWD____,WD,Theis confined,2017-12-07 12:00:00,9.046527777777778,0.0219184589999999,0.0066807463031999,0.02887783497753777,0.008801964101153513,-0.09236729952966138,1.0,9.6
bWD____,WD,Theis confined,2017-12-08 00:00:00,9.546527777777778,0.0227025059999999,0.0069197238287999,0.02863978431935071,0.008729406260538097,-0.0785018788304872,1.0,9.6
bWD____,WD,Theis confined,2017-12-08 12:00:00,10.046527777777778,0.02703609,0.008240600232,0.028226734319376626,0.008603508620545996,-0.015337446872190963,1.0,9.6
bWD____,WD,Theis confined,2017-12-09 00:00:00,10.546527777777778,0.021733809,0.0066244649832,0.02770404898132886,0.008444194129509038,-0.0799451958192865,1.0,9.6
bWD____,WD,Theis confined,2017-12-09 12:00:00,11.046527777777778,0.0172582555999999,0.00526031630688,0.027115896466844244,0.008264925243094126,-0.13676966837357085,1.0,9.6
bWD____,WD,Theis confined,2017-12-10 00:00:00,11.546527777777778,0.0070821319999999,0.0021586338335999,0.026492022531473192,0.00807476846759303,-0.29269531176325936,1.0,9.6
bWD____,WD,Theis confined,2017-12-10 12:00:00,12.046527777777778,-0.0150047,-0.00457343256,0.0258524334021112,0.007879821700963494,-0.773576020290049,1.0,9.6
bWD____,WD,Theis confined,2017-12-11 00:00:00,12.546527777777778,-0.01460033,-0.004450180584,0.02521054529043805,0.007684174204525518,-0.7535889529881552,1.0,9.6
bWD____,WD,Theis confined,2017-12-11 12:00:00,13.046527777777778,-0.01139278,-0.003472519344,0.02457529100688628,0.007490548698898938,-0.6583699269856376,1.0,9.6
bWD____,WD,Theis confined,2017-12-12 00:00:00,13.546527777777778,0.0278845199999999,0.0084992016959999,0.023952534106520665,0.0073007323956674995,0.05180376042071,1.0,9.6
bWD____,WD,Theis confined,2017-12-12 12:00:00,14.046527777777778,0.07287966,0.022213720368,0.02334602523305134,0.007115868491034049,0.5160171883995277,1.0,9.6
bWD____,WD,Theis confined,2017-12-13 00:00:00,14.546527777777778,0.07135876,0.021750150048,0.022758054526071513,0.006936655019546597,0.5116115023953323,1.0,9.6
bWD____,WD,Theis confined,2017-12-13 12:00:00,15.046527777777778,0.05411721,0.016494925608,0.022189900623678253,0.006763481710097132,0.36621712820662555,1.0,9.6
bWD____,WD,Theis confined,2017-12-14 00:00:00,15.546527777777778,0.03216395,0.00980357196,0.021642142236913225,0.006596524953811151,0.13703316183780645,1.0,9.6
bWD____,WD,Theis confined,2017-12-14 12:00:00,16.04652777777778,0.02780876,0.008476110048,0.02111487594697065,0.006435814188636655,0.08995748062653375,1.0,9.6
bWD____,WD,Theis confined,2017-12-15 00:00:00,16.54652777777778,0.0032376799999999,0.0009868448639999,0.020607869387615777,0.006281278589345289,-0.2823751863823416,1.0,9.6
bWD____,WD,Theis confined,2017-12-15 12:00:00,17.04652777777778,-0.00170556,-0.000519854688,0.020120669497015676,0.006132780062690378,-0.37290116772196713,1.0,9.6
bWD____,WD,Theis confined,2017-12-16 00:00:00,17.54652777777778,-0.00242861,-0.000740240328,0.019652679262361167,0.005990136639167684,-0.3812896368861267,1.0,9.6
bWD____,WD,Theis confined,2017-12-16 12:00:00,18.04652777777778,0.0058381199999999,0.0017794589759999,0.01920321220221235,0.005853139079234324,-0.21459049038783773,1.0,9.6
bWD____,WD,Theis confined,2017-12-17 00:00:00,18.54652777777778,0.024511544,0.0074711186112,0.01877153101365861,0.005721562652963145,0.08016420050461193,1.0,9.6
bWD____,WD,Theis confined,2017-12-17 12:00:00,19.04652777777778,0.024044941,0.0073288980168,0.01835687489166328,0.0055951754669789685,0.07993007792654883,1.0,9.6
bWD____,WD,Theis confined,2017-12-18 00:00:00,19.54652777777778,0.0272327799999999,0.008300551344,0.017958478707251486,0.0054737443099702535,0.12792706687450517,1.0,9.6
bWD____,WD,Theis confined,2017-12-18 12:00:00,20.04652777777778,0.0295929199999999,0.009019922016,0.017575586314124054,0.005357038708545012,0.16367837555141085,1.0,9.6
bWD____,WD,Theis confined,2017-12-19 00:00:00,20.54652777777778,0.03135045,0.00955561716,0.017207459610891748,0.005244833689399805,0.19098211782025531,1.0,9.6
bWD____,WD,Theis confined,2017-12-19 12:00:00,21.04652777777778,0.0286252299999999,0.008724970104,0.01685338453246542,0.00513691160549546,0.16219070927028856,1.0,9.6
bWD____,WD,Theis confined,2017-12-20 00:00:00,21.54652777777778,0.019527851,0.0059520889848,0.01651267482132261,0.005033063285539131,0.04433487779430312,1.0,9.6
bWD____,WD,Theis confined,2017-12-20 12:00:00,22.04652777777778,0.0173145628,0.00527747874144,0.01618467419805145,0.0049330886955660826,0.016927671013762247,1.0,9.6
bWD____,WD,Theis confined,2017-12-21 00:00:00,22.54652777777778,0.02096321,0.006389586408,0.015868757383750768,0.004836797250567234,0.07449733593323637,1.0,9.6
bWD____,WD,Theis confined,2017-12-21 12:00:00,23.04652777777778,0.02713245,0.00826997076,0.015564330305851162,0.004744007877223434,0.1624922712654735,1.0,9.6
bWD____,WD,Theis confined,2017-12-22 00:00:00,23.54652777777778,0.03205816,0.009771327168,0.015270829730680039,0.004654548901911276,0.22888303929620735,1.0,9.6
bWD____,WD,Theis confined,2017-12-22 12:00:00,24.04652777777778,0.0456942699999999,0.013927613496,0.014987722501443463,0.004568257818439968,0.3869600545966838,1.0,9.6
bWD____,WD,Theis confined,2017-12-23 00:00:00,24.54652777777778,0.0261438619999999,0.0079686491375999,0.014714504512741377,0.004484980975483572,0.1626391146079773,1.0,9.6
bWD____,WD,Theis confined,2017-12-23 12:00:00,25.04652777777778,0.02738102,0.008345734896,0.014450699517631215,0.0044045732129739945,0.1828409479116173,1.0,9.6
bWD____,WD,Theis confined,2017-12-24 00:00:00,25.54652777777778,0.0221410999999999,0.0067486072799999,0.01419585783727086,0.004326897468800158,0.11668523454202173,1.0,9.6
bWD____,WD,Theis confined,2017-12-24 12:00:00,26.04652777777778,0.0217886299999999,0.0066411744239999,0.01394955502389853,0.004251824371284272,0.11563153715551744,1.0,9.6
bWD____,WD,Theis confined,2017-12-25 00:00:00,26.54652777777778,0.0275657799999999,0.008402049744,0.013711390513594159,0.0041792318285435,0.19676298898502065,1.0,9.6
bWD____,WD,Theis confined,2017-12-25 12:00:00,27.04652777777778,0.03258428,0.009931688544,0.01348098629462759,0.00410900462260249,0.26307891501486136,1.0,9.6
bWD____,WD,Theis confined,2017-12-26 00:00:00,27.54652777777778,0.0309325899999999,0.009428253432,0.01325798560930051,0.0040410340137147956,0.24639521163037736,1.0,9.6
bWD____,WD,Theis confined,2017-12-26 12:00:00,28.04652777777778,0.018832816,0.0057402423168,0.013042051701329297,0.00397521735856517,0.0878786169225978,1.0,9.6
bWD____,WD,Theis confined,2017-12-27 00:00:00,28.54652777777778,0.0064649599999999,0.001970519808,0.01283286661648797,0.0039114577447055335,-0.10685802156611945,1.0,9.6
bWD____,WD,Theis confined,2017-12-27 12:00:00,29.04652777777778,0.0051347099999999,0.0015650596079999,0.01263013006104228,0.003849663642605687,-0.12746700981240533,1.0,9.6
bWD____,WD,Theis confined,2017-12-28 00:00:00,29.54652777777778,0.017643065,0.005377606212,0.012433558320180333,0.0037897485759909658,0.08014191201889886,1.0,9.6
bWD____,WD,Theis confined,2017-12-28 12:00:00,30.04652777777778,0.0103742039999999,0.0031620573791999,0.012242883236962045,0.0037316308106260312,-0.0304822756776999,1.0,9.6
bWD____,WD,Theis confined,2017-12-29 00:00:00,30.54652777777778,0.0055933999999999,0.0017048683199999,0.01205785125110921,0.0036752330613380874,-0.11000254551292432,1.0,9.6
bWD____,WD,Theis confined,2017-12-29 12:00:00,31.04652777777778,0.0100548969999999,0.0030647326055999,0.011878222496120472,0.00362048221681752,-0.029909206367600305,1.0,9.6
bWD____,WD,Theis confined,2017-12-30 00:00:00,31.54652777777778,0.0076865429999999,0.0023428583063999,0.011703769952629336,0.003567309081561422,-0.06732110764093102,1.0,9.6
bWD____,WD,Theis confined,2017-12-30 12:00:00,32.046527777777776,0.0053675799999999,0.0016360383839999,0.011534278655555058,0.003515648134213182,-0.10560017214720041,1.0,9.6
bWD____,WD,Theis confined,2017-12-31 00:00:00,32.546527777777776,0.0100113509999999,0.0030514597847999,0.011369544952382883,0.003465437301486303,-0.022379973889144367,1.0,9.6
bWD____,WD,Theis confined,2017-12-31 12:00:00,33.046527777777776,0.019255148,0.0058689691104,0.011209375809800266,0.0034166177468271212,0.12349710436362082,1.0,9.6
bWD____,WD,Theis confined,2018-01-01 00:00:00,33.546527777777776,0.0219444169999999,0.0066886583015999,0.011053588165890135,0.0033691336729633134,0.16414186172458267,1.0,9.6
bWD____,WD,Theis confined,2018-01-01 12:00:00,34.046527777777776,0.0146377789999999,0.0044615950392,0.01090200832511207,0.003322932137494159,0.059532902496883366,1.0,9.6
bWD____,WD,Hantush-Jacob leaky,2017-11-28 12:00:00,0.04652777777777778,0.0,0.0,4.258467487061934e-48,1.2979808900564775e-48,0.0,1.0,9.6
bWD____,WD,Hantush-Jacob leaky,2017-11-29 00:00:00,0.5465277777777777,0.0,0.0,1.1842656978690901e-06,3.609641847104987e-07,-2.3685033464282412e-05,1.0,9.6
bWD____,WD,Hantush-Jacob leaky,2017-11-29 12:00:00,1.0465277777777777,0.0,0.0,0.00013193117685757785,4.0212622706189734e-05,-0.002635148481632932,1.0,9.6
bWD____,WD,Hantush-Jacob leaky,2017-11-30 00:00:00,1.5465277777777777,0.0,0.0,0.0007898139061186358,0.00024073527858496023,-0.01567281539165677,1.0,9.6
bWD____,WD,Hantush-Jacob leaky,2017-11-30 12:00:00,2.046527777777778,0.0,0.0,0.002088146981782153,0.0006364672000472002,-0.04091441229981818,1.0,9.6
bWD____,WD,Hantush-Jacob leaky,2017-12-01 00:00:00,2.546527777777778,0.019864489,0.0060546962472,0.0038925241549835035,0.001186441362438972,0.25956572452776383,1.0,9.6
bWD____,WD,Hantush-Jacob leaky,2017-12-01 12:00:00,3.046527777777778,0.02741142,0.008355000816,0.0060373798188663045,0.0018401933687904497,0.32311535010785564,1.0,9.6
bWD____,WD,Hantush-Jacob leaky,2017-12-02 00:00:00,3.546527777777778,0.0207462309999999,0.0063234512088,0.00839152797387545,0.0025577377264372372,0.19192845264935743,1.0,9.6
bWD____,WD,Hantush-Jacob leaky,2017-12-02 12:00:00,4.0465277777777775,0.03004279,0.009157042392,0.010862476042178118,0.0033108826976558908,0.2739445388089723,1.0,9.6
bWD____,WD,Hantush-Jacob leaky,2017-12-03 00:00:00,4.5465277777777775,0.03510483,0.010699952184,0.013387628596379401,0.0040805491961764416,0.2946150808723549,1.0,9.6
bWD____,WD,Hantush-Jacob leaky,2017-12-03 12:00:00,5.0465277777777775,0.0303073,0.00923766504,0.015925339396725392,0.0048540434481218996,0.19733764546066324,1.0,9.6
bWD____,WD,Hantush-Jacob leaky,2017-12-04 00:00:00,5.5465277777777775,0.0157502829999999,0.0048006862583999,0.018448192848843192,0.005623009180327405,-0.04021317511528455,1.0,9.6
bWD____,WD,Hantush-Jacob leaky,2017-12-04 12:00:00,6.0465277777777775,0.0152918439999999,0.0046609540512,0.02093836330983798,0.006382013136838617,-0.08294424958593938,1.0,9.6
bWD____,WD,Hantush-Jacob leaky,2017-12-05 00:00:00,6.5465277777777775,0.0129406639999999,0.0039443143871999,0.023383733106432745,0.007127361850840701,-0.1535098499452947,1.0,9.6
bWD____,WD,Hantush-Jacob leaky,2017-12-05 12:00:00,7.0465277777777775,0.0100714599999999,0.0030697810079999,0.02566348555310899,0.00782223039658762,-0.23076083323697016,1.0,9.6
bWD____,WD,Hantush-Jacob leaky,2017-12-06 00:00:00,7.5465277777777775,0.0227356329999999,0.0069298209384,0.027377212111386044,0.008344574251550467,-0.0618609180680032,1.0,9.6
bWD____,WD,Hantush-Jacob leaky,2017-12-06 12:00:00,8.046527777777778,0.03573136,0.0108909185279999,0.028390799434010155,0.008653515667486296,0.08951212001135334,1.0,9.6
bWD____,WD,Hantush-Jacob leaky,2017-12-07 00:00:00,8.546527777777778,0.03917181,0.011939567688,0.02883243852472254,0.008788127262335431,0.12324038968569573,1.0,9.6
bWD____,WD,Hantush-Jacob leaky,2017-12-07 12:00:00,9.046527777777778,0.0219184589999999,0.0066807463031999,0.028868866560412078,0.008799230527613602,-0.09225359297291069,1.0,9.6
bWD____,WD,Hantush-Jacob leaky,2017-12-08 00:00:00,9.546527777777778,0.0227025059999999,0.0069197238287999,0.028634193948641987,0.008727702315546077,-0.07843078797651826,1.0,9.6
bWD____,WD,Hantush-Jacob leaky,2017-12-08 12:00:00,10.046527777777778,0.02703609,0.008240600232,0.028223960544430264,0.008602663173942345,-0.015301988097794705,1.0,9.6
bWD____,WD,Hantush-Jacob leaky,2017-12-09 00:00:00,10.546527777777778,0.021733809,0.0066244649832,0.02770359330265671,0.008444055238649766,-0.07993933151730648,1.0,9.6
bWD____,WD,Hantush-Jacob leaky,2017-12-09 12:00:00,11.046527777777778,0.0172582555999999,0.00526031630688,0.0271173350492051,0.008265363722997715,-0.13678832300910893,1.0,9.6
bWD____,WD,Hantush-Jacob leaky,2017-12-10 00:00:00,11.546527777777778,0.0070821319999999,0.0021586338335999,0.026495002080209416,0.00807567663404783,-0.2927342634161092,1.0,9.6
bWD____,WD,Hantush-Jacob leaky,2017-12-10 12:00:00,12.046527777777778,-0.0150047,-0.00457343256,0.02585666194598337,0.007881110561135732,-0.7736317657134011,1.0,9.6
bWD____,WD,Hantush-Jacob leaky,2017-12-11 00:00:00,12.546527777777778,-0.01460033,-0.004450180584,0.025215782210159274,0.007685770417656547,-0.7536585806897733,1.0,9.6
bWD____,WD,Hantush-Jacob leaky,2017-12-11 12:00:00,13.046527777777778,-0.01139278,-0.003472519344,0.024581337919358025,0.0074923917978203265,-0.6584510083632278,1.0,9.6
bWD____,WD,Hantush-Jacob leaky,2017-12-12 00:00:00,13.546527777777778,0.0278845199999999,0.0084992016959999,0.023959227074542983,0.007302772412320701,0.051713260950303486,1.0,9.6
bWD____,WD,Hantush-Jacob leaky,2017-12-12 12:00:00,14.046527777777778,0.07287966,0.022213720368,0.023353228314271626,0.007118063990189992,0.5159189863834728,1.0,9.6
bWD____,WD,Hantush-Jacob leaky,2017-12-13 00:00:00,14.546527777777778,0.07135876,0.021750150048,0.02276565451177262,0.006938971495188295,0.5115070522578491,1.0,9.6
bWD____,WD,Hantush-Jacob leaky,2017-12-13 12:00:00,15.046527777777778,0.05411721,0.016494925608,0.022197802777468814,0.006765890286572495,0.3661076707720614,1.0,9.6
bWD____,WD,Hantush-Jacob leaky,2017-12-14 00:00:00,15.546527777777778,0.03216395,0.00980357196,0.021650266851279167,0.006599001336269891,0.13691976274812223,1.0,9.6
bWD____,WD,Hantush-Jacob leaky,2017-12-14 12:00:00,16.04652777777778,0.02780876,0.008476110048,0.02112315555992766,0.006438337814665952,0.08984106151023052,1.0,9.6
bWD____,WD,Hantush-Jacob leaky,2017-12-15 00:00:00,16.54652777777778,0.0032376799999999,0.0009868448639999,0.02061624652896355,0.006283831942028091,-0.28249382251333444,1.0,9.6
bWD____,WD,Hantush-Jacob leaky,2017-12-15 12:00:00,17.04652777777778,-0.00170556,-0.000519854688,0.020129094858756923,0.006135348112949111,-0.37302131568499686,1.0,9.6
bWD____,WD,Hantush-Jacob leaky,2017-12-16 00:00:00,17.54652777777778,-0.00242861,-0.000740240328,0.01966111020910748,0.00599270639173596,-0.38141067223788294,1.0,9.6
bWD____,WD,Hantush-Jacob leaky,2017-12-16 12:00:00,18.04652777777778,0.0058381199999999,0.0017794589759999,0.01921161155473793,0.005855699201884121,-0.21471185531549386,1.0,9.6
bWD____,WD,Hantush-Jacob leaky,2017-12-17 00:00:00,18.54652777777778,0.024511544,0.0074711186112,0.018779866052615554,0.0057241031728372214,0.08004300887522975,1.0,9.6
bWD____,WD,Hantush-Jacob leaky,2017-12-17 12:00:00,19.04652777777778,0.024044941,0.0073288980168,0.018365116539419576,0.005597687521215087,0.07980951725185381,1.0,9.6
bWD____,WD,Hantush-Jacob leaky,2017-12-18 00:00:00,19.54652777777778,0.0272327799999999,0.008300551344,0.017966600854423368,0.005476219940428243,0.12780755769771845,1.0,9.6
bWD____,WD,Hantush-Jacob leaky,2017-12-18 12:00:00,20.04652777777778,0.0295929199999999,0.009019922016,0.017583565264131615,0.005359470692507317,0.16356030807431177,1.0,9.6
bWD____,WD,Hantush-Jacob leaky,2017-12-19 00:00:00,20.54652777777778,0.03135045,0.00955561716,0.01721527362117712,0.0052472153997347865,0.1908658575701283,1.0,9.6
bWD____,WD,Hantush-Jacob leaky,2017-12-19 12:00:00,21.04652777777778,0.0286252299999999,0.008724970104,0.016861013435190916,0.005139236895046192,0.1620766018465596,1.0,9.6
bWD____,WD,Hantush-Jacob leaky,2017-12-20 00:00:00,21.54652777777778,0.019527851,0.0059520889848,0.0165200997096658,0.005035326391506136,0.044223252845081884,1.0,9.6
bWD____,WD,Hantush-Jacob leaky,2017-12-20 12:00:00,22.04652777777778,0.0173145628,0.00527747874144,0.016191877166829304,0.004935284160449572,0.0168188455652869,1.0,9.6
bWD____,WD,Hantush-Jacob leaky,2017-12-21 00:00:00,22.54652777777778,0.02096321,0.006389586408,0.0158757213151834,0.0048389198568679,0.07439161717359033,1.0,9.6
bWD____,WD,Hantush-Jacob leaky,2017-12-21 12:00:00,23.04652777777778,0.02713245,0.00826997076,0.015571038692940053,0.0047460525936081285,0.1623899588665232,1.0,9.6
bWD____,WD,Hantush-Jacob leaky,2017-12-22 00:00:00,23.54652777777778,0.03205816,0.009771327168,0.015277266532008775,0.004656510838956275,0.2287844273437054,1.0,9.6
bWD____,WD,Hantush-Jacob leaky,2017-12-22 12:00:00,24.04652777777778,0.0456942699999999,0.013927613496,0.014993872022285271,0.004570132192392551,0.38686543318710775,1.0,9.6
bWD____,WD,Hantush-Jacob leaky,2017-12-23 00:00:00,24.54652777777778,0.0261438619999999,0.0079686491375999,0.014720351308230437,0.004486763078748637,0.16254877116136912,1.0,9.6
bWD____,WD,Hantush-Jacob leaky,2017-12-23 12:00:00,25.04652777777778,0.02738102,0.008345734896,0.014456228314464355,0.004406258390248736,0.1827551682420605,1.0,9.6
bWD____,WD,Hantush-Jacob leaky,2017-12-24 00:00:00,25.54652777777778,0.0221410999999999,0.0067486072799999,0.014201053470985991,0.00432848109795653,0.11660430372110042,1.0,9.6
bWD____,WD,Hantush-Jacob leaky,2017-12-24 12:00:00,26.04652777777778,0.0217886299999999,0.0066411744239999,0.013954402389254291,0.004253301848244708,0.11555574019886139,1.0,9.6
bWD____,WD,Hantush-Jacob leaky,2017-12-25 00:00:00,26.54652777777778,0.0275657799999999,0.008402049744,0.013715874525967673,0.004180598555514947,0.1966926113876677,1.0,9.6
bWD____,WD,Hantush-Jacob leaky,2017-12-25 12:00:00,27.04652777777778,0.03258428,0.009931688544,0.01348509186067342,0.004110255999133259,0.2630142431575133,1.0,9.6
bWD____,WD,Hantush-Jacob leaky,2017-12-26 00:00:00,27.54652777777778,0.0309325899999999,0.009428253432,0.013261697605385354,0.004042165430121456,0.24633653307552184,1.0,9.6
bWD____,WD,Hantush-Jacob leaky,2017-12-26 12:00:00,28.04652777777778,0.018832816,0.0057402423168,0.013045354958483005,0.00397622419134562,0.08782622061686052,1.0,9.6
bWD____,WD,Hantush-Jacob leaky,2017-12-27 00:00:00,28.54652777777778,0.0064649599999999,0.001970519808,0.012835745910801869,0.00391233535361241,-0.10690384516926921,1.0,9.6
bWD____,WD,Hantush-Jacob leaky,2017-12-27 12:00:00,29.04652777777778,0.0051347099999999,0.0015650596079999,0.012632570108604522,0.0038504073691026583,-0.12750596869736075,1.0,9.6
bWD____,WD,Hantush-Jacob leaky,2017-12-28 00:00:00,29.54652777777778,0.017643065,0.005377606212,0.012435543775774148,0.0037903537428559606,0.08011011142835,1.0,9.6
bWD____,WD,Hantush-Jacob leaky,2017-12-28 12:00:00,30.04652777777778,0.0103742039999999,0.0031620573791999,0.012244398695865437,0.003732092722499785,-0.030506622886184775,1.0,9.6
bWD____,WD,Hantush-Jacob leaky,2017-12-29 00:00:00,30.54652777777778,0.0055933999999999,0.0017048683199999,0.012058881253432652,0.0036755470060462724,-0.11001914282905867,1.0,9.6
bWD____,WD,Hantush-Jacob leaky,2017-12-29 12:00:00,31.04652777777778,0.0100548969999999,0.0030647326055999,0.011878751533201434,0.0036206434673197972,-0.02991775598001789,1.0,9.6
bWD____,WD,Hantush-Jacob leaky,2017-12-30 00:00:00,31.54652777777778,0.0076865429999999,0.0023428583063999,0.011703782475071683,0.003567312898401849,-0.06732131058543622,1.0,9.6
bWD____,WD,Hantush-Jacob leaky,2017-12-30 12:00:00,32.046527777777776,0.0053675799999999,0.0016360383839999,0.011533759082564066,0.0035154897683655276,-0.10559172847651954,1.0,9.6
bWD____,WD,Hantush-Jacob leaky,2017-12-31 00:00:00,32.546527777777776,0.0100113509999999,0.0030514597847999,0.011368477682095535,0.003465111997502719,-0.022362582859625224,1.0,9.6
bWD____,WD,Hantush-Jacob leaky,2017-12-31 12:00:00,33.046527777777776,0.019255148,0.0058689691104,0.011207745230356607,0.003416120746212694,0.12352374409227806,1.0,9.6
bWD____,WD,Hantush-Jacob leaky,2018-01-01 00:00:00,33.546527777777776,0.0219444169999999,0.0066886583015999,0.01105137866702906,0.0033684602177104575,0.16417805187996493,1.0,9.6
bWD____,WD,Hantush-Jacob leaky,2018-01-01 12:00:00,34.046527777777776,0.0146377789999999,0.0044615950392,0.01089920431010723,0.003322077473720684,0.05957894497781879,1.0,9.6
bWD____,WD,Lagging Darcy no-leakage,2017-11-28 12:00:00,0.04652777777777778,0.0,0.0,1.749649681826663e-07,5.332932230207669e-08,-3.4992932409494415e-06,1.0,9.6
bWD____,WD,Lagging Darcy no-leakage,2017-11-29 00:00:00,0.5465277777777777,0.0,0.0,-7.029555631034376e-05,-2.1426085563392778e-05,0.0014069003465335683,1.0,9.6
bWD____,WD,Lagging Darcy no-leakage,2017-11-29 12:00:00,1.0465277777777777,0.0,0.0,0.002272626942051697,0.0006926966919373573,-0.044449843199545924,1.0,9.6
bWD____,WD,Lagging Darcy no-leakage,2017-11-30 00:00:00,1.5465277777777777,0.0,0.0,0.005823509632115413,0.0017750057358687779,-0.11017209480091061,1.0,9.6
bWD____,WD,Lagging Darcy no-leakage,2017-11-30 12:00:00,2.046527777777778,0.0,0.0,0.00915028361936288,0.002789006447181806,-0.16805837990213135,1.0,9.6
bWD____,WD,Lagging Darcy no-leakage,2017-12-01 00:00:00,2.546527777777778,0.019864489,0.0060546962472,0.01199981869932977,0.003657544739555714,0.11942603356343007,1.0,9.6
bWD____,WD,Lagging Darcy no-leakage,2017-12-01 12:00:00,3.046527777777778,0.02741142,0.008355000816,0.014440567703571541,0.004401485036048606,0.18339094686070245,1.0,9.6
bWD____,WD,Lagging Darcy no-leakage,2017-12-02 00:00:00,3.546527777777778,0.0207462309999999,0.0063234512088,0.01658400082722201,0.0050548034521372695,0.06063494215200382,1.0,9.6
bWD____,WD,Lagging Darcy no-leakage,2017-12-02 12:00:00,4.0465277777777775,0.03004279,0.009157042392,0.018522216867662096,0.005645571701263407,0.15540334016142188,1.0,9.6
bWD____,WD,Lagging Darcy no-leakage,2017-12-03 00:00:00,4.5465277777777775,0.03510483,0.010699952184,0.020321413590740075,0.006193966862457575,0.19080743529321165,1.0,9.6
bWD____,WD,Lagging Darcy no-leakage,2017-12-03 12:00:00,5.0465277777777775,0.0303073,0.00923766504,0.022027113167911803,0.006713864093579518,0.10881790600439256,1.0,9.6
bWD____,WD,Lagging Darcy no-leakage,2017-12-04 00:00:00,5.5465277777777775,0.0157502829999999,0.0048006862583999,0.023670212333987157,0.007214680719399286,-0.1137345676908521,1.0,9.6
bWD____,WD,Lagging Darcy no-leakage,2017-12-04 12:00:00,6.0465277777777775,0.0152918439999999,0.0046609540512,0.025271661787381106,0.007702802512793761,-0.1422365984658911,1.0,9.6
bWD____,WD,Lagging Darcy no-leakage,2017-12-05 00:00:00,6.5465277777777775,0.0129406639999999,0.0039443143871999,0.026950665661488654,0.008214562893621742,-0.2009720695086159,1.0,9.6
bWD____,WD,Lagging Darcy no-leakage,2017-12-05 12:00:00,7.0465277777777775,0.0100714599999999,0.0030697810079999,0.026291119555562934,0.008013533240535583,-0.23902168944777946,1.0,9.6
bWD____,WD,Lagging Darcy no-leakage,2017-12-06 00:00:00,7.5465277777777775,0.0227356329999999,0.0069298209384,0.024296461818106904,0.007405561562158985,-0.021231928363049768,1.0,9.6
bWD____,WD,Lagging Darcy no-leakage,2017-12-06 12:00:00,8.046527777777778,0.03573136,0.0108909185279999,0.02248725382136436,0.006854114964751858,0.16780794927928344,1.0,9.6
bWD____,WD,Lagging Darcy no-leakage,2017-12-07 00:00:00,8.546527777777778,0.03917181,0.011939567688,0.02115122893154352,0.006446894578334465,0.22575736145670566,1.0,9.6
bWD____,WD,Lagging Darcy no-leakage,2017-12-07 12:00:00,9.046527777777778,0.0219184589999999,0.0066807463031999,0.020228302232391627,0.006165586520432968,0.023781567862818154,1.0,9.6
bWD____,WD,Lagging Darcy no-leakage,2017-12-08 00:00:00,9.546527777777778,0.0227025059999999,0.0069197238287999,0.019608292741828542,0.00597660762770934,0.04349214553955294,1.0,9.6
bWD____,WD,Lagging Darcy no-leakage,2017-12-08 12:00:00,10.046527777777778,0.02703609,0.008240600232,0.01919876707150112,0.005851784203393541,0.1072909677671614,1.0,9.6
bWD____,WD,Lagging Darcy no-leakage,2017-12-09 00:00:00,10.546527777777778,0.021733809,0.0066244649832,0.018932944926847273,0.005770761613703049,0.03982795121162841,1.0,9.6
bWD____,WD,Lagging Darcy no-leakage,2017-12-09 12:00:00,11.046527777777778,0.0172582555999999,0.00526031630688,0.01876476978414078,0.0057195018302061106,-0.022151775898318515,1.0,9.6
bWD____,WD,Lagging Darcy no-leakage,2017-12-10 00:00:00,11.546527777777778,0.0070821319999999,0.0021586338335999,0.01866288872035785,0.0056884484819650725,-0.18471771697503536,1.0,9.6
bWD____,WD,Lagging Darcy no-leakage,2017-12-10 12:00:00,12.046527777777778,-0.0150047,-0.00457343256,0.01860594973051351,0.005671093477860519,-0.6731654949784533,1.0,9.6
bWD____,WD,Lagging Darcy no-leakage,2017-12-11 00:00:00,12.546527777777778,-0.01460033,-0.004450180584,0.018579321849156553,0.005662977299622918,-0.6612885604597611,1.0,9.6
bWD____,WD,Lagging Darcy no-leakage,2017-12-11 12:00:00,13.046527777777778,-0.01139278,-0.003472519344,0.018572894470811903,0.005661018234703469,-0.5744580267055945,1.0,9.6
bWD____,WD,Lagging Darcy no-leakage,2017-12-12 00:00:00,13.546527777777778,0.0278845199999999,0.0084992016959999,0.018579617757429105,0.005663067492464391,0.12723184348191996,1.0,9.6
bWD____,WD,Lagging Darcy no-leakage,2017-12-12 12:00:00,14.046527777777778,0.07287966,0.022213720368,0.01859453420679384,0.005667614026230762,0.5829926471967393,1.0,9.6
bWD____,WD,Lagging Darcy no-leakage,2017-12-13 00:00:00,14.546527777777778,0.07135876,0.021750150048,0.01861413215265821,0.005673587480130223,0.5702525958821338,1.0,9.6
bWD____,WD,Lagging Darcy no-leakage,2017-12-13 12:00:00,15.046527777777778,0.05411721,0.016494925608,0.01863591027625628,0.0056802254522029146,0.4167014125804931,1.0,9.6
bWD____,WD,Lagging Darcy no-leakage,2017-12-14 00:00:00,15.546527777777778,0.03216395,0.00980357196,0.018658081186764368,0.00568698314572578,0.1795778003440227,1.0,9.6
bWD____,WD,Lagging Darcy no-leakage,2017-12-14 12:00:00,16.04652777777778,0.02780876,0.008476110048,0.018679367420957,0.005693471189907694,0.12480519578772586,1.0,9.6
bWD____,WD,Lagging Darcy no-leakage,2017-12-15 00:00:00,16.54652777777778,0.0032376799999999,0.0009868448639999,0.018698859460873955,0.0056994123636743815,-0.2549661810375099,1.0,9.6
bWD____,WD,Lagging Darcy no-leakage,2017-12-15 12:00:00,17.04652777777778,-0.00170556,-0.000519854688,0.018715915804672963,0.00570461113726432,-0.3526644033374158,1.0,9.6
bWD____,WD,Lagging Darcy no-leakage,2017-12-16 00:00:00,17.54652777777778,-0.00242861,-0.000740240328,0.018730091858506288,0.005708931998472716,-0.3679555915311612,1.0,9.6
bWD____,WD,Lagging Darcy no-leakage,2017-12-16 12:00:00,18.04652777777778,0.0058381199999999,0.0017794589759999,0.018741088793309307,0.005712283864200677,-0.2078903203281679,1.0,9.6
bWD____,WD,Lagging Darcy no-leakage,2017-12-17 00:00:00,18.54652777777778,0.024511544,0.0074711186112,0.01874871637879586,0.005714608752256978,0.08049600088316922,1.0,9.6
bWD____,WD,Lagging Darcy no-leakage,2017-12-17 12:00:00,19.04652777777778,0.024044941,0.0073288980168,0.01875286570513846,0.005715873466926202,0.07415380101459856,1.0,9.6
bWD____,WD,Lagging Darcy no-leakage,2017-12-18 00:00:00,19.54652777777778,0.0272327799999999,0.008300551344,0.018753488970808984,0.005716063438302579,0.11629649438246137,1.0,9.6
bWD____,WD,Lagging Darcy no-leakage,2017-12-18 12:00:00,20.04652777777778,0.0295929199999999,0.009019922016,0.01875058437076109,0.00571517811620798,0.14643990772200333,1.0,9.6
bWD____,WD,Lagging Darcy no-leakage,2017-12-19 00:00:00,20.54652777777778,0.03135045,0.00955561716,0.018744184701887087,0.005713227497135185,0.16837421848839673,1.0,9.6
bWD____,WD,Lagging Darcy no-leakage,2017-12-19 12:00:00,21.04652777777778,0.0286252299999999,0.008724970104,0.01873434870344861,0.005710229484811136,0.13444358488781427,1.0,9.6
bWD____,WD,Lagging Darcy no-leakage,2017-12-20 00:00:00,21.54652777777778,0.019527851,0.0059520889848,0.01872115442823195,0.005706207869725099,0.011670329562595505,1.0,9.6
bWD____,WD,Lagging Darcy no-leakage,2017-12-20 12:00:00,22.04652777777778,0.0173145628,0.00527747874144,0.018704694134899853,0.005701190772317476,-0.020440925340568405,1.0,9.6
bWD____,WD,Lagging Darcy no-leakage,2017-12-21 00:00:00,22.54652777777778,0.02096321,0.006389586408,0.01868507033010666,0.00569520943661651,0.03262971500315981,1.0,9.6
bWD____,WD,Lagging Darcy no-leakage,2017-12-21 12:00:00,23.04652777777778,0.02713245,0.00826997076,0.01866239268627048,0.005688297290775243,0.11632243824340005,1.0,9.6
bWD____,WD,Lagging Darcy no-leakage,2017-12-22 00:00:00,23.54652777777778,0.03205816,0.009771327168,0.01863677563205057,0.005680489212649013,0.1785997851262464,1.0,9.6
bWD____,WD,Lagging Darcy no-leakage,2017-12-22 12:00:00,24.04652777777778,0.0456942699999999,0.013927613496,0.018608336463275747,0.005671820954006448,0.3327443719213825,1.0,9.6
bWD____,WD,Lagging Darcy no-leakage,2017-12-23 00:00:00,24.54652777777778,0.0261438619999999,0.0079686491375999,0.018577193859454003,0.005662328688361581,0.10466444359219285,1.0,9.6
bWD____,WD,Lagging Darcy no-leakage,2017-12-23 12:00:00,25.04652777777778,0.02738102,0.008345734896,0.01854346671869882,0.005652048655859401,0.12127343622219655,1.0,9.6
bWD____,WD,Lagging Darcy no-leakage,2017-12-24 00:00:00,25.54652777777778,0.0221410999999999,0.0067486072799999,0.018507273243736577,0.0056410168846909095,0.05168400511547944,1.0,9.6
bWD____,WD,Lagging Darcy no-leakage,2017-12-24 12:00:00,26.04652777777778,0.0217886299999999,0.0066411744239999,0.018468730227581286,0.005629268973366776,0.04734895895298408,1.0,9.6
bWD____,WD,Lagging Darcy no-leakage,2017-12-25 00:00:00,26.54652777777778,0.0275657799999999,0.008402049744,0.018427952498299614,0.005616839921481723,0.12534494714305833,1.0,9.6
bWD____,WD,Lagging Darcy no-leakage,2017-12-25 12:00:00,27.04652777777778,0.03258428,0.009931688544,0.01838505249164614,0.005603763999453743,0.18866507772152463,1.0,9.6
bWD____,WD,Lagging Darcy no-leakage,2017-12-26 00:00:00,27.54652777777778,0.0309325899999999,0.009428253432,0.01834013992624369,0.005590074649519078,0.16911929177463136,1.0,9.6
bWD____,WD,Lagging Darcy no-leakage,2017-12-26 12:00:00,28.04652777777778,0.018832816,0.0057402423168,0.018293321561974635,0.005575804412089869,0.007868627107772586,1.0,9.6
bWD____,WD,Lagging Darcy no-leakage,2017-12-27 00:00:00,28.54652777777778,0.0064649599999999,0.001970519808,0.018244701025283014,0.005560984872506263,-0.1894795216237366,1.0,9.6
bWD____,WD,Lagging Darcy no-leakage,2017-12-27 12:00:00,29.04652777777778,0.0051347099999999,0.0015650596079999,0.01819437868930369,0.005545646624499766,-0.21258267416188703,1.0,9.6
bWD____,WD,Lagging Darcy no-leakage,2017-12-28 00:00:00,29.54652777777778,0.017643065,0.005377606212,0.018142451597844025,0.005529819247022859,-0.007355553993229069,1.0,9.6
bWD____,WD,Lagging Darcy no-leakage,2017-12-28 12:00:00,30.04652777777778,0.0103742039999999,0.0031620573791999,0.018089013425570483,0.005513531292113884,-0.12025394249858001,1.0,9.6
bWD____,WD,Lagging Darcy no-leakage,2017-12-29 00:00:00,30.54652777777778,0.0055933999999999,0.0017048683199999,0.01803415446707178,0.005496810281563479,-0.20194536147998665,1.0,9.6
bWD____,WD,Lagging Darcy no-leakage,2017-12-29 12:00:00,31.04652777777778,0.0100548969999999,0.0030647326055999,0.017977961649575377,0.005479682710790575,-0.1239244653474163,1.0,9.6
bWD____,WD,Lagging Darcy no-leakage,2017-12-30 00:00:00,31.54652777777778,0.0076865429999999,0.0023428583063999,0.01792051856445845,0.005462174058446935,-0.16331425416112344,1.0,9.6
bWD____,WD,Lagging Darcy no-leakage,2017-12-30 12:00:00,32.046527777777776,0.0053675799999999,0.0016360383839999,0.017861905514037508,0.005444308800678633,-0.2034806151372579,1.0,9.6
bWD____,WD,Lagging Darcy no-leakage,2017-12-31 00:00:00,32.546527777777776,0.0100113509999999,0.0030514597847999,0.01780219957053282,0.005426110429098404,-0.12206090880085618,1.0,9.6
bWD____,WD,Lagging Darcy no-leakage,2017-12-31 12:00:00,33.046527777777776,0.019255148,0.0058689691104,0.017741474644192144,0.005407601471549766,0.02209886532281624,1.0,9.6
bWD____,WD,Lagging Darcy no-leakage,2018-01-01 00:00:00,33.546527777777776,0.0219444169999999,0.0066886583015999,0.01767980155899305,0.005388803515181083,0.06110605152451987,1.0,9.6
bWD____,WD,Lagging Darcy no-leakage,2018-01-01 12:00:00,34.046527777777776,0.0146377789999999,0.0044615950392,0.017617248133695175,0.005369737231150289,-0.04506404631761507,1.0,9.6
bWD____,WD,Lagging Darcy with leakage,2017-11-28 12:00:00,0.04652777777777778,0.0,0.0,6.329621553769964e-10,1.929268649589085e-10,-1.2659242543122673e-08,1.0,9.6
bWD____,WD,Lagging Darcy with leakage,2017-11-29 00:00:00,0.5465277777777777,0.0,0.0,-0.0003347683507766304,-0.00010203739331671695,0.006717881536863146,1.0,9.6
bWD____,WD,Lagging Darcy with leakage,2017-11-29 12:00:00,1.0465277777777777,0.0,0.0,0.00022660689832604375,6.906978260977814e-05,-0.004521898754605402,1.0,9.6
bWD____,WD,Lagging Darcy with leakage,2017-11-30 00:00:00,1.5465277777777777,0.0,0.0,0.0038584078219440917,0.0011760427041285593,-0.07433552009882849,1.0,9.6
bWD____,WD,Lagging Darcy with leakage,2017-11-30 12:00:00,2.046527777777778,0.0,0.0,0.007847823206696112,0.002392016513400975,-0.14579281927015053,1.0,9.6
bWD____,WD,Lagging Darcy with leakage,2017-12-01 00:00:00,2.546527777777778,0.019864489,0.0060546962472,0.011221252742226942,0.0034202378358307722,0.1320630981349944,1.0,9.6
bWD____,WD,Lagging Darcy with leakage,2017-12-01 12:00:00,3.046527777777778,0.02741142,0.008355000816,0.01396453669749304,0.004256390785395879,0.19080549925154822,1.0,9.6
bWD____,WD,Lagging Darcy with leakage,2017-12-02 00:00:00,3.546527777777778,0.0207462309999999,0.0063234512088,0.016252535270750008,0.004953772750524603,0.06562553064767629,1.0,9.6
bWD____,WD,Lagging Darcy with leakage,2017-12-02 12:00:00,4.0465277777777775,0.03004279,0.009157042392,0.018242426171847036,0.005560291497178977,0.1594949106130663,1.0,9.6
bWD____,WD,Lagging Darcy with leakage,2017-12-03 00:00:00,4.5465277777777775,0.03510483,0.010699952184,0.020044091039955757,0.006109438948978516,0.19475887496286326,1.0,9.6
bWD____,WD,Lagging Darcy with leakage,2017-12-03 12:00:00,5.0465277777777775,0.0303073,0.00923766504,0.021729001949059693,0.006622999794073395,0.11296536986620254,1.0,9.6
bWD____,WD,Lagging Darcy with leakage,2017-12-04 00:00:00,5.5465277777777775,0.0157502829999999,0.0048006862583999,0.023342677017512956,0.007114847954937949,-0.10927868821185482,1.0,9.6
bWD____,WD,Lagging Darcy with leakage,2017-12-04 12:00:00,6.0465277777777775,0.0152918439999999,0.0046609540512,0.024914045153357663,0.007593800962743416,-0.1374742636578956,1.0,9.6
bWD____,WD,Lagging Darcy with leakage,2017-12-05 00:00:00,6.5465277777777775,0.0129406639999999,0.0039443143871999,0.02673795133445621,0.008149727566742253,-0.19820394696294885,1.0,9.6
bWD____,WD,Lagging Darcy with leakage,2017-12-05 12:00:00,7.0465277777777775,0.0100714599999999,0.0030697810079999,0.027892987031331345,0.008501782447149794,-0.25980107000821384,1.0,9.6
bWD____,WD,Lagging Darcy with leakage,2017-12-06 00:00:00,7.5465277777777775,0.0227356329999999,0.0069298209384,0.025870321197552816,0.007885273901014098,-0.042194180853286856,1.0,9.6
bWD____,WD,Lagging Darcy with leakage,2017-12-06 12:00:00,8.046527777777778,0.03573136,0.0108909185279999,0.023394513094597183,0.007130647591233222,0.15536950697645713,1.0,9.6
bWD____,WD,Lagging Darcy with leakage,2017-12-07 00:00:00,8.546527777777778,0.03917181,0.011939567688,0.021523355558688496,0.006560318774288254,0.2205409107158336,1.0,9.6
bWD____,WD,Lagging Darcy with leakage,2017-12-07 12:00:00,9.046527777777778,0.0219184589999999,0.0066807463031999,0.02029497893029199,0.0061859095779529995,0.022832590549556997,1.0,9.6
bWD____,WD,Lagging Darcy with leakage,2017-12-08 00:00:00,9.546527777777778,0.0227025059999999,0.0069197238287999,0.01953756215467544,0.005955048944745075,0.04450878514118095,1.0,9.6
bWD____,WD,Lagging Darcy with leakage,2017-12-08 12:00:00,10.046527777777778,0.02703609,0.008240600232,0.019092361008885804,0.005819351635508393,0.10882983848274375,1.0,9.6
bWD____,WD,Lagging Darcy with leakage,2017-12-09 00:00:00,10.546527777777778,0.021733809,0.0066244649832,0.018847494105018982,0.005744716203209786,0.04106834256739278,1.0,9.6
bWD____,WD,Lagging Darcy with leakage,2017-12-09 12:00:00,11.046527777777778,0.0172582555999999,0.00526031630688,0.01872982903391106,0.0057088518895360915,-0.021643526828431625,1.0,9.6
bWD____,WD,Lagging Darcy with leakage,2017-12-10 00:00:00,11.546527777777778,0.0070821319999999,0.0021586338335999,0.01869252591175709,0.005697481897903561,-0.18514925717952702,1.0,9.6
bWD____,WD,Lagging Darcy with leakage,2017-12-10 12:00:00,12.046527777777778,-0.0150047,-0.00457343256,0.01870555527837928,0.005701453248850005,-0.6746162920595897,1.0,9.6
bWD____,WD,Lagging Darcy with leakage,2017-12-11 00:00:00,12.546527777777778,-0.01460033,-0.004450180584,0.01874946165885499,0.005714835913619001,-0.6637664080369885,1.0,9.6
bWD____,WD,Lagging Darcy with leakage,2017-12-11 12:00:00,13.046527777777778,-0.01139278,-0.003472519344,0.01881145022370726,0.005733730028185974,-0.5779308531500438,1.0,9.6
bWD____,WD,Lagging Darcy with leakage,2017-12-12 00:00:00,13.546527777777778,0.0278845199999999,0.0084992016959999,0.01888296332198381,0.0057555272205406655,0.12281833611752413,1.0,9.6
bWD____,WD,Lagging Darcy with leakage,2017-12-12 12:00:00,14.046527777777778,0.07287966,0.022213720368,0.018958177827805643,0.00577845260191516,0.57770530007283,1.0,9.6
bWD____,WD,Lagging Darcy with leakage,2017-12-13 00:00:00,14.546527777777778,0.07135876,0.021750150048,0.019033065882356877,0.005801278480942376,0.5641655119570452,1.0,9.6
bWD____,WD,Lagging Darcy with leakage,2017-12-13 12:00:00,15.046527777777778,0.05411721,0.016494925608,0.019104800952642904,0.005823143330365557,0.40989307707204103,1.0,9.6
bWD____,WD,Lagging Darcy with leakage,2017-12-14 00:00:00,15.546527777777778,0.03216395,0.00980357196,0.01917137711042698,0.0058434357432581435,0.17212948990261445,1.0,9.6
bWD____,WD,Lagging Darcy with leakage,2017-12-14 12:00:00,16.04652777777778,0.02780876,0.008476110048,0.019231361307706744,0.005861718926589016,0.11680006319824043,1.0,9.6
bWD____,WD,Lagging Darcy with leakage,2017-12-15 00:00:00,16.54652777777778,0.0032376799999999,0.0009868448639999,0.019283729564962708,0.005877680771400634,-0.2634436796987547,1.0,9.6
bWD____,WD,Lagging Darcy with leakage,2017-12-15 12:00:00,17.04652777777778,-0.00170556,-0.000519854688,0.01932775674905041,0.005891100257110565,-0.36152891613356,1.0,9.6
bWD____,WD,Lagging Darcy with leakage,2017-12-16 00:00:00,17.54652777777778,-0.00242861,-0.000740240328,0.01936294100622892,0.005901824418698576,-0.3771212035099438,1.0,9.6
bWD____,WD,Lagging Darcy with leakage,2017-12-16 12:00:00,18.04652777777778,0.0058381199999999,0.0017794589759999,0.019388950895824635,0.0059097522330473495,-0.2172708555782128,1.0,9.6
bWD____,WD,Lagging Darcy with leakage,2017-12-17 00:00:00,18.54652777777778,0.024511544,0.0074711186112,0.019405587595028122,0.005914823098964572,0.0709866892332407,1.0,9.6
bWD____,WD,Lagging Darcy with leakage,2017-12-17 12:00:00,19.04652777777778,0.024044941,0.0073288980168,0.019412757251702672,0.005917008410318975,0.06460154698620402,1.0,9.6
bWD____,WD,Lagging Darcy with leakage,2017-12-18 00:00:00,19.54652777777778,0.0272327799999999,0.008300551344,0.019410450275286397,0.005916305243907294,0.10678654179556757,1.0,9.6
bWD____,WD,Lagging Darcy with leakage,2017-12-18 12:00:00,20.04652777777778,0.0295929199999999,0.009019922016,0.01939872545065159,0.005912731517358605,0.13705664209117385,1.0,9.6
bWD____,WD,Lagging Darcy with leakage,2017-12-19 00:00:00,20.54652777777778,0.03135045,0.00955561716,0.019377697466572367,0.005906322187811258,0.1592009115913564,1.0,9.6
bWD____,WD,Lagging Darcy with leakage,2017-12-19 12:00:00,21.04652777777778,0.0286252299999999,0.008724970104,0.019347526910398965,0.005897126202289604,0.12556215515877334,1.0,9.6
bWD____,WD,Lagging Darcy with leakage,2017-12-20 00:00:00,21.54652777777778,0.019527851,0.0059520889848,0.01930841208330217,0.005885204002990502,0.0031611207987949363,1.0,9.6
bWD____,WD,Lagging Darcy with leakage,2017-12-20 12:00:00,22.04652777777778,0.0173145628,0.00527747874144,0.01926058219066579,0.005870625451714934,-0.028499345238125695,1.0,9.6
bWD____,WD,Lagging Darcy with leakage,2017-12-21 00:00:00,22.54652777777778,0.02096321,0.006389586408,0.019204291596169536,0.005853468078512475,0.025098695744954824,1.0,9.6
bWD____,WD,Lagging Darcy with leakage,2017-12-21 12:00:00,23.04652777777778,0.02713245,0.00826997076,0.019139814918456698,0.005833815587145602,0.10939331641467698,1.0,9.6
bWD____,WD,Lagging Darcy with leakage,2017-12-22 00:00:00,23.54652777777778,0.03205816,0.009771327168,0.019067442810309452,0.005811756568582321,0.17234480488997006,1.0,9.6
bWD____,WD,Lagging Darcy with leakage,2017-12-22 12:00:00,24.04652777777778,0.0456942699999999,0.013927613496,0.01898747830210518,0.005787383386481659,0.3272334078118537,1.0,9.6
bWD____,WD,Lagging Darcy with leakage,2017-12-23 00:00:00,24.54652777777778,0.0261438619999999,0.0079686491375999,0.018900233621061843,0.00576079120769965,0.09996490328111962,1.0,9.6
bWD____,WD,Lagging Darcy with leakage,2017-12-23 12:00:00,25.04652777777778,0.02738102,0.008345734896,0.01880602741705964,0.005732077156719778,0.11745018197812884,1.0,9.6
bWD____,WD,Lagging Darcy with leakage,2017-12-24 00:00:00,25.54652777777778,0.0221410999999999,0.0067486072799999,0.01870518234147132,0.005701339577680459,0.04879929273082828,1.0,9.6
bWD____,WD,Lagging Darcy with leakage,2017-12-24 12:00:00,26.04652777777778,0.0217886299999999,0.0066411744239999,0.018598022934089166,0.005668677390310378,0.045462392854743516,1.0,9.6
bWD____,WD,Lagging Darcy with leakage,2017-12-25 00:00:00,26.54652777777778,0.0275657799999999,0.008402049744,0.018484873783219703,0.005634189529125366,0.12451345034694938,1.0,9.6
bWD____,WD,Lagging Darcy with leakage,2017-12-25 12:00:00,27.04652777777778,0.03258428,0.009931688544,0.018366057926902095,0.005597974456119759,0.18894287531758147,1.0,9.6
bWD____,WD,Lagging Darcy with leakage,2017-12-26 00:00:00,27.54652777777778,0.0309325899999999,0.009428253432,0.018241895469757095,0.005560129739181963,0.17055790664291548,1.0,9.6
bWD____,WD,Lagging Darcy with leakage,2017-12-26 12:00:00,28.04652777777778,0.018832816,0.0057402423168,0.01811270239251728,0.005520751689239267,0.010516886616878107,1.0,9.6
bWD____,WD,Lagging Darcy with leakage,2017-12-27 00:00:00,28.54652777777778,0.0064649599999999,0.001970519808,0.017978789533376564,0.005479935049773177,-0.18557546912061174,1.0,9.6
bWD____,WD,Lagging Darcy with leakage,2017-12-27 12:00:00,29.04652777777778,0.0051347099999999,0.0015650596079999,0.01784046172378174,0.0054377727334086745,-0.2073793341503931,1.0,9.6
bWD____,WD,Lagging Darcy with leakage,2017-12-28 00:00:00,29.54652777777778,0.017643065,0.005377606212,0.017698017062284337,0.005394355600584266,-0.0008120529918449471,1.0,9.6
bWD____,WD,Lagging Darcy with leakage,2017-12-28 12:00:00,30.04652777777778,0.0103742039999999,0.0031620573791999,0.01755174631172977,0.005349772275815234,-0.11233198858639515,1.0,9.6
bWD____,WD,Lagging Darcy with leakage,2017-12-29 00:00:00,30.54652777777778,0.0055933999999999,0.0017048683199999,0.01740193240692096,0.005304108997629509,-0.19260919905853502,1.0,9.6
bWD____,WD,Lagging Darcy with leakage,2017-12-29 12:00:00,31.04652777777778,0.0100548969999999,0.0030647326055999,0.017248850060539056,0.005257449498452305,-0.11314082495373246,1.0,9.6
bWD____,WD,Lagging Darcy with leakage,2017-12-30 00:00:00,31.54652777777778,0.0076865429999999,0.0023428583063999,0.017092765456883437,0.005209874911258072,-0.15105229808784104,1.0,9.6
bWD____,WD,Lagging Darcy with leakage,2017-12-30 12:00:00,32.046527777777776,0.0053675799999999,0.0016360383839999,0.016933936023303994,0.005161463699903057,-0.1897118795393875,1.0,9.6
bWD____,WD,Lagging Darcy with leakage,2017-12-31 00:00:00,32.546527777777776,0.0100113509999999,0.0030514597847999,0.0167726102704095,0.005112291610420816,-0.10675924290440708,1.0,9.6
bWD____,WD,Lagging Darcy with leakage,2017-12-31 12:00:00,33.046527777777776,0.019255148,0.0058689691104,0.016609027693206064,0.005062431640889209,0.038957362345411806,1.0,9.6
bWD____,WD,Lagging Darcy with leakage,2018-01-01 00:00:00,33.546527777777776,0.0219444169999999,0.0066886583015999,0.01644341872582001,0.005011954027629939,0.07954309551177996,1.0,9.6
bWD____,WD,Lagging Darcy with leakage,2018-01-01 12:00:00,34.046527777777776,0.0146377789999999,0.0044615950392,0.01627600474284595,0.004960926245619446,-0.025028858176256552,1.0,9.6
