scenario_id,scenario_class,well,radius_m,pathway,truth_T_ref_m2_s,truth_S_ref,T_fit_m2_s,S_fit,tau_q_fit_s,tau_s_fit_s,leakage_B_fit_m,lnM_T,lnM_S,lnM_capacity,lnM_response_time,bias_eta,sd_eta,cov_response_model_factor,rmse_m,aic,bic,parameter_count,boundary_hit,ensemble_role,dx_m,domain_m,time_count,sigma_ln_k,corr_len_m,support_target_spread
strict_homogeneous_00,homogeneous confined,R20E,20.0,Theis confined,5e-05,0.001,5.983435036985436e-05,0.0009375107212140091,,,,0.1795569115124804,-0.06452708524135153,0.1795569115124804,-0.24408399675383205,0.03453250017471646,0.1303042046925664,0.1308592810590357,0.02631301113931352,-109.17126973194618,-106.50686071159578,2,False,ensemble,5.0,605.0,28,0.0,0.0,0.0
strict_homogeneous_00,homogeneous confined,R20E,20.0,Hantush-Jacob leaky,5e-05,0.001,5.8034273214488855e-05,0.0009248286478727066,,,99999.99999999806,0.14901074808646875,-0.07814680417280663,0.14901074808646875,-0.22715755225927545,0.03597869519886868,0.13957689977555898,0.14025946615390136,0.0350314820568999,-103.42430690937523,-99.42769337884963,3,True,ensemble,5.0,605.0,28,0.0,0.0,0.0
strict_homogeneous_00,homogeneous confined,R20E,20.0,Lagging Darcy no-leakage,5e-05,0.001,5.144658366890567e-05,0.0010178609289460347,10.980492813706869,68.76724445824414,,0.028521053654181856,0.01770329675876273,0.028521053654181856,-0.010817756895419287,0.0009293322347400242,0.012089263398347986,0.01208970512413058,0.0028206783906015694,-240.11172902238647,-234.78291098168566,4,False,ensemble,5.0,605.0,28,0.0,0.0,0.0
strict_homogeneous_00,homogeneous confined,R20E,20.0,Lagging Darcy with leakage,5e-05,0.001,5.1446490820366516e-05,0.0010178616615028285,10.978200564388441,68.76516496374028,99140.8735947613,0.028519248896386094,0.017704016460746787,0.028519248896386094,-0.010815232435639298,0.0009285870211262932,0.012089341692095384,0.012089783426464948,0.0028204353402591312,-238.11164196260896,-231.45061941173293,5,False,ensemble,5.0,605.0,28,0.0,0.0,0.0
strict_homogeneous_00,homogeneous confined,R50E,50.0,Theis confined,5e-05,0.001,5.935351191909073e-05,0.0010107777614530393,,,,0.1714882869028366,0.010720095353035175,0.1714882869028366,-0.16076819154980138,0.010176392774114477,0.05646762924789299,0.05651267223793986,0.007993314334874798,-157.0396777096808,-154.3752686893304,2,False,ensemble,5.0,605.0,28,0.0,0.0,0.0
strict_homogeneous_00,homogeneous confined,R50E,50.0,Hantush-Jacob leaky,5e-05,0.001,5.92925804212967e-05,0.0010102360090125735,,,99999.99999956037,0.17046117337640151,0.010183975845727626,0.17046117337640151,-0.16027719753067396,0.01020870297392111,0.056719937694426605,0.05676558744074123,0.008122576674657222,-154.79236379589798,-150.79575026537236,3,True,ensemble,5.0,605.0,28,0.0,0.0,0.0
strict_homogeneous_00,homogeneous confined,R50E,50.0,Lagging Darcy no-leakage,5e-05,0.001,5.201092497734365e-05,0.0010314521518362204,417.1743217321257,649.4397655444021,,0.039430786804413816,0.030967665479165036,0.039430786804413816,-0.00846312132524879,0.0005409115476147796,0.005018692431884105,0.005018724033840104,0.0008711228181473704,-289.17981154653734,-283.8509935058365,4,False,ensemble,5.0,605.0,28,0.0,0.0,0.0
strict_homogeneous_00,homogeneous confined,R50E,50.0,Lagging Darcy with leakage,5e-05,0.001,5.2010909743722295e-05,0.0010314514240410484,417.16482713490785,649.4279977274982,56389.73495844723,0.03943049391164943,0.030966959876459567,0.03943049391164943,-0.00846353403519,0.0005408439025357658,0.005018771955774519,0.0050188035592368604,0.0008711710709124375,-287.1790181187639,-280.5179955678879,5,False,ensemble,5.0,605.0,28,0.0,0.0,0.0
strict_homogeneous_00,homogeneous confined,R100E,100.0,Theis confined,5e-05,0.001,6.404842180475097e-05,0.001067562363784456,,,,0.24761638256029964,0.0653778848212216,0.24761638256029964,-0.18223849773907796,0.006362340378350438,0.03696259361877888,0.03697522209477444,0.002641112428115054,-180.85046026811605,-178.18605124776565,2,False,ensemble,5.0,605.0,28,0.0,0.0,0.0
strict_homogeneous_00,homogeneous confined,R100E,100.0,Hantush-Jacob leaky,5e-05,0.001,6.404804611250096e-05,0.0010675586958632996,,,99999.99996887043,0.24761051678966411,0.06537444902432402,0.24761051678966411,-0.18223606776534015,0.00636246482577936,0.03696352172566161,0.036976151153140804,0.0026412923706397614,-178.84906342545224,-174.85244989492662,3,True,ensemble,5.0,605.0,28,0.0,0.0,0.0
strict_homogeneous_00,homogeneous confined,R100E,100.0,Lagging Darcy no-leakage,5e-05,0.001,5.3443101112945026e-05,0.0010383498335540286,1604.9912767826393,2336.687044921235,,0.06659455192468304,0.03763275450831514,0.06659455192468304,-0.02896179741636801,0.00022526245035280862,0.002579250397999791,0.0025792546876465725,0.0002206727899077004,-326.57204323637535,-321.24322519567454,4,False,ensemble,5.0,605.0,28,0.0,0.0,0.0
strict_homogeneous_00,homogeneous confined,R100E,100.0,Lagging Darcy with leakage,5e-05,0.001,5.3441529855656325e-05,0.0010383348650891083,1605.157549783508,2336.921062961389,15593.220396155646,0.06656515092896316,0.0376183387764224,0.06656515092896316,-0.02894681215254059,0.0002253263228499179,0.002579853818216556,0.0025798581108596916,0.00022071549166610604,-324.5589216769476,-317.8978991260716,5,False,ensemble,5.0,605.0,28,0.0,0.0,0.0
strict_homogeneous_00,homogeneous confined,R100N,100.0,Theis confined,5e-05,0.001,6.404842556432332e-05,0.0010675624036413866,,,,0.24761644125920487,0.06537792215574299,0.24761644125920487,-0.18223851910346192,0.00636233944056089,0.036962584738712514,0.03697521320560505,0.0026411113424694966,-180.85047356682398,-178.18606454647357,2,False,ensemble,5.0,605.0,28,0.0,0.0,0.0
strict_homogeneous_00,homogeneous confined,R100N,100.0,Hantush-Jacob leaky,5e-05,0.001,6.404804986921674e-05,0.0010675587357039979,,,99999.99996889512,0.24761057544431325,0.06537448634376836,0.24761057544431325,-0.18223608910054478,0.0063624638918501775,0.03696351284499229,0.03697614226336606,0.0026412912841971728,-178.84907672370267,-174.85246319317704,3,True,ensemble,5.0,605.0,28,0.0,0.0,0.0
strict_homogeneous_00,homogeneous confined,R100N,100.0,Lagging Darcy no-leakage,5e-05,0.001,5.344338833090446e-05,0.0010383500590028314,1604.8089083116008,2336.4598390245587,,0.06659992618593762,0.037632971630493985,0.06659992618593762,-0.02896695455544373,0.00022510765052963832,0.0025792607656186357,0.002579265055327274,0.00022071808389445305,-326.57212181779835,-321.24330377709754,4,False,ensemble,5.0,605.0,28,0.0,0.0,0.0
strict_homogeneous_00,homogeneous confined,R100N,100.0,Lagging Darcy with leakage,5e-05,0.001,5.344296591544663e-05,0.00103834922289548,1605.0398643503188,2336.7492157969627,99886.6958571011,0.06659202217497562,0.037632166403315584,0.06659202217497562,-0.028959855771659906,0.00022527657842674425,0.002579260011296065,0.0025792643009782275,0.0002206535842494537,-324.5718085886423,-317.9107860377663,5,False,ensemble,5.0,605.0,28,0.0,0.0,0.0
strict_homogeneous_01,homogeneous confined,R20E,20.615528128088304,Theis confined,5e-05,0.001,5.8021872476040313e-05,0.0009658045859991915,,,,0.14879704568541197,-0.0347937571596935,0.14879704568541197,-0.1835908028451054,0.026141946118387695,0.10423580535093041,0.10451958047994969,0.02116106909664039,-121.8705742064253,-119.2061651860749,2,False,ensemble,5.0,605.0,28,0.0,0.0,0.0
strict_homogeneous_01,homogeneous confined,R20E,20.615528128088304,Hantush-Jacob leaky,5e-05,0.001,5.652753605598216e-05,0.0009541350766244284,,,99999.99999999611,0.12270487782376702,-0.046950027803663905,0.12270487782376702,-0.16965490562743096,0.02725959593017104,0.11248508027735406,0.11284183542558217,0.028952606594578545,-115.7192474508553,-111.7226339203297,3,True,ensemble,5.0,605.0,28,0.0,0.0,0.0
strict_homogeneous_01,homogeneous confined,R20E,20.615528128088304,Lagging Darcy no-leakage,5e-05,0.001,5.128456854716361e-05,0.0010300674180782645,17.807620469182073,68.10731605929985,,0.02536689344926915,0.0296242545444127,0.02536689344926915,0.0042573610951434845,0.0014380329453381852,0.01067036709689749,0.010670670827392354,0.0024190659311438133,-246.7517594342582,-241.42294139355738,4,False,ensemble,5.0,605.0,28,0.0,0.0,0.0
strict_homogeneous_01,homogeneous confined,R20E,20.615528128088304,Lagging Darcy with leakage,5e-05,0.001,5.128444504216552e-05,0.0010300685277942916,17.80701923645119,68.10768558595143,94972.64901303641,0.02536448521711846,0.029625331867517805,0.02536448521711846,0.004260846650399235,0.001437425914479482,0.010670473152012968,0.010670776891560188,0.002418750858038789,-244.75165005097037,-238.09062750009434,5,False,ensemble,5.0,605.0,28,0.0,0.0,0.0
strict_homogeneous_01,homogeneous confined,R50E,52.20153254455275,Theis confined,5e-05,0.001,5.916491059726336e-05,0.0010157782971778639,,,,0.16830563433250045,0.015655113905599743,0.16830563433250045,-0.15265052042690086,0.009306264123854406,0.052664753420921875,0.05270129195787315,0.00727818128161402,-160.97926274756236,-158.31485372721195,2,False,ensemble,5.0,605.0,28,0.0,0.0,0.0
strict_homogeneous_01,homogeneous confined,R50E,52.20153254455275,Hantush-Jacob leaky,5e-05,0.001,5.91183898094279e-05,0.0010153571898813176,,,99999.99999876793,0.16751903487045972,0.015240461800643744,0.16751903487045972,-0.1522785730698161,0.009330318760427758,0.0528565846869717,0.05289352411052195,0.007372347721854126,-158.77750369546666,-154.78089016494104,3,True,ensemble,5.0,605.0,28,0.0,0.0,0.0
strict_homogeneous_01,homogeneous confined,R50E,52.20153254455275,Lagging Darcy no-leakage,5e-05,0.001,5.201605429816182e-05,0.001033454981072935,476.91109728435913,719.6559248093795,,0.039529402007086135,0.03290753951307877,0.039529402007086135,-0.006621862494007463,0.0004702733718715022,0.004672152854048357,0.004672178351291735,0.0007909484582582165,-293.2292225172625,-287.9004044765617,4,False,ensemble,5.0,605.0,28,0.0,0.0,0.0
strict_homogeneous_01,homogeneous confined,R50E,52.20153254455275,Lagging Darcy with leakage,5e-05,0.001,5.201678646665896e-05,0.0010334500111809752,476.65461711945505,719.3365164954223,65601.32669799856,0.03954347772571058,0.032902730494784864,0.03954347772571058,-0.006640747230925754,0.00046931572215607554,0.004672301264950639,0.004672326764617301,0.0007915341674626576,-291.2286466198705,-284.5676240689945,5,False,ensemble,5.0,605.0,28,0.0,0.0,0.0
strict_homogeneous_01,homogeneous confined,R100E,99.62429422585637,Theis confined,5e-05,0.001,6.38392477304945e-05,0.0010672630855820056,,,,0.24434516397378012,0.06509750760864919,0.24434516397378012,-0.17924765636513096,0.006258132506661823,0.03650802515709009,0.03652019333726692,0.0026264969407787733,-181.5503055637895,-178.8858965434391,2,False,ensemble,5.0,605.0,28,0.0,0.0,0.0
strict_homogeneous_01,homogeneous confined,R100E,99.62429422585637,Hantush-Jacob leaky,5e-05,0.001,6.38388658706808e-05,0.0010672593475427143,,,99999.99996747226,0.244339182372033,0.06509400514905148,0.244339182372033,-0.1792451772229815,0.00625826002540075,0.036508977766901346,0.03652114689979828,0.0026266830881896104,-179.54885383229737,-175.55224030177175,3,True,ensemble,5.0,605.0,28,0.0,0.0,0.0
strict_homogeneous_01,homogeneous confined,R100E,99.62429422585637,Lagging Darcy no-leakage,5e-05,0.001,5.3405945960992305e-05,0.0010387355194646964,1613.3734850258038,2333.9694103870256,,0.06589908192344658,0.03800412674349062,0.06589908192344658,-0.02789495517995582,0.00021644937611288933,0.0025508537168217943,0.002550857866356086,0.00021971509028855955,-327.20432204315273,-321.8755040024519,4,False,ensemble,5.0,605.0,28,0.0,0.0,0.0
strict_homogeneous_01,homogeneous confined,R100E,99.62429422585637,Lagging Darcy with leakage,5e-05,0.001,5.340658602792389e-05,0.0010387352018927198,1612.9159982848244,2333.402178463988,71029.28887395405,0.06591106678926088,0.03800382101405412,0.06591106678926088,-0.027907245775206903,0.00021603791514348414,0.0025509186794925817,0.002550922829337779,0.00021983359740718238,-325.20369467737356,-318.54267212649756,5,False,ensemble,5.0,605.0,28,0.0,0.0,0.0
strict_homogeneous_01,homogeneous confined,R100N,99.62429422585637,Theis confined,5e-05,0.001,6.383925193384761e-05,0.0010672631289134944,,,,0.24434522981655135,0.06509754820921763,0.24434522981655135,-0.17924768160733376,0.00625814359142627,0.03650801717290106,0.036520185345091875,0.0026264958875878925,-181.55031451545662,-178.88590549510621,2,False,ensemble,5.0,605.0,28,0.0,0.0,0.0
strict_homogeneous_01,homogeneous confined,R100N,99.62429422585637,Hantush-Jacob leaky,5e-05,0.001,6.383887009182107e-05,0.0010672593910551506,,,99999.99996752129,0.24433924849382377,0.06509404591930618,0.24433924849382377,-0.1792452025745177,0.006258271135584204,0.036508969778256656,0.03652113890316255,0.0026266820426722333,-179.54886278365694,-175.55224925313132,3,True,ensemble,5.0,605.0,28,0.0,0.0,0.0
strict_homogeneous_01,homogeneous confined,R100N,99.62429422585637,Lagging Darcy no-leakage,5e-05,0.001,5.340666068602165e-05,0.001038736066288557,1612.9054737633742,2333.389521760593,,0.06591246470759136,0.03800465317558662,0.06591246470759136,-0.027907811532004684,0.00021605722759700087,0.0025508834965359568,0.0025508876461903733,0.00021983164423260932,-327.20442438396765,-321.87560634326684,4,False,ensemble,5.0,605.0,28,0.0,0.0,0.0
strict_homogeneous_01,homogeneous confined,R100N,99.62429422585637,Lagging Darcy with leakage,5e-05,0.001,5.34062004020985e-05,0.0010387305982210136,1612.888943626132,2333.3791420739594,25318.299217462234,0.06590384619632844,0.03799938900684029,0.06590384619632844,-0.02790445718948827,0.0002160187041019607,0.0025511185859765136,0.002551122736764804,0.00021987119329198657,-325.19937548369074,-318.53835293281475,5,False,ensemble,5.0,605.0,28,0.0,0.0,0.0
strict_homogeneous_02,homogeneous confined,R20E,18.027756377319946,Theis confined,5e-05,0.001,5.609092970328274e-05,0.0010038634435441287,,,,0.11495111316034369,0.00385599961276502,0.11495111316034369,-0.1110951135475787,0.026787112040547668,0.09802163007614573,0.0982575559038289,0.01899832693544957,-124.9934213188532,-122.32901229850279,2,False,ensemble,5.0,605.0,28,0.0,0.0,0.0
strict_homogeneous_02,homogeneous confined,R20E,18.027756377319946,Hantush-Jacob leaky,5e-05,0.001,5.4340725144932075e-05,0.0009889384631258066,,,99999.99999908164,0.08325094306938816,-0.011123170603838748,0.08325094306938816,-0.09437411367322715,0.028113789095927343,0.10800522935931473,0.10832096990939119,0.029808841544241616,-117.74913492278465,-113.75252139225904,3,True,ensemble,5.0,605.0,28,0.0,0.0,0.0
strict_homogeneous_02,homogeneous confined,R20E,18.027756377319946,Lagging Darcy no-leakage,5e-05,0.001,5.054837519482138e-05,0.0010636004939573909,0.011772166310514079,33.72214422434629,,0.010907796986072117,0.061659844806882046,0.010907796986072117,0.050752047820809935,0.0014297987221774686,0.007909215439307664,0.007909339132527326,0.001168491206036248,-263.1097816800129,-257.78096363931206,4,False,ensemble,5.0,605.0,28,0.0,0.0,0.0
strict_homogeneous_02,homogeneous confined,R20E,18.027756377319946,Lagging Darcy with leakage,5e-05,0.001,5.0548182344401525e-05,0.0010636041041450508,0.02890039891719759,33.74297926643166,38479.53155705161,0.01090398181324032,0.06166323910911621,0.01090398181324032,0.05075925729587591,0.0014325506039243752,0.007911695442419781,0.007911819252028917,0.001168208607296141,-261.0892664179954,-254.4282438671194,5,False,ensemble,5.0,605.0,28,0.0,0.0,0.0
strict_homogeneous_02,homogeneous confined,R50E,47.16990566028302,Theis confined,5e-05,0.001,5.817793953005195e-05,0.0010153732092017065,,,,0.15148323157780377,0.015256238705738015,0.15148323157780377,-0.1362269928720658,0.009017959941744064,0.05137840193371466,0.05141232699584981,0.0076627528721986676,-162.37582412642618,-159.71141510607578,2,False,ensemble,5.0,605.0,28,0.0,0.0,0.0
strict_homogeneous_02,homogeneous confined,R50E,47.16990566028302,Hantush-Jacob leaky,5e-05,0.001,5.810323718756763e-05,0.0010146866993565873,,,99999.99999966128,0.15019837439162917,0.01457989426053728,0.15019837439162917,-0.1356184801310919,0.00905747717821158,0.05170975284453593,0.051744338766187996,0.007843355314373851,-160.01938459139348,-156.02277106086785,3,True,ensemble,5.0,605.0,28,0.0,0.0,0.0
strict_homogeneous_02,homogeneous confined,R50E,47.16990566028302,Lagging Darcy no-leakage,5e-05,0.001,5.179285641414781e-05,0.0010365514737253818,401.7277127876083,594.0909571087935,,0.03522922726445448,0.03589931275602557,0.03522922726445448,0.0006700854915710934,0.0004508565623756704,0.004660207018187688,0.004660232320357553,0.0008575655504031995,-293.39476665139586,-288.06594861069505,4,False,ensemble,5.0,605.0,28,0.0,0.0,0.0
strict_homogeneous_02,homogeneous confined,R50E,47.16990566028302,Lagging Darcy with leakage,5e-05,0.001,5.179279590401083e-05,0.0010365512204050507,401.72417305686605,594.0881999203076,99962.0388894264,0.035228058953290994,0.03589906836839164,0.035228058953290994,0.0006710094151007041,0.000450697454269712,0.0046602461525032755,0.004660271455295345,0.0008575196545142585,-291.39449085505845,-284.73346830418245,5,True,ensemble,5.0,605.0,28,0.0,0.0,0.0
strict_homogeneous_02,homogeneous confined,R100E,101.24228365658294,Theis confined,5e-05,0.001,6.377996084890573e-05,0.001069383876289499,,,,0.24341604230763364,0.0670826660759263,0.24341604230763364,-0.1763333762317072,0.006022039647293232,0.03532863144164836,0.03533965783253267,0.002490353948552407,-183.39850670960166,-180.73409768925126,2,False,ensemble,5.0,605.0,28,0.0,0.0,0.0
strict_homogeneous_02,homogeneous confined,R100E,101.24228365658294,Hantush-Jacob leaky,5e-05,0.001,6.377963748098494e-05,0.0010693806876990015,,,99999.99999997266,0.2434109722396022,0.06707968436344508,0.2434109722396022,-0.17633128787615732,0.006022148635315343,0.0353294169054724,0.03534044403195153,0.0024905018980818953,-181.39726844460478,-177.40065491407915,3,True,ensemble,5.0,605.0,28,0.0,0.0,0.0
strict_homogeneous_02,homogeneous confined,R100E,101.24228365658294,Lagging Darcy no-leakage,5e-05,0.001,5.342022648420504e-05,0.0010396453187842332,1683.3492931183007,2412.8904896380473,,0.06616644193403051,0.038879615355496194,0.06616644193403051,-0.02728682657853443,0.000195738326146624,0.0024411052184038903,0.0024411088550407253,0.00020597533804450743,-329.68926489474495,-324.36044685404414,4,False,ensemble,5.0,605.0,28,0.0,0.0,0.0
strict_homogeneous_02,homogeneous confined,R100E,101.24228365658294,Lagging Darcy with leakage,5e-05,0.001,5.342064293099952e-05,0.0010396438921125674,1682.9516853758091,2412.402573499595,44272.780097406234,0.06617423757996196,0.03887824308687842,0.06617423757996196,-0.027295994493083644,0.00019540606281706524,0.002441207300872619,0.0024412109379774007,0.00020607538726758934,-327.6875676828362,-321.0265451319602,5,False,ensemble,5.0,605.0,28,0.0,0.0,0.0
strict_homogeneous_02,homogeneous confined,R100N,101.24228365658294,Theis confined,5e-05,0.001,6.377996479972121e-05,0.0010693839181639601,,,,0.2434161042520955,0.0670827052334836,0.2434161042520955,-0.17633339901861195,0.006022060138338096,0.03532862251911519,0.0353396489016433,0.002490352782479315,-183.39851486544921,-180.7341058450988,2,False,ensemble,5.0,605.0,28,0.0,0.0,0.0
strict_homogeneous_02,homogeneous confined,R100N,101.24228365658294,Hantush-Jacob leaky,5e-05,0.001,6.377964146827216e-05,0.001069380729949437,,,99999.99999997266,0.24341103475621828,0.06707972387270053,0.24341103475621828,-0.1763313108835178,0.006022169179004381,0.03532940797360934,0.03534043509172322,0.002490500747142046,-181.39727660033284,-177.40066306980722,3,True,ensemble,5.0,605.0,28,0.0,0.0,0.0
strict_homogeneous_02,homogeneous confined,R100N,101.24228365658294,Lagging Darcy no-leakage,5e-05,0.001,5.342012829311867e-05,0.0010396450707348963,1683.4041873095143,2412.9585647980434,,0.06616460384417061,0.03887937676512123,0.06616460384417061,-0.02728522707904956,0.0001957739766995764,0.0024410990000530296,0.002441102636651221,0.00020595568999770363,-329.6893390390758,-324.36052099837497,4,False,ensemble,5.0,605.0,28,0.0,0.0,0.0
strict_homogeneous_02,homogeneous confined,R100N,101.24228365658294,Lagging Darcy with leakage,5e-05,0.001,5.3420070241014394e-05,0.0010396446506471529,1683.4131108452798,2412.971336956028,99945.40501099887,0.0661635171351404,0.038878972696617296,0.0661635171351404,-0.027284544438523097,0.00019576803121340946,0.0024411140554965616,0.002441117692160558,0.000205953154319182,-327.6890072175751,-321.0279846666991,5,True,ensemble,5.0,605.0,28,0.0,0.0,0.0
strict_homogeneous_03,homogeneous confined,R20E,21.213203435596427,Theis confined,5e-05,0.001,5.5737238491525226e-05,0.0010100751782559012,,,,0.10862547272749873,0.010024761999835428,0.10862547272749873,-0.09860071072766345,0.018607573215217322,0.07743334100270181,0.07754955719742587,0.015178581935062612,-138.65672205338208,-135.99231303303168,2,False,ensemble,5.0,605.0,28,0.0,0.0,0.0
strict_homogeneous_03,homogeneous confined,R20E,21.213203435596427,Hantush-Jacob leaky,5e-05,0.001,5.455428585708473e-05,0.0009995427891482586,,,99999.99999916532,0.08717327126393118,-0.00045731540449245426,0.08717327126393118,-0.08763058666842366,0.01942593960745046,0.08432046630057088,0.0844705669289465,0.021959041918865087,-132.01336136921455,-128.01674783868893,3,True,ensemble,5.0,605.0,28,0.0,0.0,0.0
strict_homogeneous_03,homogeneous confined,R20E,21.213203435596427,Lagging Darcy no-leakage,5e-05,0.001,5.081768660693674e-05,0.001057012358419482,20.310107539501637,60.25890539186653,,0.016221450115992943,0.05544639879655405,0.016221450115992943,0.03922494868056098,0.0012688111190411187,0.006516973997839385,0.006517043193966177,0.0014523221881727472,-273.8060405481162,-268.4772225074154,4,False,ensemble,5.0,605.0,28,0.0,0.0,0.0
strict_homogeneous_03,homogeneous confined,R20E,21.213203435596427,Lagging Darcy with leakage,5e-05,0.001,5.0818127902162555e-05,0.0010569890852527087,20.21787916727591,60.14576899974694,9103.763554396264,0.016230133968785632,0.055424380678407624,0.016230133968785632,0.039194246709622085,0.0012621851974656594,0.006520554204129113,0.006520623514358143,0.001457146300100487,-271.7874696301923,-265.1264470793163,5,False,ensemble,5.0,605.0,28,0.0,0.0,0.0
strict_homogeneous_03,homogeneous confined,R50E,53.150729063673246,Theis confined,5e-05,0.001,5.8582717261387914e-05,0.0010215442624405915,,,,0.15841672037514773,0.021315465164580414,0.15841672037514773,-0.13710125521056737,0.008285198661796401,0.047920984723324234,0.04794850957626969,0.006594367302025933,-166.30280103669142,-163.63839201634102,2,False,ensemble,5.0,605.0,28,0.0,0.0,0.0
strict_homogeneous_03,homogeneous confined,R50E,53.150729063673246,Hantush-Jacob leaky,5e-05,0.001,5.854347130129388e-05,0.0010211793653298433,,,99999.99999696156,0.1577465720155979,0.020958199884374418,0.1577465720155979,-0.1367883721312235,0.008305046795272723,0.048085901488284365,0.048113711586722445,0.0066741244390273995,-164.11216575516687,-160.11555222464125,3,True,ensemble,5.0,605.0,28,0.0,0.0,0.0
strict_homogeneous_03,homogeneous confined,R50E,53.150729063673246,Lagging Darcy no-leakage,5e-05,0.001,5.194665969975758e-05,0.0010369697968848361,521.397463040722,756.5738780027991,,0.038194411681383655,0.03630280335056058,0.038194411681383655,-0.0018916083308232572,0.00039093206664460127,0.004291242366688606,0.004291262122312628,0.0007257588675786959,-298.04436437384663,-292.7155463331458,4,False,ensemble,5.0,605.0,28,0.0,0.0,0.0
strict_homogeneous_03,homogeneous confined,R50E,53.150729063673246,Lagging Darcy with leakage,5e-05,0.001,5.194700015725716e-05,0.0010369681893617198,521.2848379048547,756.4349023214454,77766.66675948282,0.038200965642425186,0.03630125313726871,0.038200965642425186,-0.001899712505156666,0.0003907345495430546,0.004291298998530199,0.004291318754937804,0.0007260542550501044,-296.04387301760556,-289.38285046672956,5,False,ensemble,5.0,605.0,28,0.0,0.0,0.0
strict_homogeneous_03,homogeneous confined,R100E,99.24716620639605,Theis confined,5e-05,0.001,6.34785907129483e-05,0.0010671433535388395,,,,0.23867968949447058,0.06498531525287558,0.23867968949447058,-0.1736943742415951,0.006050739794195649,0.03555922507220262,0.035570468824901585,0.0025791192641682033,-183.03704056100284,-180.37263154065243,2,False,ensemble,5.0,605.0,28,0.0,0.0,0.0
strict_homogeneous_03,homogeneous confined,R100E,99.24716620639605,Hantush-Jacob leaky,5e-05,0.001,6.347820587953842e-05,0.0010671395773688436,,,99999.99999998492,0.23867362706346706,0.06498177666861281,0.23867362706346706,-0.17369185039485444,0.006050873838293792,0.03556018941174514,0.035571434079397876,0.002579308497954636,-181.03553001003095,-177.03891647950533,3,True,ensemble,5.0,605.0,28,0.0,0.0,0.0
strict_homogeneous_03,homogeneous confined,R100E,99.24716620639605,Lagging Darcy no-leakage,5e-05,0.001,5.334764669556748e-05,0.0010395585424362523,1635.0180815036754,2337.7946496142126,,0.06480686067318757,0.03879614461013093,0.06480686067318757,-0.02601071606305681,0.00019827425546455735,0.00248790552943052,0.002487909379261425,0.00021622722657735474,-328.62806306847153,-323.2992450277707,4,False,ensemble,5.0,605.0,28,0.0,0.0,0.0
strict_homogeneous_03,homogeneous confined,R100E,99.24716620639605,Lagging Darcy with leakage,5e-05,0.001,5.3347619272907154e-05,0.0010395570231599514,1634.9481349951584,2337.7103900898305,45832.65013238846,0.06480634663612939,0.038794683146106394,0.06480634663612939,-0.02601166349002298,0.00019822117984240675,0.0024879806217564015,0.0024879844719220864,0.0002162590615457205,-326.62648197957844,-319.96545942870245,5,False,ensemble,5.0,605.0,28,0.0,0.0,0.0
strict_homogeneous_03,homogeneous confined,R100N,99.24716620639605,Theis confined,5e-05,0.001,6.347859356426731e-05,0.0010671433852287465,,,,0.23867973441227525,0.06498534494889191,0.23867973441227525,-0.17369438946338336,0.0060507632554715595,0.035559218464797884,0.03557046221123009,0.0025791182340787642,-183.0370443334509,-180.3726353131005,2,False,ensemble,5.0,605.0,28,0.0,0.0,0.0
strict_homogeneous_03,homogeneous confined,R100N,99.24716620639605,Hantush-Jacob leaky,5e-05,0.001,6.347820868894655e-05,0.0010671396086592245,,,99999.99999998492,0.2386736713213037,0.06498180599034442,0.2386736713213037,-0.17369186533095923,0.006050897257485596,0.0355601828116398,0.03557142747303134,0.0025793074505634024,-181.0355337826031,-177.03892025207747,3,True,ensemble,5.0,605.0,28,0.0,0.0,0.0
strict_homogeneous_03,homogeneous confined,R100N,99.24716620639605,Lagging Darcy no-leakage,5e-05,0.001,5.334841837561591e-05,0.0010395592489402202,1634.5118927279009,2337.1700700196416,,0.06482132568739267,0.03879682422912193,0.06482132568739267,-0.026024501458270653,0.00019787934271085162,0.002487935628168242,0.002487939478152288,0.0002163567934264327,-328.62811912688505,-323.29930108618424,4,False,ensemble,5.0,605.0,28,0.0,0.0,0.0
strict_homogeneous_03,homogeneous confined,R100N,99.24716620639605,Lagging Darcy with leakage,5e-05,0.001,5.3347549502336824e-05,0.00103955648090545,1634.9727084268677,2337.7405260862306,39428.874097787804,0.06480503878740233,0.03879416152523265,0.06480503878740233,-0.026010877262169687,0.00019826153301174933,0.0024879986654076395,0.002488002515681562,0.00021625912300781151,-326.6260039469254,-319.9649813960494,5,False,ensemble,5.0,605.0,28,0.0,0.0,0.0
strict_homogeneous_04,homogeneous confined,R20E,22.360679774997898,Theis confined,5e-05,0.001,5.6589682739871166e-05,0.0009938091612365133,,,,0.12380367941743027,-0.00621008146587133,0.12380367941743027,-0.1300137608833018,0.01890045257223189,0.08166505729911024,0.08180140644468081,0.01625131505004651,-135.79184762426434,-133.12743860391393,2,False,ensemble,5.0,605.0,28,0.0,0.0,0.0
strict_homogeneous_04,homogeneous confined,R20E,22.360679774997898,Hantush-Jacob leaky,5e-05,0.001,5.548288617309665e-05,0.0009843339276803737,,,99999.99999998439,0.10405161053087114,-0.015790082099828094,0.10405161053087114,-0.11984169263069931,0.019666033203734463,0.08797327258650506,0.0881437601629235,0.02212620011162222,-129.72403127406892,-125.72741774354331,3,True,ensemble,5.0,605.0,28,0.0,0.0,0.0
strict_homogeneous_04,homogeneous confined,R20E,22.360679774997898,Lagging Darcy no-leakage,5e-05,0.001,5.104246458734684e-05,0.0010445202804087162,35.99425373837636,85.71861530344252,,0.020634919812238924,0.043557718205802363,0.020634919812238924,0.02292279839356343,0.0015223662942925255,0.007532939734465272,0.007533046600231043,0.0017130213945991736,-265.6110997239331,-260.28228168323227,4,False,ensemble,5.0,605.0,28,0.0,0.0,0.0
strict_homogeneous_04,homogeneous confined,R20E,22.360679774997898,Lagging Darcy with leakage,5e-05,0.001,5.104344382640718e-05,0.0010445050537454404,35.916215111973976,85.61899320990607,98986.32032621586,0.020654104420096853,0.04354314043785754,0.020654104420096853,0.022889036017760798,0.0015177862868345497,0.0075339401123746905,0.0075340470207202696,0.0017153151182496748,-263.61080009653307,-256.94977754565707,5,False,ensemble,5.0,605.0,28,0.0,0.0,0.0
strict_homogeneous_04,homogeneous confined,R50E,49.24428900898052,Theis confined,5e-05,0.001,5.864305716217464e-05,0.001014867215645405,,,,0.15944618520764642,0.014757781911571781,0.15944618520764642,-0.14468840329607474,0.009216417516870535,0.05232754091674789,0.052363381804805285,0.0075597043570975846,-161.34472288647834,-158.68031386612793,2,False,ensemble,5.0,605.0,28,0.0,0.0,0.0
strict_homogeneous_04,homogeneous confined,R50E,49.24428900898052,Hantush-Jacob leaky,5e-05,0.001,5.8581269993986146e-05,0.0010143043854771371,,,99999.99999944598,0.1583920153879628,0.014203043039423111,0.1583920153879628,-0.1441889723485398,0.009248849729783017,0.052592888593784554,0.05262927769904291,0.0076980969950186315,-159.0641632399075,-155.06754970938186,3,True,ensemble,5.0,605.0,28,0.0,0.0,0.0
strict_homogeneous_04,homogeneous confined,R50E,49.24428900898052,Lagging Darcy no-leakage,5e-05,0.001,5.189288042670086e-05,0.0010348358809448854,431.9147455633285,645.8338212474207,,0.03715859665755772,0.03424284500854147,0.03715859665755772,-0.0029157516490163375,0.000466887044840545,0.004699421293036639,0.004699447239310207,0.0008341515162647388,-292.91083448854664,-287.58201644784583,4,False,ensemble,5.0,605.0,28,0.0,0.0,0.0
strict_homogeneous_04,homogeneous confined,R50E,49.24428900898052,Lagging Darcy with leakage,5e-05,0.001,5.189336862910039e-05,0.001034832037312748,431.7376589550733,645.6156412090851,99998.73914615343,0.03716800450115885,0.03423913075844023,0.03716800450115885,-0.0029288737427185505,0.0004660767823529295,0.004699523691946757,0.004699549639918544,0.0008345588790882111,-290.91061047286837,-284.2495879219924,5,True,ensemble,5.0,605.0,28,0.0,0.0,0.0
strict_homogeneous_04,homogeneous confined,R100E,98.48857801796105,Theis confined,5e-05,0.001,6.360050614417237e-05,0.0010660417140755175,,,,0.24059842312796761,0.0639524563809638,0.24059842312796761,-0.17664596674700386,0.006227472821475588,0.03642445275628778,0.03643653754783741,0.0026649901875090897,-181.68297176598801,-179.0185627456376,2,False,ensemble,5.0,605.0,28,0.0,0.0,0.0
strict_homogeneous_04,homogeneous confined,R100E,98.48857801796105,Hantush-Jacob leaky,5e-05,0.001,6.360008645770784e-05,0.001066037612196725,,,99999.9999764569,0.2405918243149284,0.06394860860781404,0.2405918243149284,-0.17664321570711436,0.006227616354804065,0.03642551791286451,0.03643760376482444,0.002665203042833646,-179.68134439330188,-175.68473086277626,3,True,ensemble,5.0,605.0,28,0.0,0.0,0.0
strict_homogeneous_04,homogeneous confined,R100E,98.48857801796105,Lagging Darcy no-leakage,5e-05,0.001,5.3355113655296234e-05,0.0010388655553740217,1593.2868436815309,2295.851964111799,,0.06494681880953546,0.038129305644358444,0.06494681880953546,-0.026817513165177137,0.000213717654735582,0.002561807835807407,0.002561812038998078,0.0002246419222842932,-326.97128876426837,-321.64247072356756,4,False,ensemble,5.0,605.0,28,0.0,0.0,0.0
strict_homogeneous_04,homogeneous confined,R100E,98.48857801796105,Lagging Darcy with leakage,5e-05,0.001,5.3354953364710864e-05,0.0010388650993432215,1593.368922028897,2295.9547050326173,80557.53600888416,0.0649438145834144,0.038128866674274446,0.0649438145834144,-0.026814947909139946,0.00021379916667600444,0.002561823964507404,0.002561828167788398,0.00022462843870524557,-324.9707856505718,-318.30976309969583,5,False,ensemble,5.0,605.0,28,0.0,0.0,0.0
strict_homogeneous_04,homogeneous confined,R100N,98.48857801796105,Theis confined,5e-05,0.001,6.360050801157469e-05,0.0010660417324517217,,,,0.24059845248940523,0.06395247361875474,0.24059845248940523,-0.1766459788706506,0.006227488688208971,0.03642444984261517,0.03643653463126569,0.0026649896061130274,-181.68297191590742,-179.018562895557,2,False,ensemble,5.0,605.0,28,0.0,0.0,0.0
strict_homogeneous_04,homogeneous confined,R100N,98.48857801796105,Hantush-Jacob leaky,5e-05,0.001,6.360008832958448e-05,0.0010660376305760303,,,99999.99997638531,0.24059185374691064,0.06394862584858026,0.24059185374691064,-0.1766432278983304,0.006227632201606206,0.036425515002606136,0.03643760085166834,0.0026652024622885926,-179.6813445434214,-175.68473101289578,3,True,ensemble,5.0,605.0,28,0.0,0.0,0.0
strict_homogeneous_04,homogeneous confined,R100N,98.48857801796105,Lagging Darcy no-leakage,5e-05,0.001,5.335529925341668e-05,0.0010388660397990471,1593.190165371345,2295.731980484848,,0.0649502973476723,0.03812977194619122,0.0649502973476723,-0.026820525401480905,0.00021368850528391258,0.0025618081088638603,0.002561812312067093,0.00022467820829387167,-326.97133756587965,-321.64251952517884,4,False,ensemble,5.0,605.0,28,0.0,0.0,0.0
strict_homogeneous_04,homogeneous confined,R100N,98.48857801796105,Lagging Darcy with leakage,5e-05,0.001,5.335566836354069e-05,0.001038865526023593,1592.9017519214099,2295.3763415657,73500.76389208222,0.06495721528932823,0.0381292773919741,0.06495721528932823,-0.026827937897354114,0.00021342290353386665,0.002561859635905118,0.002561863839378948,0.00022475329861541712,-324.9707175925601,-318.3096950416841,5,False,ensemble,5.0,605.0,28,0.0,0.0,0.0
strict_homogeneous_05,homogeneous confined,R20E,20.0,Theis confined,5e-05,0.001,5.983435040828206e-05,0.0009375107215979248,,,,0.17955691215471506,-0.06452708483184628,0.17955691215471506,-0.2440839969865614,0.034532500267472566,0.13030420449781993,0.13085928086179396,0.026313010904324256,-109.17126979974732,-106.50686077939692,2,False,ensemble,5.0,605.0,28,0.0,0.0,0.0
strict_homogeneous_05,homogeneous confined,R20E,20.0,Hantush-Jacob leaky,5e-05,0.001,5.803427325465441e-05,0.0009248286482294298,,,99999.99999999806,0.14901074877856943,-0.07814680378708846,0.14901074877856943,-0.22715755256565787,0.035978695271292674,0.13957689950333382,0.14025946587767196,0.03503148174829571,-103.42430700428777,-99.42769347376216,3,True,ensemble,5.0,605.0,28,0.0,0.0,0.0
strict_homogeneous_05,homogeneous confined,R20E,20.0,Lagging Darcy no-leakage,5e-05,0.001,5.144637860580444e-05,0.0010178632065545264,10.984015580781257,68.77311190208277,,0.028517067704186837,0.017705534398383804,0.028517067704186837,-0.010811533305802947,0.0009293862930448476,0.012089259903555014,0.012089701628954386,0.002820089412061858,-240.11172527085614,-234.78290723015533,4,False,ensemble,5.0,605.0,28,0.0,0.0,0.0
strict_homogeneous_05,homogeneous confined,R20E,20.0,Lagging Darcy with leakage,5e-05,0.001,5.1446622701495905e-05,0.0010178570022652564,10.96623707539146,68.74873177495738,26603.72163694037,0.02852181235520041,0.017699438974029282,0.02852181235520041,-0.010822373381171198,0.0009264462633425215,0.012089764648113,0.012090206428850994,0.002821160655044513,-238.11047884128706,-231.44945629041104,5,False,ensemble,5.0,605.0,28,0.0,0.0,0.0
strict_homogeneous_05,homogeneous confined,R50E,50.24937810560445,Theis confined,5e-05,0.001,5.932106264233827e-05,0.0010114291720710704,,,,0.1709414254090235,0.01136435250571685,0.1709414254090235,-0.15957707290330664,0.010050384499265676,0.0559389178621848,0.05598270689488935,0.007899083962717837,-157.5720341757234,-154.90762515537298,2,False,ensemble,5.0,605.0,28,0.0,0.0,0.0
strict_homogeneous_05,homogeneous confined,R50E,50.24937810560445,Hantush-Jacob leaky,5e-05,0.001,5.926202665035708e-05,0.001010902966426073,,,99999.99999950228,0.169945735429775,0.01084395761423901,0.169945735429775,-0.15910177781553586,0.010081591085701112,0.056183407516928664,0.056227773476322955,0.008023728759151878,-155.33009530956897,-151.33348177904335,3,True,ensemble,5.0,605.0,28,0.0,0.0,0.0
strict_homogeneous_05,homogeneous confined,R50E,50.24937810560445,Lagging Darcy no-leakage,5e-05,0.001,5.2009732097376695e-05,0.0010317338905315363,424.56254785958635,657.8784355168793,,0.039407851360617197,0.031240775796200406,0.039407851360617197,-0.008167075564416959,0.0005305788130266291,0.0049695880082012735,0.004969618691589673,0.0008605663971139065,-289.7366746791716,-284.4078566384708,4,False,ensemble,5.0,605.0,28,0.0,0.0,0.0
strict_homogeneous_05,homogeneous confined,R50E,50.24937810560445,Lagging Darcy with leakage,5e-05,0.001,5.200899688264751e-05,0.0010317390700195783,424.80473766626073,658.1809684200501,73282.4840463516,0.03939371516156136,0.031245795961854183,0.03939371516156136,-0.008147919199707167,0.0005319051871962608,0.004969487476379383,0.004969518157905836,0.0008600482386933783,-287.73615672802816,-281.07513417715217,5,False,ensemble,5.0,605.0,28,0.0,0.0,0.0
strict_homogeneous_05,homogeneous confined,R100E,100.4987562112089,Theis confined,5e-05,0.001,6.408402748046603e-05,0.0010681768348135016,,,,0.2481721461756859,0.0659533024999378,0.2481721461756859,-0.1822188436757482,0.006324926484856095,0.03676591286830147,0.03677834078630568,0.0026094482907095926,-181.1501747701468,-178.4857657497964,2,False,ensemble,5.0,605.0,28,0.0,0.0,0.0
strict_homogeneous_05,homogeneous confined,R100E,100.4987562112089,Hantush-Jacob leaky,5e-05,0.001,6.408366588213688e-05,0.0010681733134645123,,,99999.99999998492,0.24816650359416384,0.06595000589709195,0.24816650359416384,-0.18221649769707202,0.006325050248825604,0.03676679056956507,0.03677921937781977,0.0026096159502300275,-179.1488450940265,-175.1522315635009,3,True,ensemble,5.0,605.0,28,0.0,0.0,0.0
strict_homogeneous_05,homogeneous confined,R100E,100.4987562112089,Lagging Darcy no-leakage,5e-05,0.001,5.345502851606936e-05,0.001038485333594753,1621.1892425739522,2358.0378794492276,,0.06681770649652119,0.037763241552313594,0.06681770649652119,-0.029054464944207662,0.00022200139489074865,0.002557450384504215,0.002557454566309562,0.00021727359375244457,-327.05003329376115,-321.72121525306034,4,False,ensemble,5.0,605.0,28,0.0,0.0,0.0
strict_homogeneous_05,homogeneous confined,R100E,100.4987562112089,Lagging Darcy with leakage,5e-05,0.001,5.345532387720803e-05,0.0010384852135821255,1620.9849860670986,2357.783587312083,98200.08683084305,0.06682323189480224,0.03776312598723948,0.06682323189480224,-0.029060105907562746,0.00022180743901815635,0.002557483259591922,0.0025574874415255746,0.00021732850375482497,-325.04969820271253,-318.38867565183654,5,False,ensemble,5.0,605.0,28,0.0,0.0,0.0
strict_homogeneous_05,homogeneous confined,R100N,100.4987562112089,Theis confined,5e-05,0.001,6.408402793061221e-05,0.0010681768388087981,,,,0.24817215319999764,0.06595330624023286,0.24817215319999764,-0.182218846959765,0.006324930334473027,0.03676591211952551,0.036778340036768685,0.0026094481438473324,-181.1501748617538,-178.4857658414034,2,False,ensemble,5.0,605.0,28,0.0,0.0,0.0
strict_homogeneous_05,homogeneous confined,R100N,100.4987562112089,Hantush-Jacob leaky,5e-05,0.001,6.408366631182715e-05,0.0010681733172857194,,,99999.99999998492,0.2481665102993088,0.0659500094744205,0.2481665102993088,-0.1822165008248885,0.006325054090389151,0.036766789822187645,0.03677921862968321,0.002609615795714859,-179.14884518569218,-175.15223165516656,3,True,ensemble,5.0,605.0,28,0.0,0.0,0.0
strict_homogeneous_05,homogeneous confined,R100N,100.4987562112089,Lagging Darcy no-leakage,5e-05,0.001,5.345534403934946e-05,0.0010384854475190318,1620.9726221276208,2357.769369390752,,0.06682360907215651,0.037763351254654826,0.06682360907215651,-0.02906025781750148,0.00022179257719050663,0.0025574687514467783,0.0025574729333269104,0.00021732196385441626,-327.05004246435243,-321.7212244236516,4,False,ensemble,5.0,605.0,28,0.0,0.0,0.0
strict_homogeneous_05,homogeneous confined,R100N,100.4987562112089,Lagging Darcy with leakage,5e-05,0.001,5.345502609858214e-05,0.0010384847510132912,1621.1481858274942,2357.9887508481584,90909.54515905854,0.06681766127182778,0.03776268056063993,0.06681766127182778,-0.029054980711187763,0.0002219433993224612,0.0025574728268079566,0.002557477008699241,0.00021727899750089485,-325.04965910737735,-318.38863655650135,5,False,ensemble,5.0,605.0,28,0.0,0.0,0.0
strict_homogeneous_06,homogeneous confined,R20E,20.615528128088304,Theis confined,5e-05,0.001,5.802187279015331e-05,0.0009658045854136199,,,,0.14879705109911162,-0.034793757765997815,0.14879705109911162,-0.18359080886510937,0.026141955803329543,0.104235817857875,0.10451959308919609,0.021161069639432213,-121.87056662820044,-119.20615760785003,2,False,ensemble,5.0,605.0,28,0.0,0.0,0.0
strict_homogeneous_06,homogeneous confined,R20E,20.615528128088304,Hantush-Jacob leaky,5e-05,0.001,5.652753633834101e-05,0.0009541350760533431,,,99999.99999999594,0.12270488281883452,-0.046950028402201055,0.12270488281883452,-0.16965491122103557,0.027259605706256882,0.11248509198538732,0.11284184724520989,0.028952607021735376,-115.71924080377335,-111.72262727324774,3,True,ensemble,5.0,605.0,28,0.0,0.0,0.0
strict_homogeneous_06,homogeneous confined,R20E,20.615528128088304,Lagging Darcy no-leakage,5e-05,0.001,5.1284140077294835e-05,0.0010300739203920274,17.83212484498798,68.13988967436656,,0.02535853866203389,0.029630567037290115,0.02535853866203389,0.004272028375256297,0.001440714246876792,0.010669991136809423,0.010670294835196256,0.002417967815021789,-246.75176388828612,-241.4229458475853,4,False,ensemble,5.0,605.0,28,0.0,0.0,0.0
strict_homogeneous_06,homogeneous confined,R20E,20.615528128088304,Lagging Darcy with leakage,5e-05,0.001,5.1285171369315115e-05,0.0010300567616398904,17.770998706840214,68.05863017542089,94368.1646892556,0.025378647835153218,0.029613909111376017,0.025378647835153218,0.004235261276222556,0.0014333708570361161,0.0106710555261446,0.010671359315430028,0.0024205729912248506,-244.7515640365772,-238.09054148570118,5,False,ensemble,5.0,605.0,28,0.0,0.0,0.0
strict_homogeneous_06,homogeneous confined,R50E,50.99019513592785,Theis confined,5e-05,0.001,5.924359316455006e-05,0.0010132222464502795,,,,0.16963463649650104,0.013135595527197631,0.16963463649650104,-0.15649904096930325,0.009726070732143053,0.05453901479118864,0.054579596566122955,0.007641701865359694,-159.00472890805452,-156.3403198877041,2,False,ensemble,5.0,605.0,28,0.0,0.0,0.0
strict_homogeneous_06,homogeneous confined,R50E,50.99019513592785,Hantush-Jacob leaky,5e-05,0.001,5.9189752888597805e-05,0.0010127391707603953,,,99999.99999929374,0.16872542838146462,0.012658710138428165,0.16872542838146462,-0.1560667182430364,0.009754280383966663,0.054761828677955655,0.054802910074929226,0.007753670389201044,-156.77852126145714,-152.78190773093152,3,True,ensemble,5.0,605.0,28,0.0,0.0,0.0
strict_homogeneous_06,homogeneous confined,R50E,50.99019513592785,Lagging Darcy no-leakage,5e-05,0.001,5.200925404313156e-05,0.0010324778099514433,445.3174330206035,681.9610433478907,,0.03939865968777216,0.03196155404965164,0.03939865968777216,-0.007437105638120556,0.0005034060342448963,0.004842465788351788,0.004842494176801413,0.0008317405340720525,-291.2047859592845,-285.8759679185837,4,False,ensemble,5.0,605.0,28,0.0,0.0,0.0
strict_homogeneous_06,homogeneous confined,R50E,50.99019513592785,Lagging Darcy with leakage,5e-05,0.001,5.2009772879529205e-05,0.0010324748652753857,445.1717431427425,681.7768658171403,99973.4705717715,0.03940863548571988,0.031958701997793035,0.03940863548571988,-0.007449933487926906,0.000502925481349007,0.004842540336359941,0.0048425687261254135,0.0008321760215936717,-289.20452559915844,-282.54350304828245,5,True,ensemble,5.0,605.0,28,0.0,0.0,0.0
strict_homogeneous_06,homogeneous confined,R100E,101.9803902718557,Theis confined,5e-05,0.001,6.419605836202635e-05,0.00106999626450733,,,,0.24991880715282447,0.06765515735307598,0.24991880715282447,-0.18226364979974852,0.006219937704751375,0.036208014897295984,0.03621988550028187,0.0025187688698248946,-182.00886132612754,-179.34445230577714,2,False,ensemble,5.0,605.0,28,0.0,0.0,0.0
strict_homogeneous_06,homogeneous confined,R100E,101.9803902718557,Hantush-Jacob leaky,5e-05,0.001,6.419574437961459e-05,0.0010699931854702032,,,99999.99999997373,0.2499139161488033,0.06765227973409814,0.2499139161488033,-0.18226163641470508,0.006220042260453279,0.03620876217545482,0.036220633513564485,0.002518907388665097,-180.00771194996554,-176.01109841943992,3,True,ensemble,5.0,605.0,28,0.0,0.0,0.0
strict_homogeneous_06,homogeneous confined,R100E,101.9803902718557,Lagging Darcy no-leakage,5e-05,0.001,5.349204683681738e-05,0.0010388735793285429,1668.5289501096038,2420.847533724482,,0.06750998016747979,0.038137029380593934,0.06750998016747979,-0.029372950786885843,0.00021283164063848724,0.0024950672576754484,0.0024950711408591873,0.0002076739482389191,-328.44042353511156,-323.11160549441075,4,False,ensemble,5.0,605.0,28,0.0,0.0,0.0
strict_homogeneous_06,homogeneous confined,R100E,101.9803902718557,Lagging Darcy with leakage,5e-05,0.001,5.349205482191241e-05,0.0010388733589830753,1668.507886626324,2420.8222945096504,97614.0361214853,0.06751012944377256,0.038136817280204245,0.06751012944377256,-0.02937331216356823,0.00021282580390823177,0.002495082978906129,0.00249508686214287,0.00020768431689808283,-326.4400848283254,-319.7790622774494,5,False,ensemble,5.0,605.0,28,0.0,0.0,0.0
strict_homogeneous_06,homogeneous confined,R100N,101.9803902718557,Theis confined,5e-05,0.001,6.419605737599888e-05,0.0010699962555688776,,,,0.24991879179319815,0.06765514899935293,0.24991879179319815,-0.18226364279384513,0.006219930101937378,0.036208016480106256,0.03621988708465051,0.002518769171079153,-182.00886098336645,-179.34445196301604,2,False,ensemble,5.0,605.0,28,0.0,0.0,0.0
strict_homogeneous_06,homogeneous confined,R100N,101.9803902718557,Hantush-Jacob leaky,5e-05,0.001,6.419574340220132e-05,0.0010699931766323192,,,99999.99999997408,0.2499139009232881,0.06765227147434084,0.2499139009232881,-0.18226162944894714,0.006220034677438767,0.03620876375479138,0.03622063509445515,0.002518907693710635,-180.00771160712338,-176.01109807659776,3,True,ensemble,5.0,605.0,28,0.0,0.0,0.0
strict_homogeneous_06,homogeneous confined,R100N,101.9803902718557,Lagging Darcy no-leakage,5e-05,0.001,5.349193540617946e-05,0.0010388733744955967,1668.594628825122,2420.929421386513,,0.06750789703997638,0.038136832212266214,0.06750789703997638,-0.02937106482771024,0.00021286173264945912,0.002495065463700385,0.002495069346887182,0.00020765597153212718,-328.440404195799,-323.11158615509817,4,False,ensemble,5.0,605.0,28,0.0,0.0,0.0
strict_homogeneous_06,homogeneous confined,R100N,101.9803902718557,Lagging Darcy with leakage,5e-05,0.001,5.3491841454594574e-05,0.0010388727744715105,1668.6192428991162,2420.9618713671102,77430.62440730217,0.0675061406692883,0.03813625464018264,0.0675061406692883,-0.029369886029105702,0.0002128836578983123,0.0024950876545346526,0.002495091537816807,0.00020765390043840786,-326.4398666588458,-319.7788441079698,5,False,ensemble,5.0,605.0,28,0.0,0.0,0.0
strict_homogeneous_07,homogeneous confined,R20E,18.027756377319946,Theis confined,5e-05,0.001,5.609092966552392e-05,0.0010038634449429692,,,,0.11495111248717194,0.003856001006221854,0.11495111248717194,-0.11109511148095007,0.026787122671845378,0.09802164091776051,0.09825756682383145,0.018998326620328108,-124.99341397267227,-122.32900495232187,2,False,ensemble,5.0,605.0,28,0.0,0.0,0.0
strict_homogeneous_07,homogeneous confined,R20E,18.027756377319946,Hantush-Jacob leaky,5e-05,0.001,5.434072510176867e-05,0.0009889384645273456,,,99999.99999909567,0.0832509422750779,-0.01112316918662317,0.0832509422750779,-0.09437411146170098,0.028113799728911093,0.10800523886844719,0.1083209795020551,0.029808841090794617,-117.7491289255424,-113.75251539501679,3,True,ensemble,5.0,605.0,28,0.0,0.0,0.0
strict_homogeneous_07,homogeneous confined,R20E,18.027756377319946,Lagging Darcy no-leakage,5e-05,0.001,5.054847444832989e-05,0.0010635989810324706,0.00766805871379175,33.716765761656845,,0.010909760519235858,0.06165842234985531,0.010909760519235858,0.05074866183061939,0.0014294466388839288,0.00790859051052531,0.007908714174427074,0.00116878903430711,-263.11451355227626,-257.78569551157545,4,False,ensemble,5.0,605.0,28,0.0,0.0,0.0
strict_homogeneous_07,homogeneous confined,R20E,18.027756377319946,Lagging Darcy with leakage,5e-05,0.001,5.054831922433039e-05,0.0010635992931271592,0.009763105748467428,33.719749718685016,24461.810722784867,0.01090668971958197,0.061658715782482,0.01090668971958197,0.05075202606289996,0.0014294959782730336,0.007909117210358696,0.007909240898966685,0.0011688557013794145,-261.1108430311429,-254.44982048026688,5,False,ensemble,5.0,605.0,28,0.0,0.0,0.0
strict_homogeneous_07,homogeneous confined,R50E,51.478150704935004,Theis confined,5e-05,0.001,5.8668596649363055e-05,0.0010182715138277456,,,,0.15988159783311204,0.01810659556059967,0.15988159783311204,-0.14177500227251255,0.00874856181594663,0.05013609077252906,0.050167613142857996,0.007039576418194996,-163.75661146713924,-161.09220244678883,2,False,ensemble,5.0,605.0,28,0.0,0.0,0.0
strict_homogeneous_07,homogeneous confined,R50E,51.478150704935004,Hantush-Jacob leaky,5e-05,0.001,5.862061830033748e-05,0.0010178303059895817,,,99999.99999860664,0.15906347739940943,0.017673210706487377,0.15906347739940943,-0.14139026669292198,0.008773249388181517,0.05033907425257547,0.05037098117982842,0.007140912582029986,-161.5324379729614,-157.53582444243577,3,True,ensemble,5.0,605.0,28,0.0,0.0,0.0
strict_homogeneous_07,homogeneous confined,R50E,51.478150704935004,Lagging Darcy no-leakage,5e-05,0.001,5.193303083488003e-05,0.0010357249627467658,480.1875640835842,707.6827555576218,,0.03793201457785765,0.0351016286170804,0.03793201457785765,-0.0028303859607771422,0.00042689348149437114,0.004491358701345536,0.004491381351696804,0.000774855703288255,-295.47079347637595,-290.14197543567514,4,False,ensemble,5.0,605.0,28,0.0,0.0,0.0
strict_homogeneous_07,homogeneous confined,R50E,51.478150704935004,Lagging Darcy with leakage,5e-05,0.001,5.1932778222367445e-05,0.0010357233778769833,480.20885651636064,707.7105402198723,27431.503024618727,0.037927150368645975,0.03510009841258393,0.037927150368645975,-0.002827051956062145,0.0004269024773658131,0.004491659267221519,0.004491681922114234,0.0007749224445532309,-293.4670698585777,-286.8060473077017,5,False,ensemble,5.0,605.0,28,0.0,0.0,0.0
strict_homogeneous_07,homogeneous confined,R100E,98.6154146165801,Theis confined,5e-05,0.001,6.351004131498914e-05,0.0010663026918467002,,,,0.23917501891383083,0.06419723651287974,0.23917501891383083,-0.174977782400951,0.006147857028026242,0.03604668167421004,0.036058394278029725,0.002635224309586724,-182.27081380483997,-179.60640478448957,2,False,ensemble,5.0,605.0,28,0.0,0.0,0.0
strict_homogeneous_07,homogeneous confined,R100E,98.6154146165801,Hantush-Jacob leaky,5e-05,0.001,6.3509628628436e-05,0.0010662986600071581,,,99999.99998284911,0.23916852091941268,0.06419345536593568,0.23916852091941268,-0.17497506555347694,0.00614800202999897,0.03604772235072937,0.03605943596919792,0.0026354311330625403,-180.26920575970402,-176.2725922291784,3,True,ensemble,5.0,605.0,28,0.0,0.0,0.0
strict_homogeneous_07,homogeneous confined,R100E,98.6154146165801,Lagging Darcy no-leakage,5e-05,0.001,5.334347625855668e-05,0.0010391772673105817,1607.339582140747,2307.0399596912007,,0.06472868290361408,0.038429310952714235,0.06472868290361408,-0.026299371950899892,0.00020677235432574082,0.002532590244121086,0.0025325943051418554,0.00022192304510345283,-327.6221141701675,-322.2932961294667,4,False,ensemble,5.0,605.0,28,0.0,0.0,0.0
strict_homogeneous_07,homogeneous confined,R100E,98.6154146165801,Lagging Darcy with leakage,5e-05,0.001,5.3343279283354155e-05,0.0010391768683875695,1607.4566856939966,2307.184648717868,98144.75478595291,0.06472499031400394,0.03842892706913509,0.06472499031400394,-0.026296063244868998,0.00020688603942035057,0.002532596224711272,0.002532600285781062,0.0002218983789955184,-325.621771404112,-318.960748853236,5,False,ensemble,5.0,605.0,28,0.0,0.0,0.0
strict_homogeneous_07,homogeneous confined,R100N,98.6154146165801,Theis confined,5e-05,0.001,6.351003923267767e-05,0.0010663026693566238,,,,0.23917498612670837,0.06419721542123581,0.23917498612670837,-0.17497777070547255,0.006147837330799655,0.03604668628939295,0.0360583988977112,0.002635225136751202,-182.2708120987049,-179.6064030783545,2,False,ensemble,5.0,605.0,28,0.0,0.0,0.0
strict_homogeneous_07,homogeneous confined,R100N,98.6154146165801,Hantush-Jacob leaky,5e-05,0.001,6.35096265492334e-05,0.0010662986375479936,,,99999.99998285409,0.23916848818102832,0.06419343430320194,0.23916848818102832,-0.1749750538778262,0.006147982336759596,0.03604772696536273,0.03605944058833029,0.0026354319615413922,-180.26920405335522,-176.2725905228296,3,True,ensemble,5.0,605.0,28,0.0,0.0,0.0
strict_homogeneous_07,homogeneous confined,R100N,98.6154146165801,Lagging Darcy no-leakage,5e-05,0.001,5.3343495822315775e-05,0.0010391774547666957,1607.3491303081437,2307.049931507261,,0.06472904965428118,0.038429491341665144,0.06472904965428118,-0.02629955831261608,0.00020679316146602266,0.0025325914283333547,0.002532595489364599,0.00022193042678438549,-327.6220494760148,-322.293231435314,4,False,ensemble,5.0,605.0,28,0.0,0.0,0.0
strict_homogeneous_07,homogeneous confined,R100N,98.6154146165801,Lagging Darcy with leakage,5e-05,0.001,5.334270026799644e-05,0.0010391669574334869,1607.2557815079397,2306.9539794100215,18025.59646840603,0.06471413574135708,0.038419389711591354,0.06471413574135708,-0.026294746029765746,0.00020667403319184893,0.0025330627694507353,0.002533066832765939,0.0002220288261934367,-325.6119211934906,-318.9508986426146,5,False,ensemble,5.0,605.0,28,0.0,0.0,0.0
strict_homogeneous_08,homogeneous confined,R20E,21.213203435596427,Theis confined,5e-05,0.001,5.573723828877562e-05,0.001010075178806723,,,,0.10862546908990182,0.010024762545162769,0.10862546908990182,-0.098600706544739,0.018607602623428445,0.07743333056789874,0.07754954671560013,0.015178581012506688,-138.6567241728252,-135.9923151524748,2,False,ensemble,5.0,605.0,28,0.0,0.0,0.0
strict_homogeneous_08,homogeneous confined,R20E,21.213203435596427,Hantush-Jacob leaky,5e-05,0.001,5.455428566169809e-05,0.0009995427894586816,,,99999.99999916513,0.08717326768242264,-0.0004573150939275511,0.08717326768242264,-0.08763058277635029,0.019425968782631958,0.08432045607148793,0.08447055664518213,0.021959040933389753,-132.01336342051135,-128.01674988998573,3,True,ensemble,5.0,605.0,28,0.0,0.0,0.0
strict_homogeneous_08,homogeneous confined,R20E,21.213203435596427,Lagging Darcy no-leakage,5e-05,0.001,5.081800256004966e-05,0.0010570074278245666,20.282520347733087,60.22496413270962,,0.01622766748147782,0.055441734133576386,0.01622766748147782,0.03921406665209852,0.0012668535683252676,0.006517441809179325,0.00651751102021661,0.0014531037903706794,-273.8054378599877,-268.4766198192869,4,False,ensemble,5.0,605.0,28,0.0,0.0,0.0
strict_homogeneous_08,homogeneous confined,R20E,21.213203435596427,Lagging Darcy with leakage,5e-05,0.001,5.081749609230721e-05,0.0010570140954844645,20.317368051905184,60.26855451730376,98598.16870096116,0.01621770112623453,0.05544804216764746,0.01621770112623453,0.03923034104141308,0.0012689114978649452,0.006517050069959466,0.006517119268508113,0.0014518247949965465,-271.80524402412783,-265.14422147325183,5,False,ensemble,5.0,605.0,28,0.0,0.0,0.0
strict_homogeneous_08,homogeneous confined,R50E,49.49747468305833,Theis confined,5e-05,0.001,5.820662134511388e-05,0.0010188451131896785,,,,0.15197611165445468,0.018669743855090605,0.15197611165445468,-0.1333063677993641,0.008536844607978895,0.04911496951821982,0.04914460417677148,0.007109749003418717,-164.9156329575716,-162.2512239372212,2,False,ensemble,5.0,605.0,28,0.0,0.0,0.0
strict_homogeneous_08,homogeneous confined,R50E,49.49747468305833,Hantush-Jacob leaky,5e-05,0.001,5.814926084661818e-05,0.0010183128090402683,,,99999.99999907489,0.1509901623055797,0.01814714896373116,0.1509901623055797,-0.1328430133418485,0.00856656764904265,0.049365340376614004,0.04939543070518554,0.007240103329194856,-162.63362273711968,-158.63700920659406,3,True,ensemble,5.0,605.0,28,0.0,0.0,0.0
strict_homogeneous_08,homogeneous confined,R50E,49.49747468305833,Lagging Darcy no-leakage,5e-05,0.001,5.1834653046826046e-05,0.0010374271921840823,450.3593617297926,656.1705330536997,,0.03603589790938492,0.036743794452137574,0.03603589790938492,0.0007078965427525126,0.00041198980526852436,0.004448101915784406,0.004448123917982407,0.0007940849989863327,-296.02585172868976,-290.69703368798895,4,False,ensemble,5.0,605.0,28,0.0,0.0,0.0
strict_homogeneous_08,homogeneous confined,R50E,49.49747468305833,Lagging Darcy with leakage,5e-05,0.001,5.183592915387306e-05,0.0010374172275545762,449.8941661016244,655.60000726785,57478.095084087705,0.03606051640809469,0.03673418926978127,0.03606051640809469,0.0006736728616864385,0.00041004880606710216,0.004448373108275948,0.004448395114493753,0.0007951510527267748,-294.0247885295057,-287.3637659786297,5,False,ensemble,5.0,605.0,28,0.0,0.0,0.0
strict_homogeneous_08,homogeneous confined,R100E,102.59142264341595,Theis confined,5e-05,0.001,6.386103479217038e-05,0.001071022622362678,,,,0.24468638580127952,0.0686139138967594,0.24468638580127952,-0.17607247190452036,0.005920199612211239,0.034782754575892964,0.03479327762012759,0.002407491344385351,-184.272966804533,-181.6085577841826,2,False,ensemble,5.0,605.0,28,0.0,0.0,0.0
strict_homogeneous_08,homogeneous confined,R100E,102.59142264341595,Hantush-Jacob leaky,5e-05,0.001,6.386075075686988e-05,0.0010710198018721363,,,99999.99999995384,0.24468193808236796,0.06861128043767392,0.24468193808236796,-0.1760706576446941,0.005920292985340618,0.034783432022527205,0.03479395568173157,0.002407615503281563,-182.27188218124675,-178.27526865072113,3,True,ensemble,5.0,605.0,28,0.0,0.0,0.0
strict_homogeneous_08,homogeneous confined,R100E,102.59142264341595,Lagging Darcy no-leakage,5e-05,0.001,5.3451405014829306e-05,0.0010400485515982257,1728.5309533210464,2470.926411053936,,0.06674991822369666,0.03926739629266969,0.06674991822369666,-0.02748252193102715,0.0001871201728494487,0.002381894040820016,0.0023818974191902567,0.00019723557796805236,-331.071781050409,-325.7429630097082,4,False,ensemble,5.0,605.0,28,0.0,0.0,0.0
strict_homogeneous_08,homogeneous confined,R100E,102.59142264341595,Lagging Darcy with leakage,5e-05,0.001,5.345139654725785e-05,0.00104004800955833,1728.4978661226048,2470.887112234364,92124.34947894163,0.06674975980742821,0.03926687512465686,0.06674975980742821,-0.027482884682771297,0.00018706590221051952,0.002381915302320823,0.0023819186807819185,0.00019724041545296102,-329.07138763066627,-322.41036507979027,5,False,ensemble,5.0,605.0,28,0.0,0.0,0.0
strict_homogeneous_08,homogeneous confined,R100N,102.59142264341595,Theis confined,5e-05,0.001,6.386103011931776e-05,0.0010710225800134288,,,,0.24468631262907345,0.06861387435581118,0.24468631262907345,-0.1760724382732624,0.005920176842466174,0.034782763805811426,0.03479328685842416,0.0024074922270609696,-184.27295865976842,-181.60854963941802,2,False,ensemble,5.0,605.0,28,0.0,0.0,0.0
strict_homogeneous_08,homogeneous confined,R100N,102.59142264341595,Hantush-Jacob leaky,5e-05,0.001,6.386074606609714e-05,0.0010710197593266114,,,99999.99999995348,0.24468186462922414,0.06861124071336124,0.24468186462922414,-0.17607062391586303,0.00592027018339975,0.034783441258041295,0.03479396492562992,0.002407616378440548,-182.27187403675205,-178.27526050622643,3,True,ensemble,5.0,605.0,28,0.0,0.0,0.0
strict_homogeneous_08,homogeneous confined,R100N,102.59142264341595,Lagging Darcy no-leakage,5e-05,0.001,5.3451464916741966e-05,0.0010400486776623624,1728.5063280653221,2470.8942028767224,,0.06675103890292074,0.0392675175025198,0.06675103890292074,-0.027483521400400796,0.00018709098821179023,0.0023818970253928276,0.002381900403775386,0.00019724732670088204,-331.0717668674495,-325.7429488267487,4,False,ensemble,5.0,605.0,28,0.0,0.0,0.0
strict_homogeneous_08,homogeneous confined,R100N,102.59142264341595,Lagging Darcy with leakage,5e-05,0.001,5.345177808199035e-05,0.0010400487457642128,1728.2757842155854,2470.610135215716,98837.33749717099,0.06675689775695745,0.0392675829820013,0.06675689775695745,-0.02748931477495607,0.00018692206515762123,0.002381925652281489,0.002381929030796379,0.00019730270870469202,-329.0714194080921,-322.4103968572161,5,False,ensemble,5.0,605.0,28,0.0,0.0,0.0
strict_homogeneous_09,homogeneous confined,R20E,18.027756377319946,Theis confined,5e-05,0.001,5.609092966517618e-05,0.001003863444873255,,,,0.11495111248097249,0.003856000936776141,0.11495111248097249,-0.11109511154419636,0.026787122613694914,0.09802164093424023,0.09825756684042984,0.01899832661348699,-124.99341397267233,-122.32900495232192,2,False,ensemble,5.0,605.0,28,0.0,0.0,0.0
strict_homogeneous_09,homogeneous confined,R20E,18.027756377319946,Hantush-Jacob leaky,5e-05,0.001,5.4340725091060285e-05,0.0009889384644195048,,,99999.99999909318,0.08325094207801778,-0.011123169295670247,0.08325094207801778,-0.09437411137368802,0.02811379964841104,0.10800523889017746,0.10832097952397648,0.029808841045824028,-117.7491289255424,-113.75251539501679,3,True,ensemble,5.0,605.0,28,0.0,0.0,0.0
strict_homogeneous_09,homogeneous confined,R20E,18.027756377319946,Lagging Darcy no-leakage,5e-05,0.001,5.0548088861881745e-05,0.0010636054354450357,0.027764016794475318,33.74242873792628,,0.010902132437023666,0.0616644907958543,0.010902132437023666,0.05076235835883079,0.0014317709503462298,0.007911583866650952,0.00791170767102652,0.0011676620862851512,-263.0910321288464,-257.7622140881456,4,False,ensemble,5.0,605.0,28,0.0,0.0,0.0
strict_homogeneous_09,homogeneous confined,R20E,18.027756377319946,Lagging Darcy with leakage,5e-05,0.001,5.0547444624895525e-05,0.0010635928957929506,0.012574749186412885,33.72407396683727,7198.845953637894,0.010889387324277064,0.06165270096704413,0.010889387324277064,0.05076331364276691,0.0014298850551310144,0.007911411632188508,0.00791153542846791,0.0011719547963216662,-261.0946327533446,-254.4336102024686,5,False,ensemble,5.0,605.0,28,0.0,0.0,0.0
strict_homogeneous_09,homogeneous confined,R50E,51.478150704935004,Theis confined,5e-05,0.001,5.866859664762348e-05,0.0010182715137947846,,,,0.15988159780346117,0.018106595528230143,0.15988159780346117,-0.14177500227523127,0.008748561798588567,0.0501360907756702,0.05016761314600714,0.007039576414838451,-163.75661146713918,-161.09220244678878,2,False,ensemble,5.0,605.0,28,0.0,0.0,0.0
strict_homogeneous_09,homogeneous confined,R50E,51.478150704935004,Hantush-Jacob leaky,5e-05,0.001,5.8620618288704677e-05,0.0010178303058678616,,,99999.99999861428,0.1590634772009672,0.01767321058689948,0.1590634772009672,-0.14139026661406776,0.008773249345524387,0.050339074260285284,0.05037098118755156,0.007140912564358841,-161.53243797296133,-157.5358244424357,3,True,ensemble,5.0,605.0,28,0.0,0.0,0.0
strict_homogeneous_09,homogeneous confined,R50E,51.478150704935004,Lagging Darcy no-leakage,5e-05,0.001,5.193304219518303e-05,0.0010357244376038145,480.1738775011558,707.6661207434976,,0.03793223332691893,0.03510112158760526,0.03793223332691893,-0.002831111739313911,0.000426718272403294,0.004491375985403578,0.0044913986360296644,0.0007748515123789337,-295.47079325870357,-290.14197521800276,4,False,ensemble,5.0,605.0,28,0.0,0.0,0.0
strict_homogeneous_09,homogeneous confined,R50E,51.478150704935004,Lagging Darcy with leakage,5e-05,0.001,5.193429178965394e-05,0.0010357166709455896,479.75222839852,707.1439616464282,99558.49121489437,0.03795629468332504,0.03509362279056684,0.03795629468332504,-0.002862671892758286,0.00042525711152703735,0.004491553747114967,0.004491576400421497,0.0007758209652684103,-293.4703726814192,-286.8093501305432,5,False,ensemble,5.0,605.0,28,0.0,0.0,0.0
strict_homogeneous_09,homogeneous confined,R100E,98.6154146165801,Theis confined,5e-05,0.001,6.351004132657935e-05,0.0010663026919781533,,,,0.2391750190963249,0.06419723663615907,0.2391750190963249,-0.17497778246016588,0.006147857053031725,0.036046681669787285,0.03605839427360218,0.002635224315020567,-182.27081380484003,-179.60640478448963,2,False,ensemble,5.0,605.0,28,0.0,0.0,0.0
strict_homogeneous_09,homogeneous confined,R100E,98.6154146165801,Hantush-Jacob leaky,5e-05,0.001,6.350962864608174e-05,0.0010662986601778029,,,99999.99998287842,0.23916852119725623,0.06419345552597043,0.23916852119725623,-0.17497506567128587,0.006148002049717055,0.0360477223472419,0.036059435965709555,0.0026354311405501775,-180.26920575970396,-176.27259222917834,3,True,ensemble,5.0,605.0,28,0.0,0.0,0.0
strict_homogeneous_09,homogeneous confined,R100E,98.6154146165801,Lagging Darcy no-leakage,5e-05,0.001,5.3343480352188893e-05,0.0010391773682225161,1607.3368705946561,2307.037486042078,,0.0647287596446205,0.03842940806023635,0.0647287596446205,-0.026299351584384158,0.00020678076164525177,0.0025325895329784812,0.0025325935940117544,0.00022192519007444833,-327.6221141546416,-322.2932961139408,4,False,ensemble,5.0,605.0,28,0.0,0.0,0.0
strict_homogeneous_09,homogeneous confined,R100E,98.6154146165801,Lagging Darcy with leakage,5e-05,0.001,5.3343078165187404e-05,0.0010391733478350915,1607.3814165358776,2307.0980716130466,29257.45171943921,0.06472122004437315,0.038425539235409555,0.06472122004437315,-0.0262956808089639,0.0002068133652775572,0.002532761789185553,0.002532765851049866,0.00022194598132651829,-325.6182709261478,-318.9572483752718,5,False,ensemble,5.0,605.0,28,0.0,0.0,0.0
strict_homogeneous_09,homogeneous confined,R100N,98.6154146165801,Theis confined,5e-05,0.001,6.3510037718678e-05,0.0010663026531576951,,,,0.23917496228796245,0.06419720022955597,0.23917496228796245,-0.17497776205840646,0.006147837755211802,0.036046689889136424,0.03605840250096652,0.0026352255279760437,-182.2708065569098,-179.6063975365594,2,False,ensemble,5.0,605.0,28,0.0,0.0,0.0
strict_homogeneous_09,homogeneous confined,R100N,98.6154146165801,Hantush-Jacob leaky,5e-05,0.001,6.350962498529585e-05,0.0010662986208508098,,,99999.99998298039,0.23916846355582327,0.06419341864418937,0.23916846355582327,-0.17497504491163404,0.006147982695820555,0.03604773057657136,0.03605944420306115,0.0026354323311179257,-180.2691985118598,-176.27258498133418,3,True,ensemble,5.0,605.0,28,0.0,0.0,0.0
strict_homogeneous_09,homogeneous confined,R100N,98.6154146165801,Lagging Darcy no-leakage,5e-05,0.001,5.3343428956937185e-05,0.001039177221052088,1607.365865814326,2307.073019320627,,0.06472779616649478,0.038429266438177415,0.06472779616649478,-0.026298529728317643,0.00020677997108624633,0.002532593821433542,0.002532597882488837,0.00022191667054065464,-327.62202145045586,-322.29320340975505,4,False,ensemble,5.0,605.0,28,0.0,0.0,0.0
strict_homogeneous_09,homogeneous confined,R100N,98.6154146165801,Lagging Darcy with leakage,5e-05,0.001,5.3343151667438774e-05,0.001039176790297095,1607.5453787741744,2307.29392029469,88497.19016601583,0.06472259795887045,0.03842885192266114,0.06472259795887045,-0.02629374603620925,0.00020695029431384184,0.002532598709996317,0.002532602771046637,0.00022188167278308567,-325.62159727553956,-318.96057472466356,5,False,ensemble,5.0,605.0,28,0.0,0.0,0.0
strict_leakage_00,vertical leakage,R20E,20.0,Theis confined,5e-05,0.001,9.809658932804764e-05,0.0012388502253715403,,,,0.6739295932405855,0.2141837118626404,0.6739295932405855,-0.4597458813779452,0.020689183958451565,0.13786019326705642,0.13851781738036764,0.03242053461997884,-107.33669038508745,-104.67228136473705,2,False,ensemble,5.0,605.0,28,0.0,0.0,0.0
strict_leakage_00,vertical leakage,R20E,20.0,Hantush-Jacob leaky,5e-05,0.001,7.89176037604804e-05,0.001102062466007808,,,65.47615028976811,0.45638131237225543,0.0971833933418448,0.45638131237225543,-0.3591979190304106,0.026856638909499055,0.10038525914702184,0.10063869148394407,0.010112744168093267,-121.74291007270496,-117.74629654217935,3,False,ensemble,5.0,605.0,28,0.0,0.0,0.0
strict_leakage_00,vertical leakage,R20E,20.0,Lagging Darcy no-leakage,5e-05,0.001,9.362455035372178e-05,0.0012794690878258417,0.33400802574266863,17.848863959935976,,0.6272696337672299,0.2464452167524647,0.6272696337672299,-0.380824417014765,0.007173821946640217,0.1294368568387852,0.12998089693279902,0.0357450851281738,-107.42471949388928,-102.09590145318847,4,False,ensemble,5.0,605.0,28,0.0,0.0,0.0
strict_leakage_00,vertical leakage,R20E,20.0,Lagging Darcy with leakage,5e-05,0.001,5.6456383618705754e-05,0.001055850500914302,1.9604975858584728,51.03596660244265,40.07282922491451,0.12144536325058734,0.054346604158054194,0.12144536325058734,-0.0670987590925331,0.0005820850629148468,0.007244398946955196,0.007244493996896679,0.0005391409699262143,-266.77294707235455,-260.11192452147856,5,False,ensemble,5.0,605.0,28,0.0,0.0,0.0
strict_leakage_00,vertical leakage,R50E,50.0,Theis confined,5e-05,0.001,0.00019553134004772905,0.002213220689758221,,,,1.3636976682989657,0.7944487803436042,1.3636976682989657,-0.5692488879553612,-0.0051860585323581605,0.13305354271320202,0.13364459022133876,0.010508913157949513,-109.92641965295911,-107.2620106326087,2,False,ensemble,5.0,605.0,28,0.0,0.0,0.0
strict_leakage_00,vertical leakage,R50E,50.0,Hantush-Jacob leaky,5e-05,0.001,9.426317484624808e-05,0.0014093356573221247,,,52.600517780460585,0.6340675972978865,0.3431184283371913,0.6340675972978865,-0.2909491689606952,0.004785500707415949,0.02475903978299814,0.024762834652682992,0.0007867458875518436,-201.07362355398902,-197.0770100234634,3,False,ensemble,5.0,605.0,28,0.0,0.0,0.0
strict_leakage_00,vertical leakage,R50E,50.0,Lagging Darcy no-leakage,5e-05,0.001,0.0004891013510446101,0.00043022019757780864,38010.50347372028,2983.234469769966,,2.2805467244208746,-0.8434581139762789,2.2805467244208746,-3.1240048383971533,0.0018095422023078637,0.03632289060084456,0.03633487456761874,0.0029526951256760893,-178.6035207838268,-173.274702743126,4,False,ensemble,5.0,605.0,28,0.0,0.0,0.0
strict_leakage_00,vertical leakage,R50E,50.0,Lagging Darcy with leakage,5e-05,0.001,6.9266585942156e-05,0.0012237520314346065,209.5271002440334,342.5500721545239,42.098772001119016,0.32593961915177255,0.20192157486905526,0.32593961915177255,-0.12401804428271723,5.905257747200139e-05,0.0011725001867713622,0.001172500589793381,8.607808633332891e-05,-368.8672817228217,-362.2062591719457,5,False,ensemble,5.0,605.0,28,0.0,0.0,0.0
strict_leakage_00,vertical leakage,R100E,100.0,Theis confined,5e-05,0.001,0.0007599467592192351,0.00621184900524095,,,,2.7212253717394574,1.826458598043332,2.7212253717394574,-0.8947667736961252,-0.0081769969896224,0.09794821966883269,0.09818361511820264,0.001293225487225105,-126.92236489771085,-124.25795587736044,2,False,ensemble,5.0,605.0,28,0.0,0.0,0.0
strict_leakage_00,vertical leakage,R100E,100.0,Hantush-Jacob leaky,5e-05,0.001,0.0001711045169629735,0.0023550770624294224,,,54.76587852144662,1.2302515746713556,0.8565734498329656,1.2302515746713556,-0.3736781248383899,0.0013931092204445164,0.006918491995841151,0.006918574785991154,4.222430626830341e-05,-272.38425662165344,-268.3876430911278,3,False,ensemble,5.0,605.0,28,0.0,0.0,0.0
strict_leakage_00,vertical leakage,R100E,100.0,Lagging Darcy no-leakage,5e-05,0.001,0.0019999999999999987,0.00219491017631455,45092.847846583834,4924.721685360348,,3.688879454113936,0.7861411237374398,3.688879454113936,-2.9027383303764958,0.0005063588169485737,0.023931088999550335,0.023934515724229697,0.0003535741340183198,-202.02960177207916,-196.70078373137835,4,True,ensemble,5.0,605.0,28,0.0,0.0,0.0
strict_leakage_00,vertical leakage,R100E,100.0,Lagging Darcy with leakage,5e-05,0.001,0.0001223543117726655,0.001913813335512423,542.323153795741,823.740048744301,47.404369646456715,0.8948980251363912,0.6490977624192287,0.8948980251363912,-0.24580026271716243,-7.007172159076663e-05,0.0009634296823002005,0.0009634299058875067,1.2227264945307398e-05,-379.78573051953987,-373.12470796866387,5,False,ensemble,5.0,605.0,28,0.0,0.0,0.0
strict_leakage_00,vertical leakage,R100N,100.0,Theis confined,5e-05,0.001,0.0007599467635358498,0.006211849020533377,,,,2.7212253774196116,1.8264586005051475,2.7212253774196116,-0.8947667769144636,-0.008176997157352796,0.09794822122813694,0.09818361668876435,0.0012932255082325529,-126.92236400436326,-124.25795498401285,2,False,ensemble,5.0,605.0,28,0.0,0.0,0.0
strict_leakage_00,vertical leakage,R100N,100.0,Hantush-Jacob leaky,5e-05,0.001,0.00017110451328883786,0.0023550770237405635,,,54.765877801910044,1.2302515531983065,0.8565734334051129,1.2302515531983065,-0.3736781197931937,0.0013931092866742226,0.006918492470481033,0.006918575260645064,4.2224314768877204e-05,-272.3842528273964,-268.38763929687076,3,False,ensemble,5.0,605.0,28,0.0,0.0,0.0
strict_leakage_00,vertical leakage,R100N,100.0,Lagging Darcy no-leakage,5e-05,0.001,0.0019999999902444708,0.002194822633500794,45097.1749983877,4925.246381869267,,3.6888794492361714,0.7861012384790149,3.6888794492361714,-2.9027782107571567,0.000505028787904189,0.023931119889063494,0.02393454662701042,0.00035360081704146647,-202.0295976942655,-196.7007796535647,4,True,ensemble,5.0,605.0,28,0.0,0.0,0.0
strict_leakage_00,vertical leakage,R100N,100.0,Lagging Darcy with leakage,5e-05,0.001,0.00012234148714728596,0.001913693851349752,543.4854249947424,825.0473455705859,47.40240282932214,0.8947932041672704,0.6490353279641765,0.8947932041672704,-0.24575787620309383,-6.960398371281088e-05,0.0009634511144706304,0.000963451338027148,1.2233311494252858e-05,-379.78652419088024,-373.12550164000425,5,False,ensemble,5.0,605.0,28,0.0,0.0,0.0
strict_leakage_01,vertical leakage,R20E,20.615528128088304,Theis confined,5e-05,0.001,8.216841952446827e-05,0.001179762810413977,,,,0.49674803211393376,0.1653134101489846,0.49674803211393376,-0.33143462196494927,0.016954095337457835,0.10708333366730897,0.1073910451478268,0.02879886366574074,-121.4120013596212,-118.7475923392708,2,False,ensemble,5.0,605.0,28,0.0,0.0,0.0
strict_leakage_01,vertical leakage,R20E,20.615528128088304,Hantush-Jacob leaky,5e-05,0.001,7.101478188636259e-05,0.0010882200923486684,,,82.79277816000419,0.35086504552604836,0.08454341873737749,0.35086504552604836,-0.26632162678867105,0.020865321635303826,0.08238478189436083,0.08252477133741033,0.010081505887184218,-133.01092745495063,-129.014313924425,3,False,ensemble,5.0,605.0,28,0.0,0.0,0.0
strict_leakage_01,vertical leakage,R20E,20.615528128088304,Lagging Darcy no-leakage,5e-05,0.001,7.854423831037668e-05,0.0012130622283853822,1.1318266878775858,18.746011906153306,,0.4516390059832823,0.1931479298706028,0.4516390059832823,-0.2584910761126795,0.005300534335917014,0.09775222786036865,0.09798621120370622,0.03230469178343356,-123.15092763242504,-117.82210959172423,4,False,ensemble,5.0,605.0,28,0.0,0.0,0.0
strict_leakage_01,vertical leakage,R20E,20.615528128088304,Lagging Darcy with leakage,5e-05,0.001,5.466468255088839e-05,0.0010554279369001634,7.282391876942792,50.40036581416367,50.20564417957229,0.08919483826844829,0.053946312076998064,0.08919483826844829,-0.035248526191450275,0.000876384320837203,0.006989846311060523,0.006989931689322578,0.0006375742472728039,-268.5101268464767,-261.8491042956007,5,False,ensemble,5.0,605.0,28,0.0,0.0,0.0
strict_leakage_01,vertical leakage,R50E,52.20153254455275,Theis confined,5e-05,0.001,0.00013755634973576994,0.00177906891763294,,,,1.012010643986877,0.57609014746844,1.012010643986877,-0.435920496518437,-0.001968929844021941,0.0964286769351744,0.09665327204711592,0.010598032617129058,-127.98748267082726,-125.32307365047686,2,False,ensemble,5.0,605.0,28,0.0,0.0,0.0
strict_leakage_01,vertical leakage,R50E,52.20153254455275,Hantush-Jacob leaky,5e-05,0.001,8.39850028524456e-05,0.0013020759057759067,,,67.11783536040383,0.5186152400045704,0.2639598414540912,0.5186152400045704,-0.254655398550479,0.004958796693032728,0.026689143836844526,0.026693897280889556,0.0012206371618846234,-196.94934212579034,-192.95272859526472,3,False,ensemble,5.0,605.0,28,0.0,0.0,0.0
strict_leakage_01,vertical leakage,R50E,52.20153254455275,Lagging Darcy no-leakage,5e-05,0.001,0.00033965292774695057,0.00037256163417419486,49506.76311347098,4580.041883064145,,1.9159012900658767,-0.9873527939793412,1.9159012900658767,-2.903254084045218,0.0013612907248718813,0.020800502831250747,0.020802752925224644,0.0023529688555124603,-209.76977667349692,-204.4409586327961,4,False,ensemble,5.0,605.0,28,0.0,0.0,0.0
strict_leakage_01,vertical leakage,R50E,52.20153254455275,Lagging Darcy with leakage,5e-05,0.001,6.327304970953315e-05,0.0011550727890152297,279.6027510387814,433.72428304155204,52.35935038251103,0.23543647807891943,0.14416336278043682,0.23543647807891943,-0.09127311529848268,8.247606307298557e-05,0.0008849004315389288,0.0008849006047257903,6.572628130896085e-05,-384.44916418556716,-377.78814163469116,5,False,ensemble,5.0,605.0,28,0.0,0.0,0.0
strict_leakage_01,vertical leakage,R100E,99.62429422585637,Theis confined,5e-05,0.001,0.0003356433433500434,0.0035405517283605154,,,,1.9040261126432965,1.2642825704705534,1.9040261126432965,-0.639743542172743,-0.00518326164276331,0.07646187493854163,0.07657376820506426,0.002032611569182249,-140.85910594117357,-138.19469692082316,2,False,ensemble,5.0,605.0,28,0.0,0.0,0.0
strict_leakage_01,vertical leakage,R100E,99.62429422585637,Hantush-Jacob leaky,5e-05,0.001,0.00012786652401246886,0.0018446939096436806,,,68.90611621003794,0.9389639332643512,0.6123133610969751,0.9389639332643512,-0.32665057216737625,0.0020020351757022883,0.010590193456527761,0.010590490391827937,0.00013717421368072456,-248.67762731631902,-244.6810137857934,3,False,ensemble,5.0,605.0,28,0.0,0.0,0.0
strict_leakage_01,vertical leakage,R100E,99.62429422585637,Lagging Darcy no-leakage,5e-05,0.001,0.0010047753002926192,0.0010906398472316913,73535.80347696818,7595.167027712217,,3.0004962082685047,0.0867645398235598,3.0004962082685047,-2.913731668444945,0.00036327360421976255,0.012263904980890283,0.012264366128480836,0.00035696851091292936,-239.45414136549908,-234.12532332479827,4,False,ensemble,5.0,605.0,28,0.0,0.0,0.0
strict_leakage_01,vertical leakage,R100E,99.62429422585637,Lagging Darcy with leakage,5e-05,0.001,8.897512490657061e-05,0.001490809879740635,802.9780491411906,1164.7016328831328,56.75586014043757,0.5763338298060752,0.3993195157412236,0.5763338298060752,-0.1770143140648517,-5.1493242015730464e-05,0.000555914439942484,0.0005559144828066559,1.4037685382115917e-05,-410.4844446550164,-403.8234221041404,5,False,ensemble,5.0,605.0,28,0.0,0.0,0.0
strict_leakage_01,vertical leakage,R100N,99.62429422585637,Theis confined,5e-05,0.001,0.0003356433484576305,0.003540551772118493,,,,1.904026127860601,1.2642825828296378,1.904026127860601,-0.6397435450309634,-0.005183254611067655,0.07646188397525826,0.07657377728148557,0.002032611768094433,-140.85909971447512,-138.19469069412472,2,False,ensemble,5.0,605.0,28,0.0,0.0,0.0
strict_leakage_01,vertical leakage,R100N,99.62429422585637,Hantush-Jacob leaky,5e-05,0.001,0.00012786650934009386,0.001844693760648776,,,68.90611006014822,0.9389638185167584,0.6123132803275262,0.9389638185167584,-0.3266505381892323,0.0020020430449803296,0.010590190841807356,0.010590487776896473,0.00013717424806144102,-248.67763278218303,-244.6810192516574,3,False,ensemble,5.0,605.0,28,0.0,0.0,0.0
strict_leakage_01,vertical leakage,R100N,99.62429422585637,Lagging Darcy no-leakage,5e-05,0.001,0.001005221626300429,0.0010891864327550152,73651.72792858578,7594.062137280661,,3.000940314435276,0.0854310255840086,3.000940314435276,-2.9155092888512675,0.0003620964057391536,0.012263932727978304,0.012264393878706464,0.0003569720805409782,-239.45417948640588,-234.12536144570507,4,False,ensemble,5.0,605.0,28,0.0,0.0,0.0
strict_leakage_01,vertical leakage,R100N,99.62429422585637,Lagging Darcy with leakage,5e-05,0.001,8.898179910737895e-05,0.0014908738135632215,802.3202851886288,1163.927673798818,56.757890536088155,0.5764088389786427,0.39936240011741675,0.5764088389786427,-0.177046438861226,-5.179083259879263e-05,0.0005558796289989289,0.0005558796718692893,1.4025204083467394e-05,-410.48505782885525,-403.82403527797925,5,False,ensemble,5.0,605.0,28,0.0,0.0,0.0
strict_leakage_02,vertical leakage,R20E,18.027756377319946,Theis confined,5e-05,0.001,6.823189581146487e-05,0.0011224164256029192,,,,0.3108891306128346,0.11548388405658751,0.3108891306128346,-0.19540524655624708,0.021305458623360172,0.09258531096714355,0.09278407699701549,0.024083472227452274,-128.78039325373396,-126.11598423338356,2,False,ensemble,5.0,605.0,28,0.0,0.0,0.0
strict_leakage_02,vertical leakage,R20E,18.027756377319946,Hantush-Jacob leaky,5e-05,0.001,6.546952760649206e-05,0.0010981872333400559,,,265.84652304353267,0.2695618015794253,0.09366085071771484,0.2695618015794253,-0.1759009508617104,0.02257775551031185,0.08281057916964428,0.08295275249819639,0.011533285011947354,-132.44616489900784,-128.44955136848222,3,False,ensemble,5.0,605.0,28,0.0,0.0,0.0
strict_leakage_02,vertical leakage,R20E,18.027756377319946,Lagging Darcy no-leakage,5e-05,0.001,6.416040767547531e-05,0.0011658495001227898,0.11803224537276914,20.239487404930482,,0.24936331215411733,0.15345000594645636,0.24936331215411733,-0.09591330620766098,0.004996155972182428,0.06915687503124944,0.06923964616662938,0.029746196059911096,-142.46431053740628,-137.13549249670547,4,False,ensemble,5.0,605.0,28,0.0,0.0,0.0
strict_leakage_02,vertical leakage,R20E,18.027756377319946,Lagging Darcy with leakage,5e-05,0.001,5.151086040433387e-05,0.0010729780780618409,0.003931923133796438,32.83499392484985,61.861564267306704,0.029769661646688282,0.07043803292898966,0.029769661646688282,0.04066837128230149,0.0016252385217787701,0.007204359298053234,0.00720445278066105,0.0002598184217813711,-265.83009908428784,-259.16907653341184,5,False,ensemble,5.0,605.0,28,0.0,0.0,0.0
strict_leakage_02,vertical leakage,R50E,47.16990566028302,Theis confined,5e-05,0.001,9.330597043601291e-05,0.0013853422558006783,,,,0.623861092189263,0.32594722521271996,0.623861092189263,-0.2979138669765431,0.0018602638251761366,0.06214124458228677,0.062201283008007646,0.010838318042852528,-152.57962347849488,-149.91521445814448,2,False,ensemble,5.0,605.0,28,0.0,0.0,0.0
strict_leakage_02,vertical leakage,R50E,47.16990566028302,Hantush-Jacob leaky,5e-05,0.001,7.33475233095702e-05,0.0011893295738921164,,,92.90339137293716,0.38318573321341537,0.1733897650795086,0.38318573321341537,-0.20979596813390686,0.0056387144782498455,0.031315721414650596,0.03132340061511527,0.002376701547186142,-188.05590683419712,-184.0592933036715,3,False,ensemble,5.0,605.0,28,0.0,0.0,0.0
strict_leakage_02,vertical leakage,R50E,47.16990566028302,Lagging Darcy no-leakage,5e-05,0.001,0.00021906258903356353,0.00025188160509297504,68558.45758338913,6153.819796047712,,1.4773344782306426,-1.378796122930831,1.4773344782306426,-2.8561306011614733,0.0013328422799050812,0.011095618722408183,0.011095960234213366,0.001624886048863888,-244.6698826830087,-239.34106464230788,4,False,ensemble,5.0,605.0,28,0.0,0.0,0.0
strict_leakage_02,vertical leakage,R50E,47.16990566028302,Lagging Darcy with leakage,5e-05,0.001,5.748264345842566e-05,0.0010924034409668718,274.4238750515827,414.1290705772247,67.24322939557057,0.13946004391145797,0.08838026052720081,0.13946004391145797,-0.0510797833842572,0.00015057546153146646,0.0013848898349150026,0.001384890498966563,9.337142257099833e-05,-359.2766578613084,-352.6156353104324,5,False,ensemble,5.0,605.0,28,0.0,0.0,0.0
strict_leakage_02,vertical leakage,R100E,101.24228365658294,Theis confined,5e-05,0.001,0.00018025332734590582,0.0022876702327440522,,,,1.2823402301832114,0.8275339340845308,1.2823402301832114,-0.4548062960986809,-0.0017754346135500667,0.04708450721619953,0.047110615282254104,0.00217682875179528,-168.10246907045314,-165.43806005010273,2,False,ensemble,5.0,605.0,28,0.0,0.0,0.0
strict_leakage_02,vertical leakage,R100E,101.24228365658294,Hantush-Jacob leaky,5e-05,0.001,0.00010644941919770668,0.0015868470970521371,,,95.34981529578755,0.7556469297922462,0.4617490897394713,0.7556469297922462,-0.29389784005277503,0.002432301242524775,0.01353751921670741,0.013538139476811538,0.00031516847564137465,-235.02453125393913,-231.0279177234135,3,False,ensemble,5.0,605.0,28,0.0,0.0,0.0
strict_leakage_02,vertical leakage,R100E,101.24228365658294,Lagging Darcy no-leakage,5e-05,0.001,0.0005314933989440548,0.0007588282067124076,95775.67475937732,12098.550172254338,,2.3636677726042103,-0.27597986882301817,2.3636677726042103,-2.6396476414272283,0.0001228596014976716,0.0036822963748681737,0.0036823088572542568,0.00017118816018465587,-306.82223565562737,-301.49341761492656,4,False,ensemble,5.0,605.0,28,0.0,0.0,0.0
strict_leakage_02,vertical leakage,R100E,101.24228365658294,Lagging Darcy with leakage,5e-05,0.001,7.248635148295001e-05,0.0012779211557350082,1045.9972838898182,1492.9119643192141,71.75406667919611,0.3713752833026234,0.2452346605741379,0.3713752833026234,-0.12614062272848572,-2.520236200224792e-05,0.00019059708762438868,0.0001905970895397803,5.739535383560311e-06,-470.1746830337612,-463.5136604828852,5,False,ensemble,5.0,605.0,28,0.0,0.0,0.0
strict_leakage_02,vertical leakage,R100N,101.24228365658294,Theis confined,5e-05,0.001,0.00018025333964904745,0.0022876702784535323,,,,1.2823402984379362,0.8275339540653299,1.2823402984379362,-0.4548063443726062,-0.001775408746678213,0.047084512464025,0.04711062053881192,0.0021768287709333233,-168.1024640393825,-165.4380550190321,2,False,ensemble,5.0,605.0,28,0.0,0.0,0.0
strict_leakage_02,vertical leakage,R100N,101.24228365658294,Hantush-Jacob leaky,5e-05,0.001,0.00010644943026205551,0.00158684718004589,,,95.3498210473187,0.7556470337322052,0.46174914204050965,0.7556470337322052,-0.29389789169169556,0.002432327682578437,0.013537542013846065,0.013538162277084188,0.00031516874356858263,-235.02442028602223,-231.0278067554966,3,False,ensemble,5.0,605.0,28,0.0,0.0,0.0
strict_leakage_02,vertical leakage,R100N,101.24228365658294,Lagging Darcy no-leakage,5e-05,0.001,0.0005310123274060141,0.0007607831360292059,95489.53153012674,12102.684366173626,,2.3627622309982055,-0.2734069340991441,2.3627622309982055,-2.6361691650973493,0.00012367735067681508,0.003682296917489161,0.003682309399867141,0.00017120983777965933,-306.8217961796047,-301.4929781389039,4,False,ensemble,5.0,605.0,28,0.0,0.0,0.0
strict_leakage_02,vertical leakage,R100N,101.24228365658294,Lagging Darcy with leakage,5e-05,0.001,7.248683487199162e-05,0.001277925727890686,1045.9331386232311,1492.8349211035822,71.75435531573274,0.3713819519708615,0.24523823837506714,0.3713819519708615,-0.12614371359579443,-2.521192759427756e-05,0.00019057896051290836,0.00019057896252477338,5.738325626543004e-06,-470.17953574457164,-463.51851319369564,5,False,ensemble,5.0,605.0,28,0.0,0.0,0.0
strict_leakage_03,vertical leakage,R20E,21.213203435596427,Theis confined,5e-05,0.001,6.383863187903386e-05,0.001093721807356409,,,,0.2443355170175099,0.08958638222619356,0.2443355170175099,-0.1547491347913163,0.015175500516231654,0.06727595172415864,0.06735214719424164,0.01430069279993028,-146.71982200674947,-144.05541298639906,2,False,ensemble,5.0,605.0,28,0.0,0.0,0.0
strict_leakage_03,vertical leakage,R20E,21.213203435596427,Hantush-Jacob leaky,5e-05,0.001,6.249110801167901e-05,0.0010815432808392313,,,99999.99991298607,0.22300126937947945,0.07838898487904916,0.22300126937947945,-0.1446122845004303,0.015830191259438024,0.06334343413788843,0.06340702693429169,0.007371167992008362,-147.77539372286674,-143.77878019234112,3,True,ensemble,5.0,605.0,28,0.0,0.0,0.0
strict_leakage_03,vertical leakage,R20E,21.213203435596427,Lagging Darcy no-leakage,5e-05,0.001,6.029194187307573e-05,0.001126674486897196,0.05959401327987972,23.36574644311574,,0.18717545542950625,0.11927036183574313,0.18717545542950625,-0.06790509359376322,0.0021436970258280697,0.04191872129330181,0.041937142712539094,0.018637486912866506,-170.57573174949394,-165.24691370879313,4,False,ensemble,5.0,605.0,28,0.0,0.0,0.0
strict_leakage_03,vertical leakage,R20E,21.213203435596427,Lagging Darcy with leakage,5e-05,0.001,5.203612883670377e-05,0.0010659132386354308,12.813976834068017,49.437727822376296,85.01417863091015,0.03991525722292517,0.06383193278352223,0.03991525722292517,0.02391667556059697,0.000974258170379288,0.004979451020035873,0.004979481886478418,0.0006668568091795011,-286.86461470833785,-280.20359215746186,5,False,ensemble,5.0,605.0,28,0.0,0.0,0.0
strict_leakage_03,vertical leakage,R50E,53.150729063673246,Theis confined,5e-05,0.001,8.059780662162668e-05,0.0012649881383876356,,,,0.47744843058296993,0.23506274536685387,0.47744843058296993,-0.24238568521611611,0.0036648093262043333,0.03755348540386658,0.037566729379324364,0.00616657072255318,-180.53450161015328,-177.87009258980288,2,False,ensemble,5.0,605.0,28,0.0,0.0,0.0
strict_leakage_03,vertical leakage,R50E,53.150729063673246,Hantush-Jacob leaky,5e-05,0.001,7.241129827825847e-05,0.00118019769264303,,,150.7319623891967,0.3703393353555392,0.1656819605831229,0.3703393353555392,-0.20465737477241625,0.005267049079896905,0.03000668974126509,0.030013445525056876,0.0025879748136641467,-190.4924002713005,-186.4957867407749,3,False,ensemble,5.0,605.0,28,0.0,0.0,0.0
strict_leakage_03,vertical leakage,R50E,53.150729063673246,Lagging Darcy no-leakage,5e-05,0.001,7.875515994233072e-05,0.0012697221799468851,0.15157962727358615,36.81171840801977,,0.4543207932082687,0.23879812059259312,0.4543207932082687,-0.2155226726156757,0.0007197841995553947,0.03609180838576231,0.03610356504154883,0.006829998237580036,-179.02135136338188,-173.69253332268107,4,False,ensemble,5.0,605.0,28,0.0,0.0,0.0
strict_leakage_03,vertical leakage,R50E,53.150729063673246,Lagging Darcy with leakage,5e-05,0.001,5.639643594008411e-05,0.0010793067790058238,379.33903243771147,557.9119663335479,89.6685722043866,0.12038295852743339,0.0763189637576548,0.12038295852743339,-0.04406399476977859,0.00014608011885980049,0.0016138948471529039,0.0016138958980390144,0.00015183892938600558,-350.81127689637106,-344.15025434549506,5,False,ensemble,5.0,605.0,28,0.0,0.0,0.0
strict_leakage_03,vertical leakage,R100E,99.24716620639605,Theis confined,5e-05,0.001,0.0001164746013999257,0.0016663598707856446,,,,0.8456502300746169,0.5106415292930298,0.8456502300746169,-0.33500870078158734,0.0010703091559745373,0.025294611164588015,0.025298657686746967,0.0017503446835380456,-202.8875314374966,-200.2231224171462,2,False,ensemble,5.0,605.0,28,0.0,0.0,0.0
strict_leakage_03,vertical leakage,R100E,99.24716620639605,Hantush-Jacob leaky,5e-05,0.001,9.493188177394949e-05,0.0014433099503356217,,,152.87173167862437,0.6411365950221686,0.366939052523801,0.6411365950221686,-0.27419754249836775,0.002834028959430334,0.0162264083967651,0.016227476543799076,0.0005918991704081099,-224.9287077023739,-220.9320941718483,3,False,ensemble,5.0,605.0,28,0.0,0.0,0.0
strict_leakage_03,vertical leakage,R100E,99.24716620639605,Lagging Darcy no-leakage,5e-05,0.001,0.00011620711917456978,0.001666654612519156,0.9770929199810638,12.989324182540434,,0.8433511036755083,0.5108183912513298,0.8433511036755083,-0.3325327124241785,0.0009794265140504227,0.025822741771589122,0.025827047111048846,0.0017638863974878554,-197.74053641771923,-192.41171837701842,4,False,ensemble,5.0,605.0,28,0.0,0.0,0.0
strict_leakage_03,vertical leakage,R100E,99.24716620639605,Lagging Darcy with leakage,5e-05,0.001,6.434084167773796e-05,0.0011706098086543952,1136.0960898399626,1622.222009365648,93.29352210811479,0.2521715980151979,0.15752481700816415,0.2521715980151979,-0.09464678100703386,6.143255371877248e-06,0.000442962453126646,0.00044296247480923715,1.625837471575855e-05,-423.44614034731325,-416.78511779643725,5,False,ensemble,5.0,605.0,28,0.0,0.0,0.0
strict_leakage_03,vertical leakage,R100N,99.24716620639605,Theis confined,5e-05,0.001,0.00011647460997426592,0.001666359909098645,,,,0.8456503036901503,0.510641552285062,0.8456503036901503,-0.3350087514050884,0.001070337545973849,0.02529462659485578,0.025298673124418202,0.0017503450514087663,-202.88749458662647,-200.22308556627607,2,False,ensemble,5.0,605.0,28,0.0,0.0,0.0
strict_leakage_03,vertical leakage,R100N,99.24716620639605,Hantush-Jacob leaky,5e-05,0.001,9.493188790535482e-05,0.0014433099778627652,,,152.87173137225113,0.6411366596095868,0.3669390715960337,0.6411366596095868,-0.27419758801355304,0.0028340577577626856,0.016226428211887082,0.016227496362830843,0.0005918995848663037,-224.92862396459734,-220.9320104340717,3,False,ensemble,5.0,605.0,28,0.0,0.0,0.0
strict_leakage_03,vertical leakage,R100N,99.24716620639605,Lagging Darcy no-leakage,5e-05,0.001,0.0001162028443456748,0.001666651303100956,18.625869312312595,30.79709493799272,,0.8433143167079383,0.5108164055840768,0.8433143167079383,-0.3324979111238615,0.000978774464563894,0.02582445226154808,0.025828758456693957,0.001764148565681059,-197.73688815536389,-192.40807011466308,4,False,ensemble,5.0,605.0,28,0.0,0.0,0.0
strict_leakage_03,vertical leakage,R100N,99.24716620639605,Lagging Darcy with leakage,5e-05,0.001,6.434105510734744e-05,0.0011706117997673355,1136.0638554297298,1622.1829030516815,93.29379346455462,0.2521749151812454,0.1575265179261235,0.2521749151812454,-0.09464839725512196,6.141681100397195e-06,0.00044296471164765786,0.00044296473328365435,1.6261647755192535e-05,-423.4458577406624,-416.7848351897864,5,False,ensemble,5.0,605.0,28,0.0,0.0,0.0
strict_leakage_04,vertical leakage,R20E,22.360679774997898,Theis confined,5e-05,0.001,6.120058073101624e-05,0.001040512396107586,,,,0.20213367311400604,0.03971328038710743,0.20213367311400604,-0.16242039272689882,0.01688668897178498,0.06998823965909887,0.07007403397435545,0.008590440173585276,-144.30491996198816,-141.64051094163776,2,False,ensemble,5.0,605.0,28,0.0,0.0,0.0
strict_leakage_04,vertical leakage,R20E,22.360679774997898,Hantush-Jacob leaky,5e-05,0.001,6.000879668303109e-05,0.0010302067349926807,,,99999.99999999772,0.18246815743140746,0.02975949568639455,0.18246815743140746,-0.15270866174501285,0.017562203670364773,0.07163411616099868,0.07172611113933301,0.00882831089990604,-140.9515217398847,-136.95490820935908,3,True,ensemble,5.0,605.0,28,0.0,0.0,0.0
strict_leakage_04,vertical leakage,R20E,22.360679774997898,Lagging Darcy no-leakage,5e-05,0.001,5.672862062588649e-05,0.0010796263601278281,2.8191358651685716,35.92853113348258,,0.1262558508938775,0.0766150184325735,0.1262558508938775,-0.04964083246130418,0.0007030693848379692,0.021637447256396575,0.021639980053708152,0.010350898127018913,-207.65412189655868,-202.32530385585787,4,False,ensemble,5.0,605.0,28,0.0,0.0,0.0
strict_leakage_04,vertical leakage,R20E,22.360679774997898,Lagging Darcy with leakage,5e-05,0.001,5.226139460784023e-05,0.0010519696645763471,27.104603819373274,72.45908856291706,123.55749500759151,0.04423494026004062,0.050664277945711225,0.04423494026004062,0.006429337685670686,0.0012335017679568005,0.005879362321962155,0.005879413130167769,0.0009980105516570563,-277.40167795408274,-270.74065540320674,5,False,ensemble,5.0,605.0,28,0.0,0.0,0.0
strict_leakage_04,vertical leakage,R50E,49.24428900898052,Theis confined,5e-05,0.001,6.902421197044742e-05,0.0011303308733412413,,,,0.3224343357411916,0.12251039813086011,0.3224343357411916,-0.19992393761033142,0.006611599630489524,0.035783313661545635,0.035794771363834146,0.0032478453587642467,-182.539461372684,-179.8750523523336,2,False,ensemble,5.0,605.0,28,0.0,0.0,0.0
strict_leakage_04,vertical leakage,R50E,49.24428900898052,Hantush-Jacob leaky,5e-05,0.001,6.895084789896437e-05,0.0011296465976221898,,,99999.99999283544,0.3213708960374299,0.12190483834209791,0.3213708960374299,-0.19946605769533196,0.00663597164311528,0.035656898589983825,0.035668235266331165,0.0030898002943540387,-180.72372925154997,-176.72711572102435,3,True,ensemble,5.0,605.0,28,0.0,0.0,0.0
strict_leakage_04,vertical leakage,R50E,49.24428900898052,Lagging Darcy no-leakage,5e-05,0.001,6.523365019467424e-05,0.0011405794570996386,37.25489818921086,115.57450430614388,,0.2659524376471855,0.13153642896933992,0.2659524376471855,-0.13441600867784562,-0.000284030117020359,0.01835497791130871,0.01835652399176414,0.004523089872634402,-216.89119194714416,-211.56237390644336,4,False,ensemble,5.0,605.0,28,0.0,0.0,0.0
strict_leakage_04,vertical leakage,R50E,49.24428900898052,Lagging Darcy with leakage,5e-05,0.001,5.498562130531969e-05,0.0010605496920372526,331.8912092738182,504.0776198170274,127.021960472655,0.09504871481296362,0.05878735110282133,0.09504871481296362,-0.03626136371014218,0.00023835312765245722,0.0023182588039332053,0.0023182619187022027,0.0003019106151150609,-330.4615904132127,-323.8005678623367,5,False,ensemble,5.0,605.0,28,0.0,0.0,0.0
strict_leakage_04,vertical leakage,R100E,98.48857801796105,Theis confined,5e-05,0.001,8.856575905041939e-05,0.0013599617866019128,,,,0.5717223107858328,0.3074566012663731,0.5717223107858328,-0.26426570951945966,0.0033515085385425096,0.01837269881893213,0.0183742493819374,0.0007576843709908119,-219.8941582151055,-217.2297491947551,2,False,ensemble,5.0,605.0,28,0.0,0.0,0.0
strict_leakage_04,vertical leakage,R100E,98.48857801796105,Hantush-Jacob leaky,5e-05,0.001,8.856506064510376e-05,0.0013599550938332163,,,99999.9991787883,0.5717144250286638,0.3074516799625314,0.5717144250286638,-0.2642627450661323,0.0033516150424983673,0.018371753382209834,0.01837330370584808,0.0007573437997823322,-217.89688447875557,-213.90027094822995,3,True,ensemble,5.0,605.0,28,0.0,0.0,0.0
strict_leakage_04,vertical leakage,R100E,98.48857801796105,Lagging Darcy no-leakage,5e-05,0.001,8.417493666585563e-05,0.001351600357570203,1.455654896441942,169.99082653742607,,0.5208742072083214,0.3012893404112352,0.5208742072083214,-0.21958486679708636,-4.473099720064549e-05,0.012077657883003174,0.012078098337830002,0.001112444421124906,-240.33618313671073,-235.00736509600992,4,False,ensemble,5.0,605.0,28,0.0,0.0,0.0
strict_leakage_04,vertical leakage,R100E,98.48857801796105,Lagging Darcy with leakage,5e-05,0.001,6.090205629582836e-05,0.0011232676839048488,1166.0210242850185,1683.87351234488,131.00834051758596,0.19724393383801067,0.11624201236065114,0.19724393383801067,-0.08100192147735961,3.6788345718791364e-05,0.0007094311147481749,0.0007094312039408651,3.9469574314655875e-05,-396.998961183183,-390.337938632307,5,False,ensemble,5.0,605.0,28,0.0,0.0,0.0
strict_leakage_04,vertical leakage,R100N,98.48857801796105,Theis confined,5e-05,0.001,8.856575771223024e-05,0.0013599617900901563,,,,0.5717222956762784,0.30745660383133006,0.5717222956762784,-0.26426569184494825,0.003351523237887996,0.0183726890883606,0.018374239648902273,0.0007576847737865562,-219.89417869157606,-217.22976967122565,2,False,ensemble,5.0,605.0,28,0.0,0.0,0.0
strict_leakage_04,vertical leakage,R100N,98.48857801796105,Hantush-Jacob leaky,5e-05,0.001,8.856505928981265e-05,0.001359955097169107,,,99999.99920245523,0.5717144097258896,0.30745168241547305,0.5717144097258896,-0.26426272731041656,0.0033516297247104462,0.018371743652882973,0.018373293974058298,0.000757344202967569,-217.89690496136768,-213.90029143084206,3,True,ensemble,5.0,605.0,28,0.0,0.0,0.0
strict_leakage_04,vertical leakage,R100N,98.48857801796105,Lagging Darcy no-leakage,5e-05,0.001,8.417347738979857e-05,0.0013515929409481206,0.049031908613032076,168.59061732443993,,0.5208568708281093,0.30128385310695227,0.5208568708281093,-0.21957301772115695,-4.798476657867571e-05,0.012076914797979234,0.012077355171514571,0.0011126347234064052,-240.33956856828422,-235.0107505275834,4,False,ensemble,5.0,605.0,28,0.0,0.0,0.0
strict_leakage_04,vertical leakage,R100N,98.48857801796105,Lagging Darcy with leakage,5e-05,0.001,6.090213996495983e-05,0.0011232685593937143,1166.021844107009,1683.8728174587332,131.00862131677033,0.1972453076680434,0.11624279177284003,0.1972453076680434,-0.08100251589520344,3.681765223739478e-05,0.0007094365244505089,0.0007094366137893737,3.9471970354615204e-05,-396.99841124354504,-390.33738869266904,5,False,ensemble,5.0,605.0,28,0.0,0.0,0.0
strict_leakage_05,vertical leakage,R20E,20.0,Theis confined,5e-05,0.001,6.220429324328476e-05,0.0009580091071545952,,,,0.21840101513893098,-0.0428979946320414,0.21840101513893098,-0.2612990097709724,0.0332981637472552,0.12251243304965662,0.12297358011451975,0.01874662764120606,-112.52585681327666,-109.86144779292626,2,False,ensemble,5.0,605.0,28,0.0,0.0,0.0
strict_leakage_05,vertical leakage,R20E,20.0,Hantush-Jacob leaky,5e-05,0.001,6.033544093818938e-05,0.0009447970998974993,,,99999.99999999984,0.18789666923661025,-0.05678508364486906,0.18789666923661025,-0.24468175288147942,0.034674341134630665,0.12974875155087098,0.13029674317535717,0.025871768737450056,-107.37841949883124,-103.38180596830563,3,True,ensemble,5.0,605.0,28,0.0,0.0,0.0
strict_leakage_05,vertical leakage,R20E,20.0,Lagging Darcy no-leakage,5e-05,0.001,5.427286867394899e-05,0.0010326712950307325,2.883168850389845,53.27889593514997,,0.08200144054533604,0.03214893527010533,0.08200144054533604,-0.049852505275230725,0.0006279314724093653,0.012427830840423084,0.01242831072852268,0.005399194726843676,-238.66200966050127,-233.33319161980046,4,False,ensemble,5.0,605.0,28,0.0,0.0,0.0
strict_leakage_05,vertical leakage,R20E,20.0,Lagging Darcy with leakage,5e-05,0.001,5.283503460165309e-05,0.0010252906627054624,7.108387578888117,61.20214408716817,213.83251611687533,0.05515149936485288,0.024976145762225288,0.05515149936485288,-0.03017535360262763,0.0007713065426694741,0.009883313235748377,0.00988355459087154,0.0019157665989988444,-249.3888203933235,-242.72779784244747,5,False,ensemble,5.0,605.0,28,0.0,0.0,0.0
strict_leakage_05,vertical leakage,R50E,50.24937810560445,Theis confined,5e-05,0.001,6.49974679871384e-05,0.0010744104558734046,,,,0.2623253096647378,0.07177209800511827,0.2623253096647378,-0.1905532116596196,0.008556112242403453,0.044050596570826966,0.04407197476296291,0.0035721370308832677,-170.79902519758542,-168.13461617723502,2,False,ensemble,5.0,605.0,28,0.0,0.0,0.0
strict_leakage_05,vertical leakage,R50E,50.24937810560445,Hantush-Jacob leaky,5e-05,0.001,6.493232546679297e-05,0.001073823816705883,,,99999.99997847555,0.2613225754330884,0.07122593859448789,0.2613225754330884,-0.19009663683860054,0.008583405434248082,0.04415867216269049,0.04418020813444562,0.003617196183310098,-168.66025117689622,-164.6636376463706,3,True,ensemble,5.0,605.0,28,0.0,0.0,0.0
strict_leakage_05,vertical leakage,R50E,50.24937810560445,Lagging Darcy no-leakage,5e-05,0.001,5.9480301275862974e-05,0.0010888602906436776,186.5641662624376,323.2505539792767,,0.1736221813134378,0.0851315443008281,0.1736221813134378,-0.08849063701260976,-2.9556884842972357e-05,0.008373726135239703,0.00837387292731044,0.0022684366082495757,-260.84668597079786,-255.51786793009705,4,False,ensemble,5.0,605.0,28,0.0,0.0,0.0
strict_leakage_05,vertical leakage,R50E,50.24937810560445,Lagging Darcy with leakage,5e-05,0.001,5.485559170368874e-05,0.0010540095200165039,331.11077793569586,522.6322849705796,192.59567411442342,0.09268112146964642,0.052601482352102644,0.09268112146964642,-0.04007963911754387,0.00030071124187513787,0.0026656406669455734,0.0026656454022036904,0.00037723065208152164,-322.5805899031218,-315.9195673522458,5,False,ensemble,5.0,605.0,28,0.0,0.0,0.0
strict_leakage_05,vertical leakage,R100E,100.4987562112089,Theis confined,5e-05,0.001,7.716849950857489e-05,0.001225256078469256,,,,0.43396833087895714,0.20314986579848354,0.43396833087895714,-0.2308184650804737,0.004700377918794582,0.02410540515930683,0.024108907318556732,0.0008702051584927405,-204.553328477901,-201.8889194575506,2,False,ensemble,5.0,605.0,28,0.0,0.0,0.0
strict_leakage_05,vertical leakage,R100E,100.4987562112089,Hantush-Jacob leaky,5e-05,0.001,7.71680096332667e-05,0.001225251422930807,,,99999.99999999735,0.43396198273345454,0.2031460661460064,0.43396198273345454,-0.2308159165874481,0.004700496650792368,0.024105915365388864,0.02410941774703801,0.0008703039103676168,-202.55213451731328,-198.55552098678766,3,True,ensemble,5.0,605.0,28,0.0,0.0,0.0
strict_leakage_05,vertical leakage,R100E,100.4987562112089,Lagging Darcy no-leakage,5e-05,0.001,7.017380628392653e-05,0.0012084411988177695,508.5722614970886,841.7451625105354,,0.33895210611475585,0.1893312636414983,0.33895210611475585,-0.14962084247325766,-0.00017509314016403904,0.0049613726317537235,0.0049614031632328505,0.0005110947412388488,-290.12223133577857,-284.79341329507776,4,False,ensemble,5.0,605.0,28,0.0,0.0,0.0
strict_leakage_05,vertical leakage,R100E,100.4987562112089,Lagging Darcy with leakage,5e-05,0.001,5.990067766617511e-05,0.0011075420580487938,1206.8603115941914,1762.815203445908,196.6784543674532,0.1806648129210008,0.10214319788092145,0.1806648129210008,-0.07852161504007926,5.2850546584054185e-05,0.0008060076284380026,0.0008060077593297642,5.089960027120138e-05,-389.80509767404385,-383.14407512316785,5,False,ensemble,5.0,605.0,28,0.0,0.0,0.0
strict_leakage_05,vertical leakage,R100N,100.4987562112089,Theis confined,5e-05,0.001,7.716850002526118e-05,0.0012252560828962952,,,,0.4339683375745168,0.20314986941163776,0.4339683375745168,-0.23081846816287893,0.0047003817393345484,0.02410540512038216,0.02410890727961658,0.0008702051108357837,-204.55332683820248,-201.88891781785208,2,False,ensemble,5.0,605.0,28,0.0,0.0,0.0
strict_leakage_05,vertical leakage,R100N,100.4987562112089,Hantush-Jacob leaky,5e-05,0.001,7.716801016766127e-05,0.0012252514275094978,,,99999.99999999735,0.4339619896585338,0.20314606988294615,0.4339619896585338,-0.23081591977558752,0.004700500483521269,0.024105915323857474,0.02410941770548768,0.0008703038678020007,-202.5521328779601,-198.55551934743448,3,True,ensemble,5.0,605.0,28,0.0,0.0,0.0
strict_leakage_05,vertical leakage,R100N,100.4987562112089,Lagging Darcy no-leakage,5e-05,0.001,7.017294300303143e-05,0.0012084404457567987,509.3121446216006,842.5671778920744,,0.33893980400017903,0.18933064047406073,0.33893980400017903,-0.14960916352611842,-0.0001743317478502668,0.004961404446778909,0.004961434978829998,0.000511187939942683,-290.12218613243215,-284.79336809173134,4,False,ensemble,5.0,605.0,28,0.0,0.0,0.0
strict_leakage_05,vertical leakage,R100N,100.4987562112089,Lagging Darcy with leakage,5e-05,0.001,5.990017137320628e-05,0.0011075366275573252,1206.8599368766083,1762.8235821620715,196.67280332427066,0.18065636067758367,0.1021382946768016,0.18065636067758367,-0.07851806600078212,5.281581484144587e-05,0.0008060098526774945,0.0008060099836081855,5.08814927756903e-05,-389.80510713069975,-383.14408457982375,5,False,ensemble,5.0,605.0,28,0.0,0.0,0.0
strict_leakage_06,vertical leakage,R20E,20.615528128088304,Theis confined,5e-05,0.001,9.671945463588241e-05,0.0012972498818744295,,,,0.6597915622756705,0.2602465482072606,0.6597915622756705,-0.39954501406840986,0.013254990033747674,0.13321101108593048,0.13380416477582432,0.03349778740644175,-109.618232669272,-106.9538236489216,2,False,ensemble,5.0,605.0,28,0.0,0.0,0.0
strict_leakage_06,vertical leakage,R20E,20.615528128088304,Hantush-Jacob leaky,5e-05,0.001,7.363028910165311e-05,0.0011152906326649134,,,56.44940345530331,0.3870334723559228,0.1091150280454997,0.3870334723559228,-0.27791844431042334,0.020227686454272458,0.07867045950054802,0.07879234027359357,0.007669040816880747,-135.54089326981745,-131.54427973929182,3,False,ensemble,5.0,605.0,28,0.0,0.0,0.0
strict_leakage_06,vertical leakage,R20E,20.615528128088304,Lagging Darcy no-leakage,5e-05,0.001,9.455298136776983e-05,0.001317083764117825,0.7321292792771402,9.777306213466074,,0.6371373213607868,0.27542002295411744,0.6371373213607868,-0.3617172984066693,0.007058033876229693,0.13162596721234,0.13219814836351204,0.0351157754160612,-106.49122162739405,-101.16240358669324,4,False,ensemble,5.0,605.0,28,0.0,0.0,0.0
strict_leakage_06,vertical leakage,R20E,20.615528128088304,Lagging Darcy with leakage,5e-05,0.001,5.613603545300371e-05,0.001069839184194325,4.932431146006737,46.34206546442616,39.51024630398091,0.1157549440772162,0.06750834203287709,0.1157549440772162,-0.048246602044339136,0.0007779375134474912,0.006279590227592611,0.006279652134278073,0.0004467952926753591,-274.5213991469989,-267.8603765961229,5,False,ensemble,5.0,605.0,28,0.0,0.0,0.0
strict_leakage_06,vertical leakage,R50E,50.99019513592785,Theis confined,5e-05,0.001,0.00020013058102160198,0.0022620667068719,,,,1.3869470531780894,0.8162788674765632,1.3869470531780894,-0.5706681857015263,-0.00558218425033847,0.1333765530767595,0.13397192634380642,0.010120532240874681,-109.78389701488209,-107.11948799453168,2,False,ensemble,5.0,605.0,28,0.0,0.0,0.0
strict_leakage_06,vertical leakage,R50E,50.99019513592785,Hantush-Jacob leaky,5e-05,0.001,9.431365727602013e-05,0.0014180234445228719,,,52.17494432043829,0.634603001678264,0.34926396148727273,0.634603001678264,-0.28533904019099127,0.004467753077687202,0.023304857597717443,0.023308022268303263,0.0007152241650873232,-204.4801822898183,-200.48356875929267,3,False,ensemble,5.0,605.0,28,0.0,0.0,0.0
strict_leakage_06,vertical leakage,R50E,50.99019513592785,Lagging Darcy no-leakage,5e-05,0.001,0.0005043221112764503,0.0004444425761810611,38401.689110105886,3005.111041292242,,2.311192168175106,-0.8109344198177765,2.311192168175106,-3.1221265879928826,0.0016166974225004997,0.035899984232482286,0.03591155439336607,0.0028188916788043105,-179.27250029419662,-173.9436822534958,4,False,ensemble,5.0,605.0,28,0.0,0.0,0.0
strict_leakage_06,vertical leakage,R50E,50.99019513592785,Lagging Darcy with leakage,5e-05,0.001,6.97645988829883e-05,0.0012325372681204162,221.41235155387085,354.23362323537697,42.13017954256374,0.3331036963544269,0.20907486430344968,0.3331036963544269,-0.12402883205097702,3.598905427495964e-05,0.0011632003587901934,0.0011632007522938722,8.418416697205289e-05,-369.3589997018275,-362.6979771509515,5,False,ensemble,5.0,605.0,28,0.0,0.0,0.0
strict_leakage_06,vertical leakage,R100E,101.9803902718557,Theis confined,5e-05,0.001,0.0008039126841326845,0.006496217553572083,,,,2.777467656028196,1.8712200926883773,2.777467656028196,-0.9062475633398186,-0.00814978642062654,0.0960930717332659,0.09631532699651307,0.001187741141929942,-127.98673797219914,-125.32232895184873,2,False,ensemble,5.0,605.0,28,0.0,0.0,0.0
strict_leakage_06,vertical leakage,R100E,101.9803902718557,Hantush-Jacob leaky,5e-05,0.001,0.00017526142806521645,0.0024087949382494765,,,54.81630840827055,1.254255728433031,0.8791265968254395,1.254255728433031,-0.3751291316075915,0.0013111363450116589,0.006498735562120949,0.006498804178908326,3.723578108574475e-05,-275.88490147250536,-271.88828794197974,3,False,ensemble,5.0,605.0,28,0.0,0.0,0.0
strict_leakage_06,vertical leakage,R100E,101.9803902718557,Lagging Darcy no-leakage,5e-05,0.001,0.001999999999962056,0.002638480839898066,38502.268341349154,5028.059564141056,,3.6888794540949643,0.9702033120968611,3.6888794540949643,-2.7186761419981034,0.00030827097916875685,0.02435521228721443,0.024358824467661622,0.00034160919166078304,-201.05416862892446,-195.72535058822365,4,True,ensemble,5.0,605.0,28,0.0,0.0,0.0
strict_leakage_06,vertical leakage,R100E,101.9803902718557,Lagging Darcy with leakage,5e-05,0.001,0.00012564089310313355,0.0019578277419576243,546.5542687972929,830.3188225537241,47.60053031741886,0.9214047776469421,0.6718355637098751,0.9214047776469421,-0.24956921393706713,-7.381368681600311e-05,0.0009478836523414604,0.0009478838652542886,1.1203565605863594e-05,-380.6743753547035,-374.0133528038275,5,False,ensemble,5.0,605.0,28,0.0,0.0,0.0
strict_leakage_06,vertical leakage,R100N,101.9803902718557,Theis confined,5e-05,0.001,0.0008039127038882105,0.006496217493818168,,,,2.777467680602414,1.8712200834901147,2.777467680602414,-0.9062475971122993,-0.008149790678951661,0.09609306868671895,0.09631532392880023,0.0011877411381162792,-127.98673951783618,-125.32233049748578,2,False,ensemble,5.0,605.0,28,0.0,0.0,0.0
strict_leakage_06,vertical leakage,R100N,101.9803902718557,Hantush-Jacob leaky,5e-05,0.001,0.00017526144848070658,0.002408795092276961,,,54.81631127971449,1.2542558449189523,0.8791266607692301,1.2542558449189523,-0.37512918414972213,0.0013111321330849576,0.006498740923429369,0.00649880954039085,3.723582534997833e-05,-275.88486443105535,-271.8882509005297,3,False,ensemble,5.0,605.0,28,0.0,0.0,0.0
strict_leakage_06,vertical leakage,R100N,101.9803902718557,Lagging Darcy no-leakage,5e-05,0.001,0.0019999999710496015,0.002638442839216113,38501.56244661639,5027.6698254485655,,3.688879439638737,0.9701889095076767,3.688879439638737,-2.71869053013106,0.0003073280680787887,0.02435522845470591,0.024358840642349024,0.0003416075860658354,-201.05415987072715,-195.72534183002634,4,True,ensemble,5.0,605.0,28,0.0,0.0,0.0
strict_leakage_06,vertical leakage,R100N,101.9803902718557,Lagging Darcy with leakage,5e-05,0.001,0.0001255401377466317,0.001956853914467112,553.169556316385,837.8638519778646,47.585461229708194,0.9206025246936446,0.6713380379358435,0.9206025246936446,-0.24926448675780116,-7.174235352774723e-05,0.0009478635645659537,0.0009478637774983978,1.1250483778693575e-05,-380.685239574114,-374.024217023238,5,False,ensemble,5.0,605.0,28,0.0,0.0,0.0
strict_leakage_07,vertical leakage,R20E,18.027756377319946,Theis confined,5e-05,0.001,6.823189578309025e-05,0.001122416426884074,,,,0.31088913019697884,0.11548388519801321,0.31088913019697884,-0.19540524499896578,0.02130546909412024,0.09258532342781946,0.09278408953804088,0.02408347229928291,-128.78038467658268,-126.11597565623228,2,False,ensemble,5.0,605.0,28,0.0,0.0,0.0
strict_leakage_07,vertical leakage,R20E,18.027756377319946,Hantush-Jacob leaky,5e-05,0.001,6.546952647226168e-05,0.0010981872235466305,,,265.8462772162915,0.26956178425487093,0.09366084179990451,0.26956178425487093,-0.17590094245496649,0.022577766315430757,0.08281059279882749,0.08295276619764519,0.01153328338683592,-132.4461544239241,-128.44954089339848,3,False,ensemble,5.0,605.0,28,0.0,0.0,0.0
strict_leakage_07,vertical leakage,R20E,18.027756377319946,Lagging Darcy no-leakage,5e-05,0.001,6.416155760671387e-05,0.0011658344358503538,0.12385259170583811,20.238627988010318,,0.249381234748056,0.15343708457902425,0.249381234748056,-0.09594415016903186,0.005002005726140137,0.06915714768870036,0.0692399198037342,0.02974434517061995,-142.4637377669952,-137.13491972629438,4,False,ensemble,5.0,605.0,28,0.0,0.0,0.0
strict_leakage_07,vertical leakage,R20E,18.027756377319946,Lagging Darcy with leakage,5e-05,0.001,5.1510874651728783e-05,0.0010729780407835313,0.0040425879355627985,32.8350694093745,61.861625061988065,0.029769938236767074,0.07043799818614546,0.029769938236767074,0.040668059949378305,0.001625191899904623,0.007204411847652933,0.007204505332294925,0.00025982839926646676,-265.82979161935435,-259.16876906847835,5,False,ensemble,5.0,605.0,28,0.0,0.0,0.0
strict_leakage_07,vertical leakage,R50E,51.478150704935004,Theis confined,5e-05,0.001,9.820481663087913e-05,0.0014347086397889918,,,,0.6750322579236901,0.3609617901219126,0.6750322579236901,-0.31407046780177755,0.0013953057704149485,0.061036542518597824,0.061093433956711435,0.009539567473562839,-153.59494580099127,-150.93053678064086,2,False,ensemble,5.0,605.0,28,0.0,0.0,0.0
strict_leakage_07,vertical leakage,R50E,51.478150704935004,Hantush-Jacob leaky,5e-05,0.001,7.561006096044131e-05,0.0012135415545002704,,,93.38386858561293,0.4135663503901047,0.19354298910895298,0.4135663503901047,-0.2200233612811517,0.005272824939803529,0.029379863502228886,0.029386204643538957,0.0020169431616821106,-191.63526199039288,-187.63864845986726,3,False,ensemble,5.0,605.0,28,0.0,0.0,0.0
strict_leakage_07,vertical leakage,R50E,51.478150704935004,Lagging Darcy no-leakage,5e-05,0.001,0.0002349678142611189,0.0002806235235656704,71047.6965037191,6713.441073393617,,1.547425538745071,-1.2707412817353771,1.547425538745071,-2.818166820480448,0.0011758947074889167,0.010173362049264731,0.010173625283808307,0.001364161904183026,-249.5600429530764,-244.23122491237558,4,False,ensemble,5.0,605.0,28,0.0,0.0,0.0
strict_leakage_07,vertical leakage,R50E,51.478150704935004,Lagging Darcy with leakage,5e-05,0.001,5.8432696094181034e-05,0.0011014907450616878,323.51252031148334,485.4083106170147,67.69834115207229,0.15585259236669466,0.09666448510211911,0.15585259236669466,-0.0591881072645755,0.00012583615813321043,0.0012138645413153914,0.001213864988419802,7.274311267667062e-05,-366.68895677928924,-360.02793422841324,5,False,ensemble,5.0,605.0,28,0.0,0.0,0.0
strict_leakage_07,vertical leakage,R100E,98.6154146165801,Theis confined,5e-05,0.001,0.00017439544500277206,0.002227337014353133,,,,1.2493023876022782,0.8008067079228863,1.2493023876022782,-0.448495679679392,-0.0016870706754910428,0.047897360710131905,0.047924844862698164,0.002357624607031747,-167.14920594037744,-164.48479692002704,2,False,ensemble,5.0,605.0,28,0.0,0.0,0.0
strict_leakage_07,vertical leakage,R100E,98.6154146165801,Hantush-Jacob leaky,5e-05,0.001,0.00010450732002192124,0.0015625358525103582,,,95.27120672924212,0.7372341115801317,0.4463100479718023,0.7372341115801317,-0.2909240636083293,0.002536992065426924,0.014128013730535348,0.014128718750465135,0.0003476488280642196,-232.63463762239584,-228.63802409187022,3,False,ensemble,5.0,605.0,28,0.0,0.0,0.0
strict_leakage_07,vertical leakage,R100E,98.6154146165801,Lagging Darcy no-leakage,5e-05,0.001,0.0005090678792470352,0.0007238927260520539,94638.08497382519,11848.8435996537,,2.3205583602801676,-0.32311206601083753,2.3205583602801676,-2.643670426291005,0.00015516536456249534,0.0038872855531988976,0.0038873002384267113,0.00019160799472171965,-303.77454090336886,-298.44572286266805,4,False,ensemble,5.0,605.0,28,0.0,0.0,0.0
strict_leakage_07,vertical leakage,R100E,98.6154146165801,Lagging Darcy with leakage,5e-05,0.001,7.157690782790016e-05,0.001265527094747953,999.9242467935477,1430.794533246755,71.56677805491148,0.3587495001487547,0.23548871108435623,0.3587495001487547,-0.12326078906439852,-2.0385394960912458e-05,0.00020159835696292863,0.0002015983588505301,6.124461799447699e-06,-467.2400103982094,-460.5789878473334,5,False,ensemble,5.0,605.0,28,0.0,0.0,0.0
strict_leakage_07,vertical leakage,R100N,98.6154146165801,Theis confined,5e-05,0.001,0.0001743954341341924,0.002227336974754827,,,,1.249302325280811,0.8008066901445681,1.249302325280811,-0.44849563513624296,-0.0016870942643035687,0.04789735834892561,0.04792484249742545,0.0023576246687502366,-167.1492076913694,-164.484798671019,2,False,ensemble,5.0,605.0,28,0.0,0.0,0.0
strict_leakage_07,vertical leakage,R100N,98.6154146165801,Hantush-Jacob leaky,5e-05,0.001,0.00010450730706456284,0.0015625357465421635,,,95.27119814352123,0.7372339875949486,0.44630998015371154,0.7372339875949486,-0.29092400744123703,0.0025369682899599594,0.01412799351066354,0.014128698527566342,0.0003476485221537224,-232.6347321574214,-228.6381186268958,3,False,ensemble,5.0,605.0,28,0.0,0.0,0.0
strict_leakage_07,vertical leakage,R100N,98.6154146165801,Lagging Darcy no-leakage,5e-05,0.001,0.0005093161419323763,0.0007228565473043824,94795.6882292268,11846.781145547366,,2.3210459223100033,-0.3245444896434965,2.3210459223100033,-2.6455904119534996,0.00015442448993737047,0.003887299227939616,0.0038873139133118136,0.00019161428894052943,-303.77478425301496,-298.44596621231415,4,False,ensemble,5.0,605.0,28,0.0,0.0,0.0
strict_leakage_07,vertical leakage,R100N,98.6154146165801,Lagging Darcy with leakage,5e-05,0.001,7.15767684297544e-05,0.0012655257630122024,999.9444105234371,1430.8182536283853,71.56669132540466,0.3587475526172711,0.23548765876674344,0.3587475526172711,-0.12325989385052767,-2.0392555165265058e-05,0.0002016152198736503,0.00020161522199754444,6.124779434326845e-06,-467.23516917315715,-460.57414662228115,5,False,ensemble,5.0,605.0,28,0.0,0.0,0.0
strict_leakage_08,vertical leakage,R20E,21.213203435596427,Theis confined,5e-05,0.001,6.009560607942288e-05,0.001055582219648364,,,,0.1839137232809848,0.054092481670731864,0.1839137232809848,-0.12982124161025305,0.016668237348752304,0.06709322056721817,0.06716879646184858,0.008609945342247448,-146.57480944593266,-143.91040042558225,2,False,ensemble,5.0,605.0,28,0.0,0.0,0.0
strict_leakage_08,vertical leakage,R20E,21.213203435596427,Hantush-Jacob leaky,5e-05,0.001,5.882574064932806e-05,0.001044169788133769,,,99999.99999999967,0.16255651982982658,0.04322210854928527,0.16255651982982658,-0.11933441128054117,0.017392621492267592,0.06852794789492708,0.06860847983702585,0.00830698409512586,-143.31642806542828,-139.31981453490266,3,True,ensemble,5.0,605.0,28,0.0,0.0,0.0
strict_leakage_08,vertical leakage,R20E,21.213203435596427,Lagging Darcy no-leakage,5e-05,0.001,5.603036269522844e-05,0.001093358653134074,1.4445495080686783,29.99171173628504,,0.11387072936080046,0.08925429181412808,0.11387072936080046,-0.02461643754667248,0.001232658618978175,0.022790845131401772,0.022793804971819934,0.011250434301732053,-204.69167744057927,-199.36285939987846,4,False,ensemble,5.0,605.0,28,0.0,0.0,0.0
strict_leakage_08,vertical leakage,R20E,21.213203435596427,Lagging Darcy with leakage,5e-05,0.001,5.176297452859404e-05,0.0010633149354873108,14.033212759571393,51.18097638982683,119.65922009536737,0.034652110821833775,0.06139132592941037,0.034652110821833775,0.026739215107576552,0.0010283570275631865,0.005222342246571989,0.005222377853817537,0.000847588782091978,-284.18373669370015,-277.52271414282416,5,False,ensemble,5.0,605.0,28,0.0,0.0,0.0
strict_leakage_08,vertical leakage,R50E,49.49747468305833,Theis confined,5e-05,0.001,6.859102935534476e-05,0.0011360553724350901,,,,0.31613875333809016,0.12756206245178994,0.31613875333809016,-0.18857669088630022,0.005962275085200399,0.03320673913124316,0.03321589539878232,0.0032835531363044302,-186.77763486096686,-184.11322584061645,2,False,ensemble,5.0,605.0,28,0.0,0.0,0.0
strict_leakage_08,vertical leakage,R50E,49.49747468305833,Hantush-Jacob leaky,5e-05,0.001,6.852287912055774e-05,0.0011354072016443605,,,99999.99999098394,0.3151446858338296,0.12699135456012653,0.3151446858338296,-0.1881533312737031,0.0059843624176831745,0.03305374392204591,0.03306277419421068,0.003123126835417304,-185.02105605249216,-181.02444252196653,3,True,ensemble,5.0,605.0,28,0.0,0.0,0.0
strict_leakage_08,vertical leakage,R50E,49.49747468305833,Lagging Darcy no-leakage,5e-05,0.001,6.520759908671416e-05,0.001144957756879521,21.235258925272042,91.43664829412668,,0.2655530071227162,0.1353677427706154,0.2655530071227162,-0.13018526435210068,-0.0003202442941323933,0.018538486171972537,0.018540079091757495,0.004530605046405344,-216.3323873710121,-211.00356933031128,4,False,ensemble,5.0,605.0,28,0.0,0.0,0.0
strict_leakage_08,vertical leakage,R50E,49.49747468305833,Lagging Darcy with leakage,5e-05,0.001,5.4837724283422914e-05,0.0010627984171702161,345.4506039573093,510.2864158779326,126.07343635917829,0.09235535102022463,0.060905445600771484,0.09235535102022463,-0.03144990541945325,0.00019660852202023127,0.0021368641917333072,0.002136866631054003,0.0002810015130351871,-335.08484263708283,-328.42382008620683,5,False,ensemble,5.0,605.0,28,0.0,0.0,0.0
strict_leakage_08,vertical leakage,R100E,102.59142264341595,Theis confined,5e-05,0.001,9.025400774771844e-05,0.0013837135765102234,,,,0.5906049979758103,0.3247708823891033,0.5906049979758103,-0.26583411558670694,0.003068757697493568,0.01703489731225376,0.0170361332164987,0.0006795247156706373,-224.15099380636067,-221.48658478601027,2,False,ensemble,5.0,605.0,28,0.0,0.0,0.0
strict_leakage_08,vertical leakage,R100E,102.59142264341595,Hantush-Jacob leaky,5e-05,0.001,9.025352409909399e-05,0.001383708889959491,,,99999.99996102479,0.5905996392118906,0.32476749544635136,0.5905996392118906,-0.2658321437655394,0.0030688245310627254,0.0170342473111744,0.01703548307394578,0.0006793193606271764,-222.1530213539799,-218.1564078234543,3,True,ensemble,5.0,605.0,28,0.0,0.0,0.0
strict_leakage_08,vertical leakage,R100E,102.59142264341595,Lagging Darcy no-leakage,5e-05,0.001,8.595834635972498e-05,0.0013744737558255343,3.1263510989545584,172.82340676339635,,0.5418398288382409,0.3180709348254063,0.5418398288382409,-0.22376889401283456,-1.619642889381091e-05,0.011648863803275794,0.011649258990584074,0.0009913349619825066,-242.3608492583092,-237.0320312176084,4,False,ensemble,5.0,605.0,28,0.0,0.0,0.0
strict_leakage_08,vertical leakage,R100E,102.59142264341595,Lagging Darcy with leakage,5e-05,0.001,6.13460764418079e-05,0.0011298965390094309,1266.7700644112751,1811.4041989494567,130.9394170622396,0.20450821000488775,0.12212607013378941,0.20450821000488775,-0.08238213987109835,2.019630515896109e-05,0.0006167632478173994,0.0006167633064155757,3.203512603638922e-05,-404.8845936701299,-398.2235711192539,5,False,ensemble,5.0,605.0,28,0.0,0.0,0.0
strict_leakage_08,vertical leakage,R100N,102.59142264341595,Theis confined,5e-05,0.001,9.025400335991558e-05,0.0013837135344884825,,,,0.5906049493596539,0.32477085202028844,0.5906049493596539,-0.2658340973393654,0.003068734750167819,0.01703489527587326,0.01703613117967625,0.0006795238958110963,-224.15101391667264,-221.48660489632223,2,False,ensemble,5.0,605.0,28,0.0,0.0,0.0
strict_leakage_08,vertical leakage,R100N,102.59142264341595,Hantush-Jacob leaky,5e-05,0.001,9.025351968782628e-05,0.0013837088478841602,,,99999.99999373729,0.5905995903354854,0.32476746503870424,0.5905995903354854,-0.2658321252967811,0.003068801632008782,0.017034245267358288,0.01703548102968125,0.0006793185419414057,-222.15304146076375,-218.15642793023812,3,True,ensemble,5.0,605.0,28,0.0,0.0,0.0
strict_leakage_08,vertical leakage,R100N,102.59142264341595,Lagging Darcy no-leakage,5e-05,0.001,8.595845481812022e-05,0.0013744716213282468,1.6868831532500763,171.3413461855418,,0.5418410905927001,0.3180693818681849,0.5418410905927001,-0.22377170872451518,-1.800423768421783e-05,0.011648139067643165,0.011648534181199967,0.0009913411588157754,-242.3643201752674,-237.0355021345666,4,False,ensemble,5.0,605.0,28,0.0,0.0,0.0
strict_leakage_08,vertical leakage,R100N,102.59142264341595,Lagging Darcy with leakage,5e-05,0.001,6.134545482204587e-05,0.001129889818291518,1266.77987550578,1811.4254626217291,130.93729033923734,0.20449807695404681,0.12212012203352642,0.20449807695404681,-0.08237795492052032,2.0147278681888024e-05,0.0006167668556154192,0.0006167669143044963,3.201855908482985e-05,-404.8844172704944,-398.2233947196184,5,False,ensemble,5.0,605.0,28,0.0,0.0,0.0
strict_leakage_09,vertical leakage,R20E,18.027756377319946,Theis confined,5e-05,0.001,5.816440222122643e-05,0.0010247281068685044,,,,0.15125051649432106,0.02442731581058958,0.15125051649432106,-0.12682320068373146,0.025721582361919536,0.09168433992613861,0.09187735283214873,0.012253161908604603,-128.62800974390126,-125.96360072355085,2,False,ensemble,5.0,605.0,28,0.0,0.0,0.0
strict_leakage_09,vertical leakage,R20E,18.027756377319946,Hantush-Jacob leaky,5e-05,0.001,5.635288952362511e-05,0.0010092280425461578,,,99999.99999998687,0.11961051189069918,0.009185724305333537,0.11961051189069918,-0.11042478758536563,0.026980610760457317,0.0985852614088812,0.09882528599977174,0.020374860481113786,-122.66643854849553,-118.66982501796993,3,True,ensemble,5.0,605.0,28,0.0,0.0,0.0
strict_leakage_09,vertical leakage,R20E,18.027756377319946,Lagging Darcy no-leakage,5e-05,0.001,5.288575181187249e-05,0.001081525197644236,0.12923243657610384,30.991611723596606,,0.05611095522647852,0.07837226493219984,0.05611095522647852,0.02226130970572117,0.0021785748838918954,0.014555779214403604,0.014556550234246525,0.007381070236006657,-229.24222727986688,-223.91340923916607,4,False,ensemble,5.0,605.0,28,0.0,0.0,0.0
strict_leakage_09,vertical leakage,R20E,18.027756377319946,Lagging Darcy with leakage,5e-05,0.001,5.0974128921518e-05,0.0010670585829650127,0.01263902065429155,33.212750949447994,161.98620770693103,0.019295222539489485,0.06490587518450965,0.019295222539489485,0.045610652645020074,0.0015569226487462402,0.00744843474742423,0.007448538056881998,0.0006598899152478526,-264.16358110148974,-257.50255855061374,5,False,ensemble,5.0,605.0,28,0.0,0.0,0.0
strict_leakage_09,vertical leakage,R50E,51.478150704935004,Theis confined,5e-05,0.001,6.444362160164989e-05,0.0010840089775185106,,,,0.2537677524443245,0.08066618482680471,0.2537677524443245,-0.17310156761751974,0.007277465716923005,0.03832124671693025,0.03833531988179084,0.0029545141559398224,-178.64823737107963,-175.98382835072923,2,False,ensemble,5.0,605.0,28,0.0,0.0,0.0
strict_leakage_09,vertical leakage,R50E,51.478150704935004,Hantush-Jacob leaky,5e-05,0.001,6.439054934514538e-05,0.0010835153934503831,,,99999.99998834588,0.2529438676144451,0.08021074904645542,0.2529438676144451,-0.17273311856798976,0.007298803285422028,0.03839507482102432,0.03840922949769738,0.0029772809804469395,-176.53842696792182,-172.5418134373962,3,True,ensemble,5.0,605.0,28,0.0,0.0,0.0
strict_leakage_09,vertical leakage,R50E,51.478150704935004,Lagging Darcy no-leakage,5e-05,0.001,5.9593457915089585e-05,0.0010956686945794941,195.65415359393376,320.3834592024058,,0.1755227960930296,0.09136485686059632,0.1755227960930296,-0.08415793923243313,-9.965477159307451e-05,0.00846090111300354,0.008461052537574341,0.00223037903981565,-260.2630434910985,-254.93422545039766,4,False,ensemble,5.0,605.0,28,0.0,0.0,0.0
strict_leakage_09,vertical leakage,R50E,51.478150704935004,Lagging Darcy with leakage,5e-05,0.001,5.468699487732439e-05,0.001057805599203056,374.1660750696879,558.9643063885411,188.5245412793962,0.08960292211810451,0.05619657288876426,0.08960292211810451,-0.033406349229340444,0.00021860342260647246,0.002306242230031763,0.002306245296600059,0.000327817024481301,-330.7982184710171,-324.1371959201411,5,False,ensemble,5.0,605.0,28,0.0,0.0,0.0
strict_leakage_09,vertical leakage,R100E,98.6154146165801,Theis confined,5e-05,0.001,7.621576288887523e-05,0.0012197262510133286,,,,0.4215452979301791,0.19862644915191147,0.4215452979301791,-0.22291884877826768,0.0045339453992641636,0.023408802986225465,0.023412010194834257,0.0008533470032511527,-206.2096667542484,-203.54525773389798,2,False,ensemble,5.0,605.0,28,0.0,0.0,0.0
strict_leakage_09,vertical leakage,R100E,98.6154146165801,Hantush-Jacob leaky,5e-05,0.001,7.621521130756852e-05,0.0012197209659759443,,,99999.99996912516,0.4215380608012474,0.1986221161724171,0.4215380608012474,-0.22291594462883033,0.0045340798089820505,0.023409362997996716,0.02341257043680802,0.0008534556741616296,-204.208315076141,-200.21170154561537,3,True,ensemble,5.0,605.0,28,0.0,0.0,0.0
strict_leakage_09,vertical leakage,R100E,98.6154146165801,Lagging Darcy no-leakage,5e-05,0.001,6.965712812818296e-05,0.001204588447191,490.69011931957306,800.0600832282987,,0.3315620316742516,0.18613797100453877,0.3315620316742516,-0.14542406066971275,-0.00018856250794859974,0.005136741149447549,0.005136775034276807,0.0005465388315052056,-288.1740327721979,-282.8452147314971,4,False,ensemble,5.0,605.0,28,0.0,0.0,0.0
strict_leakage_09,vertical leakage,R100E,98.6154146165801,Lagging Darcy with leakage,5e-05,0.001,5.948693064478317e-05,0.001104864471414523,1200.7916313562557,1728.7254433579192,194.71947060164715,0.17373362996732394,0.09972267714395353,0.17373362996732394,-0.07401095282337061,4.167855964623888e-05,0.0007981325601207095,0.000798132687178161,5.258190882822727e-05,-390.4004316691571,-383.7394091182811,5,False,ensemble,5.0,605.0,28,0.0,0.0,0.0
strict_leakage_09,vertical leakage,R100N,98.6154146165801,Theis confined,5e-05,0.001,7.621575939668704e-05,0.001219726214989271,,,,0.421545252110415,0.19862641961736777,0.421545252110415,-0.2229188324930473,0.004533925948352581,0.023408805334954725,0.023412012544530143,0.0008533475502494863,-206.20967034217742,-203.545261321827,2,False,ensemble,5.0,605.0,28,0.0,0.0,0.0
strict_leakage_09,vertical leakage,R100N,98.6154146165801,Hantush-Jacob leaky,5e-05,0.001,7.6215207809028e-05,0.0012197209298971069,,,99999.99996920154,0.4215380148978046,0.19862208659283373,0.4215380148978046,-0.22291592830497076,0.004534060353440196,0.023409365347923903,0.023412572787699565,0.0008534562191529289,-204.20831866341726,-200.21170513289164,3,True,ensemble,5.0,605.0,28,0.0,0.0,0.0
strict_leakage_09,vertical leakage,R100N,98.6154146165801,Lagging Darcy no-leakage,5e-05,0.001,6.965645731270468e-05,0.0012045880592053857,491.28465772889444,800.7185855045718,,0.33155240137902703,0.1861376489147182,0.33155240137902703,-0.14541475246430874,-0.00018797292602870346,0.005136762248007126,0.005136796133263536,0.0005466139624505612,-288.17404704033913,-282.8452289996383,4,False,ensemble,5.0,605.0,28,0.0,0.0,0.0
strict_leakage_09,vertical leakage,R100N,98.6154146165801,Lagging Darcy with leakage,5e-05,0.001,5.948688638229869e-05,0.0011048641052439855,1200.8017874048917,1728.7376467393249,194.7191426622811,0.1737328858963076,0.09972234572719826,0.1737328858963076,-0.07401054016910945,4.166621709947834e-05,0.0007981393453716631,0.0007981394724332431,5.258172838561057e-05,-390.40000369238595,-383.73898114150995,5,False,ensemble,5.0,605.0,28,0.0,0.0,0.0
strict_boundary_00,constant head boundary,R20E,20.0,Theis confined,5e-05,0.001,5.986308502826975e-05,0.0009377333411016765,,,,0.18003703306014426,-0.06428965493221271,0.18003703306014426,-0.244326687992357,0.034513551151763196,0.1301581093467034,0.1307113163804831,0.026070694317201985,-109.23191206653516,-106.56750304618475,2,False,ensemble,5.0,405.0,28,0.0,0.0,0.0
strict_boundary_00,constant head boundary,R20E,20.0,Hantush-Jacob leaky,5e-05,0.001,5.806278458126232e-05,0.0009250438014419458,,,99999.99999999806,0.14950191242582359,-0.0779141896806139,0.14950191242582359,-0.2274161021064376,0.03595736911801138,0.1393527742457836,0.14003204894668506,0.03471608409455671,-103.51063670113724,-99.51402317061164,3,True,ensemble,5.0,405.0,28,0.0,0.0,0.0
strict_boundary_00,constant head boundary,R20E,20.0,Lagging Darcy no-leakage,5e-05,0.001,5.148491462391606e-05,0.001017962950197965,10.818030183606334,68.46108773909322,,0.029265839408163845,0.017803522768547585,0.029265839408163845,-0.01146231663961626,0.0009199445841330878,0.011923819499472825,0.011924243336649558,0.002599450820694456,-240.88215056541986,-235.55333252471905,4,False,ensemble,5.0,405.0,28,0.0,0.0,0.0
strict_boundary_00,constant head boundary,R20E,20.0,Lagging Darcy with leakage,5e-05,0.001,5.148180456807517e-05,0.001018010768682365,10.938184692013664,68.63400985154182,99999.73748837046,0.029205430455324834,0.01785049634582444,0.029205430455324834,-0.011354934109500479,0.0009368168084772351,0.011922660821750647,0.011923084535383668,0.002591291356340775,-238.88119981066217,-232.22017725978614,5,True,ensemble,5.0,405.0,28,0.0,0.0,0.0
strict_boundary_00,constant head boundary,R50E,50.0,Theis confined,5e-05,0.001,5.947091287055457e-05,0.0010119079675327814,,,,0.17346432827435346,0.011837625556733625,0.17346432827435346,-0.16162670271761992,0.010125910289845873,0.05592075307598742,0.05596449944578837,0.007645286897474763,-157.57594484056403,-154.91153582021363,2,False,ensemble,5.0,405.0,28,0.0,0.0,0.0
strict_boundary_00,constant head boundary,R50E,50.0,Hantush-Jacob leaky,5e-05,0.001,5.941013385024958e-05,0.001011365905848932,,,99999.99999934561,0.1724418099288795,0.011301799236876643,0.1724418099288795,-0.16114001069200293,0.010157754659775404,0.05616090857411164,0.0562052212317568,0.007768651537868186,-155.3380710465316,-151.341457516006,3,True,ensemble,5.0,405.0,28,0.0,0.0,0.0
strict_boundary_00,constant head boundary,R50E,50.0,Lagging Darcy no-leakage,5e-05,0.001,5.222604138626785e-05,0.0010321869302814448,403.53865046686127,630.0685009535962,,0.04355824219418992,0.03167978465023794,0.04355824219418992,-0.011878457543951997,0.0005050871905524923,0.004453821947003354,0.004453844034182374,0.0006053749090075204,-295.83091418965364,-290.50209614895283,4,False,ensemble,5.0,405.0,28,0.0,0.0,0.0
strict_boundary_00,constant head boundary,R50E,50.0,Lagging Darcy with leakage,5e-05,0.001,5.2225448334733076e-05,0.0010321903018175615,403.6962976436664,630.2678723342082,95003.31834701047,0.043546886654190035,0.03168305104560824,0.043546886654190035,-0.011863835608581877,0.0005057957987344831,0.0044537618326736415,0.00445378391895256,0.0006049243953892548,-293.83062532359156,-287.16960277271556,5,False,ensemble,5.0,405.0,28,0.0,0.0,0.0
strict_boundary_00,constant head boundary,R100E,100.0,Theis confined,5e-05,0.001,6.521397845648238e-05,0.00107967586936411,,,,0.2656508340297892,0.0766608751316629,0.2656508340297892,-0.1889899588981262,0.006061484965159853,0.03395309701141677,0.03396288475315384,0.0020461004464448714,-185.54322348640912,-182.8788144660587,2,False,ensemble,5.0,405.0,28,0.0,0.0,0.0
strict_boundary_00,constant head boundary,R100E,100.0,Hantush-Jacob leaky,5e-05,0.001,6.521359863613651e-05,0.0010796721518129967,,,99999.99999978543,0.265645009796075,0.07665743191539862,0.265645009796075,-0.18898757788067647,0.0060616064323850945,0.0339538773078467,0.03396366572452104,0.00204626147577134,-183.54194180342444,-179.54532827289881,3,True,ensemble,5.0,405.0,28,0.0,0.0,0.0
strict_boundary_00,constant head boundary,R100E,100.0,Lagging Darcy no-leakage,5e-05,0.001,5.581238495214428e-05,0.0010538881884459919,1238.0785051323714,1830.774509920219,,0.10997279187868512,0.052486361423645,0.10997279187868512,-0.05748643045503998,6.62777796263945e-05,0.0018558422031111827,0.0018558438010795222,0.00022210399678485816,-345.18861745357657,-339.85979941287576,4,False,ensemble,5.0,405.0,28,0.0,0.0,0.0
strict_boundary_00,constant head boundary,R100E,100.0,Lagging Darcy with leakage,5e-05,0.001,5.4052168567867296e-05,0.0010359857802027038,1366.3392634679624,2013.8006739023153,445.2394978338727,0.0779266593668834,0.03535341807002749,0.0779266593668834,-0.04257324129685579,0.00011823572704833439,0.0016454985305932135,0.0016454996444356259,0.00014356784910121573,-349.81264104588354,-343.15161849500754,5,False,ensemble,5.0,405.0,28,0.0,0.0,0.0
strict_boundary_00,constant head boundary,R100N,100.0,Theis confined,5e-05,0.001,6.521397331975865e-05,0.0010796758152212139,,,,0.2656507552625669,0.07666082498430012,0.2656507552625669,-0.1889899302782667,0.006061486191925554,0.03395310799303812,0.03396289574427308,0.0020461029874858016,-185.54320559092852,-182.87879657057812,2,False,ensemble,5.0,405.0,28,0.0,0.0,0.0
strict_boundary_00,constant head boundary,R100N,100.0,Hantush-Jacob leaky,5e-05,0.001,6.521359347137346e-05,0.0010796720973880985,,,99999.9999997842,0.2656449305984328,0.07665738150667091,0.2656449305984328,-0.188987549091762,0.006061607619978238,0.03395388829776862,0.03396367672394867,0.002046264005161537,-183.5419239066792,-179.54531037615357,3,True,ensemble,5.0,405.0,28,0.0,0.0,0.0
strict_boundary_00,constant head boundary,R100N,100.0,Lagging Darcy no-leakage,5e-05,0.001,5.581234285379376e-05,0.0010538881416724067,1238.1053155288928,1830.8069599246712,,0.10997203759508944,0.05248631704172026,0.10997203759508944,-0.05748572055336927,6.630756084107e-05,0.0018558255641813663,0.0018558271621110353,0.00022210414373999393,-345.1890856258097,-339.8602675851089,4,False,ensemble,5.0,405.0,28,0.0,0.0,0.0
strict_boundary_00,constant head boundary,R100N,100.0,Lagging Darcy with leakage,5e-05,0.001,5.404118852833164e-05,0.0010358719528842939,1367.045504303784,2014.8436384221263,443.8027320851666,0.07772350091444213,0.035243538596445356,0.07772350091444213,-0.042479962317996715,0.00011849856584635423,0.0016454615371985812,0.0016454626510162772,0.00014312366198965333,-349.8132295751429,-343.1522070242669,5,False,ensemble,5.0,405.0,28,0.0,0.0,0.0
strict_boundary_01,constant head boundary,R20E,20.615528128088304,Theis confined,5e-05,0.001,5.802568347043018e-05,0.0009658366819225979,,,,0.14886272555880786,-0.03476052539565695,0.14886272555880786,-0.1836232509544648,0.02613954683523233,0.10421529698166004,0.10449890439273046,0.021127439299669867,-121.88123323317942,-119.21682421282901,2,False,ensemble,5.0,505.0,28,0.0,0.0,0.0
strict_boundary_01,constant head boundary,R20E,20.615528128088304,Hantush-Jacob leaky,5e-05,0.001,5.653133656822503e-05,0.0009541662549583132,,,99999.99999999594,0.1227721085002471,-0.046917351272582,0.1227721085002471,-0.16968945977282926,0.02725690033479169,0.11245237849338033,0.11280882203645888,0.028907715219874626,-115.73491325354081,-111.7382997230152,3,True,ensemble,5.0,505.0,28,0.0,0.0,0.0
strict_boundary_01,constant head boundary,R20E,20.615528128088304,Lagging Darcy no-leakage,5e-05,0.001,5.1290925132739376e-05,0.0010300631014227301,17.709741753882092,67.96634215906934,,0.025490833102998437,0.029620063882225527,0.025490833102998437,0.00412923077922694,0.0014280682385659324,0.01064736735865247,0.010647669129289172,0.0023878729495560307,-246.87753806722105,-241.54872002652024,4,False,ensemble,5.0,505.0,28,0.0,0.0,0.0
strict_boundary_01,constant head boundary,R20E,20.615528128088304,Lagging Darcy with leakage,5e-05,0.001,5.1291416482415166e-05,0.0010300565298682982,17.685943632851295,67.93435190124714,97226.9454473014,0.02550041271812631,0.02961368410278732,0.02550041271812631,0.004113271384660938,0.0014257169457533203,0.010647739941258559,0.010648041743577141,0.0023892237688048477,-244.87730152568858,-238.21627897481255,5,False,ensemble,5.0,505.0,28,0.0,0.0,0.0
strict_boundary_01,constant head boundary,R50E,52.20153254455275,Theis confined,5e-05,0.001,5.9181786704973025e-05,0.0010159427851105767,,,,0.16859083211509598,0.015817033703062134,0.16859083211509598,-0.15277379841203384,0.00929910388833889,0.05258306184339437,0.05261943054719581,0.0072262858449792374,-161.0648194565897,-158.4004104362393,2,False,ensemble,5.0,505.0,28,0.0,0.0,0.0
strict_boundary_01,constant head boundary,R50E,52.20153254455275,Hantush-Jacob leaky,5e-05,0.001,5.913528894979418e-05,0.001015521673423077,,,99999.99999868906,0.16780484653667815,0.015402444423133963,0.16780484653667815,-0.15240240211354422,0.009323100650201591,0.05277335320579581,0.052810118334833206,0.007319727522402539,-158.86434758187175,-154.86773405134613,3,True,ensemble,5.0,505.0,28,0.0,0.0,0.0
strict_boundary_01,constant head boundary,R50E,52.20153254455275,Lagging Darcy no-leakage,5e-05,0.001,5.204892596309888e-05,0.0010335584905516407,474.25254324019795,715.9775018645903,,0.04016115470521425,0.033007693169756006,0.04016115470521425,-0.007153461535458221,0.00046410183937143853,0.004570974148546201,0.004570998024918305,0.0007426040075974204,-294.45016549622665,-289.12134745552584,4,False,ensemble,5.0,505.0,28,0.0,0.0,0.0
strict_boundary_01,constant head boundary,R50E,52.20153254455275,Lagging Darcy with leakage,5e-05,0.001,5.204870493140726e-05,0.0010335561712513824,474.2450761869186,715.9705879650288,25359.349129567756,0.040156908082313855,0.033005449172070586,0.040156908082313855,-0.007151458910243294,0.00046406698094765997,0.004571321814388742,0.004571345696196567,0.0007427390657994542,-292.4459958585983,-285.7849733077223,5,False,ensemble,5.0,505.0,28,0.0,0.0,0.0
strict_boundary_01,constant head boundary,R100E,99.62429422585637,Theis confined,5e-05,0.001,6.397927248378318e-05,0.0010687116645971884,,,,0.24653615803425208,0.0664538712427635,0.24653615803425208,-0.1800822867914885,0.006219739489081958,0.03608147229131313,0.03609321884743481,0.0025305019743480546,-182.19912919315402,-179.53472017280362,2,False,ensemble,5.0,505.0,28,0.0,0.0,0.0
strict_boundary_01,constant head boundary,R100E,99.62429422585637,Hantush-Jacob leaky,5e-05,0.001,6.397888763092512e-05,0.0010687079089277168,,,99999.99999998137,0.24653014274210164,0.06645035703383778,0.24653014274210164,-0.18007978570826366,0.0062198715567082785,0.036082399017240446,0.03609414647865263,0.0025306841046808643,-180.19769834357356,-176.20108481304794,3,True,ensemble,5.0,505.0,28,0.0,0.0,0.0
strict_boundary_01,constant head boundary,R100E,99.62429422585637,Lagging Darcy no-leakage,5e-05,0.001,5.372339654446462e-05,0.0010406580896459492,1556.691650336196,2255.6328450758533,,0.07182559104246786,0.03985329153909962,0.07182559104246786,-0.03197229950336831,0.00019094485199416635,0.002144127718836968,0.0021441301831235083,0.00015168793319530948,-336.9102083653626,-331.5813903246618,4,False,ensemble,5.0,505.0,28,0.0,0.0,0.0
strict_boundary_01,constant head boundary,R100E,99.62429422585637,Lagging Darcy with leakage,5e-05,0.001,5.3722491836679035e-05,0.001040656455637428,1557.216267810809,2256.283310297107,62715.98050399517,0.07180875079293873,0.03985172136939619,0.07180875079293873,-0.03195702942354261,0.00019138016172521585,0.0021441212242673453,0.002144123688547978,0.000151549364367558,-334.90933400214647,-328.24831145127047,5,False,ensemble,5.0,505.0,28,0.0,0.0,0.0
strict_boundary_01,constant head boundary,R100N,99.62429422585637,Theis confined,5e-05,0.001,6.397927776413929e-05,0.0010687117198344496,,,,0.2465362405665424,0.06645392292860319,0.2465362405665424,-0.1800823176379392,0.006219750372194165,0.0360814633703576,0.036093209917764095,0.0025305008540383047,-182.19913969568933,-179.53473067533892,2,False,ensemble,5.0,505.0,28,0.0,0.0,0.0
strict_boundary_01,constant head boundary,R100N,99.62429422585637,Hantush-Jacob leaky,5e-05,0.001,6.397889291627936e-05,0.0010687079642449717,,,99999.99999998137,0.24653022535300986,0.06645040879471005,0.24653022535300986,-0.1800798165582999,0.006219882465046456,0.03608239009179529,0.03609413754448989,0.00253068298734365,-180.197708845825,-176.20109531529937,3,True,ensemble,5.0,505.0,28,0.0,0.0,0.0
strict_boundary_01,constant head boundary,R100N,99.62429422585637,Lagging Darcy no-leakage,5e-05,0.001,5.372260943186965e-05,0.0010406571809047273,1557.1669391866153,2256.222524038453,,0.07181093972829698,0.039852418301647624,0.07181093972829698,-0.03195852142664944,0.00019132163987802336,0.0021440883959445746,0.0021440908601086015,0.00015154427349661786,-336.91032469529307,-331.58150665459226,4,False,ensemble,5.0,505.0,28,0.0,0.0,0.0
strict_boundary_01,constant head boundary,R100N,99.62429422585637,Lagging Darcy with leakage,5e-05,0.001,5.3722669473152674e-05,0.0010406551019168906,1557.0074884510018,2256.0286525756346,36961.042114214324,0.07181205734432693,0.03985042053528269,0.07181205734432693,-0.031961636809044125,0.00019120059997159702,0.002144201287953343,0.002144203752505754,0.0001516149911591871,-334.90769039485576,-328.24666784397976,5,False,ensemble,5.0,505.0,28,0.0,0.0,0.0
strict_boundary_02,constant head boundary,R20E,18.027756377319946,Theis confined,5e-05,0.001,5.609157979421593e-05,0.001003869322972504,,,,0.11496270304072886,0.003861856396569675,0.11496270304072886,-0.1111008466441592,0.026786688160961997,0.09801835481544545,0.09825425696290303,0.018991818569145492,-124.9952217087972,-122.3308126884468,2,False,ensemble,5.0,605.0,28,0.0,0.0,0.0
strict_boundary_02,constant head boundary,R20E,18.027756377319946,Hantush-Jacob leaky,5e-05,0.001,5.434137069383247e-05,0.0009889441354881123,,,99999.99999909798,0.08326282265075668,-0.011117434811118045,0.08326282265075668,-0.09438025746187477,0.028113306387283987,0.10799891096925082,0.10831459601950902,0.02979932287910535,-117.75225909548931,-113.7556455649637,3,True,ensemble,5.0,605.0,28,0.0,0.0,0.0
strict_boundary_02,constant head boundary,R20E,18.027756377319946,Lagging Darcy no-leakage,5e-05,0.001,5.0549208218038765e-05,0.0010636046964928097,0.013597151226896262,33.722665809406344,,0.010924276573205285,0.06166379603400169,0.010924276573205285,0.050739519460796384,0.001430754367164454,0.007906595710576395,0.007906719280925978,0.001161469098334639,-263.12649695551517,-257.79767891481436,4,False,ensemble,5.0,605.0,28,0.0,0.0,0.0
strict_boundary_02,constant head boundary,R20E,18.027756377319946,Lagging Darcy with leakage,5e-05,0.001,5.0549179458027974e-05,0.00106360435469608,0.010901194634660638,33.71964366484164,51195.10317033291,0.01092370762227627,0.06166347467702964,0.01092370762227627,0.05073976705475335,0.0014302121237709075,0.007906277838413816,0.007906401393859537,0.001161486968244527,-261.12937141917666,-254.46834886830064,5,False,ensemble,5.0,605.0,28,0.0,0.0,0.0
strict_boundary_02,constant head boundary,R50E,47.16990566028302,Theis confined,5e-05,0.001,5.818061655977374e-05,0.0010153994781910514,,,,0.15152924503503837,0.0152821096360587,0.15152924503503837,-0.13624713539897976,0.009016769611158095,0.05136454159820636,0.051398439201827635,0.007652624545259166,-162.39069432499923,-159.72628530464883,2,False,ensemble,5.0,605.0,28,0.0,0.0,0.0
strict_boundary_02,constant head boundary,R50E,47.16990566028302,Hantush-Jacob leaky,5e-05,0.001,5.810592059884042e-05,0.0010147129647327575,,,99999.99999965682,0.15024455683240023,0.01460577913342503,0.15024455683240023,-0.13563877769897542,0.009056270461147025,0.05169537284899686,0.05172992991390783,0.007832941489098293,-160.03470959213095,-156.03809606160533,3,True,ensemble,5.0,605.0,28,0.0,0.0,0.0
strict_boundary_02,constant head boundary,R50E,47.16990566028302,Lagging Darcy no-leakage,5e-05,0.001,5.1797871371558695e-05,0.0010365663676774692,401.38412342117175,593.6174878495988,,0.035326049779789405,0.035913681405786074,0.035326049779789405,0.0005876316259965374,0.0004499557990886907,0.004642032599951587,0.004642057607232596,0.0008474343731490258,-293.6125600483227,-288.28374200762187,4,False,ensemble,5.0,605.0,28,0.0,0.0,0.0
strict_boundary_02,constant head boundary,R50E,47.16990566028302,Lagging Darcy with leakage,5e-05,0.001,5.1797886686153265e-05,0.0010365624076932734,401.29531331391564,593.5112647806699,23994.430838687716,0.03532634544043917,0.035909861108424,0.03532634544043917,0.0005835156679847768,0.0004495157961625131,0.004642477814570954,0.004642502829058126,0.0008478122083620817,-291.6077692658381,-284.9467467149621,5,False,ensemble,5.0,605.0,28,0.0,0.0,0.0
strict_boundary_02,constant head boundary,R100E,101.24228365658294,Theis confined,5e-05,0.001,6.380775027122128e-05,0.0010696718926178224,,,,0.24385165515014046,0.06735195903616652,0.24385165515014046,-0.17649969611397404,0.0060143764707612235,0.03524049852688892,0.03525144258800079,0.002469919832353719,-183.536374130917,-180.8719651105666,2,False,ensemble,5.0,605.0,28,0.0,0.0,0.0
strict_boundary_02,constant head boundary,R100E,101.24228365658294,Hantush-Jacob leaky,5e-05,0.001,6.380742711772337e-05,0.0010696687050717815,,,99999.99999997036,0.24384659065068956,0.06734897910296248,0.24384659065068956,-0.17649761154772706,0.006014485188192995,0.03524127915220027,0.03525222394073225,0.0024700672068278338,-181.53514035884854,-177.53852682832292,3,True,ensemble,5.0,605.0,28,0.0,0.0,0.0
strict_boundary_02,constant head boundary,R100E,101.24228365658294,Lagging Darcy no-leakage,5e-05,0.001,5.348607696686546e-05,0.0010400388764093588,1670.6700780638432,2395.4629616134075,,0.06739837099457882,0.039258093617467904,0.06739837099457882,-0.028140277377110702,0.0001903979929281675,0.0023463110462433666,0.002346314275480253,0.00018990152531601096,-331.90274933117917,-326.57393129047836,4,False,ensemble,5.0,605.0,28,0.0,0.0,0.0
strict_boundary_02,constant head boundary,R100E,101.24228365658294,Lagging Darcy with leakage,5e-05,0.001,5.3486659194821236e-05,0.0010400392771868234,1670.2937286101865,2394.994732168365,99999.99985755894,0.06740925653376696,0.039258478965935775,0.06740925653376696,-0.02815077756783137,0.00019015917732603563,0.00234634618977031,0.0023463494191478564,0.0001900043812095289,-329.9023923476618,-323.2413697967858,5,True,ensemble,5.0,605.0,28,0.0,0.0,0.0
strict_boundary_02,constant head boundary,R100N,101.24228365658294,Theis confined,5e-05,0.001,6.380775245239562e-05,0.001069671918349465,,,,0.24385168933367293,0.0673519830918068,0.24385168933367293,-0.17649970624186617,0.006014397712782889,0.03524049674555885,0.035251440805011434,0.0024699190558329013,-183.5363710794876,-180.8719620591372,2,False,ensemble,5.0,605.0,28,0.0,0.0,0.0
strict_boundary_02,constant head boundary,R100N,101.24228365658294,Hantush-Jacob leaky,5e-05,0.001,6.380742930303611e-05,0.0010696687308502145,,,99999.99999997053,0.24384662489925266,0.0673490032024173,0.24384662489925266,-0.17649762169683547,0.006014506438741791,0.035241277369113866,0.03525222215598413,0.0024700664321126303,-181.5351373078908,-177.53852377736519,3,True,ensemble,5.0,605.0,28,0.0,0.0,0.0
strict_boundary_02,constant head boundary,R100N,101.24228365658294,Lagging Darcy no-leakage,5e-05,0.001,5.3485963936083176e-05,0.0010400386931097684,1670.7450024198042,2395.5546667534422,,0.06739625771747697,0.039257917374434605,0.06739625771747697,-0.028138340343042564,0.00019048007993321028,0.0023463002554673104,0.0023463034846435086,0.00018988083540777748,-331.90284134068634,-326.5740232999855,4,False,ensemble,5.0,605.0,28,0.0,0.0,0.0
strict_boundary_02,constant head boundary,R100N,101.24228365658294,Lagging Darcy with leakage,5e-05,0.001,5.348592057563854e-05,0.0010400383526507188,1670.7445362445535,2395.5563648595185,97008.74401870497,0.0673954470288585,0.03925759002208935,0.0673954470288585,-0.028137857006769372,0.0001904786346300218,0.0023463156420374157,0.002346318871259131,0.00018988228922642777,-329.902479482383,-323.241456931507,5,False,ensemble,5.0,605.0,28,0.0,0.0,0.0
strict_boundary_03,constant head boundary,R20E,21.213203435596427,Theis confined,5e-05,0.001,5.573760931644594e-05,0.0010100786625624227,,,,0.10863212579638391,0.010028211545559253,0.10863212579638391,-0.09860391425082476,0.018607349811745045,0.07743133488031857,0.07754754203505568,0.015175255396389089,-138.65812891786163,-135.99371989751123,2,False,ensemble,5.0,805.0,28,0.0,0.0,0.0
strict_boundary_03,constant head boundary,R20E,21.213203435596427,Hantush-Jacob leaky,5e-05,0.001,5.4554657262310976e-05,0.0009995461930574863,,,99999.99999916709,0.08718007923430691,-0.00045390994404732437,0.08718007923430691,-0.08763398917835451,0.01942569000891745,0.08431701578227829,0.08446709796618175,0.02195439292446087,-132.01557099913938,-128.01895746861376,3,True,ensemble,5.0,805.0,28,0.0,0.0,0.0
strict_boundary_03,constant head boundary,R20E,21.213203435596427,Lagging Darcy no-leakage,5e-05,0.001,5.081838832538476e-05,0.0010570108938589137,20.289025904793554,60.23180641750887,,0.01623525856832652,0.05544501322942105,0.01623525856832652,0.039209754661094574,0.0012673679963663767,0.00651475137360596,0.006514820498957921,0.001449229112112165,-273.8268293277183,-268.4980112870175,4,False,ensemble,5.0,805.0,28,0.0,0.0,0.0
strict_boundary_03,constant head boundary,R20E,21.213203435596427,Lagging Darcy with leakage,5e-05,0.001,5.0818605813540325e-05,0.0010570049595108393,20.26500443715484,60.20192814858846,23232.18046355241,0.016239538272924355,0.05543939894032778,0.016239538272924355,0.03919986066740334,0.0012656403601837799,0.006515441384148388,0.006515510531474079,0.0014503392319063539,-271.8240028049447,-265.1629802540687,5,False,ensemble,5.0,805.0,28,0.0,0.0,0.0
strict_boundary_03,constant head boundary,R50E,53.150729063673246,Theis confined,5e-05,0.001,5.858438910108767e-05,0.001021560881918612,,,,0.15844525807231843,0.02133173400719647,0.15844525807231843,-0.13711352406512192,0.00828449541715257,0.04791267060319582,0.04794018112766565,0.00658908202309167,-166.31236843919285,-163.64795941884245,2,False,ensemble,5.0,805.0,28,0.0,0.0,0.0
strict_boundary_03,constant head boundary,R50E,53.150729063673246,Hantush-Jacob leaky,5e-05,0.001,5.854514546250075e-05,0.0010211959862162234,,,99999.99999694664,0.15777516849667783,0.020974475919401856,0.15777516849667783,-0.13680069257727603,0.008304338203996734,0.04807743399083604,0.04810522939581519,0.00666876656596562,-164.12187516333228,-160.12526163280666,3,True,ensemble,5.0,805.0,28,0.0,0.0,0.0
strict_boundary_03,constant head boundary,R50E,53.150729063673246,Lagging Darcy no-leakage,5e-05,0.001,5.194991259213499e-05,0.0010369811718670089,521.1257221087506,756.2017887516927,,0.038257029577368706,0.03631377273445068,0.038257029577368706,-0.0019432568429177573,0.00039055070652337754,0.004280428081553834,0.004280447688209027,0.0007205516843522759,-298.1849266118968,-292.856108571196,4,False,ensemble,5.0,805.0,28,0.0,0.0,0.0
strict_boundary_03,constant head boundary,R50E,53.150729063673246,Lagging Darcy with leakage,5e-05,0.001,5.194991566695594e-05,0.0010369785454275875,521.0522633853354,756.1144130494729,32610.214769487877,0.038257088765550125,0.0363112399567893,0.038257088765550125,-0.0019458488087609708,0.0003901968223181266,0.004280672851525406,0.0042806924615213255,0.0007207206601962261,-296.1821859138489,-289.5211633629729,5,False,ensemble,5.0,805.0,28,0.0,0.0,0.0
strict_boundary_03,constant head boundary,R100E,99.24716620639605,Theis confined,5e-05,0.001,6.349055384343362e-05,0.001067267317644243,,,,0.23886813103375185,0.06510147294194304,0.23886813103375185,-0.1737666580918087,0.006047377511927243,0.0355202693923925,0.035531476225980525,0.002569681291518875,-183.09754059782117,-180.43313157747076,2,False,ensemble,5.0,805.0,28,0.0,0.0,0.0
strict_boundary_03,constant head boundary,R100E,99.24716620639605,Hantush-Jacob leaky,5e-05,0.001,6.349016910903524e-05,0.0010672635418223207,,,99999.99999998439,0.23886207130453566,0.06509793509482736,0.23886207130453566,-0.1737641362097084,0.00604751136172642,0.03552123101004959,0.035532438754008806,0.002569870167125253,-181.09603263671195,-177.09941910618633,3,True,ensemble,5.0,805.0,28,0.0,0.0,0.0
strict_boundary_03,constant head boundary,R100E,99.24716620639605,Lagging Darcy no-leakage,5e-05,0.001,5.337597146364462e-05,0.0010397247611215429,1629.6027504928504,2330.367073936342,,0.06533766667903222,0.03895602535881014,0.06533766667903222,-0.02638164132022217,0.00019591436362193716,0.002445006881375034,0.0024450105354983363,0.00020864349909062736,-329.60008928202546,-324.27127124132465,4,False,ensemble,5.0,805.0,28,0.0,0.0,0.0
strict_boundary_03,constant head boundary,R100E,99.24716620639605,Lagging Darcy with leakage,5e-05,0.001,5.337575685541338e-05,0.001039724090192507,1629.7245946733904,2330.516788868681,80737.1776754228,0.06533364598101431,0.038955380063749906,0.06533364598101431,-0.02637826591726425,0.00019601302805745537,0.002445021454379638,0.0024450251085564177,0.0002086187909019145,-327.5995711312426,-320.9385485803666,5,False,ensemble,5.0,805.0,28,0.0,0.0,0.0
strict_boundary_03,constant head boundary,R100N,99.24716620639605,Theis confined,5e-05,0.001,6.349055390875677e-05,0.0010672673187059696,,,,0.2388681320626159,0.06510147393675164,0.2388681320626159,-0.17376665812586436,0.006047401532330151,0.03552026846168962,0.03553147529439743,0.002569681041750392,-183.097535531252,-180.4331265109016,2,False,ensemble,5.0,805.0,28,0.0,0.0,0.0
strict_boundary_03,constant head boundary,R100N,99.24716620639605,Hantush-Jacob leaky,5e-05,0.001,6.349016925008459e-05,0.0010672635434338025,,,99999.99999934116,0.23886207352612918,0.06509793660474668,0.23886207352612918,-0.17376413692138254,0.0060475353513954316,0.035521230084599,0.03553243782768141,0.002569869944154576,-181.09602757057684,-177.09941404005122,3,True,ensemble,5.0,805.0,28,0.0,0.0,0.0
strict_boundary_03,constant head boundary,R100N,99.24716620639605,Lagging Darcy no-leakage,5e-05,0.001,5.3376069164436885e-05,0.0010397248178625614,1629.532364384187,2330.280931207327,,0.0653394971038502,0.038956079931923265,0.0653394971038502,-0.026383417171926923,0.00019587247562103215,0.002445010333722024,0.0024450139878432545,0.00020865939390469555,-329.60008991923905,-324.27127187853824,4,False,ensemble,5.0,805.0,28,0.0,0.0,0.0
strict_boundary_03,constant head boundary,R100N,99.24716620639605,Lagging Darcy with leakage,5e-05,0.001,5.337624120642103e-05,0.001039724596080879,1629.4010605095023,2330.118814946597,81985.37795152327,0.06534272030311493,0.038955866623841935,0.06534272030311493,-0.026386853679273025,0.0001957949118580832,0.0024450389442241534,0.002445042598481712,0.00020870160071404805,-327.5995855474247,-320.9385629965487,5,False,ensemble,5.0,805.0,28,0.0,0.0,0.0
strict_boundary_04,constant head boundary,R20E,22.360679774997898,Theis confined,5e-05,0.001,5.6590074882768225e-05,0.0009938127287597983,,,,0.1238106089763073,-0.006206491725485629,0.1238106089763073,-0.13001710070179287,0.018900218904801626,0.08166288577801993,0.08179922403699214,0.016247953275414857,-135.7932947869335,-133.1288857665831,2,False,ensemble,5.0,1005.0,28,0.0,0.0,0.0
strict_boundary_04,constant head boundary,R20E,22.360679774997898,Hantush-Jacob leaky,5e-05,0.001,5.548327933003857e-05,0.000984337420085594,,,99999.99999998456,0.10405869659967677,-0.015786534117861153,0.10405869659967677,-0.11984523071753792,0.01966577337989186,0.08796982237043006,0.08814028986704922,0.022121685760762587,-129.7261558157069,-125.7295422851813,3,True,ensemble,5.0,1005.0,28,0.0,0.0,0.0
strict_boundary_04,constant head boundary,R20E,22.360679774997898,Lagging Darcy no-leakage,5e-05,0.001,5.104297881633759e-05,0.001044521502946707,35.98496160192747,85.70608642013008,,0.020644994294429817,0.04355888863523138,0.020644994294429817,0.02291389434080147,0.0015216585167191453,0.007530370952538237,0.007530477709014153,0.001709318249201055,-265.63048139164687,-260.30166335094606,4,False,ensemble,5.0,1005.0,28,0.0,0.0,0.0
strict_boundary_04,constant head boundary,R20E,22.360679774997898,Lagging Darcy with leakage,5e-05,0.001,5.1042537942179215e-05,0.0010445257666880999,36.01243999117285,85.74122171931724,22330.413841073616,0.02063635694463952,0.043562970631321,0.02063635694463952,0.0229266136866814,0.0015233397827201015,0.007530409083102286,0.007530515841199706,0.0017089332985555082,-263.6276945248977,-256.9666719740217,5,False,ensemble,5.0,1005.0,28,0.0,0.0,0.0
strict_boundary_04,constant head boundary,R50E,49.24428900898052,Theis confined,5e-05,0.001,5.864446194462738e-05,0.0010148809240985669,,,,0.15947013971642118,0.014771289452624306,0.15947013971642118,-0.14469885026379692,0.009215803053308285,0.052320423838564126,0.05235625009887443,0.007554728461108959,-161.35221892882984,-158.68780990847944,2,False,ensemble,5.0,1005.0,28,0.0,0.0,0.0
strict_boundary_04,constant head boundary,R50E,49.24428900898052,Hantush-Jacob leaky,5e-05,0.001,5.85826776282279e-05,0.0010143180935869144,,,99999.99999943834,0.15841604384160218,0.01421655773712461,0.15841604384160218,-0.14419948610447778,0.00924822831139641,0.05258556599806954,0.05262193990005774,0.007693013683632597,-159.07183536692898,-155.07522183640336,3,True,ensemble,5.0,1005.0,28,0.0,0.0,0.0
strict_boundary_04,constant head boundary,R50E,49.24428900898052,Lagging Darcy no-leakage,5e-05,0.001,5.189674871680076e-05,0.0010348360123423144,431.3376327421189,645.0900730101924,,0.037233137633059965,0.03424297198270521,0.037233137633059965,-0.0029901656503547695,0.00046481006781383215,0.004690284652577837,0.00469031044781407,0.0008301798171739225,-293.02123797646885,-287.69241993576804,4,False,ensemble,5.0,1005.0,28,0.0,0.0,0.0
strict_boundary_04,constant head boundary,R50E,49.24428900898052,Lagging Darcy with leakage,5e-05,0.001,5.1896179143024544e-05,0.0010348379026890214,431.48270100030226,645.2709158070228,41215.49414441799,0.03722216243873873,0.03424479869240399,0.03722216243873873,-0.0029773637463345356,0.00046523589384205564,0.004690374116209563,0.004690399912918076,0.0008298181156863825,-291.0196631467504,-284.3586405958744,5,False,ensemble,5.0,1005.0,28,0.0,0.0,0.0
strict_boundary_04,constant head boundary,R100E,98.48857801796105,Theis confined,5e-05,0.001,6.361284851061892e-05,0.0010661690362549574,,,,0.24079246512173105,0.06407188376830965,0.24079246512173105,-0.1767205813534213,0.006223984675527455,0.0363842584503582,0.036396303272069844,0.0026551308640625185,-181.743905285691,-179.0794962653406,2,False,ensemble,5.0,1005.0,28,0.0,0.0,0.0
strict_boundary_04,constant head boundary,R100E,98.48857801796105,Hantush-Jacob leaky,5e-05,0.001,6.361242777532058e-05,0.0010661649288682409,,,99999.99958106935,0.24078585110114303,0.06406803128855393,0.24078585110114303,-0.17671781981258913,0.006224129996177884,0.0363853202119858,0.036397366088393196,0.0026553429626804863,-179.74228074432324,-175.74566721379762,3,True,ensemble,5.0,1005.0,28,0.0,0.0,0.0
strict_boundary_04,constant head boundary,R100E,98.48857801796105,Lagging Darcy no-leakage,5e-05,0.001,5.338400900777042e-05,0.001039034813625677,1587.958698690313,2288.506585805353,,0.06548823890854182,0.03829221841395489,0.06548823890854182,-0.027196020494586994,0.00021129784234195562,0.0025176676143635677,0.00251767160403218,0.00021672380779269647,-327.9421646800101,-322.61334663930927,4,False,ensemble,5.0,1005.0,28,0.0,0.0,0.0
strict_boundary_04,constant head boundary,R100E,98.48857801796105,Lagging Darcy with leakage,5e-05,0.001,5.338394349402458e-05,0.0010390343274951604,1587.9756228474698,2288.5280352355753,99978.06388229181,0.0654870116911174,0.03829175054644568,0.0654870116911174,-0.02719526114467176,0.0002112928249014116,0.0025176830000060396,0.002517686989723475,0.00021671835558621298,-325.941834585273,-319.280812034397,5,True,ensemble,5.0,1005.0,28,0.0,0.0,0.0
strict_boundary_04,constant head boundary,R100N,98.48857801796105,Theis confined,5e-05,0.001,6.361284882943826e-05,0.0010661690381441335,,,,0.2407924701336012,0.06407188554023895,0.2407924701336012,-0.17672058459336237,0.006224000905081286,0.036384259534010595,0.036396304356797735,0.0026551309651983547,-181.74389936615088,-179.07949034580048,2,False,ensemble,5.0,1005.0,28,0.0,0.0,0.0
strict_boundary_04,constant head boundary,R100N,98.48857801796105,Hantush-Jacob leaky,5e-05,0.001,6.3612428088954e-05,0.0010661649307486857,,,99999.99958357011,0.24078585603152267,0.06406803305230045,0.24078585603152267,-0.17671782297922228,0.006224146245646883,0.036385321292071796,0.036397367169554135,0.0026553430627215256,-179.74227482502897,-175.74566129450335,3,True,ensemble,5.0,1005.0,28,0.0,0.0,0.0
strict_boundary_04,constant head boundary,R100N,98.48857801796105,Lagging Darcy no-leakage,5e-05,0.001,5.3383816222720455e-05,0.0010390346897415227,1588.0855905101869,2288.663310021348,,0.06548462761366805,0.038292099183915594,0.06548462761366805,-0.02719252842975258,0.0002114322359800315,0.002517656437881909,0.002517660427480395,0.0002166905988726702,-327.94215310637173,-322.6133350656709,4,False,ensemble,5.0,1005.0,28,0.0,0.0,0.0
strict_boundary_04,constant head boundary,R100N,98.48857801796105,Lagging Darcy with leakage,5e-05,0.001,5.338410417790245e-05,0.0010390343531372713,1587.8692782486776,2288.3959303295733,96960.60096943517,0.06549002165301844,0.038291775225236246,0.06549002165301844,-0.02719824642778214,0.00021121683345202955,0.0025176910832182273,0.0025176950729890323,0.00021674567697033164,-325.94180210926834,-319.28077955839234,5,False,ensemble,5.0,1005.0,28,0.0,0.0,0.0
strict_boundary_05,constant head boundary,R20E,20.0,Theis confined,5e-05,0.001,5.9863084955984446e-05,0.0009377333405509108,,,,0.1800370318526338,-0.06428965551955002,0.1800370318526338,-0.24432668737218377,0.034513551184572326,0.13015810969836364,0.1307113167366385,0.026070694924277143,-109.23191192189951,-106.5675029015491,2,False,ensemble,5.0,405.0,28,0.0,0.0,0.0
strict_boundary_05,constant head boundary,R20E,20.0,Hantush-Jacob leaky,5e-05,0.001,5.806278451324629e-05,0.0009250438009170485,,,99999.99999999806,0.14950191125440151,-0.07791419024804361,0.14950191125440151,-0.22741610150244512,0.03595736915968138,0.13935277481458053,0.1400320495238229,0.0347160849486659,-103.5106364831332,-99.51402295260759,3,True,ensemble,5.0,405.0,28,0.0,0.0,0.0
strict_boundary_05,constant head boundary,R20E,20.0,Lagging Darcy no-leakage,5e-05,0.001,5.148477134735519e-05,0.001017964994177378,10.82329130443267,68.46873598461234,,0.029263056519986227,0.017805530677932082,0.029263056519986227,-0.01145752584205409,0.0009205001235841484,0.011923775052054919,0.01192419888449403,0.002599064958327006,-240.8821504981329,-235.55333245743208,4,False,ensemble,5.0,405.0,28,0.0,0.0,0.0
strict_boundary_05,constant head boundary,R20E,20.0,Lagging Darcy with leakage,5e-05,0.001,5.148551189284055e-05,0.0010179499261434351,10.787206517300023,68.41738263379536,24440.294452719718,0.029277440193839804,0.017790728454329635,0.029277440193839804,-0.011486711739510226,0.0009148592550054499,0.011924545685313242,0.011924969599941564,0.002601456364036498,-238.88065480966412,-232.2196322587881,5,False,ensemble,5.0,405.0,28,0.0,0.0,0.0
strict_boundary_05,constant head boundary,R50E,50.24937810560445,Theis confined,5e-05,0.001,5.943961386224207e-05,0.001012572875326845,,,,0.17293789869918805,0.012494493039887561,0.17293789869918805,-0.16044340565930046,0.009999560750597531,0.055387006209699885,0.05542951133321879,0.007550357094412549,-158.11846130817483,-155.45405228782442,2,False,ensemble,5.0,405.0,28,0.0,0.0,0.0
strict_boundary_05,constant head boundary,R50E,50.24937810560445,Hantush-Jacob leaky,5e-05,0.001,5.9380727947965135e-05,0.001012046375156036,,,99999.99999925253,0.17194672297623084,0.011974395068328987,0.17194672297623084,-0.159972327907902,0.010030311353948733,0.05561956507417561,0.05566260809180046,0.007669249619498693,-155.88586852253601,-151.8892549920104,3,True,ensemble,5.0,405.0,28,0.0,0.0,0.0
strict_boundary_05,constant head boundary,R50E,50.24937810560445,Lagging Darcy no-leakage,5e-05,0.001,5.222739743420405e-05,0.0010324805831511664,410.5360940622157,637.9918848949679,,0.04358420683358495,0.03196424001149207,0.04358420683358495,-0.011619966822092955,0.0004947328626489082,0.004400913545077037,0.004400934854420485,0.0005951043305117855,-296.5065422959017,-291.17772425520087,4,False,ensemble,5.0,405.0,28,0.0,0.0,0.0
strict_boundary_05,constant head boundary,R50E,50.24937810560445,Lagging Darcy with leakage,5e-05,0.001,5.222746834065897e-05,0.0010324799373697168,410.5167736478307,637.9669233482205,76183.86931703794,0.04358556448129993,0.031963614545345645,0.04358556448129993,-0.01162194993595429,0.000494707392798685,0.004400948886889361,0.0044009701967499875,0.0005951967945185631,-294.506135696021,-287.845113145145,5,False,ensemble,5.0,405.0,28,0.0,0.0,0.0
strict_boundary_05,constant head boundary,R100E,100.4987562112089,Theis confined,5e-05,0.001,6.526746846155259e-05,0.0010804865219409194,,,,0.26647072083101686,0.07741142297762794,0.26647072083101686,-0.18905929785338896,0.006021033755734851,0.03372885956392164,0.03373845462882009,0.002015280379658086,-185.91441735288535,-183.25000833253495,2,False,ensemble,5.0,405.0,28,0.0,0.0,0.0
strict_boundary_05,constant head boundary,R100E,100.4987562112089,Hantush-Jacob leaky,5e-05,0.001,6.526710638822199e-05,0.0010804829701930524,,,99999.99999973072,0.2664651732842307,0.07740813579761004,0.2664651732842307,-0.1890570374866208,0.0060211483757237364,0.03372959764551809,0.03373919334042755,0.0020154312964006426,-183.91319702863163,-179.916583498106,3,True,ensemble,5.0,405.0,28,0.0,0.0,0.0
strict_boundary_05,constant head boundary,R100E,100.4987562112089,Lagging Darcy no-leakage,5e-05,0.001,5.586228473989936e-05,0.0010543328479915204,1246.0948932352064,1841.1486094795966,,0.11086645543217778,0.05290819532477485,0.11086645543217778,-0.05795826010740292,6.208947411104501e-05,0.001857590443484065,0.0018575920459479149,0.00022212876085419707,-345.14047738495003,-339.8116593442492,4,False,ensemble,5.0,405.0,28,0.0,0.0,0.0
strict_boundary_05,constant head boundary,R100E,100.4987562112089,Lagging Darcy with leakage,5e-05,0.001,5.40046126370058e-05,0.001035394986951487,1382.0019848831762,2035.0530296350123,434.38188578913133,0.07704645669192699,0.034782983819980275,0.07704645669192699,-0.04226347287194677,0.00011619461644511344,0.0016308449444504686,0.0016308460288040364,0.00014065053003811057,-350.31607370497824,-343.65505115410224,5,False,ensemble,5.0,405.0,28,0.0,0.0,0.0
strict_boundary_05,constant head boundary,R100N,100.4987562112089,Theis confined,5e-05,0.001,6.526747152144417e-05,0.0010804865619041,,,,0.266470767713355,0.07741145996391051,0.266470767713355,-0.18905930774944454,0.006021037671863066,0.03372886039745157,0.03373845546305894,0.0020152814203462585,-185.91441484808368,-183.25000582773328,2,False,ensemble,5.0,405.0,28,0.0,0.0,0.0
strict_boundary_05,constant head boundary,R100N,100.4987562112089,Hantush-Jacob leaky,5e-05,0.001,6.526710946449946e-05,0.00108048301026995,,,99999.99999972805,0.26646522041788767,0.07740817288926045,0.26646522041788767,-0.18905704752862712,0.006021152283389759,0.03372959848141117,0.033739194177033825,0.0020154323427669,-183.91319452260743,-179.9165809920818,3,True,ensemble,5.0,405.0,28,0.0,0.0,0.0
strict_boundary_05,constant head boundary,R100N,100.4987562112089,Lagging Darcy no-leakage,5e-05,0.001,5.5862127396666534e-05,0.001054332836143442,1246.2089878860545,1841.2860111165023,,0.11086363880097207,0.052908184087262534,0.11086363880097207,-0.057955454713709595,6.220810487222256e-05,0.0018575729063182876,0.0018575745087367871,0.00022214142180805062,-345.1408815197104,-339.81206347900957,4,False,ensemble,5.0,405.0,28,0.0,0.0,0.0
strict_boundary_05,constant head boundary,R100N,100.4987562112089,Lagging Darcy with leakage,5e-05,0.001,5.40016318923087e-05,0.0010353660048129428,1382.3278022068419,2035.4957639034221,434.0450209011931,0.0769912609074453,0.034754992044337074,0.0769912609074453,-0.04223626886310825,0.00011638371394617846,0.0016308230330704244,0.0016308241174158742,0.00014055098604802166,-350.3163445136169,-343.6553219627409,5,False,ensemble,5.0,405.0,28,0.0,0.0,0.0
strict_boundary_06,constant head boundary,R20E,20.615528128088304,Theis confined,5e-05,0.001,5.8025683770029917e-05,0.0009658366812684557,,,,0.14886273072203413,-0.034760526072937274,0.14886273072203413,-0.18362325679497152,0.026139556657866603,0.10421530956383022,0.10449891707777802,0.021127439988707624,-121.88122559741387,-119.21681657706347,2,False,ensemble,5.0,505.0,28,0.0,0.0,0.0
strict_boundary_06,constant head boundary,R20E,20.615528128088304,Hantush-Jacob leaky,5e-05,0.001,5.653133681620637e-05,0.0009541662540481611,,,99999.99999999611,0.12277211288686452,-0.04691735222645369,0.12277211288686452,-0.1696894651133181,0.027256910037743266,0.11245239036128318,0.11280883401741425,0.028907715746593635,-115.73490653803879,-111.73829300751318,3,True,ensemble,5.0,505.0,28,0.0,0.0,0.0
strict_boundary_06,constant head boundary,R20E,20.615528128088304,Lagging Darcy no-leakage,5e-05,0.001,5.128870125932453e-05,0.001030098944065196,17.832452068699684,68.13072154008859,,0.025447474134099677,0.0296548598270862,0.025447474134099677,0.004207385692986395,0.0014423253726212116,0.010645350218041444,0.010645651817199134,0.002382278208064461,-246.87766199792557,-241.54884395722476,4,False,ensemble,5.0,505.0,28,0.0,0.0,0.0
strict_boundary_06,constant head boundary,R20E,20.615528128088304,Lagging Darcy with leakage,5e-05,0.001,5.128919790220651e-05,0.0010300910726644993,17.812533335874427,68.10267022806774,53462.672636747346,0.025457157367740426,0.02964721839534185,0.025457157367740426,0.004190061027601252,0.001440382387547201,0.010645680414188558,0.010645982041415451,0.0023836729643993177,-244.87736577783943,-238.2163432269634,5,False,ensemble,5.0,505.0,28,0.0,0.0,0.0
strict_boundary_06,constant head boundary,R50E,50.99019513592785,Theis confined,5e-05,0.001,5.925966486975534e-05,0.00101337769144861,,,,0.16990588144909405,0.013289000247812134,0.16990588144909405,-0.15661688120128198,0.00971916142582874,0.0544608930275449,0.054501300592271526,0.007590482891567539,-159.08370769893378,-156.41929867858337,2,False,ensemble,5.0,505.0,28,0.0,0.0,0.0
strict_boundary_06,constant head boundary,R50E,50.99019513592785,Hantush-Jacob leaky,5e-05,0.001,5.920584933912083e-05,0.0010128946045128873,,,99999.99999924577,0.1689973379848508,0.012812176924670063,0.1689973379848508,-0.15618516106018068,0.009747307369726376,0.05468201681309182,0.054722918776739855,0.007701629847508332,-156.85887019062775,-152.86225666010213,3,True,ensemble,5.0,505.0,28,0.0,0.0,0.0
strict_boundary_06,constant head boundary,R50E,50.99019513592785,Lagging Darcy no-leakage,5e-05,0.001,5.2039767343526544e-05,0.0010325764494589133,443.14035117247136,678.9028728328972,,0.039985177482232084,0.032057086171478996,0.039985177482232084,-0.007928091310753053,0.000498200289762238,0.004745295785665525,0.004745322499230513,0.0007834728901403603,-292.3337325210334,-287.0049144803326,4,False,ensemble,5.0,505.0,28,0.0,0.0,0.0
strict_boundary_06,constant head boundary,R50E,50.99019513592785,Lagging Darcy with leakage,5e-05,0.001,5.203990979089547e-05,0.0010325747274707367,443.0725326137919,678.8191830766494,99966.04349429999,0.03998791475761273,0.03205541850840817,0.03998791475761273,-0.007932496249204496,0.0004977920857012216,0.004745362841948187,0.004745389556653452,0.0007835857133635288,-290.3334684679278,-283.6724459170518,5,True,ensemble,5.0,505.0,28,0.0,0.0,0.0
strict_boundary_06,constant head boundary,R100E,101.9803902718557,Theis confined,5e-05,0.001,6.435773290185315e-05,0.0010716697115188965,,,,0.2524340908091912,0.06921791024813326,0.2524340908091912,-0.18321618056105793,0.006176645853156528,0.03573099606299167,0.03574240357404548,0.002416898701119384,-182.7410283003285,-180.0766192799781,2,False,ensemble,5.0,505.0,28,0.0,0.0,0.0
strict_boundary_06,constant head boundary,R100E,101.9803902718557,Hantush-Jacob leaky,5e-05,0.001,6.435741946304432e-05,0.0010716666332596125,,,99999.99999995952,0.25242922053862754,0.06921503784848267,0.25242922053862754,-0.1832141826901448,0.006176748996576604,0.0357317226605719,0.03574313086768667,0.002417034991643556,-180.73989566028123,-176.7432821297556,3,True,ensemble,5.0,505.0,28,0.0,0.0,0.0
strict_boundary_06,constant head boundary,R100E,101.9803902718557,Lagging Darcy no-leakage,5e-05,0.001,5.385702900629532e-05,0.0010411397264099096,1603.6704039593326,2330.8209665523455,,0.07430991902085082,0.040316003882093825,0.07430991902085082,-0.033993915138756985,0.00018541674877211968,0.002051363916886235,0.002051366074978568,0.0001369985123305619,-339.38008734600453,-334.0512693053037,4,False,ensemble,5.0,505.0,28,0.0,0.0,0.0
strict_boundary_06,constant head boundary,R100E,101.9803902718557,Lagging Darcy with leakage,5e-05,0.001,5.385688441998169e-05,0.001041139203615353,1603.7402771232169,2330.9082509641817,96837.40470348667,0.07430723438505896,0.04031550174518124,0.07430723438505896,-0.03399173263987775,0.00018546741523040616,0.002051373500793045,0.0020513756588927705,0.00013698255154518112,-337.3796993393601,-330.7186767884841,5,False,ensemble,5.0,505.0,28,0.0,0.0,0.0
strict_boundary_06,constant head boundary,R100N,101.9803902718557,Theis confined,5e-05,0.001,6.435772819030956e-05,0.001071669662543561,,,,0.25243401760052536,0.06921786454810445,0.25243401760052536,-0.18321615305242092,0.00617663914125494,0.035731005121305365,0.03574241264103666,0.002416900003621667,-182.74101635935244,-180.07660733900204,2,False,ensemble,5.0,505.0,28,0.0,0.0,0.0
strict_boundary_06,constant head boundary,R100N,101.9803902718557,Hantush-Jacob leaky,5e-05,0.001,6.435741470713598e-05,0.0010716665838419448,,,99999.99999995969,0.25242914664025556,0.06921499173557093,0.25242914664025556,-0.18321415490468473,0.006176742228879306,0.03573173172896584,0.03574313994476839,0.0024170362764489887,-180.73988371942025,-176.74327018889463,3,True,ensemble,5.0,505.0,28,0.0,0.0,0.0
strict_boundary_06,constant head boundary,R100N,101.9803902718557,Lagging Darcy no-leakage,5e-05,0.001,5.38570178284953e-05,0.0010411397041083918,1603.6812566202527,2330.8337990957784,,0.07430971147503211,0.040315982461800834,0.07430971147503211,-0.03399372901323138,0.0001854231307851179,0.0020513671462270276,0.002051369304331257,0.00013699916500347882,-339.37998373554035,-334.05116569483954,4,False,ensemble,5.0,505.0,28,0.0,0.0,0.0
strict_boundary_06,constant head boundary,R100N,101.9803902718557,Lagging Darcy with leakage,5e-05,0.001,5.385717961165693e-05,0.0010411395747755303,1603.562993989174,2330.6872902513346,99997.95867913087,0.07431271540887681,0.04031585823940392,0.07431271540887681,-0.03399685716947311,0.00018533066991693105,0.0020513892878195944,0.002051391446007586,0.0001370331309376095,-337.3796189277228,-330.7185963768468,5,True,ensemble,5.0,505.0,28,0.0,0.0,0.0
strict_boundary_07,constant head boundary,R20E,18.027756377319946,Theis confined,5e-05,0.001,5.6091579699443026e-05,0.0010038693238895195,,,,0.11496270135111875,0.0038618573100504747,0.11496270135111875,-0.11110084404106826,0.026786698773081995,0.09801836587111427,0.09825426809850264,0.018991818474200183,-124.99521425174032,-122.33080523138992,2,False,ensemble,5.0,605.0,28,0.0,0.0,0.0
strict_boundary_07,constant head boundary,R20E,18.027756377319946,Hantush-Jacob leaky,5e-05,0.001,5.4341370606104284e-05,0.000988944136451448,,,99999.99999909905,0.08326282103636622,-0.011117433837012724,0.08326282103636622,-0.09438025487337903,0.028113317016291522,0.10799892079298369,0.10831460592952652,0.029799322780218455,-117.7522529459741,-113.7556394154485,3,True,ensemble,5.0,605.0,28,0.0,0.0,0.0
strict_boundary_07,constant head boundary,R20E,18.027756377319946,Lagging Darcy no-leakage,5e-05,0.001,5.05485776292246e-05,0.0010636153258425404,0.04429168140755459,33.7622023122356,,0.01091180174383313,0.061673789687332635,0.01091180174383313,0.050761987943499495,0.0014342684876333359,0.007911196330559972,0.007911320116740462,0.001159628417751669,-263.09047348704803,-257.7616554463472,4,False,ensemble,5.0,605.0,28,0.0,0.0,0.0
strict_boundary_07,constant head boundary,R20E,18.027756377319946,Lagging Darcy with leakage,5e-05,0.001,5.05482578349734e-05,0.0010636072350427247,0.03464353272877858,33.75023001850569,9606.534927155837,0.010905475250036661,0.061666182773072974,0.010905475250036661,0.05076070752303625,0.0014330011785084757,0.007910933114110685,0.007911056887940625,0.0011621339248841273,-261.0939057315433,-254.4328831806673,5,False,ensemble,5.0,605.0,28,0.0,0.0,0.0
strict_boundary_07,constant head boundary,R50E,51.478150704935004,Theis confined,5e-05,0.001,5.867184653295754e-05,0.0010183035118390556,,,,0.15993699021969562,0.018138018916880973,0.15993699021969562,-0.14179897130281444,0.00874717141960966,0.05011983968693706,0.05015133140357794,0.007028823672525825,-163.77448290671674,-161.11007388636634,2,False,ensemble,5.0,605.0,28,0.0,0.0,0.0
strict_boundary_07,constant head boundary,R50E,51.478150704935004,Hantush-Jacob leaky,5e-05,0.001,5.8623873467958475e-05,0.0010178623052269366,,,99999.99999858355,0.15911900525530676,0.017704648888442056,0.15911900525530676,-0.14141435636686478,0.008771846352013212,0.05032246128679352,0.05035433662346765,0.007129981085251918,-161.55063120753806,-157.55401767701244,3,True,ensemble,5.0,605.0,28,0.0,0.0,0.0
strict_boundary_07,constant head boundary,R50E,51.478150704935004,Lagging Darcy no-leakage,5e-05,0.001,5.1939198728427274e-05,0.0010357452116428185,479.70882403173334,707.0215854041746,,0.038050773818521254,0.03512117888268768,0.038050773818521254,-0.0029295949358336434,0.0004258316325526407,0.004470295054929511,0.004470317388094475,0.0007641718620676797,-295.73288954090987,-290.40407150020906,4,False,ensemble,5.0,605.0,28,0.0,0.0,0.0
strict_boundary_07,constant head boundary,R50E,51.478150704935004,Lagging Darcy with leakage,5e-05,0.001,5.1939451360327e-05,0.001035744130148619,479.62540934288927,706.9195838279991,99998.41929773452,0.038055637799705194,0.03512013471202485,0.038055637799705194,-0.0029355030876804943,0.0004256190487362703,0.004470338912551134,0.004470361246373553,0.0007644027693780228,-293.7326058075964,-287.07158325672043,5,True,ensemble,5.0,605.0,28,0.0,0.0,0.0
strict_boundary_07,constant head boundary,R100E,98.6154146165801,Theis confined,5e-05,0.001,6.353518196137039e-05,0.001066562598095309,,,,0.2395707936790847,0.06444095209221892,0.2395707936790847,-0.17512984158686587,0.00614076048184397,0.03596484202450489,0.03597647501885601,0.0026152115425259795,-182.39626434589468,-179.73185532554427,2,False,ensemble,5.0,605.0,28,0.0,0.0,0.0
strict_boundary_07,constant head boundary,R100E,98.6154146165801,Hantush-Jacob leaky,5e-05,0.001,6.353477254854996e-05,0.0010665585822650305,,,99999.99996968418,0.23956434978253946,0.06443718687689452,0.23956434978253946,-0.17512716290564492,0.006140899582463922,0.03596587754448788,0.03597751154387934,0.0026154184627996823,-180.39466207642795,-176.39804854590233,3,True,ensemble,5.0,605.0,28,0.0,0.0,0.0
strict_boundary_07,constant head boundary,R100E,98.6154146165801,Lagging Darcy no-leakage,5e-05,0.001,5.340224752505993e-05,0.0010395225738564207,1596.4404576214822,2292.038088396451,,0.06582982813657608,0.038761544151732844,0.06582982813657608,-0.027068283984843164,0.0002019131015268061,0.00244342392840241,0.002443427575435111,0.00020588731297157216,-329.6245891846682,-324.2957711439674,4,False,ensemble,5.0,605.0,28,0.0,0.0,0.0
strict_boundary_07,constant head boundary,R100E,98.6154146165801,Lagging Darcy with leakage,5e-05,0.001,5.340193812893972e-05,0.0010395222088470126,1596.6521705075697,2292.2974055090513,99958.28505792994,0.06582403442880481,0.03876119301989473,0.06582403442880481,-0.02706284140891004,0.000202124611241473,0.0024434210016087963,0.0024434246486015236,0.0002058442751945961,-327.624243085878,-320.963220535002,5,True,ensemble,5.0,605.0,28,0.0,0.0,0.0
strict_boundary_07,constant head boundary,R100N,98.6154146165801,Theis confined,5e-05,0.001,6.353517983242724e-05,0.0010665625742072597,,,,0.23957076017098533,0.06444092969498726,0.23957076017098533,-0.1751298304759982,0.006140740688135146,0.035964845851576166,0.03597647884964249,0.00261521257953055,-182.39626385883756,-179.73185483848715,2,False,ensemble,5.0,605.0,28,0.0,0.0,0.0
strict_boundary_07,constant head boundary,R100N,98.6154146165801,Hantush-Jacob leaky,5e-05,0.001,6.353477040525575e-05,0.001066558558239742,,,99999.99996968739,0.239564316048347,0.06443716435090363,0.239564316048347,-0.1751271516974434,0.006140879773652702,0.035965881374572385,0.03597751537768145,0.002615419493766978,-180.39466158883965,-176.39804805831403,3,True,ensemble,5.0,605.0,28,0.0,0.0,0.0
strict_boundary_07,constant head boundary,R100N,98.6154146165801,Lagging Darcy no-leakage,5e-05,0.001,5.3402500665107206e-05,0.0010395230613461236,1596.3125520510034,2291.8771283712995,,0.06583456837615452,0.0387620131070021,0.06583456837615452,-0.027072555269152324,0.00020183982523035664,0.0024434347711908455,0.0024434384182518204,0.00020593786472899542,-329.6244853088087,-324.2956672681079,4,False,ensemble,5.0,605.0,28,0.0,0.0,0.0
strict_boundary_07,constant head boundary,R100N,98.6154146165801,Lagging Darcy with leakage,5e-05,0.001,5.340230834750827e-05,0.0010395219942955752,1596.3825412989734,2291.9650513036268,59787.90224164505,0.06583096708515063,0.038760986625593755,0.06583096708515063,-0.02706998045955675,0.00020189594969007818,0.002443471385151266,0.002443475032360859,0.00020592561948964223,-327.6235426452012,-320.9625200943252,5,False,ensemble,5.0,605.0,28,0.0,0.0,0.0
strict_boundary_08,constant head boundary,R20E,21.213203435596427,Theis confined,5e-05,0.001,5.573760907759093e-05,0.001010078662748012,,,,0.1086321215110368,0.010028211729296747,0.1086321215110368,-0.09860390978174,0.01860737918528847,0.07743132461091706,0.07754753171938034,0.01517525465373617,-138.6581309303191,-135.99372190996868,2,False,ensemble,5.0,805.0,28,0.0,0.0,0.0
strict_boundary_08,constant head boundary,R20E,21.213203435596427,Hantush-Jacob leaky,5e-05,0.001,5.455465704621889e-05,0.0009995461932169095,,,99999.99999916762,0.08718007527328711,-0.0004539097845516918,0.08718007527328711,-0.08763398505783888,0.019425719297483286,0.0843170057628518,0.08446708789319968,0.02195439224967748,-132.01557290135693,-128.0189593708313,3,True,ensemble,5.0,805.0,28,0.0,0.0,0.0
strict_boundary_08,constant head boundary,R20E,21.213203435596427,Lagging Darcy no-leakage,5e-05,0.001,5.0818467833919655e-05,0.0010570095365917483,20.27955118341102,60.2204246604477,,0.016236823129410067,0.055443729166934456,0.016236823129410067,0.03920690603752441,0.0012666335935339983,0.006514974800654148,0.0065150439331295084,0.0014494196951258022,-273.826206401969,-268.4973883612682,4,False,ensemble,5.0,805.0,28,0.0,0.0,0.0
strict_boundary_08,constant head boundary,R20E,21.213203435596427,Lagging Darcy with leakage,5e-05,0.001,5.081838911465259e-05,0.0010570108700560827,20.287121707843404,60.229656296201625,99974.40421532567,0.0162352740994728,0.05544499071041844,0.0162352740994728,0.039209716610945355,0.0012673121151999278,0.006514856589718813,0.006514925718419598,0.0014492682495304617,-271.8260523072188,-265.1650297563428,5,True,ensemble,5.0,805.0,28,0.0,0.0,0.0
strict_boundary_08,constant head boundary,R50E,49.49747468305833,Theis confined,5e-05,0.001,5.82080439048923e-05,0.001018859200975832,,,,0.15200055118319333,0.018683570970296385,0.15200055118319333,-0.13331698021289715,0.008536226159140988,0.04910768772508428,0.04913730920025613,0.0071047169699582574,-164.92380714202488,-162.25939812167448,2,False,ensemble,5.0,805.0,28,0.0,0.0,0.0
strict_boundary_08,constant head boundary,R50E,49.49747468305833,Hantush-Jacob leaky,5e-05,0.001,5.8150686166344756e-05,0.0010183268967829682,,,99999.99999907152,0.15101467340404978,0.018160983264083743,0.15101467340404978,-0.13285369013996598,0.008565942472455559,0.04935784957833252,0.049387926206443035,0.007234962889873373,-162.6419873381853,-158.64537380765967,3,True,ensemble,5.0,805.0,28,0.0,0.0,0.0
strict_boundary_08,constant head boundary,R50E,49.49747468305833,Lagging Darcy no-leakage,5e-05,0.001,5.1837206968310246e-05,0.0010374365765905126,450.1996514023905,655.9459438446523,,0.036085167238291506,0.036752840257044554,0.036085167238291506,0.0006676730187529454,0.0004116899000362503,0.004438534754064391,0.0044385566146048945,0.0007889302282158677,-296.14572391619396,-290.81690587549315,4,False,ensemble,5.0,805.0,28,0.0,0.0,0.0
strict_boundary_08,constant head boundary,R50E,49.49747468305833,Lagging Darcy with leakage,5e-05,0.001,5.1837154435667934e-05,0.0010374356903004613,450.1869457255319,655.931500328871,44927.39631714618,0.036084153822021514,0.036751985948983774,0.036084153822021514,0.0006678321269621411,0.0004116183697191117,0.004438654938220007,0.004438676800534859,0.0007889843654359323,-294.14430703761354,-287.48328448673755,5,False,ensemble,5.0,805.0,28,0.0,0.0,0.0
strict_boundary_08,constant head boundary,R100E,102.59142264341595,Theis confined,5e-05,0.001,6.387475543670065e-05,0.0010711651423524432,,,,0.24490121430875503,0.06874697411895177,0.24490121430875503,-0.1761542401898032,0.005916456592330263,0.0347395784940926,0.03475006239340262,0.0023977147103520255,-184.34152686797478,-181.67711784762437,2,False,ensemble,5.0,805.0,28,0.0,0.0,0.0
strict_boundary_08,constant head boundary,R100E,102.59142264341595,Hantush-Jacob leaky,5e-05,0.001,6.387447126110831e-05,0.0010711623210241084,,,99999.99999963942,0.2448967653488718,0.06874434022811765,0.2448967653488718,-0.17615242512075413,0.005916550198576896,0.03474025384758563,0.03475073835844608,0.002397838573199877,-182.34044413070066,-178.34383060017504,3,True,ensemble,5.0,805.0,28,0.0,0.0,0.0
strict_boundary_08,constant head boundary,R100E,102.59142264341595,Lagging Darcy no-leakage,5e-05,0.001,5.3483827878075477e-05,0.001040245736955531,1722.3269779679042,2462.373199880025,,0.06735632012440974,0.03945697077641558,0.06735632012440974,-0.027899349347994356,0.0001846908915305667,0.0023350998100148145,0.0023351029931737107,0.00018947110934021158,-332.18046803425693,-326.8516499935561,4,False,ensemble,5.0,805.0,28,0.0,0.0,0.0
strict_boundary_08,constant head boundary,R100E,102.59142264341595,Lagging Darcy with leakage,5e-05,0.001,5.348314998359739e-05,0.0010402361699522983,1722.2001912316239,2462.2361513731844,19226.581273180367,0.0673436452879014,0.03944777386564095,0.0673436452879014,-0.027895871422260327,0.00018457377057684124,0.0023354939001400694,0.0023354970848786247,0.00018955845376208833,-330.1713074763227,-323.5102849254467,5,False,ensemble,5.0,805.0,28,0.0,0.0,0.0
strict_boundary_08,constant head boundary,R100N,102.59142264341595,Theis confined,5e-05,0.001,6.387475408638062e-05,0.0010711651366045053,,,,0.24490119316863437,0.06874696875289038,0.24490119316863437,-0.17615422441574394,0.005916433108639959,0.03473958080638095,0.03475006470778368,0.0023977147307621648,-184.3415297400954,-181.677120719745,2,False,ensemble,5.0,805.0,28,0.0,0.0,0.0
strict_boundary_08,constant head boundary,R100N,102.59142264341595,Hantush-Jacob leaky,5e-05,0.001,6.387446991852039e-05,0.0010711623153335122,,,99999.99999963799,0.24489674432970865,0.06874433491557433,0.24489674432970865,-0.17615240941413424,0.00591652671201683,0.03474025616035362,0.03475074067330607,0.0023978385961222312,-182.3404470027851,-178.3438334722595,3,True,ensemble,5.0,805.0,28,0.0,0.0,0.0
strict_boundary_08,constant head boundary,R100N,102.59142264341595,Lagging Darcy no-leakage,5e-05,0.001,5.348419769289017e-05,0.0010402462593304726,1722.0804122356196,2462.0691210221858,,0.06736323461708586,0.03945747294123259,0.06736323461708586,-0.027905761675853298,0.00018449745901228702,0.002335111743646037,0.0023351149268249238,0.00018952938364920162,-332.1805615301239,-326.8517434894231,4,False,ensemble,5.0,805.0,28,0.0,0.0,0.0
strict_boundary_08,constant head boundary,R100N,102.59142264341595,Lagging Darcy with leakage,5e-05,0.001,5.348388800709802e-05,0.0010402432271747518,1722.1128867448367,2462.114846659888,35218.06918501951,0.06735744437058143,0.039454558092837155,0.06735744437058143,-0.02790288627774435,0.00018450818086973442,0.0023352255298190673,0.0023352287134591775,0.00018953813558194687,-330.17782942775534,-323.51680687687934,5,False,ensemble,5.0,805.0,28,0.0,0.0,0.0
strict_boundary_09,constant head boundary,R20E,18.027756377319946,Theis confined,5e-05,0.001,5.609123842558357e-05,0.0010038662373052537,,,,0.11495661710639811,0.0038587826180189228,0.11495661710639811,-0.11109783448837929,0.02678692128564954,0.09802008466230452,0.09825599931640498,0.0189952324697137,-124.99426942585677,-122.32986040550637,2,False,ensemble,5.0,1005.0,28,0.0,0.0,0.0
strict_boundary_09,constant head boundary,R20E,18.027756377319946,Hantush-Jacob leaky,5e-05,0.001,5.434103171170061e-05,0.0009889411585648222,,,99999.99999909656,0.0832565846191276,-0.011120445019343013,0.0832565846191276,-0.09437702963847074,0.028113570412553197,0.1080022361685028,0.1083179504260143,0.029804315796715657,-117.75061359986778,-113.75400006934217,3,True,ensemble,5.0,1005.0,28,0.0,0.0,0.0
strict_boundary_09,constant head boundary,R20E,18.027756377319946,Lagging Darcy no-leakage,5e-05,0.001,5.054885567124703e-05,0.0010636013324179206,0.009230219266637276,33.71795861949079,,0.010917302220222126,0.06166063312938091,0.010917302220222126,0.050743330909158724,0.0014299598391578371,0.007907446698749824,0.007907570308998683,0.0011653981766104758,-263.12168878588835,-257.79287074518754,4,False,ensemble,5.0,1005.0,28,0.0,0.0,0.0
strict_boundary_09,constant head boundary,R20E,18.027756377319946,Lagging Darcy with leakage,5e-05,0.001,5.054743940161273e-05,0.0010636068622829804,0.042872763359605486,33.76207260547009,8290.305698837938,0.010889283990011527,0.06166583230553456,0.010889283990011527,0.050776548315522974,0.0014334662819392894,0.007914089671867446,0.007914213593908814,0.0011658765403843264,-261.07170264541935,-254.41068009454332,5,False,ensemble,5.0,1005.0,28,0.0,0.0,0.0
strict_boundary_09,constant head boundary,R50E,51.478150704935004,Theis confined,5e-05,0.001,5.867014030041354e-05,0.0010182867118059462,,,,0.15990790885521267,0.018121520720125767,0.15990790885521267,-0.14178638813508707,0.00874790132457258,0.05012836426524096,0.05015987205892709,0.007034459470922794,-163.7651075480612,-161.1006985277108,2,False,ensemble,5.0,1005.0,28,0.0,0.0,0.0
strict_boundary_09,constant head boundary,R50E,51.478150704935004,Hantush-Jacob leaky,5e-05,0.001,5.862216446155977e-05,0.0010178455044833965,,,99999.99999861002,0.15908985277512047,0.017688142842279243,0.15908985277512047,-0.14140170993284132,0.008772582841511365,0.05033117554469025,0.05036306744945885,0.007135710550639604,-161.54108719163116,-157.54447366110554,3,True,ensemble,5.0,1005.0,28,0.0,0.0,0.0
strict_boundary_09,constant head boundary,R50E,51.478150704935004,Lagging Darcy no-leakage,5e-05,0.001,5.1935925490009536e-05,0.0010357346565942449,479.9560459128033,707.3655544146376,,0.03798775125285031,0.035110988053671625,0.03798775125285031,-0.002876763199178782,0.00042630097288447335,0.0044813117736018,0.00448133427230433,0.0007697207889885499,-295.59576032293705,-290.26694228223624,4,False,ensemble,5.0,1005.0,28,0.0,0.0,0.0
strict_boundary_09,constant head boundary,R50E,51.478150704935004,Lagging Darcy with leakage,5e-05,0.001,5.193557783989843e-05,0.0010357369056059195,480.08760081372196,707.5267314534087,99660.41136644903,0.0379810574032387,0.03511315946815347,0.0379810574032387,-0.002867897935085247,0.0004268645630604776,0.004481279899347716,0.004481302397565786,0.0007694870840054547,-293.5954661490207,-286.9344435981447,5,False,ensemble,5.0,1005.0,28,0.0,0.0,0.0
strict_boundary_09,constant head boundary,R100E,98.6154146165801,Theis confined,5e-05,0.001,6.35219884348057e-05,0.001066426194938755,,,,0.23936311509516892,0.06431305347673094,0.23936311509516892,-0.175050061618438,0.006144482755764617,0.03600768373189779,0.03601935835533616,0.002625673735051961,-182.33055629057623,-179.66614727022582,2,False,ensemble,5.0,1005.0,28,0.0,0.0,0.0
strict_boundary_09,constant head boundary,R100E,98.6154146165801,Hantush-Jacob leaky,5e-05,0.001,6.352157891221458e-05,0.0010664221788688243,,,99999.99997090631,0.23935666813213619,0.06430928755508368,0.23935666813213619,-0.1750473805770525,0.00614462215057248,0.03600872244591311,0.03602039807989682,0.0026258810897246726,-180.32895099402808,-176.33233746350245,3,True,ensemble,5.0,1005.0,28,0.0,0.0,0.0
strict_boundary_09,constant head boundary,R100E,98.6154146165801,Lagging Darcy no-leakage,5e-05,0.001,5.337125947721694e-05,0.001039341451997982,1602.288114197744,2300.0638909895265,,0.06524938361277928,0.03858729335259988,0.06524938361277928,-0.026662090260179436,0.00020459637882083522,0.0024896572265556928,0.0024896610845375994,0.00021418859023600631,-328.57705469821207,-323.24823665751126,4,False,ensemble,5.0,1005.0,28,0.0,0.0,0.0
strict_boundary_09,constant head boundary,R100E,98.6154146165801,Lagging Darcy with leakage,5e-05,0.001,5.33711917768545e-05,0.0010393374121423565,1602.0862626840615,2299.822125966438,28243.281191551614,0.06524811513221428,0.03858340640719886,0.06524811513221428,-0.026664708725015505,0.00020442380803909027,0.002489858688648416,0.0024898625475789763,0.00021427373793313562,-326.5728832070685,-319.9118606561925,5,False,ensemble,5.0,1005.0,28,0.0,0.0,0.0
strict_boundary_09,constant head boundary,R100N,98.6154146165801,Theis confined,5e-05,0.001,6.352198851208339e-05,0.0010664261956678462,,,,0.23936311631171908,0.0643130541604083,0.23936311631171908,-0.17505006215131094,0.006144462551588267,0.03600768337628978,0.03601935799938035,0.0026256737591110273,-182.33056222497072,-179.66615320462031,2,False,ensemble,5.0,1005.0,28,0.0,0.0,0.0
strict_boundary_09,constant head boundary,R100N,98.6154146165801,Hantush-Jacob leaky,5e-05,0.001,6.352157898768481e-05,0.001066422179553709,,,99999.99997083456,0.23935666932024,0.0643092881973104,0.23935666932024,-0.1750473811229296,0.00614460192774491,0.03600872209369209,0.036020397727332475,0.0026258811122980025,-180.3289569280898,-176.3323433975642,3,True,ensemble,5.0,1005.0,28,0.0,0.0,0.0
strict_boundary_09,constant head boundary,R100N,98.6154146165801,Lagging Darcy no-leakage,5e-05,0.001,5.337147014766391e-05,0.0010393416132276243,1602.1483261606088,2299.8915456275054,,0.0652533308689103,0.03858744847931929,0.0652533308689103,-0.026665882389590997,0.00020445778240533885,0.0024896690296011014,0.002489672887608551,0.00021422500280736232,-328.5770547968282,-323.24823675612737,4,False,ensemble,5.0,1005.0,28,0.0,0.0,0.0
strict_boundary_09,constant head boundary,R100N,98.6154146165801,Lagging Darcy with leakage,5e-05,0.001,5.337107939249935e-05,0.0010393410283121632,1602.3929523357044,2300.193303060612,91601.27467970573,0.0652460094180689,0.038586885704175566,0.0652460094180689,-0.02665912371389336,0.00020468159097130576,0.002489668103915656,0.002489671961944222,0.0002141680328227248,-326.5766494955584,-319.9156269446824,5,False,ensemble,5.0,1005.0,28,0.0,0.0,0.0
strict_heterogeneous_00,heterogeneous K,R20E,20.0,Theis confined,5.352127206760688e-05,0.001,6.537269799246325e-05,0.000869022833254406,,,,0.20002552579587107,-0.14038587874040934,0.20002552579587107,-0.3404114045362803,0.03710990869028282,0.13793981138764086,0.13859857856703225,0.027872326231162963,-105.92433372720434,-103.25992470685394,2,False,ensemble,5.0,605.0,28,0.3,10.0,1.1626644819969412
strict_heterogeneous_00,heterogeneous K,R20E,20.0,Hantush-Jacob leaky,5.352127206760688e-05,0.001,6.30164353418106e-05,0.0008554528577899731,,,99999.99999999932,0.16331638719323924,-0.15612429203090253,0.16331638719323924,-0.31944067922414165,0.038931502614258214,0.14977095566761145,0.1506147846562521,0.03784479586872126,-99.44627537396656,-95.44966184344095,3,True,ensemble,5.0,605.0,28,0.3,10.0,1.1626644819969412
strict_heterogeneous_00,heterogeneous K,R20E,20.0,Lagging Darcy no-leakage,5.352127206760688e-05,0.001,5.5958132035173344e-05,0.0009526812969459465,8.864939068664528,63.698639186796,,0.04452458526540153,-0.04847485209226641,0.04452458526540153,-0.09299943735766784,0.000825116203319136,0.01673923210112115,0.016740404760694903,0.004556449439550291,-221.98783530259004,-216.65901726188923,4,False,ensemble,5.0,605.0,28,0.3,10.0,1.1626644819969412
strict_heterogeneous_00,heterogeneous K,R20E,20.0,Lagging Darcy with leakage,5.352127206760688e-05,0.001,5.596197352568529e-05,0.0009526182548336109,8.732347713696493,63.504671152953705,13729.686379528255,0.04459323227916564,-0.048541027631225274,0.04459323227916564,-0.09313425991039082,0.0008062836833482858,0.01674180909287971,0.01674298229415213,0.004567164729611565,-219.98241150738733,-213.3213889565113,5,False,ensemble,5.0,605.0,28,0.3,10.0,1.1626644819969412
strict_heterogeneous_00,heterogeneous K,R50E,50.0,Theis confined,5.352127206760688e-05,0.001,6.234848470937623e-05,0.000893485218597953,,,,0.15266018523672995,-0.11262548777864168,0.15266018523672995,-0.2652856730153716,0.010388268290046415,0.057742762944649896,0.05779092826032997,0.008353701694577026,-155.7923110227035,-153.1279020023531,2,False,ensemble,5.0,605.0,28,0.3,10.0,1.1626644819969412
strict_heterogeneous_00,heterogeneous K,R50E,50.0,Hantush-Jacob leaky,5.352127206760688e-05,0.001,6.224786981151938e-05,0.0008927451623722347,,,99999.99999973996,0.1510451312471641,-0.11345411131561331,0.1510451312471641,-0.2644992425627773,0.01044059572091024,0.05816151418764208,0.058210735505252756,0.008572132844343203,-153.39165859973127,-149.39504506920565,3,True,ensemble,5.0,605.0,28,0.3,10.0,1.1626644819969412
strict_heterogeneous_00,heterogeneous K,R50E,50.0,Lagging Darcy no-leakage,5.352127206760688e-05,0.001,5.484929580532403e-05,0.000916616170270397,376.4247653111396,583.5082078368147,,0.024510164468155658,-0.08706646548472179,0.024510164468155658,-0.11157662995287729,0.0005914416565551127,0.005462964425127385,0.005463005184523491,0.001024608197699305,-284.4267681920178,-279.097950151317,4,False,ensemble,5.0,605.0,28,0.3,10.0,1.1626644819969412
strict_heterogeneous_00,heterogeneous K,R50E,50.0,Lagging Darcy with leakage,5.352127206760688e-05,0.001,5.484933752451854e-05,0.0009166153077397178,376.40746764548277,583.4860119466155,97568.19331856414,0.024510925082818654,-0.0870674064795602,0.024510925082818654,-0.11157833156237866,0.0005912497275888865,0.005463015717492899,0.0054630564780416176,0.001024655956544776,-282.42646691829185,-275.76544436741585,5,False,ensemble,5.0,605.0,28,0.3,10.0,1.1626644819969412
strict_heterogeneous_00,heterogeneous K,R100E,100.0,Theis confined,5.352127206760688e-05,0.001,6.287494913966477e-05,0.0009043085484019288,,,,0.16106863589081577,-0.10058466222063586,0.16106863589081577,-0.26165329811145166,0.006712249761664165,0.03864921156408457,0.03866364923328784,0.0030115277074668806,-178.33672595487116,-175.67231693452075,2,False,ensemble,5.0,605.0,28,0.3,10.0,1.1626644819969412
strict_heterogeneous_00,heterogeneous K,R100E,100.0,Hantush-Jacob leaky,5.352127206760688e-05,0.001,6.287419657412833e-05,0.00090430235709614,,,99999.99999385898,0.16105666657631793,-0.10059150869686802,0.16105666657631793,-0.2616481752731859,0.0067125315095929936,0.03865121377065199,0.03866565368424808,0.0030119851771001345,-176.3338416670938,-172.33722813656817,3,True,ensemble,5.0,605.0,28,0.3,10.0,1.1626644819969412
strict_heterogeneous_00,heterogeneous K,R100E,100.0,Lagging Darcy no-leakage,5.352127206760688e-05,0.001,5.310289368731246e-05,0.0008858813215148091,1332.5837166228255,1955.4453517761483,,-0.007847761800810833,-0.1211722859778586,-0.007847761800810833,-0.11332452417704766,0.00021667209781803376,0.0024002865944725655,0.002400290051707566,0.00022358520305684537,-330.5840382368047,-325.2552201961039,4,False,ensemble,5.0,605.0,28,0.3,10.0,1.1626644819969412
strict_heterogeneous_00,heterogeneous K,R100E,100.0,Lagging Darcy with leakage,5.352127206760688e-05,0.001,5.310275944394017e-05,0.0008858808179581237,1332.6302144480837,1955.5040724196595,99998.3617917284,-0.007850289790015473,-0.12117285440256317,-0.007850289790015473,-0.11332256461254757,0.00021668828429896768,0.002400303918696187,0.0024003073760156487,0.00022356358871406928,-328.58360238512176,-321.92257983424577,5,True,ensemble,5.0,605.0,28,0.3,10.0,1.1626644819969412
strict_heterogeneous_00,heterogeneous K,R100N,100.0,Theis confined,5.352127206760688e-05,0.001,6.914287950716605e-05,0.0011534673215306858,,,,0.2560958974951469,0.14277246839134988,0.2560958974951469,-0.11332342910379692,0.006663711516686442,0.03945176834771522,0.03946712442416594,0.002758619814175254,-177.23176924940714,-174.56736022905673,2,False,ensemble,5.0,605.0,28,0.3,10.0,1.1626644819969412
strict_heterogeneous_00,heterogeneous K,R100N,100.0,Hantush-Jacob leaky,5.352127206760688e-05,0.001,6.914247676357236e-05,0.0011534633651912607,,,99999.99998904896,0.25609007267602557,0.14276903843183877,0.25609007267602557,-0.11332103424418691,0.006663816000624823,0.0394527501327903,0.03946810735595957,0.0027587902711999793,-175.23039048168667,-171.23377695116105,3,True,ensemble,5.0,605.0,28,0.3,10.0,1.1626644819969412
strict_heterogeneous_00,heterogeneous K,R100N,100.0,Lagging Darcy no-leakage,5.352127206760688e-05,0.001,5.63272535837953e-05,0.0011193308054714564,1905.4370324497067,2794.8979011486595,,0.05109931226581024,0.1127310116208921,0.05109931226581024,0.06163169935508191,0.0003434943716237562,0.00369874817715558,0.003698760827595774,0.0003031126871912893,-306.35558723022797,-301.02676918952716,4,False,ensemble,5.0,605.0,28,0.3,10.0,1.1626644819969412
strict_heterogeneous_00,heterogeneous K,R100N,100.0,Lagging Darcy with leakage,5.352127206760688e-05,0.001,5.632573486029063e-05,0.0011193017878151227,1904.8580100419572,2794.2076920873915,11095.960425810945,0.051072349403559786,0.1127050871736001,0.051072349403559786,0.06163273777004061,0.0003430375587788756,0.0036998951368275405,0.003699907799038802,0.00030344344562511973,-304.3390378669559,-297.6780153160799,5,False,ensemble,5.0,605.0,28,0.3,10.0,1.1626644819969412
strict_heterogeneous_01,heterogeneous K,R20E,20.615528128088304,Theis confined,5.389497275423923e-05,0.001,7.956368108636998e-05,0.0008662573832617365,,,,0.38952051727000386,-0.14357320526847483,0.38952051727000386,-0.5330937225384785,0.03490314573684408,0.14073992779606048,0.14143974686318841,0.033894462775597906,-105.09420497769904,-102.42979595734863,2,False,ensemble,5.0,605.0,28,0.3,30.0,1.4363328658343504
strict_heterogeneous_01,heterogeneous K,R20E,20.615528128088304,Hantush-Jacob leaky,5.389497275423923e-05,0.001,7.616593290694156e-05,0.0008515234126609435,,,99999.99999950815,0.3458770843134964,-0.16072828347237753,0.3458770843134964,-0.5066053677858741,0.03720820589081552,0.15900805128439494,0.16001843796139148,0.044234993970536964,-96.44464334921804,-92.44802981869243,3,True,ensemble,5.0,605.0,28,0.3,30.0,1.4363328658343504
strict_heterogeneous_01,heterogeneous K,R20E,20.615528128088304,Lagging Darcy no-leakage,5.389497275423923e-05,0.001,6.777926151448108e-05,0.0009624543051193575,20.482004570903484,78.60455274476365,,0.22921906708943512,-0.038268689147848325,0.22921906708943512,-0.2674877562372834,0.001431660453956347,0.042559626462667435,0.04257890603206553,0.01474711385451747,-169.76901143224,-164.4401933915392,4,False,ensemble,5.0,605.0,28,0.3,30.0,1.4363328658343504
strict_heterogeneous_01,heterogeneous K,R20E,20.615528128088304,Lagging Darcy with leakage,5.389497275423923e-05,0.001,6.778896233770259e-05,0.0009623308984131518,20.25440861573553,78.25796119510511,26564.034972867787,0.22936218061504476,-0.03839691821584854,0.22936218061504476,-0.26775909883089327,0.0013944982503699345,0.04256128652296042,0.04258056834904079,0.014762264269564746,-167.76851133307974,-161.10748878220372,5,False,ensemble,5.0,605.0,28,0.3,30.0,1.4363328658343504
strict_heterogeneous_01,heterogeneous K,R50E,52.20153254455275,Theis confined,5.389497275423923e-05,0.001,6.586721965352666e-05,0.0007874704624119508,,,,0.20060368846055351,-0.23892941703410975,0.20060368846055351,-0.4395331054946632,0.0124303075082523,0.07583880846664254,0.07594798644178435,0.012594265072431072,-140.68102092097962,-138.01661190062921,2,False,ensemble,5.0,605.0,28,0.3,30.0,1.4363328658343504
strict_heterogeneous_01,heterogeneous K,R50E,52.20153254455275,Hantush-Jacob leaky,5.389497275423923e-05,0.001,6.572437763682773e-05,0.0007866414750658991,,,99999.99999999237,0.19843269767172164,-0.23998269336466,0.19843269767172164,-0.43841539103638155,0.012509664546045681,0.07645890039077209,0.0765707805884573,0.01286423889198666,-138.2276978176191,-134.23108428709347,3,True,ensemble,5.0,605.0,28,0.3,30.0,1.4363328658343504
strict_heterogeneous_01,heterogeneous K,R50E,52.20153254455275,Lagging Darcy no-leakage,5.389497275423923e-05,0.001,5.441746317130097e-05,0.0008256247301706322,624.8071890933134,991.9765719419134,,0.009647912826840984,-0.19161493052391143,0.009647912826840984,-0.2012628433507522,0.0014164896675464725,0.01220070951385411,0.01220116356913888,0.0019884438260146134,-239.38024060430632,-234.0514225636055,4,False,ensemble,5.0,605.0,28,0.3,30.0,1.4363328658343504
strict_heterogeneous_01,heterogeneous K,R50E,52.20153254455275,Lagging Darcy with leakage,5.389497275423923e-05,0.001,5.441625888870325e-05,0.0008256318204045753,625.0276819351589,992.2947095474805,32749.214299078732,0.009625782138392951,-0.19160634284086406,0.009625782138392951,-0.20123212497925697,0.0014177540540183662,0.012200797688529611,0.01220125175366013,0.0019877873687020845,-237.37915209167357,-230.71812954079755,5,False,ensemble,5.0,605.0,28,0.3,30.0,1.4363328658343504
strict_heterogeneous_01,heterogeneous K,R100E,99.62429422585637,Theis confined,5.389497275423923e-05,0.001,6.715415094629335e-05,0.0009814758559572494,,,,0.21995353338755488,-0.018697864694777338,0.21995353338755488,-0.23865139808233224,0.007062225261202273,0.040849307354719686,0.04086635424197246,0.0029779240840038276,-175.2440435315491,-172.5796345111987,2,False,ensemble,5.0,605.0,28,0.3,30.0,1.4363328658343504
strict_heterogeneous_01,heterogeneous K,R100E,99.62429422585637,Hantush-Jacob leaky,5.389497275423923e-05,0.001,6.715336202385908e-05,0.0009814693205371344,,,99999.99999542927,0.2199417853860197,-0.01870452348504144,0.2199417853860197,-0.23864630887106097,0.007062503012519881,0.04085121407927371,0.04086826335428623,0.0029783210942603824,-173.24144204886622,-169.2448285183406,3,True,ensemble,5.0,605.0,28,0.3,30.0,1.4363328658343504
strict_heterogeneous_01,heterogeneous K,R100E,99.62429422585637,Lagging Darcy no-leakage,5.389497275423923e-05,0.001,5.580918140544167e-05,0.0009599519141334546,1452.9372077366527,2166.4045896625194,,0.0349011934686309,-0.040872085219091366,0.0349011934686309,-0.0757732786877223,0.0002610366765616619,0.0024477920942199095,0.0024477957608143763,0.0001662671559927619,-329.39385931266247,-324.06504127196166,4,False,ensemble,5.0,605.0,28,0.3,30.0,1.4363328658343504
strict_heterogeneous_01,heterogeneous K,R100E,99.62429422585637,Lagging Darcy with leakage,5.389497275423923e-05,0.001,5.580911417023082e-05,0.0009599496003680617,1452.8330112044973,2166.2791883886644,38216.64570666846,0.034899988734039725,-0.040874495515010684,0.034899988734039725,-0.07577448424905034,0.00026091685879745923,0.0024479109795489964,0.00244791464670008,0.00016631798686885698,-327.39147076864253,-320.73044821776654,5,False,ensemble,5.0,605.0,28,0.3,30.0,1.4363328658343504
strict_heterogeneous_01,heterogeneous K,R100N,99.62429422585637,Theis confined,5.389497275423923e-05,0.001,7.820642937327061e-05,0.0010056763120162501,,,,0.37231465752176973,0.005660262463401227,0.37231465752176973,-0.3666543950583686,0.0075137184173193275,0.04499952564467142,0.045022315787505485,0.0034160525192608255,-169.88200813062483,-167.21759911027442,2,False,ensemble,5.0,605.0,28,0.3,30.0,1.4363328658343504
strict_heterogeneous_01,heterogeneous K,R100N,99.62429422585637,Hantush-Jacob leaky,5.389497275423923e-05,0.001,7.820464866586245e-05,0.0010056639404355402,,,99999.99999900046,0.37229188794009355,0.005647960635607369,0.37229188794009355,-0.3666439273044862,0.007514305337048004,0.045003709303085386,0.04502650580477624,0.0034168057073777143,-167.87682536580152,-163.8802118352759,3,True,ensemble,5.0,605.0,28,0.3,30.0,1.4363328658343504
strict_heterogeneous_01,heterogeneous K,R100N,99.62429422585637,Lagging Darcy no-leakage,5.389497275423923e-05,0.001,6.343989987443801e-05,0.0009903746546725256,1794.040207869634,2665.5864014710196,,0.16305579535420725,-0.009671968380345454,0.16305579535420725,-0.17272776373455273,0.0005249709222216824,0.005254669845105618,0.005254706117716265,0.0004560487441937527,-286.65369511912024,-281.32487707841943,4,False,ensemble,5.0,605.0,28,0.3,30.0,1.4363328658343504
strict_heterogeneous_01,heterogeneous K,R100N,99.62429422585637,Lagging Darcy with leakage,5.389497275423923e-05,0.001,6.343891532037896e-05,0.0009903683569001762,1794.1425210034786,2665.734931948849,22790.629819713136,0.16304027575690402,-0.009678327380289032,0.16304027575690402,-0.17271860313719306,0.0005251493487463105,0.005255010286815391,0.0052550465664806065,0.0004560886608696573,-284.64990925342073,-277.98888670254473,5,False,ensemble,5.0,605.0,28,0.3,30.0,1.4363328658343504
strict_heterogeneous_02,heterogeneous K,R20E,18.027756377319946,Theis confined,5.330460524855627e-05,0.001,5.785744235171222e-05,0.0010088301960111527,,,,0.08195936463591218,0.008791437824836776,0.08195936463591218,-0.0731679268110753,0.026761031684435267,0.09650493128497682,0.09673006032831108,0.016979341991273468,-125.80703424266662,-123.14262522231621,2,False,ensemble,5.0,605.0,28,0.3,80.0,1.1877924410313527
strict_heterogeneous_02,heterogeneous K,R20E,18.027756377319946,Hantush-Jacob leaky,5.330460524855627e-05,0.001,5.6006605334112567e-05,0.0009934751702934408,,,99999.99999999718,0.049446906322916734,-0.006546209458145054,0.049446906322916734,-0.055993115781061864,0.028114076328636384,0.10626706076271543,0.10656777797264878,0.027638086412109363,-118.59709376918896,-114.60048023866335,3,True,ensemble,5.0,605.0,28,0.3,80.0,1.1877924410313527
strict_heterogeneous_02,heterogeneous K,R20E,18.027756377319946,Lagging Darcy no-leakage,5.330460524855627e-05,0.001,5.2257449342844445e-05,0.0010686921965895686,0.0020295769938859284,32.77447354393291,,-0.01984027801372615,0.06643565474379125,-0.01984027801372615,0.08627593275751758,0.0016792180952526234,0.007615752443186667,0.0076158628723324885,0.0006011722083677588,-264.78307683525514,-259.45425879455433,4,False,ensemble,5.0,605.0,28,0.3,80.0,1.1877924410313527
strict_heterogeneous_02,heterogeneous K,R20E,18.027756377319946,Lagging Darcy with leakage,5.330460524855627e-05,0.001,5.2191193329263326e-05,0.001068204673700141,0.001409830402528408,32.855838283819025,890.8507677601783,-0.021108959363200275,0.06597936421834334,-0.021108959363200275,0.08708832358154367,0.0016580061905821096,0.00760685421845481,0.007606964260970629,0.00041356835583401845,-262.879233918165,-256.21821136728903,5,False,ensemble,5.0,605.0,28,0.3,80.0,1.1877924410313527
strict_heterogeneous_02,heterogeneous K,R50E,47.16990566028302,Theis confined,5.330460524855627e-05,0.001,6.0486611380081154e-05,0.0010336513504863609,,,,0.12639931119239392,0.03309753401023511,0.12639931119239392,-0.09330177718215878,0.008654392143344162,0.04813720632131598,0.048165105558686215,0.006488999018259544,-165.98231129447407,-163.31790227412367,2,False,ensemble,5.0,605.0,28,0.3,80.0,1.1877924410313527
strict_heterogeneous_02,heterogeneous K,R50E,47.16990566028302,Hantush-Jacob leaky,5.330460524855627e-05,0.001,6.040545884005233e-05,0.0010329187088745188,,,99999.99999861872,0.1250567491522095,0.032388492824607346,0.1250567491522095,-0.0926682563276021,0.008694814182744282,0.04846251115859847,0.04849098003137377,0.006669676328541452,-163.60890545612492,-159.6122919255993,3,True,ensemble,5.0,605.0,28,0.3,80.0,1.1877924410313527
strict_heterogeneous_02,heterogeneous K,R50E,47.16990566028302,Lagging Darcy no-leakage,5.330460524855627e-05,0.001,5.4438266143781895e-05,0.001053643587499201,344.54975302264876,512.2920300026976,,0.021044598486200983,0.05225424065499897,0.021044598486200983,0.03120964216879803,0.00032366395124593355,0.0029942114346325995,0.0029942181456362373,0.00039181493406692704,-318.10120447213706,-312.77238643143625,4,False,ensemble,5.0,605.0,28,0.3,80.0,1.1877924410313527
strict_heterogeneous_02,heterogeneous K,R50E,47.16990566028302,Lagging Darcy with leakage,5.330460524855627e-05,0.001,5.443813973105404e-05,0.001053642606611589,344.5507798745461,512.2943927896132,35568.00897207926,0.021042276353561873,0.05225330970635539,0.021042276353561873,0.03121103335279365,0.0003236194660736889,0.0029943736276502536,0.0029943803397580954,0.0003918696368337094,-316.09829954757697,-309.437276996701,5,False,ensemble,5.0,605.0,28,0.3,80.0,1.1877924410313527
strict_heterogeneous_02,heterogeneous K,R100E,101.24228365658294,Theis confined,5.330460524855627e-05,0.001,6.91791485498132e-05,0.0011193360198600486,,,,0.2606767658314145,0.11273567009756513,0.2606767658314145,-0.14794109573384928,0.005751232014087689,0.03317914910873922,0.033188282569125975,0.002179367387523191,-186.88583830744227,-184.22142928709187,2,False,ensemble,5.0,605.0,28,0.3,80.0,1.1877924410313527
strict_heterogeneous_02,heterogeneous K,R100E,101.24228365658294,Hantush-Jacob leaky,5.330460524855627e-05,0.001,6.917875300900993e-05,0.0011193321930247785,,,99999.99999986058,0.2606710481846619,0.11273225124768983,0.2606710481846619,-0.147938796936972,0.00575132774242465,0.03318010328278796,0.03318923753130564,0.0021795460468783663,-184.8842483663791,-180.88763483585348,3,True,ensemble,5.0,605.0,28,0.3,80.0,1.1877924410313527
strict_heterogeneous_02,heterogeneous K,R100E,101.24228365658294,Lagging Darcy no-leakage,5.330460524855627e-05,0.001,5.88504784250664e-05,0.001093061794978927,1563.6484526609781,2223.891115974425,,0.09897723338980141,0.08898274463094348,0.09897723338980141,-0.00999448875885782,0.00016308038622017866,0.002168487536192418,0.0021684900854399805,0.00018345745356327934,-336.3431669502901,-331.0143489095893,4,False,ensemble,5.0,605.0,28,0.3,80.0,1.1877924410313527
strict_heterogeneous_02,heterogeneous K,R100E,101.24228365658294,Lagging Darcy with leakage,5.330460524855627e-05,0.001,5.88501795777369e-05,0.0010930613576004278,1563.846841232458,2224.130677326959,96555.18736475417,0.09897215529874272,0.08898234449017495,0.09897215529874272,-0.009989810808567529,0.00016325257080227487,0.002168491169628601,0.0021684937189060663,0.00018342619910461245,-334.3427287211091,-327.6817061702331,5,False,ensemble,5.0,605.0,28,0.3,80.0,1.1877924410313527
strict_heterogeneous_02,heterogeneous K,R100N,101.24228365658294,Theis confined,5.330460524855627e-05,0.001,6.148285897528926e-05,0.001053422908490474,,,,0.14273569026377325,0.052044775021186464,0.14273569026377325,-0.09069091524258668,0.00603941697131848,0.0354991226522728,0.035510309478549974,0.0025450898675323953,-183.13206831052045,-180.46765929017005,2,False,ensemble,5.0,605.0,28,0.3,80.0,1.1877924410313527
strict_heterogeneous_02,heterogeneous K,R100N,101.24228365658294,Hantush-Jacob leaky,5.330460524855627e-05,0.001,6.148258912806376e-05,0.0010534201272490308,,,99999.99999997995,0.14273130127109834,0.052042134823130706,0.14273130127109834,-0.0906891664479674,0.006039497827867045,0.035499816527014345,0.035511004009398384,0.0025452251818989017,-181.13098378038416,-177.13437024985853,3,True,ensemble,5.0,605.0,28,0.3,80.0,1.1877924410313527
strict_heterogeneous_02,heterogeneous K,R100N,101.24228365658294,Lagging Darcy no-leakage,5.330460524855627e-05,0.001,5.1385512763453574e-05,0.0010224457241723786,1687.9788474944655,2423.7818326426,,-0.036666449969221235,0.022197526031941098,-0.036666449969221235,0.0588639760011625,0.00018629985561464084,0.0023301920199013046,0.0023301951830398447,0.00019637359242444857,-332.2943574533395,-326.9655394126387,4,False,ensemble,5.0,605.0,28,0.3,80.0,1.1877924410313527
strict_heterogeneous_02,heterogeneous K,R100N,101.24228365658294,Lagging Darcy with leakage,5.330460524855627e-05,0.001,5.138532221602683e-05,0.001022443604100401,1687.9883566756223,2423.7976272101514,39270.732500959646,-0.03667015816964174,0.022195452499698332,-0.03667015816964174,0.058865610669340214,0.00018630817289168284,0.00233028232269767,0.002330285486175202,0.00019639057731752943,-330.2921851341865,-323.6311625833105,5,False,ensemble,5.0,605.0,28,0.3,80.0,1.1877924410313527
strict_heterogeneous_03,heterogeneous K,R20E,21.213203435596427,Theis confined,5.3387167085876163e-05,0.001,4.735634970589664e-05,0.0013195999686752677,,,,-0.11986948820298696,0.2773286366342379,-0.11986948820298696,0.39719812483722483,0.011952537817254328,0.05214681426606238,0.05218228493842355,0.0047750515098111965,-160.93964659287127,-158.27523757252087,2,False,ensemble,5.0,605.0,28,0.7,10.0,1.4792137533836314
strict_heterogeneous_03,heterogeneous K,R20E,21.213203435596427,Hantush-Jacob leaky,5.3387167085876163e-05,0.001,4.6836220908770406e-05,0.0013116586235958456,,,99999.99999536693,-0.13091354572152264,0.2712924612351977,-0.13091354572152264,0.4022060069567204,0.012279868628974856,0.05246922138653894,0.05250535430046432,0.004593948111648551,-158.53293540165117,-154.53632187112555,3,True,ensemble,5.0,605.0,28,0.7,10.0,1.4792137533836314
strict_heterogeneous_03,heterogeneous K,R20E,21.213203435596427,Lagging Darcy no-leakage,5.3387167085876163e-05,0.001,4.4733612762711814e-05,0.0013483330344900566,1.7477556364108509,31.30653136161103,,-0.17684521793321287,0.2988690402033022,-0.17684521793321287,0.475714258136515,0.0008870170278454986,0.02138726739158834,0.021389713339999193,0.009151749203365844,-208.28612484844382,-202.957306807743,4,False,ensemble,5.0,605.0,28,0.7,10.0,1.4792137533836314
strict_heterogeneous_03,heterogeneous K,R20E,21.213203435596427,Lagging Darcy with leakage,5.3387167085876163e-05,0.001,4.141051973577965e-05,0.0013034123229922019,6.969167203600921,44.39363731867151,105.06360593096733,-0.25403545189014487,0.2649856893690725,-0.25403545189014487,0.5190211412592174,0.00013795410688912158,0.00778270983935826,0.007782827691645608,0.002912783163406285,-262.93681086624474,-256.27578831536874,5,False,ensemble,5.0,605.0,28,0.7,10.0,1.4792137533836314
strict_heterogeneous_03,heterogeneous K,R50E,53.150729063673246,Theis confined,5.3387167085876163e-05,0.001,5.420163057988686e-05,0.0012808099577772646,,,,0.01514059215126746,0.2474926573244743,0.01514059215126746,0.23235206517320714,0.005458610307967467,0.02773868109773597,0.027744017727216914,0.0019323069896366534,-196.6717587898576,-194.0073497695072,2,False,ensemble,5.0,605.0,28,0.7,10.0,1.4792137533836314
strict_heterogeneous_03,heterogeneous K,R50E,53.150729063673246,Hantush-Jacob leaky,5.3387167085876163e-05,0.001,5.418918610297144e-05,0.001280639577060866,,,99999.99999529854,0.014910969802235375,0.24735962271705178,0.014910969802235375,0.23244865291481645,0.005463956146607738,0.027762682612212663,0.027768033108083835,0.0019477034492440583,-194.62307806208423,-190.6264645315586,3,True,ensemble,5.0,605.0,28,0.7,10.0,1.4792137533836314
strict_heterogeneous_03,heterogeneous K,R50E,53.150729063673246,Lagging Darcy no-leakage,5.3387167085876163e-05,0.001,5.090136425896347e-05,0.0012831288678502926,145.7937973543447,261.18864110796693,,-0.04768067441414379,0.249301523185187,-0.04768067441414379,0.2969821975993309,-0.00023987765540328863,0.005612368899380402,0.005612413095230541,0.0011918667761785652,-283.2011133796553,-277.8722953389545,4,False,ensemble,5.0,605.0,28,0.7,10.0,1.4792137533836314
strict_heterogeneous_03,heterogeneous K,R50E,53.150729063673246,Lagging Darcy with leakage,5.3387167085876163e-05,0.001,4.76461407863874e-05,0.0012426964002720641,331.63844475112637,491.9287427509055,197.8776179279634,-0.11376876436310285,0.2172835351265452,-0.11376876436310285,0.3310522994896481,-6.043128310447543e-05,0.0009825200400490068,0.0009825202771754572,0.00021607585271881137,-378.7304904887534,-372.0694679378774,5,False,ensemble,5.0,605.0,28,0.7,10.0,1.4792137533836314
strict_heterogeneous_03,heterogeneous K,R100E,99.24716620639605,Theis confined,5.3387167085876163e-05,0.001,7.257399528776044e-05,0.0013432909908440652,,,,0.3070362656946007,0.2951225663302266,0.3070362656946007,-0.011913699364373873,0.006079467437310958,0.03572088373519019,0.03573228156185516,0.002196473058823529,-182.78270372700013,-180.11829470664972,2,False,ensemble,5.0,605.0,28,0.7,10.0,1.4792137533836314
strict_heterogeneous_03,heterogeneous K,R100E,99.24716620639605,Hantush-Jacob leaky,5.3387167085876163e-05,0.001,7.257374385569446e-05,0.0013432881041123745,,,99999.99985390107,0.30703280119604953,0.29512041732840044,0.30703280119604953,-0.011912383867649054,0.006079503364985714,0.03572146889529465,0.035732867282207315,0.002196566411060209,-180.78180347415503,-176.7851899436294,3,True,ensemble,5.0,605.0,28,0.7,10.0,1.4792137533836314
strict_heterogeneous_03,heterogeneous K,R100E,99.24716620639605,Lagging Darcy no-leakage,5.3387167085876163e-05,0.001,5.961754215071058e-05,0.0013006134582042941,2001.739038362544,2892.667889002126,,0.11037946181051875,0.2628360440883626,0.11037946181051875,0.15245658227784384,0.0002738449591001584,0.002913448997739919,0.0029134551802150266,0.0001941436698786816,-319.71431680767927,-314.38549876697846,4,False,ensemble,5.0,605.0,28,0.7,10.0,1.4792137533836314
strict_heterogeneous_03,heterogeneous K,R100E,99.24716620639605,Lagging Darcy with leakage,5.3387167085876163e-05,0.001,5.961694845782356e-05,0.0013006101917836087,2001.9451738434554,2892.9354797772294,37817.969905670114,0.11036950340194096,0.2628335326390412,0.11036950340194096,0.15246402923710028,0.0002739947612241713,0.0029135137328192753,0.00291351991573478,0.00019411581315055142,-317.7128056509551,-311.0517831000791,5,False,ensemble,5.0,605.0,28,0.7,10.0,1.4792137533836314
strict_heterogeneous_03,heterogeneous K,R100N,99.24716620639605,Theis confined,5.3387167085876163e-05,0.001,7.847062292063711e-05,0.0014407620968348548,,,,0.3851539240948086,0.36517220750612656,0.3851539240948086,-0.01998171658868187,0.00698738100046713,0.040122948341873424,0.04013910175094811,0.00232659256653967,-176.23640732016872,-173.57199829981832,2,False,ensemble,5.0,605.0,28,0.7,10.0,1.4792137533836314
strict_heterogeneous_03,heterogeneous K,R100N,99.24716620639605,Hantush-Jacob leaky,5.3387167085876163e-05,0.001,7.847028873389896e-05,0.0014407585735057738,,,99999.99993198989,0.3851496653360868,0.36516976204105167,0.3851496653360868,-0.019979903295035125,0.006987473724341832,0.04012355934443878,0.040139713491656716,0.0023266765717482553,-174.23555788774348,-170.23894435721786,3,True,ensemble,5.0,605.0,28,0.7,10.0,1.4792137533836314
strict_heterogeneous_03,heterogeneous K,R100N,99.24716620639605,Lagging Darcy no-leakage,5.3387167085876163e-05,0.001,6.280501139888584e-05,0.0013896819500393027,1956.7245646497063,2981.5660825186346,,0.1624644692941092,0.3290749080395651,0.1624644692941092,0.16661043874545575,0.0003317633285223203,0.0033777620993695784,0.003377771733839668,0.00024226779516595384,-311.4099074186208,-306.08108937791997,4,False,ensemble,5.0,605.0,28,0.7,10.0,1.4792137533836314
strict_heterogeneous_03,heterogeneous K,R100N,99.24716620639605,Lagging Darcy with leakage,5.3387167085876163e-05,0.001,6.280507815538858e-05,0.0013896811121610238,1956.6327802946287,2981.4513593326546,99999.77912196438,0.1624655322103602,0.3290743051112968,0.1624655322103602,0.16660877290093654,0.00033163408059278513,0.003377786819020828,0.0033777964537234956,0.0002422743733728269,-309.4097177065255,-302.7486951556495,5,True,ensemble,5.0,605.0,28,0.7,10.0,1.4792137533836314
strict_heterogeneous_04,heterogeneous K,R20E,22.360679774997898,Theis confined,7.693601094043573e-05,0.001,7.155674498602723e-05,0.0010220541544732466,,,,-0.0724832785064269,0.021814479099036364,-0.0724832785064269,0.09429775760546297,0.01837304009013416,0.06999380003774464,0.07007961481693499,0.007607868225948472,-144.00930569685696,-141.34489667650655,2,False,ensemble,5.0,605.0,28,0.7,30.0,1.191302657972396
strict_heterogeneous_04,heterogeneous K,R20E,22.360679774997898,Hantush-Jacob leaky,7.693601094043573e-05,0.001,6.977914163821439e-05,0.0010099075918512898,,,99999.99999745254,-0.09763891490039349,0.009858833450863524,-0.09763891490039349,0.10749774835125701,0.019318002509380015,0.07624604158476009,0.07635698921843988,0.013657375881294483,-137.34595834854525,-133.34934481801963,3,True,ensemble,5.0,605.0,28,0.7,30.0,1.191302657972396
strict_heterogeneous_04,heterogeneous K,R20E,22.360679774997898,Lagging Darcy no-leakage,7.693601094043573e-05,0.001,6.623242882138125e-05,0.0010658839457098016,1.2262086129649235,32.78617958712227,,-0.14980384526171522,0.06380445087685088,-0.14980384526171522,0.2136082961385661,0.000857051425321066,0.008332328300264641,0.008332472925948397,0.002711578857415366,-260.81905037903414,-255.49023233833333,4,False,ensemble,5.0,605.0,28,0.7,30.0,1.191302657972396
strict_heterogeneous_04,heterogeneous K,R20E,22.360679774997898,Lagging Darcy with leakage,7.693601094043573e-05,0.001,6.483411890426376e-05,0.0010582339566396774,3.48997582344065,37.16630418980912,256.7002455347463,-0.17114205851968484,0.05660144002963578,-0.17114205851968484,0.2277434985493205,0.0007068760102387851,0.005381569599427788,0.005381608563954743,0.0012288334749971355,-283.10915376530386,-276.44813121442786,5,False,ensemble,5.0,605.0,28,0.7,30.0,1.191302657972396
strict_heterogeneous_04,heterogeneous K,R50E,49.24428900898052,Theis confined,7.693601094043573e-05,0.001,7.177853177313658e-05,0.0010888468691082002,,,,-0.06938861864143314,0.08511921800119934,-0.06938861864143314,0.15450783664263243,0.0069040604749883655,0.0341391892630322,0.03414913885051134,0.0024127494025644016,-184.98455039218254,-182.32014137183214,2,False,ensemble,5.0,605.0,28,0.7,30.0,1.191302657972396
strict_heterogeneous_04,heterogeneous K,R50E,49.24428900898052,Hantush-Jacob leaky,7.693601094043573e-05,0.001,7.167771420500004e-05,0.0010880264093507599,,,99999.99999985045,-0.07079417033486908,0.08436542143948988,-0.07079417033486908,0.15515959177435884,0.006942144399664553,0.03435241732146838,0.034362554537357114,0.0025688881673986697,-182.63752257790327,-178.64090904737765,3,True,ensemble,5.0,605.0,28,0.7,30.0,1.191302657972396
strict_heterogeneous_04,heterogeneous K,R50E,49.24428900898052,Lagging Darcy no-leakage,7.693601094043573e-05,0.001,6.737443355603233e-05,0.001101748157482534,103.79485065700449,192.27689483303195,,-0.1327084277497424,0.09689815238324809,-0.1327084277497424,0.22960658013299046,-0.00017325253367919043,0.0059233932871600465,0.005923445245456659,0.0010245010266276631,-280.20882899491573,-274.8800109542149,4,False,ensemble,5.0,605.0,28,0.7,30.0,1.191302657972396
strict_heterogeneous_04,heterogeneous K,R50E,49.24428900898052,Lagging Darcy with leakage,7.693601094043573e-05,0.001,6.454961282100823e-05,0.0010826552543732276,184.76014212379297,295.5517125551374,268.3159282712015,-0.17553993046263905,0.07941659266433825,-0.17553993046263905,0.25495652312697725,-3.067485121345513e-06,0.0030585279956900184,0.0030585351485345794,0.0006939125912727299,-315.2482702808629,-308.5872477299869,5,False,ensemble,5.0,605.0,28,0.7,30.0,1.191302657972396
strict_heterogeneous_04,heterogeneous K,R100E,98.48857801796105,Theis confined,7.693601094043573e-05,0.001,9.385922871175083e-05,0.0014935230686502132,,,,0.19882204328769335,0.4011378045876903,0.19882204328769335,0.20231576129999684,0.005270520336472387,0.031696431683765125,0.03170439441453501,0.001909098058593308,-189.5135968662387,-186.84918784588828,2,False,ensemble,5.0,605.0,28,0.7,30.0,1.191302657972396
strict_heterogeneous_04,heterogeneous K,R100E,98.48857801796105,Hantush-Jacob leaky,7.693601094043573e-05,0.001,9.385835744952619e-05,0.001493515432402128,,,99999.99999970195,0.1988127605961515,0.4011326916652538,0.1988127605961515,0.20231993106910212,0.005270734626072348,0.031698127521015355,0.031706091530108116,0.00190931275445474,-187.5106208565393,-183.51400732601368,3,True,ensemble,5.0,605.0,28,0.7,30.0,1.191302657972396
strict_heterogeneous_04,heterogeneous K,R100E,98.48857801796105,Lagging Darcy no-leakage,7.693601094043573e-05,0.001,7.910457419715611e-05,0.0014683735761849993,2311.853302820629,3147.493151666018,,0.027796651519473574,0.3841553775079138,0.027796651519473574,0.35635872598844015,0.0004181281327546277,0.005396789233963412,0.00539682853003419,0.0004025484869199127,-285.2737941568437,-279.94497611614287,4,False,ensemble,5.0,605.0,28,0.7,30.0,1.191302657972396
strict_heterogeneous_04,heterogeneous K,R100E,98.48857801796105,Lagging Darcy with leakage,7.693601094043573e-05,0.001,7.910263023027075e-05,0.0014683745334649644,2312.87289812948,3148.76584772744,99941.42612380192,0.027772076571796585,0.38415602943986676,0.027772076571796585,0.3563839528680701,0.0004187635413703229,0.005396751425367792,0.005396790720597439,0.0004024233884801273,-283.273657174874,-276.612634623998,5,True,ensemble,5.0,605.0,28,0.7,30.0,1.191302657972396
strict_heterogeneous_04,heterogeneous K,R100N,98.48857801796105,Theis confined,7.693601094043573e-05,0.001,8.448958813583468e-05,0.0009333331707660752,,,,0.09365425983190427,-0.06899304566617183,0.09365425983190427,-0.16264730549807613,0.0077367643443498274,0.048226716913012314,0.04825477212534195,0.004106362112823894,-166.063950071036,-163.3995410506856,2,False,ensemble,5.0,605.0,28,0.7,30.0,1.191302657972396
strict_heterogeneous_04,heterogeneous K,R100N,98.48857801796105,Hantush-Jacob leaky,7.693601094043573e-05,0.001,8.448527710736761e-05,0.000933308544373479,,,99999.99999995508,0.09360323415466175,-0.06901943143950781,0.09360323415466175,-0.16262266559416957,0.007738215686580793,0.04823745983297661,0.048265533804171264,0.004108255172407407,-164.05152815799985,-160.05491462747423,3,True,ensemble,5.0,605.0,28,0.7,30.0,1.191302657972396
strict_heterogeneous_04,heterogeneous K,R100N,98.48857801796105,Lagging Darcy no-leakage,7.693601094043573e-05,0.001,6.779252738084268e-05,0.0009299962664672924,2003.8755024957898,2949.710723547501,,-0.12652207636157253,-0.07257470739419228,-0.12652207636157253,0.05394736896738022,0.0008095973193531718,0.008333551684578581,0.008333696373977295,0.0008174517148720417,-260.84364655860713,-255.51482851790632,4,False,ensemble,5.0,605.0,28,0.7,30.0,1.191302657972396
strict_heterogeneous_04,heterogeneous K,R100N,98.48857801796105,Lagging Darcy with leakage,7.693601094043573e-05,0.001,6.77920575097334e-05,0.0009299961391899682,2003.9892509102817,2949.8737976901384,89055.64719507117,-0.12652900740184767,-0.07257484425208882,-0.12652900740184767,0.05395416314975871,0.0008096365078175953,0.008333575272228635,0.008333719962846273,0.0008173939193188327,-258.8434633162388,-252.18244076536277,5,False,ensemble,5.0,605.0,28,0.7,30.0,1.191302657972396
strict_heterogeneous_05,heterogeneous K,R20E,20.0,Theis confined,3.9006152127807136e-05,0.001,3.852051770245937e-05,0.0009708680689722157,,,,-0.01252835388076257,-0.029564691217502246,-0.01252835388076257,-0.017036337336739704,0.03168254925704137,0.13322889719520756,0.13382229043373758,0.03309857460202903,-108.30100573049276,-105.63659671014236,2,False,ensemble,5.0,605.0,28,0.7,80.0,1.180378666257258
strict_heterogeneous_05,heterogeneous K,R20E,20.0,Hantush-Jacob leaky,3.9006152127807136e-05,0.001,3.7889421345564134e-05,0.0009629195032691718,,,99999.99999999168,-0.029047427598483205,-0.037785460221766695,-0.029047427598483205,-0.008738032623283527,0.032395951456202755,0.13712582971897688,0.1377729732030391,0.03861136547922065,-104.70674337728526,-100.71012984675966,3,True,ensemble,5.0,605.0,28,0.7,80.0,1.180378666257258
strict_heterogeneous_05,heterogeneous K,R20E,20.0,Lagging Darcy no-leakage,3.9006152127807136e-05,0.001,3.242550635145764e-05,0.001039397309355198,31.56781617192511,114.26952549404992,,-0.1847740343932269,0.0386410349369374,-0.1847740343932269,0.22341506933016414,0.0015881379315617979,0.010801438235777368,0.010801753297272891,0.005733893222909738,-245.96976256393003,-240.64094452322922,4,False,ensemble,5.0,605.0,28,0.7,80.0,1.180378666257258
strict_heterogeneous_05,heterogeneous K,R20E,20.0,Lagging Darcy with leakage,3.9006152127807136e-05,0.001,3.170135253656467e-05,0.0010322942184926942,37.05230299289283,124.66373444170736,203.1603343143875,-0.20736003381413154,0.031783721866046076,-0.20736003381413154,0.23914375568017748,0.0018828019309724447,0.009522197099981663,0.009522412953789226,0.002434337300611679,-250.53672664912182,-243.8757040982458,5,False,ensemble,5.0,605.0,28,0.7,80.0,1.180378666257258
strict_heterogeneous_05,heterogeneous K,R50E,50.24937810560445,Theis confined,3.9006152127807136e-05,0.001,3.545491744211469e-05,0.0011416835643985506,,,,-0.09545742232840497,0.13250398386958318,-0.09545742232840497,0.22796140619798808,0.009214763962835732,0.05046710829064269,0.05049925938346185,0.006600177392785868,-163.30686387461242,-160.642454854262,2,False,ensemble,5.0,605.0,28,0.7,80.0,1.180378666257258
strict_heterogeneous_05,heterogeneous K,R50E,50.24937810560445,Hantush-Jacob leaky,3.9006152127807136e-05,0.001,3.545082007173094e-05,0.0011416057510229168,,,99999.99999999309,-0.0955729946510964,0.1324358248543078,-0.0955729946510964,0.22800881950540416,0.009217729616465054,0.05048367213476505,0.050515854906185084,0.0066122024156224524,-161.28849901547184,-157.29188548494622,3,True,ensemble,5.0,605.0,28,0.7,80.0,1.180378666257258
strict_heterogeneous_05,heterogeneous K,R50E,50.24937810560445,Lagging Darcy no-leakage,3.9006152127807136e-05,0.001,3.1070026337984845e-05,0.0011351349239993665,374.4312136998484,633.0346060154361,,-0.22747580945291362,0.12675151963856843,-0.22747580945291362,0.354227329091482,6.534197333704069e-06,0.0055215098637680276,0.005521551947702046,0.0019874326904626254,-284.16807345456425,-278.83925541386344,4,False,ensemble,5.0,605.0,28,0.7,80.0,1.180378666257258
strict_heterogeneous_05,heterogeneous K,R50E,50.24937810560445,Lagging Darcy with leakage,3.9006152127807136e-05,0.001,2.8683199603671583e-05,0.001090938248586125,533.0036339126351,861.7904927573268,161.09597227512737,-0.3074078088547711,0.08703810450306117,-0.3074078088547711,0.39444591335783225,0.000243626440400072,0.0019804324673043,0.001980434409185189,0.00034486671818638925,-339.1509274340295,-332.4899048831535,5,False,ensemble,5.0,605.0,28,0.7,80.0,1.180378666257258
strict_heterogeneous_05,heterogeneous K,R100E,100.4987562112089,Theis confined,3.9006152127807136e-05,0.001,4.115294102922465e-05,0.0015143383476453258,,,,0.05357601495444624,0.41497860933765585,0.05357601495444624,0.3614025943832096,0.004303417469719853,0.0237907803255349,0.02379414712524794,0.0010722006965660465,-205.43757428470968,-202.77316526435928,2,False,ensemble,5.0,605.0,28,0.7,80.0,1.180378666257258
strict_heterogeneous_05,heterogeneous K,R100E,100.4987562112089,Hantush-Jacob leaky,3.9006152127807136e-05,0.001,4.115292983051609e-05,0.001514338004853475,,,99999.9999868484,0.0535757428302723,0.4149783829735213,0.0535757428302723,0.3614026401432488,0.004303415745287107,0.02379079603986845,0.023794162846251646,0.0010722027645569294,-203.43753924583305,-199.44092571530743,3,True,ensemble,5.0,605.0,28,0.7,80.0,1.180378666257258
strict_heterogeneous_05,heterogeneous K,R100E,100.4987562112089,Lagging Darcy no-leakage,3.9006152127807136e-05,0.001,3.4386074161687444e-05,0.0014210321006948733,1693.7030795462522,2483.541056122846,,-0.12606771901968727,0.3513834390743569,-0.12606771901968727,0.4774511580940441,-0.00015526849892581052,0.001956816551447813,0.0019568184246543606,0.0001585353061466008,-342.07650509250243,-336.7476870518016,4,False,ensemble,5.0,605.0,28,0.7,80.0,1.180378666257258
strict_heterogeneous_05,heterogeneous K,R100E,100.4987562112089,Lagging Darcy with leakage,3.9006152127807136e-05,0.001,2.887533973481143e-05,0.0012675635043989445,2424.9398902158655,3526.1633276177613,150.64951891267452,-0.30073144607526997,0.23709655731803034,-0.30073144607526997,0.5378280033933004,-3.899786158149208e-05,0.00021730535824701874,0.0002173053610651034,5.915169786394233e-06,-462.41398924404933,-455.75296669317333,5,False,ensemble,5.0,605.0,28,0.7,80.0,1.180378666257258
strict_heterogeneous_05,heterogeneous K,R100N,100.4987562112089,Theis confined,3.9006152127807136e-05,0.001,6.111916190901007e-05,0.0012705143626963382,,,,0.4491060519867904,0.23942182847320603,0.4491060519867904,-0.20968422351358448,0.005317086230533187,0.029585058453751572,0.02959153340496042,0.0016683821575449414,-193.24296984603936,-190.57856082568895,2,False,ensemble,5.0,605.0,28,0.7,80.0,1.180378666257258
strict_heterogeneous_05,heterogeneous K,R100N,100.4987562112089,Hantush-Jacob leaky,3.9006152127807136e-05,0.001,6.111905288319798e-05,0.0012705129281373718,,,99999.99999991759,0.4491042681614576,0.23942069935588273,0.4491042681614576,-0.20968356880557504,0.005317114790284269,0.02958527644173403,0.02959175153608717,0.001668420849706169,-191.24256085384937,-187.24594732332375,3,True,ensemble,5.0,605.0,28,0.7,80.0,1.180378666257258
strict_heterogeneous_05,heterogeneous K,R100N,100.4987562112089,Lagging Darcy no-leakage,3.9006152127807136e-05,0.001,5.22701644583067e-05,0.0012290240128108218,1397.3170854175473,2038.320210367188,,0.2927063584871803,0.20622036888840373,0.2927063584871803,-0.08648598959877649,1.2468841159372912e-05,0.00042465734635829865,0.0004246573654755179,2.6520647084427772e-05,-427.79003704987593,-422.4612190091751,4,False,ensemble,5.0,605.0,28,0.7,80.0,1.180378666257258
strict_heterogeneous_05,heterogeneous K,R100N,100.4987562112089,Lagging Darcy with leakage,3.9006152127807136e-05,0.001,5.214162272178225e-05,0.0012273063781719459,1408.7282372104423,2054.0477247584254,1522.5159998547344,0.29024414986234764,0.2048218315213275,0.29024414986234764,-0.08542231834102017,1.587532752453081e-05,0.00042229399473588217,0.0004222940135366259,2.217135227991445e-05,-426.08658153272114,-419.42555898184514,5,False,ensemble,5.0,605.0,28,0.7,80.0,1.180378666257258
strict_heterogeneous_06,heterogeneous K,R20E,20.615528128088304,Theis confined,5.425800558430827e-05,0.001,5.699924572781903e-05,0.0008824924280126181,,,,0.049287484993941685,-0.12500507036716854,0.049287484993941685,-0.17429255536110996,0.029579159819481334,0.11623334988843612,0.11662704081384619,0.023600644124409046,-115.71900025031519,-113.05459122996479,2,False,ensemble,5.0,605.0,28,1.1,10.0,1.7015063862159807
strict_heterogeneous_06,heterogeneous K,R20E,20.615528128088304,Hantush-Jacob leaky,5.425800558430827e-05,0.001,5.540202570169677e-05,0.000871003999205478,,,99999.99999999008,0.020865608189558023,-0.13810871062986751,0.020865608189558023,-0.15897431881942545,0.03084411171053623,0.12480458107751286,0.12529215660292545,0.03199799726367787,-109.83502061144169,-105.83840708091608,3,True,ensemble,5.0,605.0,28,1.1,10.0,1.7015063862159807
strict_heterogeneous_06,heterogeneous K,R20E,20.615528128088304,Lagging Darcy no-leakage,5.425800558430827e-05,0.001,4.9747999676274354e-05,0.0009488379824705566,15.54587259958835,68.15656781932185,,-0.08678029462358862,-0.05251721942510354,-0.08678029462358862,0.034263075198485246,0.001333428227814053,0.012152853033440554,0.01215330176653989,0.0018860917615497153,-239.64160129788107,-234.31278325718026,4,False,ensemble,5.0,605.0,28,1.1,10.0,1.7015063862159807
strict_heterogeneous_06,heterogeneous K,R20E,20.615528128088304,Lagging Darcy with leakage,5.425800558430827e-05,0.001,4.974860824952698e-05,0.0009488291173133601,15.513754869336521,68.11308904954858,75558.26123915397,-0.08676806157835587,-0.05252656264151661,-0.08676806157835587,0.034241498936839386,0.001328879371298021,0.012153400844108606,0.012153849637896522,0.0018876856568079497,-237.6414596961752,-230.98043714529916,5,False,ensemble,5.0,605.0,28,1.1,10.0,1.7015063862159807
strict_heterogeneous_06,heterogeneous K,R50E,50.99019513592785,Theis confined,5.425800558430827e-05,0.001,6.756550850771877e-05,0.0009495077315779944,,,,0.2193470737541877,-0.05181160597411848,0.2193470737541877,-0.27115867972830593,0.01205990163281867,0.06742567447971305,0.06750238012469703,0.009373258087404999,-147.12127445995742,-144.45686543960701,2,False,ensemble,5.0,605.0,28,1.1,10.0,1.7015063862159807
strict_heterogeneous_06,heterogeneous K,R50E,50.99019513592785,Hantush-Jacob leaky,5.425800558430827e-05,0.001,6.745715890620229e-05,0.0009487520370558324,,,99999.99999984584,0.21774216360319787,-0.05260780318018083,0.21774216360319787,-0.27034996678337875,0.012115395609397343,0.06783864434598873,0.0679167689745534,0.009561662498148918,-144.78205147051204,-140.78543793998642,3,True,ensemble,5.0,605.0,28,1.1,10.0,1.7015063862159807
strict_heterogeneous_06,heterogeneous K,R50E,50.99019513592785,Lagging Darcy no-leakage,5.425800558430827e-05,0.001,5.7695748633435404e-05,0.0009803391401278915,445.10447922023207,724.4249405842781,,0.06143294036202107,-0.01985670582794785,0.06143294036202107,-0.081289646189969,0.0007742243220746827,0.0069909463642162765,0.006991031782802447,0.0012780080577731155,-270.60020866368916,-265.27139062298835,4,False,ensemble,5.0,605.0,28,1.1,10.0,1.7015063862159807
strict_heterogeneous_06,heterogeneous K,R50E,50.99019513592785,Lagging Darcy with leakage,5.425800558430827e-05,0.001,5.769681230890055e-05,0.000980329837803226,444.8574751796687,724.0936676213511,92648.88740848999,0.06145137613390257,-0.019866194757257528,0.06145137613390257,-0.08131757089116014,0.0007723828747855996,0.0069911945000780415,0.006991279927758916,0.0012786853313063967,-268.59991676028056,-261.93889420940457,5,False,ensemble,5.0,605.0,28,1.1,10.0,1.7015063862159807
strict_heterogeneous_06,heterogeneous K,R100E,101.9803902718557,Theis confined,5.425800558430827e-05,0.001,8.120108895437482e-05,0.00118990884816638,,,,0.40317810793809805,0.17387670601013502,0.40317810793809805,-0.22930140192796297,0.010201654771744588,0.05776591782917126,0.0578141411379352,0.003683624841466584,-155.80295746891002,-153.13854844855962,2,False,ensemble,5.0,605.0,28,1.1,10.0,1.7015063862159807
strict_heterogeneous_06,heterogeneous K,R100E,101.9803902718557,Hantush-Jacob leaky,5.425800558430827e-05,0.001,8.120023842178803e-05,0.0011899020232790476,,,99999.99999472495,0.4031676334844647,0.17387097035490773,0.4031676334844647,-0.22929666312955702,0.01020189691006645,0.05776749825881945,0.057815725527580256,0.0036838582460422538,-153.8014317324983,-149.80481820197267,3,True,ensemble,5.0,605.0,28,1.1,10.0,1.7015063862159807
strict_heterogeneous_06,heterogeneous K,R100E,101.9803902718557,Lagging Darcy no-leakage,5.425800558430827e-05,0.001,6.006859854097008e-05,0.001144930427615918,1823.3413438894827,3166.286492936164,,0.101736668250476,0.1353438732526283,0.101736668250476,0.033607205002152266,0.0005936023441953569,0.00461094381825538,0.004610968326463401,0.0002868203888425487,-293.7832122659244,-288.4543942252236,4,False,ensemble,5.0,605.0,28,1.1,10.0,1.7015063862159807
strict_heterogeneous_06,heterogeneous K,R100E,101.9803902718557,Lagging Darcy with leakage,5.425800558430827e-05,0.001,6.006958465320118e-05,0.001144929121524124,1822.9495864583962,3165.7210722931554,46357.38603566972,0.10175308455052168,0.13534273249113965,0.10175308455052168,0.033589647940618056,0.000593105649431404,0.004611066361058266,0.004611090871208163,0.0002869704451105431,-291.7825405338132,-285.1215179829372,5,False,ensemble,5.0,605.0,28,1.1,10.0,1.7015063862159807
strict_heterogeneous_06,heterogeneous K,R100N,101.9803902718557,Theis confined,5.425800558430827e-05,0.001,6.330690129322787e-05,0.0013540907729265418,,,,0.15424379846902184,0.3031302128090963,0.15424379846902184,0.14888641434007457,0.007633591073786373,0.04278196978460673,0.042801553178272174,0.002555790896311403,-172.60052436495252,-169.93611534460211,2,False,ensemble,5.0,605.0,28,1.1,10.0,1.7015063862159807
strict_heterogeneous_06,heterogeneous K,R100N,101.9803902718557,Hantush-Jacob leaky,5.425800558430827e-05,0.001,6.330683968352046e-05,0.0013540897502587147,,,99999.99998087292,0.15424282527753508,0.3031294575656267,0.15424282527753508,0.14888663228809168,0.00763356608275085,0.042782156754941306,0.04280174040542927,0.0025558226913798246,-170.60029330987564,-166.60367977935002,3,True,ensemble,5.0,605.0,28,1.1,10.0,1.7015063862159807
strict_heterogeneous_06,heterogeneous K,R100N,101.9803902718557,Lagging Darcy no-leakage,5.425800558430827e-05,0.001,4.8905177682528054e-05,0.0012770210524687279,1889.3359963312278,3055.028299613166,,-0.10386727595388126,0.24453006279448639,-0.10386727595388126,0.3483973387483679,0.0003178842882483952,0.0028667327115407355,0.002866738601368355,0.00019767420848713313,-320.5201221881928,-315.19130414749196,4,False,ensemble,5.0,605.0,28,1.1,10.0,1.7015063862159807
strict_heterogeneous_06,heterogeneous K,R100N,101.9803902718557,Lagging Darcy with leakage,5.425800558430827e-05,0.001,4.890510240137951e-05,0.0012770202134901889,1889.3515697903306,3055.0500838485473,79908.49694718859,-0.10386881528386747,0.24452940581329344,-0.10386881528386747,0.3483982210971609,0.00031789336526886043,0.0028667455126744957,0.002866751402561318,0.00019767094211929937,-318.5198551408207,-311.8588325899447,5,False,ensemble,5.0,605.0,28,1.1,10.0,1.7015063862159807
strict_heterogeneous_07,heterogeneous K,R20E,18.027756377319946,Theis confined,4.0063602286693574e-05,0.001,2.5548533170567338e-05,0.0011958132011940438,,,,-0.4498883436310522,0.1788264570374854,-0.4498883436310522,0.6287148006685375,0.019179843406519525,0.0899471710580352,0.09012940732833075,0.019118551625332773,-130.60602752904526,-127.94161850869486,2,False,ensemble,5.0,605.0,28,1.1,30.0,2.8430390267729035
strict_heterogeneous_07,heterogeneous K,R20E,18.027756377319946,Hantush-Jacob leaky,4.0063602286693574e-05,0.001,2.5346744852823918e-05,0.0011903602030856114,,,99999.99999955238,-0.457817934859289,0.17425595299013816,-0.457817934859289,0.6320738878494272,0.01943065509157908,0.09052867975598544,0.09071447746512032,0.019509443321188997,-128.22853744640105,-124.23192391587544,3,True,ensemble,5.0,605.0,28,1.1,30.0,2.8430390267729035
strict_heterogeneous_07,heterogeneous K,R20E,18.027756377319946,Lagging Darcy no-leakage,4.0063602286693574e-05,0.001,2.29376566730533e-05,0.0012306952257548534,5.682485463283056,58.17404412064821,,-0.5576882922545163,0.20757923389623759,-0.5576882922545163,0.7652675261507538,-8.210913377691946e-05,0.023982295189067162,0.023985743959457087,0.021517108494691697,-201.92256126109012,-196.5937432203893,4,False,ensemble,5.0,605.0,28,1.1,30.0,2.8430390267729035
strict_heterogeneous_07,heterogeneous K,R20E,18.027756377319946,Lagging Darcy with leakage,4.0063602286693574e-05,0.001,2.042806887930915e-05,0.0011748548215591076,47.829604763209396,123.08283710243245,69.36112291958152,-0.6735583678903562,0.16114458384252758,-0.6735583678903562,0.834702951732884,0.0008438845488186734,0.004005981550844412,0.004005997622785423,0.001922359714092297,-298.8766484883944,-292.2156259375184,5,False,ensemble,5.0,605.0,28,1.1,30.0,2.8430390267729035
strict_heterogeneous_07,heterogeneous K,R50E,51.478150704935004,Theis confined,4.0063602286693574e-05,0.001,2.8413913295121083e-05,0.0025825121504773384,,,,-0.3435893185180313,0.9487626269288899,-0.3435893185180313,1.292351945446921,0.005292659082337619,0.028167472255213755,0.028173060242672368,0.0016121126644475466,-195.9083224396152,-193.2439134192648,2,False,ensemble,5.0,605.0,28,1.1,30.0,2.8430390267729035
strict_heterogeneous_07,heterogeneous K,R50E,51.478150704935004,Hantush-Jacob leaky,4.0063602286693574e-05,0.001,2.8413897033529583e-05,0.0025825111591263787,,,99999.99962087485,-0.3435898908290672,0.9487622430580337,-0.3435898908290672,1.2923521338871011,0.005292669165066964,0.028167498988948318,0.028173086992321465,0.0016121205094646151,-193.90826739925583,-189.9116538687302,3,True,ensemble,5.0,605.0,28,1.1,30.0,2.8430390267729035
strict_heterogeneous_07,heterogeneous K,R50E,51.478150704935004,Lagging Darcy no-leakage,4.0063602286693574e-05,0.001,2.5315902415129738e-05,0.0024979212657478735,335.42578694000645,678.5875400613232,,-0.4590354962449493,0.915458892290671,-0.4590354962449493,1.3744943885356202,-0.00039265007633360185,0.008628955410882762,0.008629116038938517,0.0015894683995252169,-259.10561666354045,-253.77679862283964,4,False,ensemble,5.0,605.0,28,1.1,30.0,2.8430390267729035
strict_heterogeneous_07,heterogeneous K,R50E,51.478150704935004,Lagging Darcy with leakage,4.0063602286693574e-05,0.001,1.797738315341687e-05,0.0020076914923560576,1430.3871985558026,2172.8816784697606,58.16703783990099,-0.8013537721067723,0.6969855507608503,-0.8013537721067723,1.4983393228676223,-5.9769028188106065e-06,0.00020411148740504873,0.0002041114897541186,2.7114623342202892e-05,-466.81668235949576,-460.15565980861976,5,False,ensemble,5.0,605.0,28,1.1,30.0,2.8430390267729035
strict_heterogeneous_07,heterogeneous K,R100E,98.6154146165801,Theis confined,4.0063602286693574e-05,0.001,5.930388510192514e-05,0.004381552727366604,,,,0.392206571431478,1.4774031655316486,0.392206571431478,1.0851965941001707,0.002501256210263788,0.01359223628506969,0.013592864096867269,0.00020830300821373697,-236.75422873643382,-234.0898197160834,2,False,ensemble,5.0,605.0,28,1.1,30.0,2.8430390267729035
strict_heterogeneous_07,heterogeneous K,R100E,98.6154146165801,Hantush-Jacob leaky,4.0063602286693574e-05,0.001,5.9303877852379565e-05,0.004381552195566665,,,99999.99999986199,0.3922064491874461,1.4774030441591572,0.3922064491874461,1.085196594971711,0.0025012536937018596,0.013592240842339641,0.013592868654764329,0.00020830325475038345,-234.75421250899828,-230.75759897847266,3,True,ensemble,5.0,605.0,28,1.1,30.0,2.8430390267729035
strict_heterogeneous_07,heterogeneous K,R100E,98.6154146165801,Lagging Darcy no-leakage,4.0063602286693574e-05,0.001,4.5513646765236456e-05,0.003870191886478143,4003.6710437057736,5581.81086054701,,0.12754396141469826,1.3533040888817782,0.12754396141469826,1.2257601274670802,-9.290693190798258e-05,0.0005191099883115547,0.0005191100233702353,7.330890399212306e-06,-415.65341528354395,-410.32459724284314,4,False,ensemble,5.0,605.0,28,1.1,30.0,2.8430390267729035
strict_heterogeneous_07,heterogeneous K,R100E,98.6154146165801,Lagging Darcy with leakage,4.0063602286693574e-05,0.001,3.7947939868672135e-05,0.0033993432713289593,4780.925905997499,6776.847229997576,125.20455359867168,-0.05425303152117071,1.2235822574737087,-0.05425303152117071,1.2778352889948794,-5.597120096646667e-05,0.00024439109977591745,0.00024439110322742677,1.4052822990885223e-06,-455.27271666136255,-448.61169411048655,5,False,ensemble,5.0,605.0,28,1.1,30.0,2.8430390267729035
strict_heterogeneous_07,heterogeneous K,R100N,98.6154146165801,Theis confined,4.0063602286693574e-05,0.001,7.751790262802257e-05,0.002236912740121277,,,,0.6600406628556126,0.805096674201929,0.6600406628556126,0.1450560113463164,0.004015943443125103,0.02262520410927499,0.022628099877797642,0.0009113088963881914,-208.28476997532698,-205.62036095497658,2,False,ensemble,5.0,605.0,28,1.1,30.0,2.8430390267729035
strict_heterogeneous_07,heterogeneous K,R100N,98.6154146165801,Hantush-Jacob leaky,4.0063602286693574e-05,0.001,7.751785897654043e-05,0.0022369118577313008,,,99999.99991183002,0.6600400997406036,0.805096279734083,0.6600400997406036,0.14505617999347942,0.004015948234063316,0.022625252514743833,0.022628148301851267,0.0009113131040942419,-206.28465184324602,-202.2880383127204,3,True,ensemble,5.0,605.0,28,1.1,30.0,2.8430390267729035
strict_heterogeneous_07,heterogeneous K,R100N,98.6154146165801,Lagging Darcy no-leakage,4.0063602286693574e-05,0.001,6.569702960990167e-05,0.0021428548317458263,2290.3663390583147,3145.2576643587167,,0.4945854645726567,0.7621389735277008,0.4945854645726567,0.26755350895504404,5.6912800624453826e-05,0.0016132772908062476,0.001613278340496382,9.35509193361182e-05,-353.0334849027221,-347.70466686202127,4,False,ensemble,5.0,605.0,28,1.1,30.0,2.8430390267729035
strict_heterogeneous_07,heterogeneous K,R100N,98.6154146165801,Lagging Darcy with leakage,4.0063602286693574e-05,0.001,6.569472610041967e-05,0.00214281812548243,2290.9395124118687,3145.9696245787504,13681.54058201087,0.4945504013455952,0.7621218437729278,0.4945504013455952,0.2675714424273325,5.708590245520592e-05,0.0016136124787457088,0.0016136135291255531,9.354426139233807e-05,-351.02164629385504,-344.36062374297904,5,False,ensemble,5.0,605.0,28,1.1,30.0,2.8430390267729035
strict_heterogeneous_08,heterogeneous K,R20E,21.213203435596427,Theis confined,7.729240034449951e-05,0.001,9.773406160212163e-05,0.0009976319517170486,,,,0.23465449593093263,-0.0023708565435604364,0.23465449593093263,-0.23702535247449294,0.02365923516836779,0.08198379192255928,0.08212174529891841,0.01055663803736713,-134.7679288530291,-132.1035198326787,2,False,ensemble,5.0,605.0,28,1.1,80.0,1.2936448244031427
strict_heterogeneous_08,heterogeneous K,R20E,21.213203435596427,Hantush-Jacob leaky,7.729240034449951e-05,0.001,9.373953596177433e-05,0.000980310024159827,,,99999.99999997657,0.19292440523691032,-0.01988640616250746,0.19292440523691032,-0.2128108113994177,0.025467074257125615,0.09711970076174825,0.09734916541404408,0.019405734304049946,-123.67106494517691,-119.6744514146513,3,True,ensemble,5.0,605.0,28,1.1,80.0,1.2936448244031427
strict_heterogeneous_08,heterogeneous K,R20E,21.213203435596427,Lagging Darcy no-leakage,7.729240034449951e-05,0.001,8.97517473039009e-05,0.0010576981837562285,0.18874578076443732,29.195631907445247,,0.14945185876972455,0.056095022186954835,0.14945185876972455,-0.09335683658276975,0.0016487856055006083,0.01089406469637099,0.010894387933020763,0.0022785673803986063,-245.4550307363573,-240.12621269565648,4,False,ensemble,5.0,605.0,28,1.1,80.0,1.2936448244031427
strict_heterogeneous_08,heterogeneous K,R20E,21.213203435596427,Lagging Darcy with leakage,7.729240034449951e-05,0.001,8.975288086621464e-05,0.0010576785484630279,0.13544895933763879,29.12961941790314,20042.205689246508,0.1494644886648454,0.05607645784056471,0.1494644886648454,-0.0933880308242806,0.0016429132631627405,0.010884774797914143,0.0108850972083414,0.0022802134419612663,-243.50632332000376,-236.84530076912773,5,False,ensemble,5.0,605.0,28,1.1,80.0,1.2936448244031427
strict_heterogeneous_08,heterogeneous K,R50E,49.49747468305833,Theis confined,7.729240034449951e-05,0.001,9.28996999145092e-05,0.0010017512785403901,,,,0.18392477863924134,0.001749746840155557,0.18392477863924134,-0.18217503179908587,0.008252212581937758,0.04563660049966768,0.045660372642083336,0.005343497544757222,-168.95913186324327,-166.29472284289287,2,False,ensemble,5.0,605.0,28,1.1,80.0,1.2936448244031427
strict_heterogeneous_08,heterogeneous K,R50E,49.49747468305833,Hantush-Jacob leaky,7.729240034449951e-05,0.001,9.258902177519476e-05,0.0010001396730192646,,,99999.99999990019,0.1805749423041298,0.00013966326589667468,0.1805749423041298,-0.1804352790382332,0.008362020680270235,0.04667003673396784,0.046695461181582715,0.005730325676786189,-165.72186202294276,-161.72524849241714,3,True,ensemble,5.0,605.0,28,1.1,80.0,1.2936448244031427
strict_heterogeneous_08,heterogeneous K,R50E,49.49747468305833,Lagging Darcy no-leakage,7.729240034449951e-05,0.001,8.44496080256558e-05,0.0010326559524074968,348.1640048940667,496.038840905047,,0.08855936477065988,0.03213407794107433,0.08855936477065988,-0.05642528682958545,0.0005606699801123447,0.006799085291292146,0.006799163868327096,0.0012718905648112814,-272.31569574357457,-266.98687770287376,4,False,ensemble,5.0,605.0,28,1.1,80.0,1.2936448244031427
strict_heterogeneous_08,heterogeneous K,R50E,49.49747468305833,Lagging Darcy with leakage,7.729240034449951e-05,0.001,8.445108619161268e-05,0.001032644797578846,347.8921053616096,495.7036650781783,32560.649644133402,0.08857686814403287,0.032123275806178526,0.08857686814403287,-0.05645359233785439,0.0005597187013052968,0.006799580844455101,0.006799659438679871,0.0012726537345353253,-270.3123075842161,-263.6512850333401,5,False,ensemble,5.0,605.0,28,1.1,80.0,1.2936448244031427
strict_heterogeneous_08,heterogeneous K,R100E,102.59142264341595,Theis confined,7.729240034449951e-05,0.001,8.481672176535478e-05,0.0010638308479257684,,,,0.09289707701123003,0.06187640076781264,0.09289707701123003,-0.031020676243417263,0.0058109955810604725,0.03354034254346436,0.033549777595043934,0.0022176157899404117,-186.2803358020927,-183.6159267817423,2,False,ensemble,5.0,605.0,28,1.1,80.0,1.2936448244031427
strict_heterogeneous_08,heterogeneous K,R100E,102.59142264341595,Hantush-Jacob leaky,7.729240034449951e-05,0.001,8.481515044512101e-05,0.0010638199733714866,,,99999.99999962059,0.09287855077304911,0.06186617864473401,0.09287855077304911,-0.031012372128315126,0.0058114265375259645,0.033543813740348254,0.03355325172207758,0.0022182196984352506,-184.27459006407088,-180.27797653354526,3,True,ensemble,5.0,605.0,28,1.1,80.0,1.2936448244031427
strict_heterogeneous_08,heterogeneous K,R100E,102.59142264341595,Lagging Darcy no-leakage,7.729240034449951e-05,0.001,7.306535174770519e-05,0.0010515964407026108,1508.2938309832616,2108.5488778928343,,-0.056241366886146366,0.05030942921838495,-0.056241366886146366,0.10655079610453135,0.00026715546500852744,0.0037618249424090163,0.003761838251143221,0.00035824258770854176,-305.5118883599697,-300.1830703192689,4,False,ensemble,5.0,605.0,28,1.1,80.0,1.2936448244031427
strict_heterogeneous_08,heterogeneous K,R100E,102.59142264341595,Lagging Darcy with leakage,7.729240034449951e-05,0.001,7.30629767037508e-05,0.0010515920962904303,1509.152715576006,2109.608479700484,27672.28443862081,-0.056273873163057465,0.050305297955681644,-0.056273873163057465,0.10657917111873899,0.0002678510891944339,0.0037620768773791937,0.003762090188789166,0.00035809580425721145,-303.50739803889115,-296.84637548801516,5,False,ensemble,5.0,605.0,28,1.1,80.0,1.2936448244031427
strict_heterogeneous_08,heterogeneous K,R100N,102.59142264341595,Theis confined,7.729240034449951e-05,0.001,6.949691354581182e-05,0.0010670230482917118,,,,-0.10631329480445488,0.06487257310947764,-0.10631329480445488,0.1711858679139324,0.005950883794118034,0.03458553282603296,0.034595877853620345,0.002326864869316148,-184.5734769144523,-181.9090678941019,2,False,ensemble,5.0,605.0,28,1.1,80.0,1.2936448244031427
strict_heterogeneous_08,heterogeneous K,R100N,102.59142264341595,Hantush-Jacob leaky,7.729240034449951e-05,0.001,6.949641590492386e-05,0.001067018702536304,,,99999.99999989184,-0.10632045544863715,0.06486850031623817,-0.10632045544863715,0.17118895576487522,0.00595106246314578,0.03458663565188064,0.03459698166927624,0.0023270642864782714,-182.5716943833553,-178.57508085282967,3,True,ensemble,5.0,605.0,28,1.1,80.0,1.2936448244031427
strict_heterogeneous_08,heterogeneous K,R100N,102.59142264341595,Lagging Darcy no-leakage,7.729240034449951e-05,0.001,5.875229627159774e-05,0.0010422201629837668,1605.7012944106323,2293.0458966350348,,-0.2742653992418394,0.041353209864812925,-0.2742653992418394,0.3156186091066524,0.00019609985121904556,0.002426272632337977,0.002426276203074828,0.00020445609866675364,-330.02760032554755,-324.69878228484674,4,False,ensemble,5.0,605.0,28,1.1,80.0,1.2936448244031427
strict_heterogeneous_08,heterogeneous K,R100N,102.59142264341595,Lagging Darcy with leakage,7.729240034449951e-05,0.001,5.8752324134765695e-05,0.0010422198153601202,1605.6631769327198,2292.9993832057967,99998.04417454088,-0.2742649249937995,0.041352876323285825,-0.2742649249937995,0.3156178013170854,0.00019606948874022995,0.002426291763375741,0.002426295334229164,0.00020446753635036346,-328.02722007839986,-321.36619752752387,5,True,ensemble,5.0,605.0,28,1.1,80.0,1.2936448244031427
strict_heterogeneous_09,heterogeneous K,R20E,18.027756377319946,Theis confined,7.503789281421963e-05,0.001,0.00010476204701697888,0.0009725483986938354,,,,0.3336983360416711,-0.02783543743345416,0.3336983360416711,-0.36153377347512516,0.033496040635837596,0.125013784069815,0.12550382093801948,0.01913354269442901,-111.45019298888371,-108.78578396853331,2,False,ensemble,5.0,605.0,28,0.7,50.0,1.4576224911232663
strict_heterogeneous_09,heterogeneous K,R20E,18.027756377319946,Hantush-Jacob leaky,7.503789281421963e-05,0.001,9.848083929309653e-05,0.0009502422504024615,,,99999.99999999984,0.2718687808426951,-0.05103832647098882,0.2718687808426951,-0.32290710731368394,0.036711416569024276,0.14901865032815173,0.1498497883218361,0.032011121746759096,-99.91554880342487,-95.91893527289926,3,True,ensemble,5.0,605.0,28,0.7,50.0,1.4576224911232663
strict_heterogeneous_09,heterogeneous K,R20E,18.027756377319946,Lagging Darcy no-leakage,7.503789281421963e-05,0.001,9.288480816475777e-05,0.0010699315630000959,0.026335587215357035,32.670234410839406,,0.21336688007309598,0.06759468661530421,0.21336688007309598,-0.1457721934577918,0.0013602706481252221,0.02538962517702096,0.025393717474572756,0.007046034063731088,-198.646290938859,-193.3174728981582,4,False,ensemble,5.0,605.0,28,0.7,50.0,1.4576224911232663
strict_heterogeneous_09,heterogeneous K,R20E,18.027756377319946,Lagging Darcy with leakage,7.503789281421963e-05,0.001,9.288262035832291e-05,0.0010699739143412228,0.10166663828465788,32.76857691435314,61499.039916567584,0.21334332582085314,0.0676342690562867,0.21334332582085314,-0.14570905676456658,0.0013715758021776486,0.025407347921816557,0.02541144879577261,0.007044583660711104,-196.60594567839433,-189.9449231275183,5,False,ensemble,5.0,605.0,28,0.7,50.0,1.4576224911232663
strict_heterogeneous_09,heterogeneous K,R50E,51.478150704935004,Theis confined,7.503789281421963e-05,0.001,8.909256558697215e-05,0.0011148036934209428,,,,0.17168266854681502,0.10867832969959255,0.17168266854681502,-0.06300433884722251,0.008199467885339515,0.045286727968615256,0.045309957391305875,0.004979359475587875,-169.38774845221525,-166.72333943186484,2,False,ensemble,5.0,605.0,28,0.7,50.0,1.4576224911232663
strict_heterogeneous_09,heterogeneous K,R50E,51.478150704935004,Hantush-Jacob leaky,7.503789281421963e-05,0.001,8.891460263242527e-05,0.0011137105990217263,,,99999.99999989664,0.16968316464347682,0.10769732231670316,0.16968316464347682,-0.061985842326773705,0.008263124326334702,0.045846651040059846,0.045870753038604356,0.005183771178609524,-166.70796131552595,-162.71134778500033,3,True,ensemble,5.0,605.0,28,0.7,50.0,1.4576224911232663
strict_heterogeneous_09,heterogeneous K,R50E,51.478150704935004,Lagging Darcy no-leakage,7.503789281421963e-05,0.001,8.046824134736751e-05,0.0011443773493065733,409.81231176688874,589.5249450174581,,0.0698693656883034,0.1348606893612524,0.0698693656883034,0.06499132367294892,0.0005046370202566422,0.005792761448892665,0.005792810044828972,0.0009484996624707596,-281.2629787252165,-275.9341606845157,4,False,ensemble,5.0,605.0,28,0.7,50.0,1.4576224911232663
strict_heterogeneous_09,heterogeneous K,R50E,51.478150704935004,Lagging Darcy with leakage,7.503789281421963e-05,0.001,8.046819364181562e-05,0.0011443763958908068,409.7993168956647,589.5099100414711,63933.52252572406,0.06986877283868698,0.13485985623032398,0.06986877283868698,0.06499108339163684,0.000504450040508299,0.005792866564276213,0.005792915162866294,0.0009485240009134125,-279.2621324827307,-272.6011099318547,5,False,ensemble,5.0,605.0,28,0.7,50.0,1.4576224911232663
strict_heterogeneous_09,heterogeneous K,R100E,98.6154146165801,Theis confined,7.503789281421963e-05,0.001,0.00010038418845283371,0.0014759189680191198,,,,0.29101148585620085,0.3892808249551927,0.29101148585620085,0.09826933909899163,0.005714210916817092,0.03338941656590918,0.033398724801673586,0.001893755989297108,-186.55341956519754,-183.88901054484714,2,False,ensemble,5.0,605.0,28,0.7,50.0,1.4576224911232663
strict_heterogeneous_09,heterogeneous K,R100E,98.6154146165801,Hantush-Jacob leaky,7.503789281421963e-05,0.001,0.0001003828413180201,0.00147590822542522,,,99999.99999993075,0.2909980659753055,0.38927354634896283,0.2909980659753055,0.09827548037365745,0.0057145214584207625,0.033391857761577805,0.03340116803946168,0.0018940733635104698,-184.54935637260874,-180.55274284208312,3,True,ensemble,5.0,605.0,28,0.7,50.0,1.4576224911232663
strict_heterogeneous_09,heterogeneous K,R100E,98.6154146165801,Lagging Darcy no-leakage,7.503789281421963e-05,0.001,8.480875258737895e-05,0.0014557564497768665,1988.2216468492302,2774.3043818083706,,0.12240552847568338,0.3755256622778218,0.12240552847568338,0.25312013380213827,0.0003813862731317516,0.0047468421429472454,0.0047468688826376795,0.00035201541507803727,-292.44691297776404,-287.11809493706323,4,False,ensemble,5.0,605.0,28,0.7,50.0,1.4576224911232663
strict_heterogeneous_09,heterogeneous K,R100E,98.6154146165801,Lagging Darcy with leakage,7.503789281421963e-05,0.001,8.480865671889463e-05,0.001455755265639101,1988.2108737927938,2774.2933041506094,60119.86322584829,0.12240439806713965,0.3755248488599953,0.12240439806713965,0.2531204507928555,0.0003813677884792676,0.004746889908629876,0.004746916649127005,0.0003520254273041973,-290.4463712690749,-283.7853487181989,5,False,ensemble,5.0,605.0,28,0.7,50.0,1.4576224911232663
strict_heterogeneous_09,heterogeneous K,R100N,98.6154146165801,Theis confined,7.503789281421963e-05,0.001,0.00010302126066888375,0.0010175096687742927,,,,0.31694215772041545,0.017358140770341972,0.31694215772041545,-0.29958401695007353,0.0063981930356884695,0.03594831019219987,0.035959927149154504,0.002319057193064028,-182.3509439931445,-179.6865349727941,2,False,ensemble,5.0,605.0,28,0.7,50.0,1.4576224911232663
strict_heterogeneous_09,heterogeneous K,R100N,98.6154146165801,Hantush-Jacob leaky,7.503789281421963e-05,0.001,0.00010301345858315306,0.001017469970739746,,,99999.99999994229,0.3168664220797162,0.017319125112611612,0.3168664220797162,-0.2995472969671046,0.006400249735759288,0.03596379893492559,0.03597543091694699,0.002321837299353962,-180.32701573071898,-176.33040220019336,3,True,ensemble,5.0,605.0,28,0.7,50.0,1.4576224911232663
strict_heterogeneous_09,heterogeneous K,R100N,98.6154146165801,Lagging Darcy no-leakage,7.503789281421963e-05,0.001,8.993693793669591e-05,0.0010190568567910398,1175.5831594060414,1668.372264648343,,0.18111551167057802,0.018877549338614522,0.18111551167057802,-0.16223796233196358,0.0003207588878048275,0.004196408038657081,0.00419642651323116,0.0004184236398280431,-299.36663127494336,-294.03781323424255,4,False,ensemble,5.0,605.0,28,0.7,50.0,1.4576224911232663
strict_heterogeneous_09,heterogeneous K,R100N,98.6154146165801,Lagging Darcy with leakage,7.503789281421963e-05,0.001,8.993649768451109e-05,0.0010190529823251595,1175.5607134964541,1668.3460322380763,31754.814361520213,0.18111061653769425,0.018873747319895245,0.18111061653769425,-0.16223686921779912,0.00032076560203651947,0.004196739004353665,0.004196757483314244,0.00041849517015317455,-297.36223433327444,-290.70121178239845,5,False,ensemble,5.0,605.0,28,0.7,50.0,1.4576224911232663
strict_heterogeneous_leakage_00,heterogeneous leakage,R20E,20.0,Theis confined,4.842140609652476e-05,0.001,7.692557448165909e-05,0.0010633690354168279,,,,0.4628963985855509,0.06144220319210566,0.4628963985855509,-0.40145419539344523,0.025129149362259236,0.12432132054071532,0.12480324198545813,0.031226333751462935,-112.6099817155031,-109.94557269515269,2,False,ensemble,5.0,605.0,28,0.3,10.0,1.0522566538347295
strict_heterogeneous_leakage_00,heterogeneous leakage,R20E,20.0,Hantush-Jacob leaky,4.842140609652476e-05,0.001,6.915329290743157e-05,0.0010036443557232396,,,103.12030289111945,0.3563836860823067,0.0036377311489125246,0.3563836860823067,-0.352745954933394,0.028293723525434945,0.10814792111819013,0.10846491678899754,0.014382248251028115,-117.6565091894965,-113.6598956589709,3,False,ensemble,5.0,605.0,28,0.3,10.0,1.0522566538347295
strict_heterogeneous_leakage_00,heterogeneous leakage,R20E,20.0,Lagging Darcy no-leakage,4.842140609652476e-05,0.001,7.159579095416823e-05,0.0011121793676683864,0.04313554748580361,26.079921040384235,,0.3910942960128168,0.10632148468070411,0.3910942960128168,-0.2847728113321128,0.005482655457618264,0.10177278049023702,0.10203688299319799,0.03717692248122579,-120.89485619268322,-115.56603815198241,4,False,ensemble,5.0,605.0,28,0.3,10.0,1.0522566538347295
strict_heterogeneous_leakage_00,heterogeneous leakage,R20E,20.0,Lagging Darcy with leakage,4.842140609652476e-05,0.001,4.897603234039962e-05,0.0009647487409726733,5.166932311312334,57.89356395259366,47.93326509352651,0.011389051864886847,-0.03588758359488133,0.011389051864886847,-0.04727663545976815,0.000710832151757628,0.008784794201109353,0.00878496369021223,0.0008876849166965695,-255.97386566387837,-249.31284311300234,5,False,ensemble,5.0,605.0,28,0.3,10.0,1.0522566538347295
strict_heterogeneous_leakage_00,heterogeneous leakage,R50E,50.0,Theis confined,4.842140609652476e-05,0.001,0.00011795806825669314,0.0015479296632505506,,,,0.8903872168861842,0.43691833695858867,0.8903872168861842,-0.4534688799275955,-0.0018459594197581491,0.10400006998130085,0.10428192125380634,0.013474105437718754,-123.75751505277259,-121.09310603242218,2,False,ensemble,5.0,605.0,28,0.3,10.0,1.0522566538347295
strict_heterogeneous_leakage_00,heterogeneous leakage,R50E,50.0,Hantush-Jacob leaky,4.842140609652476e-05,0.001,7.106199657622549e-05,0.001120432490002647,,,63.82690212782854,0.3836106965765555,0.11371476255766702,0.3836106965765555,-0.26989593401888856,0.005420470460726926,0.028607814835845576,0.028613669043426663,0.0014161154187420735,-193.02299674832852,-189.0263832178029,3,False,ensemble,5.0,605.0,28,0.3,10.0,1.0522566538347295
strict_heterogeneous_leakage_00,heterogeneous leakage,R50E,50.0,Lagging Darcy no-leakage,4.842140609652476e-05,0.001,0.00029277611206622605,0.00031359596075638364,46699.840491592244,4138.209900439669,,1.7994662036161557,-1.159649870829959,1.7994662036161557,-2.9591160744461145,0.001712669715171098,0.022837741629742888,0.02284071978041231,0.003011890595799968,-204.49854926482746,-199.16973122412665,4,False,ensemble,5.0,605.0,28,0.3,10.0,1.0522566538347295
strict_heterogeneous_leakage_00,heterogeneous leakage,R50E,50.0,Lagging Darcy with leakage,4.842140609652476e-05,0.001,5.373691363844869e-05,0.0009938688772706211,207.41832329942474,339.12762935561267,50.06733029265199,0.10415817950363662,-0.0061499952416751505,0.10415817950363662,-0.11030817474531197,4.240473662657968e-05,0.0014688868419900592,0.0014688876342942164,0.00017440200858519073,-356.2961283637309,-349.6351058128549,5,False,ensemble,5.0,605.0,28,0.3,10.0,1.0522566538347295
strict_heterogeneous_leakage_00,heterogeneous leakage,R100E,100.0,Theis confined,4.842140609652476e-05,0.001,0.00033163089643457086,0.003562414964489885,,,,1.924080602058707,1.2704386756930106,1.924080602058707,-0.6536419263656963,-0.005181722102478408,0.07644120271947764,0.07655300518254016,0.0020221304691227827,-140.87425522160558,-138.20984620125517,2,False,ensemble,5.0,605.0,28,0.3,10.0,1.0522566538347295
strict_heterogeneous_leakage_00,heterogeneous leakage,R100E,100.0,Hantush-Jacob leaky,4.842140609652476e-05,0.001,0.00012434263175969775,0.0018313793335089058,,,68.05572785213938,0.9430989237808446,0.6050694170962665,0.9430989237808446,-0.3380295066845781,0.0020157077539433668,0.010566597412757018,0.010566892367642165,0.0001344250492482879,-248.78429661400597,-244.78768308348035,3,False,ensemble,5.0,605.0,28,0.3,10.0,1.0522566538347295
strict_heterogeneous_leakage_00,heterogeneous leakage,R100E,100.0,Lagging Darcy no-leakage,4.842140609652476e-05,0.001,0.0010013749336773635,0.0011049317876727245,74266.7490161141,7645.166353056133,,3.0291872776341755,0.09978360245138441,3.0291872776341755,-2.929403675182791,0.0003907952599516605,0.012169533346613788,0.012169983930005974,0.0003523487495114355,-239.88227067256162,-234.5534526318608,4,False,ensemble,5.0,605.0,28,0.3,10.0,1.0522566538347295
strict_heterogeneous_leakage_00,heterogeneous leakage,R100E,100.0,Lagging Darcy with leakage,4.842140609652476e-05,0.001,8.617464351943024e-05,0.0014737957480025776,773.9751700047664,1137.1759470791535,56.08291874133546,0.5764339850196477,0.387841214289318,0.5764339850196477,-0.18859277073032973,-5.699540563589127e-05,0.0006229232561474604,0.0006229233165117519,1.5231948418502074e-05,-404.11714046277007,-397.45611791189407,5,False,ensemble,5.0,605.0,28,0.3,10.0,1.0522566538347295
strict_heterogeneous_leakage_00,heterogeneous leakage,R100N,100.0,Theis confined,4.842140609652476e-05,0.001,0.0003777715972596125,0.0047723546301582905,,,,2.0543477822695255,1.5628398162603576,2.0543477822695255,-0.49150796600916785,-0.0056733425077152505,0.07406598974357156,0.07416768319028308,0.0015486979693284536,-142.60517492339127,-139.94076590304087,2,False,ensemble,5.0,605.0,28,0.3,10.0,1.0522566538347295
strict_heterogeneous_leakage_00,heterogeneous leakage,R100N,100.0,Hantush-Jacob leaky,4.842140609652476e-05,0.001,0.00012165747073060588,0.0021846264731460096,,,60.19060244537791,0.9212674883521892,0.7814448634285917,0.9212674883521892,-0.13982262492359757,0.0015058750714291263,0.007830332002063888,0.00783045203103748,7.837968968413778e-05,-265.5504824887937,-261.5538689582681,3,False,ensemble,5.0,605.0,28,0.3,10.0,1.0522566538347295
strict_heterogeneous_leakage_00,heterogeneous leakage,R100N,100.0,Lagging Darcy no-leakage,4.842140609652476e-05,0.001,0.0011959056955991977,0.001563887418081387,78128.35105374148,7882.280254019014,,3.206717090898784,0.4471746562082741,3.206717090898784,-2.75954243469051,0.0002199194789059595,0.011023229016651145,0.011023563887617454,0.0002558260998448681,-245.44076719301844,-240.11194915231764,4,False,ensemble,5.0,605.0,28,0.3,10.0,1.0522566538347295
strict_heterogeneous_leakage_00,heterogeneous leakage,R100N,100.0,Lagging Darcy with leakage,4.842140609652476e-05,0.001,8.592711290288037e-05,0.0017617318991455947,853.724821306612,1214.9194581933946,50.97133744037032,0.5735574218470151,0.5662973588118299,0.5735574218470151,-0.007260063035185294,-8.365595103718616e-05,0.0007421025462277521,0.0007421026483934308,1.3404223789263351e-05,-394.1890060567055,-387.5279835058295,5,False,ensemble,5.0,605.0,28,0.3,10.0,1.0522566538347295
strict_heterogeneous_leakage_01,heterogeneous leakage,R20E,20.615528128088304,Theis confined,6.072609510898858e-05,0.001,7.342483254445302e-05,0.0010778215829525674,,,,0.1898886878157474,0.07494195132378251,0.1898886878157474,-0.11494673649196455,0.021314045740699138,0.08515567257527405,0.08531028239626269,0.014182265827345717,-133.19920169426445,-130.53479267391404,2,False,ensemble,5.0,605.0,28,0.3,30.0,1.079586987434534
strict_heterogeneous_leakage_01,heterogeneous leakage,R20E,20.615528128088304,Hantush-Jacob leaky,6.072609510898858e-05,0.001,7.14092344735382e-05,0.0010629390700166268,,,99999.99998803608,0.16205368671345435,0.06103777882391291,0.16205368671345435,-0.10101590788954126,0.02226291671727765,0.08175716888226556,0.08189398035017612,0.007062954215108615,-133.1680609269063,-129.17144739638067,3,True,ensemble,5.0,605.0,28,0.3,30.0,1.079586987434534
strict_heterogeneous_leakage_01,heterogeneous leakage,R20E,20.615528128088304,Lagging Darcy no-leakage,6.072609510898858e-05,0.001,6.819422059050221e-05,0.0011253225964704516,0.9411261205313709,29.002662711853347,,0.1159863105514596,0.11806974696894591,0.1159863105514596,0.002083436417486488,0.0030627763285489018,0.0487712609376023,0.04880027758274002,0.01938102050022095,-162.05840160795367,-156.72958356725286,4,False,ensemble,5.0,605.0,28,0.3,30.0,1.079586987434534
strict_heterogeneous_leakage_01,heterogeneous leakage,R20E,20.615528128088304,Lagging Darcy with leakage,6.072609510898858e-05,0.001,5.801455849578003e-05,0.0010607097578740098,2.751773110986271,42.794914025057004,82.09196283344463,-0.04567952103542085,0.058938266953372107,-0.04567952103542085,0.10461778798879283,0.0007469094895107213,0.00649655389588099,0.0064966224435951785,0.0007462450840243508,-272.6801567598726,-266.0191342089966,5,False,ensemble,5.0,605.0,28,0.3,30.0,1.079586987434534
strict_heterogeneous_leakage_01,heterogeneous leakage,R50E,52.20153254455275,Theis confined,6.072609510898858e-05,0.001,9.587954748354917e-05,0.0012546010215484752,,,,0.45671918131010425,0.2268176109225425,0.45671918131010425,-0.22990157038756162,0.0045399407942719305,0.03645866551841409,0.036470784401267504,0.005057681791260528,-182.01989066715072,-179.3554816468003,2,False,ensemble,5.0,605.0,28,0.3,30.0,1.079586987434534
strict_heterogeneous_leakage_01,heterogeneous leakage,R50E,52.20153254455275,Hantush-Jacob leaky,6.072609510898858e-05,0.001,8.869784810488718e-05,0.0011949811467434253,,,186.57663807994257,0.3788621200155369,0.17813040847527467,0.3788621200155369,-0.20073171154026212,0.0058112962337005854,0.03146042633433292,0.03146821249525108,0.0024202975170956684,-187.75004890810212,-183.7534353775765,3,False,ensemble,5.0,605.0,28,0.3,30.0,1.079586987434534
strict_heterogeneous_leakage_01,heterogeneous leakage,R50E,52.20153254455275,Lagging Darcy no-leakage,6.072609510898858e-05,0.001,9.315865237493863e-05,0.0012626499765105428,1.7052778180290948,43.54032536433816,,0.4279304705742906,0.23321266838769286,0.4279304705742906,-0.19471780218659773,0.0006132613961684595,0.033064726872621374,0.033073766150763004,0.005824411945996032,-183.92844722944676,-178.59962918874595,4,False,ensemble,5.0,605.0,28,0.3,30.0,1.079586987434534
strict_heterogeneous_leakage_01,heterogeneous leakage,R50E,52.20153254455275,Lagging Darcy with leakage,6.072609510898858e-05,0.001,7.086598919490769e-05,0.0011153512784791918,282.9671944392576,432.96446409378825,104.54727597545862,0.1544171087531937,0.1091694032582942,0.1544171087531937,-0.04524770549489939,0.00017427190692462043,0.0015246613433673084,0.0015246622294442524,0.00013131604554355658,-353.85651936603284,-347.19549681515684,5,False,ensemble,5.0,605.0,28,0.3,30.0,1.079586987434534
strict_heterogeneous_leakage_01,heterogeneous leakage,R100E,99.62429422585637,Theis confined,6.072609510898858e-05,0.001,0.0001218569542691845,0.0013123323087643184,,,,0.6964743421876385,0.27180594257003515,0.6964743421876385,-0.4246683996176033,0.002415360872999927,0.024777065792477907,0.02478086895756011,0.0017773506986695936,-203.82256556612853,-201.15815654577813,2,False,ensemble,5.0,605.0,28,0.3,30.0,1.079586987434534
strict_heterogeneous_leakage_01,heterogeneous leakage,R100E,99.62429422585637,Hantush-Jacob leaky,6.072609510898858e-05,0.001,0.0001084304095585707,0.0012122294202522386,,,220.97423717172762,0.5797350720148148,0.19246116037107108,0.5797350720148148,-0.38727391164374364,0.0036139179794271266,0.020662880994879295,0.02066508671935479,0.0008795728795671465,-211.39117519486646,-207.39456166434084,3,False,ensemble,5.0,605.0,28,0.3,30.0,1.079586987434534
strict_heterogeneous_leakage_01,heterogeneous leakage,R100E,99.62429422585637,Lagging Darcy no-leakage,6.072609510898858e-05,0.001,0.0001192114343637671,0.0013120371201352694,5.571272661043082,75.76037689291151,,0.67452516726879,0.2715809829076925,0.67452516726879,-0.4029441843610973,0.0006788841774716818,0.024333801957841187,0.024337404619624217,0.0019697801618800423,-201.08547897348163,-195.75666093278082,4,False,ensemble,5.0,605.0,28,0.3,30.0,1.079586987434534
strict_heterogeneous_leakage_01,heterogeneous leakage,R100E,99.62429422585637,Lagging Darcy with leakage,6.072609510898858e-05,0.001,7.408535151240841e-05,0.0010082724710125113,986.4314987981818,1449.5302748648085,114.0532318756379,0.19884431873471264,0.008238441666562544,0.19884431873471264,-0.1906058770681499,0.00010157746556822984,0.0011823320852621922,0.001182332498487576,5.5911583584627645e-05,-368.25970852510426,-361.59868597422826,5,False,ensemble,5.0,605.0,28,0.3,30.0,1.079586987434534
strict_heterogeneous_leakage_01,heterogeneous leakage,R100N,99.62429422585637,Theis confined,6.072609510898858e-05,0.001,0.0001227760069112327,0.0014283912443193096,,,,0.7039881045317937,0.3565488070073209,0.7039881045317937,-0.3474392975244728,0.0014773097224344976,0.02668983160048556,0.026694585412055875,0.001954361693481252,-199.84394022868756,-197.17953120833715,2,False,ensemble,5.0,605.0,28,0.3,30.0,1.079586987434534
strict_heterogeneous_leakage_01,heterogeneous leakage,R100N,99.62429422585637,Hantush-Jacob leaky,6.072609510898858e-05,0.001,0.00010246810565780651,0.0012614808203983406,,,172.22619025290183,0.5231780772103232,0.23228628517708683,0.5231780772103232,-0.29089179203323623,0.0032206409838368075,0.018077598638678204,0.018079075677113848,0.0006873694027350438,-218.84408754998728,-214.84747401946166,3,False,ensemble,5.0,605.0,28,0.3,30.0,1.079586987434534
strict_heterogeneous_leakage_01,heterogeneous leakage,R100N,99.62429422585637,Lagging Darcy no-leakage,6.072609510898858e-05,0.001,0.00012190832369455435,0.0014284760983629976,19.0945548730192,44.87286690345563,,0.6968958084978477,0.3566082105662087,0.6968958084978477,-0.3402875979316391,0.0009984917435396294,0.027198434288760818,0.027203465107321308,0.0020125760809175095,-194.8365561644767,-189.50773812377588,4,False,ensemble,5.0,605.0,28,0.3,30.0,1.079586987434534
strict_heterogeneous_leakage_01,heterogeneous leakage,R100N,99.62429422585637,Lagging Darcy with leakage,6.072609510898858e-05,0.001,7.200437683978825e-05,0.001055384538198256,916.6345397761235,1333.1124733733468,104.85010435600707,0.1703533979775589,0.05390519170043655,0.1703533979775589,-0.11644820627712235,2.7437607542327693e-05,0.00046409768477473167,0.00046409770982606106,1.4322624249150989e-05,-420.7402549126368,-414.0792323617608,5,False,ensemble,5.0,605.0,28,0.3,30.0,1.079586987434534
strict_heterogeneous_leakage_02,heterogeneous leakage,R20E,18.027756377319946,Theis confined,4.963857428846034e-05,0.001,5.785849325285946e-05,0.0010275359457620579,,,,0.15323201904993053,0.027163650486368894,0.15323201904993053,-0.12606836856356146,0.02549094596389236,0.09100166110921548,0.09119038962668334,0.011868150039145793,-129.0530143186382,-126.38860529828779,2,False,ensemble,5.0,605.0,28,0.3,80.0,1.2096072907674709
strict_heterogeneous_leakage_02,heterogeneous leakage,R20E,18.027756377319946,Hantush-Jacob leaky,4.963857428846034e-05,0.001,5.607685788427772e-05,0.001012096797614175,,,99999.99999996716,0.12195497308718649,0.012024216107500285,0.12195497308718649,-0.10993075697968607,0.02672459966432173,0.0973594497054599,0.09759062016772922,0.019340943256973168,-123.35505618347443,-119.35844265294882,3,True,ensemble,5.0,605.0,28,0.3,80.0,1.2096072907674709
strict_heterogeneous_leakage_02,heterogeneous leakage,R20E,18.027756377319946,Lagging Darcy no-leakage,4.963857428846034e-05,0.001,5.266409232568557e-05,0.0010836029689447377,0.04514717129462284,30.64243632935315,,0.059165624370352866,0.08029157111498834,0.059165624370352866,0.021125946744635436,0.0022245442039401622,0.01613575783044394,0.01613680817470423,0.008441004810353703,-223.56794793723856,-218.23912989653775,4,False,ensemble,5.0,605.0,28,0.3,80.0,1.2096072907674709
strict_heterogeneous_leakage_02,heterogeneous leakage,R20E,18.027756377319946,Lagging Darcy with leakage,4.963857428846034e-05,0.001,5.0470783648638354e-05,0.0010668430580277799,0.015858697002501518,33.341162230144256,149.98729007876798,0.0166263883486213,0.06470387436701605,0.0166263883486213,0.048077486018394885,0.0015191733523072335,0.007366601976851316,0.007366701918500977,0.0007113673102566952,-264.8145780809261,-258.1535555300501,5,False,ensemble,5.0,605.0,28,0.3,80.0,1.2096072907674709
strict_heterogeneous_leakage_02,heterogeneous leakage,R50E,47.16990566028302,Theis confined,4.963857428846034e-05,0.001,6.323704377437299e-05,0.0010818236789379729,,,,0.24212202621105483,0.07864820867743852,0.24212202621105483,-0.16347381753361626,0.007439728582291247,0.039110353090951906,0.03912531384990971,0.0031278369604382165,-177.5034296050083,-174.8390205846579,2,False,ensemble,5.0,605.0,28,0.3,80.0,1.2096072907674709
strict_heterogeneous_leakage_02,heterogeneous leakage,R50E,47.16990566028302,Hantush-Jacob leaky,4.963857428846034e-05,0.001,6.315839652184168e-05,0.0010810796007405346,,,99999.99999999131,0.24087756260545312,0.07796017215376881,0.24087756260545312,-0.16291739045168416,0.007472132472749262,0.03918917423044497,0.039204225644773986,0.0031256540013770606,-175.38594804580103,-171.3893345152754,3,True,ensemble,5.0,605.0,28,0.3,80.0,1.2096072907674709
strict_heterogeneous_leakage_02,heterogeneous leakage,R50E,47.16990566028302,Lagging Darcy no-leakage,4.963857428846034e-05,0.001,5.8778932623972216e-05,0.0010953281553649978,147.20931020021698,249.84210841594304,,0.16901526309409393,0.09105400363664305,0.16901526309409393,-0.07796125945745086,-0.00013072711182062258,0.010326920039380499,0.010327195374810484,0.0029456014796367313,-249.10170837028613,-243.77289032958532,4,False,ensemble,5.0,605.0,28,0.3,80.0,1.2096072907674709
strict_heterogeneous_leakage_02,heterogeneous leakage,R50E,47.16990566028302,Lagging Darcy with leakage,4.963857428846034e-05,0.001,5.3498958968354875e-05,0.0010550515976173514,319.74545822972425,479.9363162015307,170.79901490320762,0.07489395627542095,0.05358967342625943,0.07489395627542095,-0.02130428284916133,0.0002448601736451616,0.002510483598136238,0.002510487553736143,0.0003846646533037864,-326.03108886082305,-319.37006630994705,5,False,ensemble,5.0,605.0,28,0.3,80.0,1.2096072907674709
strict_heterogeneous_leakage_02,heterogeneous leakage,R100E,101.24228365658294,Theis confined,4.963857428846034e-05,0.001,7.70484474261818e-05,0.001248793471560802,,,,0.4396661724495219,0.22217786243540263,0.4396661724495219,-0.2174883100141192,0.004260985551736061,0.02184747275043185,0.02185008002527635,0.0007035775211085103,-210.06053294176948,-207.39612392141908,2,False,ensemble,5.0,605.0,28,0.3,80.0,1.2096072907674709
strict_heterogeneous_leakage_02,heterogeneous leakage,R100E,101.24228365658294,Hantush-Jacob leaky,4.963857428846034e-05,0.001,7.704804481981318e-05,0.0012487895097719344,,,99999.9999999899,0.4396609470694664,0.22217468993711367,0.4396609470694664,-0.21748625713235256,0.0042610780071991325,0.021847785229429557,0.0218503926161582,0.0007036226205140688,-208.0597162769196,-204.06310274639398,3,True,ensemble,5.0,605.0,28,0.3,80.0,1.2096072907674709
strict_heterogeneous_leakage_02,heterogeneous leakage,R100E,101.24228365658294,Lagging Darcy no-leakage,4.963857428846034e-05,0.001,7.076034003111341e-05,0.0012325285493091627,407.357817907358,705.6575759173414,,0.3545304357925064,0.2090677904061186,0.3545304357925064,-0.14546264538638787,-0.00021626003440949738,0.005795746748350289,0.005795795419453846,0.0005757260322340003,-281.41322802642856,-276.08440998572775,4,False,ensemble,5.0,605.0,28,0.3,80.0,1.2096072907674709
strict_heterogeneous_leakage_02,heterogeneous leakage,R100E,101.24228365658294,Lagging Darcy with leakage,4.963857428846034e-05,0.001,5.853536760411944e-05,0.0011086525974088118,1283.0070473277517,1844.5436417905619,178.27325057478336,0.16486290708391124,0.10314540177148351,0.16486290708391124,-0.06171750531242767,3.438680700492822e-05,0.0007530034096659283,0.0007530035164181725,4.729623693602293e-05,-393.6784904368815,-387.0174678860055,5,False,ensemble,5.0,605.0,28,0.3,80.0,1.2096072907674709
strict_heterogeneous_leakage_02,heterogeneous leakage,R100N,101.24228365658294,Theis confined,4.963857428846034e-05,0.001,8.13989957400696e-05,0.0012462638738827505,,,,0.49459469668500927,0.2201501747356567,0.49459469668500927,-0.2744445219493526,0.00422813482826088,0.021547651416716097,0.021550152809211076,0.0006694826600207975,-210.82137001975914,-208.15696099940874,2,False,ensemble,5.0,605.0,28,0.3,80.0,1.2096072907674709
strict_heterogeneous_leakage_02,heterogeneous leakage,R100N,101.24228365658294,Hantush-Jacob leaky,4.963857428846034e-05,0.001,8.139843272432386e-05,0.0012462586997544238,,,99999.9999999691,0.4945877799204012,0.22014602301532213,0.4945877799204012,-0.274441756905079,0.004228259335546325,0.021548039923074375,0.021550541450878757,0.0006695312717712765,-208.8203357942716,-204.823722263746,3,True,ensemble,5.0,605.0,28,0.3,80.0,1.2096072907674709
strict_heterogeneous_leakage_02,heterogeneous leakage,R100N,101.24228365658294,Lagging Darcy no-leakage,4.963857428846034e-05,0.001,7.5072791685836e-05,0.0012324219280593224,361.5079134749265,641.0951721786633,,0.4136899597608945,0.2089812805545935,0.4136899597608945,-0.20470867920630095,-0.00021941019794013847,0.005934566660247537,0.005934618913122889,0.0005805640367988658,-280.08846252107475,-274.75964448037394,4,False,ensemble,5.0,605.0,28,0.3,80.0,1.2096072907674709
strict_heterogeneous_leakage_02,heterogeneous leakage,R100N,101.24228365658294,Lagging Darcy with leakage,4.963857428846034e-05,0.001,6.250399020010925e-05,0.0011140995769463335,1214.8424985203792,1743.7396733684195,184.26450990354346,0.23046215900441605,0.10804652435622707,0.23046215900441605,-0.1224156346481889,3.604568884639528e-05,0.0007374308678368592,0.0007374309680204697,4.4612222915915726e-05,-394.83994262400006,-388.17892007312406,5,False,ensemble,5.0,605.0,28,0.3,80.0,1.2096072907674709
strict_heterogeneous_leakage_03,heterogeneous leakage,R20E,21.213203435596427,Theis confined,4.1860311084777786e-05,0.001,7.449813243198072e-05,0.0015395165568997734,,,,0.576435908501697,0.4314684430499994,0.576435908501697,-0.14496746545169767,0.006393117559211249,0.10486323596480297,0.10515217432228816,0.03141724748443965,-123.19607862231122,-120.53166960196081,2,False,ensemble,5.0,605.0,28,0.7,10.0,1.2356804824478596
strict_heterogeneous_leakage_03,heterogeneous leakage,R20E,21.213203435596427,Hantush-Jacob leaky,4.1860311084777786e-05,0.001,5.75319306000899e-05,0.001320808346345557,,,53.25746662186204,0.3180019599147759,0.2782439327630801,0.3180019599147759,-0.0397580271516957,0.011996199533260716,0.05099020184059725,0.051023363440323856,0.0044752447946418625,-160.11836124885883,-156.1217477183332,3,False,ensemble,5.0,605.0,28,0.7,10.0,1.2356804824478596
strict_heterogeneous_leakage_03,heterogeneous leakage,R20E,21.213203435596427,Lagging Darcy no-leakage,4.1860311084777786e-05,0.001,7.398992287164176e-05,0.0015454264125869316,3.985591339023,7.701530250512648,,0.5695907579784337,0.43529986747193683,0.5695907579784337,-0.1342908905064968,0.004852976709557301,0.10530781745237279,0.10560045209120461,0.03196280686124145,-119.00528247614493,-113.67646443544412,4,False,ensemble,5.0,605.0,28,0.7,10.0,1.2356804824478596
strict_heterogeneous_leakage_03,heterogeneous leakage,R20E,21.213203435596427,Lagging Darcy with leakage,4.1860311084777786e-05,0.001,4.81596069841815e-05,0.001273123013731835,2.5415530018233348,36.829941540171745,41.7700843088483,0.14018249179730288,0.2414729478459911,0.14018249179730288,0.1012904560486884,0.00025830372068487293,0.006213733286837148,0.0062137932661202756,0.0012937876297244334,-275.5037913691158,-268.8427688182398,5,False,ensemble,5.0,605.0,28,0.7,10.0,1.2356804824478596
strict_heterogeneous_leakage_03,heterogeneous leakage,R50E,53.150729063673246,Theis confined,4.1860311084777786e-05,0.001,0.0001529369337342726,0.0038358399542463414,,,,1.2956874900578477,1.3443884341086607,1.2956874900578477,0.04870094405081302,-0.004357670336361281,0.09624634006708202,0.09646966189083535,0.006746522509712829,-128.0461157319459,-125.38170671159548,2,False,ensemble,5.0,605.0,28,0.7,10.0,1.2356804824478596
strict_heterogeneous_leakage_03,heterogeneous leakage,R50E,53.150729063673246,Hantush-Jacob leaky,4.1860311084777786e-05,0.001,7.072709739610091e-05,0.00227506811779392,,,44.70885560041563,0.5244906238590072,0.8220099938421017,0.5244906238590072,0.2975193699830945,0.003377980575145586,0.017932609924268185,0.017934051706303973,0.0005276437723236438,-219.18998946555013,-215.1933759350245,3,False,ensemble,5.0,605.0,28,0.7,10.0,1.2356804824478596
strict_heterogeneous_leakage_03,heterogeneous leakage,R50E,53.150729063673246,Lagging Darcy no-leakage,4.1860311084777786e-05,0.001,0.00043692197653047476,0.0010147249659306183,61159.581093745655,5908.353542771248,,2.3454164872037895,0.014617606248390837,2.3454164872037895,-2.3307988809553986,0.0007639104443936112,0.017174751325391317,0.017176017921267363,0.001283627984243702,-220.56254286118383,-215.23372482048302,4,False,ensemble,5.0,605.0,28,0.7,10.0,1.2356804824478596
strict_heterogeneous_leakage_03,heterogeneous leakage,R50E,53.150729063673246,Lagging Darcy with leakage,4.1860311084777786e-05,0.001,5.064430056639161e-05,0.0018942374838883046,420.05137571381516,648.5377491744898,36.23825805756357,0.19048854998438547,0.638816374384159,0.19048854998438547,0.4483278243997735,-6.734045382570873e-05,0.0011044236065685252,0.0011044239433023828,6.874298541930625e-05,-372.1827244039015,-365.5217018530255,5,False,ensemble,5.0,605.0,28,0.7,10.0,1.2356804824478596
strict_heterogeneous_leakage_03,heterogeneous leakage,R100E,99.24716620639605,Theis confined,4.1860311084777786e-05,0.001,0.00044531759582414564,0.005809213801565636,,,,2.364449577543314,1.7594452435604429,2.364449577543314,-0.6050043339828713,-0.004209422552319318,0.062226404958512165,0.062286690691541614,0.001147202204250402,-152.3963796384695,-149.7319706181191,2,False,ensemble,5.0,605.0,28,0.7,10.0,1.2356804824478596
strict_heterogeneous_leakage_03,heterogeneous leakage,R100E,99.24716620639605,Hantush-Jacob leaky,4.1860311084777786e-05,0.001,0.00016790508551616754,0.003000498921133114,,,66.19350102753002,1.3890607040410003,1.0987785818849976,1.3890607040410003,-0.2902821221560029,0.002085000984330041,0.011054119745710746,0.01105445743987731,0.00010889657208776561,-246.28117321910563,-242.28455968858,3,False,ensemble,5.0,605.0,28,0.7,10.0,1.2356804824478596
strict_heterogeneous_leakage_03,heterogeneous leakage,R100E,99.24716620639605,Lagging Darcy no-leakage,4.1860311084777786e-05,0.001,0.0013600587532080618,0.0019169935884643264,84826.0975687495,9287.561154273644,,3.4809450301427427,0.6507581194905311,3.4809450301427427,-2.8301869106522117,0.0005883748294849422,0.010356267899008868,0.010356545588563873,0.0002024061381965576,-248.85387339492132,-243.5250553542205,4,False,ensemble,5.0,605.0,28,0.7,10.0,1.2356804824478596
strict_heterogeneous_leakage_03,heterogeneous leakage,R100E,99.24716620639605,Lagging Darcy with leakage,4.1860311084777786e-05,0.001,9.968797869842536e-05,0.0021867889592279517,1165.5476946762874,1782.9331372798586,50.86111127514636,0.8677069464156038,0.7824342392002583,0.8677069464156038,-0.0852727072153455,-2.0428440356992904e-06,0.0002446679797121611,0.0002446679834600511,4.313824891366992e-06,-456.6903431161413,-450.0293205652653,5,False,ensemble,5.0,605.0,28,0.7,10.0,1.2356804824478596
strict_heterogeneous_leakage_03,heterogeneous leakage,R100N,99.24716620639605,Theis confined,4.1860311084777786e-05,0.001,0.0003939917708053849,0.005109397864969769,,,,2.241991874256559,1.6310815626286852,2.241991874256559,-0.610910311627874,-0.0050583944308038985,0.06862639321646781,0.06870727295476943,0.0013946107735687135,-146.88934971157323,-144.22494069122283,2,False,ensemble,5.0,605.0,28,0.7,10.0,1.2356804824478596
strict_heterogeneous_leakage_03,heterogeneous leakage,R100N,99.24716620639605,Hantush-Jacob leaky,4.1860311084777786e-05,0.001,0.0001373906771031166,0.0024820189977745426,,,62.68811994861502,1.188490376710174,0.9090723409733246,1.188490376710174,-0.27941803573684953,0.0016954007118076704,0.009044055790198473,0.0090442407328629,9.524232919135585e-05,-257.53231034240935,-253.53569681188372,3,False,ensemble,5.0,605.0,28,0.7,10.0,1.2356804824478596
strict_heterogeneous_leakage_03,heterogeneous leakage,R100N,99.24716620639605,Lagging Darcy no-leakage,4.1860311084777786e-05,0.001,0.001229524676167451,0.0016846652662800493,80937.01946045783,8504.848362679124,,3.380044782995669,0.5215668890431245,3.380044782995669,-2.858477893952544,0.0002995231817278443,0.01043167788915201,0.010431961689132239,0.00023256527408307265,-248.51722181047796,-243.18840376977715,4,False,ensemble,5.0,605.0,28,0.7,10.0,1.2356804824478596
strict_heterogeneous_leakage_03,heterogeneous leakage,R100N,99.24716620639605,Lagging Darcy with leakage,4.1860311084777786e-05,0.001,9.093930710852674e-05,0.0019279882462025053,1061.8304850941893,1520.227005160101,51.150897551178936,0.7758541806096615,0.6564770998017758,0.7758541806096615,-0.11937708080788559,-4.751339252715242e-05,0.0003814264721811478,0.00038142648600606886,7.291732095608303e-06,-431.3804881118671,-424.7194655609911,5,False,ensemble,5.0,605.0,28,0.7,10.0,1.2356804824478596
strict_heterogeneous_leakage_04,heterogeneous leakage,R20E,22.360679774997898,Theis confined,4.09573161526817e-05,0.001,4.23963179376766e-05,0.0013219196069529798,,,,0.03453106240615609,0.2790849278958049,0.03453106240615609,0.2445538654896489,0.01056653452208461,0.0725033818418952,0.07259876913738221,0.026112494046174353,-143.359085903079,-140.6946768827286,2,False,ensemble,5.0,605.0,28,0.7,30.0,1.6432747302489246
strict_heterogeneous_leakage_04,heterogeneous leakage,R20E,22.360679774997898,Hantush-Jacob leaky,4.09573161526817e-05,0.001,3.854247781626838e-05,0.001245046843220611,,,86.96092016545164,-0.06076950198158216,0.21917315428566148,-0.06076950198158216,0.2799426562672436,0.012574330705947424,0.06276701589524482,0.0628288874421215,0.010578200304234734,-148.90276704772933,-144.9061535172037,3,False,ensemble,5.0,605.0,28,0.7,30.0,1.6432747302489246
strict_heterogeneous_leakage_04,heterogeneous leakage,R20E,22.360679774997898,Lagging Darcy no-leakage,4.09573161526817e-05,0.001,4.0470276677432074e-05,0.0013420512280168026,1.6981163825428207,29.03327564904819,,-0.01196265949822715,0.2941992107097485,-0.01196265949822715,0.3061618702079757,0.001781999890732735,0.06217788434924544,0.06223802909439661,0.031060193398625886,-148.54878415834887,-143.21996611764806,4,False,ensemble,5.0,605.0,28,0.7,30.0,1.6432747302489246
strict_heterogeneous_leakage_04,heterogeneous leakage,R20E,22.360679774997898,Lagging Darcy with leakage,4.09573161526817e-05,0.001,2.9910646368362588e-05,0.0011687009034514742,56.697758020791724,125.85611577289653,49.04273512878759,-0.31431597211654605,0.15589279299635558,-0.31431597211654605,0.47020876511290166,0.00042974286247336166,0.004205801157116725,0.004205819756032786,0.0017363902242884908,-297.1090300904044,-290.4480075395284,5,False,ensemble,5.0,605.0,28,0.7,30.0,1.6432747302489246
strict_heterogeneous_leakage_04,heterogeneous leakage,R50E,49.24428900898052,Theis confined,4.09573161526817e-05,0.001,6.0478741500831255e-05,0.0014067344099943154,,,,0.38976146816845864,0.341270996983946,0.38976146816845864,-0.04849047118451253,0.00402914729998283,0.04011386435802917,0.04013000679556265,0.007702425803399636,-176.82473109136916,-174.16032207101875,2,False,ensemble,5.0,605.0,28,0.7,30.0,1.6432747302489246
strict_heterogeneous_leakage_04,heterogeneous leakage,R50E,49.24428900898052,Hantush-Jacob leaky,4.09573161526817e-05,0.001,5.360432096619837e-05,0.001296975901086442,,,122.25742447689753,0.269099224900236,0.2600353246577873,0.269099224900236,-0.00906390024244862,0.0056972931017420375,0.03263698756297582,0.032645680501053806,0.003307676080440718,-185.79644499834873,-181.7998314678231,3,False,ensemble,5.0,605.0,28,0.7,30.0,1.6432747302489246
strict_heterogeneous_leakage_04,heterogeneous leakage,R50E,49.24428900898052,Lagging Darcy no-leakage,4.09573161526817e-05,0.001,5.888183905194762e-05,0.0014098552251728756,4.455943131685983,49.34603029086786,,0.3630022528631027,0.3434870219360564,0.3630022528631027,-0.01951523092704625,0.0008456539746482786,0.038524017773566906,0.03853831556705241,0.008597472539140142,-175.3668157604709,-170.0379977197701,4,False,ensemble,5.0,605.0,28,0.7,30.0,1.6432747302489246
strict_heterogeneous_leakage_04,heterogeneous leakage,R50E,49.24428900898052,Lagging Darcy with leakage,4.09573161526817e-05,0.001,3.952179364396599e-05,0.0011425313410422901,411.26244523700524,628.9201651039059,70.09908541846355,-0.03567819739066641,0.13324627539447173,-0.03567819739066641,0.16892447278513814,0.00012833441673263705,0.0012468223805284623,0.0012468228650946464,0.0001334639394939453,-365.1931365421856,-358.5321139913096,5,False,ensemble,5.0,605.0,28,0.7,30.0,1.6432747302489246
strict_heterogeneous_leakage_04,heterogeneous leakage,R100E,98.48857801796105,Theis confined,4.09573161526817e-05,0.001,9.074466186441967e-05,0.0016296900049887842,,,,0.795519194015899,0.4883898157434976,0.795519194015899,-0.3071293782724012,0.0008555304513495274,0.02760287289743158,0.027608131517625638,0.0021060872500971513,-198.02119725972483,-195.35678823937442,2,False,ensemble,5.0,605.0,28,0.7,30.0,1.6432747302489246
strict_heterogeneous_leakage_04,heterogeneous leakage,R100E,98.48857801796105,Hantush-Jacob leaky,4.09573161526817e-05,0.001,6.998825095621639e-05,0.0013496940967356245,,,125.75244974179913,0.5357969295111253,0.29987797176316133,0.5357969295111253,-0.235918957747964,0.002857934040367017,0.016716254492874727,0.016717422329832473,0.0006667141067839089,-223.29908344007444,-219.30246990954882,3,False,ensemble,5.0,605.0,28,0.7,30.0,1.6432747302489246
strict_heterogeneous_leakage_04,heterogeneous leakage,R100E,98.48857801796105,Lagging Darcy no-leakage,4.09573161526817e-05,0.001,0.00024837989216789703,0.0007087303548858672,99999.99999934454,18382.52014918739,,1.8024289424098254,-0.3442801422984104,1.8024289424098254,-2.146709084708236,0.0005003963763604346,0.0032802428103909406,0.0032802516342733843,6.549590398160268e-05,-312.66151447891286,-307.33269643821205,4,True,ensemble,5.0,605.0,28,0.7,30.0,1.6432747302489246
strict_heterogeneous_leakage_04,heterogeneous leakage,R100E,98.48857801796105,Lagging Darcy with leakage,4.09573161526817e-05,0.001,4.293781984377852e-05,0.0010148135382993075,1329.7697080526111,1926.9282071531984,75.95025828413735,0.04722256404102859,0.014704889508659938,0.04722256404102859,-0.03251767453236867,-2.059082750035238e-05,0.0002682845443894172,0.00026828454921467833,6.603321467990969e-06,-451.36166489831345,-444.70064234743745,5,False,ensemble,5.0,605.0,28,0.7,30.0,1.6432747302489246
strict_heterogeneous_leakage_04,heterogeneous leakage,R100N,98.48857801796105,Theis confined,4.09573161526817e-05,0.001,0.00012144393614378269,0.0032932127429809097,,,,1.0869222704049122,1.1918636059174939,1.0869222704049122,0.10494133551258183,-0.00030585287544671296,0.023059513826809923,0.023062579589686216,0.0009466238366820362,-208.1150896443644,-205.45068062401398,2,False,ensemble,5.0,605.0,28,0.7,30.0,1.6432747302489246
strict_heterogeneous_leakage_04,heterogeneous leakage,R100N,98.48857801796105,Hantush-Jacob leaky,4.09573161526817e-05,0.001,8.29051966307238e-05,0.002476577134625078,,,93.58308082917733,0.7051672907417358,0.9068774191894465,0.7051672907417358,0.20171012844771075,0.0017912940188244586,0.010028811958771774,0.010029064131185228,0.0002108862073073222,-251.83532860504772,-247.8387150745221,3,False,ensemble,5.0,605.0,28,0.7,30.0,1.6432747302489246
strict_heterogeneous_leakage_04,heterogeneous leakage,R100N,98.48857801796105,Lagging Darcy no-leakage,4.09573161526817e-05,0.001,0.00032886375995671164,0.0020903632454862455,80674.28056811824,21289.792312255275,,2.0831131065574926,0.7373378525430195,2.0831131065574926,-1.345775254014473,0.0001670563242251778,0.0017067305618348164,0.001706731804747368,2.2189245805648927e-05,-349.6393113430328,-344.31049330233196,4,False,ensemble,5.0,605.0,28,0.7,30.0,1.6432747302489246
strict_heterogeneous_leakage_04,heterogeneous leakage,R100N,98.48857801796105,Lagging Darcy with leakage,4.09573161526817e-05,0.001,4.985347292813746e-05,0.0017911376597980705,1757.0376472008872,2471.438830649739,61.93765293456714,0.1965577065783037,0.5828509821003165,0.1965577065783037,0.38629327552201276,-8.493224604733316e-05,0.00044248857682562047,0.00044248859841793244,1.0767863969617618e-05,-422.4618176899469,-415.8007951390709,5,False,ensemble,5.0,605.0,28,0.7,30.0,1.6432747302489246
strict_heterogeneous_leakage_05,heterogeneous leakage,R20E,20.0,Theis confined,5.829625416844982e-05,0.001,7.445376508509e-05,0.0009561094663045794,,,,0.244640489524855,-0.044882867983177845,0.244640489524855,-0.28952335750803276,0.03408336420289413,0.12055695357695496,0.12099632588870385,0.015160240349593327,-113.2640436606241,-110.59963464027369,2,False,ensemble,5.0,605.0,28,0.7,80.0,1.2415459389192005
strict_heterogeneous_leakage_05,heterogeneous leakage,R20E,20.0,Hantush-Jacob leaky,5.829625416844982e-05,0.001,7.173904533547021e-05,0.0009407334031861943,,,99999.99999999984,0.20749732440965474,-0.06109549177296338,0.20749732440965474,-0.268592816182618,0.03579763259340766,0.12936625717042785,0.1299094054602063,0.022746625608707237,-107.40478429045766,-103.40817075993205,3,True,ensemble,5.0,605.0,28,0.7,80.0,1.2415459389192005
strict_heterogeneous_leakage_05,heterogeneous leakage,R20E,20.0,Lagging Darcy no-leakage,5.829625416844982e-05,0.001,6.543869339666716e-05,0.0010350862543578247,0.3080228292158444,44.900162904706264,,0.11557588534053309,0.03448476078874425,0.11557588534053309,-0.08109112455178889,0.0010178890887175016,0.012999218199503252,0.012999767369748746,0.005230080194315784,-236.04131667719844,-230.71249863649763,4,False,ensemble,5.0,605.0,28,0.7,80.0,1.2415459389192005
strict_heterogeneous_leakage_05,heterogeneous leakage,R20E,20.0,Lagging Darcy with leakage,5.829625416844982e-05,0.001,6.36535493622242e-05,0.001025828976124828,0.4011673476713741,47.06510427240313,214.92296424623893,0.08791724686911824,0.02550104291745145,0.08791724686911824,-0.06241620395166671,0.000598274580590875,0.009221561022362037,0.009221757069733163,0.0014525408111447924,-253.3241524406866,-246.66312988981056,5,False,ensemble,5.0,605.0,28,0.7,80.0,1.2415459389192005
strict_heterogeneous_leakage_05,heterogeneous leakage,R50E,50.24937810560445,Theis confined,5.829625416844982e-05,0.001,7.684967737443985e-05,0.0010662078624081766,,,,0.2763134315330174,0.06410829961322692,0.2763134315330174,-0.21220513191979049,0.0082679506974662,0.04174731295285367,0.04176550926140493,0.0029011328721575956,-173.76466391080433,-171.10025489045393,2,False,ensemble,5.0,605.0,28,0.7,80.0,1.2415459389192005
strict_heterogeneous_leakage_05,heterogeneous leakage,R50E,50.24937810560445,Hantush-Jacob leaky,5.829625416844982e-05,0.001,7.672745943223009e-05,0.0010653060613640953,,,99999.99999828388,0.27472181483079616,0.06326213943774765,0.27472181483079616,-0.2114596753930486,0.008311733098704883,0.04188671866684002,0.04190509791680133,0.002936110099705872,-171.5737048712272,-167.57709134070157,3,True,ensemble,5.0,605.0,28,0.7,80.0,1.2415459389192005
strict_heterogeneous_leakage_05,heterogeneous leakage,R50E,50.24937810560445,Lagging Darcy no-leakage,5.829625416844982e-05,0.001,7.106062391142716e-05,0.0010834639008097846,145.8327341165716,258.5726131071966,,0.197995530297174,0.08016322423554038,0.197995530297174,-0.11783230606163349,-5.05479317390267e-05,0.009444950277229858,0.009445160920261528,0.0023059314209313403,-254.1048647423096,-248.77604670160878,4,False,ensemble,5.0,605.0,28,0.7,80.0,1.2415459389192005
strict_heterogeneous_leakage_05,heterogeneous leakage,R50E,50.24937810560445,Lagging Darcy with leakage,5.829625416844982e-05,0.001,6.537133615784954e-05,0.0010497928149691518,288.49415841851715,452.91248357997574,198.89199315999576,0.11454603701773726,0.04859282562246338,0.11454603701773726,-0.06595321139527376,0.00030495218988264627,0.0026647572800560823,0.0026647620106102633,0.00033022880021903514,-322.5885447807258,-315.9275222298498,5,False,ensemble,5.0,605.0,28,0.7,80.0,1.2415459389192005
strict_heterogeneous_leakage_05,heterogeneous leakage,R100E,100.4987562112089,Theis confined,5.829625416844982e-05,0.001,8.903779735684884e-05,0.0012149661238242142,,,,0.4235231286576368,0.19471619477765087,0.4235231286576368,-0.2288069338799859,0.004487555172491407,0.022549672103335545,0.02255253896482202,0.0006859407487502934,-208.24524527135992,-205.58083625100952,2,False,ensemble,5.0,605.0,28,0.7,80.0,1.2415459389192005
strict_heterogeneous_leakage_05,heterogeneous leakage,R100E,100.4987562112089,Hantush-Jacob leaky,5.829625416844982e-05,0.001,8.903663662942796e-05,0.0012149568589510137,,,99999.99999999203,0.423510092227927,0.1947085691259194,0.423510092227927,-0.22880152310200752,0.004487805083932589,0.022550361073018055,0.02255322819730475,0.0006860086849760339,-206.24347877457467,-202.24686524404905,3,True,ensemble,5.0,605.0,28,0.7,80.0,1.2415459389192005
strict_heterogeneous_leakage_05,heterogeneous leakage,R100E,100.4987562112089,Lagging Darcy no-leakage,5.829625416844982e-05,0.001,8.233106364762846e-05,0.0012051361469556912,295.39384410427425,555.5243065851972,,0.34521064022475834,0.1865925455857609,0.34521064022475834,-0.15861809463899737,-0.00021591089624289062,0.006321134936406398,0.0063211980799311495,0.0006210707123637566,-276.56040148955185,-271.23158344885104,4,False,ensemble,5.0,605.0,28,0.7,80.0,1.2415459389192005
strict_heterogeneous_leakage_05,heterogeneous leakage,R100E,100.4987562112089,Lagging Darcy with leakage,5.829625416844982e-05,0.001,6.9277747663617e-05,0.0010990349477246282,1063.635013587352,1548.6295701428146,195.06157300142897,0.1725859127743342,0.09443247448333936,0.1725859127743342,-0.07815343829099469,5.9796400551279734e-05,0.0008274772399351887,0.000827477381551277,4.8040455743531896e-05,-388.30629286228645,-381.64527031141046,5,False,ensemble,5.0,605.0,28,0.7,80.0,1.2415459389192005
strict_heterogeneous_leakage_05,heterogeneous leakage,R100N,100.4987562112089,Theis confined,5.829625416844982e-05,0.001,8.123631843736985e-05,0.001287013471308595,,,,0.33182457824549866,0.2523243957764542,0.33182457824549866,-0.07950018246904444,0.0041432725398750205,0.020825286389247657,0.020827544536180534,0.0005869622397278165,-212.7007852983958,-210.0363762780454,2,False,ensemble,5.0,605.0,28,0.7,80.0,1.2415459389192005
strict_heterogeneous_leakage_05,heterogeneous leakage,R100N,100.4987562112089,Hantush-Jacob leaky,5.829625416844982e-05,0.001,8.123582179008337e-05,0.001287008681382951,,,99999.99999949057,0.3318184646153615,0.2523206740325375,0.3318184646153615,-0.0794977905828239,0.004143374275211006,0.020825476327336712,0.020827734536058632,0.0005869453024482683,-210.70024047076663,-206.703626940241,3,True,ensemble,5.0,605.0,28,0.7,80.0,1.2415459389192005
strict_heterogeneous_leakage_05,heterogeneous leakage,R100N,100.4987562112089,Lagging Darcy no-leakage,5.829625416844982e-05,0.001,7.53625595393621e-05,0.001273111958050615,193.5754070661525,448.7315908176519,,0.2567727535325695,0.2414642639017812,0.2567727535325695,-0.015308489630788324,-0.00024825627944176723,0.0071108162337557,0.007110906122004926,0.0006762964797480469,-269.9666651650977,-264.6378471243969,4,False,ensemble,5.0,605.0,28,0.7,80.0,1.2415459389192005
strict_heterogeneous_leakage_05,heterogeneous leakage,R100N,100.4987562112089,Lagging Darcy with leakage,5.829625416844982e-05,0.001,6.0628209492587384e-05,0.001126931786630363,1173.639274495672,1709.3339994224077,165.2340553213152,0.03922244761800719,0.11949870672216568,0.03922244761800719,0.08027625910415857,3.4976778285310716e-05,0.0006140730875884932,0.0006140731453957217,3.4117921126483776e-05,-405.06645732481036,-398.40543477393436,5,False,ensemble,5.0,605.0,28,0.7,80.0,1.2415459389192005
strict_heterogeneous_leakage_06,heterogeneous leakage,R20E,20.615528128088304,Theis confined,4.0763970737130344e-05,0.001,0.00012688536358492486,0.0013763793218114061,,,,1.135485408782536,0.31945637144226097,1.135485408782536,-0.816029037340275,0.022793413465664016,0.09112623172110679,0.0913157372380839,0.012158420734035323,-129.4066305368724,-126.742221516522,2,False,ensemble,5.0,605.0,28,1.1,10.0,2.099733107806216
strict_heterogeneous_leakage_06,heterogeneous leakage,R20E,20.615528128088304,Hantush-Jacob leaky,4.0763970737130344e-05,0.001,0.0001219073721475404,0.0013526160727054782,,,99999.99999870434,1.0954628905631552,0.3020405489104283,1.0954628905631552,-0.7934223416527267,0.024310811585390533,0.08679594112622374,0.08695966805414537,0.006973220696581478,-129.70317178467963,-125.70655825415402,3,True,ensemble,5.0,605.0,28,1.1,10.0,2.099733107806216
strict_heterogeneous_leakage_06,heterogeneous leakage,R20E,20.615528128088304,Lagging Darcy no-leakage,4.0763970737130344e-05,0.001,0.00011751494461572726,0.001455324359861392,0.8349667670024097,30.530542178588277,,1.0587668926098477,0.3752288035185479,1.0587668926098477,-0.6835380890912998,0.0023944440827266436,0.054631050968537355,0.05467183862455529,0.01468977884735942,-155.76312909541784,-150.43431105471703,4,False,ensemble,5.0,605.0,28,1.1,10.0,2.099733107806216
strict_heterogeneous_leakage_06,heterogeneous leakage,R20E,20.615528128088304,Lagging Darcy with leakage,4.0763970737130344e-05,0.001,9.920581582360882e-05,0.0013899484840127355,10.552446480213685,55.884896588260204,88.84730454322106,0.8893980187208523,0.3292666845944512,0.8893980187208523,-0.560131334126401,0.000841955190373329,0.020145715532929716,0.020147759739695462,0.003244908889823741,-209.63438553883566,-202.97336298795963,5,False,ensemble,5.0,605.0,28,1.1,10.0,2.099733107806216
strict_heterogeneous_leakage_06,heterogeneous leakage,R50E,50.99019513592785,Theis confined,4.0763970737130344e-05,0.001,0.00013577745289777097,0.0006330272227363173,,,,1.2032185485535987,-0.4572418518601332,1.2032185485535987,-1.660460400413732,0.010470928093609234,0.07429763695056138,0.0744002882827074,0.010083895207878571,-142.02928656170593,-139.36487754135553,2,False,ensemble,5.0,605.0,28,1.1,10.0,2.099733107806216
strict_heterogeneous_leakage_06,heterogeneous leakage,R50E,50.99019513592785,Hantush-Jacob leaky,4.0763970737130344e-05,0.001,0.00012552629237684793,0.0006066923211340045,,,251.62232721568617,1.1247166165347213,-0.4997335008899764,1.1247166165347213,-1.6244501174246977,0.0123477290843941,0.06614919539106226,0.06622162392460755,0.0059139425478541945,-146.11156815438844,-142.11495462386281,3,False,ensemble,5.0,605.0,28,1.1,10.0,2.099733107806216
strict_heterogeneous_leakage_06,heterogeneous leakage,R50E,50.99019513592785,Lagging Darcy no-leakage,4.0763970737130344e-05,0.001,0.00012903736302281375,0.0006495061500631234,0.12913297340780178,40.351684929433354,,1.1523033771554907,-0.4315429739969542,1.1523033771554907,-1.5838463511524448,0.0002864635765316227,0.06293243608614346,0.06299479837425966,0.01152170862848558,-147.89653238005624,-142.56771433935543,4,False,ensemble,5.0,605.0,28,1.1,10.0,2.099733107806216
strict_heterogeneous_leakage_06,heterogeneous leakage,R50E,50.99019513592785,Lagging Darcy with leakage,4.0763970737130344e-05,0.001,8.67276993084424e-05,0.0005789702163656626,206.42511988038942,377.3239401688219,107.16797055446575,0.7549746961830371,-0.5465042425151789,0.7549746961830371,-1.3014789386982162,0.0015930167806923509,0.010676369367104777,0.010676673610454197,0.0010078045374252865,-244.6036349671202,-237.94261241624417,5,False,ensemble,5.0,605.0,28,1.1,10.0,2.099733107806216
strict_heterogeneous_leakage_06,heterogeneous leakage,R100E,101.9803902718557,Theis confined,4.0763970737130344e-05,0.001,0.00018488575407898258,0.0008331291252010261,,,,1.5119394676939528,-0.18256663658232136,1.5119394676939528,-1.6945061042762741,0.0024056092799855716,0.06696971481862518,0.06704487385952822,0.005127009210206987,-148.37768001684148,-145.71327099649108,2,False,ensemble,5.0,605.0,28,1.1,10.0,2.099733107806216
strict_heterogeneous_leakage_06,heterogeneous leakage,R100E,101.9803902718557,Hantush-Jacob leaky,4.0763970737130344e-05,0.001,0.000133530245018535,0.0006812213516916712,,,160.38525866401304,1.1865293855210908,-0.38386798645160153,1.1865293855210908,-1.570397371972692,0.007010574872204124,0.0398741201657307,0.039889974835994206,0.0015891947850348598,-174.56834788934447,-170.57173435881884,3,False,ensemble,5.0,605.0,28,1.1,10.0,2.099733107806216
strict_heterogeneous_leakage_06,heterogeneous leakage,R100E,101.9803902718557,Lagging Darcy no-leakage,4.0763970737130344e-05,0.001,0.00018421902944996054,0.0008339849215337838,6.94405826062513,15.796216702863735,,1.5083268060113593,-0.18153995648253285,1.5083268060113593,-1.6898667624938921,0.002058844979604617,0.06733175244996412,0.06740813779346655,0.005167752841418872,-144.08606536394234,-138.75724732324153,4,False,ensemble,5.0,605.0,28,1.1,10.0,2.099733107806216
strict_heterogeneous_leakage_06,heterogeneous leakage,R100E,101.9803902718557,Lagging Darcy with leakage,4.0763970737130344e-05,0.001,7.422948225210392e-05,0.0005335647483522124,679.4804266493352,1203.3707236607302,91.91959336685983,0.5993627850851427,-0.6281748503707305,0.5993627850851427,-1.2275376354558731,0.00047214065592789654,0.0035583467294088857,0.0035583579932451587,0.000126630277073556,-306.26541325735866,-299.60439070648266,5,False,ensemble,5.0,605.0,28,1.1,10.0,2.099733107806216
strict_heterogeneous_leakage_06,heterogeneous leakage,R100N,101.9803902718557,Theis confined,4.0763970737130344e-05,0.001,0.0003081146437637219,0.002828374965573091,,,,2.0226733126233896,1.03970232961738,2.0226733126233896,-0.9829709830060095,-0.004107205679087539,0.07056805874501938,0.07065600456254198,0.0022096266010076466,-145.38605316541594,-142.72164414506554,2,False,ensemble,5.0,605.0,28,1.1,10.0,2.099733107806216
strict_heterogeneous_leakage_06,heterogeneous leakage,R100N,101.9803902718557,Hantush-Jacob leaky,4.0763970737130344e-05,0.001,0.00014020671307635673,0.0016752256767635053,,,81.77029998473536,1.2353192344909356,0.5159478885975581,1.2353192344909356,-0.7193713458933775,0.002417814566084479,0.01308654783223028,0.013087108145351457,0.00020991658092153913,-236.86980976722128,-232.87319623669566,3,False,ensemble,5.0,605.0,28,1.1,10.0,2.099733107806216
strict_heterogeneous_leakage_06,heterogeneous leakage,R100N,101.9803902718557,Lagging Darcy no-leakage,4.0763970737130344e-05,0.001,0.0008836954415834225,0.0008448938735225957,74817.88457310948,8141.537056058473,,3.0763138590746655,-0.16854425297686657,3.0763138590746655,-3.244858112051532,0.00042642232324401037,0.011289480541388253,0.011289840268702616,0.0003829932095684425,-244.0743966741798,-238.745578633479,4,False,ensemble,5.0,605.0,28,1.1,10.0,2.099733107806216
strict_heterogeneous_leakage_06,heterogeneous leakage,R100N,101.9803902718557,Lagging Darcy with leakage,4.0763970737130344e-05,0.001,9.538034870044701e-05,0.0013519218863774969,886.3262724962037,1287.9015729904725,64.77543165427417,0.8500739476652014,0.3015271996036496,0.8500739476652014,-0.5485467480615519,4.274874784761365e-06,0.0002680374193168383,0.00026803742406723504,4.889668516347002e-06,-451.5764109503334,-444.9153883994574,5,False,ensemble,5.0,605.0,28,1.1,10.0,2.099733107806216
strict_heterogeneous_leakage_07,heterogeneous leakage,R20E,18.027756377319946,Theis confined,2.8545305808803592e-05,0.001,2.799322719564792e-05,0.001408596863481283,,,,-0.019529907530307204,0.3425940766344342,-0.019529907530307204,0.3621239841647412,0.013806934132661873,0.09450375356132162,0.09471514897957016,0.049051438102963495,-128.515738943766,-125.85132992341559,2,False,ensemble,5.0,605.0,28,1.1,30.0,3.7901162480403343
strict_heterogeneous_leakage_07,heterogeneous leakage,R20E,18.027756377319946,Hantush-Jacob leaky,2.8545305808803592e-05,0.001,2.4731868001394926e-05,0.0012994940542620508,,,58.96355543475492,-0.1433998880531515,0.2619749996845935,-0.1433998880531515,0.405374887737745,0.016424486433084452,0.08241802610578612,0.08255818524447696,0.020038518685243468,-133.661504470435,-129.66489093990938,3,False,ensemble,5.0,605.0,28,1.1,30.0,3.7901162480403343
strict_heterogeneous_leakage_07,heterogeneous leakage,R20E,18.027756377319946,Lagging Darcy no-leakage,2.8545305808803592e-05,0.001,2.6393584245716716e-05,0.0014313810395831473,0.6370531667090148,31.43488048081716,,-0.07837154295438432,0.35863974017004113,-0.07837154295438432,0.43701128312442533,0.0025265343451307256,0.08078747564490579,0.08091947226615806,0.058703761416732,-133.88217514433697,-128.55335710363616,4,False,ensemble,5.0,605.0,28,1.1,30.0,3.7901162480403343
strict_heterogeneous_leakage_07,heterogeneous leakage,R20E,18.027756377319946,Lagging Darcy with leakage,2.8545305808803592e-05,0.001,1.7584500307357615e-05,0.001173051592006894,50.460237263162774,131.36928068423512,32.071063691816036,-0.48447465289993896,0.15960855165969545,-0.48447465289993896,0.6440832045596344,0.0006252498888375582,0.00583751434506229,0.005837564076041807,0.003608683411829597,-278.7203489581563,-272.0593264072803,5,False,ensemble,5.0,605.0,28,1.1,30.0,3.7901162480403343
strict_heterogeneous_leakage_07,heterogeneous leakage,R50E,51.478150704935004,Theis confined,2.8545305808803592e-05,0.001,7.743616084477487e-05,0.002049039792599967,,,,0.9979613632946159,0.717371289565975,0.9979613632946159,-0.28059007372864114,0.0021234040122627635,0.03580069882804785,0.035812173241450626,0.0052263929999221284,-183.38445127511847,-180.72004225476806,2,False,ensemble,5.0,605.0,28,1.1,30.0,3.7901162480403343
strict_heterogeneous_leakage_07,heterogeneous leakage,R50E,51.478150704935004,Hantush-Jacob leaky,2.8545305808803592e-05,0.001,6.512145075182762e-05,0.0018222285173315103,,,100.82673059334701,0.8247614969994732,0.600060212121112,0.8247614969994732,-0.22470128487836144,0.004248652352118885,0.022443520999351346,0.022446347561627486,0.0013386934800985882,-206.61477515762988,-202.61816162710426,3,False,ensemble,5.0,605.0,28,1.1,30.0,3.7901162480403343
strict_heterogeneous_leakage_07,heterogeneous leakage,R50E,51.478150704935004,Lagging Darcy no-leakage,2.8545305808803592e-05,0.001,7.68567968293734e-05,0.002050546761517969,21.225745189635465,39.11736414942241,,0.9904514062995988,0.7181064705243394,0.9904514062995988,-0.2723449357752594,0.0013369503627071648,0.03638828667648925,0.03640033549994974,0.005395839749448964,-178.53559147299706,-173.20677343229625,4,False,ensemble,5.0,605.0,28,1.1,30.0,3.7901162480403343
strict_heterogeneous_leakage_07,heterogeneous leakage,R50E,51.478150704935004,Lagging Darcy with leakage,2.8545305808803592e-05,0.001,5.161979381491181e-05,0.0016413217130779776,307.75638024780517,485.4940157684034,69.50796106518851,0.5924126974189328,0.49550183986338436,0.5924126974189328,-0.09691085755554843,-8.005435080475878e-05,0.0015714739411082648,0.0015714749113133043,0.00018498725771183767,-352.464552898836,-345.80353034796,5,False,ensemble,5.0,605.0,28,1.1,30.0,3.7901162480403343
strict_heterogeneous_leakage_07,heterogeneous leakage,R100E,98.6154146165801,Theis confined,2.8545305808803592e-05,0.001,0.00011881701948343662,0.001788815447068351,,,,1.4260921557359758,0.5815536393776004,1.4260921557359758,-0.8445385163583753,0.0031157031230605683,0.019327189985419,0.019328994996836636,0.0008529634024285688,-217.26323848085818,-214.59882946050777,2,False,ensemble,5.0,605.0,28,1.1,30.0,3.7901162480403343
strict_heterogeneous_leakage_07,heterogeneous leakage,R100E,98.6154146165801,Hantush-Jacob leaky,2.8545305808803592e-05,0.001,0.00011613569051565578,0.001760594714274633,,,465.25950430509596,1.4032667507347032,0.5656516578105999,1.4032667507347032,-0.8376150929241033,0.0033192442074286297,0.019172100465396774,0.01917386236985682,0.0007433781956551348,-215.60195495042535,-211.60534141989973,3,False,ensemble,5.0,605.0,28,1.1,30.0,3.7901162480403343
strict_heterogeneous_leakage_07,heterogeneous leakage,R100E,98.6154146165801,Lagging Darcy no-leakage,2.8545305808803592e-05,0.001,0.0001136727901976677,0.0017811437978690096,0.0007996863977375525,162.16737595477585,,1.3818315572943902,0.5772557410083695,1.3818315572943902,-0.8045758162860207,0.00020911812611980354,0.01563856449771112,0.0156395207066344,0.0011036419451367495,-225.86196103025503,-220.53314298955422,4,False,ensemble,5.0,605.0,28,1.1,30.0,3.7901162480403343
strict_heterogeneous_leakage_07,heterogeneous leakage,R100E,98.6154146165801,Lagging Darcy with leakage,2.8545305808803592e-05,0.001,7.255906957515985e-05,0.0013793667617401498,1360.9322256938399,2027.7162848912722,110.0415526379656,0.9329084803139088,0.32162452555259613,0.9329084803139088,-0.6112839547613128,0.00012117667591793975,0.0014005713001863302,0.0014005719870541324,6.402389301400226e-05,-358.7707762416109,-352.1097536907349,5,False,ensemble,5.0,605.0,28,1.1,30.0,3.7901162480403343
strict_heterogeneous_leakage_07,heterogeneous leakage,R100N,98.6154146165801,Theis confined,2.8545305808803592e-05,0.001,0.0001843929640187632,0.020654431614511536,,,,1.865576651737383,3.0279299024120765,1.865576651737383,1.162353250674693,3.4698383218293577e-06,0.002181071594370049,0.0021810741882546097,7.574824760496239e-06,-340.1828026371203,-337.51839361676986,2,False,ensemble,5.0,605.0,28,1.1,30.0,3.7901162480403343
strict_heterogeneous_leakage_07,heterogeneous leakage,R100N,98.6154146165801,Hantush-Jacob leaky,2.8545305808803592e-05,0.001,0.00013563244830822247,0.01597397882637117,,,74.87287057342513,1.5584561386117155,2.77096107498857,1.5584561386117155,1.2125049363768545,0.0002391733436550038,0.0013678612445995884,0.0013678618844444213,2.886548825099416e-06,-363.43670667008854,-359.4400931395629,3,False,ensemble,5.0,605.0,28,1.1,30.0,3.7901162480403343
strict_heterogeneous_leakage_07,heterogeneous leakage,R100N,98.6154146165801,Lagging Darcy no-leakage,2.8545305808803592e-05,0.001,0.00018746855121343865,0.020887308854202587,94.12985477865826,106.49119865512277,,1.8821186019043932,3.0391417426744973,1.8821186019043932,1.1570231407701037,1.3503792648801084e-05,0.0019353707335252783,0.0019353725458157516,5.8826736040631565e-06,-342.8744375720962,-337.5456195313954,4,False,ensemble,5.0,605.0,28,1.1,30.0,3.7901162480403343
strict_heterogeneous_leakage_07,heterogeneous leakage,R100N,98.6154146165801,Lagging Darcy with leakage,2.8545305808803592e-05,0.001,1.2469938442434737e-05,0.002456182357443741,9525.932544868963,14589.79027614395,24.27746455770583,-0.8281716793496353,0.8986082573020282,-0.8281716793496353,1.7267799366516636,-9.819832867649017e-05,0.00034842459691193444,0.00034842460759228807,3.80024203017154e-07,-434.6788984174318,-428.0178758665558,5,False,ensemble,5.0,605.0,28,1.1,30.0,3.7901162480403343
strict_heterogeneous_leakage_08,heterogeneous leakage,R20E,21.213203435596427,Theis confined,8.656646365549568e-05,0.001,0.00016160154958742913,0.0009332442995745519,,,,0.6242212502168201,-0.06908826935016313,0.6242212502168201,-0.6933095195669832,0.03018235034746925,0.12276741825485166,0.12323145672831634,0.01584320825640296,-112.77400477047314,-110.10959575012274,2,False,ensemble,5.0,605.0,28,1.1,80.0,1.5967328861730004
strict_heterogeneous_leakage_08,heterogeneous leakage,R20E,21.213203435596427,Hantush-Jacob leaky,8.656646365549568e-05,0.001,0.00015028337310930875,0.0009123049691815067,,,99999.99999993554,0.5516101810956808,-0.09178094877334403,0.5516101810956808,-0.6433911298690247,0.034229405638982836,0.15438587541643686,0.1553104066801385,0.025335337544531593,-98.2509240820707,-94.25431055154509,3,True,ensemble,5.0,605.0,28,1.1,80.0,1.5967328861730004
strict_heterogeneous_leakage_08,heterogeneous leakage,R20E,21.213203435596427,Lagging Darcy no-leakage,8.656646365549568e-05,0.001,0.00014347368852833843,0.0010382231813587614,2.46974192594607,37.80591820708818,,0.5052391783295177,0.03751077257508677,0.5052391783295177,-0.46772840575443086,0.00045159844160471064,0.03840965993772327,0.03842383075461912,0.008046863054029994,-175.5432725830659,-170.2144545423651,4,False,ensemble,5.0,605.0,28,1.1,80.0,1.5967328861730004
strict_heterogeneous_leakage_08,heterogeneous leakage,R20E,21.213203435596427,Lagging Darcy with leakage,8.656646365549568e-05,0.001,0.00014356518390806048,0.001037447672342988,1.3204428117026121,36.236539721643275,88455.77987979389,0.5058766904688614,0.03676353555484835,0.5058766904688614,-0.46911315491401284,0.00039036669652229634,0.03839035818827179,0.03840450764803496,0.008081581541543443,-173.57243252862446,-166.91140997774843,5,False,ensemble,5.0,605.0,28,1.1,80.0,1.5967328861730004
strict_heterogeneous_leakage_08,heterogeneous leakage,R50E,49.49747468305833,Theis confined,8.656646365549568e-05,0.001,0.00014710336337894653,0.0008388221576590881,,,,0.5302230070654356,-0.17575656440068124,0.5302230070654356,-0.7059795714661168,0.012245130542410828,0.07567232950463013,0.07578078949453089,0.008783770198123658,-140.82329131267747,-138.15888229232706,2,False,ensemble,5.0,605.0,28,1.1,80.0,1.5967328861730004
strict_heterogeneous_leakage_08,heterogeneous leakage,R50E,49.49747468305833,Hantush-Jacob leaky,8.656646365549568e-05,0.001,0.00014532019900173802,0.0008349327408457477,,,99999.99995576234,0.5180270919003896,-0.18040410726092984,0.5180270919003896,-0.6984311991613195,0.01276941209039761,0.08032583785973331,0.08045558259971368,0.009794485158623694,-135.50711583282248,-131.51050230229686,3,True,ensemble,5.0,605.0,28,1.1,80.0,1.5967328861730004
strict_heterogeneous_leakage_08,heterogeneous leakage,R50E,49.49747468305833,Lagging Darcy no-leakage,8.656646365549568e-05,0.001,0.00012183333152625233,0.0009401088447802831,673.0306370824325,1055.4406125375356,,0.34174149083399985,-0.06175961810205051,0.34174149083399985,-0.40350110893605035,0.0028761034831747173,0.02079103983620987,0.02079328686042112,0.00229868770333823,-209.36913308286256,-204.04031504216175,4,False,ensemble,5.0,605.0,28,1.1,80.0,1.5967328861730004
strict_heterogeneous_leakage_08,heterogeneous leakage,R50E,49.49747468305833,Lagging Darcy with leakage,8.656646365549568e-05,0.001,0.00012183523309900409,0.0009400948548779507,672.9133099336956,1055.2456007024043,57305.164205236084,0.34175709869671067,-0.061774499364474655,0.34175709869671067,-0.4035315980611853,0.0028755082442078203,0.020791277116043203,0.020793524217192265,0.0022991722399069857,-207.36873191281634,-200.70770936194032,5,False,ensemble,5.0,605.0,28,1.1,80.0,1.5967328861730004
strict_heterogeneous_leakage_08,heterogeneous leakage,R100E,102.59142264341595,Theis confined,8.656646365549568e-05,0.001,0.00012580713141841838,0.0007677814721094615,,,,0.37383754634497096,-0.26425012784822394,0.37383754634497096,-0.6380876741931948,0.007983458738676287,0.046067353733933565,0.046091805590338854,0.0028835561482928335,-168.5079771300894,-165.84356810973898,2,False,ensemble,5.0,605.0,28,1.1,80.0,1.5967328861730004
strict_heterogeneous_leakage_08,heterogeneous leakage,R100E,102.59142264341595,Hantush-Jacob leaky,8.656646365549568e-05,0.001,0.00012576408337572486,0.0007676566151388045,,,99999.9999998771,0.3734953128891369,-0.26441276152517795,0.3734953128891369,-0.6379080744143146,0.00799402326958786,0.04613836907420994,0.046162934220160004,0.0028958116680946654,-166.42208509974787,-162.42547156922225,3,True,ensemble,5.0,605.0,28,1.1,80.0,1.5967328861730004
strict_heterogeneous_leakage_08,heterogeneous leakage,R100E,102.59142264341595,Lagging Darcy no-leakage,8.656646365549568e-05,0.001,0.00010723201936384141,0.000784501858259545,1181.0136816990423,1732.5506140981597,,0.21408240727850722,-0.24270633809350592,0.21408240727850722,-0.4567887453720131,0.0006250406519353887,0.005111370248293595,0.005111403633530454,0.00023728408089081812,-288.0595365538087,-282.7307185131079,4,False,ensemble,5.0,605.0,28,1.1,80.0,1.5967328861730004
strict_heterogeneous_leakage_08,heterogeneous leakage,R100E,102.59142264341595,Lagging Darcy with leakage,8.656646365549568e-05,0.001,0.0001072279959838676,0.0007844977063606283,1181.3535421775189,1733.0243548218718,21860.490649900323,0.21404488625186954,-0.2427116305091449,0.21404488625186954,-0.4567565167610144,0.000625444682326814,0.005112016043150472,0.005112049441027438,0.00023720509907739312,-286.0520169085416,-279.3909943576656,5,False,ensemble,5.0,605.0,28,1.1,80.0,1.5967328861730004
strict_heterogeneous_leakage_08,heterogeneous leakage,R100N,102.59142264341595,Theis confined,8.656646365549568e-05,0.001,0.00013876346725477724,0.0007905232068252946,,,,0.47185832435677166,-0.23506026561577517,0.47185832435677166,-0.7069185899725468,0.00922718267125256,0.055261845985493455,0.05530406348626935,0.0035775641764935412,-158.37789645358828,-155.71348743323787,2,False,ensemble,5.0,605.0,28,1.1,80.0,1.5967328861730004
strict_heterogeneous_leakage_08,heterogeneous leakage,R100N,102.59142264341595,Hantush-Jacob leaky,8.656646365549568e-05,0.001,0.000138699680125263,0.0007903607041745021,,,99999.99999727313,0.4713985362282198,-0.23526585016279256,0.4713985362282198,-0.7066643863910121,0.009242828595297984,0.055362984339899626,0.055405434159241485,0.0035925928139555184,-156.27571212489713,-152.2790985943715,3,True,ensemble,5.0,605.0,28,1.1,80.0,1.5967328861730004
strict_heterogeneous_leakage_08,heterogeneous leakage,R100N,102.59142264341595,Lagging Darcy no-leakage,8.656646365549568e-05,0.001,0.00011274798032339701,0.0008188113259527736,1494.7466668473774,2298.970780030386,,0.26424258049250143,-0.1999015929106329,0.26424258049250143,-0.4641441734031343,0.0010080544573421461,0.007775951715149941,0.00777606926068768,0.0004087985414610895,-264.51079276702194,-259.18197472632113,4,False,ensemble,5.0,605.0,28,1.1,80.0,1.5967328861730004
strict_heterogeneous_leakage_08,heterogeneous leakage,R100N,102.59142264341595,Lagging Darcy with leakage,8.656646365549568e-05,0.001,0.00011275133744930631,0.0008187992163724494,1494.0379396981987,2297.9567369053443,39571.196788322784,0.2642723555352173,-0.19991638223936706,0.2642723555352173,-0.4641887377745843,0.00100698427454194,0.007776336476345966,0.007776454039333228,0.00040923487634327363,-262.50908713337043,-255.8480645824944,5,False,ensemble,5.0,605.0,28,1.1,80.0,1.5967328861730004
strict_heterogeneous_leakage_09,heterogeneous leakage,R20E,18.027756377319946,Theis confined,6.0655942093335724e-05,0.001,6.536491753413224e-05,0.0010734581119059502,,,,0.07476808129164421,0.07088531745983785,0.07476808129164421,-0.0038827638318064445,0.023886592218562843,0.08632229784599095,0.08648335625951337,0.012852380973551578,-132.060144159126,-129.3957351387756,2,False,ensemble,5.0,605.0,28,0.7,50.0,1.0859763604408414
strict_heterogeneous_leakage_09,heterogeneous leakage,R20E,18.027756377319946,Hantush-Jacob leaky,6.0655942093335724e-05,0.001,6.324048315189182e-05,0.0010560801526372523,,,99999.99999984619,0.04172704818486232,0.05456408452225981,0.04172704818486232,0.012837036337397707,0.025085068184744513,0.08611431166336392,0.0862742075147236,0.008181811385820217,-129.97324717421424,-125.97663364368863,3,True,ensemble,5.0,605.0,28,0.7,50.0,1.0859763604408414
strict_heterogeneous_leakage_09,heterogeneous leakage,R20E,18.027756377319946,Lagging Darcy no-leakage,6.0655942093335724e-05,0.001,6.046407921605531e-05,0.0011252774507147486,0.1735168622463852,25.291766094225643,,-0.0031681473580675804,0.11802962810751991,-0.0031681473580675804,0.12119777546558773,0.003714772446974239,0.03995815343006495,0.039974108573461925,0.018533223460965736,-173.0841132736004,-167.75529523289958,4,False,ensemble,5.0,605.0,28,0.7,50.0,1.0859763604408414
strict_heterogeneous_leakage_09,heterogeneous leakage,R20E,18.027756377319946,Lagging Darcy with leakage,6.0655942093335724e-05,0.001,5.3707763807042035e-05,0.0010776199263383712,0.000909380829436371,32.25330368792639,88.65987056198924,-0.12166003562337298,0.07475483734837175,-0.12166003562337298,0.19641487297174476,0.0017975523254751356,0.007731105078905138,0.007731220602358801,0.0006282264835789143,-261.7911558989965,-255.1301333481205,5,False,ensemble,5.0,605.0,28,0.7,50.0,1.0859763604408414
strict_heterogeneous_leakage_09,heterogeneous leakage,R50E,51.478150704935004,Theis confined,6.0655942093335724e-05,0.001,8.41819819703698e-05,0.0012390033850710328,,,,0.32776330339804366,0.2143073347425732,0.32776330339804366,-0.11345596865547021,0.004555571362919243,0.03299230806766432,0.03300128807300336,0.004546188601359133,-187.51300170377917,-184.84859268342876,2,False,ensemble,5.0,605.0,28,0.7,50.0,1.0859763604408414
strict_heterogeneous_leakage_09,heterogeneous leakage,R50E,51.478150704935004,Hantush-Jacob leaky,6.0655942093335724e-05,0.001,7.947290544092528e-05,0.0011944915388095033,,,209.53582977225082,0.2701985474066094,0.17772060430070985,0.2701985474066094,-0.09247794310589946,0.005471380183397616,0.030031919583131367,0.03003869242432707,0.0024262048584751277,-190.37841640707185,-186.38180287654623,3,False,ensemble,5.0,605.0,28,0.7,50.0,1.0859763604408414
strict_heterogeneous_leakage_09,heterogeneous leakage,R50E,51.478150704935004,Lagging Darcy no-leakage,6.0655942093335724e-05,0.001,8.154693593542314e-05,0.0012464730781927725,12.652911463052986,59.43443299459095,,0.29596115142737217,0.22031802582827914,0.29596115142737217,-0.07564312559909298,0.0004363895340795364,0.028463757027061436,0.02846952323083433,0.005463014390824991,-192.32239596852077,-186.99357792781996,4,False,ensemble,5.0,605.0,28,0.7,50.0,1.0859763604408414
strict_heterogeneous_leakage_09,heterogeneous leakage,R50E,51.478150704935004,Lagging Darcy with leakage,6.0655942093335724e-05,0.001,6.400768042032662e-05,0.00111413300922215,288.91130915436787,434.86958467273877,107.91983635300059,0.05378547862684957,0.10807653224321917,0.05378547862684957,0.054291053616369614,0.00010748923991220477,0.0010616565465510655,0.0010616568456968617,9.503354801828117e-05,-374.20599875398216,-367.54497620310616,5,False,ensemble,5.0,605.0,28,0.7,50.0,1.0859763604408414
strict_heterogeneous_leakage_09,heterogeneous leakage,R100E,98.6154146165801,Theis confined,6.0655942093335724e-05,0.001,0.00012003266501626301,0.001501546658700725,,,,0.6825463101086876,0.4064956826841961,0.6825463101086876,-0.2760506274244914,0.0026363549029422896,0.01708430478462663,0.017085551474262255,0.0008758612659204948,-224.23256117934872,-221.56815215899832,2,False,ensemble,5.0,605.0,28,0.7,50.0,1.0859763604408414
strict_heterogeneous_leakage_09,heterogeneous leakage,R100E,98.6154146165801,Hantush-Jacob leaky,6.0655942093335724e-05,0.001,0.00011582086914751953,0.001465236317311718,,,388.5127289534264,0.6468271619649001,0.3820165382053739,0.6468271619649001,-0.264810623759526,0.0029835231071312536,0.01658942180068663,0.016590563255324868,0.0006444369502726461,-223.6379635244678,-219.64134999394219,3,False,ensemble,5.0,605.0,28,0.7,50.0,1.0859763604408414
strict_heterogeneous_leakage_09,heterogeneous leakage,R100E,98.6154146165801,Lagging Darcy no-leakage,6.0655942093335724e-05,0.001,0.00011618539589233229,0.0014991617518690973,22.49007328079159,132.16896210246927,,0.6499695516302264,0.4049061198160474,0.6499695516302264,-0.24506343181417886,0.00027944312723770376,0.014611294172152685,0.014612074047835377,0.0011162590799188507,-229.66146178864727,-224.33264374794646,4,False,ensemble,5.0,605.0,28,0.7,50.0,1.0859763604408414
strict_heterogeneous_leakage_09,heterogeneous leakage,R100E,98.6154146165801,Lagging Darcy with leakage,6.0655942093335724e-05,0.001,8.506871912548681e-05,0.0012611454708248621,930.269481680646,1325.635700293746,140.10967621723427,0.3382417860619516,0.23202041180803445,0.3382417860619516,-0.10622137425391712,1.889818686705865e-05,0.00044490979866104453,0.00044490982074151745,1.7253494298619182e-05,-423.15373673497106,-416.49271418409506,5,False,ensemble,5.0,605.0,28,0.7,50.0,1.0859763604408414
strict_heterogeneous_leakage_09,heterogeneous leakage,R100N,98.6154146165801,Theis confined,6.0655942093335724e-05,0.001,9.531582090519532e-05,0.0012082776585696912,,,,0.45197820437855535,0.18919592291054987,0.45197820437855535,-0.26278228146800553,0.0032317446173201515,0.020594362565190937,0.02059654641841859,0.0012466075103265213,-213.74555518828538,-211.08114616793497,2,False,ensemble,5.0,605.0,28,0.7,50.0,1.0859763604408414
strict_heterogeneous_leakage_09,heterogeneous leakage,R100N,98.6154146165801,Hantush-Jacob leaky,6.0655942093335724e-05,0.001,9.28768733988115e-05,0.0011867247749049476,,,451.3206240657459,0.42605706991932374,0.17119722261348372,0.42605706991932374,-0.25485984730584005,0.0034882109468023464,0.020344511982569344,0.020346617308250343,0.0010356019590976196,-212.29429873441114,-208.29768520388552,3,False,ensemble,5.0,605.0,28,0.7,50.0,1.0859763604408414
strict_heterogeneous_leakage_09,heterogeneous leakage,R100N,98.6154146165801,Lagging Darcy no-leakage,6.0655942093335724e-05,0.001,9.146997823433799e-05,0.0012047651416278986,0.30456210805488637,127.86444245923093,,0.4107932076139259,0.18628464473315656,0.4107932076139259,-0.22450856288076929,0.0001501894543337908,0.01663394893954844,0.016635099610461498,0.001616237042892048,-222.4092619971838,-217.08044395648298,4,False,ensemble,5.0,605.0,28,0.7,50.0,1.0859763604408414
strict_heterogeneous_leakage_09,heterogeneous leakage,R100N,98.6154146165801,Lagging Darcy with leakage,6.0655942093335724e-05,0.001,6.303637074725814e-05,0.0009789170637708993,1076.9001909744275,1561.6181048639405,126.3070135902484,0.03849426915856207,-0.021308355289502885,0.03849426915856207,-0.059802624448064924,7.640373807289038e-05,0.0010869204119757653,0.001086920732996142,6.156427499654087e-05,-373.04196808709855,-366.38094553622255,5,False,ensemble,5.0,605.0,28,0.7,50.0,1.0859763604408414
strict_heterogeneous_boundary_00,heterogeneous boundary,R20E,20.0,Theis confined,5.082197613721942e-05,0.001,6.359269072314171e-05,0.0008883268491628933,,,,0.22416967583892952,-0.11841553033072018,0.22416967583892952,-0.3425852061696498,0.03720055240636157,0.1391636812237789,0.13984018703915344,0.02818896132076749,-105.45451544754326,-102.79010642719285,2,False,ensemble,5.0,405.0,28,0.3,10.0,1.1523556834267177
strict_heterogeneous_boundary_00,heterogeneous boundary,R20E,20.0,Hantush-Jacob leaky,5.082197613721942e-05,0.001,6.141258480522797e-05,0.0008750414615400722,,,99999.99999999949,0.18928591623940783,-0.13348400912991273,0.18928591623940783,-0.32276992536932075,0.038926527391103964,0.15013392791754837,0.15098392620115306,0.03775550816512752,-99.32004552249693,-95.32343199197132,3,True,ensemble,5.0,405.0,28,0.3,10.0,1.1523556834267177
strict_heterogeneous_boundary_00,heterogeneous boundary,R20E,20.0,Lagging Darcy no-leakage,5.082197613721942e-05,0.001,5.4221833699999236e-05,0.0009738415955253993,10.70131576902685,68.8184471037428,,0.06475480095647687,-0.026506621496572624,0.06475480095647687,-0.09126142245304962,0.0008532661989298752,0.015560520228701375,0.015561462192591673,0.0039541719372439945,-226.06014435835388,-220.73132631765307,4,False,ensemble,5.0,405.0,28,0.3,10.0,1.1523556834267177
strict_heterogeneous_boundary_00,heterogeneous boundary,R20E,20.0,Lagging Darcy with leakage,5.082197613721942e-05,0.001,5.4221633486742434e-05,0.000973845436279293,10.71099863268101,68.83221066707041,99996.27458385823,0.06475110846559679,-0.02650267758378697,0.06475110846559679,-0.09125378604938375,0.0008551311110288189,0.015560437283973088,0.015561379232800156,0.00395377640742844,-224.0600610458529,-217.39903849497688,5,True,ensemble,5.0,405.0,28,0.3,10.0,1.1523556834267177
strict_heterogeneous_boundary_00,heterogeneous boundary,R50E,50.0,Theis confined,5.082197613721942e-05,0.001,5.945931151836914e-05,0.0009729689529057525,,,,0.1569633764330191,-0.02740310593240449,0.1569633764330191,-0.18436648236542366,0.009284869187151604,0.05044617348963236,0.050478284574094145,0.006889418672248761,-163.31502223957042,-160.65061321922002,2,False,ensemble,5.0,405.0,28,0.3,10.0,1.1523556834267177
strict_heterogeneous_boundary_00,heterogeneous boundary,R50E,50.0,Hantush-Jacob leaky,5.082197613721942e-05,0.001,5.939289358480573e-05,0.0009723947244435343,,,99999.99999825386,0.15584572042622286,-0.027993461849482336,0.15584572042622286,-0.18383918227570534,0.009318766792248582,0.05071467015481087,0.050747296885574875,0.007033575959480461,-161.02091376584147,-157.02430023531585,3,True,ensemble,5.0,405.0,28,0.3,10.0,1.1523556834267177
strict_heterogeneous_boundary_00,heterogeneous boundary,R50E,50.0,Lagging Darcy no-leakage,5.082197613721942e-05,0.001,5.3160568759772046e-05,0.0009905482240555553,340.3473310160842,523.7991041209638,,0.044988070639430326,-0.009496727450637645,0.044988070639430326,-0.05448479809006816,0.0003841098559416819,0.003820338859628637,0.003820352799116514,0.0006435540369982506,-304.50159189997777,-299.17277385927696,4,False,ensemble,5.0,405.0,28,0.3,10.0,1.1523556834267177
strict_heterogeneous_boundary_00,heterogeneous boundary,R50E,50.0,Lagging Darcy with leakage,5.082197613721942e-05,0.001,5.3160207730939484e-05,0.0009905501639735918,340.4542715305194,523.9294642551067,78639.06098956316,0.0449812793264908,-0.009494769023889873,0.0449812793264908,-0.054476048350380814,0.0003846808491855137,0.003820313496207814,0.0038203274354234535,0.0006432979739005431,-302.5010955448877,-295.8400729940117,5,False,ensemble,5.0,405.0,28,0.3,10.0,1.1523556834267177
strict_heterogeneous_boundary_00,heterogeneous boundary,R100E,100.0,Theis confined,5.082197613721942e-05,0.001,6.721595451159826e-05,0.0010677922815426487,,,,0.27958177551127494,0.06559322868420402,0.27958177551127494,-0.21398854682707094,0.006522807683320461,0.03722781007103288,0.03724071239313398,0.0023516303432615585,-180.41991756083098,-177.75550854048058,2,False,ensemble,5.0,405.0,28,0.3,10.0,1.1523556834267177
strict_heterogeneous_boundary_00,heterogeneous boundary,R100E,100.0,Hantush-Jacob leaky,5.082197613721942e-05,0.001,6.721546168765967e-05,0.0010677877323378847,,,99999.9999999549,0.27957444353557276,0.06558896829149155,0.27957444353557276,-0.21398547524408118,0.006522968017665619,0.03722884593764398,0.037241749337008134,0.0023518360849308032,-178.41836498414608,-174.42175145362046,3,True,ensemble,5.0,405.0,28,0.3,10.0,1.1523556834267177
strict_heterogeneous_boundary_00,heterogeneous boundary,R100E,100.0,Lagging Darcy no-leakage,5.082197613721942e-05,0.001,5.652502409154601e-05,0.0010417701141175117,1397.5567584627042,2073.9546514911963,,0.10635458220848547,0.04092129914219922,0.10635458220848547,-0.06543328306628643,0.00015327078675269807,0.0020856682738203524,0.002085670542010734,0.00019381027212628913,-338.5312128052325,-333.2023947645317,4,False,ensemble,5.0,405.0,28,0.3,10.0,1.1523556834267177
strict_heterogeneous_boundary_00,heterogeneous boundary,R100E,100.0,Lagging Darcy with leakage,5.082197613721942e-05,0.001,5.652435187400307e-05,0.0010417616662149484,1397.4992910906599,2073.8960586671474,20143.710448046535,0.10634268974933296,0.040913189928178044,0.10634268974933296,-0.06542949982115495,0.00015323878646255633,0.0020856336468852176,0.002085635914965948,0.00019375734376733125,-336.53220247514196,-329.87117992426596,5,False,ensemble,5.0,405.0,28,0.3,10.0,1.1523556834267177
strict_heterogeneous_boundary_00,heterogeneous boundary,R100N,100.0,Theis confined,5.082197613721942e-05,0.001,6.466754914864081e-05,0.0011843116892672222,,,,0.24093065476465725,0.16916175288762003,0.24093065476465725,-0.07176890187703731,0.005680553567732315,0.031586740296410294,0.03159462063202064,0.001739762868651355,-189.57557348201294,-186.91116446166254,2,False,ensemble,5.0,405.0,28,0.3,10.0,1.1523556834267177
strict_heterogeneous_boundary_00,heterogeneous boundary,R100N,100.0,Hantush-Jacob leaky,5.082197613721942e-05,0.001,6.466732840059252e-05,0.0011843092130265536,,,99999.99999947564,0.2409272411758022,0.16915966201637395,0.2409272411758022,-0.07176757915942815,0.005680612330121388,0.03158716930811316,0.031595049964864,0.0017398466682858604,-187.57481877760628,-183.57820524708066,3,True,ensemble,5.0,405.0,28,0.3,10.0,1.1523556834267177
strict_heterogeneous_boundary_00,heterogeneous boundary,R100N,100.0,Lagging Darcy no-leakage,5.082197613721942e-05,0.001,5.553410984141818e-05,0.0011524034359328655,1248.4183594685735,1845.0528603017199,,0.08866856153958483,0.14184970576914513,0.08866856153958483,0.05318114422956023,1.3834362870304539e-05,0.0019886490821172586,0.0019886510482613803,0.00023991693168866904,-341.35367336249556,-336.02485532179475,4,False,ensemble,5.0,405.0,28,0.3,10.0,1.1523556834267177
strict_heterogeneous_boundary_00,heterogeneous boundary,R100N,100.0,Lagging Darcy with leakage,5.082197613721942e-05,0.001,5.244197871483582e-05,0.0011166278151608568,1485.526631871553,2181.168178124356,322.8279312321913,0.031378528947461966,0.1103132641703335,0.031378528947461966,0.07893473522287149,9.592778922894346e-05,0.001436635664391035,0.0014366364056438497,0.00011558034198821806,-357.4343983697455,-350.7733758188695,5,False,ensemble,5.0,405.0,28,0.3,10.0,1.1523556834267177
strict_heterogeneous_boundary_01,heterogeneous boundary,R20E,20.615528128088304,Theis confined,4.912997928740256e-05,0.001,5.518354168162694e-05,0.0009874398838179833,,,,0.1161953262906968,-0.012639661206294815,0.1161953262906968,-0.12883498749699163,0.0247954625254972,0.09942677700944308,0.09967300926083161,0.018768394229881365,-124.53495031226544,-121.87054129191503,2,False,ensemble,5.0,605.0,28,0.3,30.0,1.1168484596827717
strict_heterogeneous_boundary_01,heterogeneous boundary,R20E,20.615528128088304,Hantush-Jacob leaky,4.912997928740256e-05,0.001,5.3893101432824475e-05,0.000976343578310911,,,99999.99999999168,0.0925330568715736,-0.023940727558095915,0.0925330568715736,-0.11647378442966938,0.025771751001347147,0.10623121149496279,0.10653162398879966,0.025940492798435605,-118.91913230301753,-114.92251877249193,3,True,ensemble,5.0,605.0,28,0.3,30.0,1.1168484596827717
strict_heterogeneous_boundary_01,heterogeneous boundary,R20E,20.615528128088304,Lagging Darcy no-leakage,4.912997928740256e-05,0.001,4.905855011523873e-05,0.001047171277036056,15.782630829514346,64.64664707584943,,-0.0014549394964724885,0.04609250689137689,-0.0014549394964724885,0.047547446387849406,0.001211285377035285,0.007539358181980001,0.0075394653211572115,0.0007267717255847844,-265.9852620865391,-260.65644404583827,4,False,ensemble,5.0,605.0,28,0.3,30.0,1.1168484596827717
strict_heterogeneous_boundary_01,heterogeneous boundary,R20E,20.615528128088304,Lagging Darcy with leakage,4.912997928740256e-05,0.001,4.9059276527223136e-05,0.0010471540287925298,15.722532921945215,64.56814333645455,14311.872660040934,-0.001440132564658544,0.04607603548315917,-0.001440132564658544,0.04751616804781747,0.0012052002408104877,0.007540571300298325,0.007540678491191171,0.0007276163248506784,-263.9838015298744,-257.32277897899843,5,False,ensemble,5.0,605.0,28,0.3,30.0,1.1168484596827717
strict_heterogeneous_boundary_01,heterogeneous boundary,R50E,52.20153254455275,Theis confined,4.912997928740256e-05,0.001,6.131091489393102e-05,0.0010358765505146187,,,,0.22148845949624796,0.035247977002282126,0.22148845949624796,-0.18624048249396583,0.009276442526307323,0.05331989868539605,0.05335781841386439,0.007704812693926054,-160.31386997619444,-157.64946095584403,2,False,ensemble,5.0,605.0,28,0.3,30.0,1.1168484596827717
strict_heterogeneous_boundary_01,heterogeneous boundary,R50E,52.20153254455275,Hantush-Jacob leaky,4.912997928740256e-05,0.001,6.125958031383754e-05,0.0010354254181920684,,,99999.99999999932,0.22065082588780155,0.03481237433642298,0.22065082588780155,-0.18583845155137851,0.00930268964567359,0.053539807700123614,0.053578198735066085,0.007804630321358974,-158.08557879297905,-154.08896526245343,3,True,ensemble,5.0,605.0,28,0.3,30.0,1.1168484596827717
strict_heterogeneous_boundary_01,heterogeneous boundary,R50E,52.20153254455275,Lagging Darcy no-leakage,4.912997928740256e-05,0.001,5.367087212988484e-05,0.0010560409725583941,532.483291779259,792.4055136816518,,0.08840101132192578,0.05452698430258464,0.08840101132192578,-0.033874027019341287,0.0005916597002544944,0.006778334324683856,0.006778412184458791,0.0013385564512718407,-272.4632676542424,-267.13444961354156,4,False,ensemble,5.0,605.0,28,0.3,30.0,1.1168484596827717
strict_heterogeneous_boundary_01,heterogeneous boundary,R50E,52.20153254455275,Lagging Darcy with leakage,4.912997928740256e-05,0.001,5.366940511495263e-05,0.0010560381721796991,532.7120694156484,792.6998997903451,14325.91383438036,0.08837367740832033,0.05452433252819265,0.08837367740832033,-0.033849344880127794,0.0005923848603137683,0.00677947617393156,0.006779554073053984,0.0013384921884789576,-270.4533706644106,-263.7923481135346,5,False,ensemble,5.0,605.0,28,0.3,30.0,1.1168484596827717
strict_heterogeneous_boundary_01,heterogeneous boundary,R100E,99.62429422585637,Theis confined,4.912997928740256e-05,0.001,6.389619981952262e-05,0.0009480470667385633,,,,0.26279046427914393,-0.05335112950115904,0.26279046427914393,-0.3161415937803031,0.007167214083742719,0.04283656646572462,0.04285622494894728,0.003429736182453774,-172.63733328552826,-169.97292426517785,2,False,ensemble,5.0,605.0,28,0.3,30.0,1.1168484596827717
strict_heterogeneous_boundary_01,heterogeneous boundary,R100E,99.62429422585637,Hantush-Jacob leaky,4.912997928740256e-05,0.001,6.389549517705103e-05,0.000948041125019437,,,99999.99999882602,0.262779436293771,-0.05335739684584492,0.262779436293771,-0.316136833139616,0.00716747395173592,0.042838431565497645,0.042858092617271575,0.0034301217544395936,-170.63490660847174,-166.63829307794612,3,True,ensemble,5.0,605.0,28,0.3,30.0,1.1168484596827717
strict_heterogeneous_boundary_01,heterogeneous boundary,R100E,99.62429422585637,Lagging Darcy no-leakage,4.912997928740256e-05,0.001,5.2164034284874247e-05,0.0009247609023786808,1694.7594520609537,2506.0168651094455,,0.05992383445317811,-0.07822005879737656,0.05992383445317811,-0.1381438932505545,0.0003601805779225088,0.0036027884906525295,0.003602800181798538,0.0002902350310426889,-307.7882162665329,-302.4593982258321,4,False,ensemble,5.0,605.0,28,0.3,30.0,1.1168484596827717
strict_heterogeneous_boundary_01,heterogeneous boundary,R100E,99.62429422585637,Lagging Darcy with leakage,4.912997928740256e-05,0.001,5.2164309347501334e-05,0.000924760521936453,1694.5784815712805,2505.784855037781,99999.09311487067,0.05992910747137249,-0.0782204701926952,0.05992910747137249,-0.13814957766406766,0.0003599948715977724,0.0036028231629701133,0.003602834854466943,0.0002902975654201195,-305.78797897961886,-299.12695642874286,5,True,ensemble,5.0,605.0,28,0.3,30.0,1.1168484596827717
strict_heterogeneous_boundary_01,heterogeneous boundary,R100N,99.62429422585637,Theis confined,4.912997928740256e-05,0.001,5.914327294511798e-05,0.0010145614711001031,,,,0.18549343062540122,0.014456470956807134,0.18549343062540122,-0.17103695966859414,0.006157976198660243,0.035516120600536445,0.03552732350699934,0.0025714038071458782,-183.0737398474041,-180.4093308270537,2,False,ensemble,5.0,605.0,28,0.3,30.0,1.1168484596827717
strict_heterogeneous_boundary_01,heterogeneous boundary,R100N,99.62429422585637,Hantush-Jacob leaky,4.912997928740256e-05,0.001,5.914299403891455e-05,0.0010145585069338164,,,99999.99999998545,0.18548871484206408,0.014453549329383466,0.18548871484206408,-0.17103516551268066,0.006158037576792565,0.035516905876675775,0.035528109526385646,0.0025715785697506106,-181.0725222365174,-177.07590870599176,3,True,ensemble,5.0,605.0,28,0.3,30.0,1.1168484596827717
strict_heterogeneous_boundary_01,heterogeneous boundary,R100N,99.62429422585637,Lagging Darcy no-leakage,4.912997928740256e-05,0.001,4.992631609274548e-05,0.0009867229444923623,1445.520623472958,2101.2900760193656,,0.016078815758533028,-0.013365983621911078,0.016078815758533028,-0.029444799380444146,0.00013534754163416202,0.001569329216103808,0.0015693301823612048,0.00011230957514594289,-354.4011292488924,-349.0723112081916,4,False,ensemble,5.0,605.0,28,0.3,30.0,1.1168484596827717
strict_heterogeneous_boundary_01,heterogeneous boundary,R100N,99.62429422585637,Lagging Darcy with leakage,4.912997928740256e-05,0.001,4.992600646033758e-05,0.0009867203055928242,1445.5941092910507,2101.383489628714,34711.08425253507,0.01607261395170484,-0.01336865803328622,0.01607261395170484,-0.02944127198499107,0.00013543679205820942,0.0015694339043826014,0.0015694348708233821,0.00011231791261000847,-352.3971395431303,-345.7361169922543,5,False,ensemble,5.0,605.0,28,0.3,30.0,1.1168484596827717
strict_heterogeneous_boundary_02,heterogeneous boundary,R20E,18.027756377319946,Theis confined,4.5911619994081575e-05,0.001,5.597108225892256e-05,0.0010018358339683648,,,,0.19811692518766044,0.0018341508847783245,0.19811692518766044,-0.19628277430288232,0.026949864388649603,0.09906029028264078,0.09930380603080544,0.020028449549150704,-124.42112475774087,-121.75671573739046,2,False,ensemble,5.0,1005.0,28,0.3,80.0,1.2137072426291016
strict_heterogeneous_boundary_02,heterogeneous boundary,R20E,18.027756377319946,Hantush-Jacob leaky,4.5911619994081575e-05,0.001,5.422066332915485e-05,0.0009869492194745212,,,99999.99999997728,0.16634383408693235,-0.013136690239472663,0.16634383408693235,-0.17948052432640496,0.028288168519170456,0.10936869930510623,0.1096965695442421,0.030984203234940607,-117.06986010654957,-113.07324657602396,3,True,ensemble,5.0,1005.0,28,0.3,80.0,1.2137072426291016
strict_heterogeneous_boundary_02,heterogeneous boundary,R20E,18.027756377319946,Lagging Darcy no-leakage,4.5911619994081575e-05,0.001,5.037852829859521e-05,0.001062102484766553,0.06877540459087277,34.17436855229883,,0.09284681454137467,0.06025041982718201,0.09284681454137467,-0.032596394714192706,0.0013439975760780706,0.008720046059363712,0.008720211828325894,0.002113321530749178,-257.89619417141876,-252.56737613071795,4,False,ensemble,5.0,1005.0,28,0.3,80.0,1.2137072426291016
strict_heterogeneous_boundary_02,heterogeneous boundary,R20E,18.027756377319946,Lagging Darcy with leakage,4.5911619994081575e-05,0.001,5.037829981111159e-05,0.0010620953678381695,0.06293789182483997,34.16657207235267,10602.432124467337,0.09284227911706831,0.06024371901221338,0.09284227911706831,-0.03259856010485483,0.0013434991466053498,0.008720863982820045,0.008721029798432464,0.0021156009603826662,-255.89156713686515,-249.23054458598912,5,False,ensemble,5.0,1005.0,28,0.3,80.0,1.2137072426291016
strict_heterogeneous_boundary_02,heterogeneous boundary,R50E,47.16990566028302,Theis confined,4.5911619994081575e-05,0.001,6.146458048516962e-05,0.0009976858719371695,,,,0.29174283789271827,-0.0023168097952230332,0.29174283789271827,-0.2940596476879413,0.009400349080058754,0.05468538384749473,0.05472629337033796,0.008616474196234675,-158.91805069226794,-156.25364167191753,2,False,ensemble,5.0,1005.0,28,0.3,80.0,1.2137072426291016
strict_heterogeneous_boundary_02,heterogeneous boundary,R50E,47.16990566028302,Hantush-Jacob leaky,4.5911619994081575e-05,0.001,6.136744369440257e-05,0.0009968744395767513,,,99999.9999996165,0.29016121760004604,-0.0031304551891471162,0.29016121760004604,-0.29329167278919305,0.009451119257004566,0.05513121601271961,0.055173134708846036,0.008839298957769278,-156.4678907876835,-152.47127725715788,3,True,ensemble,5.0,1005.0,28,0.3,80.0,1.2137072426291016
strict_heterogeneous_boundary_02,heterogeneous boundary,R50E,47.16990566028302,Lagging Darcy no-leakage,4.5911619994081575e-05,0.001,5.420334083327105e-05,0.0010237816887262677,453.52081308951114,666.805397951724,,0.166024301596595,0.023503309284861787,0.166024301596595,-0.14252099231173312,0.0006515219286940547,0.007244236118497278,0.0072443311620324375,0.001518389109408951,-268.7271569918721,-263.3983389511713,4,False,ensemble,5.0,1005.0,28,0.3,80.0,1.2137072426291016
strict_heterogeneous_boundary_02,heterogeneous boundary,R50E,47.16990566028302,Lagging Darcy with leakage,4.5911619994081575e-05,0.001,5.4203371235124485e-05,0.0010237774436222939,453.43801352638275,666.7032066416648,25011.757762646303,0.16602486248167037,0.02349916278290576,0.16602486248167037,-0.14252569969876475,0.0006511520031544411,0.0072446890560472765,0.00724478411740778,0.001518745551833628,-266.72394927383715,-260.06292672296115,5,False,ensemble,5.0,1005.0,28,0.3,80.0,1.2137072426291016
strict_heterogeneous_boundary_02,heterogeneous boundary,R100E,101.24228365658294,Theis confined,4.5911619994081575e-05,0.001,6.956861627742934e-05,0.0009855759041134957,,,,0.4155953061535663,-0.01452913443853152,0.4155953061535663,-0.4301244405920979,0.006784021944619613,0.040814513247333324,0.040831516601664154,0.0031465914646327904,-175.35552640608012,-172.6911173857297,2,False,ensemble,5.0,1005.0,28,0.3,80.0,1.2137072426291016
strict_heterogeneous_boundary_02,heterogeneous boundary,R100E,101.24228365658294,Hantush-Jacob leaky,4.5911619994081575e-05,0.001,6.956779069188823e-05,0.0009855692943673217,,,99999.99999997231,0.41558343887081695,-0.014535840942120576,0.41558343887081695,-0.4301192798129375,0.006784291848017529,0.040816626816644136,0.04083363281326541,0.0031469913246607775,-173.35264525071548,-169.35603172018986,3,True,ensemble,5.0,1005.0,28,0.3,80.0,1.2137072426291016
strict_heterogeneous_boundary_02,heterogeneous boundary,R100E,101.24228365658294,Lagging Darcy no-leakage,4.5911619994081575e-05,0.001,5.7128074804569595e-05,0.000964202644695184,1818.5155181266473,2638.0903975839424,,0.21857742972672695,-0.03645379412370686,0.21857742972672695,-0.25503122385043386,0.0003889269601846432,0.00428823183210826,0.0042882515461965575,0.000384080479551223,-298.0857777134563,-292.7569596727555,4,False,ensemble,5.0,1005.0,28,0.3,80.0,1.2137072426291016
strict_heterogeneous_boundary_02,heterogeneous boundary,R100E,101.24228365658294,Lagging Darcy with leakage,4.5911619994081575e-05,0.001,5.7127362152787065e-05,0.0009641953118436012,1818.4747670089557,2638.0552908661307,21968.575343137138,0.2185649550156495,-0.03646139924645448,0.2185649550156495,-0.255026354262104,0.00038883953733110695,0.004288592950700059,0.00428861266975706,0.0003841443934080353,-296.08120839023,-289.420185839354,5,False,ensemble,5.0,1005.0,28,0.3,80.0,1.2137072426291016
strict_heterogeneous_boundary_02,heterogeneous boundary,R100N,101.24228365658294,Theis confined,4.5911619994081575e-05,0.001,5.2826634826312705e-05,0.0011471808920433427,,,,0.14029726704976583,0.13730753455586894,0.14029726704976583,-0.002989732493896895,0.0055310388415595905,0.03225115447098113,0.032259542693039635,0.0021496646325747035,-188.4923061748235,-185.8278971544731,2,False,ensemble,5.0,1005.0,28,0.3,80.0,1.2137072426291016
strict_heterogeneous_boundary_02,heterogeneous boundary,R100N,101.24228365658294,Hantush-Jacob leaky,4.5911619994081575e-05,0.001,5.282656428656627e-05,0.0011471798881151822,,,99999.99999996289,0.1402959317424202,0.13730665942919396,0.1402959317424202,-0.0029892723132262577,0.005531056534777099,0.03225132227088621,0.03225971062389351,0.0021496954446549093,-186.49201813419253,-182.4954046036669,3,True,ensemble,5.0,1005.0,28,0.3,80.0,1.2137072426291016
strict_heterogeneous_boundary_02,heterogeneous boundary,R100N,101.24228365658294,Lagging Darcy no-leakage,4.5911619994081575e-05,0.001,4.401261479919856e-05,0.0011000883515968193,1757.5805811524845,2525.592586125478,,-0.04224195113018134,0.09539049621234778,-0.04224195113018134,0.13763244734252933,6.573748258349367e-05,0.0010465592618281775,0.0010465595483762063,6.333419332410031e-05,-377.1898168740856,-371.86099883338477,4,False,ensemble,5.0,1005.0,28,0.3,80.0,1.2137072426291016
strict_heterogeneous_boundary_02,heterogeneous boundary,R100N,101.24228365658294,Lagging Darcy with leakage,4.5911619994081575e-05,0.001,4.40126322068867e-05,0.0011000875993570304,1757.5111000781565,2525.5092916447143,54999.0409467489,-0.04224155561437814,0.09538981241268296,-0.04224155561437814,0.13763136802706116,6.570160709011224e-05,0.0010465914003006354,0.0010465916869309452,6.335655309984303e-05,-375.18822871458457,-368.52720616370857,5,False,ensemble,5.0,1005.0,28,0.3,80.0,1.2137072426291016
strict_heterogeneous_boundary_03,heterogeneous boundary,R20E,21.213203435596427,Theis confined,5.07235177055464e-05,0.001,5.3278542122591265e-05,0.0009871781231569404,,,,0.04914400017653274,-0.012904786573987772,0.04914400017653274,-0.062048786750520446,0.017548089721840323,0.07071951366916707,0.07080802735215537,0.008975684442526917,-143.63108382522782,-140.9666748048774,2,False,ensemble,5.0,405.0,28,0.7,10.0,1.2066107834318789
strict_heterogeneous_boundary_03,heterogeneous boundary,R20E,21.213203435596427,Hantush-Jacob leaky,5.07235177055464e-05,0.001,5.2211253556357285e-05,0.0009770904770591404,,,99999.99999940707,0.028908393906974212,-0.02317602420650528,0.028908393906974212,-0.05208441811347928,0.01826521798000072,0.0747935912246284,0.07489831358904266,0.014391350123327665,-138.54732353105805,-134.55071000053243,3,True,ensemble,5.0,405.0,28,0.7,10.0,1.2066107834318789
strict_heterogeneous_boundary_03,heterogeneous boundary,R20E,21.213203435596427,Lagging Darcy no-leakage,5.07235177055464e-05,0.001,4.926139729101835e-05,0.0010245180779977353,1.7444710805563648,33.49345144906969,,-0.029248905195450165,0.02422233421974351,-0.029248905195450165,0.053471239415193605,0.000701320942958073,0.011475401849896757,0.011475779644397752,0.005547882382046005,-243.09282063521368,-237.76400259451287,4,False,ensemble,5.0,405.0,28,0.7,10.0,1.2066107834318789
strict_heterogeneous_boundary_03,heterogeneous boundary,R20E,21.213203435596427,Lagging Darcy with leakage,5.07235177055464e-05,0.001,4.7402403139748544e-05,0.0010114116633911734,11.483520516858684,48.147248950213694,173.62777126790937,-0.067716736550576,0.011347041524456711,-0.067716736550576,0.07906377807503279,0.0008829111753516228,0.0046989923389067455,0.004699018278083849,0.0009431410241226304,-290.19429149819234,-283.53326894731634,5,False,ensemble,5.0,405.0,28,0.7,10.0,1.2066107834318789
strict_heterogeneous_boundary_03,heterogeneous boundary,R50E,53.150729063673246,Theis confined,5.07235177055464e-05,0.001,6.013855843084177e-05,0.001107853075639342,,,,0.17026154393371234,0.10242397631891849,0.17026154393371234,-0.06783756761479393,0.007301454312301224,0.03937151376550469,0.03938677629825947,0.003933672214281587,-177.18096757211717,-174.51655855176676,2,False,ensemble,5.0,405.0,28,0.7,10.0,1.2066107834318789
strict_heterogeneous_boundary_03,heterogeneous boundary,R50E,53.150729063673246,Hantush-Jacob leaky,5.07235177055464e-05,0.001,6.010594900365575e-05,0.0011075229612903627,,,99999.9999992909,0.16971915861098624,0.10212595526432575,0.16971915861098624,-0.06759320334666061,0.007316065756063303,0.03946705966086067,0.03948243360392159,0.003984230074339354,-175.0460513090111,-171.04943777848547,3,True,ensemble,5.0,405.0,28,0.7,10.0,1.2066107834318789
strict_heterogeneous_boundary_03,heterogeneous boundary,R50E,53.150729063673246,Lagging Darcy no-leakage,5.07235177055464e-05,0.001,5.4886598229689794e-05,0.001118184196202667,322.879040662973,488.4039714971449,,0.07887954320613681,0.11170611626305169,0.07887954320613681,0.032826573056915144,3.11190241726336e-05,0.0026630768714610022,0.0026630815931019255,0.0007278383484052947,-324.99762331588965,-319.66880527518884,4,False,ensemble,5.0,405.0,28,0.7,10.0,1.2066107834318789
strict_heterogeneous_boundary_03,heterogeneous boundary,R50E,53.150729063673246,Lagging Darcy with leakage,5.07235177055464e-05,0.001,5.3449064269482764e-05,0.0011058610136926857,386.55970099821826,573.3034352778053,342.96973537840006,0.05233946754915135,0.10062422946456027,0.05233946754915135,0.048284761915409126,0.00012868132546191204,0.0013743717426170454,0.001374372391616112,0.00023149965143756454,-359.7913728217835,-353.1303502709075,5,False,ensemble,5.0,405.0,28,0.7,10.0,1.2066107834318789
strict_heterogeneous_boundary_03,heterogeneous boundary,R100E,99.24716620639605,Theis confined,5.07235177055464e-05,0.001,6.68184945126856e-05,0.0010338430844486304,,,,0.2755902430679437,0.0332830087177645,0.2755902430679437,-0.2423072343501792,0.006130375303476176,0.033673004716874066,0.03368255218501908,0.0018584832186238028,-185.9713422815883,-183.3069332612379,2,False,ensemble,5.0,405.0,28,0.7,10.0,1.2066107834318789
strict_heterogeneous_boundary_03,heterogeneous boundary,R100E,99.24716620639605,Hantush-Jacob leaky,5.07235177055464e-05,0.001,6.681792751199228e-05,0.0010338379261892823,,,99999.99999944455,0.2755817573469894,0.033278019302742,0.2755817573469894,-0.24230373804424737,0.006130553275322145,0.03367402599670031,0.03368357433371328,0.0018587132129552024,-183.96964628028496,-179.97303274975934,3,True,ensemble,5.0,405.0,28,0.7,10.0,1.2066107834318789
strict_heterogeneous_boundary_03,heterogeneous boundary,R100E,99.24716620639605,Lagging Darcy no-leakage,5.07235177055464e-05,0.001,5.804590609745605e-05,0.0010139466937734724,962.9977783216343,1463.807850226016,,0.13484451880942325,0.013850333544003956,0.13484451880942325,-0.12099418526541944,-2.1501837610045844e-05,0.0035197521099958285,0.0035197630112598134,0.00047469505718358276,-309.3816344803715,-304.05281643967066,4,False,ensemble,5.0,405.0,28,0.7,10.0,1.2066107834318789
strict_heterogeneous_boundary_03,heterogeneous boundary,R100E,99.24716620639605,Lagging Darcy with leakage,5.07235177055464e-05,0.001,5.231845233535784e-05,0.000959458097630473,1343.4172991667485,2009.2187999897264,246.4948752857702,0.03095946284794434,-0.04138663553491799,0.03095946284794434,-0.0723460983828623,0.00014668862090563842,0.0017985194859686717,0.0017985209403577425,0.00015208667076951408,-344.7901200648904,-338.1290975140144,5,False,ensemble,5.0,405.0,28,0.7,10.0,1.2066107834318789
strict_heterogeneous_boundary_03,heterogeneous boundary,R100N,99.24716620639605,Theis confined,5.07235177055464e-05,0.001,5.985760693430514e-05,0.0011821345918216614,,,,0.16557886079859158,0.16732178037087866,0.16557886079859158,0.0017429195722869326,0.004743518115492179,0.02466235840004486,0.024666108983693376,0.0011102068042115752,-203.30290977129312,-200.6385007509427,2,False,ensemble,5.0,405.0,28,0.7,10.0,1.2066107834318789
strict_heterogeneous_boundary_03,heterogeneous boundary,R100N,99.24716620639605,Hantush-Jacob leaky,5.07235177055464e-05,0.001,5.985746482885391e-05,0.0011821328116086082,,,99999.99999562379,0.1655764867374288,0.167320274438808,0.1655764867374288,0.001743787701379162,0.004743555339542488,0.02466258191620813,0.024666332601844705,0.0011102576279788958,-201.30240475812636,-197.30579122760074,3,True,ensemble,5.0,405.0,28,0.7,10.0,1.2066107834318789
strict_heterogeneous_boundary_03,heterogeneous boundary,R100N,99.24716620639605,Lagging Darcy no-leakage,5.07235177055464e-05,0.001,5.368197887103473e-05,0.0011563912322121216,648.7392203366032,1037.8730696565929,,0.056687693081203264,0.14530414916323864,0.056687693081203264,0.08861645608203536,-0.00017137894791965547,0.0036217783863759963,0.0036217902633904364,0.00041383887825323384,-307.7175989001368,-302.388780859436,4,False,ensemble,5.0,405.0,28,0.7,10.0,1.2066107834318789
strict_heterogeneous_boundary_03,heterogeneous boundary,R100N,99.24716620639605,Lagging Darcy with leakage,5.07235177055464e-05,0.001,4.698794512101213e-05,0.001070432158593124,1242.7618386818465,1821.097524218418,201.24688316096962,-0.0764985810925402,0.06806245346923248,-0.0764985810925402,0.14456103456177263,6.03051509556474e-06,0.0005133731627458997,0.0005133731964754451,5.034094912370105e-05,-415.1867111602509,-408.5256886093749,5,False,ensemble,5.0,405.0,28,0.7,10.0,1.2066107834318789
strict_heterogeneous_boundary_04,heterogeneous boundary,R20E,22.360679774997898,Theis confined,4.803836175897611e-05,0.001,5.693989669285977e-05,0.0009303690174709267,,,,0.16999637250548896,-0.07217397855686052,0.16999637250548896,-0.24217035106234946,0.02182751366963769,0.09907980067190406,0.09932346052953256,0.024807737180250363,-125.10581586566406,-122.44140684531365,2,False,ensemble,5.0,605.0,28,0.7,30.0,1.2406530055782994
strict_heterogeneous_boundary_04,heterogeneous boundary,R20E,22.360679774997898,Hantush-Jacob leaky,4.803836175897611e-05,0.001,5.5687557987212585e-05,0.0009207625547310634,,,99999.99999999824,0.147756851500251,-0.08255308841887363,0.147756851500251,-0.23030993991912474,0.022766916318160024,0.10724330832809062,0.1075524031753817,0.031293863339225056,-118.76800059183327,-114.77138706130766,3,True,ensemble,5.0,605.0,28,0.7,30.0,1.2406530055782994
strict_heterogeneous_boundary_04,heterogeneous boundary,R20E,22.360679774997898,Lagging Darcy no-leakage,4.803836175897611e-05,0.001,4.978944703465409e-05,0.000996750609304665,68.10307054418978,137.61030286256073,,0.03580315961352188,-0.003254681429497704,0.03580315961352188,-0.03905784104301968,0.0029973310646983034,0.019384041574610628,0.019385862562274574,0.006002554743377568,-213.15757284958255,-207.82875480888174,4,False,ensemble,5.0,605.0,28,0.7,30.0,1.2406530055782994
strict_heterogeneous_boundary_04,heterogeneous boundary,R20E,22.360679774997898,Lagging Darcy with leakage,4.803836175897611e-05,0.001,4.9786847551815806e-05,0.0009967874960982645,68.25017418451728,137.81713448764347,99999.80267777373,0.03575094873643175,-0.0032176750702975084,0.03575094873643175,-0.03896862380672933,0.0030039120634856487,0.019383008369643594,0.019384829066119737,0.005996354791601315,-211.15750721497784,-204.4964846641018,5,True,ensemble,5.0,605.0,28,0.7,30.0,1.2406530055782994
strict_heterogeneous_boundary_04,heterogeneous boundary,R50E,49.24428900898052,Theis confined,4.803836175897611e-05,0.001,5.866014211316061e-05,0.0010051750817730472,,,,0.1997605911781104,0.005161737057563755,0.1997605911781104,-0.1945988541205467,0.010682681561286803,0.06375500377603895,0.06381984492035093,0.01006075168153585,-150.36632487966557,-147.70191585931516,2,False,ensemble,5.0,605.0,28,0.7,30.0,1.2406530055782994
strict_heterogeneous_boundary_04,heterogeneous boundary,R50E,49.24428900898052,Hantush-Jacob leaky,4.803836175897611e-05,0.001,5.8594181538003944e-05,0.0010045949831498707,,,99999.9999999565,0.19863550546594955,0.004584458443048578,0.19863550546594955,-0.19405104702290085,0.0107198970854769,0.0640470819574999,0.06411281886431387,0.010199529686175397,-148.11209030410066,-144.11547677357504,3,True,ensemble,5.0,605.0,28,0.7,30.0,1.2406530055782994
strict_heterogeneous_boundary_04,heterogeneous boundary,R50E,49.24428900898052,Lagging Darcy no-leakage,4.803836175897611e-05,0.001,4.990498298587101e-05,0.001033354924527672,595.8958888199074,910.6035822028605,,0.038120962181162475,0.03281071730889837,0.038120962181162475,-0.005310244872264224,0.0008819493162972946,0.008117980041278847,0.008118113790082279,0.0012380487386610187,-262.24339076293927,-256.91457272223846,4,False,ensemble,5.0,605.0,28,0.7,30.0,1.2406530055782994
strict_heterogeneous_boundary_04,heterogeneous boundary,R50E,49.24428900898052,Lagging Darcy with leakage,4.803836175897611e-05,0.001,4.990393523519801e-05,0.0010333542439749108,596.0644017232989,910.8302362565546,16261.496375329636,0.038099967049831256,0.032810058722996076,0.038099967049831256,-0.005289908326835368,0.0008826442009966545,0.008118602882055308,0.008118736661650503,0.0012379014063089453,-260.2386126987952,-253.57759014791915,5,False,ensemble,5.0,605.0,28,0.7,30.0,1.2406530055782994
strict_heterogeneous_boundary_04,heterogeneous boundary,R100E,98.48857801796105,Theis confined,4.803836175897611e-05,0.001,6.50664652025976e-05,0.0010080008945796636,,,,0.303409394007554,0.00796905712860815,0.303409394007554,-0.2954403368789461,0.00780627306006134,0.04595158388408153,0.045975851802834776,0.003451456385108305,-168.6819489753511,-166.0175399550007,2,False,ensemble,5.0,605.0,28,0.7,30.0,1.2406530055782994
strict_heterogeneous_boundary_04,heterogeneous boundary,R100E,98.48857801796105,Hantush-Jacob leaky,4.803836175897611e-05,0.001,6.506581307136315e-05,0.001007995137683524,,,99999.9999992424,0.30339937141756945,0.00796334591087986,0.30339937141756945,-0.2954360255066897,0.0078065008827252185,0.04595318585790212,0.0459774563155879,0.0034517808581375578,-166.6800059643237,-162.68339243379808,3,True,ensemble,5.0,605.0,28,0.7,30.0,1.2406530055782994
strict_heterogeneous_boundary_04,heterogeneous boundary,R100E,98.48857801796105,Lagging Darcy no-leakage,4.803836175897611e-05,0.001,5.226406549744155e-05,0.0009796573253959488,1633.374795829723,2510.4031847942842,,0.08430915571444693,-0.020552436428934114,0.08430915571444693,-0.10486159214338094,0.0003405883023687334,0.0028983730373020253,0.0028983791242976017,0.0001638334476610861,-319.86209622176403,-314.5332781810632,4,False,ensemble,5.0,605.0,28,0.7,30.0,1.2406530055782994
strict_heterogeneous_boundary_04,heterogeneous boundary,R100E,98.48857801796105,Lagging Darcy with leakage,4.803836175897611e-05,0.001,5.226443490396417e-05,0.000979657204925416,1633.1813816393978,2510.14846064197,99672.09134783267,0.084316223768063,-0.02055255940105627,0.084316223768063,-0.10486878316911924,0.00034038710347549997,0.002898409166946827,0.0028984152541936645,0.0001639165188391112,-317.86187490806486,-311.20085235718886,5,False,ensemble,5.0,605.0,28,0.7,30.0,1.2406530055782994
strict_heterogeneous_boundary_04,heterogeneous boundary,R100N,98.48857801796105,Theis confined,4.803836175897611e-05,0.001,5.761652382202385e-05,0.001126882058479708,,,,0.18180950344512153,0.11945457872040455,0.18180950344512153,-0.06235492472471688,0.006414331594805822,0.03771788956972375,0.03773130828347367,0.0027034421904144883,-179.73763416818798,-177.07322514783758,2,False,ensemble,5.0,605.0,28,0.7,30.0,1.2406530055782994
strict_heterogeneous_boundary_04,heterogeneous boundary,R100N,98.48857801796105,Hantush-Jacob leaky,4.803836175897611e-05,0.001,5.761635011200624e-05,0.0011268799893802519,,,99999.99999980569,0.18180648850655953,0.11945274259093563,0.18180648850655953,-0.06235374591562396,0.006414388007231685,0.03771832542398611,0.03773174460302045,0.0027035254883932065,-177.73699155816655,-173.74037802764093,3,True,ensemble,5.0,605.0,28,0.7,30.0,1.2406530055782994
strict_heterogeneous_boundary_04,heterogeneous boundary,R100N,98.48857801796105,Lagging Darcy no-leakage,4.803836175897611e-05,0.001,4.7194024421731946e-05,0.0010851331421397991,1760.8789718833327,2590.9032023522354,,-0.017732611684577338,0.08170269111354876,-0.017732611684577338,0.09943530279812612,0.00019614160645930502,0.002108661334646073,0.0021086636786704534,0.00014722455995950595,-337.8234910420969,-332.4946730013961,4,False,ensemble,5.0,605.0,28,0.7,30.0,1.2406530055782994
strict_heterogeneous_boundary_04,heterogeneous boundary,R100N,98.48857801796105,Lagging Darcy with leakage,4.803836175897611e-05,0.001,4.7193732200979054e-05,0.0010851321433250538,1761.0408252995753,2591.1102552231646,90298.72362811155,-0.017738803605295686,0.08170177065948996,-0.017738803605295686,0.09944057426478554,0.0001962578295138425,0.002108663080591759,0.0021086654246146195,0.00014717799907175937,-335.8231499139575,-329.1621273630815,5,False,ensemble,5.0,605.0,28,0.7,30.0,1.2406530055782994
strict_heterogeneous_boundary_05,heterogeneous boundary,R20E,20.0,Theis confined,7.02141117588307e-05,0.001,9.768362382648382e-05,0.0009164033003840113,,,,0.3301846150399521,-0.08729872694266107,0.3301846150399521,-0.4174833419826133,0.037581498062363036,0.1362475543910024,0.1368823109006413,0.021098220749088334,-106.51566069848295,-103.85125167813254,2,False,ensemble,5.0,1005.0,28,0.7,80.0,1.3177634691973712
strict_heterogeneous_boundary_05,heterogeneous boundary,R20E,20.0,Hantush-Jacob leaky,7.02141117588307e-05,0.001,9.270765505325223e-05,0.0008984383018249848,,,99999.99999999913,0.2779017349110297,-0.10709724309069538,0.2779017349110297,-0.38499897800172506,0.040357364244136225,0.15488611487787007,0.15581969241725946,0.03178203630402187,-97.55685728160894,-93.56024375108333,3,True,ensemble,5.0,1005.0,28,0.7,80.0,1.3177634691973712
strict_heterogeneous_boundary_05,heterogeneous boundary,R20E,20.0,Lagging Darcy no-leakage,7.02141117588307e-05,0.001,8.475308981839475e-05,0.0010156040692028449,1.6319603325815624,46.439216061877595,,0.18819289059506336,0.015483577538710214,0.18819289059506336,-0.17270931305635337,0.0006283459661611666,0.020258604760171058,0.02026068352680221,0.006258632372902122,-211.3442104633324,-206.01539242263158,4,False,ensemble,5.0,1005.0,28,0.7,80.0,1.3177634691973712
strict_heterogeneous_boundary_05,heterogeneous boundary,R20E,20.0,Lagging Darcy with leakage,7.02141117588307e-05,0.001,8.475597280784597e-05,0.001015567983165553,1.5741712310086418,46.35647259572344,79467.0531439621,0.18822690635099798,0.015448045307697483,0.18822690635099798,-0.1727788610433004,0.0006218617023825892,0.020256042327389742,0.020258120305272746,0.006261397842684632,-209.35186020994678,-202.69083765907075,5,False,ensemble,5.0,1005.0,28,0.7,80.0,1.3177634691973712
strict_heterogeneous_boundary_05,heterogeneous boundary,R50E,50.24937810560445,Theis confined,7.02141117588307e-05,0.001,9.496011533924922e-05,0.0009393194543067753,,,,0.3019076518743748,-0.06259965070165646,0.3019076518743748,-0.36450730257603114,0.011170309144622779,0.06558389891021096,0.06565448529648962,0.009223973280915829,-148.75617749187694,-146.09176847152654,2,False,ensemble,5.0,1005.0,28,0.7,80.0,1.3177634691973712
strict_heterogeneous_boundary_05,heterogeneous boundary,R50E,50.24937810560445,Hantush-Jacob leaky,7.02141117588307e-05,0.001,9.457714646875756e-05,0.0009376128624898817,,,99999.99999992363,0.297866553168923,-0.06441814172758936,0.297866553168923,-0.36228469489651227,0.011322414837948417,0.06696383779428157,0.06703897703752243,0.009664132231611442,-145.6019671984041,-141.6053536678785,3,True,ensemble,5.0,1005.0,28,0.7,80.0,1.3177634691973712
strict_heterogeneous_boundary_05,heterogeneous boundary,R50E,50.24937810560445,Lagging Darcy no-leakage,7.02141117588307e-05,0.001,8.144147109794502e-05,0.0009919452731052534,552.5601478806396,835.1958459859536,,0.1483353031838684,-0.008087341459759617,0.1483353031838684,-0.15642264464362804,0.0015381290295999942,0.015949624098138212,0.01595063851014884,0.0028988744394122345,-224.4954634387232,-219.16664539802238,4,False,ensemble,5.0,1005.0,28,0.7,80.0,1.3177634691973712
strict_heterogeneous_boundary_05,heterogeneous boundary,R50E,50.24937810560445,Lagging Darcy with leakage,7.02141117588307e-05,0.001,8.144223438896987e-05,0.0009919377507005957,552.3928339817808,834.9724327262611,49947.05506879766,0.14834467540465102,-0.008094924976093498,0.14834467540465102,-0.15643960038074456,0.001537245225993687,0.01594987488844174,0.01595088934830102,0.002899235469231321,-222.49489859202245,-215.83387604114642,5,False,ensemble,5.0,1005.0,28,0.7,80.0,1.3177634691973712
strict_heterogeneous_boundary_05,heterogeneous boundary,R100E,100.4987562112089,Theis confined,7.02141117588307e-05,0.001,9.16941068251068e-05,0.0008766410900089855,,,,0.26690879835094167,-0.1316576177987255,0.26690879835094167,-0.3985664161496672,0.008310914812128898,0.05139654157222403,0.051430502592946764,0.004270827149513197,-162.4874861040885,-159.8230770837381,2,False,ensemble,5.0,1005.0,28,0.7,80.0,1.3177634691973712
strict_heterogeneous_boundary_05,heterogeneous boundary,R100E,100.4987562112089,Hantush-Jacob leaky,7.02141117588307e-05,0.001,9.168672292709318e-05,0.0008766057302562577,,,99999.99999995402,0.2668282675994166,-0.13169795410770815,0.2668282675994166,-0.3985262217071246,0.008313363693578452,0.051413660019285025,0.05144765499757654,0.004273768679296205,-160.46889426843217,-156.47228073790654,3,True,ensemble,5.0,1005.0,28,0.7,80.0,1.3177634691973712
strict_heterogeneous_boundary_05,heterogeneous boundary,R100E,100.4987562112089,Lagging Darcy no-leakage,7.02141117588307e-05,0.001,7.309521842710185e-05,0.0008795145991921293,1914.6107402963999,2874.8846933074256,,0.04021364018728398,-0.12838511551974702,0.04021364018728398,-0.16859875570703114,0.0009060472964727637,0.008806890045536421,0.008807060816778076,0.0008324397593158995,-257.7170063128903,-252.3881882721895,4,False,ensemble,5.0,1005.0,28,0.7,80.0,1.3177634691973712
strict_heterogeneous_boundary_05,heterogeneous boundary,R100E,100.4987562112089,Lagging Darcy with leakage,7.02141117588307e-05,0.001,7.309476599671368e-05,0.00087951416176437,1914.733041584635,2875.052358039837,49364.41460728271,0.04020745056506116,-0.1283856128712049,0.04020745056506116,-0.16859306343626604,0.0009062650740145417,0.008806970560671935,0.008807141336597258,0.0008324357532038932,-255.71635375386342,-249.0553312029874,5,False,ensemble,5.0,1005.0,28,0.7,80.0,1.3177634691973712
strict_heterogeneous_boundary_05,heterogeneous boundary,R100N,100.4987562112089,Theis confined,7.02141117588307e-05,0.001,9.452253296761569e-05,0.0008954819742806403,,,,0.297288937143099,-0.11039318690714842,0.297288937143099,-0.4076821240502476,0.00820646420604267,0.05112111546584004,0.051154533234956084,0.004235450239718127,-162.7990668839308,-160.1346578635804,2,False,ensemble,5.0,1005.0,28,0.7,80.0,1.3177634691973712
strict_heterogeneous_boundary_05,heterogeneous boundary,R100N,100.4987562112089,Hantush-Jacob leaky,7.02141117588307e-05,0.001,9.451456192701708e-05,0.0008954444249279133,,,99999.99999994798,0.29720460405907895,-0.11043511978920212,0.29720460405907895,-0.40763972384828095,0.008209044231401532,0.0511393963873528,0.051172850032925814,0.004238471863298243,-160.77910781252754,-156.78249428200192,3,True,ensemble,5.0,1005.0,28,0.7,80.0,1.3177634691973712
strict_heterogeneous_boundary_05,heterogeneous boundary,R100N,100.4987562112089,Lagging Darcy no-leakage,7.02141117588307e-05,0.001,7.518630648981879e-05,0.0008999070240587623,2010.4256988504244,3006.2475324645843,,0.06841980678921178,-0.10546382759569609,0.06841980678921178,-0.1738836343849078,0.000964575806332461,0.009474427241046813,0.009474639862468173,0.0008964379567342467,-253.63183575157592,-248.3030177108751,4,False,ensemble,5.0,1005.0,28,0.7,80.0,1.3177634691973712
strict_heterogeneous_boundary_05,heterogeneous boundary,R100N,100.4987562112089,Lagging Darcy with leakage,7.02141117588307e-05,0.001,7.518763360845348e-05,0.0008999030022550863,2009.9433122753098,3005.572921353014,59738.43610772054,0.06843745770178151,-0.10546829673812466,0.06843745770178151,-0.17390575443990622,0.0009640728883431044,0.009474550082789681,0.009474762712489572,0.0008966346658843153,-251.63142781975944,-244.9704052688834,5,False,ensemble,5.0,1005.0,28,0.7,80.0,1.3177634691973712
strict_heterogeneous_boundary_06,heterogeneous boundary,R20E,20.615528128088304,Theis confined,5.417256876215562e-05,0.001,7.11892051882931e-05,0.0007820146705533911,,,,0.2731665254709625,-0.24588177831434418,0.2731665254709625,-0.5190483037853066,0.04565454456142813,0.20605643834336007,0.20826316061480316,0.0600586689881482,-84.08584425096376,-81.42143523061335,2,False,ensemble,5.0,405.0,28,1.1,10.0,2.202319770296158
strict_heterogeneous_boundary_06,heterogeneous boundary,R20E,20.615528128088304,Hantush-Jacob leaky,5.417256876215562e-05,0.001,6.800778682821759e-05,0.000769151766983215,,,99999.99999999984,0.2274475418711042,-0.2624669726636178,0.2274475418711042,-0.4899145145347218,0.048514848518053655,0.22397513585242063,0.22681363444944186,0.07024444427888916,-77.47634274420092,-73.47972921367531,3,True,ensemble,5.0,405.0,28,1.1,10.0,2.202319770296158
strict_heterogeneous_boundary_06,heterogeneous boundary,R20E,20.615528128088304,Lagging Darcy no-leakage,5.417256876215562e-05,0.001,5.252493557087638e-05,0.0009590593988712034,86.63414774708723,243.7362669023193,,-0.030886648835631324,-0.04180226767352103,-0.030886648835631324,-0.010915618837889851,0.00948885159813949,0.06697422741847457,0.06704940166312749,0.01815945247971624,-143.83447210715684,-138.50565406645603,4,False,ensemble,5.0,405.0,28,1.1,10.0,2.202319770296158
strict_heterogeneous_boundary_06,heterogeneous boundary,R20E,20.615528128088304,Lagging Darcy with leakage,5.417256876215562e-05,0.001,5.252700780018686e-05,0.0009590168655958279,86.58324117142438,243.62378526171156,24401.599556692214,-0.03084719731775822,-0.04184661760492931,-0.03084719731775822,-0.010999420287171048,0.009482049441896238,0.06697560205292785,0.06705078092937679,0.018164462569657494,-141.83416446642693,-135.1731419155509,5,False,ensemble,5.0,405.0,28,1.1,10.0,2.202319770296158
strict_heterogeneous_boundary_06,heterogeneous boundary,R50E,50.99019513592785,Theis confined,5.417256876215562e-05,0.001,6.622235258418181e-05,0.000830808205242506,,,,0.20084338935162008,-0.1853563107139455,0.20084338935162008,-0.3861997000655655,0.01577113816724667,0.09384607671535178,0.09405308395881588,0.014526049517320434,-128.7115745296976,-126.0471655093472,2,False,ensemble,5.0,405.0,28,1.1,10.0,2.202319770296158
strict_heterogeneous_boundary_06,heterogeneous boundary,R50E,50.99019513592785,Hantush-Jacob leaky,5.417256876215562e-05,0.001,6.607492054282215e-05,0.0008299310220843842,,,99999.99999999683,0.19861458903085344,-0.18641268756741064,0.19861458903085344,-0.3850272765982642,0.015858253621023492,0.0943992734786646,0.09460996767033884,0.014764447265111873,-126.38302669262569,-122.38641316210008,3,True,ensemble,5.0,405.0,28,1.1,10.0,2.202319770296158
strict_heterogeneous_boundary_06,heterogeneous boundary,R50E,50.99019513592785,Lagging Darcy no-leakage,5.417256876215562e-05,0.001,5.21733606771938e-05,0.0008787208956595436,591.9979635335415,1050.4596782468336,,-0.037602636158206804,-0.1292879565655836,-0.037602636158206804,-0.09168532040737681,0.0015503446974491108,0.011378226573119066,0.011378594850843962,0.0011995038832033572,-243.14333710126613,-237.81451906056532,4,False,ensemble,5.0,405.0,28,1.1,10.0,2.202319770296158
strict_heterogeneous_boundary_06,heterogeneous boundary,R50E,50.99019513592785,Lagging Darcy with leakage,5.417256876215562e-05,0.001,5.217439249901702e-05,0.0008787131451397274,591.8304070907916,1050.1979578306298,50512.6645948231,-0.03758285955944277,-0.12929677683381136,-0.03758285955944277,-0.09171391727436869,0.001549479177841862,0.011378404799580766,0.01137877309461258,0.0012002583290439434,-241.14306687599472,-234.4820443251187,5,False,ensemble,5.0,405.0,28,1.1,10.0,2.202319770296158
strict_heterogeneous_boundary_06,heterogeneous boundary,R100E,101.9803902718557,Theis confined,5.417256876215562e-05,0.001,8.000287020613471e-05,0.0011290232874633325,,,,0.3898878426783268,0.12135291158308274,0.3898878426783268,-0.26853493109524407,0.008809495307996617,0.048505294149680446,0.04853383851118037,0.0026894067284393888,-165.53711938345515,-162.87271036310474,2,False,ensemble,5.0,405.0,28,1.1,10.0,2.202319770296158
strict_heterogeneous_boundary_06,heterogeneous boundary,R100E,101.9803902718557,Hantush-Jacob leaky,5.417256876215562e-05,0.001,8.000196277227729e-05,0.0011290160890289446,,,99999.99985617107,0.38987650009772423,0.12134653575592699,0.38987650009772423,-0.2685299643417973,0.008809740915931064,0.04850684336934271,0.04853539046687577,0.002689676630971396,-163.5353383360661,-159.53872480554048,3,True,ensemble,5.0,405.0,28,1.1,10.0,2.202319770296158
strict_heterogeneous_boundary_06,heterogeneous boundary,R100E,101.9803902718557,Lagging Darcy no-leakage,5.417256876215562e-05,0.001,6.398005113462605e-05,0.0010988914262494436,1328.6436539847266,2223.0750001031442,,0.1663966648206898,0.09430187731949616,0.1663966648206898,-0.0720947875011935,0.0002374396470364156,0.003024896595230171,0.0030249035146776774,0.0002895560118838113,-317.68914073591986,-312.36032269521905,4,False,ensemble,5.0,405.0,28,1.1,10.0,2.202319770296158
strict_heterogeneous_boundary_06,heterogeneous boundary,R100E,101.9803902718557,Lagging Darcy with leakage,5.417256876215562e-05,0.001,6.09011342904176e-05,0.0010714208479931139,1459.2172665641135,2445.215103019757,375.85273655038856,0.11707713107216282,0.06898566292120932,0.11707713107216282,-0.048091468150953554,0.0003170304547476579,0.002755766131774053,0.00275577136375997,0.00018203222699186304,-320.7039562271172,-314.0429336762412,5,False,ensemble,5.0,405.0,28,1.1,10.0,2.202319770296158
strict_heterogeneous_boundary_06,heterogeneous boundary,R100N,101.9803902718557,Theis confined,5.417256876215562e-05,0.001,9.0202357075463e-05,0.0012663949493439916,,,,0.5098808894555161,0.23617424137708473,0.5098808894555161,-0.2737066480784312,0.013493019639614873,0.0769709982525486,0.07708514342577287,0.0046835599978697654,-139.7421941158427,-137.0777850954923,2,False,ensemble,5.0,405.0,28,1.1,10.0,2.202319770296158
strict_heterogeneous_boundary_06,heterogeneous boundary,R100N,101.9803902718557,Hantush-Jacob leaky,5.417256876215562e-05,0.001,9.020098997981766e-05,0.0012663852013101344,,,99999.99999881856,0.5098657334657001,0.23616654388004413,0.5098657334657001,-0.27369918958565603,0.013493475044918934,0.07697295754918519,0.0770871114465041,0.004683790545335954,-137.74075430609165,-133.74414077556602,3,True,ensemble,5.0,405.0,28,1.1,10.0,2.202319770296158
strict_heterogeneous_boundary_06,heterogeneous boundary,R100N,101.9803902718557,Lagging Darcy no-leakage,5.417256876215562e-05,0.001,5.839165409755426e-05,0.0012013080467736198,2056.9258334895476,4150.68014999154,,0.07499830140456772,0.18341100211085423,0.07499830140456772,0.10841270070628654,0.000846748195010204,0.005574951705510196,0.005574995023282334,0.00017711758060939302,-282.96674032182307,-277.63792228112226,4,False,ensemble,5.0,405.0,28,1.1,10.0,2.202319770296158
strict_heterogeneous_boundary_06,heterogeneous boundary,R100N,101.9803902718557,Lagging Darcy with leakage,5.417256876215562e-05,0.001,5.839148216574163e-05,0.0012013059340810453,2056.9218951790945,4150.678855342597,44809.340163931876,0.0749953569415549,0.18340924344917053,0.0749953569415549,0.10841388650761567,0.0008467244424759749,0.005574985571775865,0.005575028890348986,0.0001771208683708146,-280.96644478836885,-274.30542223749285,5,False,ensemble,5.0,405.0,28,1.1,10.0,2.202319770296158
strict_heterogeneous_boundary_07,heterogeneous boundary,R20E,18.027756377319946,Theis confined,2.910185496748681e-05,0.001,4.806141093577797e-05,0.0008557971448681666,,,,0.5016776709424954,-0.15572191121885992,0.5016776709424954,-0.6573995821613553,0.03393061617572415,0.1475110955127263,0.148317187855032,0.06024316156630133,-102.69833047239344,-100.03392145204303,2,False,ensemble,5.0,605.0,28,1.1,30.0,1.5436415482639558
strict_heterogeneous_boundary_07,heterogeneous boundary,R20E,18.027756377319946,Hantush-Jacob leaky,2.910185496748681e-05,0.001,4.645954779586539e-05,0.0008430674717596421,,,99999.99999999984,0.4677800773691346,-0.17070828650857967,0.4677800773691346,-0.638488363877714,0.035630712574078974,0.1625109946164471,0.16358989327704945,0.07347778613349241,-95.40866981833759,-91.41205628781198,3,True,ensemble,5.0,605.0,28,1.1,30.0,1.5436415482639558
strict_heterogeneous_boundary_07,heterogeneous boundary,R20E,18.027756377319946,Lagging Darcy no-leakage,2.910185496748681e-05,0.001,4.025368481051157e-05,0.0009445529577623581,39.08113849208945,105.82575793671853,,0.3243996310285234,-0.057043523985779096,0.3243996310285234,-0.3814431550143026,0.004348682382891183,0.04988180589512205,0.04991285089521313,0.027456124410888367,-160.6920102893582,-155.36319224865738,4,False,ensemble,5.0,605.0,28,1.1,30.0,1.5436415482639558
strict_heterogeneous_boundary_07,heterogeneous boundary,R20E,18.027756377319946,Lagging Darcy with leakage,2.910185496748681e-05,0.001,4.026307845719711e-05,0.0009443712507982179,38.673766070817116,105.19873109522504,23854.881364919114,0.3246329649666234,-0.057235915997991466,0.3246329649666234,-0.38186888096461474,0.004291736204463477,0.049887606090533075,0.049918661925251656,0.027493148788662953,-158.6912463854281,-152.03022383455206,5,False,ensemble,5.0,605.0,28,1.1,30.0,1.5436415482639558
strict_heterogeneous_boundary_07,heterogeneous boundary,R50E,51.478150704935004,Theis confined,2.910185496748681e-05,0.001,2.87565743038088e-05,0.0008777934550620069,,,,-0.011935504194163149,-0.13034395782551195,-0.011935504194163149,-0.11840845363134879,0.011037389425752355,0.06930980985758856,0.06939313170094552,0.016174020909818336,-145.76489547983834,-143.10048645948794,2,False,ensemble,5.0,605.0,28,1.1,30.0,1.5436415482639558
strict_heterogeneous_boundary_07,heterogeneous boundary,R50E,51.478150704935004,Hantush-Jacob leaky,2.910185496748681e-05,0.001,2.875288943150149e-05,0.000877728726775718,,,99999.99999708928,-0.012063652574378074,-0.1304177003130611,-0.012063652574378074,-0.11835404773868298,0.01104113306852659,0.0693375381167747,0.06942096006883466,0.01619415145682499,-143.7425837887464,-139.74597025822078,3,True,ensemble,5.0,605.0,28,1.1,30.0,1.5436415482639558
strict_heterogeneous_boundary_07,heterogeneous boundary,R50E,51.478150704935004,Lagging Darcy no-leakage,2.910185496748681e-05,0.001,2.3268373867507673e-05,0.0008702271468789725,816.6991095988014,1290.0084553836766,,-0.2237068229303354,-0.1390010130445088,-0.2237068229303354,0.08470580988582657,0.0006275833869335887,0.005832976117499114,0.005833025732581442,0.0011020357786039525,-280.76092368887237,-275.43210564817156,4,False,ensemble,5.0,605.0,28,1.1,30.0,1.5436415482639558
strict_heterogeneous_boundary_07,heterogeneous boundary,R50E,51.478150704935004,Lagging Darcy with leakage,2.910185496748681e-05,0.001,2.3268341926601567e-05,0.0008702271124283479,816.7143828087985,1290.0293874405177,99999.9997010166,-0.22370819564886799,-0.13900105263259277,-0.22370819564886799,0.08470714301627538,0.0006276203895817482,0.005832980439314277,0.005833030054493608,0.0011019765568970163,-278.76084352075475,-272.09982096987875,5,True,ensemble,5.0,605.0,28,1.1,30.0,1.5436415482639558
strict_heterogeneous_boundary_07,heterogeneous boundary,R100E,98.6154146165801,Theis confined,2.910185496748681e-05,0.001,3.45252960712475e-05,0.0028535958658067835,,,,0.1708903580866784,1.048579906297402,0.1708903580866784,0.8776895482107235,0.003199672347627704,0.01856718139772498,0.018568781726233455,0.0004168275504879674,-219.40512354745653,-216.74071452710612,2,False,ensemble,5.0,605.0,28,1.1,30.0,1.5436415482639558
strict_heterogeneous_boundary_07,heterogeneous boundary,R100E,98.6154146165801,Hantush-Jacob leaky,2.910185496748681e-05,0.001,3.452529062549725e-05,0.00285359546904381,,,99999.99999999984,0.17089020035448516,1.0485797672577413,0.17089020035448516,0.8776895669032562,0.0031996716443182687,0.01856718531660875,0.01856878564612751,0.0004168277538293463,-217.40511244871436,-213.40849891818874,3,True,ensemble,5.0,605.0,28,1.1,30.0,1.5436415482639558
strict_heterogeneous_boundary_07,heterogeneous boundary,R100E,98.6154146165801,Lagging Darcy no-leakage,2.910185496748681e-05,0.001,2.329454330954892e-05,0.0023382833804341885,5040.055138680069,7241.625349012474,,-0.2225827763119882,0.8494170620498007,-0.2225827763119882,1.071999838361789,-8.525680681192051e-05,0.0004084115175911538,0.0004084115346126088,7.337585442260519e-06,-428.7618666631572,-423.4330486224564,4,False,ensemble,5.0,605.0,28,1.1,30.0,1.5436415482639558
strict_heterogeneous_boundary_07,heterogeneous boundary,R100E,98.6154146165801,Lagging Darcy with leakage,2.910185496748681e-05,0.001,1.9852123263255474e-05,0.0020792634673067424,5460.167432629717,8010.899937269999,127.62108308371785,-0.38249094991691557,0.7320137287478446,-0.38249094991691557,1.1145046786647603,-5.5505209958304186e-05,0.0002403296634816215,0.00024032966685455273,9.977630283778573e-07,-456.1867226291614,-449.5257000782854,5,False,ensemble,5.0,605.0,28,1.1,30.0,1.5436415482639558
strict_heterogeneous_boundary_07,heterogeneous boundary,R100N,98.6154146165801,Theis confined,2.910185496748681e-05,0.001,8.237521057307721e-05,0.0014699841811975872,,,,1.04048263236046,0.3852516396426672,1.04048263236046,-0.6552309927177927,0.007903285866007881,0.048995542456946484,0.049024961391615336,0.0031123834329671324,-165.17022632602507,-162.50581730567467,2,False,ensemble,5.0,605.0,28,1.1,30.0,1.5436415482639558
strict_heterogeneous_boundary_07,heterogeneous boundary,R100N,98.6154146165801,Hantush-Jacob leaky,2.910185496748681e-05,0.001,8.237478203301713e-05,0.0014699797675627945,,,99999.99999556091,1.040477430052972,0.38524863713320145,1.040477430052972,-0.6552287929197707,0.007903370925935928,0.0489964058217986,0.04902582631221281,0.003112491931379295,-163.1692496337056,-159.17263610317997,3,True,ensemble,5.0,605.0,28,1.1,30.0,1.5436415482639558
strict_heterogeneous_boundary_07,heterogeneous boundary,R100N,98.6154146165801,Lagging Darcy no-leakage,2.910185496748681e-05,0.001,6.047957423238592e-05,0.0014066550525984585,2843.970975815294,4479.921494372773,,0.7315037753050416,0.3412145828991326,0.7315037753050416,-0.3902891924059088,0.0006819751666558037,0.0060431875889327075,0.006043242763828632,0.0003780676647686902,-278.7450477918665,-273.4162297511657,4,False,ensemble,5.0,605.0,28,1.1,30.0,1.5436415482639558
strict_heterogeneous_boundary_07,heterogeneous boundary,R100N,98.6154146165801,Lagging Darcy with leakage,2.910185496748681e-05,0.001,6.048016730616319e-05,0.0014066550360678917,2843.716976264722,4479.553090196624,69363.78177327901,0.7315135814400371,0.34121457114744763,0.7315135814400371,-0.3902990102925894,0.0006817988963684037,0.006043226417307088,0.006043281593273641,0.00037813074137862257,-276.74488131717777,-270.0838587663018,5,False,ensemble,5.0,605.0,28,1.1,30.0,1.5436415482639558
strict_heterogeneous_boundary_08,heterogeneous boundary,R20E,21.213203435596427,Theis confined,1.9042478231340676e-05,0.001,1.6159348322526095e-05,0.0010638195366946684,,,,-0.16417345439885792,0.06186576816465391,-0.16417345439885792,0.22603922256351194,0.017215060756842603,0.09434690738884537,0.09455725070647077,0.042771605766960145,-128.27135916833925,-125.60695014798884,2,False,ensemble,5.0,1005.0,28,1.1,80.0,1.1241022648149044
strict_heterogeneous_boundary_08,heterogeneous boundary,R20E,21.213203435596427,Hantush-Jacob leaky,1.9042478231340676e-05,0.001,1.6123769655493958e-05,0.0010624298602169534,,,99999.99999999735,-0.16637762076598678,0.060558605723964834,-0.16637762076598678,0.22693622648995151,0.017285471313631,0.09482296488110604,0.09503651236512994,0.044007423374700975,-125.99128029720151,-121.9946667666759,3,True,ensemble,5.0,1005.0,28,1.1,80.0,1.1241022648149044
strict_heterogeneous_boundary_08,heterogeneous boundary,R20E,21.213203435596427,Lagging Darcy no-leakage,1.9042478231340676e-05,0.001,1.381065063371563e-05,0.0010821439088596618,122.07344335840601,245.27120474236636,,-0.3212321005602305,0.07894417422316313,-0.3212321005602305,0.4001762747833936,0.0005544047433466495,0.005102818194628311,0.005102851412555644,0.005568106054077483,-288.2435073070011,-282.9146892663003,4,False,ensemble,5.0,1005.0,28,1.1,80.0,1.1241022648149044
strict_heterogeneous_boundary_08,heterogeneous boundary,R20E,21.213203435596427,Lagging Darcy with leakage,1.9042478231340676e-05,0.001,1.3504628072754326e-05,0.0010716633449845607,136.19172401225458,267.66410692663993,161.85198732658526,-0.3436397332033251,0.06921196946882562,-0.3436397332033251,0.41285170267215066,0.0006915443089429229,0.00394208130428261,0.003942096619312784,0.002029588396427079,-300.15726194897144,-293.49623939809544,5,False,ensemble,5.0,1005.0,28,1.1,80.0,1.1241022648149044
strict_heterogeneous_boundary_08,heterogeneous boundary,R50E,49.49747468305833,Theis confined,1.9042478231340676e-05,0.001,1.8660480216483113e-05,0.001162938821713997,,,,-0.020264249940135225,0.15095026829562777,-0.020264249940135225,0.17121451823576286,0.008319271826536578,0.051343534711358566,0.05137739072680152,0.01118448677498513,-162.5422531127783,-159.8778440924279,2,False,ensemble,5.0,1005.0,28,1.1,80.0,1.1241022648149044
strict_heterogeneous_boundary_08,heterogeneous boundary,R50E,49.49747468305833,Hantush-Jacob leaky,1.9042478231340676e-05,0.001,1.8660338275493596e-05,0.0011629333606178655,,,99999.99999959323,-0.020271856471570145,0.1509455723401294,-0.020271856471570145,0.1712174288116996,0.00831949809916421,0.051344702318932255,0.051378560645041454,0.01118543882209544,-160.54097301055114,-156.54435948002552,3,True,ensemble,5.0,1005.0,28,1.1,80.0,1.1241022648149044
strict_heterogeneous_boundary_08,heterogeneous boundary,R50E,49.49747468305833,Lagging Darcy no-leakage,1.9042478231340676e-05,0.001,1.5449849657465303e-05,0.0011186579301196192,931.6808427042736,1404.7286922762628,,-0.20907290771429918,0.11212969012055415,-0.20907290771429918,0.3212025978348534,1.897983559211191e-05,0.001561238416791881,0.0015612393681630487,0.0007122282113440153,-354.9014542496951,-349.5726362089943,4,False,ensemble,5.0,1005.0,28,1.1,80.0,1.1241022648149044
strict_heterogeneous_boundary_08,heterogeneous boundary,R50E,49.49747468305833,Lagging Darcy with leakage,1.9042478231340676e-05,0.001,1.5063218788836577e-05,0.0011025906262053236,991.138331461535,1493.5714212033395,241.3446779922753,-0.23441624956933713,0.0976625256003258,-0.23441624956933713,0.33207877516966305,7.061712174186456e-05,0.001217154681188227,0.001217155132011874,0.0003468560896718361,-366.7501272074504,-360.0891046565744,5,False,ensemble,5.0,1005.0,28,1.1,80.0,1.1241022648149044
strict_heterogeneous_boundary_08,heterogeneous boundary,R100E,102.59142264341595,Theis confined,1.9042478231340676e-05,0.001,2.674314624682014e-05,0.0014356049167775135,,,,0.33960604533886857,0.3615863051792323,0.33960604533886857,0.02198025984036374,0.004080240033759634,0.02461500987469393,0.02461873889607828,0.0012108256628586998,-203.6779318866999,-201.0135228663495,2,False,ensemble,5.0,1005.0,28,1.1,80.0,1.1241022648149044
strict_heterogeneous_boundary_08,heterogeneous boundary,R100E,102.59142264341595,Hantush-Jacob leaky,1.9042478231340676e-05,0.001,2.6743144433039064e-05,0.0014356047716712359,,,99999.99941116686,0.3396059775165891,0.3615862041024783,0.3396059775165891,0.021980226585889048,0.00408023141684721,0.024615019575222278,0.024618748601014,0.0012108276293474264,-201.67791370564618,-197.68130017512055,3,True,ensemble,5.0,1005.0,28,1.1,80.0,1.1241022648149044
strict_heterogeneous_boundary_08,heterogeneous boundary,R100E,102.59142264341595,Lagging Darcy no-leakage,1.9042478231340676e-05,0.001,1.9820278385989994e-05,0.0012557849577807115,3612.1675999664617,5084.546831110903,,0.04003339441178622,0.22776084142953418,0.04003339441178622,0.18772744701774807,-0.00014266026128653656,0.0006748971840809567,0.000674897260988044,3.2926764617118986e-05,-400.60323946967077,-395.27442142896996,4,False,ensemble,5.0,1005.0,28,1.1,80.0,1.1241022648149044
strict_heterogeneous_boundary_08,heterogeneous boundary,R100E,102.59142264341595,Lagging Darcy with leakage,1.9042478231340676e-05,0.001,1.7891228773738525e-05,0.0011691035671724213,3937.417665484364,5617.536354242852,181.81414091637203,-0.062361599991337634,0.15623727323838502,-0.062361599991337634,0.2185988732297228,-0.00010137390357092863,0.0004201643187729117,0.00042016433735435517,2.4028358868169464e-06,-424.76946262940174,-418.10844007852575,5,False,ensemble,5.0,1005.0,28,1.1,80.0,1.1241022648149044
strict_heterogeneous_boundary_08,heterogeneous boundary,R100N,102.59142264341595,Theis confined,1.9042478231340676e-05,0.001,2.9654969449617545e-05,0.0012122718771387234,,,,0.44295753499454094,0.192496183562467,0.44295753499454094,-0.250461351432074,0.00511328129412308,0.03186514926785655,0.031873239849688366,0.0021537933851223474,-189.26998820437223,-186.60557918402182,2,False,ensemble,5.0,1005.0,28,1.1,80.0,1.1241022648149044
strict_heterogeneous_boundary_08,heterogeneous boundary,R100N,102.59142264341595,Hantush-Jacob leaky,1.9042478231340676e-05,0.001,2.965497141375055e-05,0.0012122718174305818,,,99999.9999932861,0.44295760122738415,0.1924961343093711,0.44295760122738415,-0.2504614669180131,0.005113258861383091,0.03186516653897402,0.03187325713396322,0.0021537988008778204,-187.26996503122265,-183.27335150069703,3,True,ensemble,5.0,1005.0,28,1.1,80.0,1.1241022648149044
strict_heterogeneous_boundary_08,heterogeneous boundary,R100N,102.59142264341595,Lagging Darcy no-leakage,1.9042478231340676e-05,0.001,2.1777598797155264e-05,0.0010744363317018997,3284.84038301358,4769.763796494302,,0.13420968326023974,0.07179618146108718,0.13420968326023974,-0.06241350179915262,1.9882365897968205e-05,0.0010567456431783626,0.001056745938246173,8.000072029531255e-05,-376.7514465199794,-371.4226284792786,4,False,ensemble,5.0,1005.0,28,1.1,80.0,1.1241022648149044
strict_heterogeneous_boundary_08,heterogeneous boundary,R100N,102.59142264341595,Lagging Darcy with leakage,1.9042478231340676e-05,0.001,2.1774826501341717e-05,0.0010743441397671142,3285.0976549448783,4770.255371479473,5519.897535559695,0.13408237481308488,0.07171037284911749,0.13408237481308488,-0.06237200196396724,1.9896407295374497e-05,0.001057704372364916,0.0010577046681775816,8.010428418994208e-05,-374.70066785447267,-368.03964530359667,5,False,ensemble,5.0,1005.0,28,1.1,80.0,1.1241022648149044
strict_heterogeneous_boundary_09,heterogeneous boundary,R20E,18.027756377319946,Theis confined,7.628105362942319e-05,0.001,6.990780529454048e-05,0.0010467961801728092,,,,-0.08724728655996648,0.04573424261561892,-0.08724728655996648,0.13298152917558537,0.026041733766256413,0.08815889284899765,0.0883304630403677,0.007622362178423383,-130.59513927935498,-127.93073025900458,2,False,ensemble,5.0,805.0,28,0.7,50.0,1.0619435190251891
strict_heterogeneous_boundary_09,heterogeneous boundary,R20E,18.027756377319946,Hantush-Jacob leaky,7.628105362942319e-05,0.001,6.734362948382673e-05,0.001028613388192366,,,99999.99999999558,-0.12461628312391856,0.028211670210551838,-0.12461628312391856,0.15282795333447044,0.027528237911311187,0.09475067091878808,0.09496372973415781,0.015485140765378222,-124.6330424301971,-120.63642889967149,3,True,ensemble,5.0,805.0,28,0.7,50.0,1.0619435190251891
strict_heterogeneous_boundary_09,heterogeneous boundary,R20E,18.027756377319946,Lagging Darcy no-leakage,7.628105362942319e-05,0.001,6.412252455007126e-05,0.001105579543285271,0.022406581827264956,26.93378064448606,,-0.17362889405499432,0.10036967104285947,-0.17362889405499432,0.2739985650978538,0.003278431735485741,0.023178985131106004,0.023182098796006828,0.008820927974043874,-203.2558616871969,-197.9270436464961,4,False,ensemble,5.0,805.0,28,0.7,50.0,1.0619435190251891
strict_heterogeneous_boundary_09,heterogeneous boundary,R20E,18.027756377319946,Lagging Darcy with leakage,7.628105362942319e-05,0.001,6.044941290065139e-05,0.0010832880857728588,0.07481439549311326,30.512568550911308,133.22184753802705,-0.23261772842752748,0.08000093982237234,-0.23261772842752748,0.3126186682498997,0.0023343293689893465,0.010930076035319619,0.010930402488092445,0.0023909608799811354,-242.63350319149492,-235.9724806406189,5,False,ensemble,5.0,805.0,28,0.7,50.0,1.0619435190251891
strict_heterogeneous_boundary_09,heterogeneous boundary,R50E,51.478150704935004,Theis confined,7.628105362942319e-05,0.001,7.644500022416295e-05,0.0010814147204256973,,,,0.0021469376517871375,0.07827011025123841,0.0021469376517871375,0.07612317259945109,0.0067288228394678466,0.03383426171049042,0.03384394702442666,0.0023594647689266285,-185.52451345832864,-182.86010443797824,2,False,ensemble,5.0,805.0,28,0.7,50.0,1.0619435190251891
strict_heterogeneous_boundary_09,heterogeneous boundary,R50E,51.478150704935004,Hantush-Jacob leaky,7.628105362942319e-05,0.001,7.634192518601463e-05,0.0010806380415713038,,,99999.9999997961,0.0007976722809565642,0.0775516459274669,0.0007976722809565642,0.07675397364651032,0.006765364513652647,0.034030448838616605,0.034040303638866364,0.002472898482112145,-183.2015434795486,-179.20492994902298,3,True,ensemble,5.0,805.0,28,0.7,50.0,1.0619435190251891
strict_heterogeneous_boundary_09,heterogeneous boundary,R50E,51.478150704935004,Lagging Darcy no-leakage,7.628105362942319e-05,0.001,7.159334260793243e-05,0.0010950249226039598,146.64018737260602,244.0876847876002,,-0.06342250398561149,0.09077712337836402,-0.06342250398561149,0.1541996273639754,-0.00010797960493628118,0.004951025567816625,0.00495105590867356,0.000981701655014639,-290.2614759492986,-284.9326579085978,4,False,ensemble,5.0,805.0,28,0.7,50.0,1.0619435190251891
strict_heterogeneous_boundary_09,heterogeneous boundary,R50E,51.478150704935004,Lagging Darcy with leakage,7.628105362942319e-05,0.001,6.858912026766443e-05,0.001076654323389873,235.58588830009282,358.16441426488655,281.6137158107925,-0.10629066782035324,0.07385838415696827,-0.10629066782035324,0.18014905197732153,6.158938769777769e-05,0.0012295985621695298,0.0012295990269480552,0.00023705144377203494,-366.20531929902324,-359.54429674814725,5,False,ensemble,5.0,805.0,28,0.7,50.0,1.0619435190251891
strict_heterogeneous_boundary_09,heterogeneous boundary,R100E,98.6154146165801,Theis confined,7.628105362942319e-05,0.001,7.731942259009773e-05,0.0010896993845364617,,,,0.013520593224205563,0.08590186419964596,0.013520593224205563,0.07238127097544053,0.004661048164882668,0.02451707327212705,0.02452075795631271,0.0012913992781940628,-203.65757522651006,-200.99316620615966,2,False,ensemble,5.0,805.0,28,0.7,50.0,1.0619435190251891
strict_heterogeneous_boundary_09,heterogeneous boundary,R100E,98.6154146165801,Hantush-Jacob leaky,7.628105362942319e-05,0.001,7.731833415528347e-05,0.001089690552453369,,,99999.99999970318,0.013506516004809977,0.08589375910294637,0.013506516004809977,0.07238724309813642,0.004661350806795836,0.024519111931019973,0.024522797534531005,0.001291877157955623,-201.65295573733826,-197.65634220681264,3,True,ensemble,5.0,805.0,28,0.7,50.0,1.0619435190251891
strict_heterogeneous_boundary_09,heterogeneous boundary,R100E,98.6154146165801,Lagging Darcy no-leakage,7.628105362942319e-05,0.001,7.035598679975375e-05,0.0010790781692431894,712.8349621620029,1034.1252228133628,,-0.08085671314383276,0.0761071296604289,-0.08085671314383276,0.15696384280426148,-7.520838591022464e-05,0.0009748582666872885,0.0009748584982673345,8.835624583296768e-05,-381.10623611401394,-375.77741807331313,4,False,ensemble,5.0,805.0,28,0.7,50.0,1.0619435190251891
strict_heterogeneous_boundary_09,heterogeneous boundary,R100E,98.6154146165801,Lagging Darcy with leakage,7.628105362942319e-05,0.001,6.863692252918503e-05,0.0010652115292609382,836.1378509497538,1190.9616069772292,521.6256055970807,-0.10559397406631273,0.06317339846359646,-0.10559397406631273,0.16876737252990923,-3.135192174649652e-05,0.00026471554748046694,0.0002647155519703377,2.5973179377981788e-05,-451.8777852262264,-445.2167626753504,5,False,ensemble,5.0,805.0,28,0.7,50.0,1.0619435190251891
strict_heterogeneous_boundary_09,heterogeneous boundary,R100N,98.6154146165801,Theis confined,7.628105362942319e-05,0.001,9.460503116610394e-05,0.0012040546307238993,,,,0.2152860649245412,0.18569472021264244,0.2152860649245412,-0.02959134471189874,0.005315111715699457,0.029339081975952086,0.02934539674476455,0.0016698656137815848,-193.69592055504188,-191.03151153469148,2,False,ensemble,5.0,805.0,28,0.7,50.0,1.0619435190251891
strict_heterogeneous_boundary_09,heterogeneous boundary,R100N,98.6154146165801,Hantush-Jacob leaky,7.628105362942319e-05,0.001,9.460270723268715e-05,0.0012040385289000324,,,99999.99999981493,0.2152615000369042,0.1856813471221515,0.2152615000369042,-0.029580152914752703,0.005315699671432923,0.029343465741423352,0.029349783341603444,0.001670627130589665,-191.68762531394827,-187.69101178342265,3,True,ensemble,5.0,805.0,28,0.7,50.0,1.0619435190251891
strict_heterogeneous_boundary_09,heterogeneous boundary,R100N,98.6154146165801,Lagging Darcy no-leakage,7.628105362942319e-05,0.001,8.384335519544694e-05,0.0011954750038897619,1173.5108433534176,1634.0182383986985,,0.09452564550852216,0.17854359919892132,0.09452564550852216,0.08401795369039894,0.00014785671103705722,0.0022315419341409713,0.0022315447122827447,0.0001916737616163251,-334.7746075539838,-329.445789513283,4,False,ensemble,5.0,805.0,28,0.7,50.0,1.0619435190251891
strict_heterogeneous_boundary_09,heterogeneous boundary,R100N,98.6154146165801,Lagging Darcy with leakage,7.628105362942319e-05,0.001,8.384261686094504e-05,0.0011954685577418968,1173.4782765079299,1633.9885004122068,25843.27533999552,0.09451683935147945,0.17853820706171783,0.09451683935147945,0.0840213677102384,0.000147816267073095,0.002231922586946316,0.0022319253664951693,0.00019173047235891775,-332.7651686487056,-326.1041460978296,5,False,ensemble,5.0,805.0,28,0.7,50.0,1.0619435190251891
strict_combined_00,heterogeneous leakage boundary,R20E,20.0,Theis confined,5.0282693028815674e-05,0.001,9.180650628119402e-05,0.0012154404297545832,,,,0.6020222267133005,0.19510650473274202,0.6020222267133005,-0.4069157219805586,0.024301423745684645,0.11383762113286965,0.11420742431604258,0.023844324488311607,-117.41235825871894,-114.74794923836853,2,False,ensemble,5.0,405.0,28,0.3,10.0,1.3198270069750098
strict_combined_00,heterogeneous leakage boundary,R20E,20.0,Hantush-Jacob leaky,5.0282693028815674e-05,0.001,8.504849467341008e-05,0.0011679850642271658,,,138.41767918560814,0.5255606764475348,0.15528009684753308,0.5255606764475348,-0.37028057960000177,0.026642977640287883,0.10058353822021812,0.10083847736797243,0.01196202089715221,-121.67059605603112,-117.67398252550551,3,False,ensemble,5.0,405.0,28,0.3,10.0,1.3198270069750098
strict_combined_00,heterogeneous leakage boundary,R20E,20.0,Lagging Darcy no-leakage,5.0282693028815674e-05,0.001,8.55038578157557e-05,0.0012736057423407342,0.058684696863083835,26.918233092983296,,0.5309005526524473,0.24185204484525283,0.5309005526524473,-0.28904850780719454,0.004805937791001282,0.0898352478992385,0.09001680397273032,0.02860459207078831,-127.88287487834785,-122.55405683764704,4,False,ensemble,5.0,405.0,28,0.3,10.0,1.3198270069750098
strict_combined_00,heterogeneous leakage boundary,R20E,20.0,Lagging Darcy with leakage,5.0282693028815674e-05,0.001,6.18781048702039e-05,0.0011362769237136638,4.604455639701382,55.16131776948951,54.284257495920706,0.20750545642588666,0.12775706146637178,0.20750545642588666,-0.07974839495951505,0.0006533662414892954,0.009015066908756936,0.009015250078703433,0.0011193315783362052,-254.56223561608113,-247.9012130652051,5,False,ensemble,5.0,405.0,28,0.3,10.0,1.3198270069750098
strict_combined_00,heterogeneous leakage boundary,R50E,50.0,Theis confined,5.0282693028815674e-05,0.001,0.00015125096113031768,0.002015147294458958,,,,1.1012795085468987,0.7006922917141216,1.1012795085468987,-0.4005872168327772,-0.0011637909310197353,0.09161384681985647,0.09180641434527127,0.00947939397583612,-130.86328841325806,-128.19887939290766,2,False,ensemble,5.0,405.0,28,0.3,10.0,1.3198270069750098
strict_combined_00,heterogeneous leakage boundary,R50E,50.0,Hantush-Jacob leaky,5.0282693028815674e-05,0.001,9.60875426443862e-05,0.0015197376776375701,,,68.82851043491435,0.6475987355585212,0.4185377394628581,0.6475987355585212,-0.22906099609566313,0.005443737435900776,0.028580652154711127,0.028586489700788708,0.001249114221318407,-193.0656208410615,-189.06900731053588,3,False,ensemble,5.0,405.0,28,0.3,10.0,1.3198270069750098
strict_combined_00,heterogeneous leakage boundary,R50E,50.0,Lagging Darcy no-leakage,5.0282693028815674e-05,0.001,0.00036528592411942716,0.00041566584308740866,50250.203481492,4725.264029128841,,1.9830194577484608,-0.8778736033176214,1.9830194577484608,-2.8608930610660823,0.0017093916422795678,0.02058907263072083,0.020591254801424565,0.0021556894040730616,-210.26656185720606,-204.93774381650525,4,False,ensemble,5.0,405.0,28,0.3,10.0,1.3198270069750098
strict_combined_00,heterogeneous leakage boundary,R50E,50.0,Lagging Darcy with leakage,5.0282693028815674e-05,0.001,7.198398751439161e-05,0.0013530175421215943,266.5791723326402,428.2364586291191,52.72978732386728,0.3587827557245547,0.30233731445685164,0.3587827557245547,-0.05644544126770318,0.0001392417280450473,0.0010144015946340012,0.0010144018555441748,4.266066848467043e-05,-376.5100232991975,-369.8490007483215,5,False,ensemble,5.0,405.0,28,0.3,10.0,1.3198270069750098
strict_combined_00,heterogeneous leakage boundary,R100E,100.0,Theis confined,5.0282693028815674e-05,0.001,0.0004358093249644182,0.0048473264041156644,,,,2.1595438767054915,1.5784272960680854,2.1595438767054915,-0.5811165806374063,-0.004911186799360088,0.06918796215222113,0.0692708450329243,0.0013984952146672,-146.444358058256,-143.7799490379056,2,False,ensemble,5.0,405.0,28,0.3,10.0,1.3198270069750098
strict_combined_00,heterogeneous leakage boundary,R100E,100.0,Hantush-Jacob leaky,5.0282693028815674e-05,0.001,0.00016376264668647083,0.0025177370340259985,,,68.3659036771571,1.1807571602817788,0.9233604957070193,1.1807571602817788,-0.2573966645747596,0.0018863767040478688,0.009931897664763021,0.009932142596823079,0.00010517309594641064,-252.26214232350048,-248.26552879297486,3,False,ensemble,5.0,405.0,28,0.3,10.0,1.3198270069750098
strict_combined_00,heterogeneous leakage boundary,R100E,100.0,Lagging Darcy no-leakage,5.0282693028815674e-05,0.001,0.0012978108616682328,0.001527008646420558,77479.12398990816,8190.689903550057,,3.2507732285203996,0.4233106885783935,3.2507732285203996,-2.8274625399420064,0.0004083113333929112,0.011310395406248532,0.011310757136593309,0.0002498975938915454,-243.97432671320496,-238.64550867250415,4,False,ensemble,5.0,405.0,28,0.3,10.0,1.3198270069750098
strict_combined_00,heterogeneous leakage boundary,R100E,100.0,Lagging Darcy with leakage,5.0282693028815674e-05,0.001,0.00011001182382364553,0.0019915814252603995,972.0882978333008,1414.4413041427279,55.45344450219973,0.7829269063972486,0.6889290092011245,0.7829269063972486,-0.09399789719612396,-1.871551595489942e-05,0.00020765168727503158,0.00020765168959390026,4.2402609142359675e-06,-465.6437192507693,-458.9826966998933,5,False,ensemble,5.0,405.0,28,0.3,10.0,1.3198270069750098
strict_combined_00,heterogeneous leakage boundary,R100N,100.0,Theis confined,5.0282693028815674e-05,0.001,0.00032267673639441104,0.0031234208873263092,,,,1.8589900630309568,1.1389288394175996,1.8589900630309568,-0.7200612236133573,-0.004691680811668847,0.07614408658788553,0.0762545893863257,0.002225847624542361,-141.1154310958142,-138.45102207546378,2,False,ensemble,5.0,405.0,28,0.3,10.0,1.3198270069750098
strict_combined_00,heterogeneous leakage boundary,R100N,100.0,Hantush-Jacob leaky,5.0282693028815674e-05,0.001,0.0001328965125117158,0.001725926904094615,,,74.14624471121998,0.9719097810035783,0.5457642418772094,0.9719097810035783,-0.4261455391263692,0.00239159412436915,0.012792639015446295,0.012793162417294312,0.00018707990516309082,-238.11897092433125,-234.12235739380563,3,False,ensemble,5.0,405.0,28,0.3,10.0,1.3198270069750098
strict_combined_00,heterogeneous leakage boundary,R100N,100.0,Lagging Darcy no-leakage,5.0282693028815674e-05,0.001,0.0009409147531741627,0.0009379528663643077,72474.04287060822,7612.67802614065,,2.9291916008188226,-0.06405558031700291,2.9291916008188226,-2.9932471811358257,0.000541649771342974,0.01315120203164566,0.013151770690764975,0.00041410378014900787,-235.51863983557604,-230.18982179487523,4,False,ensemble,5.0,405.0,28,0.3,10.0,1.3198270069750098
strict_combined_00,heterogeneous leakage boundary,R100N,100.0,Lagging Darcy with leakage,5.0282693028815674e-05,0.001,8.882362452616532e-05,0.0013700574301953757,833.1621417612206,1233.864905923605,59.14713646515993,0.5689917136520837,0.3148526588120603,0.5689917136520837,-0.25413905484002347,-1.4477018424667833e-05,0.00032712066992867625,0.00032712067881769685,9.527779765583519e-06,-440.3716405300739,-433.7106179791979,5,False,ensemble,5.0,405.0,28,0.3,10.0,1.3198270069750098
strict_combined_01,heterogeneous leakage boundary,R20E,20.615528128088304,Theis confined,5.7736399115897264e-05,0.001,7.901492417846986e-05,0.0010198204053788967,,,,0.3137489397569108,0.019626538635536983,0.3137489397569108,-0.29412240112137383,0.02452954934281309,0.09064975252622723,0.09083629754172542,0.01150548187922112,-129.41109698665886,-126.74668796630846,2,False,ensemble,5.0,605.0,28,0.3,30.0,1.12812985086513
strict_combined_01,heterogeneous leakage boundary,R20E,20.615528128088304,Hantush-Jacob leaky,5.7736399115897264e-05,0.001,7.645617613731369e-05,0.0010040699159249429,,,99999.99999979396,0.28082990721512513,0.004061656220409098,0.28082990721512513,-0.276768250994716,0.02577778732739545,0.09120895005794499,0.09139897270259062,0.008460731403983228,-126.88772321862743,-122.89110968810182,3,True,ensemble,5.0,605.0,28,0.3,30.0,1.12812985086513
strict_combined_01,heterogeneous leakage boundary,R20E,20.615528128088304,Lagging Darcy no-leakage,5.7736399115897264e-05,0.001,7.246052520533797e-05,0.0010758654807321018,0.06995300675524127,31.057778585374162,,0.22715412513154284,0.07312543601723413,0.22715412513154284,-0.15402868911430895,0.002437473734228531,0.038024692849559935,0.03803844175045184,0.015456917934546106,-175.9923240034589,-170.66350596275808,4,False,ensemble,5.0,605.0,28,0.3,30.0,1.12812985086513
strict_combined_01,heterogeneous leakage boundary,R20E,20.615528128088304,Lagging Darcy with leakage,5.7736399115897264e-05,0.001,6.444245664546431e-05,0.0010337791194583907,1.836640289971178,41.472814130206665,102.11417087929044,0.10988487205224472,0.03322113572168313,0.10988487205224472,-0.07666373633056177,0.0007762619486912276,0.008989221738849737,0.008989403337911173,0.0013436515966840454,-254.65941791859854,-247.9983953677225,5,False,ensemble,5.0,605.0,28,0.3,30.0,1.12812985086513
strict_combined_01,heterogeneous leakage boundary,R50E,52.20153254455275,Theis confined,5.7736399115897264e-05,0.001,0.00010354842213391492,0.0011688725116097086,,,,0.5841515414840774,0.1560396188949023,0.5841515414840774,-0.4281119225891751,0.005444804733426174,0.03674616541657387,0.036758573315986066,0.004454413906766052,-181.39632325562292,-178.7319142352725,2,False,ensemble,5.0,605.0,28,0.3,30.0,1.12812985086513
strict_combined_01,heterogeneous leakage boundary,R50E,52.20153254455275,Hantush-Jacob leaky,5.7736399115897264e-05,0.001,9.88665596254178e-05,0.001136358817029165,,,257.00896703453736,0.53788324983255,0.12782913048655695,0.53788324983255,-0.4100541193459931,0.006254401080432246,0.03435592830966618,0.034366068634606395,0.0027859486193432836,-182.84705819653752,-178.8504446660119,3,False,ensemble,5.0,605.0,28,0.3,30.0,1.12812985086513
strict_combined_01,heterogeneous leakage boundary,R50E,52.20153254455275,Lagging Darcy no-leakage,5.7736399115897264e-05,0.001,9.982374013781761e-05,0.0011800269375154102,0.8208453551473159,50.20502322814708,,0.5475182236418892,0.16553726661989937,0.5475182236418892,-0.38198095702199,0.00021391171808214003,0.029909002328485604,0.029915692337895435,0.0053495802784714165,-189.55417147463686,-184.22535343393605,4,False,ensemble,5.0,605.0,28,0.3,30.0,1.12812985086513
strict_combined_01,heterogeneous leakage boundary,R50E,52.20153254455275,Lagging Darcy with leakage,5.7736399115897264e-05,0.001,7.823587790886069e-05,0.0010674738285051263,303.4198397042405,460.5060765367134,117.2765999067648,0.303840530605008,0.06529494919727263,0.303840530605008,-0.23854558140773546,0.000312328359632867,0.0030336883143640895,0.003033695294327951,0.0003090554919526429,-315.39886187007033,-308.73783931919434,5,False,ensemble,5.0,605.0,28,0.3,30.0,1.12812985086513
strict_combined_01,heterogeneous leakage boundary,R100E,99.62429422585637,Theis confined,5.7736399115897264e-05,0.001,0.00013664625784807436,0.0012451350926752883,,,,0.861507718540329,0.21924403220300723,0.861507718540329,-0.642263686337322,0.003086318026988884,0.024231186791108247,0.024234744064065214,0.0015474269263388704,-204.87757086260567,-202.21316184225526,2,False,ensemble,5.0,605.0,28,0.3,30.0,1.12812985086513
strict_combined_01,heterogeneous leakage boundary,R100E,99.62429422585637,Hantush-Jacob leaky,5.7736399115897264e-05,0.001,0.00012714573270716702,0.001187134855083691,,,297.0962371349895,0.7894461216933681,0.1715427191859364,0.7894461216933681,-0.6179034025074317,0.0038963339400993266,0.022315268529570623,0.022318046908116108,0.0009640272872609761,-207.08587314069408,-203.08925961016845,3,False,ensemble,5.0,605.0,28,0.3,30.0,1.12812985086513
strict_combined_01,heterogeneous leakage boundary,R100E,99.62429422585637,Lagging Darcy no-leakage,5.7736399115897264e-05,0.001,0.0001324960242007191,0.001246314289716577,0.06564791622618753,92.47380797040509,,0.8306648304240871,0.2201906274962317,0.8306648304240871,-0.6104742029278555,0.00041934241007171135,0.022097634985413433,0.022100332858883742,0.0018103594792726757,-206.49578186490174,-201.16696382420093,4,False,ensemble,5.0,605.0,28,0.3,30.0,1.12812985086513
strict_combined_01,heterogeneous leakage boundary,R100E,99.62429422585637,Lagging Darcy with leakage,5.7736399115897264e-05,0.001,8.821037386899419e-05,0.0010096023937869855,965.2228410209221,1418.9723022144706,131.12690337548827,0.4238367651389438,0.009556583827144974,0.4238367651389438,-0.414280181311799,0.0001688152758617224,0.0018079286929801228,0.0018079301703315756,8.863498905212723e-05,-344.4383748116593,-337.7773522607833,5,False,ensemble,5.0,605.0,28,0.3,30.0,1.12812985086513
strict_combined_01,heterogeneous leakage boundary,R100N,99.62429422585637,Theis confined,5.7736399115897264e-05,0.001,0.00012514076040150276,0.0016468503521869429,,,,0.773551378438512,0.4988645862215917,0.773551378438512,-0.27468679221692044,0.0010508534529300524,0.026373013401982264,0.02637759991053429,0.0017837788980906008,-200.5554148627342,-197.8910058423838,2,False,ensemble,5.0,605.0,28,0.3,30.0,1.12812985086513
strict_combined_01,heterogeneous leakage boundary,R100N,99.62429422585637,Hantush-Jacob leaky,5.7736399115897264e-05,0.001,0.0001014514888200287,0.001423206028598707,,,154.53942497083557,0.563692933051337,0.3529120933067695,0.563692933051337,-0.2107808397445677,0.002925772668115254,0.01637396244135255,0.016375059994695542,0.000567202326997248,-224.38173362535784,-220.38512009483222,3,False,ensemble,5.0,605.0,28,0.3,30.0,1.12812985086513
strict_combined_01,heterogeneous leakage boundary,R100N,99.62429422585637,Lagging Darcy no-leakage,5.7736399115897264e-05,0.001,0.00012500937365068074,0.0016473252436567944,6.684668141973609,13.627831941301778,,0.7725009151765062,0.4991529081153854,0.7725009151765062,-0.2733480070611207,0.0010608021990880507,0.026883276360447003,0.026888134298698366,0.0017886177832052638,-195.48316759835973,-190.15434955765892,4,False,ensemble,5.0,605.0,28,0.3,30.0,1.12812985086513
strict_combined_01,heterogeneous leakage boundary,R100N,99.62429422585637,Lagging Darcy with leakage,5.7736399115897264e-05,0.001,7.062149587329291e-05,0.0011758981968557878,993.5447285925852,1434.8602179840527,97.17663887569067,0.20144676376262705,0.16203227842977005,0.20144676376262705,-0.039414485332857144,6.05922602055273e-06,0.00030438939786652577,0.0003043894048564794,8.513970227557939e-06,-444.45014499855273,-437.78912244767673,5,False,ensemble,5.0,605.0,28,0.3,30.0,1.12812985086513
strict_combined_02,heterogeneous leakage boundary,R20E,18.027756377319946,Theis confined,4.281181037057563e-05,0.001,5.078640436891742e-05,0.0010365453317456475,,,,0.1708146804717057,0.03589338734075488,0.1708146804717057,-0.13492129313095086,0.02394980434630348,0.08921037880109155,0.08938816845733287,0.012735171994824572,-130.33846604617082,-127.67405702582042,2,False,ensemble,5.0,1005.0,28,0.3,80.0,1.1672515347462076
strict_combined_02,heterogeneous leakage boundary,R20E,18.027756377319946,Hantush-Jacob leaky,4.281181037057563e-05,0.001,4.94568250890724e-05,0.0010228681266113934,,,99999.99999999895,0.14428606078613437,0.022610570166813778,0.14428606078613437,-0.12167549061932055,0.024956580785245687,0.0939425497724059,0.09415019686236273,0.018765377380247694,-125.48457613778777,-121.48796260726216,3,True,ensemble,5.0,1005.0,28,0.3,80.0,1.1672515347462076
strict_combined_02,heterogeneous leakage boundary,R20E,18.027756377319946,Lagging Darcy no-leakage,4.281181037057563e-05,0.001,4.624225851595744e-05,0.001088048185527985,0.35004373364256214,32.288172113263435,,0.07708005874933829,0.08438543562216262,0.07708005874933829,0.007305376872824275,0.001812409453365462,0.017157497560999147,0.017158760343284656,0.010346239550822091,-220.35406681498137,-215.02524877428056,4,False,ensemble,5.0,1005.0,28,0.3,80.0,1.1672515347462076
strict_combined_02,heterogeneous leakage boundary,R20E,18.027756377319946,Lagging Darcy with leakage,4.281181037057563e-05,0.001,4.404471194533993e-05,0.0010677473210640278,0.13286445091659704,35.30964574961793,133.94380571442446,0.028391290772031383,0.0655511217819742,0.028391290772031383,0.03715983100994284,0.0009931136619306836,0.00650427102801642,0.006504339820291513,0.0010341520253305619,-272.3259925165169,-265.6649699656409,5,False,ensemble,5.0,1005.0,28,0.3,80.0,1.1672515347462076
strict_combined_02,heterogeneous leakage boundary,R50E,47.16990566028302,Theis confined,4.281181037057563e-05,0.001,5.942337072742521e-05,0.0010990787702212408,,,,0.3278735878182691,0.09447234730362217,0.3278735878182691,-0.23340124051464695,0.007343333421808069,0.038759132620467776,0.03877369385138268,0.003137902398789359,-178.01670693069994,-175.35229791034953,2,False,ensemble,5.0,1005.0,28,0.3,80.0,1.1672515347462076
strict_combined_02,heterogeneous leakage boundary,R50E,47.16990566028302,Hantush-Jacob leaky,4.281181037057563e-05,0.001,5.9363937855724214e-05,0.001098461875514177,,,99999.99999964511,0.3268729274384832,0.0939109062904919,0.3268729274384832,-0.23296202114799133,0.007368760548900196,0.03880806150531419,0.038822677963001415,0.003120733752045498,-175.9416371453333,-171.94502361480767,3,True,ensemble,5.0,1005.0,28,0.3,80.0,1.1672515347462076
strict_combined_02,heterogeneous leakage boundary,R50E,47.16990566028302,Lagging Darcy no-leakage,4.281181037057563e-05,0.001,5.524054224222154e-05,0.001110805393858509,140.5487841996275,244.9835201014864,,0.2548831368482709,0.10508533227100902,0.2548831368482709,-0.14979780457726172,-0.000170739280901594,0.010996466357449608,0.010996798795250019,0.003198969791356495,-245.58144736162657,-240.25262932092576,4,False,ensemble,5.0,1005.0,28,0.3,80.0,1.1672515347462076
strict_combined_02,heterogeneous leakage boundary,R50E,47.16990566028302,Lagging Darcy with leakage,4.281181037057563e-05,0.001,4.975400274487568e-05,0.0010638372247482712,335.1798296543962,504.18758471735975,157.85735100542857,0.15027690979136027,0.061882394957023676,0.15027690979136027,-0.08839451483433675,0.0002260293485728105,0.0023150840540745654,0.002315087156046489,0.00035696743773154825,-330.56818429083,-323.907161739954,5,False,ensemble,5.0,1005.0,28,0.3,80.0,1.1672515347462076
strict_combined_02,heterogeneous leakage boundary,R100E,101.24228365658294,Theis confined,4.281181037057563e-05,0.001,7.780833141661908e-05,0.001231881507930926,,,,0.5974345053079215,0.20854268185837213,0.5974345053079215,-0.3888918234495494,0.0043906179086016335,0.022610874526613388,0.022613764796161125,0.0007672920141721289,-208.1464342720441,-205.4820252516937,2,False,ensemble,5.0,1005.0,28,0.3,80.0,1.1672515347462076
strict_combined_02,heterogeneous leakage boundary,R100E,101.24228365658294,Hantush-Jacob leaky,4.281181037057563e-05,0.001,7.780787581643707e-05,0.0012318771375102492,,,99999.99994364972,0.5974286498743505,0.20853913409147945,0.5974286498743505,-0.388889515782871,0.004390718542556074,0.022611286160355314,0.022614176587767147,0.0007673620252176228,-206.1454048581652,-202.14879132763957,3,True,ensemble,5.0,1005.0,28,0.3,80.0,1.1672515347462076
strict_combined_02,heterogeneous leakage boundary,R100E,101.24228365658294,Lagging Darcy no-leakage,4.281181037057563e-05,0.001,7.121062407342254e-05,0.0012158929710840182,471.59502621320917,782.8769841827058,,0.5088280140407466,0.19547876246959128,0.5088280140407466,-0.3133492515711554,-0.00019810962151077218,0.0053979998465976545,0.00539803916910268,0.0005465344744063841,-285.3959108337807,-280.0670927930799,4,False,ensemble,5.0,1005.0,28,0.3,80.0,1.1672515347462076
strict_combined_02,heterogeneous leakage boundary,R100E,101.24228365658294,Lagging Darcy with leakage,4.281181037057563e-05,0.001,5.9810924325002956e-05,0.001104128875053289,1272.6758597284993,1829.9419131582265,187.79131933694757,0.33437431753239,0.0990566756916628,0.33437431753239,-0.2353176418407273,4.2516574649174414e-05,0.0008417796616331034,0.0008417798107902455,5.487395830279205e-05,-387.42388349360647,-380.76286094273047,5,False,ensemble,5.0,1005.0,28,0.3,80.0,1.1672515347462076
strict_combined_02,heterogeneous leakage boundary,R100N,101.24228365658294,Theis confined,4.281181037057563e-05,0.001,7.881541759133958e-05,0.0012555182624464924,,,,0.610294624678211,0.22754844546470326,0.610294624678211,-0.38274617921350773,0.004055271624811453,0.020623838146389382,0.020626031390484505,0.0006100585965825555,-213.27077427255992,-210.6063652522095,2,False,ensemble,5.0,1005.0,28,0.3,80.0,1.1672515347462076
strict_combined_02,heterogeneous leakage boundary,R100N,101.24228365658294,Hantush-Jacob leaky,4.281181037057563e-05,0.001,7.881497927318067e-05,0.0012555139984954133,,,99999.99999816877,0.6102890633376621,0.22754504929083053,0.6102890633376621,-0.38274401404683167,0.00405536431088111,0.02062406961476327,0.02062626293271254,0.0006100673955797124,-211.27012065732646,-207.27350712680084,3,True,ensemble,5.0,1005.0,28,0.3,80.0,1.1672515347462076
strict_combined_02,heterogeneous leakage boundary,R100N,101.24228365658294,Lagging Darcy no-leakage,4.281181037057563e-05,0.001,7.298524475061212e-05,0.0012411564582350874,280.70804380584576,545.0710501856591,,0.5334432862539256,0.21604357259896748,0.5334432862539256,-0.3173997136549582,-0.0002388963598633002,0.006525812963038115,0.006525882441109892,0.0006339831567170028,-274.7708329127696,-269.4420148720688,4,False,ensemble,5.0,1005.0,28,0.3,80.0,1.1672515347462076
strict_combined_02,heterogeneous leakage boundary,R100N,101.24228365658294,Lagging Darcy with leakage,4.281181037057563e-05,0.001,5.943357373036761e-05,0.0011062186599267178,1237.0523155930136,1774.338755729395,171.15063025796712,0.32804527325093774,0.10094758692895335,0.32804527325093774,-0.22709768632198446,2.454440638737641e-05,0.0006450969311947058,0.0006450969983181269,3.8983875210532414e-05,-402.3584493155466,-395.6974267646706,5,False,ensemble,5.0,1005.0,28,0.3,80.0,1.1672515347462076
strict_combined_03,heterogeneous leakage boundary,R20E,21.213203435596427,Theis confined,4.834796253551937e-05,0.001,7.859026169757108e-05,0.001706261541583565,,,,0.48582371367696453,0.534304744226315,0.48582371367696453,0.0484810305493504,0.00400878586978763,0.11662124856231379,0.11701890167245299,0.032739517985217535,-117.31813696076055,-114.65372794041015,2,False,ensemble,5.0,405.0,28,0.7,10.0,1.2681151772030002
strict_combined_03,heterogeneous leakage boundary,R20E,21.213203435596427,Hantush-Jacob leaky,4.834796253551937e-05,0.001,5.709930896257626e-05,0.0014099309555506963,,,46.24727197776818,0.1663679332522783,0.34354073549657854,0.1663679332522783,0.17717280224430043,0.010624529837786157,0.04583252874908307,0.04585660847534496,0.003494327333149567,-166.1344905366634,-162.13787700613778,3,False,ensemble,5.0,405.0,28,0.7,10.0,1.2681151772030002
strict_combined_03,heterogeneous leakage boundary,R20E,21.213203435596427,Lagging Darcy no-leakage,4.834796253551937e-05,0.001,0.00017538369630065725,0.00020338487305084275,31631.51958811936,1891.922827804818,,1.288552042977365,-1.5926551685814638,1.288552042977365,-2.881207211558829,0.005411398018933329,0.03141405612194041,0.03142180790028936,0.007674515460243588,-185.95764178689106,-180.62882374619025,4,False,ensemble,5.0,405.0,28,0.7,10.0,1.2681151772030002
strict_combined_03,heterogeneous leakage boundary,R20E,21.213203435596427,Lagging Darcy with leakage,4.834796253551937e-05,0.001,4.796234916855234e-05,0.0013519920983147585,2.86416573640827,36.200833599652015,37.34808042455829,-0.008007770315423168,0.3015791331619468,-0.008007770315423168,0.30958690347736995,0.00016724048555990847,0.006210489300444621,0.006210549185850005,0.0013468844124393156,-275.5621188329238,-268.9010962820478,5,False,ensemble,5.0,405.0,28,0.7,10.0,1.2681151772030002
strict_combined_03,heterogeneous leakage boundary,R50E,53.150729063673246,Theis confined,4.834796253551937e-05,0.001,0.00016567834320182904,0.0026044570383329264,,,,1.2316241359435036,0.9572242228982877,1.2316241359435036,-0.2743999130452159,-0.002956213904384724,0.09318836171062256,0.09339104179156874,0.007710076545936808,-129.88450450715607,-127.22009548680566,2,False,ensemble,5.0,405.0,28,0.7,10.0,1.2681151772030002
strict_combined_03,heterogeneous leakage boundary,R50E,53.150729063673246,Hantush-Jacob leaky,4.834796253551937e-05,0.001,9.428612520927139e-05,0.0018165754713685349,,,60.2571396045182,0.6679099631309472,0.5969531195003407,0.6679099631309472,-0.07095684363060674,0.004160522505022857,0.022254125874973614,0.022256881476642905,0.0007789153250078721,-207.11410606668687,-203.11749253616125,3,False,ensemble,5.0,405.0,28,0.7,10.0,1.2681151772030002
strict_combined_03,heterogeneous leakage boundary,R50E,53.150729063673246,Lagging Darcy no-leakage,4.834796253551937e-05,0.001,0.0004230507100237496,0.0005928883218155842,53596.03381112478,5143.054649804996,,2.1690679726089943,-0.5227492251813267,2.1690679726089943,-2.691817197790321,0.0010169769151463087,0.018547682706386046,0.01854927799809925,0.001611645452255302,-216.22611714702077,-210.89729910631996,4,False,ensemble,5.0,405.0,28,0.7,10.0,1.2681151772030002
strict_combined_03,heterogeneous leakage boundary,R50E,53.150729063673246,Lagging Darcy with leakage,4.834796253551937e-05,0.001,7.070283873117878e-05,0.0015922784964384003,341.3605741169328,522.3979627993629,47.86106972224186,0.3800616427763081,0.4651660070716012,0.3800616427763081,0.08510436429529307,2.5438309511583077e-05,0.0006968637908876894,0.0006968638755351438,5.083696146395098e-05,-398.03918063748944,-391.37815808661344,5,False,ensemble,5.0,405.0,28,0.7,10.0,1.2681151772030002
strict_combined_03,heterogeneous leakage boundary,R100E,99.24716620639605,Theis confined,4.834796253551937e-05,0.001,0.0003237160377539249,0.0031395362268686684,,,,1.9014426237156314,1.1440750905622032,1.9014426237156314,-0.7573675331534283,-0.00490807610336564,0.07722548489430894,0.0773407669410466,0.0022533542930561266,-140.31869363067503,-137.65428461032462,2,False,ensemble,5.0,405.0,28,0.7,10.0,1.2681151772030002
strict_combined_03,heterogeneous leakage boundary,R100E,99.24716620639605,Hantush-Jacob leaky,4.834796253551937e-05,0.001,0.0001319825327085408,0.0017236025203159625,,,73.22958908252063,1.0042455047597887,0.5444165889979538,1.0042455047597887,-0.4598289157618348,0.002251751759613623,0.011879641017232918,0.0118800601607292,0.00016831041706772583,-242.23804776706504,-238.24143423653942,3,False,ensemble,5.0,405.0,28,0.7,10.0,1.2681151772030002
strict_combined_03,heterogeneous leakage boundary,R100E,99.24716620639605,Lagging Darcy no-leakage,4.834796253551937e-05,0.001,0.0009450744046262055,0.0009361050847648899,71703.37883961343,7436.248211624755,,2.9728395783436223,-0.06602753875839593,2.9728395783436223,-3.0388671171020185,0.0004559279203715412,0.012813369536068691,0.012813895486620002,0.0004073094846940086,-236.98845941248834,-231.65964137178753,4,False,ensemble,5.0,405.0,28,0.7,10.0,1.2681151772030002
strict_combined_03,heterogeneous leakage boundary,R100E,99.24716620639605,Lagging Darcy with leakage,4.834796253551937e-05,0.001,9.197757030463132e-05,0.0014021226090887846,742.2927115192581,1094.1514689626251,59.73414071936616,0.6431206651832556,0.3379872377763296,0.6431206651832556,-0.30513342740692617,-3.76389806570738e-05,0.0004474339043319789,0.0004474339268344858,1.2449633909402284e-05,-422.68454095363245,-416.02351840275645,5,False,ensemble,5.0,405.0,28,0.7,10.0,1.2681151772030002
strict_combined_03,heterogeneous leakage boundary,R100N,99.24716620639605,Theis confined,4.834796253551937e-05,0.001,0.0003210533787754324,0.0028444244562264805,,,,1.8931833172207035,1.0453607470167292,1.8931833172207035,-0.8478225702039743,-0.0045157963879093954,0.07640201255389321,0.07651364300779036,0.002386284351781877,-140.93482632820036,-138.27041730784995,2,False,ensemble,5.0,405.0,28,0.7,10.0,1.2681151772030002
strict_combined_03,heterogeneous leakage boundary,R100N,99.24716620639605,Hantush-Jacob leaky,4.834796253551937e-05,0.001,0.0001410807808700523,0.0016536892881176422,,,78.9011136324528,1.0709085591927519,0.5030087241284786,1.0709085591927519,-0.5678998350642732,0.002496765563080507,0.013271298998562206,0.013271883379775543,0.00020518796858699873,-236.04945823143777,-232.05284470091215,3,False,ensemble,5.0,405.0,28,0.7,10.0,1.2681151772030002
strict_combined_03,heterogeneous leakage boundary,R100N,99.24716620639605,Lagging Darcy no-leakage,4.834796253551937e-05,0.001,0.0009100975042798704,0.0008257339130622026,70191.16684462268,7400.021398882289,,2.9351276602264385,-0.19148269650899663,2.9351276602264385,-3.126610356735435,0.0005347958338475881,0.013187982149193596,0.013188555592906822,0.0004451314433188668,-235.3637461087293,-230.03492806802848,4,False,ensemble,5.0,405.0,28,0.7,10.0,1.2681151772030002
strict_combined_03,heterogeneous leakage boundary,R100N,99.24716620639605,Lagging Darcy with leakage,4.834796253551937e-05,0.001,9.759603661459871e-05,0.0013489125430042699,754.7000490734647,1114.9663617423068,63.29372232415277,0.7024128030326563,0.2992987441412496,0.7024128030326563,-0.40311405889140656,-5.130716151897093e-06,0.0002943336911071517,0.0002943336975874804,8.750811339870426e-06,-446.33407228941115,-439.67304973853516,5,False,ensemble,5.0,405.0,28,0.7,10.0,1.2681151772030002
strict_combined_04,heterogeneous leakage boundary,R20E,22.360679774997898,Theis confined,5.3370500294490344e-05,0.001,8.393152025523109e-05,0.0010134841114803803,,,,0.4527430669227944,0.013394009905317564,0.4527430669227944,-0.43934905701747673,0.019509472047706422,0.07262748574035754,0.07272336405744209,0.007854049484986003,-141.85277283251946,-139.18836381216906,2,False,ensemble,5.0,605.0,28,0.7,30.0,1.2488266803931065
strict_combined_04,heterogeneous leakage boundary,R20E,22.360679774997898,Hantush-Jacob leaky,5.3370500294490344e-05,0.001,8.144308604228374e-05,0.0009992959215823,,,99999.99999953124,0.42264628115185066,-0.0007043263973140685,0.42264628115185066,-0.4233506075491647,0.020625162060269327,0.075509297496959,0.0756170574286148,0.008252024929137926,-137.6075523697055,-133.61093883917988,3,True,ensemble,5.0,605.0,28,0.7,30.0,1.2488266803931065
strict_combined_04,heterogeneous leakage boundary,R20E,22.360679774997898,Lagging Darcy no-leakage,5.3370500294490344e-05,0.001,7.795265983521221e-05,0.0010597544626981896,1.0110513752051054,29.59740287931973,,0.37884355286742283,0.0580372423275552,0.37884355286742283,-0.32080631053986775,0.0017146377996717778,0.02439389704995657,0.02439752647147834,0.009530811405689848,-200.82684775972905,-195.49802971902824,4,False,ensemble,5.0,605.0,28,0.7,30.0,1.2488266803931065
strict_combined_04,heterogeneous leakage boundary,R20E,22.360679774997898,Lagging Darcy with leakage,5.3370500294490344e-05,0.001,7.244394646533273e-05,0.0010343792865659736,4.583249965652202,39.380484431982985,141.26348680291753,0.30555494624308127,0.03380152368682331,0.30555494624308127,-0.27175342255625773,0.0008720563290565106,0.008647019132518039,0.008647180771478698,0.0017631336749306817,-256.75478509236706,-250.09376254149103,5,False,ensemble,5.0,605.0,28,0.7,30.0,1.2488266803931065
strict_combined_04,heterogeneous leakage boundary,R50E,49.24428900898052,Theis confined,5.3370500294490344e-05,0.001,9.707423911828623e-05,0.0010332830907746667,,,,0.5982178731270729,0.03274119980994355,0.5982178731270729,-0.5654766733171293,0.007589398818670039,0.04101242992186999,0.04102968189250085,0.0034322537063497054,-174.89848493716215,-172.23407591681175,2,False,ensemble,5.0,605.0,28,0.7,30.0,1.2488266803931065
strict_combined_04,heterogeneous leakage boundary,R50E,49.24428900898052,Hantush-Jacob leaky,5.3370500294490344e-05,0.001,9.676747614208167e-05,0.0010315754666778726,,,99999.9999996403,0.5950527831784704,0.031087212925541792,0.5950527831784704,-0.5639655702529288,0.007673271645323952,0.04080472017608905,0.04082171129112674,0.0031316955922145694,-173.15147847888807,-169.15486494836244,3,True,ensemble,5.0,605.0,28,0.7,30.0,1.2488266803931065
strict_combined_04,heterogeneous leakage boundary,R50E,49.24428900898052,Lagging Darcy no-leakage,5.3370500294490344e-05,0.001,9.110599919632888e-05,0.0010530453244959733,100.11413843231713,179.8936725787114,,0.5347654905873682,0.05168627543155867,0.5347654905873682,-0.4830792151558095,-0.0001249422315112922,0.01879161229271485,0.018793271360342364,0.004185232702163515,-215.58031157508245,-210.25149353438164,4,False,ensemble,5.0,605.0,28,0.7,30.0,1.2488266803931065
strict_combined_04,heterogeneous leakage boundary,R50E,49.24428900898052,Lagging Darcy with leakage,5.3370500294490344e-05,0.001,7.838455708099436e-05,0.0010035845898959405,348.77573203889244,520.2511637091243,156.34325717316804,0.3843687675673824,0.003578180565560244,0.3843687675673824,-0.3807905870018221,0.0006133843151074296,0.006698047136796233,0.006698122262517172,0.0009435479356531631,-271.1084333137803,-264.4474107629043,5,False,ensemble,5.0,605.0,28,0.7,30.0,1.2488266803931065
strict_combined_04,heterogeneous leakage boundary,R100E,98.48857801796105,Theis confined,5.3370500294490344e-05,0.001,0.00010323610490435244,0.0009333131942538187,,,,0.6597604812083304,-0.0690144493049452,0.6597604812083304,-0.7287749305132756,0.004595443476054276,0.028679486767382027,0.028685385090447265,0.0018754011363848217,-195.17061464905012,-192.50620562869972,2,False,ensemble,5.0,605.0,28,0.7,30.0,1.2488266803931065
strict_combined_04,heterogeneous leakage boundary,R100E,98.48857801796105,Hantush-Jacob leaky,5.3370500294490344e-05,0.001,0.00010194093228972188,0.0009254692166627456,,,709.6737860632921,0.6471353859661467,-0.07745440882618908,0.6471353859661467,-0.7245897947923358,0.004745943100593652,0.02858341744552619,0.028589256686379853,0.0017347231405890656,-193.30500773276395,-189.30839420223833,3,False,ensemble,5.0,605.0,28,0.7,30.0,1.2488266803931065
strict_combined_04,heterogeneous leakage boundary,R100E,98.48857801796105,Lagging Darcy no-leakage,5.3370500294490344e-05,0.001,9.79758265314004e-05,0.0009337925712093856,16.09600248430994,153.83110767807497,,0.6074626158171378,-0.06850095191774021,0.6074626158171378,-0.6759635677348779,-3.861258732428878e-05,0.02123164037841245,0.021234033316398098,0.0024077895122015937,-208.74491139707217,-203.41609335637136,4,False,ensemble,5.0,605.0,28,0.7,30.0,1.2488266803931065
strict_combined_04,heterogeneous leakage boundary,R100E,98.48857801796105,Lagging Darcy with leakage,5.3370500294490344e-05,0.001,6.503093493278692e-05,0.0007595050085768033,1040.3625788011616,1584.6596119745545,130.60495399313697,0.19760491434460375,-0.27508836239688406,0.19760491434460375,-0.4726932767414878,0.0002881029996643906,0.0029028706284661325,0.0029028767438460733,0.00019221063747274837,-317.8888165010227,-311.2277939501467,5,False,ensemble,5.0,605.0,28,0.7,30.0,1.2488266803931065
strict_combined_04,heterogeneous leakage boundary,R100N,98.48857801796105,Theis confined,5.3370500294490344e-05,0.001,0.00010692075445957173,0.0020850126037397516,,,,0.6948297831666627,0.7347749001916074,0.6948297831666627,0.03994511702494477,0.00044509373894430416,0.02591504229524259,0.025919393971118726,0.0015848959131856363,-201.5739048070793,-198.90949578672888,2,False,ensemble,5.0,605.0,28,0.7,30.0,1.2488266803931065
strict_combined_04,heterogeneous leakage boundary,R100N,98.48857801796105,Hantush-Jacob leaky,5.3370500294490344e-05,0.001,8.026425266036297e-05,0.0016928297994975071,,,117.60666539853129,0.4080661851060015,0.5264015661998133,0.4080661851060015,0.11833538109381184,0.0024978657057861463,0.014055749080518503,0.014056443336887332,0.00043363502636631286,-232.9404947038429,-228.94388117331727,3,False,ensemble,5.0,605.0,28,0.7,30.0,1.2488266803931065
strict_combined_04,heterogeneous leakage boundary,R100N,98.48857801796105,Lagging Darcy no-leakage,5.3370500294490344e-05,0.001,0.00028797687046666957,0.0010087377232412048,92839.62932020667,19152.516254956045,,1.6856220016523018,0.008699770259021118,1.6856220016523018,-1.6769222313932808,0.00038045617266966924,0.0030769017298250385,0.0030769090123465757,7.014785046272945e-05,-316.4724252364531,-311.1436071957523,4,False,ensemble,5.0,605.0,28,0.7,30.0,1.2488266803931065
strict_combined_04,heterogeneous leakage boundary,R100N,98.48857801796105,Lagging Darcy with leakage,5.3370500294490344e-05,0.001,5.126110144169646e-05,0.0012980782699306358,1273.4603386292652,1840.5861623213495,75.1167564499704,-0.04032595632121519,0.2608849168727119,-0.04032595632121519,0.30121087319392736,-5.0363313825198296e-05,0.00026305234553850325,0.0002630523501951978,1.148285092625269e-05,-451.590467108404,-444.92944455752803,5,False,ensemble,5.0,605.0,28,0.7,30.0,1.2488266803931065
strict_combined_05,heterogeneous leakage boundary,R20E,20.0,Theis confined,4.2501155535684096e-05,0.001,5.0621340986298424e-05,0.0009809505704955767,,,,0.17484198136507534,-0.01923320754089598,0.17484198136507534,-0.19407518890597153,0.03151677600505839,0.1223088661056162,0.12276771348813129,0.020462622568729254,-112.82124225300458,-110.15683323265418,2,False,ensemble,5.0,1005.0,28,0.7,80.0,1.0906393026605312
strict_combined_05,heterogeneous leakage boundary,R20E,20.0,Hantush-Jacob leaky,4.2501155535684096e-05,0.001,4.9471751547150096e-05,0.0009701285695397705,,,99999.999999962,0.1518705662263998,-0.03032667035085339,0.1518705662263998,-0.18219723657725323,0.03249625683810109,0.12679733370097493,0.1273086929440127,0.025627924655211694,-108.82248577757743,-104.82587224705182,3,True,ensemble,5.0,1005.0,28,0.7,80.0,1.0906393026605312
strict_combined_05,heterogeneous leakage boundary,R20E,20.0,Lagging Darcy no-leakage,4.2501155535684096e-05,0.001,4.392566705067231e-05,0.0010495800212777279,8.06548141521338,66.01371678649356,,0.03296755545017594,0.04839010442070373,0.03296755545017594,0.0154225489705279,0.0006398565042294929,0.016972783446476264,0.016974005880094196,0.009731949288600172,-221.24113134547213,-215.91231330477132,4,False,ensemble,5.0,1005.0,28,0.7,80.0,1.0906393026605312
strict_combined_05,heterogeneous leakage boundary,R20E,20.0,Lagging Darcy with leakage,4.2501155535684096e-05,0.001,4.1590197294316247e-05,0.0010328642233727009,18.40336869471814,85.21618120713313,138.5003406019205,-0.021666767099938828,0.03233574236280404,-0.021666767099938828,0.05400250946274288,0.0012478507502231982,0.0098478694538678,0.009848108221600515,0.002008291363334674,-249.30391888190564,-242.64289633102962,5,False,ensemble,5.0,1005.0,28,0.7,80.0,1.0906393026605312
strict_combined_05,heterogeneous leakage boundary,R50E,50.24937810560445,Theis confined,4.2501155535684096e-05,0.001,5.874281276663835e-05,0.00111696435023027,,,,0.3236375450179417,0.11061460393788304,0.3236375450179417,-0.2130229410800589,0.00836850483130382,0.04324319337573354,0.04326341716298652,0.0034517203637748867,-171.84268631951133,-169.17827729916092,2,False,ensemble,5.0,1005.0,28,0.7,80.0,1.0906393026605312
strict_combined_05,heterogeneous leakage boundary,R50E,50.24937810560445,Hantush-Jacob leaky,4.2501155535684096e-05,0.001,5.870397051262765e-05,0.0011165508089982436,,,99999.99999997568,0.32297610067110955,0.11024429865023525,0.32297610067110955,-0.2127318020208744,0.008385643857023483,0.04329485593845945,0.043315152315214524,0.003464805973311155,-169.7740380254365,-165.7774244949109,3,True,ensemble,5.0,1005.0,28,0.7,80.0,1.0906393026605312
strict_combined_05,heterogeneous leakage boundary,R50E,50.24937810560445,Lagging Darcy no-leakage,4.2501155535684096e-05,0.001,5.3778576647390766e-05,0.0011276437510449985,170.18140594491774,310.844563623403,,0.23534391964786755,0.12013027965144146,0.23534391964786755,-0.11521363999642623,-0.0001164813120711944,0.010092040285657267,0.010092297257862778,0.002806321968123087,-250.39088847909443,-245.06207043839362,4,False,ensemble,5.0,1005.0,28,0.7,80.0,1.0906393026605312
strict_combined_05,heterogeneous leakage boundary,R50E,50.24937810560445,Lagging Darcy with leakage,4.2501155535684096e-05,0.001,4.8321625980109674e-05,0.001077061686613758,365.11665897397023,579.4695074640508,159.64446419744652,0.12834793867534186,0.07423667286991907,0.12834793867534186,-0.05411126580542289,0.0002798252515749546,0.002472084189525655,0.002472087966392942,0.0003645176597976881,-326.799541848874,-320.138519297998,5,False,ensemble,5.0,1005.0,28,0.7,80.0,1.0906393026605312
strict_combined_05,heterogeneous leakage boundary,R100E,100.4987562112089,Theis confined,4.2501155535684096e-05,0.001,7.323145958535322e-05,0.0011873853401547481,,,,0.5440938397606346,0.17175369660570194,0.5440938397606346,-0.3723401431549327,0.004926610215393214,0.025595694664209873,0.025599887424644696,0.0009995366373600767,-201.22122879088676,-198.55681977053635,2,False,ensemble,5.0,1005.0,28,0.7,80.0,1.0906393026605312
strict_combined_05,heterogeneous leakage boundary,R100E,100.4987562112089,Hantush-Jacob leaky,4.2501155535684096e-05,0.001,7.32310452651635e-05,0.001187381272316448,,,99999.99999991653,0.5440881820642823,0.17175027072100335,0.5440881820642823,-0.37233791134327904,0.004926709789389436,0.025596184369510437,0.025600377370622252,0.0009996353350139766,-199.220155154778,-195.2235416242524,3,True,ensemble,5.0,1005.0,28,0.7,80.0,1.0906393026605312
strict_combined_05,heterogeneous leakage boundary,R100E,100.4987562112089,Lagging Darcy no-leakage,4.2501155535684096e-05,0.001,6.60547910215485e-05,0.0011688158510970435,588.0716235309178,951.3368647018256,,0.4409532999858836,0.1559911432181782,0.4409532999858836,-0.2849621567677054,-0.00016161903562123618,0.004905142319231314,0.004905171824320319,0.0005346275640609129,-290.7651738830871,-285.43635584238626,4,False,ensemble,5.0,1005.0,28,0.7,80.0,1.0906393026605312
strict_combined_05,heterogeneous leakage boundary,R100E,100.4987562112089,Lagging Darcy with leakage,4.2501155535684096e-05,0.001,5.620107409263329e-05,0.0010690477409037176,1274.486428238988,1871.3078259782205,193.65634239357377,0.27940460404990297,0.0667682904504939,0.27940460404990297,-0.21263631359940918,7.127751012696675e-05,0.0010285386677661348,0.0010285389397630138,7.151117168675695e-05,-376.137701103824,-369.476678552948,5,False,ensemble,5.0,1005.0,28,0.7,80.0,1.0906393026605312
strict_combined_05,heterogeneous leakage boundary,R100N,100.4987562112089,Theis confined,4.2501155535684096e-05,0.001,6.639262818855387e-05,0.0014681507821940186,,,,0.44605476442667846,0.3840036375839643,0.44605476442667846,-0.06205112684271436,0.0034973925226270026,0.01775710019961819,0.017758500059841767,0.0004586484674099187,-221.648260706829,-218.9838516864786,2,False,ensemble,5.0,1005.0,28,0.7,80.0,1.0906393026605312
strict_combined_05,heterogeneous leakage boundary,R100N,100.4987562112089,Hantush-Jacob leaky,4.2501155535684096e-05,0.001,6.639256046175316e-05,0.0014681497054634877,,,99999.99981279724,0.4460537443309677,0.38400290419136,0.4460537443309677,-0.06205084013960778,0.0034973924401810277,0.01775711318644167,0.01775851304973707,0.00045863822435948166,-219.64822138566905,-215.65160785514342,3,True,ensemble,5.0,1005.0,28,0.7,80.0,1.0906393026605312
strict_combined_05,heterogeneous leakage boundary,R100N,100.4987562112089,Lagging Darcy no-leakage,4.2501155535684096e-05,0.001,6.173830011002139e-05,0.001443758661209681,28.010370207517507,292.30954298888565,,0.3733732210178555,0.36724989437624467,0.3733732210178555,-0.00612332664161088,-0.00027084578335336365,0.007878508771568017,0.007878631029680784,0.0006858330267299402,-264.22652969221843,-258.8977116515176,4,False,ensemble,5.0,1005.0,28,0.7,80.0,1.0906393026605312
strict_combined_05,heterogeneous leakage boundary,R100N,100.4987562112089,Lagging Darcy with leakage,4.2501155535684096e-05,0.001,4.456770007439127e-05,0.0011826867030489557,1535.3734879814322,2227.122018629236,121.41824736936691,0.047478118442336646,0.1677887173343804,0.047478118442336646,0.12031059889204367,-9.906384166091418e-06,0.0003077245203974369,0.00030772452778415736,1.520660152719087e-05,-443.8213306979108,-437.1603081470348,5,False,ensemble,5.0,1005.0,28,0.7,80.0,1.0906393026605312
strict_combined_06,heterogeneous leakage boundary,R20E,20.615528128088304,Theis confined,4.484854192412434e-05,0.001,8.175914956564535e-05,0.0007003645943918027,,,,0.6004866468835672,-0.3561542304024135,0.6004866468835672,-0.9566408772859807,0.036313186205107754,0.14586033686820155,0.1466395898333431,0.025778695405751995,-103.07996185549757,-100.41555283514717,2,False,ensemble,5.0,405.0,28,1.1,10.0,1.5631667145573647
strict_combined_06,heterogeneous leakage boundary,R20E,20.615528128088304,Hantush-Jacob leaky,4.484854192412434e-05,0.001,7.789400569579812e-05,0.0006851341499158384,,,99999.99999997977,0.5520579232865687,-0.37814062060072806,0.5520579232865687,-0.9301985438872967,0.03839315144288754,0.14250268934808402,0.14322921045961162,0.01642830438782661,-102.09621827822025,-98.09960474769464,3,True,ensemble,5.0,405.0,28,1.1,10.0,1.5631667145573647
strict_combined_06,heterogeneous leakage boundary,R20E,20.615528128088304,Lagging Darcy no-leakage,4.484854192412434e-05,0.001,7.238245006456946e-05,0.0007640423863483445,0.15947168918705548,34.54670538488495,,0.4786727896610081,-0.2691320118410079,0.4786727896610081,-0.747804801502016,0.002593586108950086,0.07684675968279056,0.07696035257143806,0.03268353217949298,-136.67798890101218,-131.34917086031138,4,False,ensemble,5.0,405.0,28,1.1,10.0,1.5631667145573647
strict_combined_06,heterogeneous leakage boundary,R20E,20.615528128088304,Lagging Darcy with leakage,4.484854192412434e-05,0.001,5.709253534395732e-05,0.0007141799254984493,7.639534998493868,59.84591287835998,74.56863839272195,0.24138230066484934,-0.3366203518919092,0.24138230066484934,-0.5780026525567583,0.0005524305597872408,0.024726609572122547,0.024730389548130893,0.0048805267982774975,-198.1968211694092,-191.53579861853316,5,False,ensemble,5.0,405.0,28,1.1,10.0,1.5631667145573647
strict_combined_06,heterogeneous leakage boundary,R50E,50.99019513592785,Theis confined,4.484854192412434e-05,0.001,9.644925356862246e-05,0.0007859653963989815,,,,0.7657259223483663,-0.24084251245973917,0.7657259223483663,-1.0065684348081054,0.0033063921340000563,0.09554137748248029,0.09575982179764342,0.018030909188907568,-128.48250752609505,-125.81809850574464,2,False,ensemble,5.0,405.0,28,1.1,10.0,1.5631667145573647
strict_combined_06,heterogeneous leakage boundary,R50E,50.99019513592785,Hantush-Jacob leaky,4.484854192412434e-05,0.001,7.039884879591532e-05,0.0006478347112809642,,,95.41909600079912,0.45088583277617483,-0.4341196903507674,0.45088583277617483,-0.8850055231269421,0.008998649238533154,0.04968205212480053,0.04971272552633334,0.004050032262107499,-162.19979171397176,-158.20317818344614,3,False,ensemble,5.0,405.0,28,1.1,10.0,1.5631667145573647
strict_combined_06,heterogeneous leakage boundary,R50E,50.99019513592785,Lagging Darcy no-leakage,4.484854192412434e-05,0.001,0.00021755453529982946,0.00013499664278569066,46878.29505169087,4055.921869607111,,1.5791584781868053,-2.002505369107071,1.5791584781868053,-3.581663847293876,0.0038662551733363152,0.029908797470320336,0.0299154873422453,0.005062632270409574,-189.07498021481499,-183.74616217411418,4,False,ensemble,5.0,405.0,28,1.1,10.0,1.5631667145573647
strict_combined_06,heterogeneous leakage boundary,R50E,50.99019513592785,Lagging Darcy with leakage,4.484854192412434e-05,0.001,4.875734516372131e-05,0.0005741719467163061,214.3596256150865,372.1346840713577,63.69461388506714,0.08356477819594767,-0.5548263687821222,0.08356477819594767,-0.6383911469780698,0.00047355438160356765,0.0032094936493371946,0.003209501914499063,0.0001909160711058194,-311.925133408124,-305.264110857248,5,False,ensemble,5.0,405.0,28,1.1,10.0,1.5631667145573647
strict_combined_06,heterogeneous leakage boundary,R100E,101.9803902718557,Theis confined,4.484854192412434e-05,0.001,0.0005000238466126654,0.0069655710995904455,,,,2.411364712586864,1.9409795995042585,2.411364712586864,-0.4703851130826055,-0.005025083897006948,0.0635368495864237,0.06360102702218001,0.0009504435227394071,-151.1808236459894,-148.516414625639,2,False,ensemble,5.0,405.0,28,1.1,10.0,1.5631667145573647
strict_combined_06,heterogeneous leakage boundary,R100E,101.9803902718557,Hantush-Jacob leaky,4.484854192412434e-05,0.001,0.00015432425929076703,0.0030970539629153675,,,58.92370793294704,1.2357648906740302,1.1304513250935007,1.2357648906740302,-0.1053135655805293,0.001512328410005073,0.007884760165285748,0.00788488271465457,6.267962977447454e-05,-265.16804527734064,-261.171431746815,3,False,ensemble,5.0,405.0,28,1.1,10.0,1.5631667145573647
strict_combined_06,heterogeneous leakage boundary,R100E,101.9803902718557,Lagging Darcy no-leakage,4.484854192412434e-05,0.001,0.0016020134130107827,0.0024018318507781984,85367.67631706268,8924.058600111652,,3.575725422335788,0.8762317173681906,3.575725422335788,-2.699493704967597,0.0003789884944814721,0.009854915825082572,0.009855155105713635,0.00016102850067796254,-251.68333659455698,-246.35451855385617,4,False,ensemble,5.0,405.0,28,1.1,10.0,1.5631667145573647
strict_combined_06,heterogeneous leakage boundary,R100E,101.9803902718557,Lagging Darcy with leakage,4.484854192412434e-05,0.001,9.720896046142786e-05,0.002311325232560682,1164.717817192933,1706.8594293535325,47.794955492574175,0.7735718151113282,0.837821053783568,0.7735718151113282,0.06424923867223979,-4.227022911663908e-05,0.00033255308317649713,0.00033255309236818805,4.5311528835733145e-06,-439.0408634714842,-432.3798409206082,5,False,ensemble,5.0,405.0,28,1.1,10.0,1.5631667145573647
strict_combined_06,heterogeneous leakage boundary,R100N,101.9803902718557,Theis confined,4.484854192412434e-05,0.001,0.0007943292246889469,0.012870874370564762,,,,2.874206938050257,2.55496695796113,2.874206938050257,-0.31923998008912735,-0.004130661601141804,0.050152160456373655,0.050183713157786206,0.00045299934563398085,-164.41285453118726,-161.74844551083686,2,False,ensemble,5.0,405.0,28,1.1,10.0,1.5631667145573647
strict_combined_06,heterogeneous leakage boundary,R100N,101.9803902718557,Hantush-Jacob leaky,4.484854192412434e-05,0.001,0.00022872136937435156,0.005478535446404819,,,55.96226140853528,1.62921345719392,1.700837810935438,1.62921345719392,0.07162435374151785,0.0014699178816922314,0.007537601002409858,0.007537708066680804,3.9149315209719675e-05,-267.6549245364285,-263.6583110059029,3,False,ensemble,5.0,405.0,28,1.1,10.0,1.5631667145573647
strict_combined_06,heterogeneous leakage boundary,R100N,101.9803902718557,Lagging Darcy no-leakage,4.484854192412434e-05,0.001,0.0019999999691455513,0.007490816048880135,49167.95587939676,10491.9945313859,,3.797611366191485,2.0136777433807134,3.797611366191485,-1.7839336228107718,0.0005371159094156769,0.01021933580110336,0.010219602620538528,9.993446219519914e-05,-249.61272247841163,-244.28390443771082,4,True,ensemble,5.0,405.0,28,1.1,10.0,1.5631667145573647
strict_combined_06,heterogeneous leakage boundary,R100N,101.9803902718557,Lagging Darcy with leakage,4.484854192412434e-05,0.001,0.0001178728149933335,0.003555514658676454,1523.3606047230476,2409.7807851759558,42.391450887870725,0.9663151262165215,1.2684998231501086,0.9663151262165215,0.3021846969335871,-4.413136906454355e-06,0.00016788006170571546,0.00016788006309133855,1.5366671643290936e-06,-477.7648378837635,-471.1038153328875,5,False,ensemble,5.0,405.0,28,1.1,10.0,1.5631667145573647
strict_combined_07,heterogeneous leakage boundary,R20E,18.027756377319946,Theis confined,4.169769837314759e-05,0.001,1.8850380418266235e-05,0.0014225925797475396,,,,-0.7939128373621518,0.35248096732415785,-0.7939128373621518,1.1463938046863096,0.01517099246567621,0.09585795172683338,0.09607857746353234,0.05640111187497268,-127.61398216855409,-124.94957314820368,2,False,ensemble,5.0,605.0,28,1.1,30.0,4.991253864666603
strict_combined_07,heterogeneous leakage boundary,R20E,18.027756377319946,Hantush-Jacob leaky,4.169769837314759e-05,0.001,1.7323574428181555e-05,0.0013432810579186278,,,64.6619297984625,-0.8783776747901139,0.295115171832512,-0.8783776747901139,1.173492846622626,0.016825948076453906,0.09102338303959984,0.09121224689248035,0.0336369891095357,-128.25503095112072,-124.25841742059511,3,False,ensemble,5.0,605.0,28,1.1,30.0,4.991253864666603
strict_combined_07,heterogeneous leakage boundary,R20E,18.027756377319946,Lagging Darcy no-leakage,4.169769837314759e-05,0.001,1.737135480698193e-05,0.0014399885615097449,0.9083065979745071,50.633767797299974,,-0.8756233582337831,0.36463517016034974,-0.8756233582337831,1.240258528394133,0.001531625717856391,0.07282661687302491,0.07292328657984229,0.07171487362251683,-139.70718501665525,-134.37836697595444,4,False,ensemble,5.0,605.0,28,1.1,30.0,4.991253864666603
strict_combined_07,heterogeneous leakage boundary,R20E,18.027756377319946,Lagging Darcy with leakage,4.169769837314759e-05,0.001,1.1087465510940305e-05,0.0011422289435195113,97.51074372284064,227.46941997538136,27.49824077226476,-1.3246306953875067,0.13298156707772796,-1.3246306953875067,1.4576122624652346,0.0007912409360184699,0.003920883492977622,0.003920898562281947,0.0010840092680247842,-300.1806234070573,-293.5196008561813,5,False,ensemble,5.0,605.0,28,1.1,30.0,4.991253864666603
strict_combined_07,heterogeneous leakage boundary,R50E,51.478150704935004,Theis confined,4.169769837314759e-05,0.001,4.259933346751064e-05,0.0019365899793297532,,,,0.021392674457438168,0.6609286838194948,0.021392674457438168,0.6395360093620568,0.0019121652174315543,0.04528039660134919,0.04530361627977146,0.00902717421469843,-170.27990023056657,-167.61549121021616,2,False,ensemble,5.0,605.0,28,1.1,30.0,4.991253864666603
strict_combined_07,heterogeneous leakage boundary,R50E,51.478150704935004,Hantush-Jacob leaky,4.169769837314759e-05,0.001,3.2172041040214056e-05,0.0015777002939408383,,,66.9396429400627,-0.25934814770183584,0.45596827659096933,-0.25934814770183584,0.7153164242928053,0.004655161487193445,0.028176521042315397,0.02818211441751337,0.002725487521854414,-194.11562644452053,-190.1190129139949,3,False,ensemble,5.0,605.0,28,1.1,30.0,4.991253864666603
strict_combined_07,heterogeneous leakage boundary,R50E,51.478150704935004,Lagging Darcy no-leakage,4.169769837314759e-05,0.001,4.247720359985623e-05,0.0019370895913962804,14.181936783094578,27.622722667499694,,0.018521613745349462,0.6611866360120681,0.018521613745349462,0.6426650222667186,0.001402332713881241,0.04590453916380834,0.045928732601381965,0.009088124960511939,-165.53792013483792,-160.2091020941371,4,False,ensemble,5.0,605.0,28,1.1,30.0,4.991253864666603
strict_combined_07,heterogeneous leakage boundary,R50E,51.478150704935004,Lagging Darcy with leakage,4.169769837314759e-05,0.001,1.9476121866579058e-05,0.001188019250893087,832.9979719519807,1257.866847861367,40.904348784610704,-0.7612567368226255,0.17228742526462276,-0.7612567368226255,0.9335441620872482,-7.183261154304175e-07,0.0004382889041894511,0.00043828892518421293,5.782422597847693e-05,-424.04562296006935,-417.38460040919335,5,False,ensemble,5.0,605.0,28,1.1,30.0,4.991253864666603
strict_combined_07,heterogeneous leakage boundary,R100E,98.6154146165801,Theis confined,4.169769837314759e-05,0.001,8.967240832946024e-05,0.002971791251026212,,,,0.7657171899048176,1.0891648858375975,0.7657171899048176,0.3234476959327799,-0.0007538946126944745,0.025777190095552006,0.025781472689043523,0.0011594202496949043,-201.85632370184587,-199.19191468149546,2,False,ensemble,5.0,605.0,28,1.1,30.0,4.991253864666603
strict_combined_07,heterogeneous leakage boundary,R100E,98.6154146165801,Hantush-Jacob leaky,4.169769837314759e-05,0.001,5.4323758819602844e-05,0.002020574102219567,,,76.10102225242062,0.2645157461733946,0.7033816800529682,0.2645157461733946,0.4388659338795736,0.0016387277541545897,0.009573558452922827,0.009573777818499867,0.0002273070448541285,-254.51019725146824,-250.51358372094262,3,False,ensemble,5.0,605.0,28,1.1,30.0,4.991253864666603
strict_combined_07,heterogeneous leakage boundary,R100E,98.6154146165801,Lagging Darcy no-leakage,4.169769837314759e-05,0.001,0.00027592560972285424,0.002006178167419948,83728.68969408692,20633.359212809683,,1.8896853670048408,0.696231502853924,1.8896853670048408,-1.1934538641509167,-0.00010012069382888505,0.000981185245518169,0.0009811854817199882,1.9664673483632636e-05,-380.61553289939417,-375.28671485869336,4,False,ensemble,5.0,605.0,28,1.1,30.0,4.991253864666603
strict_combined_07,heterogeneous leakage boundary,R100E,98.6154146165801,Lagging Darcy with leakage,4.169769837314759e-05,0.001,2.825749699354029e-05,0.0013004529289221264,2433.3477849966,3347.429496328166,50.06671824935383,-0.38908712970527753,0.26271261065108764,-0.38908712970527753,0.6517997403563653,-0.00014977528828430273,0.0006341379157801934,0.0006341379796101168,1.1546643522520244e-05,-401.7852706587024,-395.1242481078264,5,False,ensemble,5.0,605.0,28,1.1,30.0,4.991253864666603
strict_combined_07,heterogeneous leakage boundary,R100N,98.6154146165801,Theis confined,4.169769837314759e-05,0.001,8.233403997179958e-05,0.002854453734789856,,,,0.680338698183558,1.0488804884750487,0.680338698183558,0.3685417902914907,-0.00044321497052955087,0.022935501072279818,0.022938517634605415,0.0010784689116536427,-208.4113337618511,-205.7469247415007,2,False,ensemble,5.0,605.0,28,1.1,30.0,4.991253864666603
strict_combined_07,heterogeneous leakage boundary,R100N,98.6154146165801,Hantush-Jacob leaky,4.169769837314759e-05,0.001,5.284322238403243e-05,0.0020260032359022983,,,80.37487737726835,0.23688352920253844,0.7060650030129251,0.23688352920253844,0.4691814738103867,0.0016420583070092692,0.00959169352063167,0.00959191413521839,0.00023786067101690461,-254.4039898591293,-250.40737632860368,3,False,ensemble,5.0,605.0,28,1.1,30.0,4.991253864666603
strict_combined_07,heterogeneous leakage boundary,R100N,98.6154146165801,Lagging Darcy no-leakage,4.169769837314759e-05,0.001,0.0002487221778975149,0.0019872775813992243,84606.625666162,21983.148644726993,,1.7858905897421913,0.6867656525541508,1.7858905897421913,-1.0991249371880405,-6.834057688140972e-05,0.0010812969152276433,0.001081297231246033,1.5367873333850194e-05,-375.35981406602934,-370.03099602532853,4,False,ensemble,5.0,605.0,28,1.1,30.0,4.991253864666603
strict_combined_07,heterogeneous leakage boundary,R100N,98.6154146165801,Lagging Darcy with leakage,4.169769837314759e-05,0.001,2.7171073765974023e-05,0.0012922938128719984,2511.2670673014136,3452.793238718494,51.07624710599844,-0.42829298945680006,0.25641878885047675,-0.42829298945680006,0.6847117783072767,-0.00015189390027385178,0.0006447659466402523,0.0006447660136043251,1.1235496398784667e-05,-400.86236540421584,-394.20134285333984,5,False,ensemble,5.0,605.0,28,1.1,30.0,4.991253864666603
strict_combined_08,heterogeneous leakage boundary,R20E,21.213203435596427,Theis confined,3.983421832785343e-05,0.001,5.409479993012684e-05,0.0010297601333700643,,,,0.3060117617493477,0.029325894897496024,0.3060117617493477,-0.27668586685185176,0.01736139026628548,0.0716725431145873,0.07176468632573331,0.01014135908443835,-142.96059424043082,-140.29618522008042,2,False,ensemble,5.0,1005.0,28,1.1,80.0,1.2430665306134954
strict_combined_08,heterogeneous leakage boundary,R20E,21.213203435596427,Hantush-Jacob leaky,3.983421832785343e-05,0.001,5.304349753234564e-05,0.0010195824165048193,,,99999.999999978,0.2863859852204963,0.019393147887418073,0.2863859852204963,-0.2669928373330781,0.01805912140802631,0.07551958188561471,0.07562738588897391,0.014297349616855429,-138.07355644068198,-134.07694291015636,3,True,ensemble,5.0,1005.0,28,1.1,80.0,1.2430665306134954
strict_combined_08,heterogeneous leakage boundary,R20E,21.213203435596427,Lagging Darcy no-leakage,3.983421832785343e-05,0.001,4.9859229324139375e-05,0.001070121420950619,7.305677580374293,41.78110494421785,,0.2244773212874094,0.06777211955967054,0.2244773212874094,-0.15670520172773864,0.0007105212104702131,0.011700526448180289,0.011700926916899104,0.006365968721223192,-242.00622219304557,-236.67740415234476,4,False,ensemble,5.0,1005.0,28,1.1,80.0,1.2430665306134954
strict_combined_08,heterogeneous leakage boundary,R20E,21.213203435596427,Lagging Darcy with leakage,3.983421832785343e-05,0.001,4.79244522124918e-05,0.00105734839371284,21.484198081789742,62.228124578361445,172.4334689252844,0.1848995588747968,0.05576425874155,0.1848995588747968,-0.12913530013324664,0.0011597200846327096,0.005757292059488036,0.005757339768218412,0.0013792864120611616,-278.67233069879524,-272.01130814791924,5,False,ensemble,5.0,1005.0,28,1.1,80.0,1.2430665306134954
strict_combined_08,heterogeneous leakage boundary,R50E,49.49747468305833,Theis confined,3.983421832785343e-05,0.001,6.277790350786592e-05,0.0010610911102194517,,,,0.4548768566960781,0.05929772797092824,0.4548768566960781,-0.3955791287251499,0.007215775831948984,0.03848186010976864,0.03849611100580953,0.0031187338592268262,-178.43933839013383,-175.77492936978342,2,False,ensemble,5.0,1005.0,28,1.1,80.0,1.2430665306134954
strict_combined_08,heterogeneous leakage boundary,R50E,49.49747468305833,Hantush-Jacob leaky,3.983421832785343e-05,0.001,6.271527969507804e-05,0.001060503661048708,,,99999.99999311718,0.4538788133539969,0.05874394720778506,0.4538788133539969,-0.39513486614621185,0.007241541473545459,0.03855333884980718,0.03856766932154318,0.0031251498556244665,-176.33204509722003,-172.3354315666944,3,True,ensemble,5.0,1005.0,28,1.1,80.0,1.2430665306134954
strict_combined_08,heterogeneous leakage boundary,R50E,49.49747468305833,Lagging Darcy no-leakage,3.983421832785343e-05,0.001,5.82107710948471e-05,0.0010733288367608285,182.2812627574666,295.7708848387726,,0.37934410807988067,0.07076488152616647,0.37934410807988067,-0.3085792265537141,-0.00011036382041787524,0.009693230983474964,0.009693458678846474,0.002728097259326008,-252.64886865944493,-247.32005061874412,4,False,ensemble,5.0,1005.0,28,1.1,80.0,1.2430665306134954
strict_combined_08,heterogeneous leakage boundary,R50E,49.49747468305833,Lagging Darcy with leakage,3.983421832785343e-05,0.001,5.3003357845158664e-05,0.0010337195539721023,370.07635985362236,546.494718810994,176.51009224664696,0.28562896722197095,0.03316351489989451,0.28562896722197095,-0.25246545232207623,0.0002500794670454469,0.0028165432108302295,0.002816548796681792,0.0004491885948822906,-319.6360266817262,-312.9750041308502,5,False,ensemble,5.0,1005.0,28,1.1,80.0,1.2430665306134954
strict_combined_08,heterogeneous leakage boundary,R100E,102.59142264341595,Theis confined,3.983421832785343e-05,0.001,8.36952770578562e-05,0.001207768092808999,,,,0.7424562489842542,0.18877410493135227,0.7424562489842542,-0.5536821440529022,0.0040148429304795365,0.02033290388294506,0.020335005606725715,0.0005802903095143761,-214.05729746476516,-211.39288844441475,2,False,ensemble,5.0,1005.0,28,1.1,80.0,1.2430665306134954
strict_combined_08,heterogeneous leakage boundary,R100E,102.59142264341595,Hantush-Jacob leaky,3.983421832785343e-05,0.001,8.369462007920837e-05,0.0012077623428645152,,,99999.99996057645,0.7424483993032515,0.18876934411824142,0.7424483993032515,-0.55367905518501,0.004014969161358252,0.020333169493277972,0.02033527129942898,0.0005802735699945091,-212.0565259424342,-208.05991241190858,3,True,ensemble,5.0,1005.0,28,1.1,80.0,1.2430665306134954
strict_combined_08,heterogeneous leakage boundary,R100E,102.59142264341595,Lagging Darcy no-leakage,3.983421832785343e-05,0.001,7.789213001390815e-05,0.0011965322764292115,221.56656125181271,463.3800756814383,,0.6705986211017513,0.17942760370593125,0.6705986211017513,-0.49117101739582,-0.00025035295834381643,0.006840832774115206,0.006840912807503669,0.0006550309933424359,-272.1307958857596,-266.8019778450588,4,False,ensemble,5.0,1005.0,28,1.1,80.0,1.2430665306134954
strict_combined_08,heterogeneous leakage boundary,R100E,102.59142264341595,Lagging Darcy with leakage,3.983421832785343e-05,0.001,6.377897464049826e-05,0.0010716597903519644,1156.924519770813,1656.7300142646454,179.1874590504036,0.4706972850551787,0.06920865253304709,0.4706972850551787,-0.40148863252213174,2.492589571723017e-05,0.0005917702560613672,0.0005917703079069998,3.194998051802567e-05,-407.18078117023424,-400.51975861935824,5,False,ensemble,5.0,1005.0,28,1.1,80.0,1.2430665306134954
strict_combined_08,heterogeneous leakage boundary,R100N,102.59142264341595,Theis confined,3.983421832785343e-05,0.001,7.369083525893303e-05,0.00131086208725882,,,,0.6151521395887264,0.27068500264909556,0.6151521395887264,-0.3444671369396308,0.003958759733388094,0.02021696401518379,0.020219029988959848,0.0005966474883735525,-214.3955523369351,-211.7311433165847,2,False,ensemble,5.0,1005.0,28,1.1,80.0,1.2430665306134954
strict_combined_08,heterogeneous leakage boundary,R100N,102.59142264341595,Hantush-Jacob leaky,3.983421832785343e-05,0.001,7.369062604694743e-05,0.0013108597431339113,,,99999.99999591209,0.6151493005344282,0.27068321441597226,0.6151493005344282,-0.34446608611845586,0.003958802114249801,0.02021710905531704,0.0202191750735571,0.0005966644943984548,-212.39514302155473,-208.3985294910291,3,True,ensemble,5.0,1005.0,28,1.1,80.0,1.2430665306134954
strict_combined_08,heterogeneous leakage boundary,R100N,102.59142264341595,Lagging Darcy no-leakage,3.983421832785343e-05,0.001,6.782429792601321e-05,0.0012910105134824586,352.0624120926793,651.5305283246485,,0.5321942073424014,0.2554252555048227,0.5321942073424014,-0.27676895183757877,-0.0002443731533203435,0.0059401386089539265,0.005940191009150113,0.0005512422673891073,-280.02647102627515,-274.69765298557434,4,False,ensemble,5.0,1005.0,28,1.1,80.0,1.2430665306134954
strict_combined_08,heterogeneous leakage boundary,R100N,102.59142264341595,Lagging Darcy with leakage,3.983421832785343e-05,0.001,5.4616447132006605e-05,0.001139436899928586,1392.1530463525842,1995.0459742836074,163.06896885232888,0.3156087670219829,0.1305341929431202,0.3156087670219829,-0.1850745740788626,1.2183791827629307e-05,0.0005379551512763037,0.0005379551902044143,3.060871955487742e-05,-412.5565838655768,-405.8955613147008,5,False,ensemble,5.0,1005.0,28,1.1,80.0,1.2430665306134954
strict_combined_09,heterogeneous leakage boundary,R20E,18.027756377319946,Theis confined,6.301464770531392e-05,0.001,8.981741711297697e-05,0.0010235114885482864,,,,0.35441170836311825,0.02323935082248873,0.35441170836311825,-0.33117235754062935,0.029131193372465416,0.09848758612921653,0.09872689703896485,0.008148950869039367,-124.38477603502793,-121.72036701467752,2,False,ensemble,5.0,805.0,28,0.7,50.0,1.2605031334125747
strict_combined_09,heterogeneous leakage boundary,R20E,18.027756377319946,Hantush-Jacob leaky,6.301464770531392e-05,0.001,8.550851349151964e-05,0.0010019191250874467,,,99999.99999641604,0.30524874136009233,0.0019172859195821857,0.30524874136009233,-0.30333145544051004,0.03125112451054405,0.10722025869054491,0.1075291539623898,0.014926914063225633,-117.6949133820907,-113.6982998515651,3,True,ensemble,5.0,805.0,28,0.7,50.0,1.2605031334125747
strict_combined_09,heterogeneous leakage boundary,R20E,18.027756377319946,Lagging Darcy no-leakage,6.301464770531392e-05,0.001,8.189558412262558e-05,0.0010950831692615574,0.024666576080313942,26.65822473072514,,0.26207786886295126,0.09083031404765349,0.26207786886295126,-0.17124755481529766,0.0032562916031938253,0.027500985911308024,0.027506186508664106,0.00915303650805777,-193.8519957024875,-188.5231776617867,4,False,ensemble,5.0,805.0,28,0.7,50.0,1.2605031334125747
strict_combined_09,heterogeneous leakage boundary,R20E,18.027756377319946,Lagging Darcy with leakage,6.301464770531392e-05,0.001,7.6817725222176e-05,0.0010739768275859318,0.0006097409464889221,30.19788851770225,138.4161345673949,0.1980682080620185,0.07136842004937917,0.1980682080620185,-0.12669978801263948,0.0023259068940910546,0.014175061400443953,0.014175773487409752,0.000498788056200606,-228.59840607872354,-221.93738352784752,5,False,ensemble,5.0,805.0,28,0.7,50.0,1.2605031334125747
strict_combined_09,heterogeneous leakage boundary,R50E,51.478150704935004,Theis confined,6.301464770531392e-05,0.001,8.926376054727234e-05,0.0011335682707060816,,,,0.34822838595084527,0.12537041915264724,0.34822838595084527,-0.22285796679819808,0.005719681467522201,0.033226510596540755,0.0332356832313973,0.0034412247613396165,-186.81760230160148,-184.15319328125108,2,False,ensemble,5.0,805.0,28,0.7,50.0,1.2605031334125747
strict_combined_09,heterogeneous leakage boundary,R50E,51.478150704935004,Hantush-Jacob leaky,6.301464770531392e-05,0.001,8.8693212343031e-05,0.001129171267746227,,,758.0749547488462,0.3418161600077738,0.1214839722862141,0.3418161600077738,-0.22033218772155994,0.005837067867102018,0.032805876050381926,0.03281470465987047,0.0030477550510992924,-185.47406875364567,-181.47745522312005,3,False,ensemble,5.0,805.0,28,0.7,50.0,1.2605031334125747
strict_combined_09,heterogeneous leakage boundary,R50E,51.478150704935004,Lagging Darcy no-leakage,6.301464770531392e-05,0.001,8.545598123104484e-05,0.0011445154999357432,0.0002094363096824702,58.48950321996971,,0.30463420133862956,0.13498140329452674,0.30463420133862956,-0.1696527980441028,-0.00025559460445587955,0.021779607572276684,0.021782190623861473,0.004454533595490858,-207.31404133277553,-201.98522329207472,4,False,ensemble,5.0,805.0,28,0.7,50.0,1.2605031334125747
strict_combined_09,heterogeneous leakage boundary,R50E,51.478150704935004,Lagging Darcy with leakage,6.301464770531392e-05,0.001,7.081112199486738e-05,0.0010611245548128256,327.6779400361533,483.0169638734309,132.00696571586866,0.1166488760594771,0.059329246533275766,0.1166488760594771,-0.057319629526201524,0.00027346891757177737,0.002984785813040229,0.0029847924608673295,0.00035727799456583,-316.37232859327634,-309.71130604240034,5,False,ensemble,5.0,805.0,28,0.7,50.0,1.2605031334125747
strict_combined_09,heterogeneous leakage boundary,R100E,98.6154146165801,Theis confined,6.301464770531392e-05,0.001,0.00011184090266097705,0.001674390311053229,,,,0.5737101468301536,0.5154491056142947,0.5737101468301536,-0.05826104121585893,0.0020139279205158484,0.019201297613797665,0.01920306758053589,0.001193121409271614,-218.0562053890109,-215.3917963686605,2,False,ensemble,5.0,805.0,28,0.7,50.0,1.2605031334125747
strict_combined_09,heterogeneous leakage boundary,R100E,98.6154146165801,Hantush-Jacob leaky,6.301464770531392e-05,0.001,0.00010100852743970107,0.0015588093735717464,,,216.92364893607225,0.4718377407474998,0.4439223077898095,0.4718377407474998,-0.027915432957690233,0.0029024747041594516,0.01650552561530482,0.01650664983899993,0.0006185897791464751,-223.96184916245312,-219.9652356319275,3,False,ensemble,5.0,805.0,28,0.7,50.0,1.2605031334125747
strict_combined_09,heterogeneous leakage boundary,R100E,98.6154146165801,Lagging Darcy no-leakage,6.301464770531392e-05,0.001,0.00010939467109827183,0.0016711637342231016,4.781105756281938,86.02162091927028,,0.5515949759222514,0.5135202305838213,0.5515949759222514,-0.038074745338429944,0.000554991437956512,0.01892289389516424,0.01892458797966768,0.001347962271816673,-215.16676290030202,-209.8379448596012,4,False,ensemble,5.0,805.0,28,0.7,50.0,1.2605031334125747
strict_combined_09,heterogeneous leakage boundary,R100E,98.6154146165801,Lagging Darcy with leakage,6.301464770531392e-05,0.001,6.88631459530441e-05,0.0012729330553394136,1138.5613678590796,1637.6485307778867,106.75513380823355,0.08875394046005891,0.24132373008517158,0.08875394046005891,0.15256978962511247,1.4635622435522442e-05,0.000422977490486253,0.00042297750945266967,1.2367092658334446e-05,-426.0022800469375,-419.34125749606153,5,False,ensemble,5.0,805.0,28,0.7,50.0,1.2605031334125747
strict_combined_09,heterogeneous leakage boundary,R100N,98.6154146165801,Theis confined,6.301464770531392e-05,0.001,0.0001284841586188328,0.0009126430504602994,,,,0.7124384148791025,-0.09141043818452549,0.7124384148791025,-0.8038488530636282,0.005195832197577771,0.027022353204331287,0.02702728693658526,0.0009723644746853971,-198.18591576224273,-195.52150674189232,2,False,ensemble,5.0,805.0,28,0.7,50.0,1.2605031334125747
strict_combined_09,heterogeneous leakage boundary,R100N,98.6154146165801,Hantush-Jacob leaky,6.301464770531392e-05,0.001,0.0001284559704360323,0.0009125351817064803,,,99999.99999990499,0.7122190004729738,-0.09152863897395383,0.7122190004729738,-0.8037476394469277,0.005200597766280497,0.027014699575447155,0.027019629116274944,0.0009649350210700974,-196.19929476276246,-192.20268123223684,3,True,ensemble,5.0,805.0,28,0.7,50.0,1.2605031334125747
strict_combined_09,heterogeneous leakage boundary,R100N,98.6154146165801,Lagging Darcy no-leakage,6.301464770531392e-05,0.001,0.00012053610055037911,0.0009177419696942516,198.07494547597787,364.9662987422079,,0.6485820950666099,-0.08583900663611811,0.6485820950666099,-0.7344211017027282,-0.00017907319079694083,0.011724614936638933,0.011725017883898898,0.0012560934184813273,-241.99115046630357,-236.66233242560276,4,False,ensemble,5.0,805.0,28,0.7,50.0,1.2605031334125747
strict_combined_09,heterogeneous leakage boundary,R100N,98.6154146165801,Lagging Darcy with leakage,6.301464770531392e-05,0.001,9.908648657354356e-05,0.0008430663487395846,839.9628051936851,1223.5990766475018,214.2558463222323,0.4526258678938469,-0.17070961857373826,0.4526258678938469,-0.6233354864675851,0.00025703690997877813,0.002665395111915865,0.0026653998459048836,0.0001679252299285875,-322.6841193022739,-316.02309675139793,5,False,ensemble,5.0,805.0,28,0.7,50.0,1.2605031334125747
sens_grid_homogeneous_00,homogeneous confined,R20E,20.0,Theis confined,5e-05,0.001,6.572365450297776e-05,0.0008502825166886569,,,,0.2734358933613298,-0.16218661214641258,0.2734358933613298,-0.4356225055077423,0.055664447697023174,0.20139237498892817,0.20345179812203568,0.04104705855850575,-84.6234851899776,-81.9590761696272,2,False,grid_sensitivity,10.0,605.0,28,0.0,0.0,0.0
sens_grid_homogeneous_00,homogeneous confined,R20E,20.0,Hantush-Jacob leaky,5e-05,0.001,6.31547497289883e-05,0.0008371641836379612,,,99999.99999999984,0.2335650539839599,-0.17773507045543438,0.2335650539839599,-0.4113001244393943,0.05806298633362456,0.21263131990815043,0.21505748800238567,0.05049766587682809,-79.63168496850793,-75.63507143798232,3,True,grid_sensitivity,10.0,605.0,28,0.0,0.0,0.0
sens_grid_homogeneous_00,homogeneous confined,R20E,20.0,Lagging Darcy no-leakage,5e-05,0.001,5.163163045600681e-05,0.0009794765457484442,15.550993517659066,109.09928497189264,,0.03211147258916711,-0.020736987010882873,0.03211147258916711,-0.05284845960005006,0.0002705592452990965,0.0176814848398962,0.017682866892250362,0.003833094495084171,-218.98478145139472,-213.65596341069391,4,False,grid_sensitivity,10.0,605.0,28,0.0,0.0,0.0
sens_grid_homogeneous_00,homogeneous confined,R20E,20.0,Lagging Darcy with leakage,5e-05,0.001,5.163146905059963e-05,0.0009794776007086867,15.553323908580943,109.10344554837481,25343.33070264891,0.032108346488789644,-0.020735909946119215,0.032108346488789644,-0.05284425643490876,0.0002713112104314425,0.01768176147356112,0.01768314359078687,0.0038332246670702225,-216.9838676947289,-210.32284514385287,5,False,grid_sensitivity,10.0,605.0,28,0.0,0.0,0.0
sens_grid_homogeneous_00,homogeneous confined,R50E,50.0,Theis confined,5e-05,0.001,6.257675907692217e-05,0.0009992840043567066,,,,0.22437094299152954,-0.0007162520905914007,0.22437094299152954,-0.22508719508212094,0.017036443585184965,0.08323406919801223,0.08337843702278519,0.0110370952163644,-135.04900790865355,-132.38459888830315,2,False,grid_sensitivity,10.0,605.0,28,0.0,0.0,0.0
sens_grid_homogeneous_00,homogeneous confined,R50E,50.0,Hantush-Jacob leaky,5e-05,0.001,6.249518940713286e-05,0.0009986395638279528,,,99999.99999991192,0.22306657886603257,-0.0013613624054859036,0.22306657886603257,-0.22442794127151858,0.017083886372304354,0.08351874528642514,0.08366460092156938,0.011181122853735154,-132.8592803006589,-128.86266677013327,3,True,grid_sensitivity,10.0,605.0,28,0.0,0.0,0.0
sens_grid_homogeneous_00,homogeneous confined,R50E,50.0,Lagging Darcy no-leakage,5e-05,0.001,5.201207763736955e-05,0.0010279229216485011,281.16125895856976,586.058078056532,,0.039452948441685724,0.02754018528076523,0.039452948441685724,-0.01191276316092049,0.0008328989061914401,0.00594510162318906,0.00594515415484666,0.0009551162782713148,-279.4645996729428,-274.135781632242,4,False,grid_sensitivity,10.0,605.0,28,0.0,0.0,0.0
sens_grid_homogeneous_00,homogeneous confined,R50E,50.0,Lagging Darcy with leakage,5e-05,0.001,5.2012258040947614e-05,0.0010279218265424955,281.1320575507319,586.0169703795927,97558.93552049747,0.03945641692964845,0.027539119922102694,0.03945641692964845,-0.011917297007545704,0.0008326851409923085,0.0059451563066516624,0.005945208839756696,0.0009552949312795584,-277.4643815274368,-270.8033589765608,5,False,grid_sensitivity,10.0,605.0,28,0.0,0.0,0.0
sens_grid_homogeneous_00,homogeneous confined,R100E,100.0,Theis confined,5e-05,0.001,6.554788065674297e-05,0.0010710263971657231,,,,0.2707578725539691,0.06861743837543458,0.2707578725539691,-0.20214043417853467,0.007782461132651202,0.04296519574082863,0.042985031892942435,0.0029881296590916506,-172.33388480677786,-169.66947578642745,2,False,grid_sensitivity,10.0,605.0,28,0.0,0.0,0.0
sens_grid_homogeneous_00,homogeneous confined,R100E,100.0,Hantush-Jacob leaky,5e-05,0.001,6.554744649686296e-05,0.0010710222870530253,,,99999.99999476901,0.270751248978752,0.06861360082241513,0.270751248978752,-0.20213764815633686,0.007782603595320903,0.042966206725299765,0.042986044278057835,0.0029883255447377844,-170.33257675204575,-166.33596322152013,3,True,grid_sensitivity,10.0,605.0,28,0.0,0.0,0.0
sens_grid_homogeneous_00,homogeneous confined,R100E,100.0,Lagging Darcy no-leakage,5e-05,0.001,5.348559023102421e-05,0.0010379258346189298,1373.2248265035166,2168.746436555258,,0.06738927071870189,0.0372243319202241,0.06738927071870189,-0.03016493879847773,0.00032360837897298485,0.0028605126415272046,0.002860518493105274,0.0002374164942627669,-320.627362107777,-315.2985440670762,4,False,grid_sensitivity,10.0,605.0,28,0.0,0.0,0.0
sens_grid_homogeneous_00,homogeneous confined,R100E,100.0,Lagging Darcy with leakage,5e-05,0.001,5.348588221334113e-05,0.0010379258235038457,1373.0522979218185,2168.5269709488216,99999.99633135906,0.06739472978755928,0.03722432121128551,0.06739472978755928,-0.03017040857627385,0.0003234232683511804,0.002860549141831415,0.002860554993610158,0.00023747385482411387,-318.62707636575334,-311.96605381487734,5,True,grid_sensitivity,10.0,605.0,28,0.0,0.0,0.0
sens_grid_homogeneous_00,homogeneous confined,R100N,100.0,Theis confined,5e-05,0.001,6.554788196179492e-05,0.0010710264110580935,,,,0.27075789246387205,0.06861745134651549,0.27075789246387205,-0.20214044111735646,0.007782460871658106,0.042965193625470945,0.042985029774653405,0.002988129556669005,-172.33388753496718,-169.66947851461677,2,False,grid_sensitivity,10.0,605.0,28,0.0,0.0,0.0
sens_grid_homogeneous_00,homogeneous confined,R100N,100.0,Hantush-Jacob leaky,5e-05,0.001,6.554744777249789e-05,0.0010710223006432302,,,99999.99999469635,0.2707512684399969,0.068613613511418,0.2707512684399969,-0.20213765492857894,0.00778260328663441,0.042966204618989284,0.04298604216882991,0.002988325429952121,-170.3325794800601,-166.33596594953448,3,True,grid_sensitivity,10.0,605.0,28,0.0,0.0,0.0
sens_grid_homogeneous_00,homogeneous confined,R100N,100.0,Lagging Darcy no-leakage,5e-05,0.001,5.34859786865496e-05,0.0010379263256846455,1373.0342865279008,2168.5009756593486,,0.06739653349944491,0.037224805042274926,0.06739653349944491,-0.030171728457169932,0.00032342853083520577,0.0028605339214318724,0.0028605397731140824,0.00023748368819273254,-320.62735851115724,-315.29854047045643,4,False,grid_sensitivity,10.0,605.0,28,0.0,0.0,0.0
sens_grid_homogeneous_00,homogeneous confined,R100N,100.0,Lagging Darcy with leakage,5e-05,0.001,5.3484842761213644e-05,0.001037915545725765,1373.1413772238132,2168.656603464382,18326.22078677901,0.06737529545862934,0.03721441893432614,0.06737529545862934,-0.030160876524303055,0.000323473155648536,0.0028609749984921514,0.00286098085289585,0.00023751560029529917,-318.6187361971237,-311.9577136462477,5,False,grid_sensitivity,10.0,605.0,28,0.0,0.0,0.0
sens_grid_leakage_01,vertical leakage,R20E,20.0,Theis confined,5e-05,0.001,7.441967355674599e-05,0.0009075738116015262,,,,0.3976973309817306,-0.0969803810525505,0.3976973309817306,-0.4946777120342811,0.050890114390015104,0.17879961681734707,0.1802382050923535,0.021643566780884176,-91.16304491681615,-88.49863589646574,2,False,grid_sensitivity,10.0,605.0,28,0.0,0.0,0.0
sens_grid_leakage_01,vertical leakage,R20E,20.0,Hantush-Jacob leaky,5e-05,0.001,7.150137340004079e-05,0.000892635150742463,,,99999.99999999984,0.357693652479516,-0.11357734738929776,0.357693652479516,-0.4712709998688137,0.05301963873227426,0.1847584429735661,0.18634642743826335,0.025529310806169447,-87.29126409915202,-83.29465056862641,3,True,grid_sensitivity,10.0,605.0,28,0.0,0.0,0.0
sens_grid_leakage_01,vertical leakage,R20E,20.0,Lagging Darcy no-leakage,5e-05,0.001,6.138207863553916e-05,0.0010215966857679698,0.5187145387943118,69.52595703855951,,0.2050949082200004,0.02136678157271728,0.2050949082200004,-0.18372812664728297,0.0002649542461889693,0.036077734278619975,0.03608947718365572,0.016908699637421587,-179.0531734380238,-173.724355397323,4,False,grid_sensitivity,10.0,605.0,28,0.0,0.0,0.0
sens_grid_leakage_01,vertical leakage,R20E,20.0,Lagging Darcy with leakage,5e-05,0.001,5.416814078990194e-05,0.0009915327509402406,12.318024631229253,99.1829653476567,98.69040221832198,0.08006992188603146,-0.008503299858047594,0.08006992188603146,-0.088573221744079,0.00025263404203088177,0.014229663932458149,0.014230384280300063,0.0023872470552785663,-229.14502598811555,-222.48400343723952,5,False,grid_sensitivity,10.0,605.0,28,0.0,0.0,0.0
sens_grid_leakage_01,vertical leakage,R50E,50.0,Theis confined,5e-05,0.001,8.426962676784628e-05,0.001211586427137599,,,,0.5219984953424665,0.19193059767967233,0.5219984953424665,-0.33006789766279415,0.011756681688247613,0.057790582078070286,0.05783886721144502,0.005160478365032856,-155.49368510260035,-152.82927608224995,2,False,grid_sensitivity,10.0,605.0,28,0.0,0.0,0.0
sens_grid_leakage_01,vertical leakage,R50E,50.0,Hantush-Jacob leaky,5e-05,0.001,8.41557758952361e-05,0.001210655786044011,,,99999.92694748295,0.5206465509427386,0.19116218473210211,0.5206465509427386,-0.3294843662106365,0.011786737964555507,0.057527887954988255,0.057575517318392645,0.004958681175859163,-153.73232440517737,-149.73571087465174,3,True,grid_sensitivity,10.0,605.0,28,0.0,0.0,0.0
sens_grid_leakage_01,vertical leakage,R50E,50.0,Lagging Darcy no-leakage,5e-05,0.001,7.765825161744946e-05,0.0012310042272721008,5.225528563344924,121.12635127305725,,0.4402948053261637,0.20783028121112446,0.4402948053261637,-0.23246452411503926,0.00038984974203473243,0.034638823316949896,0.03464921624609147,0.007128705578356491,-181.33030543109086,-176.00148739039005,4,False,grid_sensitivity,10.0,605.0,28,0.0,0.0,0.0
sens_grid_leakage_01,vertical leakage,R50E,50.0,Lagging Darcy with leakage,5e-05,0.001,5.664314377895472e-05,0.0010684731276062473,215.4517659627858,472.0151851561317,91.49212249364167,0.12474794698893717,0.06623064581761381,0.12474794698893717,-0.05851730117132339,0.0005043385651155982,0.003112609921018303,0.0031126174600362004,0.0002698042031134476,-313.514597105283,-306.853574554407,5,False,grid_sensitivity,10.0,605.0,28,0.0,0.0,0.0
sens_grid_leakage_01,vertical leakage,R100E,100.0,Theis confined,5e-05,0.001,0.00012058668893676869,0.0016713562644451543,,,,0.8803458991146841,0.5136354312242617,0.8803458991146841,-0.3667104678904225,0.002535125431034028,0.025058004788357402,0.02506193880584099,0.0015234475267595603,-203.17012307067137,-200.50571405032096,2,False,grid_sensitivity,10.0,605.0,28,0.0,0.0,0.0
sens_grid_leakage_01,vertical leakage,R100E,100.0,Hantush-Jacob leaky,5e-05,0.001,0.0001043130875194137,0.0015106794513515542,,,185.9496868695754,0.7353738282791964,0.4125595174041748,0.7353738282791964,-0.32281431087502155,0.0038363186673353437,0.020717824910365668,0.020720048278210074,0.0007299798850060109,-211.13857416597438,-207.14196063544875,3,False,grid_sensitivity,10.0,605.0,28,0.0,0.0,0.0
sens_grid_leakage_01,vertical leakage,R100E,100.0,Lagging Darcy no-leakage,5e-05,0.001,0.00011782886901191039,0.0016685972259950588,6.814646015463751,92.01170906778401,,0.8572103037779016,0.5119832890099609,0.8572103037779016,-0.3452270147679407,0.0009537435113494166,0.024850193489401137,0.024854030431159576,0.0016824449760799575,-199.88938047765282,-194.560562436952,4,False,grid_sensitivity,10.0,605.0,28,0.0,0.0,0.0
sens_grid_leakage_01,vertical leakage,R100E,100.0,Lagging Darcy with leakage,5e-05,0.001,6.523754742994109e-05,0.001175216558123681,955.5013733177454,1531.9336943701123,94.40338445173106,0.2660121785760487,0.1614524354001931,0.2660121785760487,-0.10455974317585573,9.384669987670461e-05,0.0006895869057296797,0.0006895869877329063,2.299068101164203e-05,-398.1330022831272,-391.4719797322512,5,False,grid_sensitivity,10.0,605.0,28,0.0,0.0,0.0
sens_grid_leakage_01,vertical leakage,R100N,100.0,Theis confined,5e-05,0.001,0.00012058669295182345,0.0016713562977329673,,,,0.8803459324106866,0.5136354511409086,0.8803459324106866,-0.36671048126977795,0.002535124950525857,0.025058008290839838,0.02506194230997134,0.001523447783558204,-203.17011543696552,-200.5057064166151,2,False,grid_sensitivity,10.0,605.0,28,0.0,0.0,0.0
sens_grid_leakage_01,vertical leakage,R100N,100.0,Hantush-Jacob leaky,5e-05,0.001,0.00010431308439301508,0.0015106794147875513,,,185.94964528536505,0.735373798307898,0.4125594932004939,0.735373798307898,-0.32281430510740405,0.0038363187295674646,0.02071782516404284,0.020720048531969387,0.0007299797975779371,-211.13857347264033,-207.1419599421147,3,False,grid_sensitivity,10.0,605.0,28,0.0,0.0,0.0
sens_grid_leakage_01,vertical leakage,R100N,100.0,Lagging Darcy no-leakage,5e-05,0.001,0.00011781434065608004,0.0016685719795208845,10.780533330737313,96.41340130798359,,0.857086995698121,0.511968158537024,0.857086995698121,-0.3451188371610969,0.0009480600692057048,0.024852866541650913,0.024856704721832327,0.0016833652188312713,-199.88387361648802,-194.5550555757872,4,False,grid_sensitivity,10.0,605.0,28,0.0,0.0,0.0
sens_grid_leakage_01,vertical leakage,R100N,100.0,Lagging Darcy with leakage,5e-05,0.001,6.523812752434707e-05,0.001175222606874752,955.481505694394,1531.903058949966,94.40417902449646,0.26602107056922975,0.16145758231159693,0.26602107056922975,-0.10456348825763287,9.385705332260118e-05,0.0006895847798032953,0.0006895848617476572,2.300162662151535e-05,-398.1330552404837,-391.4720326896077,5,False,grid_sensitivity,10.0,605.0,28,0.0,0.0,0.0
sens_grid_homogeneous_02,homogeneous confined,R20E,20.0,Theis confined,5e-05,0.001,5.983435036985436e-05,0.0009375107212140091,,,,0.1795569115124804,-0.06452708524135153,0.1795569115124804,-0.24408399675383205,0.03453250017471646,0.1303042046925664,0.1308592810590357,0.02631301113931352,-109.17126973194618,-106.50686071159578,2,False,grid_sensitivity,5.0,605.0,28,0.0,0.0,0.0
sens_grid_homogeneous_02,homogeneous confined,R20E,20.0,Hantush-Jacob leaky,5e-05,0.001,5.8034273214488855e-05,0.0009248286478727066,,,99999.99999999806,0.14901074808646875,-0.07814680417280663,0.14901074808646875,-0.22715755225927545,0.03597869519886868,0.13957689977555898,0.14025946615390136,0.0350314820568999,-103.42430690937523,-99.42769337884963,3,True,grid_sensitivity,5.0,605.0,28,0.0,0.0,0.0
sens_grid_homogeneous_02,homogeneous confined,R20E,20.0,Lagging Darcy no-leakage,5e-05,0.001,5.144658366890567e-05,0.0010178609289460347,10.980492813706869,68.76724445824414,,0.028521053654181856,0.01770329675876273,0.028521053654181856,-0.010817756895419287,0.0009293322347400242,0.012089263398347986,0.01208970512413058,0.0028206783906015694,-240.11172902238647,-234.78291098168566,4,False,grid_sensitivity,5.0,605.0,28,0.0,0.0,0.0
sens_grid_homogeneous_02,homogeneous confined,R20E,20.0,Lagging Darcy with leakage,5e-05,0.001,5.1446490820366516e-05,0.0010178616615028285,10.978200564388441,68.76516496374028,99140.8735947613,0.028519248896386094,0.017704016460746787,0.028519248896386094,-0.010815232435639298,0.0009285870211262932,0.012089341692095384,0.012089783426464948,0.0028204353402591312,-238.11164196260896,-231.45061941173293,5,False,grid_sensitivity,5.0,605.0,28,0.0,0.0,0.0
sens_grid_homogeneous_02,homogeneous confined,R50E,50.0,Theis confined,5e-05,0.001,5.935351191909073e-05,0.0010107777614530393,,,,0.1714882869028366,0.010720095353035175,0.1714882869028366,-0.16076819154980138,0.010176392774114477,0.05646762924789299,0.05651267223793986,0.007993314334874798,-157.0396777096808,-154.3752686893304,2,False,grid_sensitivity,5.0,605.0,28,0.0,0.0,0.0
sens_grid_homogeneous_02,homogeneous confined,R50E,50.0,Hantush-Jacob leaky,5e-05,0.001,5.92925804212967e-05,0.0010102360090125735,,,99999.99999956037,0.17046117337640151,0.010183975845727626,0.17046117337640151,-0.16027719753067396,0.01020870297392111,0.056719937694426605,0.05676558744074123,0.008122576674657222,-154.79236379589798,-150.79575026537236,3,True,grid_sensitivity,5.0,605.0,28,0.0,0.0,0.0
sens_grid_homogeneous_02,homogeneous confined,R50E,50.0,Lagging Darcy no-leakage,5e-05,0.001,5.201092497734365e-05,0.0010314521518362204,417.1743217321257,649.4397655444021,,0.039430786804413816,0.030967665479165036,0.039430786804413816,-0.00846312132524879,0.0005409115476147796,0.005018692431884105,0.005018724033840104,0.0008711228181473704,-289.17981154653734,-283.8509935058365,4,False,grid_sensitivity,5.0,605.0,28,0.0,0.0,0.0
sens_grid_homogeneous_02,homogeneous confined,R50E,50.0,Lagging Darcy with leakage,5e-05,0.001,5.2010909743722295e-05,0.0010314514240410484,417.16482713490785,649.4279977274982,56389.73495844723,0.03943049391164943,0.030966959876459567,0.03943049391164943,-0.00846353403519,0.0005408439025357658,0.005018771955774519,0.0050188035592368604,0.0008711710709124375,-287.1790181187639,-280.5179955678879,5,False,grid_sensitivity,5.0,605.0,28,0.0,0.0,0.0
sens_grid_homogeneous_02,homogeneous confined,R100E,100.0,Theis confined,5e-05,0.001,6.404842180475097e-05,0.001067562363784456,,,,0.24761638256029964,0.0653778848212216,0.24761638256029964,-0.18223849773907796,0.006362340378350438,0.03696259361877888,0.03697522209477444,0.002641112428115054,-180.85046026811605,-178.18605124776565,2,False,grid_sensitivity,5.0,605.0,28,0.0,0.0,0.0
sens_grid_homogeneous_02,homogeneous confined,R100E,100.0,Hantush-Jacob leaky,5e-05,0.001,6.404804611250096e-05,0.0010675586958632996,,,99999.99996887043,0.24761051678966411,0.06537444902432402,0.24761051678966411,-0.18223606776534015,0.00636246482577936,0.03696352172566161,0.036976151153140804,0.0026412923706397614,-178.84906342545224,-174.85244989492662,3,True,grid_sensitivity,5.0,605.0,28,0.0,0.0,0.0
sens_grid_homogeneous_02,homogeneous confined,R100E,100.0,Lagging Darcy no-leakage,5e-05,0.001,5.3443101112945026e-05,0.0010383498335540286,1604.9912767826393,2336.687044921235,,0.06659455192468304,0.03763275450831514,0.06659455192468304,-0.02896179741636801,0.00022526245035280862,0.002579250397999791,0.0025792546876465725,0.0002206727899077004,-326.57204323637535,-321.24322519567454,4,False,grid_sensitivity,5.0,605.0,28,0.0,0.0,0.0
sens_grid_homogeneous_02,homogeneous confined,R100E,100.0,Lagging Darcy with leakage,5e-05,0.001,5.3441529855656325e-05,0.0010383348650891083,1605.157549783508,2336.921062961389,15593.220396155646,0.06656515092896316,0.0376183387764224,0.06656515092896316,-0.02894681215254059,0.0002253263228499179,0.002579853818216556,0.0025798581108596916,0.00022071549166610604,-324.5589216769476,-317.8978991260716,5,False,grid_sensitivity,5.0,605.0,28,0.0,0.0,0.0
sens_grid_homogeneous_02,homogeneous confined,R100N,100.0,Theis confined,5e-05,0.001,6.404842556432332e-05,0.0010675624036413866,,,,0.24761644125920487,0.06537792215574299,0.24761644125920487,-0.18223851910346192,0.00636233944056089,0.036962584738712514,0.03697521320560505,0.0026411113424694966,-180.85047356682398,-178.18606454647357,2,False,grid_sensitivity,5.0,605.0,28,0.0,0.0,0.0
sens_grid_homogeneous_02,homogeneous confined,R100N,100.0,Hantush-Jacob leaky,5e-05,0.001,6.404804986921674e-05,0.0010675587357039979,,,99999.99996889512,0.24761057544431325,0.06537448634376836,0.24761057544431325,-0.18223608910054478,0.0063624638918501775,0.03696351284499229,0.03697614226336606,0.0026412912841971728,-178.84907672370267,-174.85246319317704,3,True,grid_sensitivity,5.0,605.0,28,0.0,0.0,0.0
sens_grid_homogeneous_02,homogeneous confined,R100N,100.0,Lagging Darcy no-leakage,5e-05,0.001,5.344338833090446e-05,0.0010383500590028314,1604.8089083116008,2336.4598390245587,,0.06659992618593762,0.037632971630493985,0.06659992618593762,-0.02896695455544373,0.00022510765052963832,0.0025792607656186357,0.002579265055327274,0.00022071808389445305,-326.57212181779835,-321.24330377709754,4,False,grid_sensitivity,5.0,605.0,28,0.0,0.0,0.0
sens_grid_homogeneous_02,homogeneous confined,R100N,100.0,Lagging Darcy with leakage,5e-05,0.001,5.344296591544663e-05,0.00103834922289548,1605.0398643503188,2336.7492157969627,99886.6958571011,0.06659202217497562,0.037632166403315584,0.06659202217497562,-0.028959855771659906,0.00022527657842674425,0.002579260011296065,0.0025792643009782275,0.0002206535842494537,-324.5718085886423,-317.9107860377663,5,False,grid_sensitivity,5.0,605.0,28,0.0,0.0,0.0
sens_grid_leakage_03,vertical leakage,R20E,20.0,Theis confined,5e-05,0.001,6.791125906650593e-05,0.0010061746487680157,,,,0.30617883374812654,0.006155663734838477,0.30617883374812654,-0.300023170013288,0.030607638687697353,0.11217075843282066,0.1125245260315769,0.014115896930634716,-117.44875914817244,-114.78435012782204,2,False,grid_sensitivity,5.0,605.0,28,0.0,0.0,0.0
sens_grid_leakage_03,vertical leakage,R20E,20.0,Hantush-Jacob leaky,5e-05,0.001,6.587078697623164e-05,0.000991678562635339,,,99999.99999998421,0.27567204456817046,-0.008356253807671583,0.27567204456817046,-0.28402829837584204,0.03183740002790673,0.11377622704294028,0.11414543115379495,0.0126486243848996,-114.54945492807425,-110.55284139754865,3,True,grid_sensitivity,5.0,605.0,28,0.0,0.0,0.0
sens_grid_leakage_03,vertical leakage,R20E,20.0,Lagging Darcy no-leakage,5e-05,0.001,6.062355108688439e-05,0.001074159696280133,0.7567089657620082,42.367763541198,,0.19266044394611795,0.07153867803122642,0.19266044394611795,-0.12112176591489157,0.002020051710535045,0.03874165246313394,0.03875619399772233,0.018218899911403814,-174.98649891381694,-169.65768087311613,4,False,grid_sensitivity,5.0,605.0,28,0.0,0.0,0.0
sens_grid_leakage_03,vertical leakage,R20E,20.0,Lagging Darcy with leakage,5e-05,0.001,5.3311479200264e-05,0.0010288643422682584,6.278563744272214,59.54618803020912,91.77121209740552,0.06412867216590436,0.02845561363061588,0.06412867216590436,-0.035673058535288515,0.0007399379191409247,0.0093579491948522,0.009358154070336161,0.0014738648191573468,-252.4429666852697,-245.78194413439368,5,False,grid_sensitivity,5.0,605.0,28,0.0,0.0,0.0
sens_grid_leakage_03,vertical leakage,R50E,50.0,Theis confined,5e-05,0.001,8.002240432856282e-05,0.001231130632695201,,,,0.47028364414493934,0.20793296073958278,0.47028364414493934,-0.2623506834053566,0.005486192361156074,0.04098820571842836,0.041005427130087715,0.006255934774530143,-175.39323147224565,-172.72882245189524,2,False,grid_sensitivity,5.0,605.0,28,0.0,0.0,0.0
sens_grid_leakage_03,vertical leakage,R50E,50.0,Hantush-Jacob leaky,5e-05,0.001,7.415495544291529e-05,0.0011727670094930193,,,176.13200629116906,0.3941338909013997,0.15936592205901892,0.3941338909013997,-0.23476796884238102,0.006716740924864976,0.036847168975587395,0.036859679492013235,0.003346864447336389,-178.9243758849437,-174.92776235441806,3,False,grid_sensitivity,5.0,605.0,28,0.0,0.0,0.0
sens_grid_leakage_03,vertical leakage,R50E,50.0,Lagging Darcy no-leakage,5e-05,0.001,7.716226544621571e-05,0.0012394670040265779,2.7447666248381135,54.597533307535116,,0.43388754254923695,0.21468145174876543,0.43388754254923695,-0.2192060908004716,0.0006126155090366421,0.0358917452855859,0.03590330748091502,0.007358408382533423,-179.3357209136858,-174.006902872985,4,False,grid_sensitivity,5.0,605.0,28,0.0,0.0,0.0
sens_grid_leakage_03,vertical leakage,R50E,50.0,Lagging Darcy with leakage,5e-05,0.001,5.638520131746412e-05,0.001070746874591375,306.40029268100284,487.5182997044035,90.51992741862149,0.12018373065789134,0.06835641861239883,0.12018373065789134,-0.05182731204549266,0.0002613461654574774,0.0021539515346383825,0.0021539540329412583,0.0002103309308297397,-334.4593146333537,-327.7982920824777,5,False,grid_sensitivity,5.0,605.0,28,0.0,0.0,0.0
sens_grid_leakage_03,vertical leakage,R100E,100.0,Theis confined,5e-05,0.001,0.00011796421494686583,0.0016712311044648823,,,,0.8583583098817928,0.513560543141159,0.8583583098817928,-0.34479776674063406,0.0013301460018826723,0.024909407498511754,0.024913271936497696,0.0016737693530200033,-203.7161625994601,-201.0517535791097,2,False,grid_sensitivity,5.0,605.0,28,0.0,0.0,0.0
sens_grid_leakage_03,vertical leakage,R100E,100.0,Hantush-Jacob leaky,5e-05,0.001,9.72738494698617e-05,0.001459643921536261,,,158.83224337634562,0.665507185768944,0.37819251661567344,0.665507185768944,-0.2873146691532705,0.0029972856147804363,0.016969703372346052,0.016970925140548314,0.0006089097604899202,-222.40101884931414,-218.40440531878852,3,False,grid_sensitivity,5.0,605.0,28,0.0,0.0,0.0
sens_grid_leakage_03,vertical leakage,R100E,100.0,Lagging Darcy no-leakage,5e-05,0.001,0.00011720688576919389,0.0016708789149330319,10.066610659160922,36.65675412797766,,0.8519176222857938,0.5133497843503891,0.8519176222857938,-0.3385678379354047,0.0009490190851594235,0.02543840546263434,0.025442521394868318,0.0017169777397736433,-198.58164241614446,-193.25282437544365,4,False,grid_sensitivity,5.0,605.0,28,0.0,0.0,0.0
sens_grid_leakage_03,vertical leakage,R100E,100.0,Lagging Darcy with leakage,5e-05,0.001,6.479079135506307e-05,0.0011726380443504724,1112.7672290469236,1621.3362788832412,93.76807462929658,0.25914047911351984,0.15925594946177776,0.25914047911351984,-0.0998845296517421,2.3666273117157125e-05,0.00048223885767838704,0.00048223888571310834,1.749498133410751e-05,-418.6244239774376,-411.9634014265616,5,False,grid_sensitivity,5.0,605.0,28,0.0,0.0,0.0
sens_grid_leakage_03,vertical leakage,R100N,100.0,Theis confined,5e-05,0.001,0.00011796422283493945,0.0016712311706680457,,,,0.8583583767501508,0.5135605827545684,0.8583583767501508,-0.3447977939955826,0.0013301449674269128,0.02490942156189935,0.02491328600643054,0.0016737703965510316,-203.71613120453503,-201.05172218418463,2,False,grid_sensitivity,5.0,605.0,28,0.0,0.0,0.0
sens_grid_leakage_03,vertical leakage,R100N,100.0,Hantush-Jacob leaky,5e-05,0.001,9.727383946101574e-05,0.0014596438048398246,,,158.83217039603787,0.6655070828754477,0.37819243666710567,0.6655070828754477,-0.2873146462083419,0.002997286038242609,0.016969707179150136,0.01697092894816976,0.0006089099506838158,-222.40100643261025,-218.40439290208462,3,False,grid_sensitivity,5.0,605.0,28,0.0,0.0,0.0
sens_grid_leakage_03,vertical leakage,R100N,100.0,Lagging Darcy no-leakage,5e-05,0.001,0.00011722502776020898,0.0016709039931354901,9.67693447460625,35.7311781977108,,0.8520723963588129,0.5133647932262787,0.8520723963588129,-0.33870760313253423,0.0009595502379109558,0.025437856593699248,0.0254419722594945,0.0017158491048007989,-198.5819483451885,-193.25313030448768,4,False,grid_sensitivity,5.0,605.0,28,0.0,0.0,0.0
sens_grid_leakage_03,vertical leakage,R100N,100.0,Lagging Darcy with leakage,5e-05,0.001,6.479079667300396e-05,0.001172637980491483,1112.7594818613745,1621.3273097902456,93.76805978170214,0.25914056119216944,0.1592558950042308,0.25914056119216944,-0.09988466618793851,2.36652763163864e-05,0.0004822404065862372,0.0004822404346484462,1.7494913912036187e-05,-418.62425043514145,-411.96322788426545,5,False,grid_sensitivity,5.0,605.0,28,0.0,0.0,0.0
sens_grid_homogeneous_04,homogeneous confined,R20E,20.0,Theis confined,5e-05,0.001,5.691204413982555e-05,0.0009714119256025671,,,,0.129483985357944,-0.029004672429187233,0.129483985357944,-0.15848865778713134,0.021279737617379727,0.08652573465726386,0.08668793565052632,0.018362905329685056,-132.36444313198467,-129.70003411163427,2,False,grid_sensitivity,2.5,605.0,28,0.0,0.0,0.0
sens_grid_homogeneous_04,homogeneous confined,R20E,20.0,Hantush-Jacob leaky,5e-05,0.001,5.5414529658116094e-05,0.0009591283737970706,,,99999.99999999949,0.10281882213584208,-0.04173035091242001,0.10281882213584208,-0.14454917304826206,0.022351075327421664,0.09569403082626926,0.09591352522401883,0.026994709675220076,-124.88695760413933,-120.89034407361372,3,True,grid_sensitivity,2.5,605.0,28,0.0,0.0,0.0
sens_grid_homogeneous_04,homogeneous confined,R20E,20.0,Lagging Darcy no-leakage,5e-05,0.001,5.149613109816991e-05,0.0010245009862030272,17.620364077393155,56.0477889730802,,0.029483675112191826,0.024205651315219092,0.029483675112191826,-0.005278023796972776,0.0016058889473018168,0.010965802254833467,0.010966131919288542,0.0027618127855426186,-245.12891326023117,-239.80009521953036,4,False,grid_sensitivity,2.5,605.0,28,0.0,0.0,0.0
sens_grid_homogeneous_04,homogeneous confined,R20E,20.0,Lagging Darcy with leakage,5e-05,0.001,5.149593804835903e-05,0.0010245044783869371,17.64136547991573,56.07337317633848,96144.6512377383,0.029479926283520228,0.024209059977587426,0.029479926283520228,-0.005270866305932665,0.001608109538116728,0.010965496302868243,0.010965825939726524,0.002761381260560757,-243.12875577411822,-236.4677332232422,5,False,grid_sensitivity,2.5,605.0,28,0.0,0.0,0.0
sens_grid_homogeneous_04,homogeneous confined,R50E,50.0,Theis confined,5e-05,0.001,5.858064590491198e-05,0.0010131016264032441,,,,0.1583813619419282,0.013016542449065773,0.1583813619419282,-0.14536481949286265,0.008463307485676586,0.049540716266551085,0.04957112854347784,0.0072254916308975405,-164.46120928213506,-161.79680026178465,2,False,grid_sensitivity,2.5,605.0,28,0.0,0.0,0.0
sens_grid_homogeneous_04,homogeneous confined,R50E,50.0,Hantush-Jacob leaky,5e-05,0.001,5.852395405947611e-05,0.0010125830387775576,,,99999.9999991774,0.15741313610140664,0.012504530243089434,0.15741313610140664,-0.14490860585831727,0.008492613693500756,0.049789414447703774,0.04982028720253799,0.007351770859777671,-162.18333558505603,-158.1867220545304,3,True,grid_sensitivity,2.5,605.0,28,0.0,0.0,0.0
sens_grid_homogeneous_04,homogeneous confined,R50E,50.0,Lagging Darcy no-leakage,5e-05,0.001,5.198862090597157e-05,0.001032303970886181,490.3923067492433,708.6146850250666,,0.03900186047546482,0.03179316912172712,0.03900186047546482,-0.007208691353737816,0.00042889722032089854,0.004714644259579991,0.004714670458820247,0.0008340922340696518,-292.7755970125064,-287.4467789718056,4,False,grid_sensitivity,2.5,605.0,28,0.0,0.0,0.0
sens_grid_homogeneous_04,homogeneous confined,R50E,50.0,Lagging Darcy with leakage,5e-05,0.001,5.1988355005178585e-05,0.0010323054163651182,490.48153803694044,708.7244162513592,97853.36818658044,0.038996745866376734,0.03179456936619577,0.038996745866376734,-0.007202176500180956,0.00042918171711567305,0.004714641771856136,0.004714667971063289,0.000833902163673228,-290.7753101217212,-284.1142875708452,5,False,grid_sensitivity,2.5,605.0,28,0.0,0.0,0.0
sens_grid_homogeneous_04,homogeneous confined,R100E,100.0,Theis confined,5e-05,0.001,6.367206013261821e-05,0.0010666027884671367,,,,0.2417228444872287,0.06447863353228503,0.2417228444872287,-0.17724421095494375,0.006004013214801228,0.03543881397600314,0.03544994387400833,0.0025550633970739625,-183.2340785562447,-180.5696695358943,2,False,grid_sensitivity,2.5,605.0,28,0.0,0.0,0.0
sens_grid_homogeneous_04,homogeneous confined,R100E,100.0,Hantush-Jacob leaky,5e-05,0.001,6.367169462965734e-05,0.001066599207680509,,,99999.9999999819,0.2417171040728431,0.06447527633813807,0.2417171040728431,-0.17724182773470495,0.006004139156247321,0.035439723468657446,0.035450854223738164,0.0025552387405025244,-181.2326489925542,-177.23603546202858,3,True,grid_sensitivity,2.5,605.0,28,0.0,0.0,0.0
sens_grid_homogeneous_04,homogeneous confined,R100E,100.0,Lagging Darcy no-leakage,5e-05,0.001,5.3420827116315915e-05,0.0010384048008565006,1681.5891143258252,2399.1424307142493,,0.06617768540441285,0.03768569027797609,0.06617768540441285,-0.0284919951264367,0.0001973007433064509,0.002515377049871341,0.0025153810286356435,0.00021743101621248613,-328.0188350413487,-322.6900170006479,4,False,grid_sensitivity,2.5,605.0,28,0.0,0.0,0.0
sens_grid_homogeneous_04,homogeneous confined,R100E,100.0,Lagging Darcy with leakage,5e-05,0.001,5.342061680313108e-05,0.0010384034561247426,1681.66319638712,2399.235323878825,51459.36682599013,0.06617374848298742,0.03768439527950579,0.06617374848298742,-0.028489353203481806,0.00019735726448572258,0.0025154280489198986,0.0025154320279224727,0.0002174254542513891,-326.01760513787326,-319.35658258699726,5,False,grid_sensitivity,2.5,605.0,28,0.0,0.0,0.0
sens_grid_homogeneous_04,homogeneous confined,R100N,100.0,Theis confined,5e-05,0.001,6.367206492998781e-05,0.0010666028403679127,,,,0.24172291983219807,0.06447868219217529,0.24172291983219807,-0.17724423764002262,0.006004012109050193,0.0354388039822863,0.03544993387087223,0.0025550621699304125,-183.23409418984238,-180.56968516949198,2,False,grid_sensitivity,2.5,605.0,28,0.0,0.0,0.0
sens_grid_homogeneous_04,homogeneous confined,R100N,100.0,Hantush-Jacob leaky,5e-05,0.001,6.36716994385094e-05,0.0010665992596932642,,,99999.99999998207,0.24171717959858333,0.06447532510317892,0.24171717959858333,-0.17724185449540447,0.0060041380636517375,0.03543971347268792,0.0354508442183473,0.0025552375181547345,-181.23266462566352,-177.2360510951379,3,True,grid_sensitivity,2.5,605.0,28,0.0,0.0,0.0
sens_grid_homogeneous_04,homogeneous confined,R100N,100.0,Lagging Darcy no-leakage,5e-05,0.001,5.3420757287873564e-05,0.0010384048547163332,1681.6424267120756,2399.2084712690366,,0.06617637826463689,0.03768574214583259,0.06617637826463689,-0.02849063611880425,0.0001973388841016974,0.0025153706298497217,0.0025153746085821997,0.00021741896580522902,-328.0189084249111,-322.6900903842103,4,False,grid_sensitivity,2.5,605.0,28,0.0,0.0,0.0
sens_grid_homogeneous_04,homogeneous confined,R100N,100.0,Lagging Darcy with leakage,5e-05,0.001,5.342078340322716e-05,0.0010384045404742215,1681.6252031250854,2399.1848076898577,90061.67262682616,0.0661768671260558,0.037685439525753546,0.0661768671260558,-0.028491427600302342,0.00019733542393464437,0.0025153890731494932,0.0025153930519795204,0.0002174334558631977,-326.0185066527092,-319.3574841018332,5,False,grid_sensitivity,2.5,605.0,28,0.0,0.0,0.0
sens_grid_leakage_05,vertical leakage,R20E,20.0,Theis confined,5e-05,0.001,6.462047608552705e-05,0.0010451721563068414,,,,0.2565083224051188,0.04418161472551696,0.2565083224051188,-0.2123267076796018,0.01787380171855877,0.07318481837221763,0.07328292260088493,0.01391623508774491,-141.7647325001511,-139.1003234798007,2,False,grid_sensitivity,2.5,605.0,28,0.0,0.0,0.0
sens_grid_leakage_05,vertical leakage,R20E,20.0,Hantush-Jacob leaky,5e-05,0.001,6.292721174212344e-05,0.0010311231653684157,,,99999.99997418991,0.22995568383724221,0.03064865994482103,0.22995568383724221,-0.19930702389242114,0.01875588463530106,0.07091889889857134,0.07100816388102993,0.007279489709044236,-141.24582966315347,-137.24921613262785,3,True,grid_sensitivity,2.5,605.0,28,0.0,0.0,0.0
sens_grid_leakage_05,vertical leakage,R20E,20.0,Lagging Darcy no-leakage,5e-05,0.001,6.053324889083632e-05,0.0010839860559878295,0.43614463511963947,24.031353324018347,,0.1911697770947931,0.080645039454857,0.1911697770947931,-0.11052473763993605,0.0023412415182148863,0.0392070335070285,0.03922210551281081,0.01845006575721884,-174.2932937969431,-168.96447575624228,4,False,grid_sensitivity,2.5,605.0,28,0.0,0.0,0.0
sens_grid_leakage_05,vertical leakage,R20E,20.0,Lagging Darcy with leakage,5e-05,0.001,5.334578868687945e-05,0.0010355786370097922,7.823017104561377,41.472085869553375,91.28318979089202,0.06477203175083532,0.03496034007083908,0.06477203175083532,-0.029811691679996154,0.001098537940192749,0.008052472313069166,0.00805260285005707,0.0013808977460812808,-260.5024947016063,-253.84147215073025,5,False,grid_sensitivity,2.5,605.0,28,0.0,0.0,0.0
sens_grid_leakage_05,vertical leakage,R50E,50.0,Theis confined,5e-05,0.001,7.89970584579893e-05,0.0012352889269354145,,,,0.45738761163665026,0.2113048916537139,0.45738761163665026,-0.24608271998293638,0.003922201682906344,0.03825845621673489,0.038272460302956425,0.00663052065207806,-179.4646416175904,-176.80023259723998,2,False,grid_sensitivity,2.5,605.0,28,0.0,0.0,0.0
sens_grid_leakage_05,vertical leakage,R50E,50.0,Hantush-Jacob leaky,5e-05,0.001,7.173087864308954e-05,0.0011611242599991343,,,154.57020890868935,0.3608983139463352,0.14938872541164835,0.3608983139463352,-0.21150958853468696,0.0054325510604443655,0.03134684870505332,0.03135455083039781,0.0029179728801820787,-188.06741448133906,-184.07080095081344,3,False,grid_sensitivity,2.5,605.0,28,0.0,0.0,0.0
sens_grid_leakage_05,vertical leakage,R50E,50.0,Lagging Darcy no-leakage,5e-05,0.001,7.705125042490627e-05,0.0012410664749132917,4.7839548818781985,40.74332146616911,,0.4324477849526439,0.21597107039085933,0.4324477849526439,-0.21647671456178466,0.0006209686670747065,0.03618733434766306,0.03619918461854643,0.007414270767822803,-178.87632676962917,-173.54750872892836,4,False,grid_sensitivity,2.5,605.0,28,0.0,0.0,0.0
sens_grid_leakage_05,vertical leakage,R50E,50.0,Lagging Darcy with leakage,5e-05,0.001,5.630451278530252e-05,0.0010709350458164685,356.999539134573,521.225941121787,90.24610773863844,0.11875168254962427,0.06853214146254259,0.11875168254962427,-0.05021954108708187,0.00016774535284900656,0.0018902389601826613,0.0018902406486684454,0.00019230546740865834,-341.96946049568953,-335.30843794481353,5,False,grid_sensitivity,2.5,605.0,28,0.0,0.0,0.0
sens_grid_leakage_05,vertical leakage,R100E,100.0,Theis confined,5e-05,0.001,0.00011730703903315867,0.0016710735859185688,,,,0.8527717572386591,0.5134662856984529,0.8527717572386591,-0.3393054715402062,0.0010256418963537801,0.025059304932021725,0.02506323956194169,0.0017129997804232165,-203.4142585704653,-200.7498495501149,2,False,grid_sensitivity,2.5,605.0,28,0.0,0.0,0.0
sens_grid_leakage_05,vertical leakage,R100E,100.0,Hantush-Jacob leaky,5e-05,0.001,9.553758199756303e-05,0.0014464803667254696,,,153.36944519342816,0.647496693416694,0.369133272390311,0.647496693416694,-0.2783634210263832,0.002783088679382043,0.015997995610839453,0.015999019280623066,0.0005777737376463439,-225.72937501665848,-221.73276148613286,3,False,grid_sensitivity,2.5,605.0,28,0.0,0.0,0.0
sens_grid_leakage_05,vertical leakage,R100E,100.0,Lagging Darcy no-leakage,5e-05,0.001,0.0001169602026616648,0.001671254019571399,3.157460573702817,17.557586795302683,,0.8498107233151933,0.513574254559859,0.8498107233151933,-0.3362364687553343,0.0008908490446466749,0.025586661573006916,0.02559084989554655,0.0017310674330994228,-198.26142625585942,-192.9326082151586,4,False,grid_sensitivity,2.5,605.0,28,0.0,0.0,0.0
sens_grid_leakage_05,vertical leakage,R100E,100.0,Lagging Darcy with leakage,5e-05,0.001,6.468602007148093e-05,0.0011720453982318074,1164.2077510796696,1655.9341702273623,93.62199481532042,0.25752209964780004,0.15875042609728165,0.25752209964780004,-0.09877167355051836,3.0776864961375123e-06,0.0004429491798145796,0.0004429492014339076,1.6000809021430305e-05,-423.4520009627161,-416.7909784118401,5,False,grid_sensitivity,2.5,605.0,28,0.0,0.0,0.0
sens_grid_leakage_05,vertical leakage,R100N,100.0,Theis confined,5e-05,0.001,0.00011730704706156041,0.0016710736549637078,,,,0.8527718256778724,0.5134663270162847,0.8527718256778724,-0.33930549866158755,0.0010256408873460163,0.02505931567785065,0.02506325031283364,0.0017130005137274947,-203.41423469396176,-200.74982567361135,2,False,grid_sensitivity,2.5,605.0,28,0.0,0.0,0.0
sens_grid_leakage_05,vertical leakage,R100N,100.0,Hantush-Jacob leaky,5e-05,0.001,9.553757492918411e-05,0.0014464802812629407,,,153.36938973375575,0.6474966194313677,0.3691332133072199,0.6474966194313677,-0.2783634061241479,0.0027830888580177957,0.015997997069542576,0.015999020739607933,0.0005777737528402001,-225.7293699565579,-221.73275642603227,3,False,grid_sensitivity,2.5,605.0,28,0.0,0.0,0.0
sens_grid_leakage_05,vertical leakage,R100N,100.0,Lagging Darcy no-leakage,5e-05,0.001,0.0001170859414657195,0.001671426666910307,42.50441826298106,53.201119918596696,,0.8508852021673927,0.5136775532923761,0.8508852021673927,-0.3372076488750167,0.0009702600751160781,0.025584916868684665,0.02558910433442477,0.0017232101205426269,-198.25869314955253,-192.92987510885172,4,False,grid_sensitivity,2.5,605.0,28,0.0,0.0,0.0
sens_grid_leakage_05,vertical leakage,R100N,100.0,Lagging Darcy with leakage,5e-05,0.001,6.468691688724482e-05,0.0011720538520202275,1164.100501005036,1655.799427196951,93.62313178033212,0.2575359636874513,0.15875763892192576,0.2575359636874513,-0.09877832476552555,3.0213314398688817e-06,0.00044294983428211875,0.00044294985611403523,1.6012931274492657e-05,-423.45196909012543,-416.79094653924943,5,False,grid_sensitivity,2.5,605.0,28,0.0,0.0,0.0
sens_domain_boundary_06,constant head boundary,R20E,20.0,Theis confined,5e-05,0.001,5.986308502826975e-05,0.0009377333411016765,,,,0.18003703306014426,-0.06428965493221271,0.18003703306014426,-0.244326687992357,0.034513551151763196,0.1301581093467034,0.1307113163804831,0.026070694317201985,-109.23191206653516,-106.56750304618475,2,False,domain_sensitivity,5.0,405.0,28,0.0,0.0,0.0
sens_domain_boundary_06,constant head boundary,R20E,20.0,Hantush-Jacob leaky,5e-05,0.001,5.806278458126232e-05,0.0009250438014419458,,,99999.99999999806,0.14950191242582359,-0.0779141896806139,0.14950191242582359,-0.2274161021064376,0.03595736911801138,0.1393527742457836,0.14003204894668506,0.03471608409455671,-103.51063670113724,-99.51402317061164,3,True,domain_sensitivity,5.0,405.0,28,0.0,0.0,0.0
sens_domain_boundary_06,constant head boundary,R20E,20.0,Lagging Darcy no-leakage,5e-05,0.001,5.148491462391606e-05,0.001017962950197965,10.818030183606334,68.46108773909322,,0.029265839408163845,0.017803522768547585,0.029265839408163845,-0.01146231663961626,0.0009199445841330878,0.011923819499472825,0.011924243336649558,0.002599450820694456,-240.88215056541986,-235.55333252471905,4,False,domain_sensitivity,5.0,405.0,28,0.0,0.0,0.0
sens_domain_boundary_06,constant head boundary,R20E,20.0,Lagging Darcy with leakage,5e-05,0.001,5.148180456807517e-05,0.001018010768682365,10.938184692013664,68.63400985154182,99999.73748837046,0.029205430455324834,0.01785049634582444,0.029205430455324834,-0.011354934109500479,0.0009368168084772351,0.011922660821750647,0.011923084535383668,0.002591291356340775,-238.88119981066217,-232.22017725978614,5,True,domain_sensitivity,5.0,405.0,28,0.0,0.0,0.0
sens_domain_boundary_06,constant head boundary,R50E,50.0,Theis confined,5e-05,0.001,5.947091287055457e-05,0.0010119079675327814,,,,0.17346432827435346,0.011837625556733625,0.17346432827435346,-0.16162670271761992,0.010125910289845873,0.05592075307598742,0.05596449944578837,0.007645286897474763,-157.57594484056403,-154.91153582021363,2,False,domain_sensitivity,5.0,405.0,28,0.0,0.0,0.0
sens_domain_boundary_06,constant head boundary,R50E,50.0,Hantush-Jacob leaky,5e-05,0.001,5.941013385024958e-05,0.001011365905848932,,,99999.99999934561,0.1724418099288795,0.011301799236876643,0.1724418099288795,-0.16114001069200293,0.010157754659775404,0.05616090857411164,0.0562052212317568,0.007768651537868186,-155.3380710465316,-151.341457516006,3,True,domain_sensitivity,5.0,405.0,28,0.0,0.0,0.0
sens_domain_boundary_06,constant head boundary,R50E,50.0,Lagging Darcy no-leakage,5e-05,0.001,5.222604138626785e-05,0.0010321869302814448,403.53865046686127,630.0685009535962,,0.04355824219418992,0.03167978465023794,0.04355824219418992,-0.011878457543951997,0.0005050871905524923,0.004453821947003354,0.004453844034182374,0.0006053749090075204,-295.83091418965364,-290.50209614895283,4,False,domain_sensitivity,5.0,405.0,28,0.0,0.0,0.0
sens_domain_boundary_06,constant head boundary,R50E,50.0,Lagging Darcy with leakage,5e-05,0.001,5.2225448334733076e-05,0.0010321903018175615,403.6962976436664,630.2678723342082,95003.31834701047,0.043546886654190035,0.03168305104560824,0.043546886654190035,-0.011863835608581877,0.0005057957987344831,0.0044537618326736415,0.00445378391895256,0.0006049243953892548,-293.83062532359156,-287.16960277271556,5,False,domain_sensitivity,5.0,405.0,28,0.0,0.0,0.0
sens_domain_boundary_06,constant head boundary,R100E,100.0,Theis confined,5e-05,0.001,6.521397845648238e-05,0.00107967586936411,,,,0.2656508340297892,0.0766608751316629,0.2656508340297892,-0.1889899588981262,0.006061484965159853,0.03395309701141677,0.03396288475315384,0.0020461004464448714,-185.54322348640912,-182.8788144660587,2,False,domain_sensitivity,5.0,405.0,28,0.0,0.0,0.0
sens_domain_boundary_06,constant head boundary,R100E,100.0,Hantush-Jacob leaky,5e-05,0.001,6.521359863613651e-05,0.0010796721518129967,,,99999.99999978543,0.265645009796075,0.07665743191539862,0.265645009796075,-0.18898757788067647,0.0060616064323850945,0.0339538773078467,0.03396366572452104,0.00204626147577134,-183.54194180342444,-179.54532827289881,3,True,domain_sensitivity,5.0,405.0,28,0.0,0.0,0.0
sens_domain_boundary_06,constant head boundary,R100E,100.0,Lagging Darcy no-leakage,5e-05,0.001,5.581238495214428e-05,0.0010538881884459919,1238.0785051323714,1830.774509920219,,0.10997279187868512,0.052486361423645,0.10997279187868512,-0.05748643045503998,6.62777796263945e-05,0.0018558422031111827,0.0018558438010795222,0.00022210399678485816,-345.18861745357657,-339.85979941287576,4,False,domain_sensitivity,5.0,405.0,28,0.0,0.0,0.0
sens_domain_boundary_06,constant head boundary,R100E,100.0,Lagging Darcy with leakage,5e-05,0.001,5.4052168567867296e-05,0.0010359857802027038,1366.3392634679624,2013.8006739023153,445.2394978338727,0.0779266593668834,0.03535341807002749,0.0779266593668834,-0.04257324129685579,0.00011823572704833439,0.0016454985305932135,0.0016454996444356259,0.00014356784910121573,-349.81264104588354,-343.15161849500754,5,False,domain_sensitivity,5.0,405.0,28,0.0,0.0,0.0
sens_domain_boundary_06,constant head boundary,R100N,100.0,Theis confined,5e-05,0.001,6.521397331975865e-05,0.0010796758152212139,,,,0.2656507552625669,0.07666082498430012,0.2656507552625669,-0.1889899302782667,0.006061486191925554,0.03395310799303812,0.03396289574427308,0.0020461029874858016,-185.54320559092852,-182.87879657057812,2,False,domain_sensitivity,5.0,405.0,28,0.0,0.0,0.0
sens_domain_boundary_06,constant head boundary,R100N,100.0,Hantush-Jacob leaky,5e-05,0.001,6.521359347137346e-05,0.0010796720973880985,,,99999.9999997842,0.2656449305984328,0.07665738150667091,0.2656449305984328,-0.188987549091762,0.006061607619978238,0.03395388829776862,0.03396367672394867,0.002046264005161537,-183.5419239066792,-179.54531037615357,3,True,domain_sensitivity,5.0,405.0,28,0.0,0.0,0.0
sens_domain_boundary_06,constant head boundary,R100N,100.0,Lagging Darcy no-leakage,5e-05,0.001,5.581234285379376e-05,0.0010538881416724067,1238.1053155288928,1830.8069599246712,,0.10997203759508944,0.05248631704172026,0.10997203759508944,-0.05748572055336927,6.630756084107e-05,0.0018558255641813663,0.0018558271621110353,0.00022210414373999393,-345.1890856258097,-339.8602675851089,4,False,domain_sensitivity,5.0,405.0,28,0.0,0.0,0.0
sens_domain_boundary_06,constant head boundary,R100N,100.0,Lagging Darcy with leakage,5e-05,0.001,5.404118852833164e-05,0.0010358719528842939,1367.045504303784,2014.8436384221263,443.8027320851666,0.07772350091444213,0.035243538596445356,0.07772350091444213,-0.042479962317996715,0.00011849856584635423,0.0016454615371985812,0.0016454626510162772,0.00014312366198965333,-349.8132295751429,-343.1522070242669,5,False,domain_sensitivity,5.0,405.0,28,0.0,0.0,0.0
sens_domain_boundary_07,constant head boundary,R20E,20.0,Theis confined,5e-05,0.001,5.9835109231843045e-05,0.0009375165837474597,,,,0.17956959414664983,-0.06452083196340196,0.17956959414664983,-0.24409042611005183,0.034531996946643134,0.13030026593739005,0.1308552918509871,0.026306163484023887,-109.17290297246262,-106.50849395211222,2,False,domain_sensitivity,5.0,605.0,28,0.0,0.0,0.0
sens_domain_boundary_07,constant head boundary,R20E,20.0,Hantush-Jacob leaky,5e-05,0.001,5.803502759673028e-05,0.0009248343111990553,,,99999.99999999806,0.1490237469110704,-0.07814068054220583,0.1490237469110704,-0.22716442745327628,0.035978126040737086,0.13957072146301214,0.14025319695917463,0.03502243648464605,-103.42668308754352,-99.43006955701792,3,True,domain_sensitivity,5.0,605.0,28,0.0,0.0,0.0
sens_domain_boundary_07,constant head boundary,R20E,20.0,Lagging Darcy no-leakage,5e-05,0.001,5.1447589305282446e-05,0.001017861392764453,10.965355893704608,68.74553106280659,,0.028540600657627178,0.01770375243821704,0.028540600657627178,-0.010836848219410156,0.0009263753718853644,0.01208457052456561,0.01208501173612657,0.002813496715797265,-240.13442351856915,-234.80560547786834,4,False,domain_sensitivity,5.0,605.0,28,0.0,0.0,0.0
sens_domain_boundary_07,constant head boundary,R20E,20.0,Lagging Darcy with leakage,5e-05,0.001,5.1447103777241904e-05,0.001017869398877229,10.988629882159904,68.7780515215891,37743.18988300178,0.02853116327993532,0.017711618029098465,0.02853116327993532,-0.010819545250836877,0.0009303798274124338,0.012084393661097672,0.0120848348532886,0.002812528846159054,-238.13376871100454,-231.4727461601285,5,False,domain_sensitivity,5.0,605.0,28,0.0,0.0,0.0
sens_domain_boundary_07,constant head boundary,R50E,50.0,Theis confined,5e-05,0.001,5.935662377565396e-05,0.001010807574694148,,,,0.17154071471863735,0.01074959026534762,0.17154071471863735,-0.1607911244532898,0.010175032795367545,0.056452269139939226,0.056497275366451695,0.0079826569355399,-157.0546601121606,-154.3902510918102,2,False,domain_sensitivity,5.0,605.0,28,0.0,0.0,0.0
sens_domain_boundary_07,constant head boundary,R50E,50.0,Hantush-Jacob leaky,5e-05,0.001,5.9295698300838534e-05,0.0010102658213168088,,,99999.99999955557,0.17051375664308102,0.010213485647490656,0.17051375664308102,-0.16030027099559052,0.010207328214789969,0.05670418397197972,0.0567497956748022,0.008111716442372087,-154.80765920477302,-150.8110456742474,3,True,domain_sensitivity,5.0,605.0,28,0.0,0.0,0.0
sens_domain_boundary_07,constant head boundary,R50E,50.0,Lagging Darcy no-leakage,5e-05,0.001,5.201672358066102e-05,0.0010314707897366622,416.79226593318265,648.8976726979835,,0.039542268769136614,0.03098573488938542,0.039542268769136614,-0.00855653387975118,0.0005398731547630783,0.0049988020969257705,0.004998833324638053,0.0008605554958599934,-289.40082556624793,-284.0720075255471,4,False,domain_sensitivity,5.0,605.0,28,0.0,0.0,0.0
sens_domain_boundary_07,constant head boundary,R50E,50.0,Lagging Darcy with leakage,5e-05,0.001,5.201610869793615e-05,0.0010314744604952907,416.95291263290903,649.1024718234748,79450.59555611992,0.039530447833160745,0.030989293644643694,0.039530447833160745,-0.008541154188516975,0.0005406069462650512,0.004998757899842879,0.004998789126720496,0.0008600968751344736,-287.400404468214,-280.739381917338,5,False,domain_sensitivity,5.0,605.0,28,0.0,0.0,0.0
sens_domain_boundary_07,constant head boundary,R100E,100.0,Theis confined,5e-05,0.001,6.407906607872854e-05,0.0010678772382171843,,,,0.2480947229237625,0.06567278844173631,0.2480947229237625,-0.18242193448202615,0.006353812439280596,0.03686555031119395,0.03687807956324082,0.0026181185654673787,-180.9955264242658,-178.33111740391539,2,False,domain_sensitivity,5.0,605.0,28,0.0,0.0,0.0
sens_domain_boundary_07,constant head boundary,R100E,100.0,Hantush-Jacob leaky,5e-05,0.001,6.407868703712254e-05,0.0010678735529808584,,,99999.99997714524,0.24808880768887756,0.06566933744329465,0.24808880768887756,-0.18241947024558275,0.0063539426312732555,0.036866471252901,0.036879001444130186,0.00261829671589123,-178.99413501572346,-174.99752148519784,3,True,domain_sensitivity,5.0,605.0,28,0.0,0.0,0.0
sens_domain_boundary_07,constant head boundary,R100E,100.0,Lagging Darcy no-leakage,5e-05,0.001,5.351435390704583e-05,0.0010387736674811153,1592.1262885782912,2318.8285475262046,,0.06792690981648253,0.038040851506647266,0.06792690981648253,-0.0298860583098352,0.00021937627353846374,0.002475381789808129,0.00247538558180323,0.00020259980767827932,-328.8673544210963,-323.5385363803955,4,False,domain_sensitivity,5.0,605.0,28,0.0,0.0,0.0
sens_domain_boundary_07,constant head boundary,R100E,100.0,Lagging Darcy with leakage,5e-05,0.001,5.3514060026774434e-05,0.0010387730312092054,1592.2863434058559,2319.028500832846,99364.88024429548,0.06792141818560442,0.038040238984281126,0.06792141818560442,-0.02988117920132338,0.00021951189495551408,0.0024753841252620943,0.0024753879172578147,0.0002025574461078601,-326.8670222287458,-320.2059996778698,5,False,domain_sensitivity,5.0,605.0,28,0.0,0.0,0.0
sens_domain_boundary_07,constant head boundary,R100N,100.0,Theis confined,5e-05,0.001,6.407906576232215e-05,0.0010678772348973616,,,,0.24809471798601276,0.06567278533293058,0.24809471798601276,-0.1824219326530821,0.006353812531595946,0.036865551182553295,0.036878080435488646,0.002618118727041213,-180.99552511588274,-178.33111609553234,2,False,domain_sensitivity,5.0,605.0,28,0.0,0.0,0.0
sens_domain_boundary_07,constant head boundary,R100N,100.0,Hantush-Jacob leaky,5e-05,0.001,6.407868671727487e-05,0.0010678735496272428,,,99999.99997707826,0.24808880269739464,0.0656693343028333,0.24808880269739464,-0.18241946839456125,0.006353942719393874,0.03686647212503509,0.03687900231715397,0.002618296876042222,-178.994133707336,-174.99752017681038,3,True,domain_sensitivity,5.0,605.0,28,0.0,0.0,0.0
sens_domain_boundary_07,constant head boundary,R100N,100.0,Lagging Darcy no-leakage,5e-05,0.001,5.351419064438937e-05,0.0010387736323190617,1592.2350294613325,2318.96387846213,,0.06792385899191708,0.0380408176570656,0.06792385899191708,-0.029883041334851604,0.00021948184944930066,0.0024753727060437126,0.002475376497988792,0.00020257440596503347,-328.8673404724175,-323.5385224317167,4,False,domain_sensitivity,5.0,605.0,28,0.0,0.0,0.0
sens_domain_boundary_07,constant head boundary,R100N,100.0,Lagging Darcy with leakage,5e-05,0.001,5.35140634160626e-05,0.0010387731066569658,1592.2952923906687,2319.038665253584,99997.00542345815,0.06792148152013841,0.038040311615891186,0.06792148152013841,-0.02988116990424747,0.00021952465590106197,0.0024753834319149685,0.0024753872239143587,0.00020255927713513358,-326.86701145289226,-320.20598890201626,5,True,domain_sensitivity,5.0,605.0,28,0.0,0.0,0.0
sens_domain_boundary_08,constant head boundary,R20E,20.0,Theis confined,5e-05,0.001,5.983471081918824e-05,0.0009375135057949805,,,,0.1795629356147889,-0.06452411506002667,0.1795629356147889,-0.2440870506748155,0.03453226111405897,0.13030233321308377,0.1308573856067445,0.026309755867946885,-109.1720457470164,-106.507636726666,2,False,domain_sensitivity,5.0,1005.0,28,0.0,0.0,0.0
sens_domain_boundary_08,constant head boundary,R20E,20.0,Hantush-Jacob leaky,5e-05,0.001,5.8034631555228165e-05,0.0009248313379421467,,,99999.99999999806,0.1490169227073119,-0.07814389545503068,0.1490169227073119,-0.22716081816234257,0.03597842490122897,0.1395739636656922,0.14025648685322806,0.035027181666461654,-103.42543610628913,-99.42882257576352,3,True,domain_sensitivity,5.0,1005.0,28,0.0,0.0,0.0
sens_domain_boundary_08,constant head boundary,R20E,20.0,Lagging Darcy no-leakage,5e-05,0.001,5.1447078111827096e-05,0.0010178606903424507,10.971254904313627,68.75422303251342,,0.028530664409846977,0.017703062342050994,0.028530664409846977,-0.010827602067796089,0.0009275968356176037,0.012087055161309078,0.012087496645077985,0.0028172904591907276,-240.1225332372949,-234.7937151965941,4,False,domain_sensitivity,5.0,1005.0,28,0.0,0.0,0.0
sens_domain_boundary_08,constant head boundary,R20E,20.0,Lagging Darcy with leakage,5e-05,0.001,5.14468626673936e-05,0.0010178640930132872,10.980301257679452,68.767092888813,88598.99891224476,0.02852647671071013,0.017706405299669086,0.02852647671071013,-0.010820071411041082,0.0009289874141330717,0.012086970877744232,0.012087412352275015,0.002816779154241696,-238.12241134812146,-231.46138879724543,5,False,domain_sensitivity,5.0,1005.0,28,0.0,0.0,0.0
sens_domain_boundary_08,constant head boundary,R50E,50.0,Theis confined,5e-05,0.001,5.935499009252116e-05,0.0010107919225723172,,,,0.17151319115831035,0.010734105376424436,0.17151319115831035,-0.16077908578188607,0.010175746692950823,0.05646032661992705,0.056505352129057815,0.007988243183728138,-157.04680018213838,-154.38239116178798,2,False,domain_sensitivity,5.0,1005.0,28,0.0,0.0,0.0
sens_domain_boundary_08,constant head boundary,R50E,50.0,Hantush-Jacob leaky,5e-05,0.001,5.929406146443609e-05,0.0010102501697166152,,,99999.99999955557,0.1704861516221115,0.010197992971101607,0.1704861516221115,-0.16028815865100987,0.010208049859266367,0.05671244776511422,0.05675807942144104,0.008117408988401928,-154.7996352197614,-150.80302168923578,3,True,domain_sensitivity,5.0,1005.0,28,0.0,0.0,0.0
sens_domain_boundary_08,constant head boundary,R50E,50.0,Lagging Darcy no-leakage,5e-05,0.001,5.201368563437622e-05,0.0010314608526942161,416.98986511850575,649.1785565113054,,0.03948386380257757,0.030976100985632433,0.03948386380257757,-0.008507762816945185,0.000540344610464077,0.005009208402873038,0.0050092398260085476,0.0008660776320293845,-289.28517485571876,-283.95635681501795,4,False,domain_sensitivity,5.0,1005.0,28,0.0,0.0,0.0
sens_domain_boundary_08,constant head boundary,R50E,50.0,Lagging Darcy with leakage,5e-05,0.001,5.201374652174253e-05,0.0010314603855724404,416.97227622068544,649.1560471999761,94479.59217597269,0.03948503440469767,0.030975648111555575,0.03948503440469767,-0.008509386293142202,0.0005403425867797958,0.005009234248251615,0.005009265671888858,0.0008661542944669619,-287.28489186592833,-280.62386931505233,5,False,domain_sensitivity,5.0,1005.0,28,0.0,0.0,0.0
sens_domain_boundary_08,constant head boundary,R100E,100.0,Theis confined,5e-05,0.001,6.406296984914336e-05,0.0010677118397919864,,,,0.2478434981082164,0.0655178912030945,0.2478434981082164,-0.18232560690512195,0.006358289415031142,0.03691638766560314,0.03692896883226429,0.0026301482778290732,-180.9194826693435,-178.2550736489931,2,False,domain_sensitivity,5.0,1005.0,28,0.0,0.0,0.0
sens_domain_boundary_08,constant head boundary,R100E,100.0,Hantush-Jacob leaky,5e-05,0.001,6.406259428274768e-05,0.0010677081723280057,,,99999.9999673115,0.2478376356341937,0.06551445631538162,0.2478376356341937,-0.18232317931881226,0.006358413623363842,0.036917312894413794,0.036929895007235966,0.0026303278654294555,-178.9180884078129,-174.92147487728727,3,True,domain_sensitivity,5.0,1005.0,28,0.0,0.0,0.0
sens_domain_boundary_08,constant head boundary,R100E,100.0,Lagging Darcy no-leakage,5e-05,0.001,5.347678771990152e-05,0.0010385508643924281,1598.974570413183,2328.3179430919354,,0.0672246799287216,0.03782634184662756,0.0672246799287216,-0.029398338082094043,0.00022254236805902973,0.002529243176049566,0.0025292472210050156,0.00021195920697834606,-327.665160540206,-322.3363424995052,4,False,domain_sensitivity,5.0,1005.0,28,0.0,0.0,0.0
sens_domain_boundary_08,constant head boundary,R100E,100.0,Lagging Darcy with leakage,5e-05,0.001,5.347678670543382e-05,0.0010385504035571613,1598.9478994204674,2328.285376343965,99999.68709587055,0.06722466095847744,0.03782589811740362,0.06722466095847744,-0.029398762841073997,0.00022250082186277975,0.0025292616902798212,0.0025292657353119773,0.00021196446105165912,-325.66483714080766,-319.00381458993166,5,True,domain_sensitivity,5.0,1005.0,28,0.0,0.0,0.0
sens_domain_boundary_08,constant head boundary,R100N,100.0,Theis confined,5e-05,0.001,6.40629698705646e-05,0.0010677118400045256,,,,0.24784349844259415,0.06551789140215485,0.24784349844259415,-0.18232560704043932,0.00635828942496284,0.036916387633022366,0.03692896879965114,0.0026301482760124717,-180.9194827146809,-178.2550736943305,2,False,domain_sensitivity,5.0,1005.0,28,0.0,0.0,0.0
sens_domain_boundary_08,constant head boundary,R100N,100.0,Hantush-Jacob leaky,5e-05,0.001,6.406259430231537e-05,0.0010677081725316876,,,99999.99996737705,0.24783763593963998,0.06551445650614719,0.24783763593963998,-0.182323179433493,0.006358413636821061,0.036917312861201985,0.036929894973989304,0.0026303278630907608,-178.91808845315117,-174.92147492262555,3,True,domain_sensitivity,5.0,1005.0,28,0.0,0.0,0.0
sens_domain_boundary_08,constant head boundary,R100N,100.0,Lagging Darcy no-leakage,5e-05,0.001,5.347679884978648e-05,0.0010385507693907764,1598.947295744999,2328.2861883755972,,0.06722488805423314,0.037826250371419665,0.06722488805423314,-0.029398637682813467,0.00022250199131959345,0.002529246825101204,0.0025292508700703546,0.00021195936376707187,-327.665161305655,-322.33634326495417,4,False,domain_sensitivity,5.0,1005.0,28,0.0,0.0,0.0
sens_domain_boundary_08,constant head boundary,R100N,100.0,Lagging Darcy with leakage,5e-05,0.001,5.3476831270503605e-05,0.0010385496335468842,1598.877349265194,2328.198721777155,48165.40465071385,0.06722549431167546,0.037825156689197614,0.06722549431167546,-0.029400337622478043,0.0002224684836538419,0.0025293134046516577,0.002529317449938364,0.00021200067782812902,-325.66376606027035,-319.00274350939435,5,False,domain_sensitivity,5.0,1005.0,28,0.0,0.0,0.0
sens_time_homogeneous_09,homogeneous confined,R20E,20.0,Theis confined,5e-05,0.001,6.147697224892534e-05,0.0009333392432982736,,,,0.20663966428922262,-0.06898653940170604,0.20663966428922262,-0.2756262036909286,0.03542373240670276,0.1399926453369808,0.1406813459102195,0.029586010510766942,-74.36798125834127,-72.3765167112333,2,False,time_sensitivity,5.0,605.0,20,0.0,0.0,0.0
sens_time_homogeneous_09,homogeneous confined,R20E,20.0,Hantush-Jacob leaky,5e-05,0.001,5.94312493360219e-05,0.0009196932646833394,,,99999.99999999932,0.1727971657052663,-0.08371507248473155,0.1727971657052663,-0.25651223818999785,0.03706432841661907,0.15074998886974653,0.15161052712124212,0.0389319629468583,-69.47738134050226,-66.49018451984028,3,True,time_sensitivity,5.0,605.0,20,0.0,0.0,0.0
sens_time_homogeneous_09,homogeneous confined,R20E,20.0,Lagging Darcy no-leakage,5e-05,0.001,5.2108038491814685e-05,0.001025731406953128,20.350184959002963,86.54909029312664,,0.041296221099895565,0.0254059258810938,0.041296221099895565,-0.01589029521880183,0.0013684241539126548,0.016201022159148263,0.016202085300485666,0.0040019852002018625,-157.78346715302075,-153.8005380588048,4,False,time_sensitivity,5.0,605.0,20,0.0,0.0,0.0
sens_time_homogeneous_09,homogeneous confined,R20E,20.0,Lagging Darcy with leakage,5e-05,0.001,5.2104182639586094e-05,0.0010257932704265589,20.492848014630347,86.76206819592375,99999.99989565149,0.04122222109896511,0.025466235634256127,0.04122222109896511,-0.01575598546470891,0.001392980382087445,0.016199028237902032,0.01620009098674217,0.003992094348513567,-155.78295472936622,-150.80429336159628,5,True,time_sensitivity,5.0,605.0,20,0.0,0.0,0.0
sens_time_homogeneous_09,homogeneous confined,R50E,50.0,Theis confined,5e-05,0.001,6.219449018136722e-05,0.0010125819641768378,,,,0.2182434081002132,0.012503468995518819,0.2182434081002132,-0.2057399391046945,0.012313162106119723,0.06944241714759358,0.06952621847553321,0.010061114606032475,-103.06497364028115,-101.07350909317317,2,False,time_sensitivity,5.0,605.0,20,0.0,0.0,0.0
sens_time_homogeneous_09,homogeneous confined,R50E,50.0,Hantush-Jacob leaky,5e-05,0.001,6.210923198959695e-05,0.0010118834014456258,,,99999.99999989272,0.21687163574053067,0.011813348264584458,0.21687163574053067,-0.20505828747594626,0.012359623642809637,0.06978367906253838,0.06986872279250367,0.010221534032976142,-100.87033661898967,-97.88313979832769,3,True,time_sensitivity,5.0,605.0,20,0.0,0.0,0.0
sens_time_homogeneous_09,homogeneous confined,R50E,50.0,Lagging Darcy no-leakage,5e-05,0.001,5.281646204251383e-05,0.0010431305905026758,470.5875718783582,776.1512364949191,,0.054799917798656686,0.04222637479903856,0.054799917798656686,-0.012573542999618027,0.0008158990071882299,0.0071313258901941085,0.007131416558490189,0.001209193101189337,-190.48249700611007,-186.4995679118941,4,False,time_sensitivity,5.0,605.0,20,0.0,0.0,0.0
sens_time_homogeneous_09,homogeneous confined,R50E,50.0,Lagging Darcy with leakage,5e-05,0.001,5.281692140081519e-05,0.0010431278404815533,470.5008091699028,776.0317769931826,99998.60444742885,0.05480861501702425,0.04222373848027619,0.05480861501702425,-0.012584876536748111,0.000815583714099502,0.0071313874865263195,0.007131478157166484,0.0012095969647162993,-188.48236625214832,-183.50370488437838,5,True,time_sensitivity,5.0,605.0,20,0.0,0.0,0.0
sens_time_homogeneous_09,homogeneous confined,R100E,100.0,Theis confined,5e-05,0.001,6.867156724724351e-05,0.001081958528677244,,,,0.31731223982507734,0.07877285129532402,0.31731223982507734,-0.23853938852975337,0.008014213436452264,0.04703407347047594,0.0470600977050276,0.0034237025198469305,-118.69911105208557,-116.70764650497759,2,False,time_sensitivity,5.0,605.0,20,0.0,0.0,0.0
sens_time_homogeneous_09,homogeneous confined,R100E,100.0,Hantush-Jacob leaky,5e-05,0.001,6.867088250474989e-05,0.0010819524660464139,,,99999.99999595845,0.3173022685089275,0.07876724789403364,0.3173022685089275,-0.23853502061489398,0.008014448906112137,0.04703565265395981,0.04706167951071898,0.0034239712933994484,-116.69777303685225,-113.71057621619028,3,True,time_sensitivity,5.0,605.0,20,0.0,0.0,0.0
sens_time_homogeneous_09,homogeneous confined,R100E,100.0,Lagging Darcy no-leakage,5e-05,0.001,5.486880212158682e-05,0.0010516737447425803,1697.2524189799226,2654.616555439664,,0.09292191419588278,0.05038293764401573,0.09292191419588278,-0.042538976551867044,0.00040792090282250944,0.003898843100043064,0.0038988579166605603,0.0003182695778440532,-214.67974460238258,-210.69681550816662,4,False,time_sensitivity,5.0,605.0,20,0.0,0.0,0.0
sens_time_homogeneous_09,homogeneous confined,R100E,100.0,Lagging Darcy with leakage,5e-05,0.001,5.4868750740294716e-05,0.001051673414502993,1697.2704489907956,2654.6396262610137,96290.51698960878,0.09292097775633662,0.050382623630624686,0.09292097775633662,-0.04253835412571211,0.00040795396851029883,0.003898855858952355,0.003898870675699933,0.00031827066174394485,-212.6795782576758,-207.70091688990584,5,False,time_sensitivity,5.0,605.0,20,0.0,0.0,0.0
sens_time_homogeneous_09,homogeneous confined,R100N,100.0,Theis confined,5e-05,0.001,6.867157307356593e-05,0.0010819585872020431,,,,0.3173123246683742,0.07877290538685904,0.3173123246683742,-0.2385394192815152,0.008014212163748185,0.04703406217080339,0.04706008638659259,0.0034237011755110115,-118.69912056525985,-116.70765601815187,2,False,time_sensitivity,5.0,605.0,20,0.0,0.0,0.0
sens_time_homogeneous_09,homogeneous confined,R100N,100.0,Hantush-Jacob leaky,5e-05,0.001,6.867088833889523e-05,0.0010819525246200106,,,99999.99999597036,0.3173023534669896,0.07876730203097301,0.3173023534669896,-0.23853505143601655,0.00801444762919451,0.04703564135519155,0.04706166819318811,0.0034239699516845534,-116.69778254958615,-113.71058572892417,3,True,time_sensitivity,5.0,605.0,20,0.0,0.0,0.0
sens_time_homogeneous_09,homogeneous confined,R100N,100.0,Lagging Darcy no-leakage,5e-05,0.001,5.486883988516073e-05,0.0010516738058960508,1697.2384819184856,2654.5974010039213,,0.09292260244784849,0.05038299579272321,0.09292260244784849,-0.04253960665512547,0.00040791176231036425,0.0038988415719340076,0.0038988563885174075,0.0003182739703000694,-214.67977031148862,-210.69684121727266,4,False,time_sensitivity,5.0,605.0,20,0.0,0.0,0.0
sens_time_homogeneous_09,homogeneous confined,R100N,100.0,Lagging Darcy with leakage,5e-05,0.001,5.486848973545514e-05,0.0010516703763059916,1697.2665582405004,2654.6400928939793,31412.311889349043,0.09291622085086965,0.050379734709645796,0.09291622085086965,-0.042536486141223885,0.0004079532798145653,0.003898991152437153,0.003899005970717012,0.00031830018590041923,-212.67820683176103,-207.6995454639911,5,False,time_sensitivity,5.0,605.0,20,0.0,0.0,0.0
sens_time_homogeneous_10,homogeneous confined,R20E,20.0,Theis confined,5e-05,0.001,5.983435036985436e-05,0.0009375107212140091,,,,0.1795569115124804,-0.06452708524135153,0.1795569115124804,-0.24408399675383205,0.03453250017471646,0.1303042046925664,0.1308592810590357,0.02631301113931352,-109.17126973194618,-106.50686071159578,2,False,time_sensitivity,5.0,605.0,28,0.0,0.0,0.0
sens_time_homogeneous_10,homogeneous confined,R20E,20.0,Hantush-Jacob leaky,5e-05,0.001,5.8034273214488855e-05,0.0009248286478727066,,,99999.99999999806,0.14901074808646875,-0.07814680417280663,0.14901074808646875,-0.22715755225927545,0.03597869519886868,0.13957689977555898,0.14025946615390136,0.0350314820568999,-103.42430690937523,-99.42769337884963,3,True,time_sensitivity,5.0,605.0,28,0.0,0.0,0.0
sens_time_homogeneous_10,homogeneous confined,R20E,20.0,Lagging Darcy no-leakage,5e-05,0.001,5.144658366890567e-05,0.0010178609289460347,10.980492813706869,68.76724445824414,,0.028521053654181856,0.01770329675876273,0.028521053654181856,-0.010817756895419287,0.0009293322347400242,0.012089263398347986,0.01208970512413058,0.0028206783906015694,-240.11172902238647,-234.78291098168566,4,False,time_sensitivity,5.0,605.0,28,0.0,0.0,0.0
sens_time_homogeneous_10,homogeneous confined,R20E,20.0,Lagging Darcy with leakage,5e-05,0.001,5.1446490820366516e-05,0.0010178616615028285,10.978200564388441,68.76516496374028,99140.8735947613,0.028519248896386094,0.017704016460746787,0.028519248896386094,-0.010815232435639298,0.0009285870211262932,0.012089341692095384,0.012089783426464948,0.0028204353402591312,-238.11164196260896,-231.45061941173293,5,False,time_sensitivity,5.0,605.0,28,0.0,0.0,0.0
sens_time_homogeneous_10,homogeneous confined,R50E,50.0,Theis confined,5e-05,0.001,5.935351191909073e-05,0.0010107777614530393,,,,0.1714882869028366,0.010720095353035175,0.1714882869028366,-0.16076819154980138,0.010176392774114477,0.05646762924789299,0.05651267223793986,0.007993314334874798,-157.0396777096808,-154.3752686893304,2,False,time_sensitivity,5.0,605.0,28,0.0,0.0,0.0
sens_time_homogeneous_10,homogeneous confined,R50E,50.0,Hantush-Jacob leaky,5e-05,0.001,5.92925804212967e-05,0.0010102360090125735,,,99999.99999956037,0.17046117337640151,0.010183975845727626,0.17046117337640151,-0.16027719753067396,0.01020870297392111,0.056719937694426605,0.05676558744074123,0.008122576674657222,-154.79236379589798,-150.79575026537236,3,True,time_sensitivity,5.0,605.0,28,0.0,0.0,0.0
sens_time_homogeneous_10,homogeneous confined,R50E,50.0,Lagging Darcy no-leakage,5e-05,0.001,5.201092497734365e-05,0.0010314521518362204,417.1743217321257,649.4397655444021,,0.039430786804413816,0.030967665479165036,0.039430786804413816,-0.00846312132524879,0.0005409115476147796,0.005018692431884105,0.005018724033840104,0.0008711228181473704,-289.17981154653734,-283.8509935058365,4,False,time_sensitivity,5.0,605.0,28,0.0,0.0,0.0
sens_time_homogeneous_10,homogeneous confined,R50E,50.0,Lagging Darcy with leakage,5e-05,0.001,5.2010909743722295e-05,0.0010314514240410484,417.16482713490785,649.4279977274982,56389.73495844723,0.03943049391164943,0.030966959876459567,0.03943049391164943,-0.00846353403519,0.0005408439025357658,0.005018771955774519,0.0050188035592368604,0.0008711710709124375,-287.1790181187639,-280.5179955678879,5,False,time_sensitivity,5.0,605.0,28,0.0,0.0,0.0
sens_time_homogeneous_10,homogeneous confined,R100E,100.0,Theis confined,5e-05,0.001,6.404842180475097e-05,0.001067562363784456,,,,0.24761638256029964,0.0653778848212216,0.24761638256029964,-0.18223849773907796,0.006362340378350438,0.03696259361877888,0.03697522209477444,0.002641112428115054,-180.85046026811605,-178.18605124776565,2,False,time_sensitivity,5.0,605.0,28,0.0,0.0,0.0
sens_time_homogeneous_10,homogeneous confined,R100E,100.0,Hantush-Jacob leaky,5e-05,0.001,6.404804611250096e-05,0.0010675586958632996,,,99999.99996887043,0.24761051678966411,0.06537444902432402,0.24761051678966411,-0.18223606776534015,0.00636246482577936,0.03696352172566161,0.036976151153140804,0.0026412923706397614,-178.84906342545224,-174.85244989492662,3,True,time_sensitivity,5.0,605.0,28,0.0,0.0,0.0
sens_time_homogeneous_10,homogeneous confined,R100E,100.0,Lagging Darcy no-leakage,5e-05,0.001,5.3443101112945026e-05,0.0010383498335540286,1604.9912767826393,2336.687044921235,,0.06659455192468304,0.03763275450831514,0.06659455192468304,-0.02896179741636801,0.00022526245035280862,0.002579250397999791,0.0025792546876465725,0.0002206727899077004,-326.57204323637535,-321.24322519567454,4,False,time_sensitivity,5.0,605.0,28,0.0,0.0,0.0
sens_time_homogeneous_10,homogeneous confined,R100E,100.0,Lagging Darcy with leakage,5e-05,0.001,5.3441529855656325e-05,0.0010383348650891083,1605.157549783508,2336.921062961389,15593.220396155646,0.06656515092896316,0.0376183387764224,0.06656515092896316,-0.02894681215254059,0.0002253263228499179,0.002579853818216556,0.0025798581108596916,0.00022071549166610604,-324.5589216769476,-317.8978991260716,5,False,time_sensitivity,5.0,605.0,28,0.0,0.0,0.0
sens_time_homogeneous_10,homogeneous confined,R100N,100.0,Theis confined,5e-05,0.001,6.404842556432332e-05,0.0010675624036413866,,,,0.24761644125920487,0.06537792215574299,0.24761644125920487,-0.18223851910346192,0.00636233944056089,0.036962584738712514,0.03697521320560505,0.0026411113424694966,-180.85047356682398,-178.18606454647357,2,False,time_sensitivity,5.0,605.0,28,0.0,0.0,0.0
sens_time_homogeneous_10,homogeneous confined,R100N,100.0,Hantush-Jacob leaky,5e-05,0.001,6.404804986921674e-05,0.0010675587357039979,,,99999.99996889512,0.24761057544431325,0.06537448634376836,0.24761057544431325,-0.18223608910054478,0.0063624638918501775,0.03696351284499229,0.03697614226336606,0.0026412912841971728,-178.84907672370267,-174.85246319317704,3,True,time_sensitivity,5.0,605.0,28,0.0,0.0,0.0
sens_time_homogeneous_10,homogeneous confined,R100N,100.0,Lagging Darcy no-leakage,5e-05,0.001,5.344338833090446e-05,0.0010383500590028314,1604.8089083116008,2336.4598390245587,,0.06659992618593762,0.037632971630493985,0.06659992618593762,-0.02896695455544373,0.00022510765052963832,0.0025792607656186357,0.002579265055327274,0.00022071808389445305,-326.57212181779835,-321.24330377709754,4,False,time_sensitivity,5.0,605.0,28,0.0,0.0,0.0
sens_time_homogeneous_10,homogeneous confined,R100N,100.0,Lagging Darcy with leakage,5e-05,0.001,5.344296591544663e-05,0.00103834922289548,1605.0398643503188,2336.7492157969627,99886.6958571011,0.06659202217497562,0.037632166403315584,0.06659202217497562,-0.028959855771659906,0.00022527657842674425,0.002579260011296065,0.0025792643009782275,0.0002206535842494537,-324.5718085886423,-317.9107860377663,5,False,time_sensitivity,5.0,605.0,28,0.0,0.0,0.0
sens_time_homogeneous_11,homogeneous confined,R20E,20.0,Theis confined,5e-05,0.001,5.80196775484525e-05,0.0009420489340614942,,,,0.1487592156566401,-0.05969805876824784,0.1487592156566401,-0.2084572744248881,0.033481251162027346,0.11951420845286768,0.11994225581895702,0.022556831962987352,-197.24445506805262,-193.50205304623682,2,False,time_sensitivity,5.0,605.0,48,0.0,0.0,0.0
sens_time_homogeneous_11,homogeneous confined,R20E,20.0,Hantush-Jacob leaky,5e-05,0.001,5.6463096871995775e-05,0.0009303684756068015,,,99999.99999999505,0.12156426661905417,-0.07217456097552746,0.12156426661905417,-0.1937388275945815,0.03472251429007094,0.1272660566988601,0.1277831206977298,0.030619338152996667,-189.39519348880495,-183.7815904560813,3,True,time_sensitivity,5.0,605.0,48,0.0,0.0,0.0
sens_time_homogeneous_11,homogeneous confined,R20E,20.0,Lagging Darcy no-leakage,5e-05,0.001,5.068340687829843e-05,0.0010102419736815142,0.30289250901633064,49.65931643748068,,0.01357557109410387,0.010189880061454444,0.01357557109410387,-0.003385691032649328,0.0008814897681497668,0.007811443671942022,0.0078115628343991455,0.0013847178277199747,-458.19822723981554,-450.71342319618395,4,False,time_sensitivity,5.0,605.0,48,0.0,0.0,0.0
sens_time_homogeneous_11,homogeneous confined,R20E,20.0,Lagging Darcy with leakage,5e-05,0.001,5.0678544518476964e-05,0.0010102985334231398,0.4914861940994156,49.91710983519866,8429.20609480465,0.013479630561030208,0.010245864825374464,0.013479630561030208,-0.0032337657356557355,0.0009037038018649106,0.007821244008872262,0.007821363620397651,0.0013761161108830533,-456.0480411226074,-446.6920360680679,5,False,time_sensitivity,5.0,605.0,48,0.0,0.0,0.0
sens_time_homogeneous_11,homogeneous confined,R50E,50.0,Theis confined,5e-05,0.001,5.6161013138174196e-05,0.0010072985685032473,,,,0.11619979433634152,0.0072720628429304365,0.11619979433634152,-0.10892773149341087,0.007619109670051961,0.04096763113439959,0.04098482661947182,0.005545304009115312,-302.0616793148335,-298.3192772930177,2,False,time_sensitivity,5.0,605.0,48,0.0,0.0,0.0
sens_time_homogeneous_11,homogeneous confined,R50E,50.0,Hantush-Jacob leaky,5e-05,0.001,5.612000190799901e-05,0.001006898365612494,,,99999.99999995384,0.11546928380467034,0.0068746807506027486,0.11546928380467034,-0.10859460305406779,0.007640024101531923,0.04114160872254772,0.04115902426374957,0.005644451237730152,-299.65975301384077,-294.0461499811171,3,True,time_sensitivity,5.0,605.0,48,0.0,0.0,0.0
sens_time_homogeneous_11,homogeneous confined,R50E,50.0,Lagging Darcy no-leakage,5e-05,0.001,5.112874464500753e-05,0.0010188444274702513,331.3542387737869,483.9317176453586,,0.022323851142666582,0.018669070818876247,0.022323851142666582,-0.00365478032379018,0.00022920895784752968,0.0026154788666040898,0.0026154833395636715,0.00048706376320214724,-563.481124652079,-555.9963206084474,4,False,time_sensitivity,5.0,605.0,48,0.0,0.0,0.0
sens_time_homogeneous_11,homogeneous confined,R50E,50.0,Lagging Darcy with leakage,5e-05,0.001,5.1128552160725104e-05,0.0010188433127598226,331.37632351486064,483.95847499164023,31324.061995828783,0.022320086437585634,0.018667976725402706,0.022320086437585634,-0.003652109712182786,0.00022925518384559897,0.0026157141985961242,0.002615718672754952,0.00048710175440363205,-561.4724038349922,-552.1163987804528,5,False,time_sensitivity,5.0,605.0,48,0.0,0.0,0.0
sens_time_homogeneous_11,homogeneous confined,R100E,100.0,Theis confined,5e-05,0.001,5.8790778972253934e-05,0.0010465942114452858,,,,0.1619620169790989,0.04554128412210642,0.1619620169790989,-0.11642073285699252,0.004305141810358487,0.02474170520512171,0.024745492108991584,0.0017151454761523913,-350.6782606175421,-346.9358585957263,2,False,time_sensitivity,5.0,605.0,48,0.0,0.0,0.0
sens_time_homogeneous_11,homogeneous confined,R100E,100.0,Hantush-Jacob leaky,5e-05,0.001,5.879059730324962e-05,0.0010465922064719834,,,99999.9999974973,0.1619589268808185,0.04553936840806861,0.1619589268808185,-0.11641955847274994,0.004305195220220906,0.024742189176633532,0.024745976302750106,0.0017152514913167632,-348.676403385192,-343.0628003524683,3,True,time_sensitivity,5.0,605.0,48,0.0,0.0,0.0
sens_time_homogeneous_11,homogeneous confined,R100E,100.0,Lagging Darcy no-leakage,5e-05,0.001,5.1899700798038915e-05,0.001023091904958212,1446.3792121382417,1918.7626825589791,,0.03729001975673097,0.02282932160306673,0.03729001975673097,-0.014460698153664202,-5.323550667831107e-06,0.0011911412406315415,0.001191141663114457,0.00011099707892801731,-639.3625514213898,-631.8777473777582,4,False,time_sensitivity,5.0,605.0,48,0.0,0.0,0.0
sens_time_homogeneous_11,homogeneous confined,R100E,100.0,Lagging Darcy with leakage,5e-05,0.001,5.1899786044798355e-05,0.0010230911545288828,1446.241320835166,1918.6029822335051,53976.1611298831,0.037291662284300864,0.022828588111187164,0.037291662284300864,-0.014463074173113604,-5.389375291653768e-06,0.0011911906412426917,0.0011911910638418822,0.00011103662123336518,-637.3585457822674,-628.0025407277279,5,False,time_sensitivity,5.0,605.0,48,0.0,0.0,0.0
sens_time_homogeneous_11,homogeneous confined,R100N,100.0,Theis confined,5e-05,0.001,5.8790780849048986e-05,0.0010465942327737298,,,,0.16196204890238783,0.045541304501011313,0.16196204890238783,-0.11642074440137654,0.004305141302742749,0.024741699917400536,0.024745486818839767,0.0017151445400777393,-350.6782808584985,-346.9358788366827,2,False,time_sensitivity,5.0,605.0,48,0.0,0.0,0.0
sens_time_homogeneous_11,homogeneous confined,R100N,100.0,Hantush-Jacob leaky,5e-05,0.001,5.87905991858348e-05,0.0010465922278599527,,,99999.99999746427,0.1619589589026933,0.04553938884388767,0.1619589589026933,-0.11641957005880564,0.004305194718347374,0.024742183887758697,0.024745971011450072,0.0017152505577106222,-348.6764236262602,-343.0628205935365,3,True,time_sensitivity,5.0,605.0,48,0.0,0.0,0.0
sens_time_homogeneous_11,homogeneous confined,R100N,100.0,Lagging Darcy no-leakage,5e-05,0.001,5.1899727507432334e-05,0.0010230920767984272,1446.377052465431,1918.7590444409282,,0.037290534391423186,0.022829489564713094,0.037290534391423186,-0.014461044826709969,-5.30519373117004e-06,0.001191136849297818,0.0011911372717691097,0.00011100193720370901,-639.3629120754197,-631.8781080317881,4,False,time_sensitivity,5.0,605.0,48,0.0,0.0,0.0
sens_time_homogeneous_11,homogeneous confined,R100N,100.0,Lagging Darcy with leakage,5e-05,0.001,5.189960561476191e-05,0.0010230914800933657,1446.4482369440827,1918.8426049317281,85617.15743287657,0.037288185769967584,0.022828906327633163,0.037288185769967584,-0.014459279442334405,-5.266220999796904e-06,0.0011911567876104487,0.001191157210158806,0.00011099121493151719,-637.3613194218298,-628.0053143672903,5,False,time_sensitivity,5.0,605.0,48,0.0,0.0,0.0
