scenario_id,scenario_class,well,radius_m,angle_deg,time_s,time_h,drawdown_m
mf6_homogeneous_00,homogeneous confined,R20E,20.0,0.0,90.0,0.025,4.553514123962013e-05
mf6_homogeneous_00,homogeneous confined,R20E,20.0,0.0,119.08203799646225,0.03307834388790618,6.698280025698504e-05
mf6_homogeneous_00,homogeneous confined,R20E,20.0,0.0,157.5614641487876,0.04376707337466322,0.00011254115470646424
mf6_homogeneous_00,homogeneous confined,R20E,20.0,0.0,208.4748917838237,0.057909692162173246,0.00021581105528184746
mf6_homogeneous_00,homogeneous confined,R20E,20.0,0.0,275.8401664967739,0.07662226847132608,0.00045401375319692016
mf6_homogeneous_00,homogeneous confined,R20E,20.0,0.0,364.9734354191035,0.10138150983863986,0.0009899998490166173
mf6_homogeneous_00,homogeneous confined,R20E,20.0,0.0,482.90867226974456,0.13414129785270681,0.00213297671198342
mf6_homogeneous_00,homogeneous confined,R20E,20.0,0.0,638.952765111632,0.17748687919767553,0.004402807869630356
mf6_homogeneous_00,homogeneous confined,R20E,20.0,0.0,845.4199716996435,0.23483888102767875,0.008559700180833383
mf6_homogeneous_00,homogeneous confined,R20E,20.0,0.0,1118.603702143389,0.31072325059538586,0.015551589537529428
mf6_homogeneous_00,homogeneous confined,R20E,20.0,0.0,1480.0623173513602,0.4111284214864889,0.026361444060107927
mf6_homogeneous_00,homogeneous confined,R20E,20.0,0.0,1958.3204123551855,0.5439778923208849,0.04180104536434211
mf6_homogeneous_00,homogeneous confined,R20E,20.0,0.0,2591.1198417036403,0.7197555115843445,0.06234285718229209
mf6_homogeneous_00,homogeneous confined,R20E,20.0,0.0,3428.398127145999,0.9523328130961108,0.08806007280300789
mf6_homogeneous_00,homogeneous confined,R20E,20.0,0.0,4536.229289375555,1.2600636914932097,0.11867869718477932
mf6_homogeneous_00,homogeneous confined,R20E,20.0,0.0,6002.038095534277,1.667232804315077,0.15369231337337774
mf6_homogeneous_00,homogeneous confined,R20E,20.0,0.0,7941.499206095854,2.2059720016932927,0.19248371939105194
mf6_homogeneous_00,homogeneous confined,R20E,20.0,0.0,10507.665668990905,2.9187960191641404,0.23441984425050655
mf6_homogeneous_00,homogeneous confined,R20E,20.0,0.0,13903.047138321052,3.8619575384225144,0.2789113570728349
mf6_homogeneous_00,homogeneous confined,R20E,20.0,0.0,18395.59097324615,5.109886381457264,0.32544220494303505
mf6_homogeneous_00,homogeneous confined,R20E,20.0,0.0,24339.827369371964,6.761063158158879,0.37357870312724983
mf6_homogeneous_00,homogeneous confined,R20E,20.0,0.0,32204.847195854276,8.9457908877373,0.4229666719461241
mf6_homogeneous_00,homogeneous confined,R20E,20.0,0.0,42611.32041607756,11.836477893354877,0.47332266786545835
mf6_homogeneous_00,homogeneous confined,R20E,20.0,0.0,56380.47640963074,15.66124344711965,0.5244231871534084
mf6_homogeneous_00,homogeneous confined,R20E,20.0,0.0,74598.91148966992,20.721919858241645,0.5760939255631665
mf6_homogeneous_00,homogeneous confined,R20E,20.0,0.0,98704.33791675112,27.417871643541975,0.6282005746270509
mf6_homogeneous_00,homogeneous confined,R20E,20.0,0.0,130599.04131353565,36.277511475982124,0.6806445315669561
mf6_homogeneous_00,homogeneous confined,R20E,20.0,0.0,172800.0,48.0,0.7333767969160675
mf6_homogeneous_00,homogeneous confined,R50E,50.0,0.0,90.0,0.025,1.6488055594121257e-10
mf6_homogeneous_00,homogeneous confined,R50E,50.0,0.0,119.08203799646225,0.03307834388790618,2.436003794848843e-10
mf6_homogeneous_00,homogeneous confined,R50E,50.0,0.0,157.5614641487876,0.04376707337466322,4.2523312022172776e-10
mf6_homogeneous_00,homogeneous confined,R50E,50.0,0.0,208.4748917838237,0.057909692162173246,9.63727075341763e-10
mf6_homogeneous_00,homogeneous confined,R50E,50.0,0.0,275.8401664967739,0.07662226847132608,3.178234438781791e-09
mf6_homogeneous_00,homogeneous confined,R50E,50.0,0.0,364.9734354191035,0.10138150983863986,1.533941490030106e-08
mf6_homogeneous_00,homogeneous confined,R50E,50.0,0.0,482.90867226974456,0.13414129785270681,9.170820800095887e-08
mf6_homogeneous_00,homogeneous confined,R50E,50.0,0.0,638.952765111632,0.17748687919767553,5.648680957949384e-07
mf6_homogeneous_00,homogeneous confined,R50E,50.0,0.0,845.4199716996435,0.23483888102767875,3.213480967011406e-06
mf6_homogeneous_00,homogeneous confined,R50E,50.0,0.0,1118.603702143389,0.31072325059538586,1.6027481983175835e-05
mf6_homogeneous_00,homogeneous confined,R50E,50.0,0.0,1480.0623173513602,0.4111284214864889,6.853949086602337e-05
mf6_homogeneous_00,homogeneous confined,R50E,50.0,0.0,1958.3204123551855,0.5439778923208849,0.0002496650401531158
mf6_homogeneous_00,homogeneous confined,R50E,50.0,0.0,2591.1198417036403,0.7197555115843445,0.0007767613846031452
mf6_homogeneous_00,homogeneous confined,R50E,50.0,0.0,3428.398127145999,0.9523328130961108,0.00208181541619234
mf6_homogeneous_00,homogeneous confined,R50E,50.0,0.0,4536.229289375555,1.2600636914932097,0.00486562989732832
mf6_homogeneous_00,homogeneous confined,R50E,50.0,0.0,6002.038095534277,1.667232804315077,0.010060004867131007
mf6_homogeneous_00,homogeneous confined,R50E,50.0,0.0,7941.499206095854,2.2059720016932927,0.018680331437775477
mf6_homogeneous_00,homogeneous confined,R50E,50.0,0.0,10507.665668990905,2.9187960191641404,0.03162078883014022
mf6_homogeneous_00,homogeneous confined,R50E,50.0,0.0,13903.047138321052,3.8619575384225144,0.04948044046711052
mf6_homogeneous_00,homogeneous confined,R50E,50.0,0.0,18395.59097324615,5.109886381457264,0.07248349694894037
mf6_homogeneous_00,homogeneous confined,R50E,50.0,0.0,24339.827369371964,6.761063158158879,0.1005010062650334
mf6_homogeneous_00,homogeneous confined,R50E,50.0,0.0,32204.847195854276,8.9457908877373,0.13313889112698354
mf6_homogeneous_00,homogeneous confined,R50E,50.0,0.0,42611.32041607756,11.836477893354877,0.1698469716119804
mf6_homogeneous_00,homogeneous confined,R50E,50.0,0.0,56380.47640963074,15.66124344711965,0.21001602146294265
mf6_homogeneous_00,homogeneous confined,R50E,50.0,0.0,74598.91148966992,20.721919858241645,0.25304805618445503
mf6_homogeneous_00,homogeneous confined,R50E,50.0,0.0,98704.33791675112,27.417871643541975,0.2983992388814593
mf6_homogeneous_00,homogeneous confined,R50E,50.0,0.0,130599.04131353565,36.277511475982124,0.3456045260048965
mf6_homogeneous_00,homogeneous confined,R50E,50.0,0.0,172800.0,48.0,0.39430570497786555
mf6_homogeneous_00,homogeneous confined,R100E,100.0,0.0,90.0,0.025,2.191374714440045e-19
mf6_homogeneous_00,homogeneous confined,R100E,100.0,0.0,119.08203799646225,0.03307834388790618,3.2441992622149485e-19
mf6_homogeneous_00,homogeneous confined,R100E,100.0,0.0,157.5614641487876,0.04376707337466322,5.682894604641977e-19
mf6_homogeneous_00,homogeneous confined,R100E,100.0,0.0,208.4748917838237,0.057909692162173246,1.3131051419407055e-18
mf6_homogeneous_00,homogeneous confined,R100E,100.0,0.0,275.8401664967739,0.07662226847132608,5.13918351065661e-18
mf6_homogeneous_00,homogeneous confined,R100E,100.0,0.0,364.9734354191035,0.10138150983863986,5.568609278731002e-17
mf6_homogeneous_00,homogeneous confined,R100E,100.0,0.0,482.90867226974456,0.13414129785270681,1.633740730323159e-15
mf6_homogeneous_00,homogeneous confined,R100E,100.0,0.0,638.952765111632,0.17748687919767553,6.32761155392148e-14
mf6_homogeneous_00,homogeneous confined,R100E,100.0,0.0,845.4199716996435,0.23483888102767875,2.179514082618665e-12
mf6_homogeneous_00,homogeneous confined,R100E,100.0,0.0,1118.603702143389,0.31072325059538586,5.891918404888446e-11
mf6_homogeneous_00,homogeneous confined,R100E,100.0,0.0,1480.0623173513602,0.4111284214864889,1.1950110579424488e-09
mf6_homogeneous_00,homogeneous confined,R100E,100.0,0.0,1958.3204123551855,0.5439778923208849,1.800202361830828e-08
mf6_homogeneous_00,homogeneous confined,R100E,100.0,0.0,2591.1198417036403,0.7197555115843445,2.0168627302979984e-07
mf6_homogeneous_00,homogeneous confined,R100E,100.0,0.0,3428.398127145999,0.9523328130961108,1.7014139590702144e-06
mf6_homogeneous_00,homogeneous confined,R100E,100.0,0.0,4536.229289375555,1.2600636914932097,1.0995222152360181e-05
mf6_homogeneous_00,homogeneous confined,R100E,100.0,0.0,6002.038095534277,1.667232804315077,5.557799993201585e-05
mf6_homogeneous_00,homogeneous confined,R100E,100.0,0.0,7941.499206095854,2.2059720016932927,0.00022475825359271045
mf6_homogeneous_00,homogeneous confined,R100E,100.0,0.0,10507.665668990905,2.9187960191641404,0.0007443201852024923
mf6_homogeneous_00,homogeneous confined,R100E,100.0,0.0,13903.047138321052,3.8619575384225144,0.002066020549550536
mf6_homogeneous_00,homogeneous confined,R100E,100.0,0.0,18395.59097324615,5.109886381457264,0.004916245852194041
mf6_homogeneous_00,homogeneous confined,R100E,100.0,0.0,24339.827369371964,6.761063158158879,0.010244883205878137
mf6_homogeneous_00,homogeneous confined,R100E,100.0,0.0,32204.847195854276,8.9457908877373,0.019066917441596033
mf6_homogeneous_00,homogeneous confined,R100E,100.0,0.0,42611.32041607756,11.836477893354877,0.03225751606621658
mf6_homogeneous_00,homogeneous confined,R100E,100.0,0.0,56380.47640963074,15.66124344711965,0.05038747545365052
mf6_homogeneous_00,homogeneous confined,R100E,100.0,0.0,74598.91148966992,20.721919858241645,0.07365468273187292
mf6_homogeneous_00,homogeneous confined,R100E,100.0,0.0,98704.33791675112,27.417871643541975,0.10191412845835174
mf6_homogeneous_00,homogeneous confined,R100E,100.0,0.0,130599.04131353565,36.277511475982124,0.1347763836505496
mf6_homogeneous_00,homogeneous confined,R100E,100.0,0.0,172800.0,48.0,0.17174920882948783
mf6_homogeneous_00,homogeneous confined,R100N,100.0,90.0,90.0,0.025,2.1913747144400454e-19
mf6_homogeneous_00,homogeneous confined,R100N,100.0,90.0,119.08203799646225,0.03307834388790618,3.244199262214949e-19
mf6_homogeneous_00,homogeneous confined,R100N,100.0,90.0,157.5614641487876,0.04376707337466322,5.682894604641978e-19
mf6_homogeneous_00,homogeneous confined,R100N,100.0,90.0,208.4748917838237,0.057909692162173246,1.3131051419407057e-18
mf6_homogeneous_00,homogeneous confined,R100N,100.0,90.0,275.8401664967739,0.07662226847132608,5.13918351065661e-18
mf6_homogeneous_00,homogeneous confined,R100N,100.0,90.0,364.9734354191035,0.10138150983863986,5.568609278731003e-17
mf6_homogeneous_00,homogeneous confined,R100N,100.0,90.0,482.90867226974456,0.13414129785270681,1.633740730323159e-15
mf6_homogeneous_00,homogeneous confined,R100N,100.0,90.0,638.952765111632,0.17748687919767553,6.32761155392148e-14
mf6_homogeneous_00,homogeneous confined,R100N,100.0,90.0,845.4199716996435,0.23483888102767875,2.1795140826186644e-12
mf6_homogeneous_00,homogeneous confined,R100N,100.0,90.0,1118.603702143389,0.31072325059538586,5.891918404888444e-11
mf6_homogeneous_00,homogeneous confined,R100N,100.0,90.0,1480.0623173513602,0.4111284214864889,1.195011057942449e-09
mf6_homogeneous_00,homogeneous confined,R100N,100.0,90.0,1958.3204123551855,0.5439778923208849,1.800202361830828e-08
mf6_homogeneous_00,homogeneous confined,R100N,100.0,90.0,2591.1198417036403,0.7197555115843445,2.016862730297998e-07
mf6_homogeneous_00,homogeneous confined,R100N,100.0,90.0,3428.398127145999,0.9523328130961108,1.7014139590702144e-06
mf6_homogeneous_00,homogeneous confined,R100N,100.0,90.0,4536.229289375555,1.2600636914932097,1.099522215236018e-05
mf6_homogeneous_00,homogeneous confined,R100N,100.0,90.0,6002.038095534277,1.667232804315077,5.557799993201585e-05
mf6_homogeneous_00,homogeneous confined,R100N,100.0,90.0,7941.499206095854,2.2059720016932927,0.00022475825359271042
mf6_homogeneous_00,homogeneous confined,R100N,100.0,90.0,10507.665668990905,2.9187960191641404,0.0007443201852024919
mf6_homogeneous_00,homogeneous confined,R100N,100.0,90.0,13903.047138321052,3.8619575384225144,0.0020660205495505344
mf6_homogeneous_00,homogeneous confined,R100N,100.0,90.0,18395.59097324615,5.109886381457264,0.00491624585219367
mf6_homogeneous_00,homogeneous confined,R100N,100.0,90.0,24339.827369371964,6.761063158158879,0.010244883205842274
mf6_homogeneous_00,homogeneous confined,R100N,100.0,90.0,32204.847195854276,8.9457908877373,0.019066917439995404
mf6_homogeneous_00,homogeneous confined,R100N,100.0,90.0,42611.32041607756,11.836477893354877,0.0322575160343493
mf6_homogeneous_00,homogeneous confined,R100N,100.0,90.0,56380.47640963074,15.66124344711965,0.05038747505428926
mf6_homogeneous_00,homogeneous confined,R100N,100.0,90.0,74598.91148966992,20.721919858241645,0.07365468136951746
mf6_homogeneous_00,homogeneous confined,R100N,100.0,90.0,98704.33791675112,27.417871643541975,0.10191412358379072
mf6_homogeneous_00,homogeneous confined,R100N,100.0,90.0,130599.04131353565,36.277511475982124,0.1347763723683921
mf6_homogeneous_00,homogeneous confined,R100N,100.0,90.0,172800.0,48.0,0.17174919992144744
mf6_leakage_00,vertical leakage,R20E,20.0,0.0,90.0,0.025,4.542604277955762e-05
mf6_leakage_00,vertical leakage,R20E,20.0,0.0,119.08203799646225,0.03307834388790618,6.682189514028982e-05
mf6_leakage_00,vertical leakage,R20E,20.0,0.0,157.5614641487876,0.04376707337466322,0.00011226583042920568
mf6_leakage_00,vertical leakage,R20E,20.0,0.0,208.4748917838237,0.057909692162173246,0.00021525122392216305
mf6_leakage_00,vertical leakage,R20E,20.0,0.0,275.8401664967739,0.07662226847132608,0.00045269287176156597
mf6_leakage_00,vertical leakage,R20E,20.0,0.0,364.9734354191035,0.10138150983863986,0.0009866107159517499
mf6_leakage_00,vertical leakage,R20E,20.0,0.0,482.90867226974456,0.13414129785270681,0.0021241326675204048
mf6_leakage_00,vertical leakage,R20E,20.0,0.0,638.952765111632,0.17748687919767553,0.004380400603430079
mf6_leakage_00,vertical leakage,R20E,20.0,0.0,845.4199716996435,0.23483888102767875,0.008506001286269688
mf6_leakage_00,vertical leakage,R20E,20.0,0.0,1118.603702143389,0.31072325059538586,0.015431337894075043
mf6_leakage_00,vertical leakage,R20E,20.0,0.0,1480.0623173513602,0.4111284214864889,0.026110644383158632
mf6_leakage_00,vertical leakage,R20E,20.0,0.0,1958.3204123551855,0.5439778923208849,0.04131276050272356
mf6_leakage_00,vertical leakage,R20E,20.0,0.0,2591.1198417036403,0.7197555115843445,0.06145040067694808
mf6_leakage_00,vertical leakage,R20E,20.0,0.0,3428.398127145999,0.9523328130961108,0.08651752108888229
mf6_leakage_00,vertical leakage,R20E,20.0,0.0,4536.229289375555,1.2600636914932097,0.11613784093489968
mf6_leakage_00,vertical leakage,R20E,20.0,0.0,6002.038095534277,1.667232804315077,0.1496745367225805
mf6_leakage_00,vertical leakage,R20E,20.0,0.0,7941.499206095854,2.2059720016932927,0.18634501603696538
mf6_leakage_00,vertical leakage,R20E,20.0,0.0,10507.665668990905,2.9187960191641404,0.2253072589885781
mf6_leakage_00,vertical leakage,R20E,20.0,0.0,13903.047138321052,3.8619575384225144,0.26570955569025706
mf6_leakage_00,vertical leakage,R20E,20.0,0.0,18395.59097324615,5.109886381457264,0.3067097893474739
mf6_leakage_00,vertical leakage,R20E,20.0,0.0,24339.827369371964,6.761063158158879,0.3474755888798327
mf6_leakage_00,vertical leakage,R20E,20.0,0.0,32204.847195854276,8.9457908877373,0.3871767598704288
mf6_leakage_00,vertical leakage,R20E,20.0,0.0,42611.32041607756,11.836477893354877,0.42498061464926323
mf6_leakage_00,vertical leakage,R20E,20.0,0.0,56380.47640963074,15.66124344711965,0.4600603123616679
mf6_leakage_00,vertical leakage,R20E,20.0,0.0,74598.91148966992,20.721919858241645,0.4916254741649622
mf6_leakage_00,vertical leakage,R20E,20.0,0.0,98704.33791675112,27.417871643541975,0.5189817710922924
mf6_leakage_00,vertical leakage,R20E,20.0,0.0,130599.04131353565,36.277511475982124,0.5416192110288257
mf6_leakage_00,vertical leakage,R20E,20.0,0.0,172800.0,48.0,0.5593155724868233
mf6_leakage_00,vertical leakage,R50E,50.0,0.0,90.0,0.025,1.639606786532438e-10
mf6_leakage_00,vertical leakage,R50E,50.0,0.0,119.08203799646225,0.03307834388790618,2.422412887085394e-10
mf6_leakage_00,vertical leakage,R50E,50.0,0.0,157.5614641487876,0.04376707337466322,4.228597115916854e-10
mf6_leakage_00,vertical leakage,R50E,50.0,0.0,208.4748917838237,0.057909692162173246,9.583169474866912e-10
mf6_leakage_00,vertical leakage,R50E,50.0,0.0,275.8401664967739,0.07662226847132608,3.159708869415594e-09
mf6_leakage_00,vertical leakage,R50E,50.0,0.0,364.9734354191035,0.10138150983863986,1.5239699460593362e-08
mf6_leakage_00,vertical leakage,R50E,50.0,0.0,482.90867226974456,0.13414129785270681,9.100057627495976e-08
mf6_leakage_00,vertical leakage,R50E,50.0,0.0,638.952765111632,0.17748687919767553,5.595623156991363e-07
mf6_leakage_00,vertical leakage,R50E,50.0,0.0,845.4199716996435,0.23483888102767875,3.17655139897705e-06
mf6_leakage_00,vertical leakage,R50E,50.0,0.0,1118.603702143389,0.31072325059538586,1.5802534764407183e-05
mf6_leakage_00,vertical leakage,R50E,50.0,0.0,1480.0623173513602,0.4111284214864889,6.736853737167679e-05
mf6_leakage_00,vertical leakage,R50E,50.0,0.0,1958.3204123551855,0.5439778923208849,0.0002444884397902832
mf6_leakage_00,vertical leakage,R50E,50.0,0.0,2591.1198417036403,0.7197555115843445,0.0007572567174485603
mf6_leakage_00,vertical leakage,R50E,50.0,0.0,3428.398127145999,0.9523328130961108,0.0020185857889447258
mf6_leakage_00,vertical leakage,R50E,50.0,0.0,4536.229289375555,1.2600636914932097,0.004686976524286525
mf6_leakage_00,vertical leakage,R50E,50.0,0.0,6002.038095534277,1.667232804315077,0.009613525497485976
mf6_leakage_00,vertical leakage,R50E,50.0,0.0,7941.499206095854,2.2059720016932927,0.017678291908512375
mf6_leakage_00,vertical leakage,R50E,50.0,0.0,10507.665668990905,2.9187960191641404,0.029571347655106908
mf6_leakage_00,vertical leakage,R50E,50.0,0.0,13903.047138321052,3.8619575384225144,0.04560858583386914
mf6_leakage_00,vertical leakage,R50E,50.0,0.0,18395.59097324615,5.109886381457264,0.0656455965693057
mf6_leakage_00,vertical leakage,R50E,50.0,0.0,24339.827369371964,6.761063158158879,0.08909640460050429
mf6_leakage_00,vertical leakage,R50E,50.0,0.0,32204.847195854276,8.9457908877373,0.11502279974810108
mf6_leakage_00,vertical leakage,R50E,50.0,0.0,42611.32041607756,11.836477893354877,0.142252221854699
mf6_leakage_00,vertical leakage,R50E,50.0,0.0,56380.47640963074,15.66124344711965,0.16949728293853664
mf6_leakage_00,vertical leakage,R50E,50.0,0.0,74598.91148966992,20.721919858241645,0.1954697163534489
mf6_leakage_00,vertical leakage,R50E,50.0,0.0,98704.33791675112,27.417871643541975,0.2189940370395721
mf6_leakage_00,vertical leakage,R50E,50.0,0.0,130599.04131353565,36.277511475982124,0.23912665754474033
mf6_leakage_00,vertical leakage,R50E,50.0,0.0,172800.0,48.0,0.25527454261779026
mf6_leakage_00,vertical leakage,R100E,100.0,0.0,90.0,0.025,2.1675312140735686e-19
mf6_leakage_00,vertical leakage,R100E,100.0,0.0,119.08203799646225,0.03307834388790618,3.2088885958816716e-19
mf6_leakage_00,vertical leakage,R100E,100.0,0.0,157.5614641487876,0.04376707337466322,5.621011644033006e-19
mf6_leakage_00,vertical leakage,R100E,100.0,0.0,208.4748917838237,0.057909692162173246,1.2987958567035485e-18
mf6_leakage_00,vertical leakage,R100E,100.0,0.0,275.8401664967739,0.07662226847132608,5.0828910863841694e-18
mf6_leakage_00,vertical leakage,R100E,100.0,0.0,364.9734354191035,0.10138150983863986,5.5038013918209517e-17
mf6_leakage_00,vertical leakage,R100E,100.0,0.0,482.90867226974456,0.13414129785270681,1.6109522614802871e-15
mf6_leakage_00,vertical leakage,R100E,100.0,0.0,638.952765111632,0.17748687919767553,6.221159216434704e-14
mf6_leakage_00,vertical leakage,R100E,100.0,0.0,845.4199716996435,0.23483888102767875,2.134949779950924e-12
mf6_leakage_00,vertical leakage,R100E,100.0,0.0,1118.603702143389,0.31072325059538586,5.745888866359073e-11
mf6_leakage_00,vertical leakage,R100E,100.0,0.0,1480.0623173513602,0.4111284214864889,1.1594101258493415e-09
mf6_leakage_00,vertical leakage,R100E,100.0,0.0,1958.3204123551855,0.5439778923208849,1.736057630868383e-08
mf6_leakage_00,vertical leakage,R100E,100.0,0.0,2591.1198417036403,0.7197555115843445,1.9312541082239886e-07
mf6_leakage_00,vertical leakage,R100E,100.0,0.0,3428.398127145999,0.9523328130961108,1.6156241836221076e-06
mf6_leakage_00,vertical leakage,R100E,100.0,0.0,4536.229289375555,1.2600636914932097,1.0337519574103711e-05
mf6_leakage_00,vertical leakage,R100E,100.0,0.0,6002.038095534277,1.667232804315077,5.1635399194060074e-05
mf6_leakage_00,vertical leakage,R100E,100.0,0.0,7941.499206095854,2.2059720016932927,0.00020584418427106618
mf6_leakage_00,vertical leakage,R100E,100.0,0.0,10507.665668990905,2.9187960191641404,0.0006699678159317083
mf6_leakage_00,vertical leakage,R100E,100.0,0.0,13903.047138321052,3.8619575384225144,0.0018208995893530138
mf6_leakage_00,vertical leakage,R100E,100.0,0.0,18395.59097324615,5.109886381457264,0.004223398711207837
mf6_leakage_00,vertical leakage,R100E,100.0,0.0,24339.827369371964,6.761063158158879,0.008531119068824186
mf6_leakage_00,vertical leakage,R100E,100.0,0.0,32204.847195854276,8.9457908877373,0.015288262315908572
mf6_leakage_00,vertical leakage,R100E,100.0,0.0,42611.32041607756,11.836477893354877,0.024709353141880233
mf6_leakage_00,vertical leakage,R100E,100.0,0.0,56380.47640963074,15.66124344711965,0.03653587866821574
mf6_leakage_00,vertical leakage,R100E,100.0,0.0,74598.91148966992,20.721919858241645,0.050030163145823495
mf6_leakage_00,vertical leakage,R100E,100.0,0.0,98704.33791675112,27.417871643541975,0.06410682801272419
mf6_leakage_00,vertical leakage,R100E,100.0,0.0,130599.04131353565,36.277511475982124,0.07755887547740192
mf6_leakage_00,vertical leakage,R100E,100.0,0.0,172800.0,48.0,0.08931675595487136
mf6_leakage_00,vertical leakage,R100N,100.0,90.0,90.0,0.025,2.1675312140735686e-19
mf6_leakage_00,vertical leakage,R100N,100.0,90.0,119.08203799646225,0.03307834388790618,3.2088885958816716e-19
mf6_leakage_00,vertical leakage,R100N,100.0,90.0,157.5614641487876,0.04376707337466322,5.621011644033007e-19
mf6_leakage_00,vertical leakage,R100N,100.0,90.0,208.4748917838237,0.057909692162173246,1.2987958567035485e-18
mf6_leakage_00,vertical leakage,R100N,100.0,90.0,275.8401664967739,0.07662226847132608,5.08289108638417e-18
mf6_leakage_00,vertical leakage,R100N,100.0,90.0,364.9734354191035,0.10138150983863986,5.5038013918209517e-17
mf6_leakage_00,vertical leakage,R100N,100.0,90.0,482.90867226974456,0.13414129785270681,1.6109522614802871e-15
mf6_leakage_00,vertical leakage,R100N,100.0,90.0,638.952765111632,0.17748687919767553,6.221159216434705e-14
mf6_leakage_00,vertical leakage,R100N,100.0,90.0,845.4199716996435,0.23483888102767875,2.1349497799509237e-12
mf6_leakage_00,vertical leakage,R100N,100.0,90.0,1118.603702143389,0.31072325059538586,5.7458888663590724e-11
mf6_leakage_00,vertical leakage,R100N,100.0,90.0,1480.0623173513602,0.4111284214864889,1.1594101258493415e-09
mf6_leakage_00,vertical leakage,R100N,100.0,90.0,1958.3204123551855,0.5439778923208849,1.7360576308683833e-08
mf6_leakage_00,vertical leakage,R100N,100.0,90.0,2591.1198417036403,0.7197555115843445,1.9312541082239896e-07
mf6_leakage_00,vertical leakage,R100N,100.0,90.0,3428.398127145999,0.9523328130961108,1.6156241836221078e-06
mf6_leakage_00,vertical leakage,R100N,100.0,90.0,4536.229289375555,1.2600636914932097,1.0337519574103713e-05
mf6_leakage_00,vertical leakage,R100N,100.0,90.0,6002.038095534277,1.667232804315077,5.163539919406008e-05
mf6_leakage_00,vertical leakage,R100N,100.0,90.0,7941.499206095854,2.2059720016932927,0.00020584418427106637
mf6_leakage_00,vertical leakage,R100N,100.0,90.0,10507.665668990905,2.9187960191641404,0.0006699678159317082
mf6_leakage_00,vertical leakage,R100N,100.0,90.0,13903.047138321052,3.8619575384225144,0.0018208995893530127
mf6_leakage_00,vertical leakage,R100N,100.0,90.0,18395.59097324615,5.109886381457264,0.004223398711207629
mf6_leakage_00,vertical leakage,R100N,100.0,90.0,24339.827369371964,6.761063158158879,0.008531119068805442
mf6_leakage_00,vertical leakage,R100N,100.0,90.0,32204.847195854276,8.9457908877373,0.015288262315207026
mf6_leakage_00,vertical leakage,R100N,100.0,90.0,42611.32041607756,11.836477893354877,0.024709353124841196
mf6_leakage_00,vertical leakage,R100N,100.0,90.0,56380.47640963074,15.66124344711965,0.036535878546748134
mf6_leakage_00,vertical leakage,R100N,100.0,90.0,74598.91148966992,20.721919858241645,0.050030162261940216
mf6_leakage_00,vertical leakage,R100N,100.0,90.0,98704.33791675112,27.417871643541975,0.0641068251582918
mf6_leakage_00,vertical leakage,R100N,100.0,90.0,130599.04131353565,36.277511475982124,0.07755886972276452
mf6_leakage_00,vertical leakage,R100N,100.0,90.0,172800.0,48.0,0.08931674725510122
mf6_leakage_01,vertical leakage,R20E,20.0,0.0,90.0,0.025,4.519142879853485e-05
mf6_leakage_01,vertical leakage,R20E,20.0,0.0,119.08203799646225,0.03307834388790618,6.647587370301914e-05
mf6_leakage_01,vertical leakage,R20E,20.0,0.0,157.5614641487876,0.04376707337466322,0.00011167378176683657
mf6_leakage_01,vertical leakage,R20E,20.0,0.0,208.4748917838237,0.057909692162173246,0.00021404762022777314
mf6_leakage_01,vertical leakage,R20E,20.0,0.0,275.8401664967739,0.07662226847132608,0.0004498544868920405
mf6_leakage_01,vertical leakage,R20E,20.0,0.0,364.9734354191035,0.10138150983863986,0.0009793345187172364
mf6_leakage_01,vertical leakage,R20E,20.0,0.0,482.90867226974456,0.13414129785270681,0.0021051704001709523
mf6_leakage_01,vertical leakage,R20E,20.0,0.0,638.952765111632,0.17748687919767553,0.004332442992380665
mf6_leakage_01,vertical leakage,R20E,20.0,0.0,845.4199716996435,0.23483888102767875,0.008391332100747714
mf6_leakage_01,vertical leakage,R20E,20.0,0.0,1118.603702143389,0.31072325059538586,0.01517528538744058
mf6_leakage_01,vertical leakage,R20E,20.0,0.0,1480.0623173513602,0.4111284214864889,0.025578528650324676
mf6_leakage_01,vertical leakage,R20E,20.0,0.0,1958.3204123551855,0.5439778923208849,0.04028143654006547
mf6_leakage_01,vertical leakage,R20E,20.0,0.0,2591.1198417036403,0.7197555115843445,0.05957608762040268
mf6_leakage_01,vertical leakage,R20E,20.0,0.0,3428.398127145999,0.9523328130961108,0.08330109939406952
mf6_leakage_01,vertical leakage,R20E,20.0,0.0,4536.229289375555,1.2600636914932097,0.11088797279141957
mf6_leakage_01,vertical leakage,R20E,20.0,0.0,6002.038095534277,1.667232804315077,0.1414690326575892
mf6_leakage_01,vertical leakage,R20E,20.0,0.0,7941.499206095854,2.2059720016932927,0.17399242595530143
mf6_leakage_01,vertical leakage,R20E,20.0,0.0,10507.665668990905,2.9187960191641404,0.20731388500188705
mf6_leakage_01,vertical leakage,R20E,20.0,0.0,13903.047138321052,3.8619575384225144,0.2402618487950508
mf6_leakage_01,vertical leakage,R20E,20.0,0.0,18395.59097324615,5.109886381457264,0.2716880725018657
mf6_leakage_01,vertical leakage,R20E,20.0,0.0,24339.827369371964,6.761063158158879,0.30052086181888593
mf6_leakage_01,vertical leakage,R20E,20.0,0.0,32204.847195854276,8.9457908877373,0.32583486070201045
mf6_leakage_01,vertical leakage,R20E,20.0,0.0,42611.32041607756,11.836477893354877,0.34694161223302433
mf6_leakage_01,vertical leakage,R20E,20.0,0.0,56380.47640963074,15.66124344711965,0.3634887834651675
mf6_leakage_01,vertical leakage,R20E,20.0,0.0,74598.91148966992,20.721919858241645,0.37553615932130374
mf6_leakage_01,vertical leakage,R20E,20.0,0.0,98704.33791675112,27.417871643541975,0.38356397519492186
mf6_leakage_01,vertical leakage,R20E,20.0,0.0,130599.04131353565,36.277511475982124,0.3883801644719615
mf6_leakage_01,vertical leakage,R20E,20.0,0.0,172800.0,48.0,0.3909357962277128
mf6_leakage_01,vertical leakage,R50E,50.0,0.0,90.0,0.025,1.6199250553748102e-10
mf6_leakage_01,vertical leakage,R50E,50.0,0.0,119.08203799646225,0.03307834388790618,2.3933337352563734e-10
mf6_leakage_01,vertical leakage,R50E,50.0,0.0,157.5614641487876,0.04376707337466322,4.177815697106778e-10
mf6_leakage_01,vertical leakage,R50E,50.0,0.0,208.4748917838237,0.057909692162173246,9.467418695944692e-10
mf6_leakage_01,vertical leakage,R50E,50.0,0.0,275.8401664967739,0.07662226847132608,3.1200850331097732e-09
mf6_leakage_01,vertical leakage,R50E,50.0,0.0,364.9734354191035,0.10138150983863986,1.5026652839437336e-08
mf6_leakage_01,vertical leakage,R50E,50.0,0.0,482.90867226974456,0.13414129785270681,8.949207533096461e-08
mf6_leakage_01,vertical leakage,R50E,50.0,0.0,638.952765111632,0.17748687919767553,5.482831570963446e-07
mf6_leakage_01,vertical leakage,R50E,50.0,0.0,845.4199716996435,0.23483888102767875,3.0983317342479085e-06
mf6_leakage_01,vertical leakage,R50E,50.0,0.0,1118.603702143389,0.31072325059538586,1.5328209603957403e-05
mf6_leakage_01,vertical leakage,R50E,50.0,0.0,1480.0623173513602,0.4111284214864889,6.491283887737761e-05
mf6_leakage_01,vertical leakage,R50E,50.0,0.0,1958.3204123551855,0.5439778923208849,0.00023370353472365957
mf6_leakage_01,vertical leakage,R50E,50.0,0.0,2591.1198417036403,0.7197555115843445,0.0007169460853271902
mf6_leakage_01,vertical leakage,R50E,50.0,0.0,3428.398127145999,0.9523328130961108,0.0018891895386747872
mf6_leakage_01,vertical leakage,R50E,50.0,0.0,4536.229289375555,1.2600636914932097,0.004325788395148036
mf6_leakage_01,vertical leakage,R50E,50.0,0.0,6002.038095534277,1.667232804315077,0.008724364738243203
mf6_leakage_01,vertical leakage,R50E,50.0,0.0,7941.499206095854,2.2059720016932927,0.01571979278298128
mf6_leakage_01,vertical leakage,R50E,50.0,0.0,10507.665668990905,2.9187960191641404,0.02565820280034731
mf6_leakage_01,vertical leakage,R50E,50.0,0.0,13903.047138321052,3.8619575384225144,0.03842809511696919
mf6_leakage_01,vertical leakage,R50E,50.0,0.0,18395.59097324615,5.109886381457264,0.05341637060877763
mf6_leakage_01,vertical leakage,R50E,50.0,0.0,24339.827369371964,6.761063158158879,0.06959785956824563
mf6_leakage_01,vertical leakage,R50E,50.0,0.0,32204.847195854276,8.9457908877373,0.08572286240444199
mf6_leakage_01,vertical leakage,R50E,50.0,0.0,42611.32041607756,11.836477893354877,0.10055222135559487
mf6_leakage_01,vertical leakage,R50E,50.0,0.0,56380.47640963074,15.66124344711965,0.1130899056013908
mf6_leakage_01,vertical leakage,R50E,50.0,0.0,74598.91148966992,20.721919858241645,0.12276340533654158
mf6_leakage_01,vertical leakage,R50E,50.0,0.0,98704.33791675112,27.417871643541975,0.129502902947763
mf6_leakage_01,vertical leakage,R50E,50.0,0.0,130599.04131353565,36.277511475982124,0.13368680730643095
mf6_leakage_01,vertical leakage,R50E,50.0,0.0,172800.0,48.0,0.1359661128044773
mf6_leakage_01,vertical leakage,R100E,100.0,0.0,90.0,0.025,2.1169425747323068e-19
mf6_leakage_01,vertical leakage,R100E,100.0,0.0,119.08203799646225,0.03307834388790618,3.1339706628459076e-19
mf6_leakage_01,vertical leakage,R100E,100.0,0.0,157.5614641487876,0.04376707337466322,5.489717137013951e-19
mf6_leakage_01,vertical leakage,R100E,100.0,0.0,208.4748917838237,0.057909692162173246,1.268436908044002e-18
mf6_leakage_01,vertical leakage,R100E,100.0,0.0,275.8401664967739,0.07662226847132608,4.963469583428595e-18
mf6_leakage_01,vertical leakage,R100E,100.0,0.0,364.9734354191035,0.10138150983863986,5.366464150945953e-17
mf6_leakage_01,vertical leakage,R100E,100.0,0.0,482.90867226974456,0.13414129785270681,1.5635681192173327e-15
mf6_leakage_01,vertical leakage,R100E,100.0,0.0,638.952765111632,0.17748687919767553,5.997779384316084e-14
mf6_leakage_01,vertical leakage,R100E,100.0,0.0,845.4199716996435,0.23483888102767875,2.0419188666744643e-12
mf6_leakage_01,vertical leakage,R100E,100.0,0.0,1118.603702143389,0.31072325059538586,5.44325556585292e-11
mf6_leakage_01,vertical leakage,R100E,100.0,0.0,1480.0623173513602,0.4111284214864889,1.0862678581709955e-09
mf6_leakage_01,vertical leakage,R100E,100.0,0.0,1958.3204123551855,0.5439778923208849,1.605596286982155e-08
mf6_leakage_01,vertical leakage,R100E,100.0,0.0,2591.1198417036403,0.7197555115843445,1.759211548547784e-07
mf6_leakage_01,vertical leakage,R100E,100.0,0.0,3428.398127145999,0.9523328130961108,1.4456552809074806e-06
mf6_leakage_01,vertical leakage,R100E,100.0,0.0,4536.229289375555,1.2600636914932097,9.056457902472491e-06
mf6_leakage_01,vertical leakage,R100E,100.0,0.0,6002.038095534277,1.667232804315077,4.4112016342360584e-05
mf6_leakage_01,vertical leakage,R100E,100.0,0.0,7941.499206095854,2.2059720016932927,0.0001706373485994643
mf6_leakage_01,vertical leakage,R100E,100.0,0.0,10507.665668990905,2.9187960191641404,0.0005356954890897797
mf6_leakage_01,vertical leakage,R100E,100.0,0.0,13903.047138321052,3.8619575384225144,0.0013943192450498712
mf6_leakage_01,vertical leakage,R100E,100.0,0.0,18395.59097324615,5.109886381457264,0.003071034040105038
mf6_leakage_01,vertical leakage,R100E,100.0,0.0,24339.827369371964,6.761063158158879,0.005834222121105913
mf6_leakage_01,vertical leakage,R100E,100.0,0.0,32204.847195854276,8.9457908877373,0.00972946300583894
mf6_leakage_01,vertical leakage,R100E,100.0,0.0,42611.32041607756,11.836477893354877,0.014474357809682321
mf6_leakage_01,vertical leakage,R100E,100.0,0.0,56380.47640963074,15.66124344711965,0.019499985100450493
mf6_leakage_01,vertical leakage,R100E,100.0,0.0,74598.91148966992,20.721919858241645,0.024137918056592343
mf6_leakage_01,vertical leakage,R100E,100.0,0.0,98704.33791675112,27.417871643541975,0.027859586833047404
mf6_leakage_01,vertical leakage,R100E,100.0,0.0,130599.04131353565,36.277511475982124,0.030441246723915887
mf6_leakage_01,vertical leakage,R100E,100.0,0.0,172800.0,48.0,0.03197557508579176
mf6_leakage_01,vertical leakage,R100N,100.0,90.0,90.0,0.025,2.116942574732307e-19
mf6_leakage_01,vertical leakage,R100N,100.0,90.0,119.08203799646225,0.03307834388790618,3.1339706628459086e-19
mf6_leakage_01,vertical leakage,R100N,100.0,90.0,157.5614641487876,0.04376707337466322,5.489717137013953e-19
mf6_leakage_01,vertical leakage,R100N,100.0,90.0,208.4748917838237,0.057909692162173246,1.2684369080440025e-18
mf6_leakage_01,vertical leakage,R100N,100.0,90.0,275.8401664967739,0.07662226847132608,4.963469583428595e-18
mf6_leakage_01,vertical leakage,R100N,100.0,90.0,364.9734354191035,0.10138150983863986,5.366464150945953e-17
mf6_leakage_01,vertical leakage,R100N,100.0,90.0,482.90867226974456,0.13414129785270681,1.5635681192173323e-15
mf6_leakage_01,vertical leakage,R100N,100.0,90.0,638.952765111632,0.17748687919767553,5.997779384316084e-14
mf6_leakage_01,vertical leakage,R100N,100.0,90.0,845.4199716996435,0.23483888102767875,2.041918866674464e-12
mf6_leakage_01,vertical leakage,R100N,100.0,90.0,1118.603702143389,0.31072325059538586,5.4432555658529195e-11
mf6_leakage_01,vertical leakage,R100N,100.0,90.0,1480.0623173513602,0.4111284214864889,1.086267858170995e-09
mf6_leakage_01,vertical leakage,R100N,100.0,90.0,1958.3204123551855,0.5439778923208849,1.6055962869821548e-08
mf6_leakage_01,vertical leakage,R100N,100.0,90.0,2591.1198417036403,0.7197555115843445,1.7592115485477836e-07
mf6_leakage_01,vertical leakage,R100N,100.0,90.0,3428.398127145999,0.9523328130961108,1.4456552809074804e-06
mf6_leakage_01,vertical leakage,R100N,100.0,90.0,4536.229289375555,1.2600636914932097,9.056457902472493e-06
mf6_leakage_01,vertical leakage,R100N,100.0,90.0,6002.038095534277,1.667232804315077,4.411201634236058e-05
mf6_leakage_01,vertical leakage,R100N,100.0,90.0,7941.499206095854,2.2059720016932927,0.0001706373485994643
mf6_leakage_01,vertical leakage,R100N,100.0,90.0,10507.665668990905,2.9187960191641404,0.00053569548908978
mf6_leakage_01,vertical leakage,R100N,100.0,90.0,13903.047138321052,3.8619575384225144,0.0013943192450498706
mf6_leakage_01,vertical leakage,R100N,100.0,90.0,18395.59097324615,5.109886381457264,0.0030710340401049843
mf6_leakage_01,vertical leakage,R100N,100.0,90.0,24339.827369371964,6.761063158158879,0.005834222121101265
mf6_leakage_01,vertical leakage,R100N,100.0,90.0,32204.847195854276,8.9457908877373,0.009729463005688525
mf6_leakage_01,vertical leakage,R100N,100.0,90.0,42611.32041607756,11.836477893354877,0.014474357807481221
mf6_leakage_01,vertical leakage,R100N,100.0,90.0,56380.47640963074,15.66124344711965,0.019499985072943184
mf6_leakage_01,vertical leakage,R100N,100.0,90.0,74598.91148966992,20.721919858241645,0.02413791788178192
mf6_leakage_01,vertical leakage,R100N,100.0,90.0,98704.33791675112,27.417871643541975,0.0278595861922644
mf6_leakage_01,vertical leakage,R100N,100.0,90.0,130599.04131353565,36.277511475982124,0.03044124529430739
mf6_leakage_01,vertical leakage,R100N,100.0,90.0,172800.0,48.0,0.03197557316438056
mf6_boundary_00,constant head boundary,R20E,20.0,0.0,90.0,0.025,4.553514123962013e-05
mf6_boundary_00,constant head boundary,R20E,20.0,0.0,119.08203799646225,0.03307834388790618,6.698280025698504e-05
mf6_boundary_00,constant head boundary,R20E,20.0,0.0,157.5614641487876,0.04376707337466322,0.00011254115470646424
mf6_boundary_00,constant head boundary,R20E,20.0,0.0,208.4748917838237,0.057909692162173246,0.00021581105528184746
mf6_boundary_00,constant head boundary,R20E,20.0,0.0,275.8401664967739,0.07662226847132608,0.0004540137531969201
mf6_boundary_00,constant head boundary,R20E,20.0,0.0,364.9734354191035,0.10138150983863986,0.0009899998490166173
mf6_boundary_00,constant head boundary,R20E,20.0,0.0,482.90867226974456,0.13414129785270681,0.0021329767119834197
mf6_boundary_00,constant head boundary,R20E,20.0,0.0,638.952765111632,0.17748687919767553,0.004402807869630356
mf6_boundary_00,constant head boundary,R20E,20.0,0.0,845.4199716996435,0.23483888102767875,0.008559700180833385
mf6_boundary_00,constant head boundary,R20E,20.0,0.0,1118.603702143389,0.31072325059538586,0.015551589537529432
mf6_boundary_00,constant head boundary,R20E,20.0,0.0,1480.0623173513602,0.4111284214864889,0.026361444060107927
mf6_boundary_00,constant head boundary,R20E,20.0,0.0,1958.3204123551855,0.5439778923208849,0.041801045364342114
mf6_boundary_00,constant head boundary,R20E,20.0,0.0,2591.1198417036403,0.7197555115843445,0.06234285718229209
mf6_boundary_00,constant head boundary,R20E,20.0,0.0,3428.398127145999,0.9523328130961108,0.0880600728030079
mf6_boundary_00,constant head boundary,R20E,20.0,0.0,4536.229289375555,1.2600636914932097,0.11867869718477932
mf6_boundary_00,constant head boundary,R20E,20.0,0.0,6002.038095534277,1.667232804315077,0.15369231337337777
mf6_boundary_00,constant head boundary,R20E,20.0,0.0,7941.499206095854,2.2059720016932927,0.19248371939105197
mf6_boundary_00,constant head boundary,R20E,20.0,0.0,10507.665668990905,2.9187960191641404,0.2344198442505066
mf6_boundary_00,constant head boundary,R20E,20.0,0.0,13903.047138321052,3.8619575384225144,0.27891135707280784
mf6_boundary_00,constant head boundary,R20E,20.0,0.0,18395.59097324615,5.109886381457264,0.3254422049414243
mf6_boundary_00,constant head boundary,R20E,20.0,0.0,24339.827369371964,6.761063158158879,0.37357870325941106
mf6_boundary_00,constant head boundary,R20E,20.0,0.0,32204.847195854276,8.9457908877373,0.4229666714039753
mf6_boundary_00,constant head boundary,R20E,20.0,0.0,42611.32041607756,11.836477893354877,0.4733226673229827
mf6_boundary_00,constant head boundary,R20E,20.0,0.0,56380.47640963074,15.66124344711965,0.5244231804317375
mf6_boundary_00,constant head boundary,R20E,20.0,0.0,74598.91148966992,20.721919858241645,0.5760937932033879
mf6_boundary_00,constant head boundary,R20E,20.0,0.0,98704.33791675112,27.417871643541975,0.6281988497882242
mf6_boundary_00,constant head boundary,R20E,20.0,0.0,130599.04131353565,36.277511475982124,0.6806287327221281
mf6_boundary_00,constant head boundary,R20E,20.0,0.0,172800.0,48.0,0.7332707993457326
mf6_boundary_00,constant head boundary,R50E,50.0,0.0,90.0,0.025,1.6488055594121257e-10
mf6_boundary_00,constant head boundary,R50E,50.0,0.0,119.08203799646225,0.03307834388790618,2.436003794848843e-10
mf6_boundary_00,constant head boundary,R50E,50.0,0.0,157.5614641487876,0.04376707337466322,4.2523312022172776e-10
mf6_boundary_00,constant head boundary,R50E,50.0,0.0,208.4748917838237,0.057909692162173246,9.63727075341763e-10
mf6_boundary_00,constant head boundary,R50E,50.0,0.0,275.8401664967739,0.07662226847132608,3.178234438781765e-09
mf6_boundary_00,constant head boundary,R50E,50.0,0.0,364.9734354191035,0.10138150983863986,1.5339414900300784e-08
mf6_boundary_00,constant head boundary,R50E,50.0,0.0,482.90867226974456,0.13414129785270681,9.170820800095842e-08
mf6_boundary_00,constant head boundary,R50E,50.0,0.0,638.952765111632,0.17748687919767553,5.648680957949473e-07
mf6_boundary_00,constant head boundary,R50E,50.0,0.0,845.4199716996435,0.23483888102767875,3.213480967011422e-06
mf6_boundary_00,constant head boundary,R50E,50.0,0.0,1118.603702143389,0.31072325059538586,1.6027481983175733e-05
mf6_boundary_00,constant head boundary,R50E,50.0,0.0,1480.0623173513602,0.4111284214864889,6.853949086602325e-05
mf6_boundary_00,constant head boundary,R50E,50.0,0.0,1958.3204123551855,0.5439778923208849,0.00024966504015311574
mf6_boundary_00,constant head boundary,R50E,50.0,0.0,2591.1198417036403,0.7197555115843445,0.0007767613846031451
mf6_boundary_00,constant head boundary,R50E,50.0,0.0,3428.398127145999,0.9523328130961108,0.0020818154161923396
mf6_boundary_00,constant head boundary,R50E,50.0,0.0,4536.229289375555,1.2600636914932097,0.00486562989732832
mf6_boundary_00,constant head boundary,R50E,50.0,0.0,6002.038095534277,1.667232804315077,0.010060004867131007
mf6_boundary_00,constant head boundary,R50E,50.0,0.0,7941.499206095854,2.2059720016932927,0.01868033143777548
mf6_boundary_00,constant head boundary,R50E,50.0,0.0,10507.665668990905,2.9187960191641404,0.03162078883014021
mf6_boundary_00,constant head boundary,R50E,50.0,0.0,13903.047138321052,3.8619575384225144,0.04948044046710665
mf6_boundary_00,constant head boundary,R50E,50.0,0.0,18395.59097324615,5.109886381457264,0.07248349694754293
mf6_boundary_00,constant head boundary,R50E,50.0,0.0,24339.827369371964,6.761063158158879,0.10050100623633634
mf6_boundary_00,constant head boundary,R50E,50.0,0.0,32204.847195854276,8.9457908877373,0.13313889084353997
mf6_boundary_00,constant head boundary,R50E,50.0,0.0,42611.32041607756,11.836477893354877,0.169846970969462
mf6_boundary_00,constant head boundary,R50E,50.0,0.0,56380.47640963074,15.66124344711965,0.21001600845033627
mf6_boundary_00,constant head boundary,R50E,50.0,0.0,74598.91148966992,20.721919858241645,0.2530478387913148
mf6_boundary_00,constant head boundary,R50E,50.0,0.0,98704.33791675112,27.417871643541975,0.298396726950525
mf6_boundary_00,constant head boundary,R50E,50.0,0.0,130599.04131353565,36.277511475982124,0.3455836366514233
mf6_boundary_00,constant head boundary,R50E,50.0,0.0,172800.0,48.0,0.39417560873434393
mf6_boundary_00,constant head boundary,R100E,100.0,0.0,90.0,0.025,2.191374714440045e-19
mf6_boundary_00,constant head boundary,R100E,100.0,0.0,119.08203799646225,0.03307834388790618,3.2441992622149485e-19
mf6_boundary_00,constant head boundary,R100E,100.0,0.0,157.5614641487876,0.04376707337466322,5.682894604641977e-19
mf6_boundary_00,constant head boundary,R100E,100.0,0.0,208.4748917838237,0.057909692162173246,1.3131051419407055e-18
mf6_boundary_00,constant head boundary,R100E,100.0,0.0,275.8401664967739,0.07662226847132608,5.139183510655597e-18
mf6_boundary_00,constant head boundary,R100E,100.0,0.0,364.9734354191035,0.10138150983863986,5.5686092787242e-17
mf6_boundary_00,constant head boundary,R100E,100.0,0.0,482.90867226974456,0.13414129785270681,1.6337407303229737e-15
mf6_boundary_00,constant head boundary,R100E,100.0,0.0,638.952765111632,0.17748687919767553,6.327611553943318e-14
mf6_boundary_00,constant head boundary,R100E,100.0,0.0,845.4199716996435,0.23483888102767875,2.1795140826206904e-12
mf6_boundary_00,constant head boundary,R100E,100.0,0.0,1118.603702143389,0.31072325059538586,5.891918404858507e-11
mf6_boundary_00,constant head boundary,R100E,100.0,0.0,1480.0623173513602,0.4111284214864889,1.1950110579400655e-09
mf6_boundary_00,constant head boundary,R100E,100.0,0.0,1958.3204123551855,0.5439778923208849,1.8002023618301016e-08
mf6_boundary_00,constant head boundary,R100E,100.0,0.0,2591.1198417036403,0.7197555115843445,2.0168627302981117e-07
mf6_boundary_00,constant head boundary,R100E,100.0,0.0,3428.398127145999,0.9523328130961108,1.7014139590703203e-06
mf6_boundary_00,constant head boundary,R100E,100.0,0.0,4536.229289375555,1.2600636914932097,1.0995222152360268e-05
mf6_boundary_00,constant head boundary,R100E,100.0,0.0,6002.038095534277,1.667232804315077,5.557799993201593e-05
mf6_boundary_00,constant head boundary,R100E,100.0,0.0,7941.499206095854,2.2059720016932927,0.00022475825359271004
mf6_boundary_00,constant head boundary,R100E,100.0,0.0,10507.665668990905,2.9187960191641404,0.0007443201852026939
mf6_boundary_00,constant head boundary,R100E,100.0,0.0,13903.047138321052,3.8619575384225144,0.002066020549534672
mf6_boundary_00,constant head boundary,R100E,100.0,0.0,18395.59097324615,5.109886381457264,0.00491624585263446
mf6_boundary_00,constant head boundary,R100E,100.0,0.0,24339.827369371964,6.761063158158879,0.010244883199090268
mf6_boundary_00,constant head boundary,R100E,100.0,0.0,32204.847195854276,8.9457908877373,0.019066917231424355
mf6_boundary_00,constant head boundary,R100E,100.0,0.0,42611.32041607756,11.836477893354877,0.03225751231500006
mf6_boundary_00,constant head boundary,R100E,100.0,0.0,56380.47640963074,15.66124344711965,0.05038740618136629
mf6_boundary_00,constant head boundary,R100E,100.0,0.0,74598.91148966992,20.721919858241645,0.07365382954300286
mf6_boundary_00,constant head boundary,R100E,100.0,0.0,98704.33791675112,27.417871643541975,0.1019066420853689
mf6_boundary_00,constant head boundary,R100E,100.0,0.0,130599.04131353565,36.277511475982124,0.13472732087714534
mf6_boundary_00,constant head boundary,R100E,100.0,0.0,172800.0,48.0,0.17149939096133107
mf6_boundary_00,constant head boundary,R100N,100.0,90.0,90.0,0.025,2.1913747144400454e-19
mf6_boundary_00,constant head boundary,R100N,100.0,90.0,119.08203799646225,0.03307834388790618,3.244199262214949e-19
mf6_boundary_00,constant head boundary,R100N,100.0,90.0,157.5614641487876,0.04376707337466322,5.682894604641978e-19
mf6_boundary_00,constant head boundary,R100N,100.0,90.0,208.4748917838237,0.057909692162173246,1.3131051419407057e-18
mf6_boundary_00,constant head boundary,R100N,100.0,90.0,275.8401664967739,0.07662226847132608,5.139183510655599e-18
mf6_boundary_00,constant head boundary,R100N,100.0,90.0,364.9734354191035,0.10138150983863986,5.5686092787242e-17
mf6_boundary_00,constant head boundary,R100N,100.0,90.0,482.90867226974456,0.13414129785270681,1.633740730322974e-15
mf6_boundary_00,constant head boundary,R100N,100.0,90.0,638.952765111632,0.17748687919767553,6.327611553943319e-14
mf6_boundary_00,constant head boundary,R100N,100.0,90.0,845.4199716996435,0.23483888102767875,2.1795140826206896e-12
mf6_boundary_00,constant head boundary,R100N,100.0,90.0,1118.603702143389,0.31072325059538586,5.891918404858507e-11
mf6_boundary_00,constant head boundary,R100N,100.0,90.0,1480.0623173513602,0.4111284214864889,1.1950110579400657e-09
mf6_boundary_00,constant head boundary,R100N,100.0,90.0,1958.3204123551855,0.5439778923208849,1.8002023618301013e-08
mf6_boundary_00,constant head boundary,R100N,100.0,90.0,2591.1198417036403,0.7197555115843445,2.016862730298112e-07
mf6_boundary_00,constant head boundary,R100N,100.0,90.0,3428.398127145999,0.9523328130961108,1.7014139590703205e-06
mf6_boundary_00,constant head boundary,R100N,100.0,90.0,4536.229289375555,1.2600636914932097,1.0995222152360268e-05
mf6_boundary_00,constant head boundary,R100N,100.0,90.0,6002.038095534277,1.667232804315077,5.5577999932015925e-05
mf6_boundary_00,constant head boundary,R100N,100.0,90.0,7941.499206095854,2.2059720016932927,0.00022475825359271004
mf6_boundary_00,constant head boundary,R100N,100.0,90.0,10507.665668990905,2.9187960191641404,0.000744320185202694
mf6_boundary_00,constant head boundary,R100N,100.0,90.0,13903.047138321052,3.8619575384225144,0.0020660205495346712
mf6_boundary_00,constant head boundary,R100N,100.0,90.0,18395.59097324615,5.109886381457264,0.004916245852634505
mf6_boundary_00,constant head boundary,R100N,100.0,90.0,24339.827369371964,6.761063158158879,0.010244883199093039
mf6_boundary_00,constant head boundary,R100N,100.0,90.0,32204.847195854276,8.9457908877373,0.019066917231514765
mf6_boundary_00,constant head boundary,R100N,100.0,90.0,42611.32041607756,11.836477893354877,0.032257512316387474
mf6_boundary_00,constant head boundary,R100N,100.0,90.0,56380.47640963074,15.66124344711965,0.05038740617759246
mf6_boundary_00,constant head boundary,R100N,100.0,90.0,74598.91148966992,20.721919858241645,0.07365382972549304
mf6_boundary_00,constant head boundary,R100N,100.0,90.0,98704.33791675112,27.417871643541975,0.1019066421190211
mf6_boundary_00,constant head boundary,R100N,100.0,90.0,130599.04131353565,36.277511475982124,0.13472732147739255
mf6_boundary_00,constant head boundary,R100N,100.0,90.0,172800.0,48.0,0.17149939237928244
mf6_boundary_01,constant head boundary,R20E,20.0,0.0,90.0,0.025,4.54994819491994e-05
mf6_boundary_01,constant head boundary,R20E,20.0,0.0,119.08203799646225,0.03307834388790618,6.693020768842219e-05
mf6_boundary_01,constant head boundary,R20E,20.0,0.0,157.5614641487876,0.04376707337466322,0.00011245116282152713
mf6_boundary_01,constant head boundary,R20E,20.0,0.0,208.4748917838237,0.057909692162173246,0.00021562806226552774
mf6_boundary_01,constant head boundary,R20E,20.0,0.0,275.8401664967739,0.07662226847132608,0.00045358194808643926
mf6_boundary_01,constant head boundary,R20E,20.0,0.0,364.9734354191035,0.10138150983863986,0.0009888917053552523
mf6_boundary_01,constant head boundary,R20E,20.0,0.0,482.90867226974456,0.13414129785270681,0.0021300841578225675
mf6_boundary_01,constant head boundary,R20E,20.0,0.0,638.952765111632,0.17748687919767553,0.004395476522313995
mf6_boundary_01,constant head boundary,R20E,20.0,0.0,845.4199716996435,0.23483888102767875,0.008542122118592435
mf6_boundary_01,constant head boundary,R20E,20.0,0.0,1118.603702143389,0.31072325059538586,0.0155122016881564
mf6_boundary_01,constant head boundary,R20E,20.0,0.0,1480.0623173513602,0.4111284214864889,0.026279232758526897
mf6_boundary_01,constant head boundary,R20E,20.0,0.0,1958.3204123551855,0.5439778923208849,0.041640832705535855
mf6_boundary_01,constant head boundary,R20E,20.0,0.0,2591.1198417036403,0.7197555115843445,0.06204967360005705
mf6_boundary_01,constant head boundary,R20E,20.0,0.0,3428.398127145999,0.9523328130961108,0.08755254079324039
mf6_boundary_01,constant head boundary,R20E,20.0,0.0,4536.229289375555,1.2600636914932097,0.11784105413647471
mf6_boundary_01,constant head boundary,R20E,20.0,0.0,6002.038095534277,1.667232804315077,0.15236443428416566
mf6_boundary_01,constant head boundary,R20E,20.0,0.0,7941.499206095854,2.2059720016932927,0.1904483058682233
mf6_boundary_01,constant head boundary,R20E,20.0,0.0,10507.665668990905,2.9187960191641404,0.23138580190282532
mf6_boundary_01,constant head boundary,R20E,20.0,0.0,13903.047138321052,3.8619575384225144,0.2744922424174679
mf6_boundary_01,constant head boundary,R20E,20.0,0.0,18395.59097324615,5.109886381457264,0.3191284879132456
mf6_boundary_01,constant head boundary,R20E,20.0,0.0,24339.827369371964,6.761063158158879,0.36470248967707625
mf6_boundary_01,constant head boundary,R20E,20.0,0.0,32204.847195854276,8.9457908877373,0.4106575537061058
mf6_boundary_01,constant head boundary,R20E,20.0,0.0,42611.32041607756,11.836477893354877,0.45645367374632306
mf6_boundary_01,constant head boundary,R20E,20.0,0.0,56380.47640963074,15.66124344711965,0.5015465803034372
mf6_boundary_01,constant head boundary,R20E,20.0,0.0,74598.91148966992,20.721919858241645,0.5453681778561771
mf6_boundary_01,constant head boundary,R20E,20.0,0.0,98704.33791675112,27.417871643541975,0.5873119943254068
mf6_boundary_01,constant head boundary,R20E,20.0,0.0,130599.04131353565,36.277511475982124,0.6267270271286821
mf6_boundary_01,constant head boundary,R20E,20.0,0.0,172800.0,48.0,0.662921153385182
mf6_boundary_01,constant head boundary,R50E,50.0,0.0,90.0,0.025,1.645795650444024e-10
mf6_boundary_01,constant head boundary,R50E,50.0,0.0,119.08203799646225,0.03307834388790618,2.4315567454114527e-10
mf6_boundary_01,constant head boundary,R50E,50.0,0.0,157.5614641487876,0.04376707337466322,4.244565223195367e-10
mf6_boundary_01,constant head boundary,R50E,50.0,0.0,208.4748917838237,0.057909692162173246,9.61956825303829e-10
mf6_boundary_01,constant head boundary,R50E,50.0,0.0,275.8401664967739,0.07662226847132608,3.172172289245193e-09
mf6_boundary_01,constant head boundary,R50E,50.0,0.0,364.9734354191035,0.10138150983863986,1.530677729678593e-08
mf6_boundary_01,constant head boundary,R50E,50.0,0.0,482.90867226974456,0.13414129785270681,9.147641572017525e-08
mf6_boundary_01,constant head boundary,R50E,50.0,0.0,638.952765111632,0.17748687919767553,5.631295166090592e-07
mf6_boundary_01,constant head boundary,R50E,50.0,0.0,845.4199716996435,0.23483888102767875,3.2013711073139e-06
mf6_boundary_01,constant head boundary,R50E,50.0,0.0,1118.603702143389,0.31072325059538586,1.5953647790909426e-05
mf6_boundary_01,constant head boundary,R50E,50.0,0.0,1480.0623173513602,0.4111284214864889,6.815470411882504e-05
mf6_boundary_01,constant head boundary,R50E,50.0,0.0,1958.3204123551855,0.5439778923208849,0.00024796155876371834
mf6_boundary_01,constant head boundary,R50E,50.0,0.0,2591.1198417036403,0.7197555115843445,0.0007703318614557811
mf6_boundary_01,constant head boundary,R50E,50.0,0.0,3428.398127145999,0.9523328130961108,0.0020609282743583824
mf6_boundary_01,constant head boundary,R50E,50.0,0.0,4536.229289375555,1.2600636914932097,0.004806459449206333
mf6_boundary_01,constant head boundary,R50E,50.0,0.0,6002.038095534277,1.667232804315077,0.0099116482284557
mf6_boundary_01,constant head boundary,R50E,50.0,0.0,7941.499206095854,2.2059720016932927,0.018346016980407828
mf6_boundary_01,constant head boundary,R50E,50.0,0.0,10507.665668990905,2.9187960191641404,0.030933531070176445
mf6_boundary_01,constant head boundary,R50E,50.0,0.0,13903.047138321052,3.8619575384225144,0.04817370424101036
mf6_boundary_01,constant head boundary,R50E,50.0,0.0,18395.59097324615,5.109886381457264,0.07015701591775296
mf6_boundary_01,constant head boundary,R50E,50.0,0.0,24339.827369371964,6.761063158158879,0.09658108727848289
mf6_boundary_01,constant head boundary,R50E,50.0,0.0,32204.847195854276,8.9457908877373,0.12683185056858187
mf6_boundary_01,constant head boundary,R50E,50.0,0.0,42611.32041607756,11.836477893354877,0.16008420676485205
mf6_boundary_01,constant head boundary,R50E,50.0,0.0,56380.47640963074,15.66124344711965,0.19538985897353664
mf6_boundary_01,constant head boundary,R50E,50.0,0.0,74598.91148966992,20.721919858241645,0.2317391143546098
mf6_boundary_01,constant head boundary,R50E,50.0,0.0,98704.33791675112,27.417871643541975,0.2680981146777508
mf6_boundary_01,constant head boundary,R50E,50.0,0.0,130599.04131353565,36.277511475982124,0.3034299659268104
mf6_boundary_01,constant head boundary,R50E,50.0,0.0,172800.0,48.0,0.33670804969023893
mf6_boundary_01,constant head boundary,R100E,100.0,0.0,90.0,0.025,2.1835589485195874e-19
mf6_boundary_01,constant head boundary,R100E,100.0,0.0,119.08203799646225,0.03307834388790618,3.23262460579993e-19
mf6_boundary_01,constant head boundary,R100E,100.0,0.0,157.5614641487876,0.04376707337466322,5.662609641772964e-19
mf6_boundary_01,constant head boundary,R100E,100.0,0.0,208.4748917838237,0.057909692162173246,1.3084146056361845e-18
mf6_boundary_01,constant head boundary,R100E,100.0,0.0,275.8401664967739,0.07662226847132608,5.12073071282325e-18
mf6_boundary_01,constant head boundary,R100E,100.0,0.0,364.9734354191035,0.10138150983863986,5.5473601684726636e-17
mf6_boundary_01,constant head boundary,R100E,100.0,0.0,482.90867226974456,0.13414129785270681,1.6260286811194719e-15
mf6_boundary_01,constant head boundary,R100E,100.0,0.0,638.952765111632,0.17748687919767553,6.292563428740699e-14
mf6_boundary_01,constant head boundary,R100E,100.0,0.0,845.4199716996435,0.23483888102767875,2.1648525931962548e-12
mf6_boundary_01,constant head boundary,R100E,100.0,0.0,1118.603702143389,0.31072325059538586,5.8438087971599e-11
mf6_boundary_01,constant head boundary,R100E,100.0,0.0,1480.0623173513602,0.4111284214864889,1.1832607756581565e-09
mf6_boundary_01,constant head boundary,R100E,100.0,0.0,1958.3204123551855,0.5439778923208849,1.7789853641774397e-08
mf6_boundary_01,constant head boundary,R100E,100.0,0.0,2591.1198417036403,0.7197555115843445,1.9884735231746825e-07
mf6_boundary_01,constant head boundary,R100E,100.0,0.0,3428.398127145999,0.9523328130961108,1.672877704799052e-06
mf6_boundary_01,constant head boundary,R100E,100.0,0.0,4536.229289375555,1.2600636914932097,1.0775649090539273e-05
mf6_boundary_01,constant head boundary,R100E,100.0,0.0,6002.038095534277,1.667232804315077,5.425594253254877e-05
mf6_boundary_01,constant head boundary,R100E,100.0,0.0,7941.499206095854,2.2059720016932927,0.00021838169206215972
mf6_boundary_01,constant head boundary,R100E,100.0,0.0,10507.665668990905,2.9187960191641404,0.0007190882108653061
mf6_boundary_01,constant head boundary,R100E,100.0,0.0,13903.047138321052,3.8619575384225144,0.001982161196725914
mf6_boundary_01,constant head boundary,R100E,100.0,0.0,18395.59097324615,5.109886381457264,0.004676833424820707
mf6_boundary_01,constant head boundary,R100E,100.0,0.0,24339.827369371964,6.761063158158879,0.009645333091774191
mf6_boundary_01,constant head boundary,R100E,100.0,0.0,32204.847195854276,8.9457908877373,0.017724627379408883
mf6_boundary_01,constant head boundary,R100E,100.0,0.0,42611.32041607756,11.836477893354877,0.029525149993006556
mf6_boundary_01,constant head boundary,R100E,100.0,0.0,56380.47640963074,15.66124344711965,0.04525573673801169
mf6_boundary_01,constant head boundary,R100E,100.0,0.0,74598.91148966992,20.721919858241645,0.06465065670738936
mf6_boundary_01,constant head boundary,R100E,100.0,0.0,98704.33791675112,27.417871643541975,0.08699945109648623
mf6_boundary_01,constant head boundary,R100E,100.0,0.0,130599.04131353565,36.277511475982124,0.11124277008986967
mf6_boundary_01,constant head boundary,R100E,100.0,0.0,172800.0,48.0,0.13609007529127432
mf6_boundary_01,constant head boundary,R100N,100.0,90.0,90.0,0.025,2.1835589485195864e-19
mf6_boundary_01,constant head boundary,R100N,100.0,90.0,119.08203799646225,0.03307834388790618,3.232624605799928e-19
mf6_boundary_01,constant head boundary,R100N,100.0,90.0,157.5614641487876,0.04376707337466322,5.66260964177296e-19
mf6_boundary_01,constant head boundary,R100N,100.0,90.0,208.4748917838237,0.057909692162173246,1.3084146056361837e-18
mf6_boundary_01,constant head boundary,R100N,100.0,90.0,275.8401664967739,0.07662226847132608,5.120730712823248e-18
mf6_boundary_01,constant head boundary,R100N,100.0,90.0,364.9734354191035,0.10138150983863986,5.5473601684726636e-17
mf6_boundary_01,constant head boundary,R100N,100.0,90.0,482.90867226974456,0.13414129785270681,1.6260286811194723e-15
mf6_boundary_01,constant head boundary,R100N,100.0,90.0,638.952765111632,0.17748687919767553,6.292563428740696e-14
mf6_boundary_01,constant head boundary,R100N,100.0,90.0,845.4199716996435,0.23483888102767875,2.1648525931962544e-12
mf6_boundary_01,constant head boundary,R100N,100.0,90.0,1118.603702143389,0.31072325059538586,5.8438087971599e-11
mf6_boundary_01,constant head boundary,R100N,100.0,90.0,1480.0623173513602,0.4111284214864889,1.1832607756581565e-09
mf6_boundary_01,constant head boundary,R100N,100.0,90.0,1958.3204123551855,0.5439778923208849,1.7789853641774397e-08
mf6_boundary_01,constant head boundary,R100N,100.0,90.0,2591.1198417036403,0.7197555115843445,1.9884735231746823e-07
mf6_boundary_01,constant head boundary,R100N,100.0,90.0,3428.398127145999,0.9523328130961108,1.672877704799052e-06
mf6_boundary_01,constant head boundary,R100N,100.0,90.0,4536.229289375555,1.2600636914932097,1.0775649090539273e-05
mf6_boundary_01,constant head boundary,R100N,100.0,90.0,6002.038095534277,1.667232804315077,5.4255942532548775e-05
mf6_boundary_01,constant head boundary,R100N,100.0,90.0,7941.499206095854,2.2059720016932927,0.00021838169206215972
mf6_boundary_01,constant head boundary,R100N,100.0,90.0,10507.665668990905,2.9187960191641404,0.0007190882108653063
mf6_boundary_01,constant head boundary,R100N,100.0,90.0,13903.047138321052,3.8619575384225144,0.0019821611967259143
mf6_boundary_01,constant head boundary,R100N,100.0,90.0,18395.59097324615,5.109886381457264,0.004676833424820745
mf6_boundary_01,constant head boundary,R100N,100.0,90.0,24339.827369371964,6.761063158158879,0.009645333091776459
mf6_boundary_01,constant head boundary,R100N,100.0,90.0,32204.847195854276,8.9457908877373,0.017724627379479985
mf6_boundary_01,constant head boundary,R100N,100.0,90.0,42611.32041607756,11.836477893354877,0.029525149994663644
mf6_boundary_01,constant head boundary,R100N,100.0,90.0,56380.47640963074,15.66124344711965,0.04525573673843624
mf6_boundary_01,constant head boundary,R100N,100.0,90.0,74598.91148966992,20.721919858241645,0.06465065677889874
mf6_boundary_01,constant head boundary,R100N,100.0,90.0,98704.33791675112,27.417871643541975,0.08699945138810154
mf6_boundary_01,constant head boundary,R100N,100.0,90.0,130599.04131353565,36.277511475982124,0.11124277086506766
mf6_boundary_01,constant head boundary,R100N,100.0,90.0,172800.0,48.0,0.1360900764759077
mf6_heterogeneous_00,heterogeneous K,R20E,20.0,0.0,90.0,0.025,7.839181362719428e-05
mf6_heterogeneous_00,heterogeneous K,R20E,20.0,0.0,119.08203799646225,0.03307834388790618,0.00011521352954123479
mf6_heterogeneous_00,heterogeneous K,R20E,20.0,0.0,157.5614641487876,0.04376707337466322,0.00019249736016303446
mf6_heterogeneous_00,heterogeneous K,R20E,20.0,0.0,208.4748917838237,0.057909692162173246,0.0003631121383513731
mf6_heterogeneous_00,heterogeneous K,R20E,20.0,0.0,275.8401664967739,0.07662226847132608,0.0007408966840457966
mf6_heterogeneous_00,heterogeneous K,R20E,20.0,0.0,364.9734354191035,0.10138150983863986,0.0015479221994006117
mf6_heterogeneous_00,heterogeneous K,R20E,20.0,0.0,482.90867226974456,0.13414129785270681,0.0031697092467529563
mf6_heterogeneous_00,heterogeneous K,R20E,20.0,0.0,638.952765111632,0.17748687919767553,0.006192219721821424
mf6_heterogeneous_00,heterogeneous K,R20E,20.0,0.0,845.4199716996435,0.23483888102767875,0.011381894950110764
mf6_heterogeneous_00,heterogeneous K,R20E,20.0,0.0,1118.603702143389,0.31072325059538586,0.01958564779993555
mf6_heterogeneous_00,heterogeneous K,R20E,20.0,0.0,1480.0623173513602,0.4111284214864889,0.03157438828111649
mf6_heterogeneous_00,heterogeneous K,R20E,20.0,0.0,1958.3204123551855,0.5439778923208849,0.04789681161039348
mf6_heterogeneous_00,heterogeneous K,R20E,20.0,0.0,2591.1198417036403,0.7197555115843445,0.06880623795340597
mf6_heterogeneous_00,heterogeneous K,R20E,20.0,0.0,3428.398127145999,0.9523328130961108,0.09427506019848515
mf6_heterogeneous_00,heterogeneous K,R20E,20.0,0.0,4536.229289375555,1.2600636914932097,0.1240663006998015
mf6_heterogeneous_00,heterogeneous K,R20E,20.0,0.0,6002.038095534277,1.667232804315077,0.15781904381921572
mf6_heterogeneous_00,heterogeneous K,R20E,20.0,0.0,7941.499206095854,2.2059720016932927,0.19511964805241724
mf6_heterogeneous_00,heterogeneous K,R20E,20.0,0.0,10507.665668990905,2.9187960191641404,0.23554834053925305
mf6_heterogeneous_00,heterogeneous K,R20E,20.0,0.0,13903.047138321052,3.8619575384225144,0.2787008504367058
mf6_heterogeneous_00,heterogeneous K,R20E,20.0,0.0,18395.59097324615,5.109886381457264,0.32418789936491016
mf6_heterogeneous_00,heterogeneous K,R20E,20.0,0.0,24339.827369371964,6.761063158158879,0.37161876970662067
mf6_heterogeneous_00,heterogeneous K,R20E,20.0,0.0,32204.847195854276,8.9457908877373,0.4205817673336118
mf6_heterogeneous_00,heterogeneous K,R20E,20.0,0.0,42611.32041607756,11.836477893354877,0.47064215286419897
mf6_heterogeneous_00,heterogeneous K,R20E,20.0,0.0,56380.47640963074,15.66124344711965,0.5213764050444942
mf6_heterogeneous_00,heterogeneous K,R20E,20.0,0.0,74598.91148966992,20.721919858241645,0.5724406723796862
mf6_heterogeneous_00,heterogeneous K,R20E,20.0,0.0,98704.33791675112,27.417871643541975,0.6236398065641034
mf6_heterogeneous_00,heterogeneous K,R20E,20.0,0.0,130599.04131353565,36.277511475982124,0.6749517637222169
mf6_heterogeneous_00,heterogeneous K,R20E,20.0,0.0,172800.0,48.0,0.7264985120649226
mf6_heterogeneous_00,heterogeneous K,R50E,50.0,0.0,90.0,0.025,1.3010608445050357e-10
mf6_heterogeneous_00,heterogeneous K,R50E,50.0,0.0,119.08203799646225,0.03307834388790618,1.9221567562855519e-10
mf6_heterogeneous_00,heterogeneous K,R50E,50.0,0.0,157.5614641487876,0.04376707337466322,3.3550698050186873e-10
mf6_heterogeneous_00,heterogeneous K,R50E,50.0,0.0,208.4748917838237,0.057909692162173246,7.59936550386192e-10
mf6_heterogeneous_00,heterogeneous K,R50E,50.0,0.0,275.8401664967739,0.07662226847132608,2.4979938908543784e-09
mf6_heterogeneous_00,heterogeneous K,R50E,50.0,0.0,364.9734354191035,0.10138150983863986,1.1948796824503937e-08
mf6_heterogeneous_00,heterogeneous K,R50E,50.0,0.0,482.90867226974456,0.13414129785270681,7.04736471499708e-08
mf6_heterogeneous_00,heterogeneous K,R50E,50.0,0.0,638.952765111632,0.17748687919767553,4.277668443326029e-07
mf6_heterogeneous_00,heterogeneous K,R50E,50.0,0.0,845.4199716996435,0.23483888102767875,2.4019044282739853e-06
mf6_heterogeneous_00,heterogeneous K,R50E,50.0,0.0,1118.603702143389,0.31072325059538586,1.1859988679588376e-05
mf6_heterogeneous_00,heterogeneous K,R50E,50.0,0.0,1480.0623173513602,0.4111284214864889,5.039945034567772e-05
mf6_heterogeneous_00,heterogeneous K,R50E,50.0,0.0,1958.3204123551855,0.5439778923208849,0.00018314778937210082
mf6_heterogeneous_00,heterogeneous K,R50E,50.0,0.0,2591.1198417036403,0.7197555115843445,0.0005705048879549461
mf6_heterogeneous_00,heterogeneous K,R50E,50.0,0.0,3428.398127145999,0.9523328130961108,0.001535499290469661
mf6_heterogeneous_00,heterogeneous K,R50E,50.0,0.0,4536.229289375555,1.2600636914932097,0.0036120546992028653
mf6_heterogeneous_00,heterogeneous K,R50E,50.0,0.0,6002.038095534277,1.667232804315077,0.007527463273814456
mf6_heterogeneous_00,heterogeneous K,R50E,50.0,0.0,7941.499206095854,2.2059720016932927,0.014099596564601876
mf6_heterogeneous_00,heterogeneous K,R50E,50.0,0.0,10507.665668990905,2.9187960191641404,0.024083275536933704
mf6_heterogeneous_00,heterogeneous K,R50E,50.0,0.0,13903.047138321052,3.8619575384225144,0.03803504324196582
mf6_heterogeneous_00,heterogeneous K,R50E,50.0,0.0,18395.59097324615,5.109886381457264,0.056250859117535475
mf6_heterogeneous_00,heterogeneous K,R50E,50.0,0.0,24339.827369371964,6.761063158158879,0.07878299607525037
mf6_heterogeneous_00,heterogeneous K,R50E,50.0,0.0,32204.847195854276,8.9457908877373,0.1055015182845718
mf6_heterogeneous_00,heterogeneous K,R50E,50.0,0.0,42611.32041607756,11.836477893354877,0.13615858293118704
mf6_heterogeneous_00,heterogeneous K,R50E,50.0,0.0,56380.47640963074,15.66124344711965,0.1704348125107521
mf6_heterogeneous_00,heterogeneous K,R50E,50.0,0.0,74598.91148966992,20.721919858241645,0.20797079492321432
mf6_heterogeneous_00,heterogeneous K,R50E,50.0,0.0,98704.33791675112,27.417871643541975,0.24839344481667727
mf6_heterogeneous_00,heterogeneous K,R50E,50.0,0.0,130599.04131353565,36.277511475982124,0.2913407146685369
mf6_heterogeneous_00,heterogeneous K,R50E,50.0,0.0,172800.0,48.0,0.33649233165759757
mf6_heterogeneous_00,heterogeneous K,R100E,100.0,0.0,90.0,0.025,2.259112085017821e-18
mf6_heterogeneous_00,heterogeneous K,R100E,100.0,0.0,119.08203799646225,0.03307834388790618,3.3414259716187435e-18
mf6_heterogeneous_00,heterogeneous K,R100E,100.0,0.0,157.5614641487876,0.04376707337466322,5.84728474070077e-18
mf6_heterogeneous_00,heterogeneous K,R100E,100.0,0.0,208.4748917838237,0.057909692162173246,1.3495491533212173e-17
mf6_heterogeneous_00,heterogeneous K,R100E,100.0,0.0,275.8401664967739,0.07662226847132608,5.2526730496951066e-17
mf6_heterogeneous_00,heterogeneous K,R100E,100.0,0.0,364.9734354191035,0.10138150983863986,5.36084758918224e-16
mf6_heterogeneous_00,heterogeneous K,R100E,100.0,0.0,482.90867226974456,0.13414129785270681,1.3321436576644805e-14
mf6_heterogeneous_00,heterogeneous K,R100E,100.0,0.0,638.952765111632,0.17748687919767553,4.1579802468449343e-13
mf6_heterogeneous_00,heterogeneous K,R100E,100.0,0.0,845.4199716996435,0.23483888102767875,1.1413544447694362e-11
mf6_heterogeneous_00,heterogeneous K,R100E,100.0,0.0,1118.603702143389,0.31072325059538586,2.457468046500398e-10
mf6_heterogeneous_00,heterogeneous K,R100E,100.0,0.0,1480.0623173513602,0.4111284214864889,4.006450899479619e-09
mf6_heterogeneous_00,heterogeneous K,R100E,100.0,0.0,1958.3204123551855,0.5439778923208849,4.912562782853186e-08
mf6_heterogeneous_00,heterogeneous K,R100E,100.0,0.0,2591.1198417036403,0.7197555115843445,4.5613148446391114e-07
mf6_heterogeneous_00,heterogeneous K,R100E,100.0,0.0,3428.398127145999,0.9523328130961108,3.252240790883417e-06
mf6_heterogeneous_00,heterogeneous K,R100E,100.0,0.0,4536.229289375555,1.2600636914932097,1.8134500828283704e-05
mf6_heterogeneous_00,heterogeneous K,R100E,100.0,0.0,6002.038095534277,1.667232804315077,8.073449316088121e-05
mf6_heterogeneous_00,heterogeneous K,R100E,100.0,0.0,7941.499206095854,2.2059720016932927,0.00029334775140397594
mf6_heterogeneous_00,heterogeneous K,R100E,100.0,0.0,10507.665668990905,2.9187960191641404,0.0008895053560172331
mf6_heterogeneous_00,heterogeneous K,R100E,100.0,0.0,13903.047138321052,3.8619575384225144,0.0023007741825025953
mf6_heterogeneous_00,heterogeneous K,R100E,100.0,0.0,18395.59097324615,5.109886381457264,0.005184133905187427
mf6_heterogeneous_00,heterogeneous K,R100E,100.0,0.0,24339.827369371964,6.761063158158879,0.010376840240490641
mf6_heterogeneous_00,heterogeneous K,R100E,100.0,0.0,32204.847195854276,8.9457908877373,0.01878305280798345
mf6_heterogeneous_00,heterogeneous K,R100E,100.0,0.0,42611.32041607756,11.836477893354877,0.031230982948753507
mf6_heterogeneous_00,heterogeneous K,R100E,100.0,0.0,56380.47640963074,15.66124344711965,0.048344523752456965
mf6_heterogeneous_00,heterogeneous K,R100E,100.0,0.0,74598.91148966992,20.721919858241645,0.07045698979245871
mf6_heterogeneous_00,heterogeneous K,R100E,100.0,0.0,98704.33791675112,27.417871643541975,0.09757993151363614
mf6_heterogeneous_00,heterogeneous K,R100E,100.0,0.0,130599.04131353565,36.277511475982124,0.1294352259512183
mf6_heterogeneous_00,heterogeneous K,R100E,100.0,0.0,172800.0,48.0,0.1655592808590884
mf6_heterogeneous_00,heterogeneous K,R100N,100.0,90.0,90.0,0.025,3.27765022507442e-17
mf6_heterogeneous_00,heterogeneous K,R100N,100.0,90.0,119.08203799646225,0.03307834388790618,4.881654196747499e-17
mf6_heterogeneous_00,heterogeneous K,R100N,100.0,90.0,157.5614641487876,0.04376707337466322,8.611227444831836e-17
mf6_heterogeneous_00,heterogeneous K,R100N,100.0,90.0,208.4748917838237,0.057909692162173246,2.004398550450152e-16
mf6_heterogeneous_00,heterogeneous K,R100N,100.0,90.0,275.8401664967739,0.07662226847132608,7.842956423652803e-16
mf6_heterogeneous_00,heterogeneous K,R100N,100.0,90.0,364.9734354191035,0.10138150983863986,7.783172303683319e-15
mf6_heterogeneous_00,heterogeneous K,R100N,100.0,90.0,482.90867226974456,0.13414129785270681,1.7543923113559449e-13
mf6_heterogeneous_00,heterogeneous K,R100N,100.0,90.0,638.952765111632,0.17748687919767553,4.744907144332606e-12
mf6_heterogeneous_00,heterogeneous K,R100N,100.0,90.0,845.4199716996435,0.23483888102767875,1.0973082069804539e-10
mf6_heterogeneous_00,heterogeneous K,R100N,100.0,90.0,1118.603702143389,0.31072325059538586,1.960050131829998e-09
mf6_heterogeneous_00,heterogeneous K,R100N,100.0,90.0,1480.0623173513602,0.4111284214864889,2.628997705780466e-08
mf6_heterogeneous_00,heterogeneous K,R100N,100.0,90.0,1958.3204123551855,0.5439778923208849,2.650682354501878e-07
mf6_heterogeneous_00,heterogeneous K,R100N,100.0,90.0,2591.1198417036403,0.7197555115843445,2.034279818532546e-06
mf6_heterogeneous_00,heterogeneous K,R100N,100.0,90.0,3428.398127145999,0.9523328130961108,1.210802879662e-05
mf6_heterogeneous_00,heterogeneous K,R100N,100.0,90.0,4536.229289375555,1.2600636914932097,5.7121506310142965e-05
mf6_heterogeneous_00,heterogeneous K,R100N,100.0,90.0,6002.038095534277,1.667232804315077,0.00021857838742344676
mf6_heterogeneous_00,heterogeneous K,R100N,100.0,90.0,7941.499206095854,2.2059720016932927,0.0006943551204575515
mf6_heterogeneous_00,heterogeneous K,R100N,100.0,90.0,10507.665668990905,2.9187960191641404,0.0018729270235415462
mf6_heterogeneous_00,heterogeneous K,R100N,100.0,90.0,13903.047138321052,3.8619575384225144,0.004381991180107917
mf6_heterogeneous_00,heterogeneous K,R100N,100.0,90.0,18395.59097324615,5.109886381457264,0.009068456719023312
mf6_heterogeneous_00,heterogeneous K,R100N,100.0,90.0,24339.827369371964,6.761063158158879,0.01689439416982552
mf6_heterogeneous_00,heterogeneous K,R100N,100.0,90.0,32204.847195854276,8.9457908877373,0.02877624792661186
mf6_heterogeneous_00,heterogeneous K,R100N,100.0,90.0,42611.32041607756,11.836477893354877,0.045422663132351854
mf6_heterogeneous_00,heterogeneous K,R100N,100.0,90.0,56380.47640963074,15.66124344711965,0.06722404801481337
mf6_heterogeneous_00,heterogeneous K,R100N,100.0,90.0,74598.91148966992,20.721919858241645,0.09422067914667623
mf6_heterogeneous_00,heterogeneous K,R100N,100.0,90.0,98704.33791675112,27.417871643541975,0.1261448461386844
mf6_heterogeneous_00,heterogeneous K,R100N,100.0,90.0,130599.04131353565,36.277511475982124,0.16251534693251812
mf6_heterogeneous_00,heterogeneous K,R100N,100.0,90.0,172800.0,48.0,0.20276922984533152
mf6_heterogeneous_01,heterogeneous K,R20E,20.0,0.0,90.0,0.025,2.549026093341094e-05
mf6_heterogeneous_01,heterogeneous K,R20E,20.0,0.0,119.08203799646225,0.03307834388790618,3.7521118143191345e-05
mf6_heterogeneous_01,heterogeneous K,R20E,20.0,0.0,157.5614641487876,0.04376707337466322,6.332141837444919e-05
mf6_heterogeneous_01,heterogeneous K,R20E,20.0,0.0,208.4748917838237,0.057909692162173246,0.00012312592890171322
mf6_heterogeneous_01,heterogeneous K,R20E,20.0,0.0,275.8401664967739,0.07662226847132608,0.00026614018110862993
mf6_heterogeneous_01,heterogeneous K,R20E,20.0,0.0,364.9734354191035,0.10138150983863986,0.0006034775695049103
mf6_heterogeneous_01,heterogeneous K,R20E,20.0,0.0,482.90867226974456,0.13414129785270681,0.0013633617215584454
mf6_heterogeneous_01,heterogeneous K,R20E,20.0,0.0,638.952765111632,0.17748687919767553,0.002965036617593029
mf6_heterogeneous_01,heterogeneous K,R20E,20.0,0.0,845.4199716996435,0.23483888102767875,0.0060852629687150476
mf6_heterogeneous_01,heterogeneous K,R20E,20.0,0.0,1118.603702143389,0.31072325059538586,0.011665052558605565
mf6_heterogeneous_01,heterogeneous K,R20E,20.0,0.0,1480.0623173513602,0.4111284214864889,0.020803389517026212
mf6_heterogeneous_01,heterogeneous K,R20E,20.0,0.0,1958.3204123551855,0.5439778923208849,0.03453617522692587
mf6_heterogeneous_01,heterogeneous K,R20E,20.0,0.0,2591.1198417036403,0.7197555115843445,0.053578705079479975
mf6_heterogeneous_01,heterogeneous K,R20E,20.0,0.0,3428.398127145999,0.9523328130961108,0.07814631188470027
mf6_heterogeneous_01,heterogeneous K,R20E,20.0,0.0,4536.229289375555,1.2600636914932097,0.10792279624647678
mf6_heterogeneous_01,heterogeneous K,R20E,20.0,0.0,6002.038095534277,1.667232804315077,0.1421615581067027
mf6_heterogeneous_01,heterogeneous K,R20E,20.0,0.0,7941.499206095854,2.2059720016932927,0.1798533649736087
mf6_heterogeneous_01,heterogeneous K,R20E,20.0,0.0,10507.665668990905,2.9187960191641404,0.21989672005593863
mf6_heterogeneous_01,heterogeneous K,R20E,20.0,0.0,13903.047138321052,3.8619575384225144,0.2612364588749216
mf6_heterogeneous_01,heterogeneous K,R20E,20.0,0.0,18395.59097324615,5.109886381457264,0.30296279378299074
mf6_heterogeneous_01,heterogeneous K,R20E,20.0,0.0,24339.827369371964,6.761063158158879,0.34437704841371314
mf6_heterogeneous_01,heterogeneous K,R20E,20.0,0.0,32204.847195854276,8.9457908877373,0.3850322323218989
mf6_heterogeneous_01,heterogeneous K,R20E,20.0,0.0,42611.32041607756,11.836477893354877,0.4247503037425559
mf6_heterogeneous_01,heterogeneous K,R20E,20.0,0.0,56380.47640963074,15.66124344711965,0.4636093024547135
mf6_heterogeneous_01,heterogeneous K,R20E,20.0,0.0,74598.91148966992,20.721919858241645,0.5018934445930274
mf6_heterogeneous_01,heterogeneous K,R20E,20.0,0.0,98704.33791675112,27.417871643541975,0.5400147950026367
mf6_heterogeneous_01,heterogeneous K,R20E,20.0,0.0,130599.04131353565,36.277511475982124,0.5784401386179435
mf6_heterogeneous_01,heterogeneous K,R20E,20.0,0.0,172800.0,48.0,0.6176737906421897
mf6_heterogeneous_01,heterogeneous K,R50E,50.0,0.0,90.0,0.025,2.4263205430181037e-10
mf6_heterogeneous_01,heterogeneous K,R50E,50.0,0.0,119.08203799646225,0.03307834388790618,3.585026328170135e-10
mf6_heterogeneous_01,heterogeneous K,R50E,50.0,0.0,157.5614641487876,0.04376707337466322,6.258428588536016e-10
mf6_heterogeneous_01,heterogeneous K,R50E,50.0,0.0,208.4748917838237,0.057909692162173246,1.4176602202060645e-09
mf6_heterogeneous_01,heterogeneous K,R50E,50.0,0.0,275.8401664967739,0.07662226847132608,4.657218838632617e-09
mf6_heterogeneous_01,heterogeneous K,R50E,50.0,0.0,364.9734354191035,0.10138150983863986,2.2209026778318186e-08
mf6_heterogeneous_01,heterogeneous K,R50E,50.0,0.0,482.90867226974456,0.13414129785270681,1.29977244241002e-07
mf6_heterogeneous_01,heterogeneous K,R50E,50.0,0.0,638.952765111632,0.17748687919767553,7.782057933586641e-07
mf6_heterogeneous_01,heterogeneous K,R50E,50.0,0.0,845.4199716996435,0.23483888102767875,4.282668124772788e-06
mf6_heterogeneous_01,heterogeneous K,R50E,50.0,0.0,1118.603702143389,0.31072325059538586,2.0598272819716645e-05
mf6_heterogeneous_01,heterogeneous K,R50E,50.0,0.0,1480.0623173513602,0.4111284214864889,8.479614894350433e-05
mf6_heterogeneous_01,heterogeneous K,R50E,50.0,0.0,1958.3204123551855,0.5439778923208849,0.0002971848064695677
mf6_heterogeneous_01,heterogeneous K,R50E,50.0,0.0,2591.1198417036403,0.7197555115843445,0.0008899568166311942
mf6_heterogeneous_01,heterogeneous K,R50E,50.0,0.0,3428.398127145999,0.9523328130961108,0.0022982207482690055
mf6_heterogeneous_01,heterogeneous K,R50E,50.0,0.0,4536.229289375555,1.2600636914932097,0.005182420490168196
mf6_heterogeneous_01,heterogeneous K,R50E,50.0,0.0,6002.038095534277,1.667232804315077,0.010350950916705522
mf6_heterogeneous_01,heterogeneous K,R50E,50.0,0.0,7941.499206095854,2.2059720016932927,0.018584491144064023
mf6_heterogeneous_01,heterogeneous K,R50E,50.0,0.0,10507.665668990905,2.9187960191641404,0.030430889199382444
mf6_heterogeneous_01,heterogeneous K,R50E,50.0,0.0,13903.047138321052,3.8619575384225144,0.04606475081568734
mf6_heterogeneous_01,heterogeneous K,R50E,50.0,0.0,18395.59097324615,5.109886381457264,0.0652725068659353
mf6_heterogeneous_01,heterogeneous K,R50E,50.0,0.0,24339.827369371964,6.761063158158879,0.08756208833266026
mf6_heterogeneous_01,heterogeneous K,R50E,50.0,0.0,32204.847195854276,8.9457908877373,0.11234382276459534
mf6_heterogeneous_01,heterogeneous K,R50E,50.0,0.0,42611.32041607756,11.836477893354877,0.13910601011210535
mf6_heterogeneous_01,heterogeneous K,R50E,50.0,0.0,56380.47640963074,15.66124344711965,0.1675206454047681
mf6_heterogeneous_01,heterogeneous K,R50E,50.0,0.0,74598.91148966992,20.721919858241645,0.19745691488803724
mf6_heterogeneous_01,heterogeneous K,R50E,50.0,0.0,98704.33791675112,27.417871643541975,0.22893218830806855
mf6_heterogeneous_01,heterogeneous K,R50E,50.0,0.0,130599.04131353565,36.277511475982124,0.2620633142594041
mf6_heterogeneous_01,heterogeneous K,R50E,50.0,0.0,172800.0,48.0,0.29707834849568066
mf6_heterogeneous_01,heterogeneous K,R100E,100.0,0.0,90.0,0.025,1.8609999988617947e-17
mf6_heterogeneous_01,heterogeneous K,R100E,100.0,0.0,119.08203799646225,0.03307834388790618,2.7840568723679837e-17
mf6_heterogeneous_01,heterogeneous K,R100E,100.0,0.0,157.5614641487876,0.04376707337466322,4.935891334592632e-17
mf6_heterogeneous_01,heterogeneous K,R100E,100.0,0.0,208.4748917838237,0.057909692162173246,1.1549788830647106e-16
mf6_heterogeneous_01,heterogeneous K,R100E,100.0,0.0,275.8401664967739,0.07662226847132608,4.537072012290611e-16
mf6_heterogeneous_01,heterogeneous K,R100E,100.0,0.0,364.9734354191035,0.10138150983863986,4.521734250595955e-15
mf6_heterogeneous_01,heterogeneous K,R100E,100.0,0.0,482.90867226974456,0.13414129785270681,1.0374008665539039e-13
mf6_heterogeneous_01,heterogeneous K,R100E,100.0,0.0,638.952765111632,0.17748687919767553,2.9133318806002764e-12
mf6_heterogeneous_01,heterogeneous K,R100E,100.0,0.0,845.4199716996435,0.23483888102767875,7.110353519719992e-11
mf6_heterogeneous_01,heterogeneous K,R100E,100.0,0.0,1118.603702143389,0.31072325059538586,1.346431782567026e-09
mf6_heterogeneous_01,heterogeneous K,R100E,100.0,0.0,1480.0623173513602,0.4111284214864889,1.9156364381131795e-08
mf6_heterogeneous_01,heterogeneous K,R100E,100.0,0.0,1958.3204123551855,0.5439778923208849,2.0409528166425434e-07
mf6_heterogeneous_01,heterogeneous K,R100E,100.0,0.0,2591.1198417036403,0.7197555115843445,1.6434522785044038e-06
mf6_heterogeneous_01,heterogeneous K,R100E,100.0,0.0,3428.398127145999,0.9523328130961108,1.0162231551826143e-05
mf6_heterogeneous_01,heterogeneous K,R100E,100.0,0.0,4536.229289375555,1.2600636914932097,4.9214996871038753e-05
mf6_heterogeneous_01,heterogeneous K,R100E,100.0,0.0,6002.038095534277,1.667232804315077,0.000190902898637087
mf6_heterogeneous_01,heterogeneous K,R100E,100.0,0.0,7941.499206095854,2.2059720016932927,0.0006072222928698237
mf6_heterogeneous_01,heterogeneous K,R100E,100.0,0.0,10507.665668990905,2.9187960191641404,0.0016219484435522707
mf6_heterogeneous_01,heterogeneous K,R100E,100.0,0.0,13903.047138321052,3.8619575384225144,0.0037242513141386327
mf6_heterogeneous_01,heterogeneous K,R100E,100.0,0.0,18395.59097324615,5.109886381457264,0.007517292606072254
mf6_heterogeneous_01,heterogeneous K,R100E,100.0,0.0,24339.827369371964,6.761063158158879,0.013617673007830402
mf6_heterogeneous_01,heterogeneous K,R100E,100.0,0.0,32204.847195854276,8.9457908877373,0.022553929627064047
mf6_heterogeneous_01,heterogeneous K,R100E,100.0,0.0,42611.32041607756,11.836477893354877,0.03470350151659312
mf6_heterogeneous_01,heterogeneous K,R100E,100.0,0.0,56380.47640963074,15.66124344711965,0.05027452894993852
mf6_heterogeneous_01,heterogeneous K,R100E,100.0,0.0,74598.91148966992,20.721919858241645,0.06931990943642563
mf6_heterogeneous_01,heterogeneous K,R100E,100.0,0.0,98704.33791675112,27.417871643541975,0.09177887196646231
mf6_heterogeneous_01,heterogeneous K,R100E,100.0,0.0,130599.04131353565,36.277511475982124,0.11755634037759016
mf6_heterogeneous_01,heterogeneous K,R100E,100.0,0.0,172800.0,48.0,0.14665051668979256
mf6_heterogeneous_01,heterogeneous K,R100N,100.0,90.0,90.0,0.025,1.813541448054931e-20
mf6_heterogeneous_01,heterogeneous K,R100N,100.0,90.0,119.08203799646225,0.03307834388790618,2.6888476319583465e-20
mf6_heterogeneous_01,heterogeneous K,R100N,100.0,90.0,157.5614641487876,0.04376707337466322,4.719848436926986e-20
mf6_heterogeneous_01,heterogeneous K,R100N,100.0,90.0,208.4748917838237,0.057909692162173246,1.093920492853041e-19
mf6_heterogeneous_01,heterogeneous K,R100N,100.0,90.0,275.8401664967739,0.07662226847132608,4.31370222343418e-19
mf6_heterogeneous_01,heterogeneous K,R100N,100.0,90.0,364.9734354191035,0.10138150983863986,4.9268569204317595e-18
mf6_heterogeneous_01,heterogeneous K,R100N,100.0,90.0,482.90867226974456,0.13414129785270681,1.6843746476564234e-16
mf6_heterogeneous_01,heterogeneous K,R100N,100.0,90.0,638.952765111632,0.17748687919767553,7.970890754067698e-15
mf6_heterogeneous_01,heterogeneous K,R100N,100.0,90.0,845.4199716996435,0.23483888102767875,3.4010461370487335e-13
mf6_heterogeneous_01,heterogeneous K,R100N,100.0,90.0,1118.603702143389,0.31072325059538586,1.1384468055548784e-11
mf6_heterogeneous_01,heterogeneous K,R100N,100.0,90.0,1480.0623173513602,0.4111284214864889,2.8496817903757707e-10
mf6_heterogeneous_01,heterogeneous K,R100N,100.0,90.0,1958.3204123551855,0.5439778923208849,5.25106003848145e-09
mf6_heterogeneous_01,heterogeneous K,R100N,100.0,90.0,2591.1198417036403,0.7197555115843445,7.122323781061596e-08
mf6_heterogeneous_01,heterogeneous K,R100N,100.0,90.0,3428.398127145999,0.9523328130961108,7.17669263128288e-07
mf6_heterogeneous_01,heterogeneous K,R100N,100.0,90.0,4536.229289375555,1.2600636914932097,5.455190434001074e-06
mf6_heterogeneous_01,heterogeneous K,R100N,100.0,90.0,6002.038095534277,1.667232804315077,3.188630149686915e-05
mf6_heterogeneous_01,heterogeneous K,R100N,100.0,90.0,7941.499206095854,2.2059720016932927,0.00014643192516265412
mf6_heterogeneous_01,heterogeneous K,R100N,100.0,90.0,10507.665668990905,2.9187960191641404,0.0005404136192199532
mf6_heterogeneous_01,heterogeneous K,R100N,100.0,90.0,13903.047138321052,3.8619575384225144,0.0016398964263782837
mf6_heterogeneous_01,heterogeneous K,R100N,100.0,90.0,18395.59097324615,5.109886381457264,0.004184902977284023
mf6_heterogeneous_01,heterogeneous K,R100N,100.0,90.0,24339.827369371964,6.761063158158879,0.009178098242485099
mf6_heterogeneous_01,heterogeneous K,R100N,100.0,90.0,32204.847195854276,8.9457908877373,0.017658629557137855
mf6_heterogeneous_01,heterogeneous K,R100N,100.0,90.0,42611.32041607756,11.836477893354877,0.030388006196192092
mf6_heterogeneous_01,heterogeneous K,R100N,100.0,90.0,56380.47640963074,15.66124344711965,0.04762593558896902
mf6_heterogeneous_01,heterogeneous K,R100N,100.0,90.0,74598.91148966992,20.721919858241645,0.06912988696568174
mf6_heterogeneous_01,heterogeneous K,R100N,100.0,90.0,98704.33791675112,27.417871643541975,0.09436643943462149
mf6_heterogeneous_01,heterogeneous K,R100N,100.0,90.0,130599.04131353565,36.277511475982124,0.12280449202585564
mf6_heterogeneous_01,heterogeneous K,R100N,100.0,90.0,172800.0,48.0,0.15416534830470366
mf6_heterogeneous_02,heterogeneous K,R20E,20.0,0.0,90.0,0.025,9.723478686453286e-06
mf6_heterogeneous_02,heterogeneous K,R20E,20.0,0.0,119.08203799646225,0.03307834388790618,1.4324581883657154e-05
mf6_heterogeneous_02,heterogeneous K,R20E,20.0,0.0,157.5614641487876,0.04376707337466322,2.431936178393145e-05
mf6_heterogeneous_02,heterogeneous K,R20E,20.0,0.0,208.4748917838237,0.057909692162173246,4.824397471053195e-05
mf6_heterogeneous_02,heterogeneous K,R20E,20.0,0.0,275.8401664967739,0.07662226847132608,0.00010867566428429882
mf6_heterogeneous_02,heterogeneous K,R20E,20.0,0.0,364.9734354191035,0.10138150983863986,0.0002622573166188453
mf6_heterogeneous_02,heterogeneous K,R20E,20.0,0.0,482.90867226974456,0.13414129785270681,0.0006407651803293403
mf6_heterogeneous_02,heterogeneous K,R20E,20.0,0.0,638.952765111632,0.17748687919767553,0.0015239969764543069
mf6_heterogeneous_02,heterogeneous K,R20E,20.0,0.0,845.4199716996435,0.23483888102767875,0.0034465243565705264
mf6_heterogeneous_02,heterogeneous K,R20E,20.0,0.0,1118.603702143389,0.31072325059538586,0.007313565490540755
mf6_heterogeneous_02,heterogeneous K,R20E,20.0,0.0,1480.0623173513602,0.4111284214864889,0.014459999352544516
mf6_heterogeneous_02,heterogeneous K,R20E,20.0,0.0,1958.3204123551855,0.5439778923208849,0.02656524351143529
mf6_heterogeneous_02,heterogeneous K,R20E,20.0,0.0,2591.1198417036403,0.7197555115843445,0.04538479568802023
mf6_heterogeneous_02,heterogeneous K,R20E,20.0,0.0,3428.398127145999,0.9523328130961108,0.07237280489555009
mf6_heterogeneous_02,heterogeneous K,R20E,20.0,0.0,4536.229289375555,1.2600636914932097,0.10835885245234228
mf6_heterogeneous_02,heterogeneous K,R20E,20.0,0.0,6002.038095534277,1.667232804315077,0.1534136747905872
mf6_heterogeneous_02,heterogeneous K,R20E,20.0,0.0,7941.499206095854,2.2059720016932927,0.2069210994736914
mf6_heterogeneous_02,heterogeneous K,R20E,20.0,0.0,10507.665668990905,2.9187960191641404,0.26777266302342095
mf6_heterogeneous_02,heterogeneous K,R20E,20.0,0.0,13903.047138321052,3.8619575384225144,0.3345821272726552
mf6_heterogeneous_02,heterogeneous K,R20E,20.0,0.0,18395.59097324615,5.109886381457264,0.40585521119010304
mf6_heterogeneous_02,heterogeneous K,R20E,20.0,0.0,24339.827369371964,6.761063158158879,0.4800963636755532
mf6_heterogeneous_02,heterogeneous K,R20E,20.0,0.0,32204.847195854276,8.9457908877373,0.555862371572472
mf6_heterogeneous_02,heterogeneous K,R20E,20.0,0.0,42611.32041607756,11.836477893354877,0.6317845488581558
mf6_heterogeneous_02,heterogeneous K,R20E,20.0,0.0,56380.47640963074,15.66124344711965,0.7065849592901231
mf6_heterogeneous_02,heterogeneous K,R20E,20.0,0.0,74598.91148966992,20.721919858241645,0.7791104516814824
mf6_heterogeneous_02,heterogeneous K,R20E,20.0,0.0,98704.33791675112,27.417871643541975,0.8484021361049997
mf6_heterogeneous_02,heterogeneous K,R20E,20.0,0.0,130599.04131353565,36.277511475982124,0.9138107643414306
mf6_heterogeneous_02,heterogeneous K,R20E,20.0,0.0,172800.0,48.0,0.9751616409865003
mf6_heterogeneous_02,heterogeneous K,R50E,50.0,0.0,90.0,0.025,2.5010209562326826e-12
mf6_heterogeneous_02,heterogeneous K,R50E,50.0,0.0,119.08203799646225,0.03307834388790618,3.695103959063254e-12
mf6_heterogeneous_02,heterogeneous K,R50E,50.0,0.0,157.5614641487876,0.04376707337466322,6.452409942681258e-12
mf6_heterogeneous_02,heterogeneous K,R50E,50.0,0.0,208.4748917838237,0.057909692162173246,1.470208404439949e-11
mf6_heterogeneous_02,heterogeneous K,R50E,50.0,0.0,275.8401664967739,0.07662226847132608,5.0339123225925025e-11
mf6_heterogeneous_02,heterogeneous K,R50E,50.0,0.0,364.9734354191035,0.10138150983863986,2.737851719594253e-10
mf6_heterogeneous_02,heterogeneous K,R50E,50.0,0.0,482.90867226974456,0.13414129785270681,2.020858212561096e-09
mf6_heterogeneous_02,heterogeneous K,R50E,50.0,0.0,638.952765111632,0.17748687919767553,1.6369538533979124e-08
mf6_heterogeneous_02,heterogeneous K,R50E,50.0,0.0,845.4199716996435,0.23483888102767875,1.2741531794528881e-07
mf6_heterogeneous_02,heterogeneous K,R50E,50.0,0.0,1118.603702143389,0.31072325059538586,8.906669506623918e-07
mf6_heterogeneous_02,heterogeneous K,R50E,50.0,0.0,1480.0623173513602,0.4111284214864889,5.398603972563072e-06
mf6_heterogeneous_02,heterogeneous K,R50E,50.0,0.0,1958.3204123551855,0.5439778923208849,2.786190376790301e-05
mf6_heterogeneous_02,heterogeneous K,R50E,50.0,0.0,2591.1198417036403,0.7197555115843445,0.00012149213260041687
mf6_heterogeneous_02,heterogeneous K,R50E,50.0,0.0,3428.398127145999,0.9523328130961108,0.00044752735469750485
mf6_heterogeneous_02,heterogeneous K,R50E,50.0,0.0,4536.229289375555,1.2600636914932097,0.0014004199863789442
mf6_heterogeneous_02,heterogeneous K,R50E,50.0,0.0,6002.038095534277,1.667232804315077,0.0037598053007981205
mf6_heterogeneous_02,heterogeneous K,R50E,50.0,0.0,7941.499206095854,2.2059720016932927,0.008772501968872816
mf6_heterogeneous_02,heterogeneous K,R50E,50.0,0.0,10507.665668990905,2.9187960191641404,0.01804885690445532
mf6_heterogeneous_02,heterogeneous K,R50E,50.0,0.0,13903.047138321052,3.8619575384225144,0.03324386148125147
mf6_heterogeneous_02,heterogeneous K,R50E,50.0,0.0,18395.59097324615,5.109886381457264,0.055633264137905085
mf6_heterogeneous_02,heterogeneous K,R50E,50.0,0.0,24339.827369371964,6.761063158158879,0.08576817443141015
mf6_heterogeneous_02,heterogeneous K,R50E,50.0,0.0,32204.847195854276,8.9457908877373,0.12334347231771453
mf6_heterogeneous_02,heterogeneous K,R50E,50.0,0.0,42611.32041607756,11.836477893354877,0.1673011170969764
mf6_heterogeneous_02,heterogeneous K,R50E,50.0,0.0,56380.47640963074,15.66124344711965,0.21609356640775687
mf6_heterogeneous_02,heterogeneous K,R50E,50.0,0.0,74598.91148966992,20.721919858241645,0.2679962281825573
mf6_heterogeneous_02,heterogeneous K,R50E,50.0,0.0,98704.33791675112,27.417871643541975,0.3213806747552289
mf6_heterogeneous_02,heterogeneous K,R50E,50.0,0.0,130599.04131353565,36.277511475982124,0.3749221419901346
mf6_heterogeneous_02,heterogeneous K,R50E,50.0,0.0,172800.0,48.0,0.42777777694799946
mf6_heterogeneous_02,heterogeneous K,R100E,100.0,0.0,90.0,0.025,1.62754742019193e-22
mf6_heterogeneous_02,heterogeneous K,R100E,100.0,0.0,119.08203799646225,0.03307834388790618,2.4153431621496173e-22
mf6_heterogeneous_02,heterogeneous K,R100E,100.0,0.0,157.5614641487876,0.04376707337466322,4.2408405257594245e-22
mf6_heterogeneous_02,heterogeneous K,R100E,100.0,0.0,208.4748917838237,0.057909692162173246,9.816151198869352e-22
mf6_heterogeneous_02,heterogeneous K,R100E,100.0,0.0,275.8401664967739,0.07662226847132608,3.870197901781282e-21
mf6_heterogeneous_02,heterogeneous K,R100E,100.0,0.0,364.9734354191035,0.10138150983863986,4.6822199281832045e-20
mf6_heterogeneous_02,heterogeneous K,R100E,100.0,0.0,482.90867226974456,0.13414129785270681,1.9648580907499183e-18
mf6_heterogeneous_02,heterogeneous K,R100E,100.0,0.0,638.952765111632,0.17748687919767553,1.2403120588608327e-16
mf6_heterogeneous_02,heterogeneous K,R100E,100.0,0.0,845.4199716996435,0.23483888102767875,7.287191440069673e-15
mf6_heterogeneous_02,heterogeneous K,R100E,100.0,0.0,1118.603702143389,0.31072325059538586,3.4290544138076443e-13
mf6_heterogeneous_02,heterogeneous K,R100E,100.0,0.0,1480.0623173513602,0.4111284214864889,1.217041987076277e-11
mf6_heterogeneous_02,heterogeneous K,R100E,100.0,0.0,1958.3204123551855,0.5439778923208849,3.156247406292796e-10
mf6_heterogeneous_02,heterogeneous K,R100E,100.0,0.0,2591.1198417036403,0.7197555115843445,5.9293960013526365e-09
mf6_heterogeneous_02,heterogeneous K,R100E,100.0,0.0,3428.398127145999,0.9523328130961108,8.10386641218253e-08
mf6_heterogeneous_02,heterogeneous K,R100E,100.0,0.0,4536.229289375555,1.2600636914932097,8.157283241668358e-07
mf6_heterogeneous_02,heterogeneous K,R100E,100.0,0.0,6002.038095534277,1.667232804315077,6.156431430225999e-06
mf6_heterogeneous_02,heterogeneous K,R100E,100.0,0.0,7941.499206095854,2.2059720016932927,3.5584278101843525e-05
mf6_heterogeneous_02,heterogeneous K,R100E,100.0,0.0,10507.665668990905,2.9187960191641404,0.000161245854031824
mf6_heterogeneous_02,heterogeneous K,R100E,100.0,0.0,13903.047138321052,3.8619575384225144,0.0005870193932761875
mf6_heterogeneous_02,heterogeneous K,R100E,100.0,0.0,18395.59097324615,5.109886381457264,0.0017598636903781914
mf6_heterogeneous_02,heterogeneous K,R100E,100.0,0.0,24339.827369371964,6.761063158158879,0.0044514892034486575
mf6_heterogeneous_02,heterogeneous K,R100E,100.0,0.0,32204.847195854276,8.9457908877373,0.009723456490350219
mf6_heterogeneous_02,heterogeneous K,R100E,100.0,0.0,42611.32041607756,11.836477893354877,0.018742857447759838
mf6_heterogeneous_02,heterogeneous K,R100E,100.0,0.0,56380.47640963074,15.66124344711965,0.03251473386644443
mf6_heterogeneous_02,heterogeneous K,R100E,100.0,0.0,74598.91148966992,20.721919858241645,0.05164947871537334
mf6_heterogeneous_02,heterogeneous K,R100E,100.0,0.0,98704.33791675112,27.417871643541975,0.07625418274766457
mf6_heterogeneous_02,heterogeneous K,R100E,100.0,0.0,130599.04131353565,36.277511475982124,0.10598122461468919
mf6_heterogeneous_02,heterogeneous K,R100E,100.0,0.0,172800.0,48.0,0.14023849989639658
mf6_heterogeneous_02,heterogeneous K,R100N,100.0,90.0,90.0,0.025,1.7590508368503894e-22
mf6_heterogeneous_02,heterogeneous K,R100N,100.0,90.0,119.08203799646225,0.03307834388790618,2.607206669826145e-22
mf6_heterogeneous_02,heterogeneous K,R100N,100.0,90.0,157.5614641487876,0.04376707337466322,4.572631761859273e-22
mf6_heterogeneous_02,heterogeneous K,R100N,100.0,90.0,208.4748917838237,0.057909692162173246,1.0578232554690106e-21
mf6_heterogeneous_02,heterogeneous K,R100N,100.0,90.0,275.8401664967739,0.07662226847132608,4.168654871756284e-21
mf6_heterogeneous_02,heterogeneous K,R100N,100.0,90.0,364.9734354191035,0.10138150983863986,4.956273923378464e-20
mf6_heterogeneous_02,heterogeneous K,R100N,100.0,90.0,482.90867226974456,0.13414129785270681,1.9524340393930567e-18
mf6_heterogeneous_02,heterogeneous K,R100N,100.0,90.0,638.952765111632,0.17748687919767553,1.1338718593972675e-16
mf6_heterogeneous_02,heterogeneous K,R100N,100.0,90.0,845.4199716996435,0.23483888102767875,6.1352825777176946e-15
mf6_heterogeneous_02,heterogeneous K,R100N,100.0,90.0,1118.603702143389,0.31072325059538586,2.678169982051444e-13
mf6_heterogeneous_02,heterogeneous K,R100N,100.0,90.0,1480.0623173513602,0.4111284214864889,8.909202661253682e-12
mf6_heterogeneous_02,heterogeneous K,R100N,100.0,90.0,1958.3204123551855,0.5439778923208849,2.1984012674371865e-10
mf6_heterogeneous_02,heterogeneous K,R100N,100.0,90.0,2591.1198417036403,0.7197555115843445,3.992558899522371e-09
mf6_heterogeneous_02,heterogeneous K,R100N,100.0,90.0,3428.398127145999,0.9523328130961108,5.357324088085502e-08
mf6_heterogeneous_02,heterogeneous K,R100N,100.0,90.0,4536.229289375555,1.2600636914932097,5.363506347969735e-07
mf6_heterogeneous_02,heterogeneous K,R100N,100.0,90.0,6002.038095534277,1.667232804315077,4.06824870747069e-06
mf6_heterogeneous_02,heterogeneous K,R100N,100.0,90.0,7941.499206095854,2.2059720016932927,2.3825738290979817e-05
mf6_heterogeneous_02,heterogeneous K,R100N,100.0,90.0,10507.665668990905,2.9187960191641404,0.00011006573711822514
mf6_heterogeneous_02,heterogeneous K,R100N,100.0,90.0,13903.047138321052,3.8619575384225144,0.00041029443649537247
mf6_heterogeneous_02,heterogeneous K,R100N,100.0,90.0,18395.59097324615,5.109886381457264,0.001263180443525011
mf6_heterogeneous_02,heterogeneous K,R100N,100.0,90.0,24339.827369371964,6.761063158158879,0.0032865468554356945
mf6_heterogeneous_02,heterogeneous K,R100N,100.0,90.0,32204.847195854276,8.9457908877373,0.007387741723334596
mf6_heterogeneous_02,heterogeneous K,R100N,100.0,90.0,42611.32041607756,11.836477893354877,0.014646728737369781
mf6_heterogeneous_02,heterogeneous K,R100N,100.0,90.0,56380.47640963074,15.66124344711965,0.026094722911361622
mf6_heterogeneous_02,heterogeneous K,R100N,100.0,90.0,74598.91148966992,20.721919858241645,0.04247342322711886
mf6_heterogeneous_02,heterogeneous K,R100N,100.0,90.0,98704.33791675112,27.417871643541975,0.06406723811376482
mf6_heterogeneous_02,heterogeneous K,R100N,100.0,90.0,130599.04131353565,36.277511475982124,0.09067221256631887
mf6_heterogeneous_02,heterogeneous K,R100N,100.0,90.0,172800.0,48.0,0.12173487645619871
mf6_combined_00,heterogeneous leakage boundary,R20E,20.0,0.0,90.0,0.025,7.39832059566517e-05
mf6_combined_00,heterogeneous leakage boundary,R20E,20.0,0.0,119.08203799646225,0.03307834388790618,0.00010874564335563706
mf6_combined_00,heterogeneous leakage boundary,R20E,20.0,0.0,157.5614641487876,0.04376707337466322,0.00018180421266054953
mf6_combined_00,heterogeneous leakage boundary,R20E,20.0,0.0,208.4748917838237,0.057909692162173246,0.0003435040969884141
mf6_combined_00,heterogeneous leakage boundary,R20E,20.0,0.0,275.8401664967739,0.07662226847132608,0.0007026536439417295
mf6_combined_00,heterogeneous leakage boundary,R20E,20.0,0.0,364.9734354191035,0.10138150983863986,0.0014716458998517861
mf6_combined_00,heterogeneous leakage boundary,R20E,20.0,0.0,482.90867226974456,0.13414129785270681,0.0030173136495905855
mf6_combined_00,heterogeneous leakage boundary,R20E,20.0,0.0,638.952765111632,0.17748687919767553,0.005889330087200364
mf6_combined_00,heterogeneous leakage boundary,R20E,20.0,0.0,845.4199716996435,0.23483888102767875,0.010786253714181744
mf6_combined_00,heterogeneous leakage boundary,R20E,20.0,0.0,1118.603702143389,0.31072325059538586,0.018438568830091512
mf6_combined_00,heterogeneous leakage boundary,R20E,20.0,0.0,1480.0623173513602,0.4111284214864889,0.029439304875233583
mf6_combined_00,heterogeneous leakage boundary,R20E,20.0,0.0,1958.3204123551855,0.5439778923208849,0.0440970097671018
mf6_combined_00,heterogeneous leakage boundary,R20E,20.0,0.0,2591.1198417036403,0.7197555115843445,0.062377787461604196
mf6_combined_00,heterogeneous leakage boundary,R20E,20.0,0.0,3428.398127145999,0.9523328130961108,0.08394906300579802
mf6_combined_00,heterogeneous leakage boundary,R20E,20.0,0.0,4536.229289375555,1.2600636914932097,0.10828854332088024
mf6_combined_00,heterogeneous leakage boundary,R20E,20.0,0.0,6002.038095534277,1.667232804315077,0.13480717765265846
mf6_combined_00,heterogeneous leakage boundary,R20E,20.0,0.0,7941.499206095854,2.2059720016932927,0.1629491914022585
mf6_combined_00,heterogeneous leakage boundary,R20E,20.0,0.0,10507.665668990905,2.9187960191641404,0.19225110474794407
mf6_combined_00,heterogeneous leakage boundary,R20E,20.0,0.0,13903.047138321052,3.8619575384225144,0.22235549821466546
mf6_combined_00,heterogeneous leakage boundary,R20E,20.0,0.0,18395.59097324615,5.109886381457264,0.2529840984969773
mf6_combined_00,heterogeneous leakage boundary,R20E,20.0,0.0,24339.827369371964,6.761063158158879,0.28388224579999793
mf6_combined_00,heterogeneous leakage boundary,R20E,20.0,0.0,32204.847195854276,8.9457908877373,0.31475265849411027
mf6_combined_00,heterogeneous leakage boundary,R20E,20.0,0.0,42611.32041607756,11.836477893354877,0.34519897562661467
mf6_combined_00,heterogeneous leakage boundary,R20E,20.0,0.0,56380.47640963074,15.66124344711965,0.37469611549448045
mf6_combined_00,heterogeneous leakage boundary,R20E,20.0,0.0,74598.91148966992,20.721919858241645,0.4025962849396944
mf6_combined_00,heterogeneous leakage boundary,R20E,20.0,0.0,98704.33791675112,27.417871643541975,0.4281727326005514
mf6_combined_00,heterogeneous leakage boundary,R20E,20.0,0.0,130599.04131353565,36.277511475982124,0.45070059806105894
mf6_combined_00,heterogeneous leakage boundary,R20E,20.0,0.0,172800.0,48.0,0.46956918211394727
mf6_combined_00,heterogeneous leakage boundary,R50E,50.0,0.0,90.0,0.025,1.2510134075963696e-09
mf6_combined_00,heterogeneous leakage boundary,R50E,50.0,0.0,119.08203799646225,0.03307834388790618,1.8482227942114216e-09
mf6_combined_00,heterogeneous leakage boundary,R50E,50.0,0.0,157.5614641487876,0.04376707337466322,3.2254314971249214e-09
mf6_combined_00,heterogeneous leakage boundary,R50E,50.0,0.0,208.4748917838237,0.057909692162173246,7.2857309317100136e-09
mf6_combined_00,heterogeneous leakage boundary,R50E,50.0,0.0,275.8401664967739,0.07662226847132608,2.3530446369342284e-08
mf6_combined_00,heterogeneous leakage boundary,R50E,50.0,0.0,364.9734354191035,0.10138150983863986,1.0668083012323692e-07
mf6_combined_00,heterogeneous leakage boundary,R50E,50.0,0.0,482.90867226974456,0.13414129785270681,5.721500142223857e-07
mf6_combined_00,heterogeneous leakage boundary,R50E,50.0,0.0,638.952765111632,0.17748687919767553,3.0583611806168086e-06
mf6_combined_00,heterogeneous leakage boundary,R50E,50.0,0.0,845.4199716996435,0.23483888102767875,1.4790069873495628e-05
mf6_combined_00,heterogeneous leakage boundary,R50E,50.0,0.0,1118.603702143389,0.31072325059538586,6.199826899427705e-05
mf6_combined_00,heterogeneous leakage boundary,R50E,50.0,0.0,1480.0623173513602,0.4111284214864889,0.0002220146324789343
mf6_combined_00,heterogeneous leakage boundary,R50E,50.0,0.0,1958.3204123551855,0.5439778923208849,0.0006791490849618282
mf6_combined_00,heterogeneous leakage boundary,R50E,50.0,0.0,2591.1198417036403,0.7197555115843445,0.0017888607362678223
mf6_combined_00,heterogeneous leakage boundary,R50E,50.0,0.0,3428.398127145999,0.9523328130961108,0.0041073855666127704
mf6_combined_00,heterogeneous leakage boundary,R50E,50.0,0.0,4536.229289375555,1.2600636914932097,0.008341168015065549
mf6_combined_00,heterogeneous leakage boundary,R50E,50.0,0.0,6002.038095534277,1.667232804315077,0.015210639633478646
mf6_combined_00,heterogeneous leakage boundary,R50E,50.0,0.0,7941.499206095854,2.2059720016932927,0.02527885102452241
mf6_combined_00,heterogeneous leakage boundary,R50E,50.0,0.0,10507.665668990905,2.9187960191641404,0.03881811584098392
mf6_combined_00,heterogeneous leakage boundary,R50E,50.0,0.0,13903.047138321052,3.8619575384225144,0.05576112718692664
mf6_combined_00,heterogeneous leakage boundary,R50E,50.0,0.0,18395.59097324615,5.109886381457264,0.07573501404594764
mf6_combined_00,heterogeneous leakage boundary,R50E,50.0,0.0,24339.827369371964,6.761063158158879,0.09814424923842338
mf6_combined_00,heterogeneous leakage boundary,R50E,50.0,0.0,32204.847195854276,8.9457908877373,0.12226305288957151
mf6_combined_00,heterogeneous leakage boundary,R50E,50.0,0.0,42611.32041607756,11.836477893354877,0.1473086714732943
mf6_combined_00,heterogeneous leakage boundary,R50E,50.0,0.0,56380.47640963074,15.66124344711965,0.17248069646972208
mf6_combined_00,heterogeneous leakage boundary,R50E,50.0,0.0,74598.91148966992,20.721919858241645,0.19696793442103464
mf6_combined_00,heterogeneous leakage boundary,R50E,50.0,0.0,98704.33791675112,27.417871643541975,0.2199456455941048
mf6_combined_00,heterogeneous leakage boundary,R50E,50.0,0.0,130599.04131353565,36.277511475982124,0.2406002671632666
mf6_combined_00,heterogeneous leakage boundary,R50E,50.0,0.0,172800.0,48.0,0.2582081552231222
mf6_combined_00,heterogeneous leakage boundary,R100E,100.0,0.0,90.0,0.025,2.7625733834215177e-18
mf6_combined_00,heterogeneous leakage boundary,R100E,100.0,0.0,119.08203799646225,0.03307834388790618,4.0847166310342e-18
mf6_combined_00,heterogeneous leakage boundary,R100E,100.0,0.0,157.5614641487876,0.04376707337466322,7.14379569249714e-18
mf6_combined_00,heterogeneous leakage boundary,R100E,100.0,0.0,208.4748917838237,0.057909692162173246,1.6475585356181917e-17
mf6_combined_00,heterogeneous leakage boundary,R100E,100.0,0.0,275.8401664967739,0.07662226847132608,6.428271807853475e-17
mf6_combined_00,heterogeneous leakage boundary,R100E,100.0,0.0,364.9734354191035,0.10138150983863986,6.771541723099891e-16
mf6_combined_00,heterogeneous leakage boundary,R100E,100.0,0.0,482.90867226974456,0.13414129785270681,1.8056769930665035e-14
mf6_combined_00,heterogeneous leakage boundary,R100E,100.0,0.0,638.952765111632,0.17748687919767553,6.02082213775977e-13
mf6_combined_00,heterogeneous leakage boundary,R100E,100.0,0.0,845.4199716996435,0.23483888102767875,1.7280067622650833e-11
mf6_combined_00,heterogeneous leakage boundary,R100E,100.0,0.0,1118.603702143389,0.31072325059538586,3.8036136320748183e-10
mf6_combined_00,heterogeneous leakage boundary,R100E,100.0,0.0,1480.0623173513602,0.4111284214864889,6.212544933955344e-09
mf6_combined_00,heterogeneous leakage boundary,R100E,100.0,0.0,1958.3204123551855,0.5439778923208849,7.503020920435335e-08
mf6_combined_00,heterogeneous leakage boundary,R100E,100.0,0.0,2591.1198417036403,0.7197555115843445,6.766984987562688e-07
mf6_combined_00,heterogeneous leakage boundary,R100E,100.0,0.0,3428.398127145999,0.9523328130961108,4.635383994303723e-06
mf6_combined_00,heterogeneous leakage boundary,R100E,100.0,0.0,4536.229289375555,1.2600636914932097,2.4620949008202824e-05
mf6_combined_00,heterogeneous leakage boundary,R100E,100.0,0.0,6002.038095534277,1.667232804315077,0.00010372718816330466
mf6_combined_00,heterogeneous leakage boundary,R100E,100.0,0.0,7941.499206095854,2.2059720016932927,0.0003548314181866002
mf6_combined_00,heterogeneous leakage boundary,R100E,100.0,0.0,10507.665668990905,2.9187960191641404,0.0010089134136787358
mf6_combined_00,heterogeneous leakage boundary,R100E,100.0,0.0,13903.047138321052,3.8619575384225144,0.0024394483167827583
mf6_combined_00,heterogeneous leakage boundary,R100E,100.0,0.0,18395.59097324615,5.109886381457264,0.005126118141617716
mf6_combined_00,heterogeneous leakage boundary,R100E,100.0,0.0,24339.827369371964,6.761063158158879,0.009553629745503467
mf6_combined_00,heterogeneous leakage boundary,R100E,100.0,0.0,32204.847195854276,8.9457908877373,0.016085320413386964
mf6_combined_00,heterogeneous leakage boundary,R100E,100.0,0.0,42611.32041607756,11.836477893354877,0.0248622221168645
mf6_combined_00,heterogeneous leakage boundary,R100E,100.0,0.0,56380.47640963074,15.66124344711965,0.03574936529438514
mf6_combined_00,heterogeneous leakage boundary,R100E,100.0,0.0,74598.91148966992,20.721919858241645,0.04832071782144009
mf6_combined_00,heterogeneous leakage boundary,R100E,100.0,0.0,98704.33791675112,27.417871643541975,0.06187485747985572
mf6_combined_00,heterogeneous leakage boundary,R100E,100.0,0.0,130599.04131353565,36.277511475982124,0.07549470298097019
mf6_combined_00,heterogeneous leakage boundary,R100E,100.0,0.0,172800.0,48.0,0.08817246533216487
mf6_combined_00,heterogeneous leakage boundary,R100N,100.0,90.0,90.0,0.025,2.674173997522778e-15
mf6_combined_00,heterogeneous leakage boundary,R100N,100.0,90.0,119.08203799646225,0.03307834388790618,4.0023770199060805e-15
mf6_combined_00,heterogeneous leakage boundary,R100N,100.0,90.0,157.5614641487876,0.04376707337466322,7.10556114192426e-15
mf6_combined_00,heterogeneous leakage boundary,R100N,100.0,90.0,208.4748917838237,0.057909692162173246,1.6668470217397265e-14
mf6_combined_00,heterogeneous leakage boundary,R100N,100.0,90.0,275.8401664967739,0.07662226847132608,6.497523583894578e-14
mf6_combined_00,heterogeneous leakage boundary,R100N,100.0,90.0,364.9734354191035,0.10138150983863986,5.798605502837065e-13
mf6_combined_00,heterogeneous leakage boundary,R100N,100.0,90.0,482.90867226974456,0.13414129785270681,9.94906197332942e-12
mf6_combined_00,heterogeneous leakage boundary,R100N,100.0,90.0,638.952765111632,0.17748687919767553,1.9104925939522506e-10
mf6_combined_00,heterogeneous leakage boundary,R100N,100.0,90.0,845.4199716996435,0.23483888102767875,3.110043136665918e-09
mf6_combined_00,heterogeneous leakage boundary,R100N,100.0,90.0,1118.603702143389,0.31072325059538586,3.92701084719929e-08
mf6_combined_00,heterogeneous leakage boundary,R100N,100.0,90.0,1480.0623173513602,0.4111284214864889,3.7695875830877644e-07
mf6_combined_00,heterogeneous leakage boundary,R100N,100.0,90.0,1958.3204123551855,0.5439778923208849,2.7645926154746148e-06
mf6_combined_00,heterogeneous leakage boundary,R100N,100.0,90.0,2591.1198417036403,0.7197555115843445,1.5734482007980857e-05
mf6_combined_00,heterogeneous leakage boundary,R100N,100.0,90.0,3428.398127145999,0.9523328130961108,7.09354671163501e-05
mf6_combined_00,heterogeneous leakage boundary,R100N,100.0,90.0,4536.229289375555,1.2600636914932097,0.0002591493479984679
mf6_combined_00,heterogeneous leakage boundary,R100N,100.0,90.0,6002.038095534277,1.667232804315077,0.0007854098940314291
mf6_combined_00,heterogeneous leakage boundary,R100N,100.0,90.0,7941.499206095854,2.2059720016932927,0.0020207712371492176
mf6_combined_00,heterogeneous leakage boundary,R100N,100.0,90.0,10507.665668990905,2.9187960191641404,0.004511326869023187
mf6_combined_00,heterogeneous leakage boundary,R100N,100.0,90.0,13903.047138321052,3.8619575384225144,0.008915687722755533
mf6_combined_00,heterogeneous leakage boundary,R100N,100.0,90.0,18395.59097324615,5.109886381457264,0.015877357049299174
mf6_combined_00,heterogeneous leakage boundary,R100N,100.0,90.0,24339.827369371964,6.761063158158879,0.025869777520727874
mf6_combined_00,heterogeneous leakage boundary,R100N,100.0,90.0,32204.847195854276,8.9457908877373,0.03905875023162488
mf6_combined_00,heterogeneous leakage boundary,R100N,100.0,90.0,42611.32041607756,11.836477893354877,0.055215382172015014
mf6_combined_00,heterogeneous leakage boundary,R100N,100.0,90.0,56380.47640963074,15.66124344711965,0.07369850082138969
mf6_combined_00,heterogeneous leakage boundary,R100N,100.0,90.0,74598.91148966992,20.721919858241645,0.0935137229548833
mf6_combined_00,heterogeneous leakage boundary,R100N,100.0,90.0,98704.33791675112,27.417871643541975,0.11344277963659981
mf6_combined_00,heterogeneous leakage boundary,R100N,100.0,90.0,130599.04131353565,36.277511475982124,0.13222060685252435
mf6_combined_00,heterogeneous leakage boundary,R100N,100.0,90.0,172800.0,48.0,0.14872663097330052
mf6_combined_01,heterogeneous leakage boundary,R20E,20.0,0.0,90.0,0.025,0.00020984894429013778
mf6_combined_01,heterogeneous leakage boundary,R20E,20.0,0.0,119.08203799646225,0.03307834388790618,0.0003075865241974687
mf6_combined_01,heterogeneous leakage boundary,R20E,20.0,0.0,157.5614641487876,0.04376707337466322,0.0005060437911608613
mf6_combined_01,heterogeneous leakage boundary,R20E,20.0,0.0,208.4748917838237,0.057909692162173246,0.0009154988549452902
mf6_combined_01,heterogeneous leakage boundary,R20E,20.0,0.0,275.8401664967739,0.07662226847132608,0.001735673186018029
mf6_combined_01,heterogeneous leakage boundary,R20E,20.0,0.0,364.9734354191035,0.10138150983863986,0.0032816219699291944
mf6_combined_01,heterogeneous leakage boundary,R20E,20.0,0.0,482.90867226974456,0.13414129785270681,0.005977025988445641
mf6_combined_01,heterogeneous leakage boundary,R20E,20.0,0.0,638.952765111632,0.17748687919767553,0.010295188703197834
mf6_combined_01,heterogeneous leakage boundary,R20E,20.0,0.0,845.4199716996435,0.23483888102767875,0.016656353743042782
mf6_combined_01,heterogeneous leakage boundary,R20E,20.0,0.0,1118.603702143389,0.31072325059538586,0.025323738902161243
mf6_combined_01,heterogeneous leakage boundary,R20E,20.0,0.0,1480.0623173513602,0.4111284214864889,0.0363450992775157
mf6_combined_01,heterogeneous leakage boundary,R20E,20.0,0.0,1958.3204123551855,0.5439778923208849,0.04955747950053152
mf6_combined_01,heterogeneous leakage boundary,R20E,20.0,0.0,2591.1198417036403,0.7197555115843445,0.06463854423109465
mf6_combined_01,heterogeneous leakage boundary,R20E,20.0,0.0,3428.398127145999,0.9523328130961108,0.08117497705046678
mf6_combined_01,heterogeneous leakage boundary,R20E,20.0,0.0,4536.229289375555,1.2600636914932097,0.09872703948384551
mf6_combined_01,heterogeneous leakage boundary,R20E,20.0,0.0,6002.038095534277,1.667232804315077,0.11688010197204424
mf6_combined_01,heterogeneous leakage boundary,R20E,20.0,0.0,7941.499206095854,2.2059720016932927,0.13528065375337378
mf6_combined_01,heterogeneous leakage boundary,R20E,20.0,0.0,10507.665668990905,2.9187960191641404,0.15365448430761003
mf6_combined_01,heterogeneous leakage boundary,R20E,20.0,0.0,13903.047138321052,3.8619575384225144,0.17180434926865143
mf6_combined_01,heterogeneous leakage boundary,R20E,20.0,0.0,18395.59097324615,5.109886381457264,0.18958626801242012
mf6_combined_01,heterogeneous leakage boundary,R20E,20.0,0.0,24339.827369371964,6.761063158158879,0.2068683010496994
mf6_combined_01,heterogeneous leakage boundary,R20E,20.0,0.0,32204.847195854276,8.9457908877373,0.22348138185952307
mf6_combined_01,heterogeneous leakage boundary,R20E,20.0,0.0,42611.32041607756,11.836477893354877,0.23917727289605561
mf6_combined_01,heterogeneous leakage boundary,R20E,20.0,0.0,56380.47640963074,15.66124344711965,0.2536121544380295
mf6_combined_01,heterogeneous leakage boundary,R20E,20.0,0.0,74598.91148966992,20.721919858241645,0.26637317911550695
mf6_combined_01,heterogeneous leakage boundary,R20E,20.0,0.0,98704.33791675112,27.417871643541975,0.27705624644159615
mf6_combined_01,heterogeneous leakage boundary,R20E,20.0,0.0,130599.04131353565,36.277511475982124,0.2853827155376495
mf6_combined_01,heterogeneous leakage boundary,R20E,20.0,0.0,172800.0,48.0,0.2913134053437331
mf6_combined_01,heterogeneous leakage boundary,R50E,50.0,0.0,90.0,0.025,9.970757649391372e-09
mf6_combined_01,heterogeneous leakage boundary,R50E,50.0,0.0,119.08203799646225,0.03307834388790618,1.4730056795495563e-08
mf6_combined_01,heterogeneous leakage boundary,R50E,50.0,0.0,157.5614641487876,0.04376707337466322,2.5686175516658313e-08
mf6_combined_01,heterogeneous leakage boundary,R50E,50.0,0.0,208.4748917838237,0.057909692162173246,5.750212570023674e-08
mf6_combined_01,heterogeneous leakage boundary,R50E,50.0,0.0,275.8401664967739,0.07662226847132608,1.772201394312911e-07
mf6_combined_01,heterogeneous leakage boundary,R50E,50.0,0.0,364.9734354191035,0.10138150983863986,7.139013742941139e-07
mf6_combined_01,heterogeneous leakage boundary,R50E,50.0,0.0,482.90867226974456,0.13414129785270681,3.199346573529598e-06
mf6_combined_01,heterogeneous leakage boundary,R50E,50.0,0.0,638.952765111632,0.17748687919767553,1.3863193650286215e-05
mf6_combined_01,heterogeneous leakage boundary,R50E,50.0,0.0,845.4199716996435,0.23483888102767875,5.38768627843312e-05
mf6_combined_01,heterogeneous leakage boundary,R50E,50.0,0.0,1118.603702143389,0.31072325059538586,0.00018207451494969
mf6_combined_01,heterogeneous leakage boundary,R50E,50.0,0.0,1480.0623173513602,0.4111284214864889,0.0005308623383516375
mf6_combined_01,heterogeneous leakage boundary,R50E,50.0,0.0,1958.3204123551855,0.5439778923208849,0.0013405815311702467
mf6_combined_01,heterogeneous leakage boundary,R50E,50.0,0.0,2591.1198417036403,0.7197555115843445,0.0029617837185647276
mf6_combined_01,heterogeneous leakage boundary,R50E,50.0,0.0,3428.398127145999,0.9523328130961108,0.005800654194531109
mf6_combined_01,heterogeneous leakage boundary,R50E,50.0,0.0,4536.229289375555,1.2600636914932097,0.010217001103245969
mf6_combined_01,heterogeneous leakage boundary,R50E,50.0,0.0,6002.038095534277,1.667232804315077,0.016420555207218857
mf6_combined_01,heterogeneous leakage boundary,R50E,50.0,0.0,7941.499206095854,2.2059720016932927,0.024416572078097134
mf6_combined_01,heterogeneous leakage boundary,R50E,50.0,0.0,10507.665668990905,2.9187960191641404,0.03402163327545509
mf6_combined_01,heterogeneous leakage boundary,R50E,50.0,0.0,13903.047138321052,3.8619575384225144,0.044930553643060554
mf6_combined_01,heterogeneous leakage boundary,R50E,50.0,0.0,18395.59097324615,5.109886381457264,0.05679223001359687
mf6_combined_01,heterogeneous leakage boundary,R50E,50.0,0.0,24339.827369371964,6.761063158158879,0.06925595792854192
mf6_combined_01,heterogeneous leakage boundary,R50E,50.0,0.0,32204.847195854276,8.9457908877373,0.08197301735713486
mf6_combined_01,heterogeneous leakage boundary,R50E,50.0,0.0,42611.32041607756,11.836477893354877,0.09456637767011647
mf6_combined_01,heterogeneous leakage boundary,R50E,50.0,0.0,56380.47640963074,15.66124344711965,0.10660017107210293
mf6_combined_01,heterogeneous leakage boundary,R50E,50.0,0.0,74598.91148966992,20.721919858241645,0.11758319772761851
mf6_combined_01,heterogeneous leakage boundary,R50E,50.0,0.0,98704.33791675112,27.417871643541975,0.1270274561299538
mf6_combined_01,heterogeneous leakage boundary,R50E,50.0,0.0,130599.04131353565,36.277511475982124,0.1345560448131364
mf6_combined_01,heterogeneous leakage boundary,R50E,50.0,0.0,172800.0,48.0,0.14002041713575755
mf6_combined_01,heterogeneous leakage boundary,R100E,100.0,0.0,90.0,0.025,1.4238949090319586e-14
mf6_combined_01,heterogeneous leakage boundary,R100E,100.0,0.0,119.08203799646225,0.03307834388790618,2.1042865451119262e-14
mf6_combined_01,heterogeneous leakage boundary,R100E,100.0,0.0,157.5614641487876,0.04376707337466322,3.676390680869936e-14
mf6_combined_01,heterogeneous leakage boundary,R100E,100.0,0.0,208.4748917838237,0.057909692162173246,8.456563859355033e-14
mf6_combined_01,heterogeneous leakage boundary,R100E,100.0,0.0,275.8401664967739,0.07662226847132608,3.2014406341810395e-13
mf6_combined_01,heterogeneous leakage boundary,R100E,100.0,0.0,364.9734354191035,0.10138150983863986,2.6090909696211303e-12
mf6_combined_01,heterogeneous leakage boundary,R100E,100.0,0.0,482.90867226974456,0.13414129785270681,3.730038742274204e-11
mf6_combined_01,heterogeneous leakage boundary,R100E,100.0,0.0,638.952765111632,0.17748687919767553,5.797219498217291e-10
mf6_combined_01,heterogeneous leakage boundary,R100E,100.0,0.0,845.4199716996435,0.23483888102767875,7.66881321328332e-09
mf6_combined_01,heterogeneous leakage boundary,R100E,100.0,0.0,1118.603702143389,0.31072325059538586,7.979872516309252e-08
mf6_combined_01,heterogeneous leakage boundary,R100E,100.0,0.0,1480.0623173513602,0.4111284214864889,6.414377036727579e-07
mf6_combined_01,heterogeneous leakage boundary,R100E,100.0,0.0,1958.3204123551855,0.5439778923208849,4.001729561049831e-06
mf6_combined_01,heterogeneous leakage boundary,R100E,100.0,0.0,2591.1198417036403,0.7197555115843445,1.9663465378067633e-05
mf6_combined_01,heterogeneous leakage boundary,R100E,100.0,0.0,3428.398127145999,0.9523328130961108,7.759356094686478e-05
mf6_combined_01,heterogeneous leakage boundary,R100E,100.0,0.0,4536.229289375555,1.2600636914932097,0.00025126325798886096
mf6_combined_01,heterogeneous leakage boundary,R100E,100.0,0.0,6002.038095534277,1.667232804315077,0.0006828001676942533
mf6_combined_01,heterogeneous leakage boundary,R100E,100.0,0.0,7941.499206095854,2.2059720016932927,0.0015917648446411028
mf6_combined_01,heterogeneous leakage boundary,R100E,100.0,0.0,10507.665668990905,2.9187960191641404,0.0032508844080727673
mf6_combined_01,heterogeneous leakage boundary,R100E,100.0,0.0,13903.047138321052,3.8619575384225144,0.005930174068421867
mf6_combined_01,heterogeneous leakage boundary,R100E,100.0,0.0,18395.59097324615,5.109886381457264,0.009829990817680573
mf6_combined_01,heterogeneous leakage boundary,R100E,100.0,0.0,24339.827369371964,6.761063158158879,0.015025921714395103
mf6_combined_01,heterogeneous leakage boundary,R100E,100.0,0.0,32204.847195854276,8.9457908877373,0.021435440953034724
mf6_combined_01,heterogeneous leakage boundary,R100E,100.0,0.0,42611.32041607756,11.836477893354877,0.02880450699455068
mf6_combined_01,heterogeneous leakage boundary,R100E,100.0,0.0,56380.47640963074,15.66124344711965,0.03671340087020792
mf6_combined_01,heterogeneous leakage boundary,R100E,100.0,0.0,74598.91148966992,20.721919858241645,0.04461110939165896
mf6_combined_01,heterogeneous leakage boundary,R100E,100.0,0.0,98704.33791675112,27.417871643541975,0.051892571841191545
mf6_combined_01,heterogeneous leakage boundary,R100E,100.0,0.0,130599.04131353565,36.277511475982124,0.05802020270527193
mf6_combined_01,heterogeneous leakage boundary,R100E,100.0,0.0,172800.0,48.0,0.06265955018525131
mf6_combined_01,heterogeneous leakage boundary,R100N,100.0,90.0,90.0,0.025,8.030906277568803e-17
mf6_combined_01,heterogeneous leakage boundary,R100N,100.0,90.0,119.08203799646225,0.03307834388790618,1.1864526215019956e-16
mf6_combined_01,heterogeneous leakage boundary,R100N,100.0,90.0,157.5614641487876,0.04376707337466322,2.072486866734786e-16
mf6_combined_01,heterogeneous leakage boundary,R100N,100.0,90.0,208.4748917838237,0.057909692162173246,4.769964149717721e-16
mf6_combined_01,heterogeneous leakage boundary,R100N,100.0,90.0,275.8401664967739,0.07662226847132608,1.8411947326978284e-15
mf6_combined_01,heterogeneous leakage boundary,R100N,100.0,90.0,364.9734354191035,0.10138150983863986,1.76933571404259e-14
mf6_combined_01,heterogeneous leakage boundary,R100N,100.0,90.0,482.90867226974456,0.13414129785270681,3.73182423001127e-13
mf6_combined_01,heterogeneous leakage boundary,R100N,100.0,90.0,638.952765111632,0.17748687919767553,9.334495678982047e-12
mf6_combined_01,heterogeneous leakage boundary,R100N,100.0,90.0,845.4199716996435,0.23483888102767875,2.003487386717312e-10
mf6_combined_01,heterogeneous leakage boundary,R100N,100.0,90.0,1118.603702143389,0.31072325059538586,3.3307888272574395e-09
mf6_combined_01,heterogeneous leakage boundary,R100N,100.0,90.0,1480.0623173513602,0.4111284214864889,4.171031347390727e-08
mf6_combined_01,heterogeneous leakage boundary,R100N,100.0,90.0,1958.3204123551855,0.5439778923208849,3.931424285462617e-07
mf6_combined_01,heterogeneous leakage boundary,R100N,100.0,90.0,2591.1198417036403,0.7197555115843445,2.821036988016707e-06
mf6_combined_01,heterogeneous leakage boundary,R100N,100.0,90.0,3428.398127145999,0.9523328130961108,1.5682197516567612e-05
mf6_combined_01,heterogeneous leakage boundary,R100N,100.0,90.0,4536.229289375555,1.2600636914932097,6.894422512047045e-05
mf6_combined_01,heterogeneous leakage boundary,R100N,100.0,90.0,6002.038095534277,1.667232804315077,0.0002450386584781152
mf6_combined_01,heterogeneous leakage boundary,R100N,100.0,90.0,7941.499206095854,2.2059720016932927,0.0007199146413162617
mf6_combined_01,heterogeneous leakage boundary,R100N,100.0,90.0,10507.665668990905,2.9187960191641404,0.0017867535020719106
mf6_combined_01,heterogeneous leakage boundary,R100N,100.0,90.0,13903.047138321052,3.8619575384225144,0.0038241550971204654
mf6_combined_01,heterogeneous leakage boundary,R100N,100.0,90.0,18395.59097324615,5.109886381457264,0.00719450574771051
mf6_combined_01,heterogeneous leakage boundary,R100N,100.0,90.0,24339.827369371964,6.761063158158879,0.012106574065285276
mf6_combined_01,heterogeneous leakage boundary,R100N,100.0,90.0,32204.847195854276,8.9457908877373,0.018507535360285342
mf6_combined_01,heterogeneous leakage boundary,R100N,100.0,90.0,42611.32041607756,11.836477893354877,0.02605546211405
mf6_combined_01,heterogeneous leakage boundary,R100N,100.0,90.0,56380.47640963074,15.66124344711965,0.03417906350658859
mf6_combined_01,heterogeneous leakage boundary,R100N,100.0,90.0,74598.91148966992,20.721919858241645,0.04219491800294306
mf6_combined_01,heterogeneous leakage boundary,R100N,100.0,90.0,98704.33791675112,27.417871643541975,0.04944424441038621
mf6_combined_01,heterogeneous leakage boundary,R100N,100.0,90.0,130599.04131353565,36.277511475982124,0.05542062623412416
mf6_combined_01,heterogeneous leakage boundary,R100N,100.0,90.0,172800.0,48.0,0.05986558580943263
