scenario_id,scenario_class,seed,sigma_ln_k,corr_len_m,sigma_ln_s,corr_len_s_m,anisotropy_ratio,leakage_b_m,boundary_type,dx_m,domain_m,time_count,duration_days,obs_layout,obs_rotation_deg,noise_sd_m,ensemble_role,description,leakage_B_m,constant_head_edges,grid_nrow,grid_ncol,grid_cell_count,observation_count,well_count,min_actual_radius_m,max_actual_radius_m,max_drawdown_m,workspace_bytes_before_cleanup,truth_T_ref_m2_s,truth_T_geomean_m2_s,truth_T_arithmetic_m2_s,truth_T_annular_m2_s,truth_S_ref,support_definition,support_target_spread,K_geomean_m_d,K_arithmetic_m_d,K_cv,S_geomean,S_arithmetic,S_cv,elapsed_s
mega_homogeneous_confined_00000,homogeneous confined,20260608,0.0,0.0,0.0,0.0,1.0,,none,7.5,1005.0,20,2.0,dense5,161.9304513489286,0.001,mega,Homogeneous confined baseline.,,False,135,135,18225,100,5,7.5,196.8660712261003,1.1157852463219744,5107811,5.000000000000022e-05,5.000000000000022e-05,5.000000000000001e-05,6.133776045912784e-05,0.0010000000000000002,"pumping-support geometric mean within 130 m, with arithmetic and annular transmissivity targets retained as support sensitivity",1.2267552091825564,0.4320000000000001,0.43200000000000016,2.5699607051508244e-16,0.0010000000000000002,0.0010000000000000005,4.336808689942016e-16,3.873474299994996
mega_homogeneous_confined_00001,homogeneous confined,20260609,0.0,0.0,0.0,0.0,1.0,,none,5.0,605.0,28,2.0,sparse3,6.460375804430764,0.003,mega,Homogeneous confined baseline.,,False,123,123,15129,84,3,20.0,201.55644370746373,0.7351552262806131,5243849,5.000000000000013e-05,5.000000000000013e-05,5.0000000000000016e-05,6.063730267766817e-05,0.001000000000000001,"pumping-support geometric mean within 130 m, with arithmetic and annular transmissivity targets retained as support sensitivity",1.212746053553363,0.43200000000000005,0.4320000000000001,1.2849803525754125e-16,0.0010000000000000002,0.0010000000000000005,4.336808689942016e-16,4.095294099999592
mega_homogeneous_confined_00002,homogeneous confined,20260610,0.0,0.0,0.0,0.0,1.0,,none,7.5,1005.0,20,5.0,far4,13.88896013955847,0.01,mega,Homogeneous confined baseline.,,False,135,135,18225,80,4,47.43416490252569,200.124960961895,0.5714484146185755,5107811,5.000000000000022e-05,5.000000000000022e-05,5.000000000000001e-05,6.133776045912784e-05,0.0010000000000000002,"pumping-support geometric mean within 130 m, with arithmetic and annular transmissivity targets retained as support sensitivity",1.2267552091825564,0.4320000000000001,0.43200000000000016,2.5699607051508244e-16,0.0010000000000000002,0.0010000000000000005,4.336808689942016e-16,3.975166900003387
mega_homogeneous_confined_00003,homogeneous confined,20260611,0.0,0.0,0.0,0.0,1.0,,none,7.5,605.0,20,5.0,dense5,114.64701956243191,0.01,mega,Homogeneous confined baseline.,,False,83,83,6889,100,5,10.606601717798213,198.00568173666127,1.1145836142717467,1978239,5.000000000000022e-05,5.000000000000022e-05,5.000000000000001e-05,6.133776045912784e-05,0.0010000000000000002,"pumping-support geometric mean within 130 m, with arithmetic and annular transmissivity targets retained as support sensitivity",1.2267552091825564,0.43200000000000005,0.4320000000000001,1.2849803525754125e-16,0.0009999999999999994,0.0010000000000000005,4.336808689942016e-16,3.2492052000015974
mega_homogeneous_confined_00004,homogeneous confined,20260612,0.0,0.0,0.0,0.0,1.0,,none,10.0,605.0,20,1.0,far4,133.4503421970705,0.01,mega,Homogeneous confined baseline.,,False,61,61,3721,80,4,50.0,205.1828452868319,0.29691189925683326,1103518,5.000000000000022e-05,5.000000000000022e-05,5.0000000000000016e-05,6.3511907721366e-05,0.001000000000000001,"pumping-support geometric mean within 130 m, with arithmetic and annular transmissivity targets retained as support sensitivity",1.2702381544273196,0.43200000000000005,0.43200000000000016,2.5699607051508244e-16,0.001000000000000001,0.0010000000000000005,4.336808689942016e-16,3.884315699993749
mega_homogeneous_confined_00005,homogeneous confined,20260613,0.0,0.0,0.0,0.0,1.0,,none,10.0,805.0,20,5.0,dense5,92.72695372836762,0.001,mega,Homogeneous confined baseline.,,False,81,81,6561,100,5,10.0,200.24984394500785,1.179171065758927,1887679,5.000000000000022e-05,5.000000000000022e-05,5.0000000000000016e-05,6.3511907721366e-05,0.001000000000000001,"pumping-support geometric mean within 130 m, with arithmetic and annular transmissivity targets retained as support sensitivity",1.2702381544273196,0.432,0.4320000000000001,1.2849803525754125e-16,0.0009999999999999994,0.0010000000000000002,2.1684043449710084e-16,2.987000100001751
mega_homogeneous_confined_00006,homogeneous confined,20260614,0.0,0.0,0.0,0.0,1.0,,none,10.0,405.0,20,10.0,standard4,83.56367375718357,0.003,mega,Homogeneous confined baseline.,,False,41,41,1681,80,4,20.0,100.4987562112089,1.2791562067308364,540160,5.000000000000022e-05,5.000000000000022e-05,5.0000000000000016e-05,6.3511907721366e-05,0.001000000000000001,"pumping-support geometric mean within 130 m, with arithmetic and annular transmissivity targets retained as support sensitivity",1.2702381544273196,0.4320000000000001,0.43200000000000016,2.5699607051508244e-16,0.0010000000000000002,0.0010000000000000002,2.1684043449710084e-16,2.5126359999994747
mega_homogeneous_confined_00007,homogeneous confined,20260615,0.0,0.0,0.0,0.0,1.0,,none,5.0,805.0,20,5.0,near4,171.5908435200617,0.0,mega,Homogeneous confined baseline.,,False,163,163,26569,80,4,10.0,50.24937810560445,1.1722006374025744,7411203,5.000000000000013e-05,5.000000000000013e-05,5.0000000000000016e-05,6.063730267766817e-05,0.001000000000000001,"pumping-support geometric mean within 130 m, with arithmetic and annular transmissivity targets retained as support sensitivity",1.212746053553363,0.4320000000000001,0.43200000000000016,2.5699607051508244e-16,0.0010000000000000002,0.0010000000000000005,4.336808689942016e-16,3.346412300001248
mega_homogeneous_confined_00008,homogeneous confined,20260616,0.0,0.0,0.0,0.0,1.0,,none,5.0,805.0,20,10.0,far4,109.99543158723203,0.001,mega,Homogeneous confined baseline.,,False,163,163,26569,80,4,47.43416490252569,202.48456731316588,0.7110785068878963,7411204,5.000000000000013e-05,5.000000000000013e-05,5.0000000000000016e-05,6.063730267766817e-05,0.001000000000000001,"pumping-support geometric mean within 130 m, with arithmetic and annular transmissivity targets retained as support sensitivity",1.212746053553363,0.4320000000000001,0.43200000000000016,2.5699607051508244e-16,0.0010000000000000002,0.0010000000000000005,4.336808689942016e-16,4.214139600000635
mega_homogeneous_confined_00009,homogeneous confined,20260617,0.0,0.0,0.0,0.0,1.0,,none,7.5,405.0,28,10.0,standard4,5.942876545307979,0.0,mega,Homogeneous confined baseline.,,False,55,55,3025,112,4,22.5,97.78803607803972,1.2256747405333386,1127398,5.000000000000022e-05,5.000000000000022e-05,5.000000000000001e-05,6.133776045912784e-05,0.0010000000000000002,"pumping-support geometric mean within 130 m, with arithmetic and annular transmissivity targets retained as support sensitivity",1.2267552091825564,0.43199999999999994,0.43200000000000005,0.0,0.0009999999999999994,0.0010000000000000002,2.1684043449710084e-16,3.9822572999983095
mega_homogeneous_confined_00010,homogeneous confined,20260618,0.0,0.0,0.0,0.0,1.0,,none,7.5,1205.0,20,10.0,sparse3,167.9911584402858,0.003,mega,Homogeneous confined baseline.,,False,163,163,26569,60,3,23.717082451262844,200.124960961895,0.9620821502638821,7411204,5.000000000000022e-05,5.000000000000022e-05,5.000000000000001e-05,6.133776045912784e-05,0.0010000000000000002,"pumping-support geometric mean within 130 m, with arithmetic and annular transmissivity targets retained as support sensitivity",1.2267552091825564,0.4320000000000001,0.43200000000000016,2.5699607051508244e-16,0.0010000000000000002,0.0010000000000000005,4.336808689942016e-16,2.9356365999992704
mega_homogeneous_confined_00011,homogeneous confined,20260619,0.0,0.0,0.0,0.0,1.0,,none,10.0,1005.0,40,10.0,sparse3,168.61313127763754,0.003,mega,Homogeneous confined baseline.,,False,101,101,10201,120,3,20.0,203.9607805437114,1.0415642765592823,4580979,5.000000000000022e-05,5.000000000000022e-05,5.0000000000000016e-05,6.3511907721366e-05,0.001000000000000001,"pumping-support geometric mean within 130 m, with arithmetic and annular transmissivity targets retained as support sensitivity",1.2702381544273196,0.43200000000000005,0.4320000000000001,1.2849803525754125e-16,0.0010000000000000002,0.0010000000000000005,4.336808689942016e-16,3.4853950000033365
mega_homogeneous_confined_00012,homogeneous confined,20260620,0.0,0.0,0.0,0.0,1.0,,none,7.5,605.0,40,1.0,mixed4,46.95437244909091,0.003,mega,Homogeneous confined baseline.,,False,83,83,6889,160,4,10.606601717798213,196.293784924536,0.8285684184029847,3136651,5.000000000000022e-05,5.000000000000022e-05,5.000000000000001e-05,6.133776045912784e-05,0.0010000000000000002,"pumping-support geometric mean within 130 m, with arithmetic and annular transmissivity targets retained as support sensitivity",1.2267552091825564,0.43200000000000005,0.4320000000000001,1.2849803525754125e-16,0.0009999999999999994,0.0010000000000000005,4.336808689942016e-16,6.916556399999536
mega_homogeneous_confined_00013,homogeneous confined,20260621,0.0,0.0,0.0,0.0,1.0,,none,10.0,1005.0,20,2.0,sparse3,79.4526483476433,0.001,mega,Homogeneous confined baseline.,,False,101,101,10201,60,3,20.0,203.9607805437114,0.7356804426222692,2892643,5.000000000000022e-05,5.000000000000022e-05,5.0000000000000016e-05,6.3511907721366e-05,0.001000000000000001,"pumping-support geometric mean within 130 m, with arithmetic and annular transmissivity targets retained as support sensitivity",1.2702381544273196,0.43200000000000005,0.4320000000000001,1.2849803525754125e-16,0.0010000000000000002,0.0010000000000000005,4.336808689942016e-16,1.8842041000025347
mega_homogeneous_confined_00014,homogeneous confined,20260622,0.0,0.0,0.0,0.0,1.0,,none,10.0,1205.0,20,2.0,mixed4,82.15099629274202,0.001,mega,Homogeneous confined baseline.,,False,121,121,14641,80,4,10.0,202.23748416156684,1.0069316781319255,4118403,5.000000000000022e-05,5.000000000000022e-05,5.0000000000000016e-05,6.3511907721366e-05,0.001000000000000001,"pumping-support geometric mean within 130 m, with arithmetic and annular transmissivity targets retained as support sensitivity",1.2702381544273196,0.4320000000000001,0.43200000000000016,2.5699607051508244e-16,0.0010000000000000002,0.0010000000000000005,4.336808689942016e-16,3.114383000000089
mega_homogeneous_confined_00015,homogeneous confined,20260623,0.0,0.0,0.0,0.0,1.0,,none,10.0,1205.0,20,2.0,far4,105.49934055939168,0.0,mega,Homogeneous confined baseline.,,False,121,121,14641,80,4,50.99019513592785,196.468827043885,0.3834589063811781,4118403,5.000000000000022e-05,5.000000000000022e-05,5.0000000000000016e-05,6.3511907721366e-05,0.001000000000000001,"pumping-support geometric mean within 130 m, with arithmetic and annular transmissivity targets retained as support sensitivity",1.2702381544273196,0.4320000000000001,0.43200000000000016,2.5699607051508244e-16,0.0010000000000000002,0.0010000000000000005,4.336808689942016e-16,4.034952599999087
mega_homogeneous_confined_00016,homogeneous confined,20260624,0.0,0.0,0.0,0.0,1.0,,none,5.0,1005.0,20,2.0,mixed4,89.35957263515498,0.01,mega,Homogeneous confined baseline.,,False,203,203,41209,80,4,10.0,200.0,1.0076691454808222,11452523,5.000000000000013e-05,5.000000000000013e-05,5.0000000000000016e-05,6.063730267766817e-05,0.001000000000000001,"pumping-support geometric mean within 130 m, with arithmetic and annular transmissivity targets retained as support sensitivity",1.212746053553363,0.4320000000000001,0.43200000000000016,2.5699607051508244e-16,0.0009999999999999994,0.0010000000000000007,6.505213034913023e-16,4.308423200003745
mega_homogeneous_confined_00017,homogeneous confined,20260625,0.0,0.0,0.0,0.0,1.0,,none,5.0,805.0,28,2.0,standard4,101.84030231391996,0.001,mega,Homogeneous confined baseline.,,False,163,163,26569,112,4,20.615528128088304,101.9803902718557,0.7201161647624481,9134089,5.000000000000013e-05,5.000000000000013e-05,5.0000000000000016e-05,6.063730267766817e-05,0.001000000000000001,"pumping-support geometric mean within 130 m, with arithmetic and annular transmissivity targets retained as support sensitivity",1.212746053553363,0.4320000000000001,0.43200000000000016,2.5699607051508244e-16,0.0010000000000000002,0.0010000000000000005,4.336808689942016e-16,4.336596900000586
mega_homogeneous_confined_00018,homogeneous confined,20260626,0.0,0.0,0.0,0.0,1.0,,none,10.0,1205.0,20,2.0,dense5,43.582084933734336,0.003,mega,Homogeneous confined baseline.,,False,121,121,14641,100,5,14.142135623730951,197.9898987322333,0.8444087345828002,4118403,5.000000000000022e-05,5.000000000000022e-05,5.0000000000000016e-05,6.3511907721366e-05,0.001000000000000001,"pumping-support geometric mean within 130 m, with arithmetic and annular transmissivity targets retained as support sensitivity",1.2702381544273196,0.4320000000000001,0.43200000000000016,2.5699607051508244e-16,0.0010000000000000002,0.0010000000000000005,4.336808689942016e-16,3.7889960999964387
mega_homogeneous_confined_00019,homogeneous confined,20260627,0.0,0.0,0.0,0.0,1.0,,none,10.0,1205.0,20,10.0,mixed4,34.05769061306288,0.003,mega,Homogeneous confined baseline.,,False,121,121,14641,80,4,14.142135623730951,202.48456731316588,1.1462816608207766,4118404,5.000000000000022e-05,5.000000000000022e-05,5.0000000000000016e-05,6.3511907721366e-05,0.001000000000000001,"pumping-support geometric mean within 130 m, with arithmetic and annular transmissivity targets retained as support sensitivity",1.2702381544273196,0.4320000000000001,0.43200000000000016,2.5699607051508244e-16,0.0010000000000000002,0.0010000000000000005,4.336808689942016e-16,3.2498566000067513
mega_homogeneous_confined_00020,homogeneous confined,20260628,0.0,0.0,0.0,0.0,1.0,,none,5.0,605.0,40,5.0,sparse3,101.13213650086024,0.001,mega,Homogeneous confined baseline.,,False,123,123,15129,120,3,20.615528128088304,199.06029237394384,0.899994710431184,6729938,5.000000000000013e-05,5.000000000000013e-05,5.0000000000000016e-05,6.063730267766817e-05,0.001000000000000001,"pumping-support geometric mean within 130 m, with arithmetic and annular transmissivity targets retained as support sensitivity",1.212746053553363,0.43200000000000005,0.4320000000000001,1.2849803525754125e-16,0.0010000000000000002,0.0010000000000000005,4.336808689942016e-16,4.808516100005363
mega_homogeneous_confined_00021,homogeneous confined,20260629,0.0,0.0,0.0,0.0,1.0,,none,7.5,1005.0,40,10.0,far4,21.324673865522144,0.003,mega,Homogeneous confined baseline.,,False,135,135,18225,160,4,47.43416490252569,201.9436802675439,0.7157032174426899,8079987,5.000000000000022e-05,5.000000000000022e-05,5.000000000000001e-05,6.133776045912784e-05,0.0010000000000000002,"pumping-support geometric mean within 130 m, with arithmetic and annular transmissivity targets retained as support sensitivity",1.2267552091825564,0.4320000000000001,0.43200000000000016,2.5699607051508244e-16,0.0010000000000000002,0.0010000000000000005,4.336808689942016e-16,7.481961199999205
mega_homogeneous_confined_00022,homogeneous confined,20260630,0.0,0.0,0.0,0.0,1.0,,none,5.0,1005.0,28,1.0,far4,59.22916371641251,0.003,mega,Homogeneous confined baseline.,,False,203,203,41209,112,4,51.478150704935004,197.2308292331602,0.26815841659015177,14112384,5.000000000000013e-05,5.000000000000013e-05,5.0000000000000016e-05,6.063730267766817e-05,0.001000000000000001,"pumping-support geometric mean within 130 m, with arithmetic and annular transmissivity targets retained as support sensitivity",1.212746053553363,0.4320000000000001,0.43200000000000016,2.5699607051508244e-16,0.0009999999999999994,0.0010000000000000007,6.505213034913023e-16,7.69081659999938
mega_homogeneous_confined_00023,homogeneous confined,20260631,0.0,0.0,0.0,0.0,1.0,,none,5.0,1205.0,20,10.0,mixed4,68.31022663783212,0.001,mega,Homogeneous confined baseline.,,False,243,243,59049,80,4,11.180339887498949,199.6246477767713,1.248113276996297,16377004,5.000000000000013e-05,5.000000000000013e-05,5.0000000000000016e-05,6.063730267766817e-05,0.001000000000000001,"pumping-support geometric mean within 130 m, with arithmetic and annular transmissivity targets retained as support sensitivity",1.212746053553363,0.43200000000000016,0.4320000000000003,5.139921410301648e-16,0.0009999999999999994,0.0010000000000000007,6.505213034913023e-16,5.116857200002414
mega_homogeneous_confined_00024,homogeneous confined,20260632,0.0,0.0,0.0,0.0,1.0,,none,7.5,805.0,40,5.0,near4,121.14023141484763,0.0,mega,Homogeneous confined baseline.,,False,109,109,11881,160,4,10.606601717798213,50.31152949374527,1.1350672734995457,5313586,5.000000000000022e-05,5.000000000000022e-05,5.000000000000001e-05,6.133776045912784e-05,0.0010000000000000002,"pumping-support geometric mean within 130 m, with arithmetic and annular transmissivity targets retained as support sensitivity",1.2267552091825564,0.4320000000000001,0.4320000000000002,3.854941057726236e-16,0.001000000000000001,0.0010000000000000005,4.336808689942016e-16,5.153969700004382
mega_homogeneous_confined_00025,homogeneous confined,20260633,0.0,0.0,0.0,0.0,1.0,,none,10.0,605.0,40,10.0,dense5,121.59069681861072,0.003,mega,Homogeneous confined baseline.,,False,61,61,3721,200,5,14.142135623730951,197.2308292331602,1.197227632611367,1755055,5.000000000000022e-05,5.000000000000022e-05,5.0000000000000016e-05,6.3511907721366e-05,0.001000000000000001,"pumping-support geometric mean within 130 m, with arithmetic and annular transmissivity targets retained as support sensitivity",1.2702381544273196,0.43200000000000005,0.43200000000000016,2.5699607051508244e-16,0.001000000000000001,0.0010000000000000005,4.336808689942016e-16,5.672718499998155
mega_homogeneous_confined_00026,homogeneous confined,20260634,0.0,0.0,0.0,0.0,1.0,,none,5.0,605.0,40,5.0,sparse3,118.0446187268672,0.001,mega,Homogeneous confined baseline.,,False,123,123,15129,120,3,22.360679774997898,199.12307751739877,0.8684672597862534,6729938,5.000000000000013e-05,5.000000000000013e-05,5.0000000000000016e-05,6.063730267766817e-05,0.001000000000000001,"pumping-support geometric mean within 130 m, with arithmetic and annular transmissivity targets retained as support sensitivity",1.212746053553363,0.43200000000000005,0.4320000000000001,1.2849803525754125e-16,0.0010000000000000002,0.0010000000000000005,4.336808689942016e-16,6.1058532999959425
mega_homogeneous_confined_00027,homogeneous confined,20260635,0.0,0.0,0.0,0.0,1.0,,none,7.5,605.0,20,2.0,sparse3,99.37749756387662,0.001,mega,Homogeneous confined baseline.,,False,83,83,6889,60,3,22.5,197.29419656948858,0.6862224204447802,1978239,5.000000000000022e-05,5.000000000000022e-05,5.000000000000001e-05,6.133776045912784e-05,0.0010000000000000002,"pumping-support geometric mean within 130 m, with arithmetic and annular transmissivity targets retained as support sensitivity",1.2267552091825564,0.43200000000000005,0.4320000000000001,1.2849803525754125e-16,0.0009999999999999994,0.0010000000000000005,4.336808689942016e-16,3.287383700000646
mega_homogeneous_confined_00028,homogeneous confined,20260636,0.0,0.0,0.0,0.0,1.0,,none,10.0,1205.0,28,10.0,dense5,11.443964310033913,0.003,mega,Homogeneous confined baseline.,,False,121,121,14641,140,5,10.0,203.9607805437114,1.3155284884522096,5077898,5.000000000000022e-05,5.000000000000022e-05,5.0000000000000016e-05,6.3511907721366e-05,0.001000000000000001,"pumping-support geometric mean within 130 m, with arithmetic and annular transmissivity targets retained as support sensitivity",1.2702381544273196,0.4320000000000001,0.43200000000000016,2.5699607051508244e-16,0.0010000000000000002,0.0010000000000000005,4.336808689942016e-16,6.190353199999663
mega_homogeneous_confined_00029,homogeneous confined,20260637,0.0,0.0,0.0,0.0,1.0,,none,10.0,1005.0,40,2.0,near4,31.341349479533683,0.001,mega,Homogeneous confined baseline.,,False,101,101,10201,160,4,14.142135623730951,50.0,0.8490369918325283,4580977,5.000000000000022e-05,5.000000000000022e-05,5.0000000000000016e-05,6.3511907721366e-05,0.001000000000000001,"pumping-support geometric mean within 130 m, with arithmetic and annular transmissivity targets retained as support sensitivity",1.2702381544273196,0.43200000000000005,0.4320000000000001,1.2849803525754125e-16,0.0010000000000000002,0.0010000000000000005,4.336808689942016e-16,4.075500400002056
mega_homogeneous_confined_00030,homogeneous confined,20260638,0.0,0.0,0.0,0.0,1.0,,none,7.5,805.0,40,2.0,mixed4,24.844645027257563,0.01,mega,Homogeneous confined baseline.,,False,109,109,11881,160,4,10.606601717798213,198.00568173666127,0.9466440918263652,5313585,5.000000000000022e-05,5.000000000000022e-05,5.000000000000001e-05,6.133776045912784e-05,0.0010000000000000002,"pumping-support geometric mean within 130 m, with arithmetic and annular transmissivity targets retained as support sensitivity",1.2267552091825564,0.4320000000000001,0.4320000000000002,3.854941057726236e-16,0.001000000000000001,0.0010000000000000005,4.336808689942016e-16,7.312195899998187
mega_homogeneous_confined_00031,homogeneous confined,20260639,0.0,0.0,0.0,0.0,1.0,,none,7.5,1205.0,20,10.0,near4,99.04963008709284,0.003,mega,Homogeneous confined baseline.,,False,163,163,26569,80,4,7.5,53.033008588991066,1.4218346808686202,7411204,5.000000000000022e-05,5.000000000000022e-05,5.000000000000001e-05,6.133776045912784e-05,0.0010000000000000002,"pumping-support geometric mean within 130 m, with arithmetic and annular transmissivity targets retained as support sensitivity",1.2267552091825564,0.4320000000000001,0.43200000000000016,2.5699607051508244e-16,0.0010000000000000002,0.0010000000000000005,4.336808689942016e-16,2.928948099994159
mega_homogeneous_confined_00032,homogeneous confined,20260640,0.0,0.0,0.0,0.0,1.0,,none,10.0,805.0,28,1.0,far4,64.42567434802704,0.01,mega,Homogeneous confined baseline.,,False,81,81,6561,112,4,53.85164807134504,201.24611797498108,0.2585347941256549,2330052,5.000000000000022e-05,5.000000000000022e-05,5.0000000000000016e-05,6.3511907721366e-05,0.001000000000000001,"pumping-support geometric mean within 130 m, with arithmetic and annular transmissivity targets retained as support sensitivity",1.2702381544273196,0.432,0.4320000000000001,1.2849803525754125e-16,0.0009999999999999994,0.0010000000000000002,2.1684043449710084e-16,5.622984300003736
mega_homogeneous_confined_00033,homogeneous confined,20260641,0.0,0.0,0.0,0.0,1.0,,none,10.0,1205.0,20,10.0,far4,77.05831827959592,0.01,mega,Homogeneous confined baseline.,,False,121,121,14641,80,4,50.99019513592785,194.164878389476,0.6876272542946401,4118404,5.000000000000022e-05,5.000000000000022e-05,5.0000000000000016e-05,6.3511907721366e-05,0.001000000000000001,"pumping-support geometric mean within 130 m, with arithmetic and annular transmissivity targets retained as support sensitivity",1.2702381544273196,0.4320000000000001,0.43200000000000016,2.5699607051508244e-16,0.0010000000000000002,0.0010000000000000005,4.336808689942016e-16,3.022231800001464
mega_homogeneous_confined_00034,homogeneous confined,20260642,0.0,0.0,0.0,0.0,1.0,,none,5.0,1005.0,40,2.0,sparse3,15.037077142782284,0.003,mega,Homogeneous confined baseline.,,False,203,203,41209,120,3,20.615528128088304,201.30822139197394,0.7261114377496513,18102177,5.000000000000013e-05,5.000000000000013e-05,5.0000000000000016e-05,6.063730267766817e-05,0.001000000000000001,"pumping-support geometric mean within 130 m, with arithmetic and annular transmissivity targets retained as support sensitivity",1.212746053553363,0.4320000000000001,0.43200000000000016,2.5699607051508244e-16,0.0009999999999999994,0.0010000000000000007,6.505213034913023e-16,6.733044199994765
mega_homogeneous_confined_00035,homogeneous confined,20260643,0.0,0.0,0.0,0.0,1.0,,none,5.0,1205.0,20,5.0,mixed4,1.0629355341004627,0.003,mega,Homogeneous confined baseline.,,False,243,243,59049,80,4,10.0,200.06249023742558,1.1730116554425165,16377003,5.000000000000013e-05,5.000000000000013e-05,5.0000000000000016e-05,6.063730267766817e-05,0.001000000000000001,"pumping-support geometric mean within 130 m, with arithmetic and annular transmissivity targets retained as support sensitivity",1.212746053553363,0.43200000000000016,0.4320000000000003,5.139921410301648e-16,0.0009999999999999994,0.0010000000000000007,6.505213034913023e-16,5.470884199996362
mega_homogeneous_confined_00036,homogeneous confined,20260644,0.0,0.0,0.0,0.0,1.0,,none,10.0,1205.0,40,1.0,far4,162.92930265710163,0.0,mega,Homogeneous confined baseline.,,False,121,121,14641,160,4,50.99019513592785,199.24858845171275,0.27369929244452107,6517135,5.000000000000022e-05,5.000000000000022e-05,5.0000000000000016e-05,6.3511907721366e-05,0.001000000000000001,"pumping-support geometric mean within 130 m, with arithmetic and annular transmissivity targets retained as support sensitivity",1.2702381544273196,0.4320000000000001,0.43200000000000016,2.5699607051508244e-16,0.0010000000000000002,0.0010000000000000005,4.336808689942016e-16,6.859065600001486
mega_homogeneous_confined_00037,homogeneous confined,20260645,0.0,0.0,0.0,0.0,1.0,,none,5.0,1205.0,40,10.0,standard4,144.00236550912555,0.01,mega,Homogeneous confined baseline.,,False,243,243,59049,160,4,18.027756377319946,100.0,1.0890044658386404,25881059,5.000000000000013e-05,5.000000000000013e-05,5.0000000000000016e-05,6.063730267766817e-05,0.001000000000000001,"pumping-support geometric mean within 130 m, with arithmetic and annular transmissivity targets retained as support sensitivity",1.212746053553363,0.43200000000000016,0.4320000000000003,5.139921410301648e-16,0.0009999999999999994,0.0010000000000000007,6.505213034913023e-16,9.287401699999464
mega_homogeneous_confined_00038,homogeneous confined,20260646,0.0,0.0,0.0,0.0,1.0,,none,10.0,1205.0,28,2.0,dense5,14.454456852662316,0.01,mega,Homogeneous confined baseline.,,False,121,121,14641,140,5,10.0,196.468827043885,1.0192490609844194,5077897,5.000000000000022e-05,5.000000000000022e-05,5.0000000000000016e-05,6.3511907721366e-05,0.001000000000000001,"pumping-support geometric mean within 130 m, with arithmetic and annular transmissivity targets retained as support sensitivity",1.2702381544273196,0.4320000000000001,0.43200000000000016,2.5699607051508244e-16,0.0010000000000000002,0.0010000000000000005,4.336808689942016e-16,5.800923200004036
mega_homogeneous_confined_00039,homogeneous confined,20260647,0.0,0.0,0.0,0.0,1.0,,none,5.0,605.0,28,10.0,mixed4,142.12731232013238,0.0,mega,Homogeneous confined baseline.,,False,123,123,15129,112,4,11.180339887498949,203.03940504246953,1.293428753688931,5243850,5.000000000000013e-05,5.000000000000013e-05,5.0000000000000016e-05,6.063730267766817e-05,0.001000000000000001,"pumping-support geometric mean within 130 m, with arithmetic and annular transmissivity targets retained as support sensitivity",1.212746053553363,0.43200000000000005,0.4320000000000001,1.2849803525754125e-16,0.0010000000000000002,0.0010000000000000005,4.336808689942016e-16,4.688693999996758
mega_homogeneous_confined_00040,homogeneous confined,20260648,0.0,0.0,0.0,0.0,1.0,,none,10.0,605.0,20,5.0,far4,129.0063369434969,0.003,mega,Homogeneous confined baseline.,,False,61,61,3721,80,4,50.0,206.15528128088303,0.5609032448286155,1103519,5.000000000000022e-05,5.000000000000022e-05,5.0000000000000016e-05,6.3511907721366e-05,0.001000000000000001,"pumping-support geometric mean within 130 m, with arithmetic and annular transmissivity targets retained as support sensitivity",1.2702381544273196,0.43200000000000005,0.43200000000000016,2.5699607051508244e-16,0.001000000000000001,0.0010000000000000005,4.336808689942016e-16,3.4963260000004084
mega_homogeneous_confined_00041,homogeneous confined,20260649,0.0,0.0,0.0,0.0,1.0,,none,10.0,805.0,20,10.0,far4,102.1930567458074,0.0,mega,Homogeneous confined baseline.,,False,81,81,6561,80,4,50.99019513592785,203.9607805437114,0.6836854063827259,1887680,5.000000000000022e-05,5.000000000000022e-05,5.0000000000000016e-05,6.3511907721366e-05,0.001000000000000001,"pumping-support geometric mean within 130 m, with arithmetic and annular transmissivity targets retained as support sensitivity",1.2702381544273196,0.432,0.4320000000000001,1.2849803525754125e-16,0.0009999999999999994,0.0010000000000000002,2.1684043449710084e-16,3.0964668999949936
mega_homogeneous_confined_00042,homogeneous confined,20260650,0.0,0.0,0.0,0.0,1.0,,none,10.0,1005.0,20,2.0,dense5,61.13934925310205,0.003,mega,Homogeneous confined baseline.,,False,101,101,10201,100,5,10.0,205.91260281974002,1.0028312808576614,2892643,5.000000000000022e-05,5.000000000000022e-05,5.0000000000000016e-05,6.3511907721366e-05,0.001000000000000001,"pumping-support geometric mean within 130 m, with arithmetic and annular transmissivity targets retained as support sensitivity",1.2702381544273196,0.43200000000000005,0.4320000000000001,1.2849803525754125e-16,0.0010000000000000002,0.0010000000000000005,4.336808689942016e-16,4.869246100002783
mega_homogeneous_confined_00043,homogeneous confined,20260651,0.0,0.0,0.0,0.0,1.0,,none,10.0,1205.0,40,2.0,mixed4,5.114498246366832,0.01,mega,Homogeneous confined baseline.,,False,121,121,14641,160,4,10.0,200.9975124224178,1.012262623435404,6517137,5.000000000000022e-05,5.000000000000022e-05,5.0000000000000016e-05,6.3511907721366e-05,0.001000000000000001,"pumping-support geometric mean within 130 m, with arithmetic and annular transmissivity targets retained as support sensitivity",1.2702381544273196,0.4320000000000001,0.43200000000000016,2.5699607051508244e-16,0.0010000000000000002,0.0010000000000000005,4.336808689942016e-16,5.630263499995635
mega_homogeneous_confined_00044,homogeneous confined,20260652,0.0,0.0,0.0,0.0,1.0,,none,5.0,605.0,20,5.0,far4,18.39403978706102,0.01,mega,Homogeneous confined baseline.,,False,123,123,15129,80,4,47.43416490252569,200.81085628023203,0.5769121868542129,4253123,5.000000000000013e-05,5.000000000000013e-05,5.0000000000000016e-05,6.063730267766817e-05,0.001000000000000001,"pumping-support geometric mean within 130 m, with arithmetic and annular transmissivity targets retained as support sensitivity",1.212746053553363,0.43200000000000005,0.4320000000000001,1.2849803525754125e-16,0.0010000000000000002,0.0010000000000000005,4.336808689942016e-16,3.8870126999972854
mega_homogeneous_confined_00045,homogeneous confined,20260653,0.0,0.0,0.0,0.0,1.0,,none,10.0,805.0,20,10.0,mixed4,133.31497922980725,0.003,mega,Homogeneous confined baseline.,,False,81,81,6561,80,4,14.142135623730951,205.1828452868319,1.1500796406366762,1887680,5.000000000000022e-05,5.000000000000022e-05,5.0000000000000016e-05,6.3511907721366e-05,0.001000000000000001,"pumping-support geometric mean within 130 m, with arithmetic and annular transmissivity targets retained as support sensitivity",1.2702381544273196,0.432,0.4320000000000001,1.2849803525754125e-16,0.0009999999999999994,0.0010000000000000002,2.1684043449710084e-16,3.2425694999983534
mega_homogeneous_confined_00046,homogeneous confined,20260654,0.0,0.0,0.0,0.0,1.0,,none,5.0,1005.0,20,2.0,near4,42.625334690097866,0.001,mega,Homogeneous confined baseline.,,False,203,203,41209,80,4,7.0710678118654755,49.49747468305833,1.1043559885251433,11452523,5.000000000000013e-05,5.000000000000013e-05,5.0000000000000016e-05,6.063730267766817e-05,0.001000000000000001,"pumping-support geometric mean within 130 m, with arithmetic and annular transmissivity targets retained as support sensitivity",1.212746053553363,0.4320000000000001,0.43200000000000016,2.5699607051508244e-16,0.0009999999999999994,0.0010000000000000007,6.505213034913023e-16,4.0262984999935725
mega_homogeneous_confined_00047,homogeneous confined,20260655,0.0,0.0,0.0,0.0,1.0,,none,7.5,1005.0,28,10.0,sparse3,8.802461871319004,0.0,mega,Homogeneous confined baseline.,,False,135,135,18225,84,3,22.5,197.29419656948858,0.9948670227599107,6296682,5.000000000000022e-05,5.000000000000022e-05,5.000000000000001e-05,6.133776045912784e-05,0.0010000000000000002,"pumping-support geometric mean within 130 m, with arithmetic and annular transmissivity targets retained as support sensitivity",1.2267552091825564,0.4320000000000001,0.43200000000000016,2.5699607051508244e-16,0.0010000000000000002,0.0010000000000000005,4.336808689942016e-16,3.3741277000008267
mega_homogeneous_confined_00048,homogeneous confined,20260656,0.0,0.0,0.0,0.0,1.0,,none,5.0,605.0,28,10.0,mixed4,9.95549476463295,0.01,mega,Homogeneous confined baseline.,,False,123,123,15129,112,4,10.0,198.11612756158948,1.355306358571966,5243850,5.000000000000013e-05,5.000000000000013e-05,5.0000000000000016e-05,6.063730267766817e-05,0.001000000000000001,"pumping-support geometric mean within 130 m, with arithmetic and annular transmissivity targets retained as support sensitivity",1.212746053553363,0.43200000000000005,0.4320000000000001,1.2849803525754125e-16,0.0010000000000000002,0.0010000000000000005,4.336808689942016e-16,4.602137399997446
mega_homogeneous_confined_00049,homogeneous confined,20260657,0.0,0.0,0.0,0.0,1.0,,none,10.0,1205.0,28,1.0,near4,124.81411912257153,0.0,mega,Homogeneous confined baseline.,,False,121,121,14641,112,4,14.142135623730951,50.0,0.717590218543814,5077896,5.000000000000022e-05,5.000000000000022e-05,5.0000000000000016e-05,6.3511907721366e-05,0.001000000000000001,"pumping-support geometric mean within 130 m, with arithmetic and annular transmissivity targets retained as support sensitivity",1.2702381544273196,0.4320000000000001,0.43200000000000016,2.5699607051508244e-16,0.0010000000000000002,0.0010000000000000005,4.336808689942016e-16,4.00029540000105
mega_vertical_leakage_00000,vertical leakage,20360608,0.0,0.0,0.0,0.0,1.0,93.16889814102649,none,5.0,605.0,20,1.0,sparse3,3.118381097252178,0.0,mega,Homogeneous aquifer with distributed vertical exchange.,93.16889814102649,False,123,123,15129,60,3,20.0,200.24984394500785,0.525538418768194,4882664,5.000000000000013e-05,5.000000000000013e-05,5.0000000000000016e-05,6.063730267766817e-05,0.001000000000000001,"pumping-support geometric mean within 130 m, with arithmetic and annular transmissivity targets retained as support sensitivity",1.212746053553363,0.43200000000000005,0.4320000000000001,1.2849803525754125e-16,0.0010000000000000002,0.0010000000000000005,4.336808689942016e-16,3.6458777000007103
mega_vertical_leakage_00001,vertical leakage,20360609,0.0,0.0,0.0,0.0,1.0,61.652103764292704,none,7.5,805.0,20,10.0,dense5,11.027404977401215,0.0,mega,Homogeneous aquifer with distributed vertical exchange.,61.652103764292704,False,109,109,11881,100,5,7.5,198.5730344231059,0.8695304647762361,3849354,5.000000000000022e-05,5.000000000000022e-05,5.000000000000001e-05,6.133776045912784e-05,0.0010000000000000002,"pumping-support geometric mean within 130 m, with arithmetic and annular transmissivity targets retained as support sensitivity",1.2267552091825564,0.4320000000000001,0.4320000000000002,3.854941057726236e-16,0.001000000000000001,0.0010000000000000005,4.336808689942016e-16,3.5590517000018735
mega_vertical_leakage_00002,vertical leakage,20360610,0.0,0.0,0.0,0.0,1.0,184.67915658812558,none,5.0,1205.0,40,2.0,mixed4,168.17170976361524,0.0,mega,Homogeneous aquifer with distributed vertical exchange.,184.67915658812558,False,243,243,59049,160,4,10.0,199.06029237394384,0.9634773410900241,28378039,5.000000000000013e-05,5.000000000000013e-05,5.0000000000000016e-05,6.063730267766817e-05,0.001000000000000001,"pumping-support geometric mean within 130 m, with arithmetic and annular transmissivity targets retained as support sensitivity",1.212746053553363,0.43200000000000016,0.4320000000000003,5.139921410301648e-16,0.0009999999999999994,0.0010000000000000007,6.505213034913023e-16,11.025516499998048
mega_vertical_leakage_00003,vertical leakage,20360611,0.0,0.0,0.0,0.0,1.0,57.43561928708852,none,7.5,605.0,20,1.0,far4,84.90678948022224,0.0,mega,Homogeneous aquifer with distributed vertical exchange.,57.43561928708852,False,83,83,6889,80,4,53.033008588991066,203.05479556021325,0.14929076108441294,2264755,5.000000000000022e-05,5.000000000000022e-05,5.000000000000001e-05,6.133776045912784e-05,0.0010000000000000002,"pumping-support geometric mean within 130 m, with arithmetic and annular transmissivity targets retained as support sensitivity",1.2267552091825564,0.43200000000000005,0.4320000000000001,1.2849803525754125e-16,0.0009999999999999994,0.0010000000000000005,4.336808689942016e-16,6.059012799996708
mega_vertical_leakage_00004,vertical leakage,20360612,0.0,0.0,0.0,0.0,1.0,47.10129619047344,none,10.0,605.0,20,1.0,sparse3,54.65726747035551,0.01,mega,Homogeneous aquifer with distributed vertical exchange.,47.10129619047344,False,61,61,3721,60,3,22.360679774997898,200.0,0.378070463371947,1260543,5.000000000000022e-05,5.000000000000022e-05,5.0000000000000016e-05,6.3511907721366e-05,0.001000000000000001,"pumping-support geometric mean within 130 m, with arithmetic and annular transmissivity targets retained as support sensitivity",1.2702381544273196,0.43200000000000005,0.43200000000000016,2.5699607051508244e-16,0.001000000000000001,0.0010000000000000005,4.336808689942016e-16,3.475689200000488
mega_vertical_leakage_00005,vertical leakage,20360613,0.0,0.0,0.0,0.0,1.0,193.35938226743417,none,5.0,1005.0,40,1.0,sparse3,22.504654865029416,0.0,mega,Homogeneous aquifer with distributed vertical exchange.,193.35938226743417,False,203,203,41209,120,3,22.360679774997898,199.6246477767713,0.5445171546556067,19840677,5.000000000000013e-05,5.000000000000013e-05,5.0000000000000016e-05,6.063730267766817e-05,0.001000000000000001,"pumping-support geometric mean within 130 m, with arithmetic and annular transmissivity targets retained as support sensitivity",1.212746053553363,0.4320000000000001,0.43200000000000016,2.5699607051508244e-16,0.0009999999999999994,0.0010000000000000007,6.505213034913023e-16,9.340833399997791
mega_vertical_leakage_00006,vertical leakage,20360614,0.0,0.0,0.0,0.0,1.0,103.48151850598384,none,10.0,1205.0,40,5.0,standard4,51.275580147273324,0.001,mega,Homogeneous aquifer with distributed vertical exchange.,103.48151850598384,False,121,121,14641,160,4,22.360679774997898,100.0,0.6244881043133083,7130928,5.000000000000022e-05,5.000000000000022e-05,5.0000000000000016e-05,6.3511907721366e-05,0.001000000000000001,"pumping-support geometric mean within 130 m, with arithmetic and annular transmissivity targets retained as support sensitivity",1.2702381544273196,0.4320000000000001,0.43200000000000016,2.5699607051508244e-16,0.0010000000000000002,0.0010000000000000005,4.336808689942016e-16,6.646829600002093
mega_vertical_leakage_00007,vertical leakage,20360615,0.0,0.0,0.0,0.0,1.0,73.63625763108882,none,10.0,805.0,20,2.0,far4,146.61223811263162,0.003,mega,Homogeneous aquifer with distributed vertical exchange.,73.63625763108882,False,81,81,6561,80,4,50.0,202.48456731316588,0.23527141985730585,2160784,5.000000000000022e-05,5.000000000000022e-05,5.0000000000000016e-05,6.3511907721366e-05,0.001000000000000001,"pumping-support geometric mean within 130 m, with arithmetic and annular transmissivity targets retained as support sensitivity",1.2702381544273196,0.432,0.4320000000000001,1.2849803525754125e-16,0.0009999999999999994,0.0010000000000000002,2.1684043449710084e-16,4.7945602999971015
mega_vertical_leakage_00008,vertical leakage,20360616,0.0,0.0,0.0,0.0,1.0,32.036866528839035,none,5.0,1005.0,40,5.0,near4,137.6163424871462,0.0,mega,Homogeneous aquifer with distributed vertical exchange.,32.036866528839035,False,203,203,41209,160,4,7.0710678118654755,49.49747468305833,0.6182347421521053,19840680,5.000000000000013e-05,5.000000000000013e-05,5.0000000000000016e-05,6.063730267766817e-05,0.001000000000000001,"pumping-support geometric mean within 130 m, with arithmetic and annular transmissivity targets retained as support sensitivity",1.212746053553363,0.4320000000000001,0.43200000000000016,2.5699607051508244e-16,0.0009999999999999994,0.0010000000000000007,6.505213034913023e-16,8.331458199994813
mega_vertical_leakage_00009,vertical leakage,20360617,0.0,0.0,0.0,0.0,1.0,224.37900129100782,none,5.0,1005.0,28,2.0,near4,87.06549112377968,0.003,mega,Homogeneous aquifer with distributed vertical exchange.,224.37900129100782,False,203,203,41209,112,4,10.0,50.24937810560445,0.9776416639947763,15848007,5.000000000000013e-05,5.000000000000013e-05,5.0000000000000016e-05,6.063730267766817e-05,0.001000000000000001,"pumping-support geometric mean within 130 m, with arithmetic and annular transmissivity targets retained as support sensitivity",1.212746053553363,0.4320000000000001,0.43200000000000016,2.5699607051508244e-16,0.0009999999999999994,0.0010000000000000007,6.505213034913023e-16,6.397764699999243
mega_vertical_leakage_00010,vertical leakage,20360618,0.0,0.0,0.0,0.0,1.0,182.99791168902163,none,10.0,605.0,40,2.0,sparse3,79.26562470029447,0.001,mega,Homogeneous aquifer with distributed vertical exchange.,182.99791168902163,False,61,61,3721,120,3,20.0,203.9607805437114,0.699768830929478,1916878,5.000000000000022e-05,5.000000000000022e-05,5.0000000000000016e-05,6.3511907721366e-05,0.001000000000000001,"pumping-support geometric mean within 130 m, with arithmetic and annular transmissivity targets retained as support sensitivity",1.2702381544273196,0.43200000000000005,0.43200000000000016,2.5699607051508244e-16,0.001000000000000001,0.0010000000000000005,4.336808689942016e-16,4.055872299999464
mega_vertical_leakage_00011,vertical leakage,20360619,0.0,0.0,0.0,0.0,1.0,37.9981504350024,none,10.0,1005.0,20,10.0,mixed4,4.465642071730723,0.0,mega,Homogeneous aquifer with distributed vertical exchange.,37.9981504350024,False,101,101,10201,80,4,10.0,200.9975124224178,0.5835568196623392,3315034,5.000000000000022e-05,5.000000000000022e-05,5.0000000000000016e-05,6.3511907721366e-05,0.001000000000000001,"pumping-support geometric mean within 130 m, with arithmetic and annular transmissivity targets retained as support sensitivity",1.2702381544273196,0.43200000000000005,0.4320000000000001,1.2849803525754125e-16,0.0010000000000000002,0.0010000000000000005,4.336808689942016e-16,4.281255100002454
mega_vertical_leakage_00012,vertical leakage,20360620,0.0,0.0,0.0,0.0,1.0,193.16214408846773,none,7.5,805.0,28,1.0,mixed4,162.7966535473539,0.01,mega,Homogeneous aquifer with distributed vertical exchange.,193.16214408846773,False,109,109,11881,112,4,7.5,196.8660712261003,0.9659250744537086,4634126,5.000000000000022e-05,5.000000000000022e-05,5.000000000000001e-05,6.133776045912784e-05,0.0010000000000000002,"pumping-support geometric mean within 130 m, with arithmetic and annular transmissivity targets retained as support sensitivity",1.2267552091825564,0.4320000000000001,0.4320000000000002,3.854941057726236e-16,0.001000000000000001,0.0010000000000000005,4.336808689942016e-16,6.2492580999969505
mega_vertical_leakage_00013,vertical leakage,20360621,0.0,0.0,0.0,0.0,1.0,101.97224446543046,none,7.5,605.0,20,10.0,dense5,144.30441786285135,0.0,mega,Homogeneous aquifer with distributed vertical exchange.,101.97224446543046,False,83,83,6889,100,5,10.606601717798213,204.02205763103166,0.895462299817234,2264757,5.000000000000022e-05,5.000000000000022e-05,5.000000000000001e-05,6.133776045912784e-05,0.0010000000000000002,"pumping-support geometric mean within 130 m, with arithmetic and annular transmissivity targets retained as support sensitivity",1.2267552091825564,0.43200000000000005,0.4320000000000001,1.2849803525754125e-16,0.0009999999999999994,0.0010000000000000005,4.336808689942016e-16,3.5248775000000023
mega_vertical_leakage_00014,vertical leakage,20360622,0.0,0.0,0.0,0.0,1.0,66.4861032607888,none,10.0,605.0,40,5.0,near4,91.05539702538546,0.001,mega,Homogeneous aquifer with distributed vertical exchange.,66.4861032607888,False,61,61,3721,160,4,10.0,50.0,0.7910852876090724,1916879,5.000000000000022e-05,5.000000000000022e-05,5.0000000000000016e-05,6.3511907721366e-05,0.001000000000000001,"pumping-support geometric mean within 130 m, with arithmetic and annular transmissivity targets retained as support sensitivity",1.2702381544273196,0.43200000000000005,0.43200000000000016,2.5699607051508244e-16,0.001000000000000001,0.0010000000000000005,4.336808689942016e-16,4.5584332999933395
mega_vertical_leakage_00015,vertical leakage,20360623,0.0,0.0,0.0,0.0,1.0,89.96166003400181,none,7.5,605.0,28,1.0,mixed4,72.82678129100225,0.01,mega,Homogeneous aquifer with distributed vertical exchange.,89.96166003400181,False,83,83,6889,112,4,7.5,196.8660712261003,0.9081396130552569,2730041,5.000000000000022e-05,5.000000000000022e-05,5.000000000000001e-05,6.133776045912784e-05,0.0010000000000000002,"pumping-support geometric mean within 130 m, with arithmetic and annular transmissivity targets retained as support sensitivity",1.2267552091825564,0.43200000000000005,0.4320000000000001,1.2849803525754125e-16,0.0009999999999999994,0.0010000000000000005,4.336808689942016e-16,6.117372600005183
mega_vertical_leakage_00016,vertical leakage,20360624,0.0,0.0,0.0,0.0,1.0,33.5019795354209,none,7.5,1205.0,20,1.0,far4,107.89836897973508,0.0,mega,Homogeneous aquifer with distributed vertical exchange.,33.5019795354209,False,163,163,26569,80,4,47.43416490252569,196.8660712261003,0.08832079578633498,8524024,5.000000000000022e-05,5.000000000000022e-05,5.000000000000001e-05,6.133776045912784e-05,0.0010000000000000002,"pumping-support geometric mean within 130 m, with arithmetic and annular transmissivity targets retained as support sensitivity",1.2267552091825564,0.4320000000000001,0.43200000000000016,2.5699607051508244e-16,0.0010000000000000002,0.0010000000000000005,4.336808689942016e-16,7.429011599997466
mega_vertical_leakage_00017,vertical leakage,20360625,0.0,0.0,0.0,0.0,1.0,211.349864087094,none,7.5,605.0,20,2.0,dense5,175.53220177066044,0.01,mega,Homogeneous aquifer with distributed vertical exchange.,211.349864087094,False,83,83,6889,100,5,7.5,203.05479556021325,1.0853495617346798,2264756,5.000000000000022e-05,5.000000000000022e-05,5.000000000000001e-05,6.133776045912784e-05,0.0010000000000000002,"pumping-support geometric mean within 130 m, with arithmetic and annular transmissivity targets retained as support sensitivity",1.2267552091825564,0.43200000000000005,0.4320000000000001,1.2849803525754125e-16,0.0009999999999999994,0.0010000000000000005,4.336808689942016e-16,5.271531499995035
mega_vertical_leakage_00018,vertical leakage,20360626,0.0,0.0,0.0,0.0,1.0,249.84872254521304,none,10.0,1005.0,28,1.0,mixed4,60.02266546835849,0.0,mega,Homogeneous aquifer with distributed vertical exchange.,249.84872254521304,False,101,101,10201,112,4,10.0,197.2308292331602,0.8676126919803222,3992286,5.000000000000022e-05,5.000000000000022e-05,5.0000000000000016e-05,6.3511907721366e-05,0.001000000000000001,"pumping-support geometric mean within 130 m, with arithmetic and annular transmissivity targets retained as support sensitivity",1.2702381544273196,0.43200000000000005,0.4320000000000001,1.2849803525754125e-16,0.0010000000000000002,0.0010000000000000005,4.336808689942016e-16,6.45585199999914
mega_vertical_leakage_00019,vertical leakage,20360627,0.0,0.0,0.0,0.0,1.0,162.75697317751755,none,7.5,605.0,28,10.0,sparse3,156.3853281226744,0.0,mega,Homogeneous aquifer with distributed vertical exchange.,162.75697317751755,False,83,83,6889,84,3,16.77050983124842,198.00568173666127,0.8966858187153888,2730043,5.000000000000022e-05,5.000000000000022e-05,5.000000000000001e-05,6.133776045912784e-05,0.0010000000000000002,"pumping-support geometric mean within 130 m, with arithmetic and annular transmissivity targets retained as support sensitivity",1.2267552091825564,0.43200000000000005,0.4320000000000001,1.2849803525754125e-16,0.0009999999999999994,0.0010000000000000005,4.336808689942016e-16,3.1709908000048017
mega_vertical_leakage_00020,vertical leakage,20360628,0.0,0.0,0.0,0.0,1.0,25.44585511135059,none,7.5,1005.0,28,1.0,mixed4,56.302928757432355,0.0,mega,Homogeneous aquifer with distributed vertical exchange.,25.44585511135059,False,135,135,18225,112,4,10.606601717798213,199.7029043354152,0.39482290163334655,7058678,5.000000000000022e-05,5.000000000000022e-05,5.000000000000001e-05,6.133776045912784e-05,0.0010000000000000002,"pumping-support geometric mean within 130 m, with arithmetic and annular transmissivity targets retained as support sensitivity",1.2267552091825564,0.4320000000000001,0.43200000000000016,2.5699607051508244e-16,0.0010000000000000002,0.0010000000000000005,4.336808689942016e-16,7.358132900000783
mega_vertical_leakage_00021,vertical leakage,20360629,0.0,0.0,0.0,0.0,1.0,224.0969997697382,none,7.5,605.0,28,1.0,far4,123.73015411816911,0.001,mega,Homogeneous aquifer with distributed vertical exchange.,224.0969997697382,False,83,83,6889,112,4,54.08326913195984,199.7029043354152,0.24266360670277676,2730041,5.000000000000022e-05,5.000000000000022e-05,5.000000000000001e-05,6.133776045912784e-05,0.0010000000000000002,"pumping-support geometric mean within 130 m, with arithmetic and annular transmissivity targets retained as support sensitivity",1.2267552091825564,0.43200000000000005,0.4320000000000001,1.2849803525754125e-16,0.0009999999999999994,0.0010000000000000005,4.336808689942016e-16,5.832914400001755
mega_vertical_leakage_00022,vertical leakage,20360630,0.0,0.0,0.0,0.0,1.0,59.028824933751665,none,7.5,805.0,40,2.0,dense5,63.47432769255267,0.003,mega,Homogeneous aquifer with distributed vertical exchange.,59.028824933751665,False,109,109,11881,200,5,10.606601717798213,201.24611797498108,0.6894147799445932,5811287,5.000000000000022e-05,5.000000000000022e-05,5.000000000000001e-05,6.133776045912784e-05,0.0010000000000000002,"pumping-support geometric mean within 130 m, with arithmetic and annular transmissivity targets retained as support sensitivity",1.2267552091825564,0.4320000000000001,0.4320000000000002,3.854941057726236e-16,0.001000000000000001,0.0010000000000000005,4.336808689942016e-16,8.491158199998608
mega_vertical_leakage_00023,vertical leakage,20360631,0.0,0.0,0.0,0.0,1.0,49.25818829452172,none,10.0,1205.0,20,10.0,standard4,86.03882747850577,0.01,mega,Homogeneous aquifer with distributed vertical exchange.,49.25818829452172,False,121,121,14641,80,4,20.0,100.4987562112089,0.42840766785755385,4727394,5.000000000000022e-05,5.000000000000022e-05,5.0000000000000016e-05,6.3511907721366e-05,0.001000000000000001,"pumping-support geometric mean within 130 m, with arithmetic and annular transmissivity targets retained as support sensitivity",1.2702381544273196,0.4320000000000001,0.43200000000000016,2.5699607051508244e-16,0.0010000000000000002,0.0010000000000000005,4.336808689942016e-16,4.868950099997164
mega_vertical_leakage_00024,vertical leakage,20360632,0.0,0.0,0.0,0.0,1.0,56.54436922778193,none,7.5,805.0,40,2.0,sparse3,137.43141763315535,0.01,mega,Homogeneous aquifer with distributed vertical exchange.,56.54436922778193,False,109,109,11881,120,3,21.213203435596427,201.80436070610565,0.4483901982340665,5811287,5.000000000000022e-05,5.000000000000022e-05,5.000000000000001e-05,6.133776045912784e-05,0.0010000000000000002,"pumping-support geometric mean within 130 m, with arithmetic and annular transmissivity targets retained as support sensitivity",1.2267552091825564,0.4320000000000001,0.4320000000000002,3.854941057726236e-16,0.001000000000000001,0.0010000000000000005,4.336808689942016e-16,5.244961800002784
mega_vertical_leakage_00025,vertical leakage,20360633,0.0,0.0,0.0,0.0,1.0,39.18447604590975,none,5.0,1005.0,28,1.0,near4,121.48744409653848,0.003,mega,Homogeneous aquifer with distributed vertical exchange.,39.18447604590975,False,203,203,41209,112,4,11.180339887498949,51.478150704935004,0.5284132310914216,15848006,5.000000000000013e-05,5.000000000000013e-05,5.0000000000000016e-05,6.063730267766817e-05,0.001000000000000001,"pumping-support geometric mean within 130 m, with arithmetic and annular transmissivity targets retained as support sensitivity",1.212746053553363,0.4320000000000001,0.43200000000000016,2.5699607051508244e-16,0.0009999999999999994,0.0010000000000000007,6.505213034913023e-16,6.774376800000027
mega_vertical_leakage_00026,vertical leakage,20360634,0.0,0.0,0.0,0.0,1.0,163.7975697995035,none,10.0,605.0,28,5.0,dense5,59.18043280929157,0.0,mega,Homogeneous aquifer with distributed vertical exchange.,163.7975697995035,False,61,61,3721,140,5,14.142135623730951,197.2308292331602,0.8995810817268294,1523078,5.000000000000022e-05,5.000000000000022e-05,5.0000000000000016e-05,6.3511907721366e-05,0.001000000000000001,"pumping-support geometric mean within 130 m, with arithmetic and annular transmissivity targets retained as support sensitivity",1.2702381544273196,0.43200000000000005,0.43200000000000016,2.5699607051508244e-16,0.001000000000000001,0.0010000000000000005,4.336808689942016e-16,4.142642600003455
mega_vertical_leakage_00027,vertical leakage,20360635,0.0,0.0,0.0,0.0,1.0,129.54428464587335,none,7.5,1205.0,20,2.0,near4,124.02538770977002,0.001,mega,Homogeneous aquifer with distributed vertical exchange.,129.54428464587335,False,163,163,26569,80,4,10.606601717798213,54.08326913195984,0.8676283287492899,8524025,5.000000000000022e-05,5.000000000000022e-05,5.000000000000001e-05,6.133776045912784e-05,0.0010000000000000002,"pumping-support geometric mean within 130 m, with arithmetic and annular transmissivity targets retained as support sensitivity",1.2267552091825564,0.4320000000000001,0.43200000000000016,2.5699607051508244e-16,0.0010000000000000002,0.0010000000000000005,4.336808689942016e-16,3.911964300001273
mega_vertical_leakage_00028,vertical leakage,20360636,0.0,0.0,0.0,0.0,1.0,167.75969750921212,none,7.5,605.0,28,10.0,far4,64.88642435146886,0.003,mega,Homogeneous aquifer with distributed vertical exchange.,167.75969750921212,False,83,83,6889,112,4,50.31152949374527,198.00568173666127,0.5102545387762162,2730043,5.000000000000022e-05,5.000000000000022e-05,5.000000000000001e-05,6.133776045912784e-05,0.0010000000000000002,"pumping-support geometric mean within 130 m, with arithmetic and annular transmissivity targets retained as support sensitivity",1.2267552091825564,0.43200000000000005,0.4320000000000001,1.2849803525754125e-16,0.0009999999999999994,0.0010000000000000005,4.336808689942016e-16,3.756126000000222
mega_vertical_leakage_00029,vertical leakage,20360637,0.0,0.0,0.0,0.0,1.0,77.25210642495567,none,5.0,1005.0,40,2.0,far4,79.74831065447741,0.003,mega,Homogeneous aquifer with distributed vertical exchange.,77.25210642495567,False,203,203,41209,160,4,50.99019513592785,198.11612756158948,0.243373575442239,19840679,5.000000000000013e-05,5.000000000000013e-05,5.0000000000000016e-05,6.063730267766817e-05,0.001000000000000001,"pumping-support geometric mean within 130 m, with arithmetic and annular transmissivity targets retained as support sensitivity",1.212746053553363,0.4320000000000001,0.43200000000000016,2.5699607051508244e-16,0.0009999999999999994,0.0010000000000000007,6.505213034913023e-16,9.796126100001857
mega_vertical_leakage_00030,vertical leakage,20360638,0.0,0.0,0.0,0.0,1.0,51.209984839419356,none,5.0,605.0,20,10.0,near4,148.7877121815436,0.01,mega,Homogeneous aquifer with distributed vertical exchange.,51.209984839419356,False,123,123,15129,80,4,11.180339887498949,51.478150704935004,0.6473770152476332,4882666,5.000000000000013e-05,5.000000000000013e-05,5.0000000000000016e-05,6.063730267766817e-05,0.001000000000000001,"pumping-support geometric mean within 130 m, with arithmetic and annular transmissivity targets retained as support sensitivity",1.212746053553363,0.43200000000000005,0.4320000000000001,1.2849803525754125e-16,0.0010000000000000002,0.0010000000000000005,4.336808689942016e-16,4.172983500000555
mega_vertical_leakage_00031,vertical leakage,20360639,0.0,0.0,0.0,0.0,1.0,40.21413142933558,none,10.0,605.0,40,1.0,near4,2.1399438417319,0.0,mega,Homogeneous aquifer with distributed vertical exchange.,40.21413142933558,False,61,61,3721,160,4,10.0,50.0,0.5980798202505506,1916876,5.000000000000022e-05,5.000000000000022e-05,5.0000000000000016e-05,6.3511907721366e-05,0.001000000000000001,"pumping-support geometric mean within 130 m, with arithmetic and annular transmissivity targets retained as support sensitivity",1.2702381544273196,0.43200000000000005,0.43200000000000016,2.5699607051508244e-16,0.001000000000000001,0.0010000000000000005,4.336808689942016e-16,4.020189599999867
mega_vertical_leakage_00032,vertical leakage,20360640,0.0,0.0,0.0,0.0,1.0,139.721425206158,none,5.0,605.0,20,10.0,mixed4,141.62331475296287,0.003,mega,Homogeneous aquifer with distributed vertical exchange.,139.721425206158,False,123,123,15129,80,4,11.180339887498949,199.12307751739877,0.9997763712464357,4882666,5.000000000000013e-05,5.000000000000013e-05,5.0000000000000016e-05,6.063730267766817e-05,0.001000000000000001,"pumping-support geometric mean within 130 m, with arithmetic and annular transmissivity targets retained as support sensitivity",1.212746053553363,0.43200000000000005,0.4320000000000001,1.2849803525754125e-16,0.0010000000000000002,0.0010000000000000005,4.336808689942016e-16,4.5070997000002535
mega_vertical_leakage_00033,vertical leakage,20360641,0.0,0.0,0.0,0.0,1.0,26.400090352948414,none,7.5,1005.0,28,10.0,far4,41.05891621368453,0.001,mega,Homogeneous aquifer with distributed vertical exchange.,26.400090352948414,False,135,135,18225,112,4,48.023431780746364,201.80436070610565,0.054870955334204226,7058680,5.000000000000022e-05,5.000000000000022e-05,5.000000000000001e-05,6.133776045912784e-05,0.0010000000000000002,"pumping-support geometric mean within 130 m, with arithmetic and annular transmissivity targets retained as support sensitivity",1.2267552091825564,0.4320000000000001,0.43200000000000016,2.5699607051508244e-16,0.0010000000000000002,0.0010000000000000005,4.336808689942016e-16,8.012208799998916
mega_vertical_leakage_00034,vertical leakage,20360642,0.0,0.0,0.0,0.0,1.0,88.15797698198034,none,7.5,605.0,28,5.0,mixed4,102.36447349323197,0.0,mega,Homogeneous aquifer with distributed vertical exchange.,88.15797698198034,False,83,83,6889,112,4,7.5,200.124960961895,0.9977665121283293,2730042,5.000000000000022e-05,5.000000000000022e-05,5.000000000000001e-05,6.133776045912784e-05,0.0010000000000000002,"pumping-support geometric mean within 130 m, with arithmetic and annular transmissivity targets retained as support sensitivity",1.2267552091825564,0.43200000000000005,0.4320000000000001,1.2849803525754125e-16,0.0009999999999999994,0.0010000000000000005,4.336808689942016e-16,4.156292499996198
mega_vertical_leakage_00035,vertical leakage,20360643,0.0,0.0,0.0,0.0,1.0,200.48921274524633,none,5.0,605.0,28,1.0,sparse3,99.16900137985829,0.003,mega,Homogeneous aquifer with distributed vertical exchange.,200.48921274524633,False,123,123,15129,84,3,20.615528128088304,197.29419656948858,0.5751328826943702,5875310,5.000000000000013e-05,5.000000000000013e-05,5.0000000000000016e-05,6.063730267766817e-05,0.001000000000000001,"pumping-support geometric mean within 130 m, with arithmetic and annular transmissivity targets retained as support sensitivity",1.212746053553363,0.43200000000000005,0.4320000000000001,1.2849803525754125e-16,0.0010000000000000002,0.0010000000000000005,4.336808689942016e-16,4.864392800001951
mega_vertical_leakage_00036,vertical leakage,20360644,0.0,0.0,0.0,0.0,1.0,34.400957798025935,none,10.0,405.0,20,1.0,near4,151.46115610987556,0.01,mega,Homogeneous aquifer with distributed vertical exchange.,34.400957798025935,False,41,41,1681,80,4,10.0,44.721359549995796,0.5441164552518629,613903,5.000000000000022e-05,5.000000000000022e-05,5.0000000000000016e-05,6.3511907721366e-05,0.001000000000000001,"pumping-support geometric mean within 130 m, with arithmetic and annular transmissivity targets retained as support sensitivity",1.2702381544273196,0.4320000000000001,0.43200000000000016,2.5699607051508244e-16,0.0010000000000000002,0.0010000000000000002,2.1684043449710084e-16,2.912880900003074
mega_vertical_leakage_00037,vertical leakage,20360645,0.0,0.0,0.0,0.0,1.0,46.98661717043072,none,5.0,805.0,40,5.0,far4,95.05990692902333,0.001,mega,Homogeneous aquifer with distributed vertical exchange.,46.98661717043072,False,163,163,26569,160,4,50.24937810560445,200.9975124224178,0.14682644827486963,12836040,5.000000000000013e-05,5.000000000000013e-05,5.0000000000000016e-05,6.063730267766817e-05,0.001000000000000001,"pumping-support geometric mean within 130 m, with arithmetic and annular transmissivity targets retained as support sensitivity",1.212746053553363,0.4320000000000001,0.43200000000000016,2.5699607051508244e-16,0.0010000000000000002,0.0010000000000000005,4.336808689942016e-16,8.853014799999073
mega_vertical_leakage_00038,vertical leakage,20360646,0.0,0.0,0.0,0.0,1.0,146.9404536238868,none,5.0,805.0,20,5.0,far4,90.30895525689904,0.001,mega,Homogeneous aquifer with distributed vertical exchange.,146.9404536238868,False,163,163,26569,80,4,50.0,200.0,0.42776644045395573,8524025,5.000000000000013e-05,5.000000000000013e-05,5.0000000000000016e-05,6.063730267766817e-05,0.001000000000000001,"pumping-support geometric mean within 130 m, with arithmetic and annular transmissivity targets retained as support sensitivity",1.212746053553363,0.4320000000000001,0.43200000000000016,2.5699607051508244e-16,0.0010000000000000002,0.0010000000000000005,4.336808689942016e-16,5.000320899998769
mega_vertical_leakage_00039,vertical leakage,20360647,0.0,0.0,0.0,0.0,1.0,146.0430410702687,none,5.0,1005.0,40,10.0,far4,5.328081671736942,0.01,mega,Homogeneous aquifer with distributed vertical exchange.,146.0430410702687,False,203,203,41209,160,4,50.24937810560445,200.9975124224178,0.46960863816893733,19840681,5.000000000000013e-05,5.000000000000013e-05,5.0000000000000016e-05,6.063730267766817e-05,0.001000000000000001,"pumping-support geometric mean within 130 m, with arithmetic and annular transmissivity targets retained as support sensitivity",1.212746053553363,0.4320000000000001,0.43200000000000016,2.5699607051508244e-16,0.0009999999999999994,0.0010000000000000007,6.505213034913023e-16,8.857045600001584
mega_vertical_leakage_00040,vertical leakage,20360648,0.0,0.0,0.0,0.0,1.0,78.39645151604655,none,7.5,1205.0,40,10.0,far4,47.29290327877105,0.01,mega,Homogeneous aquifer with distributed vertical exchange.,78.39645151604655,False,163,163,26569,160,4,53.033008588991066,201.80436070610565,0.2716735637911414,12836041,5.000000000000022e-05,5.000000000000022e-05,5.000000000000001e-05,6.133776045912784e-05,0.0010000000000000002,"pumping-support geometric mean within 130 m, with arithmetic and annular transmissivity targets retained as support sensitivity",1.2267552091825564,0.4320000000000001,0.43200000000000016,2.5699607051508244e-16,0.0010000000000000002,0.0010000000000000005,4.336808689942016e-16,8.965831100002106
mega_vertical_leakage_00041,vertical leakage,20360649,0.0,0.0,0.0,0.0,1.0,46.246645833298935,none,5.0,1005.0,20,5.0,standard4,133.65791659560142,0.003,mega,Homogeneous aquifer with distributed vertical exchange.,46.246645833298935,False,203,203,41209,80,4,21.213203435596427,98.99494936611666,0.37993914395647815,13186225,5.000000000000013e-05,5.000000000000013e-05,5.0000000000000016e-05,6.063730267766817e-05,0.001000000000000001,"pumping-support geometric mean within 130 m, with arithmetic and annular transmissivity targets retained as support sensitivity",1.212746053553363,0.4320000000000001,0.43200000000000016,2.5699607051508244e-16,0.0009999999999999994,0.0010000000000000007,6.505213034913023e-16,5.736637999994855
mega_vertical_leakage_00042,vertical leakage,20360650,0.0,0.0,0.0,0.0,1.0,37.88724167613103,none,7.5,1005.0,40,5.0,mixed4,28.150333475638178,0.0,mega,Homogeneous aquifer with distributed vertical exchange.,37.88724167613103,False,135,135,18225,160,4,10.606601717798213,204.71016095934272,0.5326488980590266,8844864,5.000000000000022e-05,5.000000000000022e-05,5.000000000000001e-05,6.133776045912784e-05,0.0010000000000000002,"pumping-support geometric mean within 130 m, with arithmetic and annular transmissivity targets retained as support sensitivity",1.2267552091825564,0.4320000000000001,0.43200000000000016,2.5699607051508244e-16,0.0010000000000000002,0.0010000000000000005,4.336808689942016e-16,7.385284399999364
mega_vertical_leakage_00043,vertical leakage,20360651,0.0,0.0,0.0,0.0,1.0,220.64640810562872,none,10.0,405.0,28,5.0,standard4,83.38279578196276,0.01,mega,Homogeneous aquifer with distributed vertical exchange.,220.64640810562872,False,41,41,1681,112,4,20.0,100.4987562112089,0.8805463377032059,745878,5.000000000000022e-05,5.000000000000022e-05,5.0000000000000016e-05,6.3511907721366e-05,0.001000000000000001,"pumping-support geometric mean within 130 m, with arithmetic and annular transmissivity targets retained as support sensitivity",1.2702381544273196,0.4320000000000001,0.43200000000000016,2.5699607051508244e-16,0.0010000000000000002,0.0010000000000000002,2.1684043449710084e-16,3.6187473999962094
mega_vertical_leakage_00044,vertical leakage,20360652,0.0,0.0,0.0,0.0,1.0,71.62871242646148,none,7.5,1205.0,28,10.0,near4,164.6559840180361,0.01,mega,Homogeneous aquifer with distributed vertical exchange.,71.62871242646148,False,163,163,26569,112,4,7.5,47.43416490252569,0.9306453989165488,10248832,5.000000000000022e-05,5.000000000000022e-05,5.000000000000001e-05,6.133776045912784e-05,0.0010000000000000002,"pumping-support geometric mean within 130 m, with arithmetic and annular transmissivity targets retained as support sensitivity",1.2267552091825564,0.4320000000000001,0.43200000000000016,2.5699607051508244e-16,0.0010000000000000002,0.0010000000000000005,4.336808689942016e-16,6.064797999999428
mega_vertical_leakage_00045,vertical leakage,20360653,0.0,0.0,0.0,0.0,1.0,91.47356773806594,none,10.0,405.0,20,2.0,near4,165.76721762406854,0.01,mega,Homogeneous aquifer with distributed vertical exchange.,91.47356773806594,False,41,41,1681,80,4,10.0,50.99019513592785,0.8413656761173958,613904,5.000000000000022e-05,5.000000000000022e-05,5.0000000000000016e-05,6.3511907721366e-05,0.001000000000000001,"pumping-support geometric mean within 130 m, with arithmetic and annular transmissivity targets retained as support sensitivity",1.2702381544273196,0.4320000000000001,0.43200000000000016,2.5699607051508244e-16,0.0010000000000000002,0.0010000000000000002,2.1684043449710084e-16,3.312230299998191
mega_vertical_leakage_00046,vertical leakage,20360654,0.0,0.0,0.0,0.0,1.0,63.67237944184919,none,10.0,1205.0,40,2.0,far4,131.43241822807101,0.001,mega,Homogeneous aquifer with distributed vertical exchange.,63.67237944184919,False,121,121,14641,160,4,50.0,198.4943324127921,0.20775094125566682,7130927,5.000000000000022e-05,5.000000000000022e-05,5.0000000000000016e-05,6.3511907721366e-05,0.001000000000000001,"pumping-support geometric mean within 130 m, with arithmetic and annular transmissivity targets retained as support sensitivity",1.2702381544273196,0.4320000000000001,0.43200000000000016,2.5699607051508244e-16,0.0010000000000000002,0.0010000000000000005,4.336808689942016e-16,7.6462633999981335
mega_vertical_leakage_00047,vertical leakage,20360655,0.0,0.0,0.0,0.0,1.0,46.531190972792345,none,10.0,1205.0,28,1.0,near4,164.9851521248446,0.001,mega,Homogeneous aquifer with distributed vertical exchange.,46.531190972792345,False,121,121,14641,112,4,10.0,50.99019513592785,0.6435470243288278,5688806,5.000000000000022e-05,5.000000000000022e-05,5.0000000000000016e-05,6.3511907721366e-05,0.001000000000000001,"pumping-support geometric mean within 130 m, with arithmetic and annular transmissivity targets retained as support sensitivity",1.2702381544273196,0.4320000000000001,0.43200000000000016,2.5699607051508244e-16,0.0010000000000000002,0.0010000000000000005,4.336808689942016e-16,4.8386124999960884
mega_vertical_leakage_00048,vertical leakage,20360656,0.0,0.0,0.0,0.0,1.0,32.886066939051574,none,7.5,1005.0,40,2.0,dense5,94.05156257907173,0.001,mega,Homogeneous aquifer with distributed vertical exchange.,32.886066939051574,False,135,135,18225,200,5,7.5,203.05479556021325,0.636207880537765,8844863,5.000000000000022e-05,5.000000000000022e-05,5.000000000000001e-05,6.133776045912784e-05,0.0010000000000000002,"pumping-support geometric mean within 130 m, with arithmetic and annular transmissivity targets retained as support sensitivity",1.2267552091825564,0.4320000000000001,0.43200000000000016,2.5699607051508244e-16,0.0010000000000000002,0.0010000000000000005,4.336808689942016e-16,8.873905199994624
mega_vertical_leakage_00049,vertical leakage,20360657,0.0,0.0,0.0,0.0,1.0,152.1242010723903,none,5.0,605.0,40,5.0,dense5,136.69883803707665,0.0,mega,Homogeneous aquifer with distributed vertical exchange.,152.1242010723903,False,123,123,15129,200,5,7.0710678118654755,198.11612756158948,1.1498920928614886,7364280,5.000000000000013e-05,5.000000000000013e-05,5.0000000000000016e-05,6.063730267766817e-05,0.001000000000000001,"pumping-support geometric mean within 130 m, with arithmetic and annular transmissivity targets retained as support sensitivity",1.212746053553363,0.43200000000000005,0.4320000000000001,1.2849803525754125e-16,0.0010000000000000002,0.0010000000000000005,4.336808689942016e-16,6.889470000001893
mega_finite_no_flow_boundary_00000,finite no-flow boundary,20460608,0.0,0.0,0.0,0.0,1.0,,none,5.0,605.0,28,2.0,sparse3,101.0489538511954,0.0,mega,Finite no-flow model boundary stress test.,,False,123,123,15129,84,3,20.615528128088304,199.06029237394384,0.7205602385230754,5243861,5.000000000000013e-05,5.000000000000013e-05,5.0000000000000016e-05,6.063730267766817e-05,0.001000000000000001,"pumping-support geometric mean within 130 m, with arithmetic and annular transmissivity targets retained as support sensitivity",1.212746053553363,0.43200000000000005,0.4320000000000001,1.2849803525754125e-16,0.0010000000000000002,0.0010000000000000005,4.336808689942016e-16,3.368659400002798
mega_finite_no_flow_boundary_00001,finite no-flow boundary,20460609,0.0,0.0,0.0,0.0,1.0,,none,10.0,1205.0,40,10.0,standard4,109.3244078906229,0.001,mega,Finite no-flow model boundary stress test.,,False,121,121,14641,160,4,22.360679774997898,94.86832980505137,0.9954935740781833,6517151,5.000000000000022e-05,5.000000000000022e-05,5.0000000000000016e-05,6.3511907721366e-05,0.001000000000000001,"pumping-support geometric mean within 130 m, with arithmetic and annular transmissivity targets retained as support sensitivity",1.2702381544273196,0.4320000000000001,0.43200000000000016,2.5699607051508244e-16,0.0010000000000000002,0.0010000000000000005,4.336808689942016e-16,5.358192400002736
mega_finite_no_flow_boundary_00002,finite no-flow boundary,20460610,0.0,0.0,0.0,0.0,1.0,,none,10.0,605.0,28,10.0,near4,123.31603560596994,0.001,mega,Finite no-flow model boundary stress test.,,False,61,61,3721,112,4,14.142135623730951,50.0,1.1953751710300349,1364146,5.000000000000022e-05,5.000000000000022e-05,5.0000000000000016e-05,6.3511907721366e-05,0.001000000000000001,"pumping-support geometric mean within 130 m, with arithmetic and annular transmissivity targets retained as support sensitivity",1.2702381544273196,0.43200000000000005,0.43200000000000016,2.5699607051508244e-16,0.001000000000000001,0.0010000000000000005,4.336808689942016e-16,3.156726399996842
mega_finite_no_flow_boundary_00003,finite no-flow boundary,20460611,0.0,0.0,0.0,0.0,1.0,,none,10.0,605.0,28,1.0,dense5,40.51165324155721,0.003,mega,Finite no-flow model boundary stress test.,,False,61,61,3721,140,5,14.142135623730951,198.4943324127921,0.7188185326409475,1364144,5.000000000000022e-05,5.000000000000022e-05,5.0000000000000016e-05,6.3511907721366e-05,0.001000000000000001,"pumping-support geometric mean within 130 m, with arithmetic and annular transmissivity targets retained as support sensitivity",1.2702381544273196,0.43200000000000005,0.43200000000000016,2.5699607051508244e-16,0.001000000000000001,0.0010000000000000005,4.336808689942016e-16,5.833395599998767
mega_finite_no_flow_boundary_00004,finite no-flow boundary,20460612,0.0,0.0,0.0,0.0,1.0,,none,5.0,605.0,40,10.0,standard4,7.4447135381572895,0.01,mega,Finite no-flow model boundary stress test.,,False,123,123,15129,160,4,20.615528128088304,101.11874208078342,1.0804256692821437,6729951,5.000000000000013e-05,5.000000000000013e-05,5.0000000000000016e-05,6.063730267766817e-05,0.001000000000000001,"pumping-support geometric mean within 130 m, with arithmetic and annular transmissivity targets retained as support sensitivity",1.212746053553363,0.43200000000000005,0.4320000000000001,1.2849803525754125e-16,0.0010000000000000002,0.0010000000000000005,4.336808689942016e-16,6.835147900004813
mega_finite_no_flow_boundary_00005,finite no-flow boundary,20460613,0.0,0.0,0.0,0.0,1.0,,none,10.0,1205.0,20,1.0,far4,61.65819922094203,0.0,mega,Finite no-flow model boundary stress test.,,False,121,121,14641,80,4,44.721359549995796,201.24611797498108,0.3094454478583793,4118414,5.000000000000022e-05,5.000000000000022e-05,5.0000000000000016e-05,6.3511907721366e-05,0.001000000000000001,"pumping-support geometric mean within 130 m, with arithmetic and annular transmissivity targets retained as support sensitivity",1.2702381544273196,0.4320000000000001,0.43200000000000016,2.5699607051508244e-16,0.0010000000000000002,0.0010000000000000005,4.336808689942016e-16,4.5325328999970225
mega_finite_no_flow_boundary_00006,finite no-flow boundary,20460614,0.0,0.0,0.0,0.0,1.0,,none,10.0,605.0,40,2.0,mixed4,131.3340786066956,0.003,mega,Finite no-flow model boundary stress test.,,False,61,61,3721,160,4,14.142135623730951,198.4943324127921,0.8463024117604364,1755065,5.000000000000022e-05,5.000000000000022e-05,5.0000000000000016e-05,6.3511907721366e-05,0.001000000000000001,"pumping-support geometric mean within 130 m, with arithmetic and annular transmissivity targets retained as support sensitivity",1.2702381544273196,0.43200000000000005,0.43200000000000016,2.5699607051508244e-16,0.001000000000000001,0.0010000000000000005,4.336808689942016e-16,5.957268500002101
mega_finite_no_flow_boundary_00007,finite no-flow boundary,20460615,0.0,0.0,0.0,0.0,1.0,,none,10.0,1005.0,20,1.0,standard4,123.12468232611596,0.0,mega,Finite no-flow model boundary stress test.,,False,101,101,10201,80,4,22.360679774997898,94.33981132056604,0.5529860587090096,2892654,5.000000000000022e-05,5.000000000000022e-05,5.0000000000000016e-05,6.3511907721366e-05,0.001000000000000001,"pumping-support geometric mean within 130 m, with arithmetic and annular transmissivity targets retained as support sensitivity",1.2702381544273196,0.43200000000000005,0.4320000000000001,1.2849803525754125e-16,0.0010000000000000002,0.0010000000000000005,4.336808689942016e-16,3.2807718999974895
mega_finite_no_flow_boundary_00008,finite no-flow boundary,20460616,0.0,0.0,0.0,0.0,1.0,,none,5.0,405.0,28,2.0,near4,4.244742366030078,0.0,mega,Finite no-flow model boundary stress test.,,False,83,83,6889,112,4,10.0,50.24937810560445,1.0065903071663778,2441617,5.000000000000013e-05,5.000000000000013e-05,5.0000000000000016e-05,6.063730267766817e-05,0.001000000000000001,"pumping-support geometric mean within 130 m, with arithmetic and annular transmissivity targets retained as support sensitivity",1.212746053553363,0.43200000000000005,0.4320000000000001,1.2849803525754125e-16,0.0009999999999999994,0.0010000000000000005,4.336808689942016e-16,3.9871535999991465
mega_finite_no_flow_boundary_00009,finite no-flow boundary,20460617,0.0,0.0,0.0,0.0,1.0,,none,10.0,1005.0,40,5.0,dense5,4.931273245979644,0.01,mega,Finite no-flow model boundary stress test.,,False,101,101,10201,200,5,10.0,200.9975124224178,1.1724085172883445,4580990,5.000000000000022e-05,5.000000000000022e-05,5.0000000000000016e-05,6.3511907721366e-05,0.001000000000000001,"pumping-support geometric mean within 130 m, with arithmetic and annular transmissivity targets retained as support sensitivity",1.2702381544273196,0.43200000000000005,0.4320000000000001,1.2849803525754125e-16,0.0010000000000000002,0.0010000000000000005,4.336808689942016e-16,7.081471700003021
mega_finite_no_flow_boundary_00010,finite no-flow boundary,20460618,0.0,0.0,0.0,0.0,1.0,,none,10.0,805.0,20,5.0,far4,107.7456560294567,0.0,mega,Finite no-flow model boundary stress test.,,False,81,81,6561,80,4,53.85164807134504,199.24858845171275,0.526381814920957,1887691,5.000000000000022e-05,5.000000000000022e-05,5.0000000000000016e-05,6.3511907721366e-05,0.001000000000000001,"pumping-support geometric mean within 130 m, with arithmetic and annular transmissivity targets retained as support sensitivity",1.2702381544273196,0.432,0.4320000000000001,1.2849803525754125e-16,0.0009999999999999994,0.0010000000000000002,2.1684043449710084e-16,3.087688600004185
mega_finite_no_flow_boundary_00011,finite no-flow boundary,20460619,0.0,0.0,0.0,0.0,1.0,,none,7.5,1005.0,40,2.0,dense5,163.96184009259085,0.0,mega,Finite no-flow model boundary stress test.,,False,135,135,18225,200,5,7.5,201.9436802675439,1.1248018414223193,8079997,5.000000000000022e-05,5.000000000000022e-05,5.000000000000001e-05,6.133776045912784e-05,0.0010000000000000002,"pumping-support geometric mean within 130 m, with arithmetic and annular transmissivity targets retained as support sensitivity",1.2267552091825564,0.4320000000000001,0.43200000000000016,2.5699607051508244e-16,0.0010000000000000002,0.0010000000000000005,4.336808689942016e-16,6.92254099999991
mega_finite_no_flow_boundary_00012,finite no-flow boundary,20460620,0.0,0.0,0.0,0.0,1.0,,none,10.0,605.0,28,10.0,sparse3,176.2234366540133,0.0,mega,Finite no-flow model boundary stress test.,,False,61,61,3721,84,3,20.0,200.24984394500785,1.086674669665106,1364146,5.000000000000022e-05,5.000000000000022e-05,5.0000000000000016e-05,6.3511907721366e-05,0.001000000000000001,"pumping-support geometric mean within 130 m, with arithmetic and annular transmissivity targets retained as support sensitivity",1.2702381544273196,0.43200000000000005,0.43200000000000016,2.5699607051508244e-16,0.001000000000000001,0.0010000000000000005,4.336808689942016e-16,2.624187699999311
mega_finite_no_flow_boundary_00013,finite no-flow boundary,20460621,0.0,0.0,0.0,0.0,1.0,,none,10.0,805.0,28,5.0,far4,103.1660410626403,0.003,mega,Finite no-flow model boundary stress test.,,False,81,81,6561,112,4,50.99019513592785,196.468827043885,0.5547909513575824,2330065,5.000000000000022e-05,5.000000000000022e-05,5.0000000000000016e-05,6.3511907721366e-05,0.001000000000000001,"pumping-support geometric mean within 130 m, with arithmetic and annular transmissivity targets retained as support sensitivity",1.2702381544273196,0.432,0.4320000000000001,1.2849803525754125e-16,0.0009999999999999994,0.0010000000000000002,2.1684043449710084e-16,4.880606700004137
mega_finite_no_flow_boundary_00014,finite no-flow boundary,20460622,0.0,0.0,0.0,0.0,1.0,,none,7.5,1005.0,40,1.0,mixed4,169.2094607417075,0.0,mega,Finite no-flow model boundary stress test.,,False,135,135,18225,160,4,7.5,198.5730344231059,0.9933938350600737,8079995,5.000000000000022e-05,5.000000000000022e-05,5.000000000000001e-05,6.133776045912784e-05,0.0010000000000000002,"pumping-support geometric mean within 130 m, with arithmetic and annular transmissivity targets retained as support sensitivity",1.2267552091825564,0.4320000000000001,0.43200000000000016,2.5699607051508244e-16,0.0010000000000000002,0.0010000000000000005,4.336808689942016e-16,7.115897600000608
mega_finite_no_flow_boundary_00015,finite no-flow boundary,20460623,0.0,0.0,0.0,0.0,1.0,,none,7.5,605.0,28,5.0,far4,147.57689439768154,0.0,mega,Finite no-flow model boundary stress test.,,False,83,83,6889,112,4,54.08326913195984,201.9436802675439,0.5333921732251705,2441617,5.000000000000022e-05,5.000000000000022e-05,5.000000000000001e-05,6.133776045912784e-05,0.0010000000000000002,"pumping-support geometric mean within 130 m, with arithmetic and annular transmissivity targets retained as support sensitivity",1.2267552091825564,0.43200000000000005,0.4320000000000001,1.2849803525754125e-16,0.0009999999999999994,0.0010000000000000005,4.336808689942016e-16,4.2350758999964455
mega_finite_no_flow_boundary_00016,finite no-flow boundary,20460624,0.0,0.0,0.0,0.0,1.0,,none,5.0,405.0,40,1.0,standard4,68.05726303859512,0.01,mega,Finite no-flow model boundary stress test.,,False,83,83,6889,160,4,20.615528128088304,101.24228365658294,0.5963369018084073,3136663,5.000000000000013e-05,5.000000000000013e-05,5.0000000000000016e-05,6.063730267766817e-05,0.001000000000000001,"pumping-support geometric mean within 130 m, with arithmetic and annular transmissivity targets retained as support sensitivity",1.212746053553363,0.43200000000000005,0.4320000000000001,1.2849803525754125e-16,0.0009999999999999994,0.0010000000000000005,4.336808689942016e-16,6.013752500002738
mega_finite_no_flow_boundary_00017,finite no-flow boundary,20460625,0.0,0.0,0.0,0.0,1.0,,none,10.0,805.0,20,1.0,dense5,16.2235445087195,0.0,mega,Finite no-flow model boundary stress test.,,False,81,81,6561,100,5,10.0,199.24858845171275,0.8756384801362992,1887690,5.000000000000022e-05,5.000000000000022e-05,5.0000000000000016e-05,6.3511907721366e-05,0.001000000000000001,"pumping-support geometric mean within 130 m, with arithmetic and annular transmissivity targets retained as support sensitivity",1.2702381544273196,0.432,0.4320000000000001,1.2849803525754125e-16,0.0009999999999999994,0.0010000000000000002,2.1684043449710084e-16,4.059256400003505
mega_finite_no_flow_boundary_00018,finite no-flow boundary,20460626,0.0,0.0,0.0,0.0,1.0,,none,5.0,605.0,28,1.0,sparse3,124.61452331565116,0.0,mega,Finite no-flow model boundary stress test.,,False,123,123,15129,84,3,18.027756377319946,201.12185361118767,0.6390141932629994,5243860,5.000000000000013e-05,5.000000000000013e-05,5.0000000000000016e-05,6.063730267766817e-05,0.001000000000000001,"pumping-support geometric mean within 130 m, with arithmetic and annular transmissivity targets retained as support sensitivity",1.212746053553363,0.43200000000000005,0.4320000000000001,1.2849803525754125e-16,0.0010000000000000002,0.0010000000000000005,4.336808689942016e-16,3.870430299997679
mega_finite_no_flow_boundary_00019,finite no-flow boundary,20460627,0.0,0.0,0.0,0.0,1.0,,none,7.5,805.0,28,1.0,near4,124.07939689508052,0.01,mega,Finite no-flow model boundary stress test.,,False,109,109,11881,112,4,10.606601717798213,54.08326913195984,0.8382117454363213,4139316,5.000000000000022e-05,5.000000000000022e-05,5.000000000000001e-05,6.133776045912784e-05,0.0010000000000000002,"pumping-support geometric mean within 130 m, with arithmetic and annular transmissivity targets retained as support sensitivity",1.2267552091825564,0.4320000000000001,0.4320000000000002,3.854941057726236e-16,0.001000000000000001,0.0010000000000000005,4.336808689942016e-16,4.650264399999287
mega_finite_no_flow_boundary_00020,finite no-flow boundary,20460628,0.0,0.0,0.0,0.0,1.0,,none,5.0,1205.0,20,5.0,sparse3,122.73455783837427,0.001,mega,Finite no-flow model boundary stress test.,,False,243,243,59049,60,3,18.027756377319946,202.48456731316588,0.934698470470917,16377015,5.000000000000013e-05,5.000000000000013e-05,5.0000000000000016e-05,6.063730267766817e-05,0.001000000000000001,"pumping-support geometric mean within 130 m, with arithmetic and annular transmissivity targets retained as support sensitivity",1.212746053553363,0.43200000000000016,0.4320000000000003,5.139921410301648e-16,0.0009999999999999994,0.0010000000000000007,6.505213034913023e-16,4.991432999995595
mega_finite_no_flow_boundary_00021,finite no-flow boundary,20460629,0.0,0.0,0.0,0.0,1.0,,none,7.5,805.0,20,2.0,dense5,144.27696521230794,0.0,mega,Finite no-flow model boundary stress test.,,False,109,109,11881,100,5,10.606601717798213,204.02205763103166,0.9523103002229923,3356463,5.000000000000022e-05,5.000000000000022e-05,5.000000000000001e-05,6.133776045912784e-05,0.0010000000000000002,"pumping-support geometric mean within 130 m, with arithmetic and annular transmissivity targets retained as support sensitivity",1.2267552091825564,0.4320000000000001,0.4320000000000002,3.854941057726236e-16,0.001000000000000001,0.0010000000000000005,4.336808689942016e-16,3.6700588000021526
mega_finite_no_flow_boundary_00022,finite no-flow boundary,20460630,0.0,0.0,0.0,0.0,1.0,,none,7.5,1205.0,28,10.0,far4,11.527073652323274,0.01,mega,Finite no-flow model boundary stress test.,,False,163,163,26569,112,4,53.033008588991066,198.5730344231059,0.6523842190509217,9134102,5.000000000000022e-05,5.000000000000022e-05,5.000000000000001e-05,6.133776045912784e-05,0.0010000000000000002,"pumping-support geometric mean within 130 m, with arithmetic and annular transmissivity targets retained as support sensitivity",1.2267552091825564,0.4320000000000001,0.43200000000000016,2.5699607051508244e-16,0.0010000000000000002,0.0010000000000000005,4.336808689942016e-16,5.153528900002129
mega_finite_no_flow_boundary_00023,finite no-flow boundary,20460631,0.0,0.0,0.0,0.0,1.0,,none,5.0,1005.0,28,1.0,dense5,25.70674454551779,0.01,mega,Finite no-flow model boundary stress test.,,False,203,203,41209,140,5,11.180339887498949,199.06029237394384,0.8293187729604176,14112396,5.000000000000013e-05,5.000000000000013e-05,5.0000000000000016e-05,6.063730267766817e-05,0.001000000000000001,"pumping-support geometric mean within 130 m, with arithmetic and annular transmissivity targets retained as support sensitivity",1.212746053553363,0.4320000000000001,0.43200000000000016,2.5699607051508244e-16,0.0009999999999999994,0.0010000000000000007,6.505213034913023e-16,7.7833938999974634
mega_finite_no_flow_boundary_00024,finite no-flow boundary,20460632,0.0,0.0,0.0,0.0,1.0,,none,5.0,605.0,20,5.0,dense5,82.14189552329033,0.0,mega,Finite no-flow model boundary stress test.,,False,123,123,15129,100,5,10.0,201.55644370746373,1.1771138533355496,4253135,5.000000000000013e-05,5.000000000000013e-05,5.0000000000000016e-05,6.063730267766817e-05,0.001000000000000001,"pumping-support geometric mean within 130 m, with arithmetic and annular transmissivity targets retained as support sensitivity",1.212746053553363,0.43200000000000005,0.4320000000000001,1.2849803525754125e-16,0.0010000000000000002,0.0010000000000000005,4.336808689942016e-16,3.698464300003252
mega_finite_no_flow_boundary_00025,finite no-flow boundary,20460633,0.0,0.0,0.0,0.0,1.0,,none,7.5,605.0,40,10.0,far4,13.669837574293922,0.003,mega,Finite no-flow model boundary stress test.,,False,83,83,6889,160,4,47.43416490252569,200.124960961895,0.746711172246767,3136667,5.000000000000022e-05,5.000000000000022e-05,5.000000000000001e-05,6.133776045912784e-05,0.0010000000000000002,"pumping-support geometric mean within 130 m, with arithmetic and annular transmissivity targets retained as support sensitivity",1.2267552091825564,0.43200000000000005,0.4320000000000001,1.2849803525754125e-16,0.0009999999999999994,0.0010000000000000005,4.336808689942016e-16,5.4566732999956
mega_finite_no_flow_boundary_00026,finite no-flow boundary,20460634,0.0,0.0,0.0,0.0,1.0,,none,7.5,1005.0,28,1.0,standard4,111.27818319913301,0.01,mega,Finite no-flow model boundary stress test.,,False,135,135,18225,112,4,16.77050983124842,97.5,0.6646852678792048,6296692,5.000000000000022e-05,5.000000000000022e-05,5.000000000000001e-05,6.133776045912784e-05,0.0010000000000000002,"pumping-support geometric mean within 130 m, with arithmetic and annular transmissivity targets retained as support sensitivity",1.2267552091825564,0.4320000000000001,0.43200000000000016,2.5699607051508244e-16,0.0010000000000000002,0.0010000000000000005,4.336808689942016e-16,4.629223199997796
mega_finite_no_flow_boundary_00027,finite no-flow boundary,20460635,0.0,0.0,0.0,0.0,1.0,,none,7.5,1205.0,28,2.0,dense5,55.55181078649359,0.001,mega,Finite no-flow model boundary stress test.,,False,163,163,26569,140,5,10.606601717798213,199.7029043354152,0.956904262404867,9134101,5.000000000000022e-05,5.000000000000022e-05,5.000000000000001e-05,6.133776045912784e-05,0.0010000000000000002,"pumping-support geometric mean within 130 m, with arithmetic and annular transmissivity targets retained as support sensitivity",1.2267552091825564,0.4320000000000001,0.43200000000000016,2.5699607051508244e-16,0.0010000000000000002,0.0010000000000000005,4.336808689942016e-16,6.114180099997611
mega_finite_no_flow_boundary_00028,finite no-flow boundary,20460636,0.0,0.0,0.0,0.0,1.0,,none,10.0,1005.0,28,2.0,standard4,66.9856927898779,0.01,mega,Finite no-flow model boundary stress test.,,False,101,101,10201,112,4,22.360679774997898,98.48857801796105,0.672225454816066,3567989,5.000000000000022e-05,5.000000000000022e-05,5.0000000000000016e-05,6.3511907721366e-05,0.001000000000000001,"pumping-support geometric mean within 130 m, with arithmetic and annular transmissivity targets retained as support sensitivity",1.2702381544273196,0.43200000000000005,0.4320000000000001,1.2849803525754125e-16,0.0010000000000000002,0.0010000000000000005,4.336808689942016e-16,4.811968699999852
mega_finite_no_flow_boundary_00029,finite no-flow boundary,20460637,0.0,0.0,0.0,0.0,1.0,,none,10.0,805.0,40,1.0,far4,170.89487876618838,0.001,mega,Finite no-flow model boundary stress test.,,False,81,81,6561,160,4,50.99019513592785,202.23748416156684,0.27292184403359443,2993623,5.000000000000022e-05,5.000000000000022e-05,5.0000000000000016e-05,6.3511907721366e-05,0.001000000000000001,"pumping-support geometric mean within 130 m, with arithmetic and annular transmissivity targets retained as support sensitivity",1.2702381544273196,0.432,0.4320000000000001,1.2849803525754125e-16,0.0009999999999999994,0.0010000000000000002,2.1684043449710084e-16,6.860596699996677
mega_finite_no_flow_boundary_00030,finite no-flow boundary,20460638,0.0,0.0,0.0,0.0,1.0,,none,5.0,805.0,20,2.0,mixed4,26.64822553790301,0.01,mega,Finite no-flow model boundary stress test.,,False,163,163,26569,80,4,11.180339887498949,201.24611797498108,0.9424438409421002,7411215,5.000000000000013e-05,5.000000000000013e-05,5.0000000000000016e-05,6.063730267766817e-05,0.001000000000000001,"pumping-support geometric mean within 130 m, with arithmetic and annular transmissivity targets retained as support sensitivity",1.212746053553363,0.4320000000000001,0.43200000000000016,2.5699607051508244e-16,0.0010000000000000002,0.0010000000000000005,4.336808689942016e-16,4.440239700001257
mega_finite_no_flow_boundary_00031,finite no-flow boundary,20460639,0.0,0.0,0.0,0.0,1.0,,none,10.0,1205.0,20,1.0,standard4,152.50013691123965,0.0,mega,Finite no-flow model boundary stress test.,,False,121,121,14641,80,4,22.360679774997898,102.95630140987001,0.5529860587205888,4118414,5.000000000000022e-05,5.000000000000022e-05,5.0000000000000016e-05,6.3511907721366e-05,0.001000000000000001,"pumping-support geometric mean within 130 m, with arithmetic and annular transmissivity targets retained as support sensitivity",1.2702381544273196,0.4320000000000001,0.43200000000000016,2.5699607051508244e-16,0.0010000000000000002,0.0010000000000000005,4.336808689942016e-16,3.4051937999975053
mega_finite_no_flow_boundary_00032,finite no-flow boundary,20460640,0.0,0.0,0.0,0.0,1.0,,none,7.5,605.0,20,10.0,mixed4,90.96615743546572,0.001,mega,Finite no-flow model boundary stress test.,,False,83,83,6889,80,4,7.5,202.5,1.4604369327765754,1978252,5.000000000000022e-05,5.000000000000022e-05,5.000000000000001e-05,6.133776045912784e-05,0.0010000000000000002,"pumping-support geometric mean within 130 m, with arithmetic and annular transmissivity targets retained as support sensitivity",1.2267552091825564,0.43200000000000005,0.4320000000000001,1.2849803525754125e-16,0.0009999999999999994,0.0010000000000000005,4.336808689942016e-16,2.9155071999994107
mega_finite_no_flow_boundary_00033,finite no-flow boundary,20460641,0.0,0.0,0.0,0.0,1.0,,none,10.0,805.0,20,1.0,far4,149.4808166772447,0.001,mega,Finite no-flow model boundary stress test.,,False,81,81,6561,80,4,50.0,197.2308292331602,0.2722063363134512,1887690,5.000000000000022e-05,5.000000000000022e-05,5.0000000000000016e-05,6.3511907721366e-05,0.001000000000000001,"pumping-support geometric mean within 130 m, with arithmetic and annular transmissivity targets retained as support sensitivity",1.2702381544273196,0.432,0.4320000000000001,1.2849803525754125e-16,0.0009999999999999994,0.0010000000000000002,2.1684043449710084e-16,4.64886519999709
mega_finite_no_flow_boundary_00034,finite no-flow boundary,20460642,0.0,0.0,0.0,0.0,1.0,,none,7.5,1205.0,40,5.0,far4,148.55190613121704,0.01,mega,Finite no-flow model boundary stress test.,,False,163,163,26569,160,4,50.31152949374527,201.9436802675439,0.5630874390716629,11718430,5.000000000000022e-05,5.000000000000022e-05,5.000000000000001e-05,6.133776045912784e-05,0.0010000000000000002,"pumping-support geometric mean within 130 m, with arithmetic and annular transmissivity targets retained as support sensitivity",1.2267552091825564,0.4320000000000001,0.43200000000000016,2.5699607051508244e-16,0.0010000000000000002,0.0010000000000000005,4.336808689942016e-16,7.203016999999818
mega_finite_no_flow_boundary_00035,finite no-flow boundary,20460643,0.0,0.0,0.0,0.0,1.0,,none,10.0,1005.0,20,1.0,mixed4,31.140767953767465,0.001,mega,Finite no-flow model boundary stress test.,,False,101,101,10201,80,4,14.142135623730951,197.2308292331602,0.7142972964012184,2892654,5.000000000000022e-05,5.000000000000022e-05,5.0000000000000016e-05,6.3511907721366e-05,0.001000000000000001,"pumping-support geometric mean within 130 m, with arithmetic and annular transmissivity targets retained as support sensitivity",1.2702381544273196,0.43200000000000005,0.4320000000000001,1.2849803525754125e-16,0.0010000000000000002,0.0010000000000000005,4.336808689942016e-16,3.5430120000019087
mega_finite_no_flow_boundary_00036,finite no-flow boundary,20460644,0.0,0.0,0.0,0.0,1.0,,none,10.0,1205.0,20,2.0,near4,175.74631568208594,0.001,mega,Finite no-flow model boundary stress test.,,False,121,121,14641,80,4,10.0,50.0,1.0061060249899376,4118415,5.000000000000022e-05,5.000000000000022e-05,5.0000000000000016e-05,6.3511907721366e-05,0.001000000000000001,"pumping-support geometric mean within 130 m, with arithmetic and annular transmissivity targets retained as support sensitivity",1.2702381544273196,0.4320000000000001,0.43200000000000016,2.5699607051508244e-16,0.0010000000000000002,0.0010000000000000005,4.336808689942016e-16,2.8479082999983802
mega_finite_no_flow_boundary_00037,finite no-flow boundary,20460645,0.0,0.0,0.0,0.0,1.0,,none,10.0,405.0,28,5.0,near4,66.63205662361572,0.0,mega,Finite no-flow model boundary stress test.,,False,41,41,1681,112,4,10.0,53.85164807134504,1.238775676449228,670225,5.000000000000022e-05,5.000000000000022e-05,5.0000000000000016e-05,6.3511907721366e-05,0.001000000000000001,"pumping-support geometric mean within 130 m, with arithmetic and annular transmissivity targets retained as support sensitivity",1.2702381544273196,0.4320000000000001,0.43200000000000016,2.5699607051508244e-16,0.0010000000000000002,0.0010000000000000002,2.1684043449710084e-16,3.5706740000023274
mega_finite_no_flow_boundary_00038,finite no-flow boundary,20460646,0.0,0.0,0.0,0.0,1.0,,none,5.0,605.0,28,2.0,sparse3,65.3386130986215,0.0,mega,Finite no-flow model boundary stress test.,,False,123,123,15129,84,3,22.360679774997898,199.06029237394384,0.6884716120580944,5243861,5.000000000000013e-05,5.000000000000013e-05,5.0000000000000016e-05,6.063730267766817e-05,0.001000000000000001,"pumping-support geometric mean within 130 m, with arithmetic and annular transmissivity targets retained as support sensitivity",1.212746053553363,0.43200000000000005,0.4320000000000001,1.2849803525754125e-16,0.0010000000000000002,0.0010000000000000005,4.336808689942016e-16,3.729606100001547
mega_finite_no_flow_boundary_00039,finite no-flow boundary,20460647,0.0,0.0,0.0,0.0,1.0,,none,10.0,1205.0,40,10.0,sparse3,84.0729597539248,0.0,mega,Finite no-flow model boundary stress test.,,False,121,121,14641,120,3,20.0,200.9975124224178,1.0487425252296796,6517151,5.000000000000022e-05,5.000000000000022e-05,5.0000000000000016e-05,6.3511907721366e-05,0.001000000000000001,"pumping-support geometric mean within 130 m, with arithmetic and annular transmissivity targets retained as support sensitivity",1.2702381544273196,0.4320000000000001,0.43200000000000016,2.5699607051508244e-16,0.0010000000000000002,0.0010000000000000005,4.336808689942016e-16,4.780559200000425
mega_finite_no_flow_boundary_00040,finite no-flow boundary,20460648,0.0,0.0,0.0,0.0,1.0,,none,5.0,605.0,40,1.0,far4,175.1085120628982,0.0,mega,Finite no-flow model boundary stress test.,,False,123,123,15129,160,4,50.24937810560445,200.5617112013158,0.2782276836399446,6729947,5.000000000000013e-05,5.000000000000013e-05,5.0000000000000016e-05,6.063730267766817e-05,0.001000000000000001,"pumping-support geometric mean within 130 m, with arithmetic and annular transmissivity targets retained as support sensitivity",1.212746053553363,0.43200000000000005,0.4320000000000001,1.2849803525754125e-16,0.0010000000000000002,0.0010000000000000005,4.336808689942016e-16,8.352233599995088
mega_finite_no_flow_boundary_00041,finite no-flow boundary,20460649,0.0,0.0,0.0,0.0,1.0,,none,10.0,1205.0,28,1.0,mixed4,44.46479686019293,0.01,mega,Finite no-flow model boundary stress test.,,False,121,121,14641,112,4,14.142135623730951,197.9898987322333,0.7138580311532596,5077908,5.000000000000022e-05,5.000000000000022e-05,5.0000000000000016e-05,6.3511907721366e-05,0.001000000000000001,"pumping-support geometric mean within 130 m, with arithmetic and annular transmissivity targets retained as support sensitivity",1.2702381544273196,0.4320000000000001,0.43200000000000016,2.5699607051508244e-16,0.0010000000000000002,0.0010000000000000005,4.336808689942016e-16,6.9350771000026725
mega_finite_no_flow_boundary_00042,finite no-flow boundary,20460650,0.0,0.0,0.0,0.0,1.0,,none,5.0,605.0,20,5.0,sparse3,122.27879462202561,0.01,mega,Finite no-flow model boundary stress test.,,False,123,123,15129,60,3,18.027756377319946,199.81241202688085,0.9361384872167409,4253135,5.000000000000013e-05,5.000000000000013e-05,5.0000000000000016e-05,6.063730267766817e-05,0.001000000000000001,"pumping-support geometric mean within 130 m, with arithmetic and annular transmissivity targets retained as support sensitivity",1.212746053553363,0.43200000000000005,0.4320000000000001,1.2849803525754125e-16,0.0010000000000000002,0.0010000000000000005,4.336808689942016e-16,3.7153411000035703
mega_finite_no_flow_boundary_00043,finite no-flow boundary,20460651,0.0,0.0,0.0,0.0,1.0,,none,10.0,605.0,28,10.0,mixed4,45.45302844655887,0.003,mega,Finite no-flow model boundary stress test.,,False,61,61,3721,112,4,14.142135623730951,197.9898987322333,1.1983756349131747,1364146,5.000000000000022e-05,5.000000000000022e-05,5.0000000000000016e-05,6.3511907721366e-05,0.001000000000000001,"pumping-support geometric mean within 130 m, with arithmetic and annular transmissivity targets retained as support sensitivity",1.2702381544273196,0.43200000000000005,0.43200000000000016,2.5699607051508244e-16,0.001000000000000001,0.0010000000000000005,4.336808689942016e-16,3.9059565999996266
mega_finite_no_flow_boundary_00044,finite no-flow boundary,20460652,0.0,0.0,0.0,0.0,1.0,,none,7.5,805.0,40,10.0,mixed4,65.59796271335571,0.01,mega,Finite no-flow model boundary stress test.,,False,109,109,11881,160,4,10.606601717798213,198.00568173666127,1.2620014265990833,5313599,5.000000000000022e-05,5.000000000000022e-05,5.000000000000001e-05,6.133776045912784e-05,0.0010000000000000002,"pumping-support geometric mean within 130 m, with arithmetic and annular transmissivity targets retained as support sensitivity",1.2267552091825564,0.4320000000000001,0.4320000000000002,3.854941057726236e-16,0.001000000000000001,0.0010000000000000005,4.336808689942016e-16,5.436405299995386
mega_finite_no_flow_boundary_00045,finite no-flow boundary,20460653,0.0,0.0,0.0,0.0,1.0,,none,7.5,605.0,20,10.0,sparse3,128.52237691784336,0.001,mega,Finite no-flow model boundary stress test.,,False,83,83,6889,60,3,21.213203435596427,202.63884129159445,1.0442548734935864,1978252,5.000000000000022e-05,5.000000000000022e-05,5.000000000000001e-05,6.133776045912784e-05,0.0010000000000000002,"pumping-support geometric mean within 130 m, with arithmetic and annular transmissivity targets retained as support sensitivity",1.2267552091825564,0.43200000000000005,0.4320000000000001,1.2849803525754125e-16,0.0009999999999999994,0.0010000000000000005,4.336808689942016e-16,2.080095999997866
mega_finite_no_flow_boundary_00046,finite no-flow boundary,20460654,0.0,0.0,0.0,0.0,1.0,,none,7.5,605.0,20,2.0,dense5,94.08242848590208,0.001,mega,Finite no-flow model boundary stress test.,,False,83,83,6889,100,5,7.5,203.05479556021325,1.1158065308678797,1978251,5.000000000000022e-05,5.000000000000022e-05,5.000000000000001e-05,6.133776045912784e-05,0.0010000000000000002,"pumping-support geometric mean within 130 m, with arithmetic and annular transmissivity targets retained as support sensitivity",1.2267552091825564,0.43200000000000005,0.4320000000000001,1.2849803525754125e-16,0.0009999999999999994,0.0010000000000000005,4.336808689942016e-16,3.956249000002572
mega_finite_no_flow_boundary_00047,finite no-flow boundary,20460655,0.0,0.0,0.0,0.0,1.0,,none,5.0,605.0,28,5.0,mixed4,57.65637428579391,0.01,mega,Finite no-flow model boundary stress test.,,False,123,123,15129,112,4,11.180339887498949,199.81241202688085,1.129815262640552,5243861,5.000000000000013e-05,5.000000000000013e-05,5.0000000000000016e-05,6.063730267766817e-05,0.001000000000000001,"pumping-support geometric mean within 130 m, with arithmetic and annular transmissivity targets retained as support sensitivity",1.212746053553363,0.43200000000000005,0.4320000000000001,1.2849803525754125e-16,0.0010000000000000002,0.0010000000000000005,4.336808689942016e-16,3.9936295000006794
mega_finite_no_flow_boundary_00048,finite no-flow boundary,20460656,0.0,0.0,0.0,0.0,1.0,,none,10.0,1205.0,40,1.0,dense5,75.39009153899296,0.003,mega,Finite no-flow model boundary stress test.,,False,121,121,14641,200,5,10.0,196.468827043885,0.8815209790083093,6517147,5.000000000000022e-05,5.000000000000022e-05,5.0000000000000016e-05,6.3511907721366e-05,0.001000000000000001,"pumping-support geometric mean within 130 m, with arithmetic and annular transmissivity targets retained as support sensitivity",1.2702381544273196,0.4320000000000001,0.43200000000000016,2.5699607051508244e-16,0.0010000000000000002,0.0010000000000000005,4.336808689942016e-16,7.722967499998049
mega_finite_no_flow_boundary_00049,finite no-flow boundary,20460657,0.0,0.0,0.0,0.0,1.0,,none,7.5,605.0,28,1.0,far4,150.14474770198782,0.001,mega,Finite no-flow model boundary stress test.,,False,83,83,6889,112,4,50.31152949374527,198.1476722043436,0.2761885382075164,2441616,5.000000000000022e-05,5.000000000000022e-05,5.000000000000001e-05,6.133776045912784e-05,0.0010000000000000002,"pumping-support geometric mean within 130 m, with arithmetic and annular transmissivity targets retained as support sensitivity",1.2267552091825564,0.43200000000000005,0.4320000000000001,1.2849803525754125e-16,0.0009999999999999994,0.0010000000000000005,4.336808689942016e-16,5.872560499999963
mega_constant_head_boundary_00000,constant head boundary,20560608,0.0,0.0,0.0,0.0,1.0,,constant_head_east,7.5,1205.0,28,10.0,mixed4,127.71543002032898,0.001,mega,Finite first type boundary stress test.,,True,163,163,26569,112,4,10.606601717798213,198.00568173666127,1.2637801414580818,9146003,5.000000000000022e-05,5.000000000000022e-05,5.000000000000001e-05,6.133776045912784e-05,0.0010000000000000002,"pumping-support geometric mean within 130 m, with arithmetic and annular transmissivity targets retained as support sensitivity",1.2267552091825564,0.4320000000000001,0.43200000000000016,2.5699607051508244e-16,0.0010000000000000002,0.0010000000000000005,4.336808689942016e-16,6.440782400000899
mega_constant_head_boundary_00001,constant head boundary,20560609,0.0,0.0,0.0,0.0,1.0,,constant_head_x,10.0,1005.0,40,5.0,standard4,12.54056320406712,0.003,mega,Finite first type boundary stress test.,,True,101,101,10201,160,4,20.0,101.9803902718557,0.9180969516814566,4596553,5.000000000000022e-05,5.000000000000022e-05,5.0000000000000016e-05,6.3511907721366e-05,0.001000000000000001,"pumping-support geometric mean within 130 m, with arithmetic and annular transmissivity targets retained as support sensitivity",1.2702381544273196,0.43200000000000005,0.4320000000000001,1.2849803525754125e-16,0.0010000000000000002,0.0010000000000000005,4.336808689942016e-16,5.276830700000573
mega_constant_head_boundary_00002,constant head boundary,20560610,0.0,0.0,0.0,0.0,1.0,,constant_head_all,5.0,605.0,40,1.0,far4,35.283144512415504,0.01,mega,Finite first type boundary stress test.,,True,123,123,15129,160,4,50.0,201.12185361118767,0.28943295684247683,6753020,5.000000000000013e-05,5.000000000000013e-05,5.0000000000000016e-05,6.063730267766817e-05,0.001000000000000001,"pumping-support geometric mean within 130 m, with arithmetic and annular transmissivity targets retained as support sensitivity",1.212746053553363,0.43200000000000005,0.4320000000000001,1.2849803525754125e-16,0.0010000000000000002,0.0010000000000000005,4.336808689942016e-16,7.9789062999989255
mega_constant_head_boundary_00003,constant head boundary,20560611,0.0,0.0,0.0,0.0,1.0,,constant_head_east,7.5,1005.0,20,5.0,dense5,7.066947413441577,0.0,mega,Finite first type boundary stress test.,,True,135,135,18225,100,5,7.5,196.293784924536,1.2887529055380724,5117020,5.000000000000022e-05,5.000000000000022e-05,5.000000000000001e-05,6.133776045912784e-05,0.0010000000000000002,"pumping-support geometric mean within 130 m, with arithmetic and annular transmissivity targets retained as support sensitivity",1.2267552091825564,0.4320000000000001,0.43200000000000016,2.5699607051508244e-16,0.0010000000000000002,0.0010000000000000005,4.336808689942016e-16,4.141629899997497
mega_constant_head_boundary_00004,constant head boundary,20560612,0.0,0.0,0.0,0.0,1.0,,constant_head_all,10.0,805.0,20,10.0,far4,107.5805616101826,0.01,mega,Finite first type boundary stress test.,,True,81,81,6561,80,4,53.85164807134504,199.24858845171275,0.6234757664665836,1901343,5.000000000000022e-05,5.000000000000022e-05,5.0000000000000016e-05,6.3511907721366e-05,0.001000000000000001,"pumping-support geometric mean within 130 m, with arithmetic and annular transmissivity targets retained as support sensitivity",1.2702381544273196,0.432,0.4320000000000001,1.2849803525754125e-16,0.0009999999999999994,0.0010000000000000002,2.1684043449710084e-16,3.3194710000025225
mega_constant_head_boundary_00005,constant head boundary,20560613,0.0,0.0,0.0,0.0,1.0,,constant_head_east,5.0,605.0,28,1.0,mixed4,35.80293519167533,0.001,mega,Finite first type boundary stress test.,,True,123,123,15129,112,4,11.180339887498949,197.0406049523803,0.8188747746538806,5254641,5.000000000000013e-05,5.000000000000013e-05,5.0000000000000016e-05,6.063730267766817e-05,0.001000000000000001,"pumping-support geometric mean within 130 m, with arithmetic and annular transmissivity targets retained as support sensitivity",1.212746053553363,0.43200000000000005,0.4320000000000001,1.2849803525754125e-16,0.0010000000000000002,0.0010000000000000005,4.336808689942016e-16,5.5550829000058
mega_constant_head_boundary_00006,constant head boundary,20560614,0.0,0.0,0.0,0.0,1.0,,constant_head_x,5.0,605.0,40,5.0,far4,102.03327202943257,0.01,mega,Finite first type boundary stress test.,,True,123,123,15129,160,4,50.99019513592785,199.06029237394384,0.5826801604730261,6746701,5.000000000000013e-05,5.000000000000013e-05,5.0000000000000016e-05,6.063730267766817e-05,0.001000000000000001,"pumping-support geometric mean within 130 m, with arithmetic and annular transmissivity targets retained as support sensitivity",1.212746053553363,0.43200000000000005,0.4320000000000001,1.2849803525754125e-16,0.0010000000000000002,0.0010000000000000005,4.336808689942016e-16,6.00784069999645
mega_constant_head_boundary_00007,constant head boundary,20560615,0.0,0.0,0.0,0.0,1.0,,constant_head_east,5.0,405.0,28,5.0,standard4,143.05082978253128,0.0,mega,Finite first type boundary stress test.,,True,83,83,6889,112,4,18.027756377319946,100.0,0.9667658820873899,2451210,5.000000000000013e-05,5.000000000000013e-05,5.0000000000000016e-05,6.063730267766817e-05,0.001000000000000001,"pumping-support geometric mean within 130 m, with arithmetic and annular transmissivity targets retained as support sensitivity",1.212746053553363,0.43200000000000005,0.4320000000000001,1.2849803525754125e-16,0.0009999999999999994,0.0010000000000000005,4.336808689942016e-16,3.548827299993718
mega_constant_head_boundary_00008,constant head boundary,20560616,0.0,0.0,0.0,0.0,1.0,,constant_head_all,5.0,1005.0,20,10.0,far4,54.22973929440839,0.01,mega,Finite first type boundary stress test.,,True,203,203,41209,80,4,50.0,197.0406049523803,0.681094928120435,11479449,5.000000000000013e-05,5.000000000000013e-05,5.0000000000000016e-05,6.063730267766817e-05,0.001000000000000001,"pumping-support geometric mean within 130 m, with arithmetic and annular transmissivity targets retained as support sensitivity",1.212746053553363,0.4320000000000001,0.43200000000000016,2.5699607051508244e-16,0.0009999999999999994,0.0010000000000000007,6.505213034913023e-16,4.471089099999517
mega_constant_head_boundary_00009,constant head boundary,20560617,0.0,0.0,0.0,0.0,1.0,,constant_head_all,7.5,405.0,20,5.0,near4,8.314100496759016,0.003,mega,Finite first type boundary stress test.,,True,55,55,3025,80,4,7.5,53.033008588991066,1.2465582128747823,922338,5.000000000000022e-05,5.000000000000022e-05,5.000000000000001e-05,6.133776045912784e-05,0.0010000000000000002,"pumping-support geometric mean within 130 m, with arithmetic and annular transmissivity targets retained as support sensitivity",1.2267552091825564,0.43199999999999994,0.43200000000000005,0.0,0.0009999999999999994,0.0010000000000000002,2.1684043449710084e-16,2.872670200005814
mega_constant_head_boundary_00010,constant head boundary,20560618,0.0,0.0,0.0,0.0,1.0,81.74990769039225,constant_head_all,5.0,1005.0,28,1.0,far4,86.07058668461532,0.01,mega,Finite first type boundary stress test.,81.74990769039225,True,203,203,41209,112,4,50.24937810560445,200.5617112013158,0.20320656461183173,15876867,5.000000000000013e-05,5.000000000000013e-05,5.0000000000000016e-05,6.063730267766817e-05,0.001000000000000001,"pumping-support geometric mean within 130 m, with arithmetic and annular transmissivity targets retained as support sensitivity",1.212746053553363,0.4320000000000001,0.43200000000000016,2.5699607051508244e-16,0.0009999999999999994,0.0010000000000000007,6.505213034913023e-16,9.297020499994687
mega_constant_head_boundary_00011,constant head boundary,20560619,0.0,0.0,0.0,0.0,1.0,,constant_head_x,5.0,605.0,40,1.0,dense5,28.05335387715705,0.003,mega,Finite first type boundary stress test.,,True,123,123,15129,200,5,11.180339887498949,199.12307751739877,0.8210969445398896,6746698,5.000000000000013e-05,5.000000000000013e-05,5.0000000000000016e-05,6.063730267766817e-05,0.001000000000000001,"pumping-support geometric mean within 130 m, with arithmetic and annular transmissivity targets retained as support sensitivity",1.212746053553363,0.43200000000000005,0.4320000000000001,1.2849803525754125e-16,0.0010000000000000002,0.0010000000000000005,4.336808689942016e-16,7.030671699998493
mega_constant_head_boundary_00012,constant head boundary,20560620,0.0,0.0,0.0,0.0,1.0,,constant_head_east,10.0,605.0,40,2.0,dense5,17.99652560746336,0.003,mega,Finite first type boundary stress test.,,True,61,61,3721,200,5,10.0,199.24858845171275,1.0187236397072823,1766966,5.000000000000022e-05,5.000000000000022e-05,5.0000000000000016e-05,6.3511907721366e-05,0.001000000000000001,"pumping-support geometric mean within 130 m, with arithmetic and annular transmissivity targets retained as support sensitivity",1.2702381544273196,0.43200000000000005,0.43200000000000016,2.5699607051508244e-16,0.001000000000000001,0.0010000000000000005,4.336808689942016e-16,6.430363899999065
mega_constant_head_boundary_00013,constant head boundary,20560621,0.0,0.0,0.0,0.0,1.0,,constant_head_east,10.0,1005.0,20,5.0,far4,79.82944307358721,0.01,mega,Finite first type boundary stress test.,,True,101,101,10201,80,4,50.99019513592785,203.9607805437114,0.5645366141709859,2900900,5.000000000000022e-05,5.000000000000022e-05,5.0000000000000016e-05,6.3511907721366e-05,0.001000000000000001,"pumping-support geometric mean within 130 m, with arithmetic and annular transmissivity targets retained as support sensitivity",1.2702381544273196,0.43200000000000005,0.4320000000000001,1.2849803525754125e-16,0.0010000000000000002,0.0010000000000000005,4.336808689942016e-16,3.5210699000017485
mega_constant_head_boundary_00014,constant head boundary,20560622,0.0,0.0,0.0,0.0,1.0,,constant_head_all,10.0,605.0,40,2.0,far4,86.25926137915494,0.01,mega,Finite first type boundary stress test.,,True,61,61,3721,160,4,50.0,200.24984394500785,0.39465018795012374,1771476,5.000000000000022e-05,5.000000000000022e-05,5.0000000000000016e-05,6.3511907721366e-05,0.001000000000000001,"pumping-support geometric mean within 130 m, with arithmetic and annular transmissivity targets retained as support sensitivity",1.2702381544273196,0.43200000000000005,0.43200000000000016,2.5699607051508244e-16,0.001000000000000001,0.0010000000000000005,4.336808689942016e-16,6.603295999993861
mega_constant_head_boundary_00015,constant head boundary,20560623,0.0,0.0,0.0,0.0,1.0,,constant_head_all,10.0,605.0,20,5.0,far4,170.4719455512815,0.01,mega,Finite first type boundary stress test.,,True,61,61,3721,80,4,50.99019513592785,202.23748416156684,0.531308599673921,1115142,5.000000000000022e-05,5.000000000000022e-05,5.0000000000000016e-05,6.3511907721366e-05,0.001000000000000001,"pumping-support geometric mean within 130 m, with arithmetic and annular transmissivity targets retained as support sensitivity",1.2702381544273196,0.43200000000000005,0.43200000000000016,2.5699607051508244e-16,0.001000000000000001,0.0010000000000000005,4.336808689942016e-16,3.5934503999960725
mega_constant_head_boundary_00016,constant head boundary,20560624,0.0,0.0,0.0,0.0,1.0,177.12475071256745,constant_head_east,5.0,605.0,20,5.0,sparse3,143.75532283613106,0.003,mega,Finite first type boundary stress test.,177.12475071256745,True,123,123,15129,60,3,18.027756377319946,200.0,0.8353113115624986,4891554,5.000000000000013e-05,5.000000000000013e-05,5.0000000000000016e-05,6.063730267766817e-05,0.001000000000000001,"pumping-support geometric mean within 130 m, with arithmetic and annular transmissivity targets retained as support sensitivity",1.212746053553363,0.43200000000000005,0.4320000000000001,1.2849803525754125e-16,0.0010000000000000002,0.0010000000000000005,4.336808689942016e-16,3.363005500003055
mega_constant_head_boundary_00017,constant head boundary,20560625,0.0,0.0,0.0,0.0,1.0,,constant_head_x,7.5,1205.0,20,10.0,sparse3,102.09889964926285,0.01,mega,Finite first type boundary stress test.,,True,163,163,26569,60,3,23.717082451262844,200.124960961895,0.9664454457274311,7425327,5.000000000000022e-05,5.000000000000022e-05,5.000000000000001e-05,6.133776045912784e-05,0.0010000000000000002,"pumping-support geometric mean within 130 m, with arithmetic and annular transmissivity targets retained as support sensitivity",1.2267552091825564,0.4320000000000001,0.43200000000000016,2.5699607051508244e-16,0.0010000000000000002,0.0010000000000000005,4.336808689942016e-16,3.054220500001975
mega_constant_head_boundary_00018,constant head boundary,20560626,0.0,0.0,0.0,0.0,1.0,,constant_head_x,5.0,805.0,28,2.0,sparse3,43.80381221106863,0.003,mega,Finite first type boundary stress test.,,True,163,163,26569,84,3,21.213203435596427,201.55644370746373,0.7040597674388482,9150132,5.000000000000013e-05,5.000000000000013e-05,5.0000000000000016e-05,6.063730267766817e-05,0.001000000000000001,"pumping-support geometric mean within 130 m, with arithmetic and annular transmissivity targets retained as support sensitivity",1.212746053553363,0.4320000000000001,0.43200000000000016,2.5699607051508244e-16,0.0010000000000000002,0.0010000000000000005,4.336808689942016e-16,4.378459199993813
mega_constant_head_boundary_00019,constant head boundary,20560627,0.0,0.0,0.0,0.0,1.0,,constant_head_all,5.0,1005.0,40,5.0,dense5,31.54950638289089,0.003,mega,Finite first type boundary stress test.,,True,203,203,41209,200,5,11.180339887498949,199.81241202688085,1.127501630435787,18133903,5.000000000000013e-05,5.000000000000013e-05,5.0000000000000016e-05,6.063730267766817e-05,0.001000000000000001,"pumping-support geometric mean within 130 m, with arithmetic and annular transmissivity targets retained as support sensitivity",1.212746053553363,0.4320000000000001,0.43200000000000016,2.5699607051508244e-16,0.0009999999999999994,0.0010000000000000007,6.505213034913023e-16,8.242138200002955
mega_constant_head_boundary_00020,constant head boundary,20560628,0.0,0.0,0.0,0.0,1.0,139.5597566335192,constant_head_all,7.5,805.0,40,5.0,mixed4,52.47225534161654,0.003,mega,Finite first type boundary stress test.,139.5597566335192,True,109,109,11881,160,4,10.606601717798213,198.00568173666127,0.9717504302157929,5832877,5.000000000000022e-05,5.000000000000022e-05,5.000000000000001e-05,6.133776045912784e-05,0.0010000000000000002,"pumping-support geometric mean within 130 m, with arithmetic and annular transmissivity targets retained as support sensitivity",1.2267552091825564,0.4320000000000001,0.4320000000000002,3.854941057726236e-16,0.001000000000000001,0.0010000000000000005,4.336808689942016e-16,7.019438199997239
mega_constant_head_boundary_00021,constant head boundary,20560629,0.0,0.0,0.0,0.0,1.0,,constant_head_east,7.5,805.0,28,5.0,near4,77.47481358619869,0.01,mega,Finite first type boundary stress test.,,True,109,109,11881,112,4,7.5,53.033008588991066,1.293855564465579,4149706,5.000000000000022e-05,5.000000000000022e-05,5.000000000000001e-05,6.133776045912784e-05,0.0010000000000000002,"pumping-support geometric mean within 130 m, with arithmetic and annular transmissivity targets retained as support sensitivity",1.2267552091825564,0.4320000000000001,0.4320000000000002,3.854941057726236e-16,0.001000000000000001,0.0010000000000000005,4.336808689942016e-16,4.756334300000162
mega_constant_head_boundary_00022,constant head boundary,20560630,0.0,0.0,0.0,0.0,1.0,243.73003244243682,constant_head_x,7.5,1005.0,40,10.0,mixed4,120.85190258239821,0.01,mega,Finite first type boundary stress test.,243.73003244243682,True,135,135,18225,160,4,10.606601717798213,201.9436802675439,1.1509989047137539,8862292,5.000000000000022e-05,5.000000000000022e-05,5.000000000000001e-05,6.133776045912784e-05,0.0010000000000000002,"pumping-support geometric mean within 130 m, with arithmetic and annular transmissivity targets retained as support sensitivity",1.2267552091825564,0.4320000000000001,0.43200000000000016,2.5699607051508244e-16,0.0010000000000000002,0.0010000000000000005,4.336808689942016e-16,6.929357799999707
mega_constant_head_boundary_00023,constant head boundary,20560631,0.0,0.0,0.0,0.0,1.0,,constant_head_east,7.5,1205.0,40,10.0,standard4,165.4064688407359,0.01,mega,Finite first type boundary stress test.,,True,163,163,26569,160,4,23.717082451262844,100.0624804809475,0.9729278736840827,11733212,5.000000000000022e-05,5.000000000000022e-05,5.000000000000001e-05,6.133776045912784e-05,0.0010000000000000002,"pumping-support geometric mean within 130 m, with arithmetic and annular transmissivity targets retained as support sensitivity",1.2267552091825564,0.4320000000000001,0.43200000000000016,2.5699607051508244e-16,0.0010000000000000002,0.0010000000000000005,4.336808689942016e-16,6.439614300004905
mega_constant_head_boundary_00024,constant head boundary,20560632,0.0,0.0,0.0,0.0,1.0,,constant_head_x,7.5,1205.0,20,1.0,standard4,131.17554364590393,0.0,mega,Finite first type boundary stress test.,,True,163,163,26569,80,4,21.213203435596427,100.90218035305283,0.5717931712549246,7425325,5.000000000000022e-05,5.000000000000022e-05,5.000000000000001e-05,6.133776045912784e-05,0.0010000000000000002,"pumping-support geometric mean within 130 m, with arithmetic and annular transmissivity targets retained as support sensitivity",1.2267552091825564,0.4320000000000001,0.43200000000000016,2.5699607051508244e-16,0.0010000000000000002,0.0010000000000000005,4.336808689942016e-16,3.6729300000006333
mega_constant_head_boundary_00025,constant head boundary,20560633,0.0,0.0,0.0,0.0,1.0,,constant_head_all,5.0,405.0,40,5.0,standard4,49.29863343817575,0.001,mega,Finite first type boundary stress test.,,True,83,83,6889,160,4,21.213203435596427,99.24716620639605,0.8431528481557621,3155321,5.000000000000013e-05,5.000000000000013e-05,5.0000000000000016e-05,6.063730267766817e-05,0.001000000000000001,"pumping-support geometric mean within 130 m, with arithmetic and annular transmissivity targets retained as support sensitivity",1.212746053553363,0.43200000000000005,0.4320000000000001,1.2849803525754125e-16,0.0009999999999999994,0.0010000000000000005,4.336808689942016e-16,4.39812439999514
mega_constant_head_boundary_00026,constant head boundary,20560634,0.0,0.0,0.0,0.0,1.0,170.74049796409173,constant_head_all,5.0,1205.0,20,2.0,standard4,133.4804896171582,0.003,mega,Finite first type boundary stress test.,170.74049796409173,True,243,243,59049,80,4,21.213203435596427,102.59142264341595,0.6549628842427,18900446,5.000000000000013e-05,5.000000000000013e-05,5.0000000000000016e-05,6.063730267766817e-05,0.001000000000000001,"pumping-support geometric mean within 130 m, with arithmetic and annular transmissivity targets retained as support sensitivity",1.212746053553363,0.43200000000000016,0.4320000000000003,5.139921410301648e-16,0.0009999999999999994,0.0010000000000000007,6.505213034913023e-16,7.577630500003579
mega_constant_head_boundary_00027,constant head boundary,20560635,0.0,0.0,0.0,0.0,1.0,,constant_head_east,5.0,605.0,20,10.0,near4,98.86516714734314,0.003,mega,Finite first type boundary stress test.,,True,123,123,15129,80,4,10.0,50.99019513592785,1.319789658378115,4261997,5.000000000000013e-05,5.000000000000013e-05,5.0000000000000016e-05,6.063730267766817e-05,0.001000000000000001,"pumping-support geometric mean within 130 m, with arithmetic and annular transmissivity targets retained as support sensitivity",1.212746053553363,0.43200000000000005,0.4320000000000001,1.2849803525754125e-16,0.0010000000000000002,0.0010000000000000005,4.336808689942016e-16,3.3796279999951366
mega_constant_head_boundary_00028,constant head boundary,20560636,0.0,0.0,0.0,0.0,1.0,164.06375581889824,constant_head_x,7.5,1005.0,40,5.0,mixed4,75.11844157181156,0.0,mega,Finite first type boundary stress test.,164.06375581889824,True,135,135,18225,160,4,7.5,201.9436802675439,1.1737630143741686,8862291,5.000000000000022e-05,5.000000000000022e-05,5.000000000000001e-05,6.133776045912784e-05,0.0010000000000000002,"pumping-support geometric mean within 130 m, with arithmetic and annular transmissivity targets retained as support sensitivity",1.2267552091825564,0.4320000000000001,0.43200000000000016,2.5699607051508244e-16,0.0010000000000000002,0.0010000000000000005,4.336808689942016e-16,6.0202728000003844
mega_constant_head_boundary_00029,constant head boundary,20560637,0.0,0.0,0.0,0.0,1.0,,constant_head_east,7.5,805.0,20,10.0,mixed4,31.298263327599365,0.001,mega,Finite first type boundary stress test.,,True,109,109,11881,80,4,10.606601717798213,201.9436802675439,1.2583936922363155,3364933,5.000000000000022e-05,5.000000000000022e-05,5.000000000000001e-05,6.133776045912784e-05,0.0010000000000000002,"pumping-support geometric mean within 130 m, with arithmetic and annular transmissivity targets retained as support sensitivity",1.2267552091825564,0.4320000000000001,0.4320000000000002,3.854941057726236e-16,0.001000000000000001,0.0010000000000000005,4.336808689942016e-16,3.7559937000041828
mega_constant_head_boundary_00030,constant head boundary,20560638,0.0,0.0,0.0,0.0,1.0,,constant_head_east,7.5,1005.0,40,10.0,standard4,10.649627694739461,0.003,mega,Finite first type boundary stress test.,,True,135,135,18225,160,4,22.5,98.64709828474429,0.9977000431869714,8093996,5.000000000000022e-05,5.000000000000022e-05,5.000000000000001e-05,6.133776045912784e-05,0.0010000000000000002,"pumping-support geometric mean within 130 m, with arithmetic and annular transmissivity targets retained as support sensitivity",1.2267552091825564,0.4320000000000001,0.43200000000000016,2.5699607051508244e-16,0.0010000000000000002,0.0010000000000000005,4.336808689942016e-16,5.475673800006916
mega_constant_head_boundary_00031,constant head boundary,20560639,0.0,0.0,0.0,0.0,1.0,,constant_head_x,5.0,1205.0,20,2.0,near4,62.80594933871018,0.001,mega,Finite first type boundary stress test.,,True,243,243,59049,80,4,11.180339887498949,51.478150704935004,0.942008272134462,16395446,5.000000000000013e-05,5.000000000000013e-05,5.0000000000000016e-05,6.063730267766817e-05,0.001000000000000001,"pumping-support geometric mean within 130 m, with arithmetic and annular transmissivity targets retained as support sensitivity",1.212746053553363,0.43200000000000016,0.4320000000000003,5.139921410301648e-16,0.0009999999999999994,0.0010000000000000007,6.505213034913023e-16,4.5407293000025675
mega_constant_head_boundary_00032,constant head boundary,20560640,0.0,0.0,0.0,0.0,1.0,,constant_head_x,10.0,1205.0,28,5.0,near4,15.11671701678052,0.003,mega,Finite first type boundary stress test.,,True,121,121,14641,112,4,10.0,50.99019513592785,1.1838095651465643,5091672,5.000000000000022e-05,5.000000000000022e-05,5.0000000000000016e-05,6.3511907721366e-05,0.001000000000000001,"pumping-support geometric mean within 130 m, with arithmetic and annular transmissivity targets retained as support sensitivity",1.2702381544273196,0.4320000000000001,0.43200000000000016,2.5699607051508244e-16,0.0010000000000000002,0.0010000000000000005,4.336808689942016e-16,3.992114300002868
mega_constant_head_boundary_00033,constant head boundary,20560641,0.0,0.0,0.0,0.0,1.0,,constant_head_all,10.0,605.0,20,10.0,sparse3,12.077313195233648,0.01,mega,Finite first type boundary stress test.,,True,61,61,3721,60,3,20.0,203.9607805437114,1.000352064099534,1115143,5.000000000000022e-05,5.000000000000022e-05,5.0000000000000016e-05,6.3511907721366e-05,0.001000000000000001,"pumping-support geometric mean within 130 m, with arithmetic and annular transmissivity targets retained as support sensitivity",1.2702381544273196,0.43200000000000005,0.43200000000000016,2.5699607051508244e-16,0.001000000000000001,0.0010000000000000005,4.336808689942016e-16,2.4442344999988563
mega_constant_head_boundary_00034,constant head boundary,20560642,0.0,0.0,0.0,0.0,1.0,,constant_head_x,7.5,605.0,40,2.0,dense5,150.7342842639187,0.01,mega,Finite first type boundary stress test.,,True,83,83,6889,200,5,10.606601717798213,198.1476722043436,0.9685669127206801,3151205,5.000000000000022e-05,5.000000000000022e-05,5.000000000000001e-05,6.133776045912784e-05,0.0010000000000000002,"pumping-support geometric mean within 130 m, with arithmetic and annular transmissivity targets retained as support sensitivity",1.2267552091825564,0.43200000000000005,0.4320000000000001,1.2849803525754125e-16,0.0009999999999999994,0.0010000000000000005,4.336808689942016e-16,8.199587399998563
mega_constant_head_boundary_00035,constant head boundary,20560643,0.0,0.0,0.0,0.0,1.0,107.21294194445191,constant_head_east,5.0,805.0,40,10.0,dense5,75.0031633802151,0.0,mega,Finite first type boundary stress test.,107.21294194445191,True,163,163,26569,200,5,11.180339887498949,201.30822139197394,0.9057838894630473,12850850,5.000000000000013e-05,5.000000000000013e-05,5.0000000000000016e-05,6.063730267766817e-05,0.001000000000000001,"pumping-support geometric mean within 130 m, with arithmetic and annular transmissivity targets retained as support sensitivity",1.212746053553363,0.4320000000000001,0.43200000000000016,2.5699607051508244e-16,0.0010000000000000002,0.0010000000000000005,4.336808689942016e-16,8.753213399999368
mega_constant_head_boundary_00036,constant head boundary,20560644,0.0,0.0,0.0,0.0,1.0,,constant_head_all,7.5,1205.0,40,2.0,mixed4,73.5754803576008,0.003,mega,Finite first type boundary stress test.,,True,163,163,26569,160,4,7.5,204.02205763103166,1.125249902542998,11745822,5.000000000000022e-05,5.000000000000022e-05,5.000000000000001e-05,6.133776045912784e-05,0.0010000000000000002,"pumping-support geometric mean within 130 m, with arithmetic and annular transmissivity targets retained as support sensitivity",1.2267552091825564,0.4320000000000001,0.43200000000000016,2.5699607051508244e-16,0.0010000000000000002,0.0010000000000000005,4.336808689942016e-16,7.225809800002025
mega_constant_head_boundary_00037,constant head boundary,20560645,0.0,0.0,0.0,0.0,1.0,,constant_head_x,5.0,605.0,40,10.0,far4,165.79292345379642,0.0,mega,Finite first type boundary stress test.,,True,123,123,15129,160,4,50.99019513592785,201.30822139197394,0.6775667441466601,6746702,5.000000000000013e-05,5.000000000000013e-05,5.0000000000000016e-05,6.063730267766817e-05,0.001000000000000001,"pumping-support geometric mean within 130 m, with arithmetic and annular transmissivity targets retained as support sensitivity",1.212746053553363,0.43200000000000005,0.4320000000000001,1.2849803525754125e-16,0.0010000000000000002,0.0010000000000000005,4.336808689942016e-16,6.178378199998406
mega_constant_head_boundary_00038,constant head boundary,20560646,0.0,0.0,0.0,0.0,1.0,,constant_head_x,10.0,1005.0,28,10.0,far4,71.69979827326758,0.01,mega,Finite first type boundary stress test.,,True,101,101,10201,112,4,53.85164807134504,199.24858845171275,0.6562597764223237,3580673,5.000000000000022e-05,5.000000000000022e-05,5.0000000000000016e-05,6.3511907721366e-05,0.001000000000000001,"pumping-support geometric mean within 130 m, with arithmetic and annular transmissivity targets retained as support sensitivity",1.2702381544273196,0.43200000000000005,0.4320000000000001,1.2849803525754125e-16,0.0010000000000000002,0.0010000000000000005,4.336808689942016e-16,4.965594799999963
mega_constant_head_boundary_00039,constant head boundary,20560647,0.0,0.0,0.0,0.0,1.0,83.78149651616032,constant_head_all,7.5,805.0,20,10.0,near4,88.90147015262849,0.0,mega,Finite first type boundary stress test.,83.78149651616032,True,109,109,11881,80,4,7.5,52.5,0.9844237439384994,3866143,5.000000000000022e-05,5.000000000000022e-05,5.000000000000001e-05,6.133776045912784e-05,0.0010000000000000002,"pumping-support geometric mean within 130 m, with arithmetic and annular transmissivity targets retained as support sensitivity",1.2267552091825564,0.4320000000000001,0.4320000000000002,3.854941057726236e-16,0.001000000000000001,0.0010000000000000005,4.336808689942016e-16,3.269464999997581
mega_constant_head_boundary_00040,constant head boundary,20560648,0.0,0.0,0.0,0.0,1.0,,constant_head_east,7.5,605.0,28,10.0,far4,141.44782911138242,0.0,mega,Finite first type boundary stress test.,,True,83,83,6889,112,4,48.023431780746364,202.63884129159445,0.7237049075180441,2451211,5.000000000000022e-05,5.000000000000022e-05,5.000000000000001e-05,6.133776045912784e-05,0.0010000000000000002,"pumping-support geometric mean within 130 m, with arithmetic and annular transmissivity targets retained as support sensitivity",1.2267552091825564,0.43200000000000005,0.4320000000000001,1.2849803525754125e-16,0.0009999999999999994,0.0010000000000000005,4.336808689942016e-16,3.662607600002957
mega_constant_head_boundary_00041,constant head boundary,20560649,0.0,0.0,0.0,0.0,1.0,,constant_head_all,5.0,605.0,20,2.0,sparse3,149.8470386322304,0.01,mega,Finite first type boundary stress test.,,True,123,123,15129,60,3,18.027756377319946,201.55644370746373,0.7609149428154941,4271408,5.000000000000013e-05,5.000000000000013e-05,5.0000000000000016e-05,6.063730267766817e-05,0.001000000000000001,"pumping-support geometric mean within 130 m, with arithmetic and annular transmissivity targets retained as support sensitivity",1.212746053553363,0.43200000000000005,0.4320000000000001,1.2849803525754125e-16,0.0010000000000000002,0.0010000000000000005,4.336808689942016e-16,3.944980000000214
mega_constant_head_boundary_00042,constant head boundary,20560650,0.0,0.0,0.0,0.0,1.0,,constant_head_x,5.0,405.0,40,2.0,standard4,164.85431374866175,0.001,mega,Finite first type boundary stress test.,,True,83,83,6889,160,4,20.615528128088304,98.2344135219425,0.7249834539888197,3151205,5.000000000000013e-05,5.000000000000013e-05,5.0000000000000016e-05,6.063730267766817e-05,0.001000000000000001,"pumping-support geometric mean within 130 m, with arithmetic and annular transmissivity targets retained as support sensitivity",1.212746053553363,0.43200000000000005,0.4320000000000001,1.2849803525754125e-16,0.0009999999999999994,0.0010000000000000005,4.336808689942016e-16,4.55599390000134
mega_constant_head_boundary_00043,constant head boundary,20560651,0.0,0.0,0.0,0.0,1.0,,constant_head_east,7.5,805.0,20,5.0,near4,131.69894291888642,0.001,mega,Finite first type boundary stress test.,,True,109,109,11881,80,4,10.606601717798213,48.023431780746364,1.1244503867747326,3364932,5.000000000000022e-05,5.000000000000022e-05,5.000000000000001e-05,6.133776045912784e-05,0.0010000000000000002,"pumping-support geometric mean within 130 m, with arithmetic and annular transmissivity targets retained as support sensitivity",1.2267552091825564,0.4320000000000001,0.4320000000000002,3.854941057726236e-16,0.001000000000000001,0.0010000000000000005,4.336808689942016e-16,2.6320093000031193
mega_constant_head_boundary_00044,constant head boundary,20560652,0.0,0.0,0.0,0.0,1.0,260.9693129274999,constant_head_x,10.0,1005.0,28,5.0,dense5,17.16611609258817,0.0,mega,Finite first type boundary stress test.,260.9693129274999,True,101,101,10201,140,5,10.0,199.24858845171275,1.1293649365091012,4004998,5.000000000000022e-05,5.000000000000022e-05,5.0000000000000016e-05,6.3511907721366e-05,0.001000000000000001,"pumping-support geometric mean within 130 m, with arithmetic and annular transmissivity targets retained as support sensitivity",1.2702381544273196,0.43200000000000005,0.4320000000000001,1.2849803525754125e-16,0.0010000000000000002,0.0010000000000000005,4.336808689942016e-16,5.483175899993512
mega_constant_head_boundary_00045,constant head boundary,20560653,0.0,0.0,0.0,0.0,1.0,299.9475254375269,constant_head_all,7.5,405.0,40,10.0,standard4,38.603635671774285,0.001,mega,Finite first type boundary stress test.,299.9475254375269,True,55,55,3025,160,4,21.213203435596427,96.04686356149273,0.8359504948413928,1600727,5.000000000000022e-05,5.000000000000022e-05,5.000000000000001e-05,6.133776045912784e-05,0.0010000000000000002,"pumping-support geometric mean within 130 m, with arithmetic and annular transmissivity targets retained as support sensitivity",1.2267552091825564,0.43199999999999994,0.43200000000000005,0.0,0.0009999999999999994,0.0010000000000000002,2.1684043449710084e-16,3.596170400000119
mega_constant_head_boundary_00046,constant head boundary,20560654,0.0,0.0,0.0,0.0,1.0,,constant_head_x,10.0,605.0,20,2.0,mixed4,177.5942405571879,0.003,mega,Finite first type boundary stress test.,,True,61,61,3721,80,4,10.0,200.24984394500785,1.009049802134452,1112149,5.000000000000022e-05,5.000000000000022e-05,5.0000000000000016e-05,6.3511907721366e-05,0.001000000000000001,"pumping-support geometric mean within 130 m, with arithmetic and annular transmissivity targets retained as support sensitivity",1.2702381544273196,0.43200000000000005,0.43200000000000016,2.5699607051508244e-16,0.001000000000000001,0.0010000000000000005,4.336808689942016e-16,3.9690386000002036
mega_constant_head_boundary_00047,constant head boundary,20560655,0.0,0.0,0.0,0.0,1.0,,constant_head_x,10.0,1205.0,40,5.0,sparse3,31.92929567973944,0.01,mega,Finite first type boundary stress test.,,True,121,121,14641,120,3,22.360679774997898,202.48456731316588,0.8669168818398719,6533793,5.000000000000022e-05,5.000000000000022e-05,5.0000000000000016e-05,6.3511907721366e-05,0.001000000000000001,"pumping-support geometric mean within 130 m, with arithmetic and annular transmissivity targets retained as support sensitivity",1.2702381544273196,0.4320000000000001,0.43200000000000016,2.5699607051508244e-16,0.0010000000000000002,0.0010000000000000005,4.336808689942016e-16,4.296585700001742
mega_constant_head_boundary_00048,constant head boundary,20560656,0.0,0.0,0.0,0.0,1.0,,constant_head_east,10.0,405.0,20,5.0,near4,122.10087680927516,0.01,mega,Finite first type boundary stress test.,,True,41,41,1681,80,4,14.142135623730951,50.0,1.0557868261755305,546752,5.000000000000022e-05,5.000000000000022e-05,5.0000000000000016e-05,6.3511907721366e-05,0.001000000000000001,"pumping-support geometric mean within 130 m, with arithmetic and annular transmissivity targets retained as support sensitivity",1.2702381544273196,0.4320000000000001,0.43200000000000016,2.5699607051508244e-16,0.0010000000000000002,0.0010000000000000002,2.1684043449710084e-16,2.7463817999960156
mega_constant_head_boundary_00049,constant head boundary,20560657,0.0,0.0,0.0,0.0,1.0,235.5977508300261,constant_head_x,7.5,1205.0,28,5.0,sparse3,50.25839883024218,0.0,mega,Finite first type boundary stress test.,235.5977508300261,True,163,163,26569,84,3,21.213203435596427,202.63884129159445,0.8120008380818808,10264890,5.000000000000022e-05,5.000000000000022e-05,5.000000000000001e-05,6.133776045912784e-05,0.0010000000000000002,"pumping-support geometric mean within 130 m, with arithmetic and annular transmissivity targets retained as support sensitivity",1.2267552091825564,0.4320000000000001,0.43200000000000016,2.5699607051508244e-16,0.0010000000000000002,0.0010000000000000005,4.336808689942016e-16,4.81484630000341
mega_heterogeneous_K_00000,heterogeneous K,20660608,1.3223257161985162,119.18637489748915,0.0,0.0,1.0,,none,10.0,605.0,20,1.0,mixed4,37.64617272232895,0.003,mega,Lognormal hydraulic-conductivity field.,,False,61,61,3721,80,4,14.142135623730951,200.0,1.5741729981947348,1103498,1.791805402363849e-05,1.791805402363849e-05,1.9698916913095716e-05,1.947178695715641e-05,0.001000000000000001,"pumping-support geometric mean within 130 m, with arithmetic and annular transmissivity targets retained as support sensitivity",1.0993893023822685,0.43200000000000005,1.4136461391744866,2.3856515258764435,0.001000000000000001,0.0010000000000000005,4.336808689942016e-16,4.1827668999976595
mega_heterogeneous_K_00001,heterogeneous K,20660609,0.489921187320307,154.066381799836,0.0,0.0,1.0,,none,5.0,805.0,40,5.0,near4,102.60217274388478,0.003,mega,Lognormal hydraulic-conductivity field.,,False,163,163,26569,160,4,10.0,50.99019513592785,0.9849341694712277,11718398,6.036049498192748e-05,6.036049498192748e-05,6.0548637419335715e-05,7.681365216602524e-05,0.001000000000000001,"pumping-support geometric mean within 130 m, with arithmetic and annular transmissivity targets retained as support sensitivity",1.2725815483955856,0.43199999999999994,0.4816024907157519,0.4525619642750362,0.0010000000000000002,0.0010000000000000005,4.336808689942016e-16,5.172005399996124
mega_heterogeneous_K_00002,heterogeneous K,20660610,0.7438685904277624,117.15443455856526,0.0,0.0,1.0,,none,7.5,1205.0,40,2.0,sparse3,56.69271559633685,0.01,mega,Lognormal hydraulic-conductivity field.,,False,163,163,26569,120,3,16.77050983124842,199.7029043354152,1.2160633592104426,11718397,3.21292480862741e-05,3.21292480862741e-05,3.359634810491423e-05,3.553684754110012e-05,0.0010000000000000002,"pumping-support geometric mean within 130 m, with arithmetic and annular transmissivity targets retained as support sensitivity",1.106059109932354,0.43200000000000005,0.5862917375413148,1.0303589902316679,0.0010000000000000002,0.0010000000000000005,4.336808689942016e-16,5.839429300001939
mega_heterogeneous_K_00003,heterogeneous K,20660611,0.34939104298678175,26.89834038437342,0.0,0.0,1.0,,none,10.0,605.0,40,10.0,dense5,168.79420095725507,0.01,mega,Lognormal hydraulic-conductivity field.,,False,61,61,3721,200,5,10.0,203.9607805437114,1.095702784950453,1755035,5.323046859701787e-05,5.323046859701787e-05,5.604761407169923e-05,8.23135991875296e-05,0.001000000000000001,"pumping-support geometric mean within 130 m, with arithmetic and annular transmissivity targets retained as support sensitivity",1.5463624754214742,0.43200000000000005,0.4604848092017831,0.39364942594562774,0.001000000000000001,0.0010000000000000005,4.336808689942016e-16,6.235358300000371
mega_heterogeneous_K_00004,heterogeneous K,20660612,0.38980041746391136,23.4365904660594,0.0,0.0,1.0,,none,7.5,1205.0,28,2.0,near4,112.74843036025892,0.01,mega,Lognormal hydraulic-conductivity field.,,False,163,163,26569,112,4,10.606601717798213,50.31152949374527,1.0811079679380233,9134069,5.402824489880443e-05,5.402824489880443e-05,5.797350849250445e-05,5.343874260294629e-05,0.0010000000000000002,"pumping-support geometric mean within 130 m, with arithmetic and annular transmissivity targets retained as support sensitivity",1.0848591427992944,0.4320000000000001,0.4660568965746222,0.40469005080324566,0.0010000000000000002,0.0010000000000000005,4.336808689942016e-16,4.920809900002496
mega_heterogeneous_K_00005,heterogeneous K,20660613,1.409606666938244,89.52097396197597,0.0,0.0,1.0,,none,7.5,1005.0,28,1.0,standard4,93.98537713391676,0.0,mega,Lognormal hydraulic-conductivity field.,,False,135,135,18225,112,4,22.5,97.78803607803972,0.14637095791647825,6296660,0.0002691849769906615,0.0002691849769906615,0.0003484463974453133,0.00046354210349596717,0.0010000000000000002,"pumping-support geometric mean within 130 m, with arithmetic and annular transmissivity targets retained as support sensitivity",1.722020703674144,0.43200000000000005,1.9736980955289094,6.532230640582261,0.0010000000000000002,0.0010000000000000005,4.336808689942016e-16,4.327058100003342
mega_heterogeneous_K_00006,heterogeneous K,20660614,0.6941556384395645,41.12173737658979,0.0,0.0,1.0,,none,7.5,605.0,40,1.0,mixed4,11.111821722497023,0.003,mega,Lognormal hydraulic-conductivity field.,,False,83,83,6889,160,4,7.5,198.5730344231059,0.7294409429384796,3136631,4.691937971028292e-05,4.691937971028292e-05,5.0695523721479136e-05,7.574219811484997e-05,0.0010000000000000002,"pumping-support geometric mean within 130 m, with arithmetic and annular transmissivity targets retained as support sensitivity",1.6143051886564093,0.43200000000000005,0.560898678557164,0.8426181904639984,0.0009999999999999994,0.0010000000000000005,4.336808689942016e-16,6.427767199995287
mega_heterogeneous_K_00007,heterogeneous K,20660615,0.5397976754347364,21.313419109600627,0.0,0.0,1.0,,none,5.0,605.0,40,1.0,dense5,56.83659528678517,0.003,mega,Lognormal hydraulic-conductivity field.,,False,123,123,15129,200,5,11.180339887498949,198.3053201505194,0.9194207081926223,6729915,5.324232085815306e-05,5.324232085815306e-05,5.770600810947724e-05,5.044381101710494e-05,0.001000000000000001,"pumping-support geometric mean within 130 m, with arithmetic and annular transmissivity targets retained as support sensitivity",1.1439660673121976,0.43200000000000005,0.5029410793311182,0.6313381122092111,0.0010000000000000002,0.0010000000000000005,4.336808689942016e-16,7.951164900005097
mega_heterogeneous_K_00008,heterogeneous K,20660616,1.2688790311726703,75.19340779523354,0.0,0.0,1.0,,none,5.0,805.0,40,5.0,mixed4,123.88401478183886,0.0,mega,Lognormal hydraulic-conductivity field.,,False,163,163,26569,160,4,11.180339887498949,198.3053201505194,0.9792686550277533,11718398,5.140185013320114e-05,5.140185013320114e-05,5.8658764155518085e-05,7.255642016612668e-05,0.001000000000000001,"pumping-support geometric mean within 130 m, with arithmetic and annular transmissivity targets retained as support sensitivity",1.4115526966073448,0.43200000000000005,1.145730173564629,2.7352892855240545,0.0010000000000000002,0.0010000000000000005,4.336808689942016e-16,7.797145800002909
mega_heterogeneous_K_00009,heterogeneous K,20660617,1.4763452853093082,12.190517069406232,0.0,0.0,1.0,,none,7.5,605.0,40,2.0,dense5,152.50061687099355,0.0,mega,Lognormal hydraulic-conductivity field.,,False,83,83,6889,200,5,10.606601717798213,201.24611797498108,1.1072101414865823,3136633,5.2601323974668626e-05,5.2601323974668626e-05,0.00012995429046059475,2.260640529358793e-05,0.0010000000000000002,"pumping-support geometric mean within 130 m, with arithmetic and annular transmissivity targets retained as support sensitivity",5.748560585943973,0.43200000000000005,1.3999983460628198,2.990751805936915,0.0009999999999999994,0.0010000000000000005,4.336808689942016e-16,6.727081100005307
mega_heterogeneous_K_00010,heterogeneous K,20660618,0.3627455958586005,43.63287710519651,0.0,0.0,1.0,,none,5.0,605.0,20,1.0,dense5,23.732581627327015,0.0,mega,Lognormal hydraulic-conductivity field.,,False,123,123,15129,100,5,11.180339887498949,201.55644370746373,0.7216883900898307,4253102,4.791748161928126e-05,4.791748161928126e-05,4.926859335338144e-05,6.893542632351074e-05,0.001000000000000001,"pumping-support geometric mean within 130 m, with arithmetic and annular transmissivity targets retained as support sensitivity",1.4386279076856197,0.43200000000000005,0.4607984714930597,0.36300904083383856,0.0010000000000000002,0.0010000000000000005,4.336808689942016e-16,4.5974663000015425
mega_heterogeneous_K_00011,heterogeneous K,20660619,0.4051053339494204,11.454269522463486,0.0,0.0,1.0,,none,5.0,605.0,28,2.0,sparse3,169.59772602896874,0.001,mega,Lognormal hydraulic-conductivity field.,,False,123,123,15129,84,3,20.615528128088304,198.11612756158948,0.6775841058958344,5243829,4.613987878392742e-05,4.613987878392742e-05,4.9486472926120384e-05,6.283230835475328e-05,0.001000000000000001,"pumping-support geometric mean within 130 m, with arithmetic and annular transmissivity targets retained as support sensitivity",1.3617787911623334,0.43200000000000005,0.4691402615693952,0.43138484139846206,0.0010000000000000002,0.0010000000000000005,4.336808689942016e-16,3.86377679999714
mega_heterogeneous_K_00012,heterogeneous K,20660620,0.8675684978990829,37.542816319130985,0.0,0.0,1.0,,none,5.0,405.0,28,2.0,near4,156.86729267768717,0.003,mega,Lognormal hydraulic-conductivity field.,,False,83,83,6889,112,4,11.180339887498949,49.24428900898052,0.6480888369902528,2441585,4.6386322663797624e-05,4.6386322663797624e-05,6.317897998867091e-05,8.033927099719027e-05,0.001000000000000001,"pumping-support geometric mean within 130 m, with arithmetic and annular transmissivity targets retained as support sensitivity",1.7319603362284062,0.43200000000000005,0.6233222638140541,0.9643225471204961,0.0009999999999999994,0.0010000000000000005,4.336808689942016e-16,4.21316260000458
mega_heterogeneous_K_00013,heterogeneous K,20660621,0.7466975478238692,99.13197904401362,0.0,0.0,1.0,,none,10.0,605.0,40,10.0,standard4,73.98796632944462,0.001,mega,Lognormal hydraulic-conductivity field.,,False,61,61,3721,160,4,22.360679774997898,104.4030650891055,0.9010541910177032,1755035,5.889861536438246e-05,5.889861536438246e-05,6.0680012053266935e-05,8.455806956694317e-05,0.001000000000000001,"pumping-support geometric mean within 130 m, with arithmetic and annular transmissivity targets retained as support sensitivity",1.4356546252202333,0.4320000000000001,0.5705289263188533,0.7955057861983067,0.001000000000000001,0.0010000000000000005,4.336808689942016e-16,5.394294500001706
mega_heterogeneous_K_00014,heterogeneous K,20660622,0.3717908372236831,12.385436526986052,0.0,0.0,1.0,,none,5.0,405.0,40,1.0,standard4,117.99144152543957,0.003,mega,Lognormal hydraulic-conductivity field.,,False,83,83,6889,160,4,22.360679774997898,100.62305898749054,0.5632932584749587,3136631,5.0508527451563286e-05,5.0508527451563286e-05,5.3847838142483654e-05,6.122381229619211e-05,0.001000000000000001,"pumping-support geometric mean within 130 m, with arithmetic and annular transmissivity targets retained as support sensitivity",1.2121480349017217,0.43200000000000005,0.46297494131861944,0.38712812560382875,0.0009999999999999994,0.0010000000000000005,4.336808689942016e-16,5.615074300003471
mega_heterogeneous_K_00015,heterogeneous K,20660623,0.2707908363760878,9.752949709075406,0.0,0.0,1.0,,none,5.0,805.0,20,1.0,dense5,27.915228389277317,0.0,mega,Lognormal hydraulic-conductivity field.,,False,163,163,26569,100,5,11.180339887498949,199.12307751739877,0.7804140606976127,7411182,4.9637657304305405e-05,4.9637657304305405e-05,5.206423851430023e-05,6.0014358201895566e-05,0.001000000000000001,"pumping-support geometric mean within 130 m, with arithmetic and annular transmissivity targets retained as support sensitivity",1.2090489652639211,0.4320000000000001,0.4482034057532353,0.2782306651695502,0.0010000000000000002,0.0010000000000000005,4.336808689942016e-16,5.183644299999287
mega_heterogeneous_K_00016,heterogeneous K,20660624,0.4950568519712042,8.072290598547829,0.0,0.0,1.0,,none,7.5,805.0,40,1.0,mixed4,136.01967426117244,0.001,mega,Lognormal hydraulic-conductivity field.,,False,109,109,11881,160,4,10.606601717798213,201.52543263816605,0.9753264353755338,5313563,4.44350018073659e-05,4.44350018073659e-05,5.042072858381802e-05,4.6880487910913716e-05,0.0010000000000000002,"pumping-support geometric mean within 130 m, with arithmetic and annular transmissivity targets retained as support sensitivity",1.1347074723300647,0.4320000000000001,0.48910701814650787,0.5374287329338319,0.001000000000000001,0.0010000000000000005,4.336808689942016e-16,6.927758799996809
mega_heterogeneous_K_00017,heterogeneous K,20660625,0.196547022652935,42.66762484915422,0.0,0.0,1.0,,none,7.5,1005.0,28,1.0,dense5,100.7677848643208,0.001,mega,Lognormal hydraulic-conductivity field.,,False,135,135,18225,140,5,7.5,198.5730344231059,1.1176693400750009,6296660,4.520587301194959e-05,4.520587301194959e-05,4.574810419102001e-05,5.3175524932879775e-05,0.0010000000000000002,"pumping-support geometric mean within 130 m, with arithmetic and annular transmissivity targets retained as support sensitivity",1.176296825831093,0.4320000000000001,0.4403848927876912,0.19621768216613603,0.0010000000000000002,0.0010000000000000005,4.336808689942016e-16,6.2861054000022705
mega_heterogeneous_K_00018,heterogeneous K,20660626,0.542413793677502,26.769395776654456,0.0,0.0,1.0,,none,7.5,1205.0,20,5.0,dense5,96.23697594834373,0.01,mega,Lognormal hydraulic-conductivity field.,,False,163,163,26569,100,5,7.5,203.74616560809187,1.4414845704171744,7411183,5.042529790950864e-05,5.042529790950864e-05,5.4548318609926094e-05,5.169477762691327e-05,0.0010000000000000002,"pumping-support geometric mean within 130 m, with arithmetic and annular transmissivity targets retained as support sensitivity",1.0817649249750885,0.43199999999999994,0.49876227179942473,0.5673322045885224,0.0010000000000000002,0.0010000000000000005,4.336808689942016e-16,5.603624099996523
mega_heterogeneous_K_00019,heterogeneous K,20660627,0.8992475746654433,18.847680587442106,0.0,0.0,1.0,,none,5.0,805.0,28,5.0,mixed4,15.545614696323081,0.01,mega,Lognormal hydraulic-conductivity field.,,False,163,163,26569,112,4,11.180339887498949,202.6079958935481,2.2035875256047075,9134069,3.4808898297377194e-05,3.4808898297377194e-05,4.8245747738569e-05,2.025174946952223e-05,0.001000000000000001,"pumping-support geometric mean within 130 m, with arithmetic and annular transmissivity targets retained as support sensitivity",2.3823002457726528,0.43200000000000005,0.6448733316793971,1.0868657309787413,0.0010000000000000002,0.0010000000000000005,4.336808689942016e-16,5.373300000006566
mega_heterogeneous_K_00020,heterogeneous K,20660628,0.8319097252984609,20.99991835948912,0.0,0.0,1.0,,none,7.5,805.0,20,1.0,sparse3,71.15973703254198,0.0,mega,Lognormal hydraulic-conductivity field.,,False,109,109,11881,60,3,23.717082451262844,199.27995383379633,0.3896181231565893,3356430,6.292836940129054e-05,6.292836940129054e-05,8.336208446380526e-05,8.683762545953134e-05,0.0010000000000000002,"pumping-support geometric mean within 130 m, with arithmetic and annular transmissivity targets retained as support sensitivity",1.379943994826449,0.432,0.6114133788460506,0.9683440701470489,0.001000000000000001,0.0010000000000000005,4.336808689942016e-16,2.9595637999955215
mega_heterogeneous_K_00021,heterogeneous K,20660629,0.6964222528186312,44.251948421525746,0.0,0.0,1.0,,none,7.5,1205.0,28,10.0,mixed4,103.62017409786307,0.001,mega,Lognormal hydraulic-conductivity field.,,False,163,163,26569,112,4,7.5,200.124960961895,2.324603300522423,9134070,2.8641198032100845e-05,2.8641198032100845e-05,3.482960265414034e-05,3.05485661643575e-05,0.0010000000000000002,"pumping-support geometric mean within 130 m, with arithmetic and annular transmissivity targets retained as support sensitivity",1.216066542157335,0.4320000000000001,0.5514666906904218,0.7968840188684151,0.0010000000000000002,0.0010000000000000005,4.336808689942016e-16,5.929558800002269
mega_heterogeneous_K_00022,heterogeneous K,20660630,0.7090581061110661,18.65783328125403,0.0,0.0,1.0,,none,7.5,1005.0,20,2.0,dense5,17.618347946059725,0.01,mega,Lognormal hydraulic-conductivity field.,,False,135,135,18225,100,5,7.5,196.8660712261003,1.0506933064714228,5107791,5.298860936648046e-05,5.298860936648046e-05,6.502386740661221e-05,5.2418585212718954e-05,0.0010000000000000002,"pumping-support geometric mean within 130 m, with arithmetic and annular transmissivity targets retained as support sensitivity",1.240473529431212,0.43200000000000005,0.5541015526712292,0.7888040047215356,0.0010000000000000002,0.0010000000000000005,4.336808689942016e-16,4.6258545000018785
mega_heterogeneous_K_00023,heterogeneous K,20660631,0.9983231978078612,53.97594225731988,0.0,0.0,1.0,,none,10.0,1005.0,20,10.0,standard4,165.95291965465407,0.01,mega,Lognormal hydraulic-conductivity field.,,False,101,101,10201,80,4,20.0,101.9803902718557,0.7148768768314347,2892624,9.00550082215514e-05,9.00550082215514e-05,0.00010479652964789281,0.00010432058892522374,0.001000000000000001,"pumping-support geometric mean within 130 m, with arithmetic and annular transmissivity targets retained as support sensitivity",1.1636946319528907,0.43200000000000005,0.6857207597791264,1.0834344069373718,0.0010000000000000002,0.0010000000000000005,4.336808689942016e-16,3.0560989000005065
mega_heterogeneous_K_00024,heterogeneous K,20660632,0.2506346300981762,16.19897429634882,0.0,0.0,1.0,,none,5.0,1205.0,40,2.0,mixed4,43.143677532391024,0.001,mega,Lognormal hydraulic-conductivity field.,,False,243,243,59049,160,4,7.0710678118654755,198.11612756158948,1.3725308326290815,25881037,4.9710804666384106e-05,4.9710804666384106e-05,5.1153172741749354e-05,4.51238632193771e-05,0.001000000000000001,"pumping-support geometric mean within 130 m, with arithmetic and annular transmissivity targets retained as support sensitivity",1.1336168734724634,0.432,0.44563613520532835,0.25042535875865507,0.0009999999999999994,0.0010000000000000007,6.505213034913023e-16,7.669418899997254
mega_heterogeneous_K_00025,heterogeneous K,20660633,0.5633306491704184,13.828023003802649,0.0,0.0,1.0,,none,7.5,405.0,20,5.0,standard4,163.4036099494671,0.0,mega,Lognormal hydraulic-conductivity field.,,False,55,55,3025,80,4,23.717082451262844,102.01102881551583,0.8958062859300858,911307,4.9113940928372336e-05,4.9113940928372336e-05,5.501492362285975e-05,6.472750575592923e-05,0.0010000000000000002,"pumping-support geometric mean within 130 m, with arithmetic and annular transmissivity targets retained as support sensitivity",1.317904947809578,0.43200000000000005,0.5110484974525459,0.686062330792641,0.0009999999999999994,0.0010000000000000002,2.1684043449710084e-16,3.038035800003854
mega_heterogeneous_K_00026,heterogeneous K,20660634,1.1573830428542617,177.80949760548316,0.0,0.0,1.0,,none,5.0,1205.0,28,2.0,sparse3,50.258581702122754,0.0,mega,Lognormal hydraulic-conductivity field.,,False,243,243,59049,84,3,21.213203435596427,202.2992832414391,0.6207656638289968,20178605,5.785218989168997e-05,5.785218989168997e-05,6.843513492457522e-05,6.995179347918613e-05,0.001000000000000001,"pumping-support geometric mean within 130 m, with arithmetic and annular transmissivity targets retained as support sensitivity",1.2091468552901603,0.432,0.821036104454675,1.3224011530057658,0.0009999999999999994,0.0010000000000000007,6.505213034913023e-16,6.439353200003097
mega_heterogeneous_K_00027,heterogeneous K,20660635,1.3474143226854387,58.2439765098907,0.0,0.0,1.0,,none,10.0,1005.0,20,1.0,near4,22.59633648991939,0.003,mega,Lognormal hydraulic-conductivity field.,,False,101,101,10201,80,4,10.0,53.85164807134504,0.6640719040500326,2892622,8.198976429382143e-05,8.198976429382143e-05,0.00010154553490676789,8.048293488186325e-05,0.001000000000000001,"pumping-support geometric mean within 130 m, with arithmetic and annular transmissivity targets retained as support sensitivity",1.2617026833802885,0.43200000000000005,1.0282633387117281,1.8196159996091907,0.0010000000000000002,0.0010000000000000005,4.336808689942016e-16,2.9121895999996923
mega_heterogeneous_K_00028,heterogeneous K,20660636,0.4723144024412559,25.61114568522085,0.0,0.0,1.0,,none,10.0,1205.0,40,2.0,near4,163.23922864460658,0.01,mega,Lognormal hydraulic-conductivity field.,,False,121,121,14641,160,4,10.0,50.99019513592785,1.4349618719132402,6517117,3.4628284380476634e-05,3.4628284380476634e-05,3.8672234454744015e-05,3.986850988800561e-05,0.001000000000000001,"pumping-support geometric mean within 130 m, with arithmetic and annular transmissivity targets retained as support sensitivity",1.151327898603126,0.43200000000000005,0.48489219190454247,0.5313826361194193,0.0010000000000000002,0.0010000000000000005,4.336808689942016e-16,5.310791799995059
mega_heterogeneous_K_00029,heterogeneous K,20660637,1.4038622619028194,26.03921150748606,0.0,0.0,1.0,,none,7.5,605.0,20,1.0,far4,167.01538210174925,0.01,mega,Lognormal hydraulic-conductivity field.,,False,83,83,6889,80,4,45.62071897723665,200.124960961895,0.3905847129551878,1978218,2.5485481954552907e-05,2.5485481954552907e-05,4.404399481094799e-05,1.3420635063029974e-05,0.0010000000000000002,"pumping-support geometric mean within 130 m, with arithmetic and annular transmissivity targets retained as support sensitivity",3.281811524126504,0.43200000000000005,1.31541881852115,4.662520288421597,0.0009999999999999994,0.0010000000000000005,4.336808689942016e-16,5.214757499998086
mega_heterogeneous_K_00030,heterogeneous K,20660638,0.3198463441574617,16.80188125499932,0.0,0.0,1.0,,none,5.0,605.0,20,2.0,sparse3,27.301164291919175,0.003,mega,Lognormal hydraulic-conductivity field.,,False,123,123,15129,60,3,22.360679774997898,201.24611797498108,0.6305573003257242,4253103,5.8283420110499764e-05,5.8283420110499764e-05,6.032038862509015e-05,5.9109554552357674e-05,0.001000000000000001,"pumping-support geometric mean within 130 m, with arithmetic and annular transmissivity targets retained as support sensitivity",1.0349493648575956,0.43200000000000005,0.45429884101380047,0.3187644366819133,0.0010000000000000002,0.0010000000000000005,4.336808689942016e-16,3.1011578000034206
mega_heterogeneous_K_00031,heterogeneous K,20660639,0.948587439600817,39.918665335817686,0.0,0.0,1.0,,none,7.5,1205.0,40,2.0,standard4,150.0834171951039,0.01,mega,Lognormal hydraulic-conductivity field.,,False,163,163,26569,160,4,16.77050983124842,104.19332992087354,0.9820794778144244,11718397,3.35745576804681e-05,3.35745576804681e-05,4.3626113222034035e-05,3.9542969775515956e-05,0.0010000000000000002,"pumping-support geometric mean within 130 m, with arithmetic and annular transmissivity targets retained as support sensitivity",1.2993801329336172,0.43200000000000005,0.7398110716519982,1.9087405207433261,0.0010000000000000002,0.0010000000000000005,4.336808689942016e-16,7.2798868999962
mega_heterogeneous_K_00032,heterogeneous K,20660640,0.9098993446912,26.50330768175146,0.0,0.0,1.0,,none,7.5,605.0,40,2.0,dense5,35.137722551859625,0.003,mega,Lognormal hydraulic-conductivity field.,,False,83,83,6889,200,5,10.606601717798213,199.7029043354152,0.5583238073908008,3136633,5.6934585484344885e-05,5.6934585484344885e-05,7.745822762609366e-05,9.378503021461234e-05,0.0010000000000000002,"pumping-support geometric mean within 130 m, with arithmetic and annular transmissivity targets retained as support sensitivity",1.6472418200076315,0.43200000000000005,0.633211701170105,0.9498190610462685,0.0009999999999999994,0.0010000000000000005,4.336808689942016e-16,6.158284500001173
mega_heterogeneous_K_00033,heterogeneous K,20660641,1.3449355219091303,91.5015278918516,0.0,0.0,1.0,,none,5.0,605.0,28,10.0,near4,169.46479798928925,0.001,mega,Lognormal hydraulic-conductivity field.,,False,123,123,15129,112,4,10.0,50.99019513592785,3.6019245348385036,5243830,1.7251556934835165e-05,1.7251556934835165e-05,2.6906973595850468e-05,1.4506457587858589e-05,0.001000000000000001,"pumping-support geometric mean within 130 m, with arithmetic and annular transmissivity targets retained as support sensitivity",1.854827302453956,0.43199999999999994,1.2212599081880309,2.1799110734769784,0.0010000000000000002,0.0010000000000000005,4.336808689942016e-16,3.853523600002518
mega_heterogeneous_K_00034,heterogeneous K,20660642,0.950497419363265,61.06350484262049,0.0,0.0,1.0,,none,7.5,405.0,40,2.0,standard4,85.0591591769423,0.01,mega,Lognormal hydraulic-conductivity field.,,False,55,55,3025,160,4,22.5,97.78803607803972,0.3237698621660377,1451481,0.00011988452971401,0.00011988452971401,0.00014063341410340134,0.0002249506529000965,0.0010000000000000002,"pumping-support geometric mean within 130 m, with arithmetic and annular transmissivity targets retained as support sensitivity",1.8763943390921791,0.4320000000000001,0.6475213079261193,0.8942729871236765,0.0009999999999999994,0.0010000000000000002,2.1684043449710084e-16,4.697930599999381
mega_heterogeneous_K_00035,heterogeneous K,20660643,0.35124112622512993,54.97310467583199,0.0,0.0,1.0,,none,7.5,1005.0,28,10.0,dense5,142.29662825457095,0.01,mega,Lognormal hydraulic-conductivity field.,,False,135,135,18225,140,5,10.606601717798213,198.00568173666127,1.0326811521641954,6296662,5.7453214363037283e-05,5.7453214363037283e-05,6.049117015621035e-05,8.066930438151688e-05,0.0010000000000000002,"pumping-support geometric mean within 130 m, with arithmetic and annular transmissivity targets retained as support sensitivity",1.404086877920894,0.43200000000000005,0.45902545879318507,0.3526210086713522,0.0010000000000000002,0.0010000000000000005,4.336808689942016e-16,5.295691100000113
mega_heterogeneous_K_00036,heterogeneous K,20660644,0.29171176866562126,53.69507345951217,0.0,0.0,1.0,,none,10.0,605.0,20,2.0,far4,71.82969078819029,0.01,mega,Lognormal hydraulic-conductivity field.,,False,61,61,3721,80,4,53.85164807134504,199.24858845171275,0.411791373112323,1103499,3.8817167345127763e-05,3.8817167345127763e-05,4.033213652496563e-05,3.845710490594468e-05,0.001000000000000001,"pumping-support geometric mean within 130 m, with arithmetic and annular transmissivity targets retained as support sensitivity",1.0487564423688875,0.43200000000000005,0.45100767032155814,0.3016997549632822,0.001000000000000001,0.0010000000000000005,4.336808689942016e-16,4.171838899994327
mega_heterogeneous_K_00037,heterogeneous K,20660645,1.1818205919061227,19.60687457236868,0.0,0.0,1.0,,none,7.5,1005.0,20,2.0,sparse3,165.53883628823857,0.01,mega,Lognormal hydraulic-conductivity field.,,False,135,135,18225,60,3,23.717082451262844,201.9436802675439,0.432779629803171,5107791,6.695261176746437e-05,6.695261176746437e-05,0.00011893703824495696,6.214854324520711e-05,0.0010000000000000002,"pumping-support geometric mean within 130 m, with arithmetic and annular transmissivity targets retained as support sensitivity",1.9137542416029096,0.4320000000000001,0.9013285737780325,1.8386495802854985,0.0010000000000000002,0.0010000000000000005,4.336808689942016e-16,3.5398142999983975
mega_heterogeneous_K_00038,heterogeneous K,20660646,0.5699824419995704,163.80535166254668,0.0,0.0,1.0,,none,5.0,1205.0,28,2.0,far4,121.5473514016933,0.001,mega,Lognormal hydraulic-conductivity field.,,False,243,243,59049,112,4,51.478150704935004,199.81241202688085,0.5054121329935519,20178605,2.9746657472149172e-05,2.9746657472149172e-05,3.024338023970199e-05,3.603601452834084e-05,0.001000000000000001,"pumping-support geometric mean within 130 m, with arithmetic and annular transmissivity targets retained as support sensitivity",1.2114307149326002,0.4320000000000001,0.5172898658313978,0.7256836444141227,0.0009999999999999994,0.0010000000000000007,6.505213034913023e-16,6.622561700001825
mega_heterogeneous_K_00039,heterogeneous K,20660647,0.45264972773564716,129.9051405035746,0.0,0.0,1.0,,none,7.5,1205.0,40,5.0,standard4,152.15453538653892,0.001,mega,Lognormal hydraulic-conductivity field.,,False,163,163,26569,160,4,16.77050983124842,100.62305898749054,1.121189150705202,11718398,4.3722832264084234e-05,4.3722832264084234e-05,4.9338754469480476e-05,4.897357427377018e-05,0.0010000000000000002,"pumping-support geometric mean within 130 m, with arithmetic and annular transmissivity targets retained as support sensitivity",1.1284436966817768,0.4320000000000001,0.48117739378432683,0.5103664774234064,0.0010000000000000002,0.0010000000000000005,4.336808689942016e-16,7.011985600001935
mega_heterogeneous_K_00040,heterogeneous K,20660648,0.6392310240888541,19.817830887313566,0.0,0.0,1.0,,none,5.0,605.0,40,10.0,sparse3,88.56173798664932,0.0,mega,Lognormal hydraulic-conductivity field.,,False,123,123,15129,120,3,20.0,200.06249023742558,1.0275903607681658,6729919,5.1453285106464306e-05,5.1453285106464306e-05,6.437933439588334e-05,5.557938595255204e-05,0.001000000000000001,"pumping-support geometric mean within 130 m, with arithmetic and annular transmissivity targets retained as support sensitivity",1.251219125516926,0.43200000000000005,0.528444338353053,0.7007315198279739,0.0010000000000000002,0.0010000000000000005,4.336808689942016e-16,4.723598299999139
mega_heterogeneous_K_00041,heterogeneous K,20660649,1.0881970690226157,88.9185917698613,0.0,0.0,1.0,,none,7.5,1005.0,20,10.0,dense5,101.36932645498926,0.001,mega,Lognormal hydraulic-conductivity field.,,False,135,135,18225,100,5,7.5,198.5730344231059,1.8713492105781842,5107792,3.264421164529074e-05,3.264421164529074e-05,3.738741262430994e-05,3.9651192700648844e-05,0.0010000000000000002,"pumping-support geometric mean within 130 m, with arithmetic and annular transmissivity targets retained as support sensitivity",1.2146469680902505,0.4320000000000001,0.7720588529069923,1.3974470946855218,0.0010000000000000002,0.0010000000000000005,4.336808689942016e-16,4.156853300002695
mega_heterogeneous_K_00042,heterogeneous K,20660650,0.379511770222081,25.30716875045168,0.0,0.0,1.0,,none,5.0,805.0,28,10.0,dense5,87.44475631437427,0.01,mega,Lognormal hydraulic-conductivity field.,,False,163,163,26569,140,5,10.0,200.24984394500785,1.2963300010567314,9134070,4.8110736320236335e-05,4.8110736320236335e-05,5.310956080920182e-05,5.4143558164505805e-05,0.001000000000000001,"pumping-support geometric mean within 130 m, with arithmetic and annular transmissivity targets retained as support sensitivity",1.125394502468505,0.4320000000000001,0.46335879714181655,0.3759009067753474,0.0010000000000000002,0.0010000000000000005,4.336808689942016e-16,6.580656799997087
mega_heterogeneous_K_00043,heterogeneous K,20660651,1.1105427292022956,15.546967199102198,0.0,0.0,1.0,,none,10.0,1005.0,28,2.0,mixed4,13.543549482783957,0.0,mega,Lognormal hydraulic-conductivity field.,,False,101,101,10201,112,4,10.0,196.468827043885,0.8477889011296184,3567957,5.8545363670889074e-05,5.8545363670889074e-05,9.822544064481426e-05,4.958981629674543e-05,0.001000000000000001,"pumping-support geometric mean within 130 m, with arithmetic and annular transmissivity targets retained as support sensitivity",1.9807583084606177,0.43200000000000005,0.820656900120399,1.6669149617769659,0.0010000000000000002,0.0010000000000000005,4.336808689942016e-16,4.473259899998084
mega_heterogeneous_K_00044,heterogeneous K,20660652,1.4190980329485132,76.12339430829786,0.0,0.0,1.0,,none,10.0,605.0,28,2.0,sparse3,161.84293248465823,0.0,mega,Lognormal hydraulic-conductivity field.,,False,61,61,3721,84,3,22.360679774997898,199.24858845171275,0.735178133097851,1364113,4.628795797850067e-05,4.628795797850067e-05,6.426208667137916e-05,3.981821900313544e-05,0.001000000000000001,"pumping-support geometric mean within 130 m, with arithmetic and annular transmissivity targets retained as support sensitivity",1.613886514269232,0.43200000000000005,1.2672871078456645,2.441741890983267,0.001000000000000001,0.0010000000000000005,4.336808689942016e-16,3.5159811999983503
mega_heterogeneous_K_00045,heterogeneous K,20660653,0.4647447282438967,177.39634479963803,0.0,0.0,1.0,,none,5.0,605.0,40,2.0,far4,166.04169951560652,0.003,mega,Lognormal hydraulic-conductivity field.,,False,123,123,15129,160,4,50.99019513592785,201.30822139197394,0.38887554484896125,6729917,4.781550560948047e-05,4.781550560948047e-05,4.883063867217672e-05,5.692909271380767e-05,0.001000000000000001,"pumping-support geometric mean within 130 m, with arithmetic and annular transmissivity targets retained as support sensitivity",1.190598990602752,0.43200000000000005,0.4854676464354867,0.5335408153330544,0.0010000000000000002,0.0010000000000000005,4.336808689942016e-16,6.6564933999979985
mega_heterogeneous_K_00046,heterogeneous K,20660654,0.6788574566663318,34.441708636611764,0.0,0.0,1.0,,none,5.0,1005.0,40,10.0,dense5,54.09636405542455,0.001,mega,Lognormal hydraulic-conductivity field.,,False,203,203,41209,200,5,11.180339887498949,197.0406049523803,1.3639102860987888,18102159,4.470975025281526e-05,4.470975025281526e-05,5.3584016041075004e-05,4.879643751758483e-05,0.001000000000000001,"pumping-support geometric mean within 130 m, with arithmetic and annular transmissivity targets retained as support sensitivity",1.1984861408994552,0.43200000000000005,0.5463323806751961,0.7958714381824723,0.0009999999999999994,0.0010000000000000007,6.505213034913023e-16,9.244221499997366
mega_heterogeneous_K_00047,heterogeneous K,20660655,0.9633561836747085,11.179641611455175,0.0,0.0,1.0,,none,10.0,605.0,28,10.0,standard4,15.333272635230477,0.003,mega,Lognormal hydraulic-conductivity field.,,False,61,61,3721,112,4,22.360679774997898,104.4030650891055,0.9274771464022242,1364114,5.1347170776075676e-05,5.1347170776075676e-05,7.271797631983637e-05,6.88237622951756e-05,0.001000000000000001,"pumping-support geometric mean within 130 m, with arithmetic and annular transmissivity targets retained as support sensitivity",1.4162022020056078,0.43200000000000005,0.685166214325661,1.2745962612834076,0.001000000000000001,0.0010000000000000005,4.336808689942016e-16,2.902052699995693
mega_heterogeneous_K_00048,heterogeneous K,20660656,1.352217739360184,134.0693795808119,0.0,0.0,1.0,,none,5.0,805.0,40,10.0,near4,157.6303669528283,0.01,mega,Lognormal hydraulic-conductivity field.,,False,163,163,26569,160,4,11.180339887498949,49.24428900898052,1.1097041040889484,11718399,4.916094280946332e-05,4.916094280946332e-05,6.326466901009808e-05,6.605816321278057e-05,0.001000000000000001,"pumping-support geometric mean within 130 m, with arithmetic and annular transmissivity targets retained as support sensitivity",1.3437122934929675,0.43200000000000005,1.1497784261148183,2.0195252367912535,0.0010000000000000002,0.0010000000000000005,4.336808689942016e-16,6.626146800001152
mega_heterogeneous_K_00049,heterogeneous K,20660657,1.096280965153008,34.51349960220881,0.0,0.0,1.0,,none,7.5,1005.0,28,1.0,mixed4,40.777281403188624,0.001,mega,Lognormal hydraulic-conductivity field.,,False,135,135,18225,112,4,10.606601717798213,196.8660712261003,1.1609354200426953,6296660,3.453876149758934e-05,3.453876149758934e-05,5.737687796239956e-05,2.7708502556526585e-05,0.0010000000000000002,"pumping-support geometric mean within 130 m, with arithmetic and annular transmissivity targets retained as support sensitivity",2.0707318212288146,0.43200000000000005,0.7999242861920663,1.4539397462699608,0.0010000000000000002,0.0010000000000000005,4.336808689942016e-16,5.680812999999034
mega_anisotropic_heterogeneous_K_00000,anisotropic heterogeneous K,20760608,1.416051597302975,70.11013034355456,0.0,0.0,0.3136512315820732,,none,10.0,1005.0,20,10.0,standard4,133.41766179101498,0.003,mega,Lognormal K field with horizontal anisotropy.,,False,101,101,10201,80,4,14.142135623730951,98.99494936611666,1.1003089317714765,2892672,4.707206313705231e-05,4.707206313705231e-05,5.29318656522657e-05,6.315765203336631e-05,0.001000000000000001,"pumping-support geometric mean within 130 m, with arithmetic and annular transmissivity targets retained as support sensitivity",1.3417226232357848,0.7713655665426075,1.8027794888129292,1.6989612586810352,0.0010000000000000002,0.0010000000000000005,4.336808689942016e-16,3.42716179999843
mega_anisotropic_heterogeneous_K_00001,anisotropic heterogeneous K,20760609,0.8797197554967413,23.80413904327277,0.0,0.0,2.502818462186115,,none,10.0,805.0,28,1.0,sparse3,138.63826743551877,0.01,mega,Lognormal K field with horizontal anisotropy.,,False,81,81,6561,84,3,22.360679774997898,198.4943324127921,1.0314061787617856,2330080,3.535917542208112e-05,3.535917542208112e-05,4.5609742391075775e-05,2.9383709752307473e-05,0.001000000000000001,"pumping-support geometric mean within 130 m, with arithmetic and annular transmissivity targets retained as support sensitivity",1.5522118471611328,0.2730669074469174,0.3982354184706378,0.9965365131381497,0.0009999999999999994,0.0010000000000000002,2.1684043449710084e-16,3.2917660000020987
mega_anisotropic_heterogeneous_K_00002,anisotropic heterogeneous K,20760610,0.9459424103758088,65.5493158327439,0.0,0.0,4.782515848045722,,none,5.0,405.0,20,5.0,near4,114.02449575896041,0.0,mega,Lognormal K field with horizontal anisotropy.,,False,83,83,6889,80,4,11.180339887498949,49.24428900898052,1.2305970332402307,1978267,3.3476921252101985e-05,3.3476921252101985e-05,3.606859304090395e-05,5.135012035278833e-05,0.001000000000000001,"pumping-support geometric mean within 130 m, with arithmetic and annular transmissivity targets retained as support sensitivity",1.5338961419447765,0.19754022217769682,0.2997432194888977,0.9976709036294757,0.0009999999999999994,0.0010000000000000005,4.336808689942016e-16,2.924006200002623
mega_anisotropic_heterogeneous_K_00003,anisotropic heterogeneous K,20760611,1.2354185710514722,58.403665852191665,0.0,0.0,1.8513229764849777,,none,7.5,805.0,28,10.0,near4,156.68417237920377,0.001,mega,Lognormal K field with horizontal anisotropy.,,False,109,109,11881,112,4,10.606601717798213,50.31152949374527,4.177037738211129,4139334,1.1932270594459358e-05,1.1932270594459358e-05,1.2183517072828905e-05,1.3988417356284048e-05,0.0010000000000000002,"pumping-support geometric mean within 130 m, with arithmetic and annular transmissivity targets retained as support sensitivity",1.1723181472920539,0.31749921163044226,0.7416055018587312,1.7982325097000638,0.001000000000000001,0.0010000000000000005,4.336808689942016e-16,4.1896365000066
mega_anisotropic_heterogeneous_K_00004,anisotropic heterogeneous K,20760612,0.4126368427081648,33.32436710605261,0.0,0.0,0.4298832767098032,,none,5.0,605.0,20,2.0,dense5,78.42465905339006,0.001,mega,Lognormal K field with horizontal anisotropy.,,False,123,123,15129,100,5,10.0,199.06029237394384,1.4362302001902856,4253151,5.718378236491033e-05,5.718378236491033e-05,6.191032243667542e-05,4.3428994774127504e-05,0.001000000000000001,"pumping-support geometric mean within 130 m, with arithmetic and annular transmissivity targets retained as support sensitivity",1.4255527386408222,0.6588832566756623,0.7180001620025984,0.4458026538164037,0.0010000000000000002,0.0010000000000000005,4.336808689942016e-16,3.842895800000406
mega_anisotropic_heterogeneous_K_00005,anisotropic heterogeneous K,20760613,0.48237706496270105,23.292856706358247,0.0,0.0,3.5754194245010256,,none,7.5,1205.0,20,10.0,standard4,51.60812942611284,0.003,mega,Lognormal K field with horizontal anisotropy.,,False,163,163,26569,80,4,21.213203435596427,96.04686356149273,1.5311062778498692,7411232,2.8819816189350836e-05,2.8819816189350836e-05,3.1128388293304415e-05,3.0692747177465085e-05,0.0010000000000000002,"pumping-support geometric mean within 130 m, with arithmetic and annular transmissivity targets retained as support sensitivity",1.080103637330158,0.22846530091304673,0.25667920488501716,0.5162348026230146,0.0010000000000000002,0.0010000000000000005,4.336808689942016e-16,3.7116749999986496
mega_anisotropic_heterogeneous_K_00006,anisotropic heterogeneous K,20760614,1.252014516842881,36.65872359025713,0.0,0.0,0.2097258640838603,,none,5.0,1005.0,20,1.0,far4,169.1101991647919,0.001,mega,Lognormal K field with horizontal anisotropy.,,False,203,203,41209,80,4,50.99019513592785,199.06029237394384,0.07022661409414262,11452550,0.00033279190429703177,0.00033279190429703177,0.0005592290947310842,0.00029237851796700814,0.001000000000000001,"pumping-support geometric mean within 130 m, with arithmetic and annular transmissivity targets retained as support sensitivity",1.9126887249431483,0.9433171943246462,2.075488319099125,1.6568640209223962,0.0009999999999999994,0.0010000000000000007,6.505213034913023e-16,6.091316799997003
mega_anisotropic_heterogeneous_K_00007,anisotropic heterogeneous K,20760615,1.0125214947185637,151.47963121140197,0.0,0.0,0.8343000062280471,,none,10.0,605.0,20,5.0,far4,18.095652733054845,0.001,mega,Lognormal K field with horizontal anisotropy.,,False,61,61,3721,80,4,53.85164807134504,199.24858845171275,0.361962751428357,1103547,7.990346181122753e-05,7.990346181122753e-05,9.429075657360942e-05,0.0001038999107312558,0.001000000000000001,"pumping-support geometric mean within 130 m, with arithmetic and annular transmissivity targets retained as support sensitivity",1.3003180134637975,0.47295805175354555,0.7948221908619315,1.0830874836515505,0.001000000000000001,0.0010000000000000005,4.336808689942016e-16,2.6160912999985158
mega_anisotropic_heterogeneous_K_00008,anisotropic heterogeneous K,20760616,0.44996515186666275,96.04075007781319,0.0,0.0,0.88110035346932,,none,5.0,805.0,28,5.0,mixed4,34.183018765936055,0.0,mega,Lognormal K field with horizontal anisotropy.,,False,163,163,26569,112,4,11.180339887498949,198.3053201505194,0.9349453874166515,9134117,5.872645953291287e-05,5.872645953291287e-05,6.233640184326969e-05,7.585463830806833e-05,0.001000000000000001,"pumping-support geometric mean within 130 m, with arithmetic and annular transmissivity targets retained as support sensitivity",1.2916603335427719,0.4602259035984327,0.5098524629353999,0.4810880074785625,0.0010000000000000002,0.0010000000000000005,4.336808689942016e-16,5.610981799996807
mega_anisotropic_heterogeneous_K_00009,anisotropic heterogeneous K,20760617,0.9321007929660868,20.406113064990304,0.0,0.0,2.2650388891217923,,none,10.0,605.0,40,10.0,near4,49.26054435369503,0.003,mega,Lognormal K field with horizontal anisotropy.,,False,61,61,3721,160,4,14.142135623730951,50.0,1.6668043348076205,1755083,4.7173693209370376e-05,4.7173693209370376e-05,6.818922221308017e-05,3.038701985020746e-05,0.001000000000000001,"pumping-support geometric mean within 130 m, with arithmetic and annular transmissivity targets retained as support sensitivity",2.244024670705397,0.2870423092991287,0.44205368283604884,1.1444856289729537,0.001000000000000001,0.0010000000000000005,4.336808689942016e-16,4.957369099996868
mega_anisotropic_heterogeneous_K_00010,anisotropic heterogeneous K,20760618,0.737598441414143,48.2260664721895,0.0,0.0,0.7992908325353304,,none,7.5,1005.0,20,10.0,dense5,103.43574746398981,0.01,mega,Lognormal K field with horizontal anisotropy.,,False,135,135,18225,100,5,7.5,200.124960961895,1.651066005107224,5107840,3.848583269679687e-05,3.848583269679687e-05,4.131465912770072e-05,4.8805856704438514e-05,0.0010000000000000002,"pumping-support geometric mean within 130 m, with arithmetic and annular transmissivity targets retained as support sensitivity",1.2681512464325753,0.483204901371181,0.6207463295938902,0.7520035472604989,0.0010000000000000002,0.0010000000000000005,4.336808689942016e-16,4.36899120000453
mega_anisotropic_heterogeneous_K_00011,anisotropic heterogeneous K,20760619,1.0663707779242553,50.954113589808685,0.0,0.0,1.8818477846411328,,none,10.0,805.0,40,1.0,near4,112.7911904812532,0.001,mega,Lognormal K field with horizontal anisotropy.,,False,81,81,6561,160,4,10.0,53.85164807134504,0.752797094277709,2993639,4.304077227062869e-05,4.304077227062869e-05,4.782176249684271e-05,6.130571070949437e-05,0.001000000000000001,"pumping-support geometric mean within 130 m, with arithmetic and annular transmissivity targets retained as support sensitivity",1.4243636318609876,0.3149136609663339,0.5690857241647134,1.5426307191028357,0.0009999999999999994,0.0010000000000000002,2.1684043449710084e-16,5.953453800000716
mega_anisotropic_heterogeneous_K_00012,anisotropic heterogeneous K,20760620,1.2921836176877741,55.56019722224814,0.0,0.0,1.436084465925539,,none,7.5,1205.0,20,10.0,far4,135.87017276779986,0.001,mega,Lognormal K field with horizontal anisotropy.,,False,163,163,26569,80,4,53.033008588991066,201.52543263816605,0.6459183329185111,7411232,4.108663724249558e-05,4.108663724249558e-05,5.055541340062783e-05,5.8656178087488016e-05,0.0010000000000000002,"pumping-support geometric mean within 130 m, with arithmetic and annular transmissivity targets retained as support sensitivity",1.4276217773992075,0.36049044216490034,0.9111906679214647,2.3116977051907432,0.0010000000000000002,0.0010000000000000005,4.336808689942016e-16,4.706082700002298
mega_anisotropic_heterogeneous_K_00013,anisotropic heterogeneous K,20760621,0.6331835084935332,10.692480433239075,0.0,0.0,0.35627095982608337,,none,10.0,805.0,28,10.0,near4,35.439904854857794,0.001,mega,Lognormal K field with horizontal anisotropy.,,False,81,81,6561,112,4,14.142135623730951,50.0,0.810566541515063,2330082,9.130090559697557e-05,9.130090559697557e-05,0.000108531478306193,7.359576469323556e-05,0.001000000000000001,"pumping-support geometric mean within 130 m, with arithmetic and annular transmissivity targets retained as support sensitivity",1.4746973383397497,0.723758262827427,0.8856352204223914,0.7216974337587037,0.0009999999999999994,0.0010000000000000002,2.1684043449710084e-16,3.6889239000011003
mega_anisotropic_heterogeneous_K_00014,anisotropic heterogeneous K,20760622,1.162803514413511,149.53538258566996,0.0,0.0,1.0891303922650424,,none,5.0,805.0,20,10.0,mixed4,125.85870612923652,0.01,mega,Lognormal K field with horizontal anisotropy.,,False,163,163,26569,80,4,11.180339887498949,197.0406049523803,3.8205809978015197,7411232,1.3868857368434076e-05,1.3868857368434076e-05,1.4518645567649667e-05,1.5005401988897337e-05,0.001000000000000001,"pumping-support geometric mean within 130 m, with arithmetic and annular transmissivity targets retained as support sensitivity",1.0819494057996493,0.41394611235611195,1.0162384517804577,2.1523692240657244,0.0010000000000000002,0.0010000000000000005,4.336808689942016e-16,4.549823900000774
mega_anisotropic_heterogeneous_K_00015,anisotropic heterogeneous K,20760623,0.5836892581950042,10.026416035205433,0.0,0.0,2.5717095742659706,,none,7.5,605.0,20,1.0,mixed4,75.14746171600217,0.003,mega,Lognormal K field with horizontal anisotropy.,,False,83,83,6889,80,4,7.5,201.9436802675439,1.271899194476791,1978266,3.06089471508126e-05,3.06089471508126e-05,3.47130465533794e-05,3.4476891058324755e-05,0.0010000000000000002,"pumping-support geometric mean within 130 m, with arithmetic and annular transmissivity targets retained as support sensitivity",1.1340816912893341,0.26938461322524715,0.3194610185094393,0.645266188993449,0.0009999999999999994,0.0010000000000000005,4.336808689942016e-16,3.599309799996263
mega_anisotropic_heterogeneous_K_00016,anisotropic heterogeneous K,20760624,0.47688501803410555,16.047311339258194,0.0,0.0,3.206870360537982,,none,5.0,605.0,20,1.0,dense5,104.51435356549761,0.003,mega,Lognormal K field with horizontal anisotropy.,,False,123,123,15129,100,5,11.180339887498949,201.30822139197394,1.0354289195962014,4253150,2.391105049339463e-05,2.391105049339463e-05,2.6124855863906272e-05,3.1951052850695635e-05,0.001000000000000001,"pumping-support geometric mean within 130 m, with arithmetic and annular transmissivity targets retained as support sensitivity",1.3362463041731285,0.2412365145092411,0.26999855946330026,0.4944097062498571,0.0010000000000000002,0.0010000000000000005,4.336808689942016e-16,4.487009599994053
mega_anisotropic_heterogeneous_K_00017,anisotropic heterogeneous K,20760625,0.670896888685859,17.584029356992822,0.0,0.0,0.6629756611724089,,none,7.5,605.0,20,1.0,far4,82.69160191306246,0.01,mega,Lognormal K field with horizontal anisotropy.,,False,83,83,6889,80,4,53.033008588991066,196.293784924536,0.31977153119926055,1978266,6.002952376733197e-05,6.002952376733197e-05,7.130493175216409e-05,6.560427114123725e-05,0.0010000000000000002,"pumping-support geometric mean within 130 m, with arithmetic and annular transmissivity targets retained as support sensitivity",1.1878310417476308,0.5305605494195104,0.6608527947671061,0.7194679708104411,0.0009999999999999994,0.0010000000000000005,4.336808689942016e-16,4.077776500002074
mega_anisotropic_heterogeneous_K_00018,anisotropic heterogeneous K,20760626,1.231224786238269,18.271987900475253,0.0,0.0,1.6392544111287692,,none,5.0,605.0,20,2.0,sparse3,143.05182809334187,0.01,mega,Lognormal K field with horizontal anisotropy.,,False,123,123,15129,60,3,18.027756377319946,200.0,0.8560398718097986,4253151,3.8154242863216335e-05,3.8154242863216335e-05,6.598025703099186e-05,1.7021654163954334e-05,0.001000000000000001,"pumping-support geometric mean within 130 m, with arithmetic and annular transmissivity targets retained as support sensitivity",3.876254116989054,0.3374120327695963,0.8238893555997012,2.9901554677018267,0.0010000000000000002,0.0010000000000000005,4.336808689942016e-16,3.0220546999989892
mega_anisotropic_heterogeneous_K_00019,anisotropic heterogeneous K,20760627,0.17318900078761962,86.34180962409518,0.0,0.0,0.5093677140635862,,none,7.5,605.0,28,2.0,sparse3,160.96059438638716,0.001,mega,Lognormal K field with horizontal anisotropy.,,False,83,83,6889,84,3,23.717082451262844,199.27995383379633,0.4752132812179662,2441633,7.178838949984271e-05,7.178838949984271e-05,7.187656551765988e-05,8.699219016108008e-05,0.0010000000000000002,"pumping-support geometric mean within 130 m, with arithmetic and annular transmissivity targets retained as support sensitivity",1.21178634549631,0.6052963287035342,0.6145127276504475,0.17621125332145776,0.0009999999999999994,0.0010000000000000005,4.336808689942016e-16,3.3583988000027603
mega_anisotropic_heterogeneous_K_00020,anisotropic heterogeneous K,20760628,1.129137031208514,22.748458171159456,0.0,0.0,2.6269832916567095,,none,7.5,605.0,40,1.0,near4,38.19171546694996,0.01,mega,Lognormal K field with horizontal anisotropy.,,False,83,83,6889,160,4,10.606601717798213,48.023431780746364,0.7353966942667793,3136679,3.4487423657803965e-05,3.4487423657803965e-05,6.000114507039566e-05,2.838257770768974e-05,0.0010000000000000002,"pumping-support geometric mean within 130 m, with arithmetic and annular transmissivity targets retained as support sensitivity",2.114013240387939,0.26653551866588876,0.47978624982278606,1.2264968509529985,0.0009999999999999994,0.0010000000000000005,4.336808689942016e-16,5.518208100002084
mega_anisotropic_heterogeneous_K_00021,anisotropic heterogeneous K,20760629,0.7302240587916213,74.09489460524503,0.0,0.0,0.7108403258554741,,none,7.5,1005.0,40,1.0,dense5,111.92348884861792,0.003,mega,Lognormal K field with horizontal anisotropy.,,False,135,135,18225,200,5,7.5,201.9436802675439,0.7563302393616175,8080011,6.424048546650812e-05,6.424048546650812e-05,6.971075284664544e-05,8.35424850865492e-05,0.0010000000000000002,"pumping-support geometric mean within 130 m, with arithmetic and annular transmissivity targets retained as support sensitivity",1.300464722205504,0.5123865465251002,0.6653121080970398,0.8694377804561759,0.0010000000000000002,0.0010000000000000005,4.336808689942016e-16,8.43586559999676
mega_anisotropic_heterogeneous_K_00022,anisotropic heterogeneous K,20760630,0.9171525243378792,30.97322856190978,0.0,0.0,4.974783278736626,,none,7.5,605.0,20,5.0,far4,167.27556389009968,0.0,mega,Lognormal K field with horizontal anisotropy.,,False,83,83,6889,80,4,53.033008588991066,200.124960961895,1.0863900369411872,1978267,1.6978103614239095e-05,1.6978103614239095e-05,2.950378104842716e-05,1.793116466462845e-05,0.0010000000000000002,"pumping-support geometric mean within 130 m, with arithmetic and annular transmissivity targets retained as support sensitivity",1.7377547998754763,0.19368530144567453,0.30403892168119806,1.296225596003642,0.0009999999999999994,0.0010000000000000005,4.336808689942016e-16,4.4366120000049705
mega_anisotropic_heterogeneous_K_00023,anisotropic heterogeneous K,20760631,0.8458559273045084,32.03582816041288,0.0,0.0,1.4983972458595773,,none,5.0,1005.0,20,10.0,sparse3,161.222254804743,0.0,mega,Lognormal K field with horizontal anisotropy.,,False,203,203,41209,60,3,20.615528128088304,200.81085628023203,1.5615658929258314,11452552,3.264084575046831e-05,3.264084575046831e-05,3.8753215710400564e-05,3.172372055724379e-05,0.001000000000000001,"pumping-support geometric mean within 130 m, with arithmetic and annular transmissivity targets retained as support sensitivity",1.2215848276835126,0.35291511874228126,0.5113567224317799,1.0277411316145015,0.0009999999999999994,0.0010000000000000007,6.505213034913023e-16,4.316791099998227
mega_anisotropic_heterogeneous_K_00024,anisotropic heterogeneous K,20760632,0.49212261777466726,179.74669183567048,0.0,0.0,1.6507358890054504,,none,7.5,605.0,40,10.0,standard4,93.23674599168686,0.01,mega,Lognormal K field with horizontal anisotropy.,,False,83,83,6889,160,4,22.5,97.78803607803972,1.1831257081257225,3136683,3.9568748660597625e-05,3.9568748660597625e-05,4.0463869877061064e-05,4.83265851415575e-05,0.0010000000000000002,"pumping-support geometric mean within 130 m, with arithmetic and annular transmissivity targets retained as support sensitivity",1.2213321567502813,0.336236572600562,0.37934919078319806,0.49177118985344703,0.0009999999999999994,0.0010000000000000005,4.336808689942016e-16,5.03553760000068
mega_anisotropic_heterogeneous_K_00025,anisotropic heterogeneous K,20760633,0.49632101187373945,37.20449003847135,0.0,0.0,0.49904040909318553,,none,10.0,1205.0,20,10.0,far4,27.302826362216443,0.0,mega,Lognormal K field with horizontal anisotropy.,,False,121,121,14641,80,4,44.721359549995796,201.24611797498108,0.4311725301318211,4118432,0.00010037711760592256,0.00010037711760592256,0.0001046238560704353,0.00011534342412052618,0.001000000000000001,"pumping-support geometric mean within 130 m, with arithmetic and annular transmissivity targets retained as support sensitivity",1.1491007798546364,0.611527356858278,0.6881869063146178,0.515859450445927,0.0010000000000000002,0.0010000000000000005,4.336808689942016e-16,3.6903390000006766
mega_anisotropic_heterogeneous_K_00026,anisotropic heterogeneous K,20760634,0.7520911193294325,158.4017581870934,0.0,0.0,0.2503712025738956,,none,7.5,605.0,20,5.0,mixed4,179.43025665157745,0.001,mega,Lognormal K field with horizontal anisotropy.,,False,83,83,6889,80,4,7.5,202.5,0.6449249994431289,1978267,0.000107878486922425,0.000107878486922425,0.00011333174678723046,0.00013128599452852534,0.0010000000000000002,"pumping-support geometric mean within 130 m, with arithmetic and annular transmissivity targets retained as support sensitivity",1.2169803106613146,0.8633592753799719,1.1321708522936014,0.7346571995063494,0.0009999999999999994,0.0010000000000000005,4.336808689942016e-16,2.957175700001244
mega_anisotropic_heterogeneous_K_00027,anisotropic heterogeneous K,20760635,1.2406195633082897,17.180673522866346,0.0,0.0,1.6272330835223456,,none,5.0,1205.0,40,2.0,standard4,39.29323351701339,0.001,mega,Lognormal K field with horizontal anisotropy.,,False,243,243,59049,160,4,21.213203435596427,99.24716620639605,0.7071581743013734,25881085,2.6719540471860445e-05,2.6719540471860445e-05,6.838954931143188e-05,1.6975634589553627e-05,0.001000000000000001,"pumping-support geometric mean within 130 m, with arithmetic and annular transmissivity targets retained as support sensitivity",4.028688821654836,0.3386560699316677,0.7456018125748596,1.8987931721534497,0.0009999999999999994,0.0010000000000000007,6.505213034913023e-16,9.129688300003181
mega_anisotropic_heterogeneous_K_00028,anisotropic heterogeneous K,20760636,1.3982726038104327,14.695596382291553,0.0,0.0,1.0212983454843183,,none,5.0,805.0,40,2.0,standard4,137.63065465558847,0.0,mega,Lognormal K field with horizontal anisotropy.,,False,163,163,26569,160,4,21.213203435596427,99.24716620639605,0.6917468398478167,11718445,4.4934041851668e-05,4.4934041851668e-05,8.59102764161015e-05,3.54032057087409e-05,0.001000000000000001,"pumping-support geometric mean within 130 m, with arithmetic and annular transmissivity targets retained as support sensitivity",2.4266242193680956,0.42747176330573455,1.1008803210832543,2.551346023941739,0.0010000000000000002,0.0010000000000000005,4.336808689942016e-16,7.930585399997653
mega_anisotropic_heterogeneous_K_00029,anisotropic heterogeneous K,20760637,0.8391980422963473,8.082716359032776,0.0,0.0,1.2579848628636867,,none,7.5,1205.0,40,10.0,dense5,42.656624891272195,0.001,mega,Lognormal K field with horizontal anisotropy.,,False,163,163,26569,200,5,10.606601717798213,201.80436070610565,1.1731126965016654,11718447,5.4022446272637475e-05,5.4022446272637475e-05,7.487390435695728e-05,5.538044568480424e-05,0.0010000000000000002,"pumping-support geometric mean within 130 m, with arithmetic and annular transmissivity targets retained as support sensitivity",1.3859776726712416,0.38516431116583616,0.5501683133492685,1.0877024165802633,0.0010000000000000002,0.0010000000000000005,4.336808689942016e-16,7.814350900000136
mega_anisotropic_heterogeneous_K_00030,anisotropic heterogeneous K,20760638,0.873388288455977,78.36847818198977,0.0,0.0,0.2866443965959853,,none,5.0,1205.0,20,2.0,standard4,137.75209842840474,0.0,mega,Lognormal K field with horizontal anisotropy.,,False,243,243,59049,80,4,21.213203435596427,99.24716620639605,0.3729841276137841,16377031,0.00010859274842552268,0.00010859274842552268,0.00011259244501003256,0.00012483824749218723,0.001000000000000001,"pumping-support geometric mean within 130 m, with arithmetic and annular transmissivity targets retained as support sensitivity",1.1496002201086786,0.8068856996368428,1.303398723151373,1.934703082533125,0.0009999999999999994,0.0010000000000000007,6.505213034913023e-16,5.838665400005993
mega_anisotropic_heterogeneous_K_00031,anisotropic heterogeneous K,20760639,0.5336128748420046,164.43294811798157,0.0,0.0,4.030008543215303,,none,10.0,1205.0,28,1.0,mixed4,51.21467436489136,0.001,mega,Lognormal K field with horizontal anisotropy.,,False,121,121,14641,112,4,14.142135623730951,206.15528128088303,1.1671535439222465,5077924,2.2242733074929764e-05,2.2242733074929764e-05,2.236339335303474e-05,2.833608051762424e-05,0.001000000000000001,"pumping-support geometric mean within 130 m, with arithmetic and annular transmissivity targets retained as support sensitivity",1.2739477843018496,0.2151942998634962,0.2494480873642538,0.5708756286641813,0.0010000000000000002,0.0010000000000000005,4.336808689942016e-16,7.724445100000594
mega_anisotropic_heterogeneous_K_00032,anisotropic heterogeneous K,20760640,0.833078208159018,83.95574042473746,0.0,0.0,0.3019962023865807,,none,5.0,805.0,40,1.0,near4,75.79706129366365,0.003,mega,Lognormal K field with horizontal anisotropy.,,False,163,163,26569,160,4,10.0,50.99019513592785,0.6034884312215446,11718443,8.49837274110619e-05,8.49837274110619e-05,9.392667693863162e-05,0.00010663484045749378,0.001000000000000001,"pumping-support geometric mean within 130 m, with arithmetic and annular transmissivity targets retained as support sensitivity",1.2547677503212653,0.786109429897555,1.0869316329910799,0.8764353745154649,0.0010000000000000002,0.0010000000000000005,4.336808689942016e-16,7.065994800002954
mega_anisotropic_heterogeneous_K_00033,anisotropic heterogeneous K,20760641,0.7960241974082433,9.520393934682255,0.0,0.0,1.145949191392238,,none,10.0,805.0,20,5.0,sparse3,39.97773361919248,0.0,mega,Lognormal K field with horizontal anisotropy.,,False,81,81,6561,60,3,22.360679774997898,198.4943324127921,0.9602707656607363,1887707,4.379814401119968e-05,4.379814401119968e-05,5.8895604894677294e-05,4.481555970646822e-05,0.001000000000000001,"pumping-support geometric mean within 130 m, with arithmetic and annular transmissivity targets retained as support sensitivity",1.344705494361063,0.40355345102234463,0.5557199953231537,0.961459590326508,0.0009999999999999994,0.0010000000000000002,2.1684043449710084e-16,2.734037999995053
mega_anisotropic_heterogeneous_K_00034,anisotropic heterogeneous K,20760642,0.4736312865782355,15.869230320129141,0.0,0.0,0.5196937638507907,,none,10.0,605.0,40,1.0,far4,134.72687721715837,0.003,mega,Lognormal K field with horizontal anisotropy.,,False,61,61,3721,160,4,56.568542494923804,197.9898987322333,0.22721655765290658,1755079,5.94018010746244e-05,5.94018010746244e-05,6.4420879043758e-05,4.716912766545275e-05,0.001000000000000001,"pumping-support geometric mean within 130 m, with arithmetic and annular transmissivity targets retained as support sensitivity",1.365742430105203,0.5992526925610632,0.6693657929111345,0.49077954989365347,0.001000000000000001,0.0010000000000000005,4.336808689942016e-16,6.549362899997504
mega_anisotropic_heterogeneous_K_00035,anisotropic heterogeneous K,20760643,0.24820279558911704,121.902206195852,0.0,0.0,1.456746964262154,,none,5.0,605.0,28,1.0,dense5,74.22558079070265,0.01,mega,Lognormal K field with horizontal anisotropy.,,False,123,123,15129,140,5,11.180339887498949,197.80040444852483,0.9955046969630265,5243876,3.702824734658712e-05,3.702824734658712e-05,3.704125743700175e-05,4.483718651501623e-05,0.001000000000000001,"pumping-support geometric mean within 130 m, with arithmetic and annular transmissivity targets retained as support sensitivity",1.2108914066425254,0.357924713457512,0.3706127239610348,0.3009311175920177,0.0010000000000000002,0.0010000000000000005,4.336808689942016e-16,4.858051499999419
mega_anisotropic_heterogeneous_K_00036,anisotropic heterogeneous K,20760644,1.0718828970894279,175.94933992906238,0.0,0.0,0.467486085216199,,none,5.0,605.0,28,5.0,far4,10.344068596563856,0.003,mega,Lognormal K field with horizontal anisotropy.,,False,123,123,15129,112,4,50.99019513592785,198.11612756158948,0.416786209124931,5243877,6.116339522308702e-05,6.116339522308702e-05,7.211692812351951e-05,6.859631867727659e-05,0.001000000000000001,"pumping-support geometric mean within 130 m, with arithmetic and annular transmissivity targets retained as support sensitivity",1.1790864104335712,0.6318287774685776,1.1350389728329773,1.1257996353910598,0.0010000000000000002,0.0010000000000000005,4.336808689942016e-16,5.376084200004698
mega_anisotropic_heterogeneous_K_00037,anisotropic heterogeneous K,20760645,0.8967353232647108,12.22248601628012,0.0,0.0,0.9770835423680089,,none,5.0,605.0,20,10.0,sparse3,173.5200663555253,0.001,mega,Lognormal K field with horizontal anisotropy.,,False,123,123,15129,60,3,20.0,201.55644370746373,1.272384742140737,4253152,5.87261468017303e-05,5.87261468017303e-05,8.064712727398817e-05,3.0157801380447698e-05,0.001000000000000001,"pumping-support geometric mean within 130 m, with arithmetic and annular transmissivity targets retained as support sensitivity",2.674171311648547,0.4370366893977335,0.6557554616687858,1.0999298815158327,0.0010000000000000002,0.0010000000000000005,4.336808689942016e-16,3.083267199996044
mega_anisotropic_heterogeneous_K_00038,anisotropic heterogeneous K,20760646,0.6162522986919283,9.172026259158097,0.0,0.0,2.7206934689897397,,none,10.0,1005.0,40,1.0,dense5,75.73081146425626,0.001,mega,Lognormal K field with horizontal anisotropy.,,False,101,101,10201,200,5,10.0,196.468827043885,1.0389142025380185,4581003,3.935364677458498e-05,3.935364677458498e-05,4.745874531694524e-05,3.594496811865425e-05,0.001000000000000001,"pumping-support geometric mean within 130 m, with arithmetic and annular transmissivity targets retained as support sensitivity",1.3203168009576205,0.2619050905753129,0.31548269010480673,0.655794338230331,0.0010000000000000002,0.0010000000000000005,4.336808689942016e-16,7.22942399999738
mega_anisotropic_heterogeneous_K_00039,anisotropic heterogeneous K,20760647,1.3125091098389852,29.628695249082025,0.0,0.0,2.654370337961588,,none,10.0,1205.0,40,5.0,dense5,62.042148366003325,0.001,mega,Lognormal K field with horizontal anisotropy.,,False,121,121,14641,200,5,10.0,201.24611797498108,2.581592316779,6517163,2.107831658513964e-05,2.107831658513964e-05,3.69732455847759e-05,1.618373702133192e-05,0.001000000000000001,"pumping-support geometric mean within 130 m, with arithmetic and annular transmissivity targets retained as support sensitivity",2.2845925842740247,0.26515693424020426,0.667551654339417,2.9389807653586297,0.0010000000000000002,0.0010000000000000005,4.336808689942016e-16,5.246349000000919
mega_anisotropic_heterogeneous_K_00040,anisotropic heterogeneous K,20760648,1.1032414592825017,35.43287773389851,0.0,0.0,1.140353271349005,,none,7.5,1005.0,28,1.0,mixed4,38.593580408909126,0.01,mega,Lognormal K field with horizontal anisotropy.,,False,135,135,18225,112,4,10.606601717798213,202.63884129159445,1.8408891896089266,6296708,4.809678573946097e-05,4.809678573946097e-05,7.772146862096472e-05,2.136428853201496e-05,0.0010000000000000002,"pumping-support geometric mean within 130 m, with arithmetic and annular transmissivity targets retained as support sensitivity",3.637915136022293,0.40454239421412297,0.7394383821375131,1.422101651462092,0.0010000000000000002,0.0010000000000000005,4.336808689942016e-16,5.44700659999944
mega_anisotropic_heterogeneous_K_00041,anisotropic heterogeneous K,20760649,1.0396233440929734,52.756446384472085,0.0,0.0,2.2961213030138135,,none,7.5,405.0,40,10.0,near4,50.94505370857765,0.001,mega,Lognormal K field with horizontal anisotropy.,,False,55,55,3025,160,4,10.606601717798213,48.023431780746364,1.4217743357580106,1451531,3.6666764912462604e-05,3.6666764912462604e-05,5.00772996587834e-05,5.623097837009047e-05,0.0010000000000000002,"pumping-support geometric mean within 130 m, with arithmetic and annular transmissivity targets retained as support sensitivity",1.5335680282766975,0.28509285480872587,0.4816139926821713,1.148325366297495,0.0009999999999999994,0.0010000000000000002,2.1684043449710084e-16,3.968880200001877
mega_anisotropic_heterogeneous_K_00042,anisotropic heterogeneous K,20760650,0.8629669812192307,160.0163506451439,0.0,0.0,1.4588691555764906,,none,10.0,605.0,40,10.0,near4,152.25943009153465,0.01,mega,Lognormal K field with horizontal anisotropy.,,False,61,61,3721,160,4,10.0,44.721359549995796,1.5478034098073437,1755083,4.539736143818863e-05,4.539736143818863e-05,4.820096506988243e-05,5.5732276521956294e-05,0.001000000000000001,"pumping-support geometric mean within 130 m, with arithmetic and annular transmissivity targets retained as support sensitivity",1.227654532253803,0.35766428531873146,0.5565831321568525,1.178463083428578,0.001000000000000001,0.0010000000000000005,4.336808689942016e-16,3.7469742000030237
mega_anisotropic_heterogeneous_K_00043,anisotropic heterogeneous K,20760651,0.953586349770541,15.77340137012601,0.0,0.0,0.6081058291671348,,none,10.0,1205.0,28,10.0,mixed4,28.233951962455482,0.001,mega,Lognormal K field with horizontal anisotropy.,,False,121,121,14641,112,4,10.0,201.24611797498108,1.0987891000817251,5077926,5.5277533592310324e-05,5.5277533592310324e-05,8.685520910522652e-05,6.006858289195463e-05,0.001000000000000001,"pumping-support geometric mean within 130 m, with arithmetic and annular transmissivity targets retained as support sensitivity",1.5712569548745021,0.5539800990227518,0.860959439007706,1.1347459450216513,0.0010000000000000002,0.0010000000000000005,4.336808689942016e-16,3.5664554000031785
mega_anisotropic_heterogeneous_K_00044,anisotropic heterogeneous K,20760652,0.8010837447009832,129.63615799012067,0.0,0.0,0.9563826418934765,,none,10.0,605.0,40,1.0,far4,51.8609025369773,0.001,mega,Lognormal K field with horizontal anisotropy.,,False,61,61,3721,160,4,50.0,200.0,0.21351860230904474,1755079,8.180704024228381e-05,8.180704024228381e-05,8.372264986731282e-05,0.00011015069620559851,0.001000000000000001,"pumping-support geometric mean within 130 m, with arithmetic and annular transmissivity targets retained as support sensitivity",1.3464696422138083,0.44174119757235514,0.5743716228237007,0.6495721040968724,0.001000000000000001,0.0010000000000000005,4.336808689942016e-16,5.882178200001363
mega_anisotropic_heterogeneous_K_00045,anisotropic heterogeneous K,20760653,0.41983799021873824,23.944872538978824,0.0,0.0,0.6224773929310636,,none,5.0,805.0,40,2.0,far4,17.98251969902087,0.003,mega,Lognormal K field with horizontal anisotropy.,,False,163,163,26569,160,4,52.20153254455275,199.24858845171275,0.36747215726853105,11718445,5.208687383577933e-05,5.208687383577933e-05,5.577164863890247e-05,4.95155632151972e-05,0.001000000000000001,"pumping-support geometric mean within 130 m, with arithmetic and annular transmissivity targets retained as support sensitivity",1.1263458399234196,0.5475476950723267,0.5988786723763855,0.4500542817160892,0.0010000000000000002,0.0010000000000000005,4.336808689942016e-16,7.567481300000509
mega_anisotropic_heterogeneous_K_00046,anisotropic heterogeneous K,20760654,0.909120257915602,63.266652329466,0.0,0.0,0.2557554643746202,,none,7.5,405.0,28,2.0,standard4,45.45423117074019,0.0,mega,Lognormal K field with horizontal anisotropy.,,False,55,55,3025,112,4,21.213203435596427,100.90218035305283,0.342234126295815,1127425,0.00011098252024801579,0.00011098252024801579,0.00012457490208166364,0.00015702266363521909,0.0010000000000000002,"pumping-support geometric mean within 130 m, with arithmetic and annular transmissivity targets retained as support sensitivity",1.4148413938007183,0.8542230500324585,1.2160982004655037,0.8105128038556012,0.0009999999999999994,0.0010000000000000002,2.1684043449710084e-16,3.942036200001894
mega_anisotropic_heterogeneous_K_00047,anisotropic heterogeneous K,20760655,0.1718986859954013,63.47768494717427,0.0,0.0,4.9270979778890345,,none,7.5,805.0,40,1.0,near4,30.364427674002588,0.01,mega,Lognormal K field with horizontal anisotropy.,,False,109,109,11881,160,4,10.606601717798213,50.31152949374527,1.4573873832429487,5313611,2.0962997091561908e-05,2.0962997091561908e-05,2.109678780547148e-05,2.5603777418735668e-05,0.0010000000000000002,"pumping-support geometric mean within 130 m, with arithmetic and annular transmissivity targets retained as support sensitivity",1.2213796198560645,0.19462030442720743,0.1975653678971905,0.1773784598848031,0.001000000000000001,0.0010000000000000005,4.336808689942016e-16,5.325029599996924
mega_anisotropic_heterogeneous_K_00048,anisotropic heterogeneous K,20760656,0.35863031222878333,11.921022326826714,0.0,0.0,1.9580838560511995,,none,7.5,605.0,20,10.0,sparse3,31.455204685891825,0.01,mega,Lognormal K field with horizontal anisotropy.,,False,83,83,6889,60,3,16.77050983124842,201.9436802675439,1.3739031549357865,1978268,3.709801438832399e-05,3.709801438832399e-05,3.947592657393819e-05,5.046334709462236e-05,0.0010000000000000002,"pumping-support geometric mean within 130 m, with arithmetic and annular transmissivity targets retained as support sensitivity",1.3602708373121148,0.3087223727441676,0.32902314170118047,0.3634888974744964,0.0009999999999999994,0.0010000000000000005,4.336808689942016e-16,2.676157499998226
mega_anisotropic_heterogeneous_K_00049,anisotropic heterogeneous K,20760657,1.4610044804622906,15.231124256459829,0.0,0.0,1.3395355975424672,,none,5.0,405.0,40,5.0,standard4,60.586448717916255,0.01,mega,Lognormal K field with horizontal anisotropy.,,False,83,83,6889,160,4,18.027756377319946,98.6154146165801,1.0690249425614888,3136682,3.442127574087005e-05,3.442127574087005e-05,7.476729383814892e-05,3.746976688104014e-05,0.001000000000000001,"pumping-support geometric mean within 130 m, with arithmetic and annular transmissivity targets retained as support sensitivity",2.1721244267938067,0.3732558449082055,1.0909934166172754,2.5687493794734575,0.0009999999999999994,0.0010000000000000005,4.336808689942016e-16,5.3924442999996245
mega_heterogeneous_storage_00000,heterogeneous storage,20860608,1.176285690687931,10.894809879674728,0.8177894806141439,88.36207374182011,1.0,,none,7.5,605.0,20,10.0,dense5,137.55035729162915,0.003,mega,Lognormal K and storage-coefficient fields.,,False,83,83,6889,100,5,10.606601717798213,201.80436070610565,1.12482435733322,1974994,6.658039031800624e-05,6.658039031800624e-05,0.0001362136794833242,2.8343379527082e-05,0.0007549550631361095,"pumping-support geometric mean within 130 m, with arithmetic and annular transmissivity targets retained as support sensitivity",4.805837615559306,0.43200000000000005,0.8591268542389398,1.735690692018895,0.0010000000000000002,0.0013636350350780223,0.8067230145749488,3.5890650000001187
mega_heterogeneous_storage_00001,heterogeneous storage,20860609,1.0483417829061799,11.258957898746726,0.6293289589299206,38.85685977918701,1.0,,none,5.0,1205.0,40,5.0,far4,13.486303286398705,0.003,mega,Lognormal K and storage-coefficient fields.,,False,243,243,59049,160,4,50.99019513592785,200.124960961895,0.6494854264222771,25850519,4.08185280611393e-05,4.08185280611393e-05,6.546415708651095e-05,5.143500086216816e-05,0.0007539821953265265,"pumping-support geometric mean within 130 m, with arithmetic and annular transmissivity targets retained as support sensitivity",1.6037853444508494,0.4320000000000001,0.7497339701637553,1.4401073789900871,0.001000000000000001,0.0012357015350849753,0.7849414976696515,10.046560499999032
mega_heterogeneous_storage_00002,heterogeneous storage,20860610,1.1181777769779382,148.19314494316944,0.24778673718530758,72.40296252214246,1.0,,none,7.5,1205.0,20,5.0,near4,110.39979569022715,0.0,mega,Lognormal K and storage-coefficient fields.,,False,163,163,26569,80,4,7.5,47.43416490252569,2.449827066702203,7397979,2.7732149055576934e-05,2.7732149055576934e-05,2.8080773468128964e-05,3.0033992535115272e-05,0.0007637094148053403,"pumping-support geometric mean within 130 m, with arithmetic and annular transmissivity targets retained as support sensitivity",1.083002708334118,0.4320000000000001,0.7925573105157215,1.27911219124584,0.001000000000000001,0.0010312708517925154,0.2519844489065128,3.733010900003137
mega_heterogeneous_storage_00003,heterogeneous storage,20860611,1.0812468220457363,65.32487903846811,0.4745979896604674,67.6834480988767,1.0,,none,5.0,605.0,40,1.0,near4,173.5129685236511,0.001,mega,Lognormal K and storage-coefficient fields.,,False,123,123,15129,160,4,10.0,50.24937810560445,0.5472966330208344,6723053,7.854738057349227e-05,7.854738057349227e-05,0.00011211824371966939,8.467182439020743e-05,0.0012998997623212025,"pumping-support geometric mean within 130 m, with arithmetic and annular transmissivity targets retained as support sensitivity",1.4273963421958649,0.4320000000000001,0.6985085253304059,0.951765674687311,0.0009999999999999994,0.0011127453983230066,0.45135973001153606,5.578131900001608
mega_heterogeneous_storage_00004,heterogeneous storage,20860612,0.8054871584368276,14.542403838536492,0.38636666165581335,14.664856193239505,1.0,,none,7.5,805.0,40,10.0,mixed4,29.549540558750298,0.0,mega,Lognormal K and storage-coefficient fields.,,False,109,109,11881,160,4,10.606601717798213,198.1476722043436,1.7409660766055666,5307598,4.5494058402893275e-05,4.5494058402893275e-05,6.481016426714121e-05,3.1635860442263526e-05,0.0009820859796943458,"pumping-support geometric mean within 130 m, with arithmetic and annular transmissivity targets retained as support sensitivity",2.0486297309795596,0.432,0.6006682250896335,0.9942532924194685,0.0009999999999999994,0.0010762751327539953,0.39312252226153704,6.491280600006576
mega_heterogeneous_storage_00005,heterogeneous storage,20860613,0.9299589499718848,157.15361191962168,0.832307389703328,145.90934164170045,1.0,,none,10.0,605.0,28,1.0,dense5,99.97124588175058,0.003,mega,Lognormal K and storage-coefficient fields.,,False,61,61,3721,140,5,10.0,202.23748416156684,0.6279288374581525,1362544,6.920527883351106e-05,6.920527883351106e-05,7.399147363924247e-05,8.934138270712142e-05,0.0012602978820147024,"pumping-support geometric mean within 130 m, with arithmetic and annular transmissivity targets retained as support sensitivity",1.2909619643618848,0.43200000000000005,0.6390870367529877,0.9118251715720023,0.0010000000000000002,0.0013565829994692188,0.7653632499444221,6.188903700000083
mega_heterogeneous_storage_00006,heterogeneous storage,20860614,0.9804833753795266,66.02770560592886,0.32401667048390126,150.1759660489168,1.0,,none,10.0,1205.0,20,2.0,mixed4,139.28805589293094,0.003,mega,Lognormal K and storage-coefficient fields.,,False,121,121,14641,80,4,14.142135623730951,198.4943324127921,0.8195783051819476,4110951,5.45979598274641e-05,5.45979598274641e-05,6.108006335499394e-05,6.362864777852538e-05,0.0009331735138466424,"pumping-support geometric mean within 130 m, with arithmetic and annular transmissivity targets retained as support sensitivity",1.1654033956506673,0.432,0.6895174428566967,1.2309082617691562,0.0010000000000000002,0.001057908401661233,0.3785658533483601,4.878998699998192
mega_heterogeneous_storage_00007,heterogeneous storage,20860615,0.7517614220472828,9.273250410446938,0.8218849160348878,50.48563374796124,1.0,,none,7.5,1005.0,40,2.0,dense5,17.23240069064526,0.0,mega,Lognormal K and storage-coefficient fields.,,False,135,135,18225,200,5,7.5,196.8660712261003,1.056962616643954,8070144,5.549668848489177e-05,5.549668848489177e-05,7.573683177157143e-05,5.176440225294055e-05,0.0013095173808302556,"pumping-support geometric mean within 130 m, with arithmetic and annular transmissivity targets retained as support sensitivity",1.4631064684470318,0.43200000000000005,0.5727243049200333,0.8657867156893282,0.0010000000000000002,0.0016637929799296755,2.920075687439679,8.224186799998279
mega_heterogeneous_storage_00008,heterogeneous storage,20860616,0.1506253966394423,8.284965998451709,0.18241942618142606,20.57551013478813,1.0,,none,10.0,1205.0,40,5.0,far4,129.16561137225972,0.01,mega,Lognormal K and storage-coefficient fields.,,False,121,121,14641,160,4,50.0,206.15528128088303,0.58471775365462,6509956,5.071977488875098e-05,5.071977488875098e-05,5.1317004602039815e-05,6.646020405319543e-05,0.0009765386649088469,"pumping-support geometric mean within 130 m, with arithmetic and annular transmissivity targets retained as support sensitivity",1.3103410691188908,0.43200000000000005,0.4369325363270357,0.15171326991595305,0.0010000000000000002,0.0010166590838176115,0.182060076008053,5.8843005000017
mega_heterogeneous_storage_00009,heterogeneous storage,20860617,1.0639863053922274,57.23913637493801,0.5598236672611736,71.13400204500061,1.0,,none,5.0,1205.0,40,1.0,standard4,31.69446901862702,0.001,mega,Lognormal K and storage-coefficient fields.,,False,243,243,59049,160,4,18.027756377319946,101.24228365658294,0.3918422806392096,25847213,9.222665053465366e-05,9.222665053465366e-05,0.00011387189714869245,9.154326231890554e-05,0.0011660326196302915,"pumping-support geometric mean within 130 m, with arithmetic and annular transmissivity targets retained as support sensitivity",1.2439134706823267,0.4320000000000001,0.7511517385130221,1.1927500276784484,0.0009999999999999994,0.0011968722041068181,0.7531078789322124,10.288943699997617
mega_heterogeneous_storage_00010,heterogeneous storage,20860618,1.100213712257357,60.625834009505276,0.8655827053035788,26.739603507454834,1.0,,none,5.0,805.0,20,5.0,standard4,46.9407235238903,0.003,mega,Lognormal K and storage-coefficient fields.,,False,163,163,26569,80,4,21.213203435596427,102.59142264341595,0.6221009442574132,7398075,6.452915776656686e-05,6.452915776656686e-05,0.0001096393811332577,5.78227441003056e-05,0.0006746215562791815,"pumping-support geometric mean within 130 m, with arithmetic and annular transmissivity targets retained as support sensitivity",1.8961289859067454,0.4320000000000001,0.785647779406671,1.4746373636780117,0.0010000000000000002,0.0014346515893845974,0.9488596447830034,3.9800343999959296
mega_heterogeneous_storage_00011,heterogeneous storage,20860619,0.7314222686286346,41.37627571433142,0.9240137880003179,8.864946360517521,1.0,,none,5.0,1205.0,20,10.0,far4,40.02705170058765,0.001,mega,Lognormal K and storage-coefficient fields.,,False,243,243,59049,80,4,50.0,202.2992832414391,0.5493932041596881,16347489,5.4722320895942226e-05,5.4722320895942226e-05,5.862889922110847e-05,5.641648566099078e-05,0.0010094399788411034,"pumping-support geometric mean within 130 m, with arithmetic and annular transmissivity targets retained as support sensitivity",1.0713891198546721,0.4320000000000001,0.5576931963777881,0.7908796358151988,0.001000000000000002,0.0015290328368482437,1.1641106972345332,6.15233960000478
mega_heterogeneous_storage_00012,heterogeneous storage,20860620,0.8103572660200946,22.257579385130533,0.42115711321931637,157.4683475123453,1.0,,none,10.0,1005.0,40,5.0,far4,159.54294475208133,0.01,mega,Lognormal K and storage-coefficient fields.,,False,101,101,10201,160,4,53.85164807134504,202.48456731316588,0.504755639922546,4576039,4.80508922726258e-05,4.80508922726258e-05,6.567116180828991e-05,6.392525794593085e-05,0.0012471587048960332,"pumping-support geometric mean within 130 m, with arithmetic and annular transmissivity targets retained as support sensitivity",1.366700152739978,0.43200000000000005,0.5903473991818716,0.8593718232405306,0.0010000000000000002,0.0010900859326804554,0.41085832634648944,7.14345460000186
mega_heterogeneous_storage_00013,heterogeneous storage,20860621,1.1913735032020152,12.353871350370401,0.796665782199848,103.33768364546744,1.0,,none,7.5,1005.0,40,10.0,far4,72.95123482592714,0.01,mega,Lognormal K and storage-coefficient fields.,,False,135,135,18225,160,4,47.43416490252569,196.8660712261003,0.7046089460813046,8070046,3.4906983319112185e-05,3.4906983319112185e-05,7.541501409549476e-05,1.1320930078773721e-05,0.0006901756713092167,"pumping-support geometric mean within 130 m, with arithmetic and annular transmissivity targets retained as support sensitivity",6.661556388983871,0.432,0.884426848110086,2.093767072993889,0.0010000000000000002,0.0014007324868553766,0.9872871240766289,7.97783079999499
mega_heterogeneous_storage_00014,heterogeneous storage,20860622,0.9040146210565208,18.519596909296,0.17310240520404224,12.237608057433667,1.0,,none,10.0,405.0,40,1.0,standard4,148.03129127453727,0.003,mega,Lognormal K and storage-coefficient fields.,,False,41,41,1681,160,4,22.360679774997898,94.33981132056604,0.5324214446454307,864462,5.410289241638404e-05,5.410289241638404e-05,7.828622275534747e-05,5.1866365006336165e-05,0.0010053633541738688,"pumping-support geometric mean within 130 m, with arithmetic and annular transmissivity targets retained as support sensitivity",1.509383253401,0.4320000000000001,0.620144685646891,0.9482700806094145,0.001000000000000001,0.0010150939912623599,0.17477675517613034,4.605183499996201
mega_heterogeneous_storage_00015,heterogeneous storage,20860623,0.15323251523309814,26.116779419384745,0.16421942022182828,11.207686608613253,1.0,,none,7.5,605.0,40,2.0,dense5,159.35486551841848,0.003,mega,Lognormal K and storage-coefficient fields.,,False,83,83,6889,200,5,7.5,199.27995383379633,1.1489021711484186,3133242,5.063043707435938e-05,5.063043707435938e-05,5.122260112061059e-05,5.902371077679234e-05,0.001000098284785922,"pumping-support geometric mean within 130 m, with arithmetic and annular transmissivity targets retained as support sensitivity",1.165775256692057,0.43200000000000005,0.43712665740031187,0.15532711607464825,0.0009999999999999994,0.0010135653683596211,0.1652689116214455,6.119890899994061
mega_heterogeneous_storage_00016,heterogeneous storage,20860624,0.7290631560474224,8.70254291213831,0.38308108806999663,24.551106830191422,1.0,,none,10.0,605.0,28,10.0,dense5,157.45067729166308,0.001,mega,Lognormal K and storage-coefficient fields.,,False,61,61,3721,140,5,10.0,196.9771560359221,1.2493059638005075,1362328,5.1491894324777624e-05,5.1491894324777624e-05,6.560075976780605e-05,5.5313146610890614e-05,0.0011625700421829868,"pumping-support geometric mean within 130 m, with arithmetic and annular transmissivity targets retained as support sensitivity",1.2740016778959191,0.43200000000000005,0.5642590431210984,0.8432485387154989,0.0010000000000000002,0.0010747590427507452,0.3918103532809378,4.652413100004196
mega_heterogeneous_storage_00017,heterogeneous storage,20860625,1.1896499267143508,80.43640150898243,0.44018505366917315,22.435427758417934,1.0,,none,7.5,605.0,20,2.0,standard4,75.79335285422454,0.001,mega,Lognormal K and storage-coefficient fields.,,False,83,83,6889,80,4,23.717082451262844,100.0624804809475,1.314046727277898,1974795,2.180321378180971e-05,2.180321378180971e-05,2.589700871384717e-05,1.820083366774178e-05,0.001034889755760247,"pumping-support geometric mean within 130 m, with arithmetic and annular transmissivity targets retained as support sensitivity",1.4228473918612692,0.43200000000000005,1.0675658809730761,2.1118131137909457,0.0009999999999999994,0.0011013737050723509,0.45814709202398307,3.7054893000022275
mega_heterogeneous_storage_00018,heterogeneous storage,20860626,0.7486625728783636,71.82862554557789,0.22468238158084675,62.44799179485367,1.0,,none,10.0,805.0,20,1.0,mixed4,161.85868812976796,0.01,mega,Lognormal K and storage-coefficient fields.,,False,81,81,6561,80,4,10.0,199.24858845171275,1.8327227957218934,1884436,2.13883150732129e-05,2.13883150732129e-05,2.4302688388168577e-05,2.426943292933231e-05,0.001101119149434759,"pumping-support geometric mean within 130 m, with arithmetic and annular transmissivity targets retained as support sensitivity",1.1362600702757408,0.43200000000000005,0.5601064652416757,0.7390927748296973,0.0010000000000000002,0.0010251774610491433,0.22227140018286137,4.413484000004246
mega_heterogeneous_storage_00019,heterogeneous storage,20860627,0.3904472462491887,13.504251674603506,0.16017413725879898,107.08462109610828,1.0,,none,5.0,605.0,28,2.0,mixed4,10.257849002350339,0.001,mega,Lognormal K and storage-coefficient fields.,,False,123,123,15129,112,4,10.0,198.11612756158948,1.053303807410174,5235736,5.040047900921583e-05,5.040047900921583e-05,5.4252044646930645e-05,4.6470245649020745e-05,0.0010468967710915956,"pumping-support geometric mean within 130 m, with arithmetic and annular transmissivity targets retained as support sensitivity",1.1674576686485385,0.43200000000000005,0.46636829250319245,0.4173187395407346,0.0010000000000000002,0.0010131679827168373,0.16537128870130605,4.837684199999785
mega_heterogeneous_storage_00020,heterogeneous storage,20860628,0.9620074539097988,98.5680283029016,0.5350159810899662,21.846409480307006,1.0,,none,5.0,1205.0,40,5.0,sparse3,53.834057176238275,0.003,mega,Lognormal K and storage-coefficient fields.,,False,243,243,59049,120,3,18.027756377319946,200.0,2.6892602295918846,25851765,1.3886046636475318e-05,1.3886046636475318e-05,1.4572074111960298e-05,1.364812896069225e-05,0.0009191559941538436,"pumping-support geometric mean within 130 m, with arithmetic and annular transmissivity targets retained as support sensitivity",1.0676975689436323,0.4320000000000001,0.709978973723111,1.2946057911946058,0.0009999999999999994,0.0011557448845778099,0.6008617348127434,8.335201699999743
mega_heterogeneous_storage_00021,heterogeneous storage,20860629,0.32690885511525974,36.99969670298734,0.31824002696063347,21.528324953124415,1.0,,none,10.0,405.0,20,5.0,near4,79.44786599083876,0.001,mega,Lognormal K and storage-coefficient fields.,,False,41,41,1681,80,4,10.0,50.99019513592785,1.164671617791516,539377,5.081364154405408e-05,5.081364154405408e-05,5.183125435131632e-05,6.587388629103966e-05,0.0010087607537204806,"pumping-support geometric mean within 130 m, with arithmetic and annular transmissivity targets retained as support sensitivity",1.2963819220460464,0.4320000000000001,0.4552428374223983,0.326237332774684,0.0009999999999999994,0.0010507466178240998,0.3142740713286964,2.448661299997184
mega_heterogeneous_storage_00022,heterogeneous storage,20860630,0.3004387937806545,8.435763344690173,0.43128932318261226,19.553886803842644,1.0,,none,7.5,1005.0,20,1.0,sparse3,132.52759215122072,0.01,mega,Lognormal K and storage-coefficient fields.,,False,135,135,18225,60,3,21.213203435596427,201.80436070610565,0.558307435238354,5098513,4.999790152193915e-05,4.999790152193915e-05,5.233710299371341e-05,6.711599658443555e-05,0.0010375811604565464,"pumping-support geometric mean within 130 m, with arithmetic and annular transmissivity targets retained as support sensitivity",1.3423762706317777,0.43200000000000005,0.45200592165193465,0.3088223482679988,0.0009999999999999994,0.0010977390131944598,0.4518529559224002,3.4128076000051806
mega_heterogeneous_storage_00023,heterogeneous storage,20860631,0.7142683121411999,44.519687495440415,0.3591027064066662,62.547330838933966,1.0,,none,5.0,605.0,40,10.0,far4,92.68156406000057,0.0,mega,Lognormal K and storage-coefficient fields.,,False,123,123,15129,160,4,50.0,200.24984394500785,0.5945225411918971,6721665,6.739141027506858e-05,6.739141027506858e-05,7.52079086394931e-05,0.00010429167123070445,0.001059285286776657,"pumping-support geometric mean within 130 m, with arithmetic and annular transmissivity targets retained as support sensitivity",1.5475513986874838,0.43200000000000005,0.5503321754217676,0.7753414105071642,0.0009999999999999994,0.0010700573858175206,0.39374087090489,6.824426500003028
mega_heterogeneous_storage_00024,heterogeneous storage,20860632,0.260565611119001,36.272271022287384,0.8934745621094402,23.44708785568952,1.0,,none,5.0,1005.0,28,1.0,dense5,11.729999337236663,0.0,mega,Lognormal K and storage-coefficient fields.,,False,203,203,41209,140,5,10.0,199.06029237394384,0.7702098055476323,14091901,5.6680517862976825e-05,5.6680517862976825e-05,5.794503185535796e-05,6.37894190583758e-05,0.0012154538329461012,"pumping-support geometric mean within 130 m, with arithmetic and annular transmissivity targets retained as support sensitivity",1.125420540662393,0.43200000000000005,0.44694850300598626,0.26563053239354617,0.001000000000000001,0.0015107898704264122,1.5062597379420632,7.714038700003584
mega_heterogeneous_storage_00025,heterogeneous storage,20860633,0.5123172745867659,32.58972532402054,0.4266930064812937,42.68528015473648,1.0,,none,10.0,805.0,28,1.0,standard4,52.14278878395306,0.01,mega,Lognormal K and storage-coefficient fields.,,False,81,81,6561,112,4,22.360679774997898,100.0,0.3842835149735094,2326801,6.81846686377584e-05,6.81846686377584e-05,7.463661697457399e-05,9.438203273985832e-05,0.0009348701226096251,"pumping-support geometric mean within 130 m, with arithmetic and annular transmissivity targets retained as support sensitivity",1.3842119442022585,0.43200000000000005,0.49336264364417803,0.559415043523575,0.0010000000000000002,0.0010980891749246408,0.4834448968857627,4.5637599999972736
mega_heterogeneous_storage_00026,heterogeneous storage,20860634,0.9290818987576438,10.49400932010299,0.5092460701779092,26.47153793668387,1.0,,none,10.0,1005.0,40,5.0,mixed4,177.44255393115682,0.003,mega,Lognormal K and storage-coefficient fields.,,False,101,101,10201,160,4,10.0,200.24984394500785,1.137972301406543,4575985,4.5270733584809806e-05,4.5270733584809806e-05,6.42853196393388e-05,4.986484764817245e-05,0.001203918851680921,"pumping-support geometric mean within 130 m, with arithmetic and annular transmissivity targets retained as support sensitivity",1.4200193932998066,0.43200000000000005,0.661882249893967,1.1144201845302737,0.0010000000000000002,0.0011365511760403173,0.5359318301435109,5.704970999999205
mega_heterogeneous_storage_00027,heterogeneous storage,20860635,0.9567269088105043,92.28528510441762,0.4418593857163241,38.124601571287954,1.0,,none,10.0,1205.0,20,2.0,standard4,162.87475272493944,0.01,mega,Lognormal K and storage-coefficient fields.,,False,121,121,14641,80,4,22.360679774997898,104.4030650891055,1.1791646492131433,4111464,2.7323455308197445e-05,2.7323455308197445e-05,2.818435104724495e-05,3.307440227348478e-05,0.0007779418351435793,"pumping-support geometric mean within 130 m, with arithmetic and annular transmissivity targets retained as support sensitivity",1.2104765631000545,0.43200000000000005,0.6852596438134643,1.1918187872982493,0.0010000000000000002,0.001097433615909238,0.4313498884871973,4.612375099997735
mega_heterogeneous_storage_00028,heterogeneous storage,20860636,0.6061151889713466,10.541570917743208,0.33750949373972383,152.89321892600222,1.0,,none,5.0,805.0,40,5.0,sparse3,48.11593149703257,0.001,mega,Lognormal K and storage-coefficient fields.,,False,163,163,26569,120,3,21.213203435596427,201.80436070610565,0.8897449919895968,11707154,4.842093503365716e-05,4.842093503365716e-05,5.7833484849375384e-05,4.79801681976964e-05,0.0012184033602749918,"pumping-support geometric mean within 130 m, with arithmetic and annular transmissivity targets retained as support sensitivity",1.2053622782454534,0.43200000000000005,0.516310910293064,0.6336577105944325,0.0009999999999999994,0.0010559626404457831,0.3214545090012293,6.607434900004591
mega_heterogeneous_storage_00029,heterogeneous storage,20860637,0.9492953986829368,55.972826449905966,0.5237967023171057,24.51583015997738,1.0,,none,10.0,1005.0,40,5.0,dense5,14.505751638137802,0.001,mega,Lognormal K and storage-coefficient fields.,,False,101,101,10201,200,5,10.0,196.468827043885,0.6493695844570432,4575768,9.160282462830841e-05,9.160282462830841e-05,9.800714734437041e-05,0.00011449699546527149,0.001820943523887385,"pumping-support geometric mean within 130 m, with arithmetic and annular transmissivity targets retained as support sensitivity",1.2499286559105514,0.43200000000000005,0.6536311332538911,1.089791052960015,0.0010000000000000002,0.0011497595426724315,0.5749998111753714,7.092621200004942
mega_heterogeneous_storage_00030,heterogeneous storage,20860638,1.0463515873792573,72.83376745057805,0.827748742161211,83.83672848148665,1.0,,none,5.0,1005.0,28,10.0,near4,98.66613056073322,0.003,mega,Lognormal K and storage-coefficient fields.,,False,203,203,41209,112,4,10.0,50.99019513592785,1.4806022940081403,14090860,5.2704324294305143e-05,5.2704324294305143e-05,5.878426502317329e-05,4.546279092898141e-05,0.0009265050641247367,"pumping-support geometric mean within 130 m, with arithmetic and annular transmissivity targets retained as support sensitivity",1.2930192762472876,0.432,0.6993013313086137,1.1114447111607881,0.001000000000000001,0.0014373871362806836,1.024317830611878,5.794688200003293
mega_heterogeneous_storage_00031,heterogeneous storage,20860639,0.8783903560293957,11.563686450218615,0.18701529840640002,44.0208909372805,1.0,,none,7.5,1005.0,40,5.0,sparse3,2.484448627954496,0.01,mega,Lognormal K and storage-coefficient fields.,,False,135,135,18225,120,3,22.5,202.63884129159445,0.6641690879249174,8070622,5.5127675743657776e-05,5.5127675743657776e-05,8.17851423379285e-05,7.559021357475758e-05,0.0009800354726817774,"pumping-support geometric mean within 130 m, with arithmetic and annular transmissivity targets retained as support sensitivity",1.4835586887106802,0.43200000000000005,0.6323718756723213,1.0256197326086534,0.0009999999999999994,0.001017832250352729,0.1911738059634115,4.918646700003592
mega_heterogeneous_storage_00032,heterogeneous storage,20860640,0.22680507103576436,27.736823548193406,0.6979327399837467,34.37719038431149,1.0,,none,7.5,1205.0,28,2.0,standard4,148.2926598587901,0.003,mega,Lognormal K and storage-coefficient fields.,,False,163,163,26569,112,4,16.77050983124842,97.78803607803972,0.7946455114370368,9120446,4.931541601944873e-05,4.931541601944873e-05,5.057864597144413e-05,5.641379010611901e-05,0.0011323773586597605,"pumping-support geometric mean within 130 m, with arithmetic and annular transmissivity targets retained as support sensitivity",1.1439382379714866,0.4320000000000001,0.443390002308841,0.23404668706751422,0.0010000000000000002,0.0013025906079625262,0.9673025196296088,5.63348219999898
mega_heterogeneous_storage_00033,heterogeneous storage,20860641,0.9960331828993343,78.16949749842561,0.7891202908199981,15.931613478409458,1.0,,none,7.5,805.0,40,2.0,dense5,143.1439299650473,0.003,mega,Lognormal K and storage-coefficient fields.,,False,109,109,11881,200,5,10.606601717798213,198.00568173666127,1.6897645815441424,5307484,2.4461240740027002e-05,2.4461240740027002e-05,2.592363879604303e-05,3.08349267910177e-05,0.0009575502575007382,"pumping-support geometric mean within 130 m, with arithmetic and annular transmissivity targets retained as support sensitivity",1.2605626639600973,0.4320000000000001,0.6995140498368154,1.082127902689721,0.0009999999999999994,0.0013689433278624486,0.9125287042490386,7.657816900005855
mega_heterogeneous_storage_00034,heterogeneous storage,20860642,0.6585398141399176,18.22479179571808,0.4111112625912209,38.67423844189861,1.0,,none,10.0,605.0,20,10.0,sparse3,114.4085970393916,0.0,mega,Lognormal K and storage-coefficient fields.,,False,61,61,3721,60,3,22.360679774997898,196.9771560359221,0.994648050071027,1101606,4.791717362276833e-05,4.791717362276833e-05,5.8201087843297754e-05,5.7369133053741865e-05,0.0010378457733549518,"pumping-support geometric mean within 130 m, with arithmetic and annular transmissivity targets retained as support sensitivity",1.214618547861156,0.43200000000000005,0.5417220004894677,0.7942772893700961,0.0010000000000000002,0.0010866852439293114,0.4087627226889218,2.43333430000348
mega_heterogeneous_storage_00035,heterogeneous storage,20860643,0.5207083857282921,35.6349139655732,0.830558036047501,9.884099499070839,1.0,,none,7.5,1205.0,20,1.0,near4,92.17275414470305,0.001,mega,Lognormal K and storage-coefficient fields.,,False,163,163,26569,80,4,7.5,52.5,0.6342016261881561,7397954,6.737241023050494e-05,6.737241023050494e-05,7.839199129242002e-05,7.859680577231776e-05,0.0008730517284166298,"pumping-support geometric mean within 130 m, with arithmetic and annular transmissivity targets retained as support sensitivity",1.1666022560779727,0.43199999999999994,0.4946709090186829,0.5638503338415973,0.001000000000000001,0.0014069935380089146,0.9717259561547267,3.8048005000018748
mega_heterogeneous_storage_00036,heterogeneous storage,20860644,0.5039296467257173,48.41737035318925,0.9461362285778483,9.269845664999382,1.0,,none,10.0,805.0,20,10.0,mixed4,6.2560028536902275,0.0,mega,Lognormal K and storage-coefficient fields.,,False,81,81,6561,80,4,10.0,200.9975124224178,1.0099601469360642,1884427,5.8226920699649334e-05,5.8226920699649334e-05,6.713421987206437e-05,6.848630418270236e-05,0.001028921633315416,"pumping-support geometric mean within 130 m, with arithmetic and annular transmissivity targets retained as support sensitivity",1.1761965661205713,0.43200000000000005,0.4867497056405647,0.4823932457210214,0.0010000000000000002,0.0015682189635405405,1.1899028407809544,3.1601169999994454
mega_heterogeneous_storage_00037,heterogeneous storage,20860645,0.27229896479928495,46.51856122117871,0.3423573693819514,99.47600413701906,1.0,,none,7.5,605.0,40,2.0,sparse3,9.13150558970214,0.01,mega,Lognormal K and storage-coefficient fields.,,False,83,83,6889,120,3,22.5,197.29419656948858,0.6083693748168493,3133130,5.0635251532015125e-05,5.0635251532015125e-05,5.1931943568523155e-05,6.441821843861471e-05,0.0013587494134086906,"pumping-support geometric mean within 130 m, with arithmetic and annular transmissivity targets retained as support sensitivity",1.2722010158848531,0.43200000000000005,0.4484374690886278,0.28011448628591457,0.0009999999999999994,0.0010614135784971493,0.36014915815632537,5.57235199999559
mega_heterogeneous_storage_00038,heterogeneous storage,20860646,0.6184342538206326,81.18925890245973,0.684818077359354,29.183835395653176,1.0,,none,5.0,1205.0,28,2.0,standard4,147.9561990108538,0.003,mega,Lognormal K and storage-coefficient fields.,,False,243,243,59049,112,4,18.027756377319946,101.24228365658294,0.7615453743593832,20148110,4.750042081371294e-05,4.750042081371294e-05,5.097030012156265e-05,5.7523975780144014e-05,0.0008325171074635291,"pumping-support geometric mean within 130 m, with arithmetic and annular transmissivity targets retained as support sensitivity",1.2110203403405926,0.432,0.5337845047875891,0.7942375111839297,0.0009999999999999994,0.0012779257591938196,0.831366688669636,6.5599768999964
mega_heterogeneous_storage_00039,heterogeneous storage,20860647,0.5226571783159285,52.7430213170952,0.2255667174415426,23.351818171324904,1.0,,none,5.0,1005.0,40,2.0,mixed4,0.7218350290459101,0.01,mega,Lognormal K and storage-coefficient fields.,,False,203,203,41209,160,4,10.0,200.06249023742558,1.354681942016682,18081797,3.8321510272030414e-05,3.8321510272030414e-05,3.931223313496611e-05,4.0727796049737696e-05,0.0010390275766483316,"pumping-support geometric mean within 130 m, with arithmetic and annular transmissivity targets retained as support sensitivity",1.0627920392653092,0.432,0.5016221554323569,0.6402868209972952,0.001000000000000001,0.0010254339415148408,0.22371804624245634,8.890019599995867
mega_heterogeneous_storage_00040,heterogeneous storage,20860648,0.7625733545891369,24.026633153894185,0.5400853082692982,36.63178734711461,1.0,,none,10.0,805.0,40,10.0,dense5,75.20534095490643,0.01,mega,Lognormal K and storage-coefficient fields.,,False,81,81,6561,200,5,10.0,196.468827043885,1.095765795571519,2990570,4.35189183578213e-05,4.35189183578213e-05,6.068400456474636e-05,5.163522460465029e-05,0.001014473820069711,"pumping-support geometric mean within 130 m, with arithmetic and annular transmissivity targets retained as support sensitivity",1.3944281442335094,0.43200000000000005,0.5682819464733557,0.7692631139290699,0.0010000000000000002,0.001149776322097818,0.5405121372477795,6.223807999995188
mega_heterogeneous_storage_00041,heterogeneous storage,20860649,0.20288524343880515,23.848227164585804,0.5577574220374413,71.81883779096624,1.0,,none,5.0,1205.0,20,10.0,far4,21.501537812195462,0.003,mega,Lognormal K and storage-coefficient fields.,,False,243,243,59049,80,4,49.24428900898052,199.6246477767713,0.7205303586808163,16347596,4.8721879486026544e-05,4.8721879486026544e-05,4.958109320090254e-05,6.284777296817577e-05,0.0007168764420820227,"pumping-support geometric mean within 130 m, with arithmetic and annular transmissivity targets retained as support sensitivity",1.289929157724725,0.4320000000000001,0.441047165434848,0.20701872717343014,0.0009999999999999994,0.0011658330353266628,0.5783435317585564,5.345738200005144
mega_heterogeneous_storage_00042,heterogeneous storage,20860650,0.6331511752742146,74.08714994457092,0.5938059884537515,96.65125255668725,1.0,,none,5.0,805.0,28,2.0,standard4,36.50051069281795,0.003,mega,Lognormal K and storage-coefficient fields.,,False,163,163,26569,112,4,18.027756377319946,100.0,1.6682586953753893,9121235,2.5912495921510314e-05,2.5912495921510314e-05,3.266288988916397e-05,2.1701793585178912e-05,0.0008808944373153657,"pumping-support geometric mean within 130 m, with arithmetic and annular transmissivity targets retained as support sensitivity",1.5050778987903959,0.43200000000000005,0.5303525595917314,0.7203204820219207,0.0010000000000000002,0.001200545413278022,0.68849506687169,4.445115100003022
mega_heterogeneous_storage_00043,heterogeneous storage,20860651,0.20856557755250293,146.36551738698697,0.45926372490382317,33.21437951703911,1.0,,none,10.0,605.0,40,2.0,mixed4,133.32242150916736,0.003,mega,Lognormal K and storage-coefficient fields.,,False,61,61,3721,160,4,14.142135623730951,205.1828452868319,0.8327784648204978,1753161,5.029703918732185e-05,5.029703918732185e-05,5.0432952644931745e-05,6.489957090299448e-05,0.0010163146941756795,"pumping-support geometric mean within 130 m, with arithmetic and annular transmissivity targets retained as support sensitivity",1.2903258710972678,0.43200000000000005,0.4418794474579556,0.223211568342492,0.0010000000000000002,0.0011117073342667508,0.48132929928749535,5.706245499997749
mega_heterogeneous_storage_00044,heterogeneous storage,20860652,1.086139094363694,91.32481169609042,0.7662934518512271,25.25947817172079,1.0,,none,7.5,605.0,40,2.0,sparse3,138.6636641586722,0.0,mega,Lognormal K and storage-coefficient fields.,,False,83,83,6889,120,3,21.213203435596427,201.80436070610565,0.820724483499311,3133060,3.209445895358607e-05,3.209445895358607e-05,3.6817879584338263e-05,4.186983870934818e-05,0.0008712563268856308,"pumping-support geometric mean within 130 m, with arithmetic and annular transmissivity targets retained as support sensitivity",1.3045815406920847,0.43200000000000005,0.812537385392411,1.3214535831553853,0.0009999999999999994,0.0013751024470629596,1.1039522569860245,5.6563647000002675
mega_heterogeneous_storage_00045,heterogeneous storage,20860653,0.19445562601847421,11.646509682475195,0.12453559540600145,102.16184869490695,1.0,,none,10.0,605.0,40,1.0,mixed4,113.50612489719587,0.01,mega,Lognormal K and storage-coefficient fields.,,False,61,61,3721,160,4,10.0,196.9771560359221,0.8803296396425242,1753448,5.101344080608509e-05,5.101344080608509e-05,5.168941715324296e-05,6.0513284574602206e-05,0.0011671006421916862,"pumping-support geometric mean within 130 m, with arithmetic and annular transmissivity targets retained as support sensitivity",1.1862223684269486,0.43200000000000005,0.44022429122806606,0.19566111867015132,0.0010000000000000002,0.0010076274048375327,0.12097165156712458,6.689474499995413
mega_heterogeneous_storage_00046,heterogeneous storage,20860654,0.5946741856865837,136.80478767118265,0.9923186479353965,47.958713830179384,1.0,,none,7.5,1205.0,28,10.0,dense5,23.996068579399438,0.001,mega,Lognormal K and storage-coefficient fields.,,False,163,163,26569,140,5,10.606601717798213,198.00568173666127,1.4336767092647513,9120457,3.346824257062003e-05,3.346824257062003e-05,3.3774462435364495e-05,4.0544474248789636e-05,0.002666287875537852,"pumping-support geometric mean within 130 m, with arithmetic and annular transmissivity targets retained as support sensitivity",1.211431229567502,0.43200000000000005,0.51474352350011,0.6355564063218115,0.0010000000000000002,0.0016427789972941285,1.207676203492325,6.161013800003275
mega_heterogeneous_storage_00047,heterogeneous storage,20860655,0.8505735569658087,25.820882570340103,0.7475868377790886,77.70899515735177,1.0,,none,10.0,605.0,20,10.0,near4,25.273855945337694,0.003,mega,Lognormal K and storage-coefficient fields.,,False,61,61,3721,80,4,10.0,53.85164807134504,1.1758825497354974,1101545,3.699569231660077e-05,3.699569231660077e-05,4.8906671650721553e-05,4.300503451130264e-05,0.0015052117546612905,"pumping-support geometric mean within 130 m, with arithmetic and annular transmissivity targets retained as support sensitivity",1.3219558437287595,0.432,0.6168485928249974,1.02136250637854,0.001000000000000001,0.0013182294149786029,0.79051336449061,3.087107500003185
mega_heterogeneous_storage_00048,heterogeneous storage,20860656,0.8295203449253022,9.05503213344723,0.1711421156125485,60.94789795164613,1.0,,none,7.5,1005.0,20,10.0,sparse3,164.36541052283957,0.0,mega,Lognormal K and storage-coefficient fields.,,False,135,135,18225,60,3,23.717082451262844,201.9436802675439,0.8541038790573137,5098120,5.099149382017169e-05,5.099149382017169e-05,6.837558316402329e-05,6.480146443806959e-05,0.0008991896806706742,"pumping-support geometric mean within 130 m, with arithmetic and annular transmissivity targets retained as support sensitivity",1.3409213584751785,0.4320000000000001,0.6098274009203137,0.9847394747138078,0.0009999999999999994,0.0010148959914106088,0.1743691826492804,2.9861988999982714
mega_heterogeneous_storage_00049,heterogeneous storage,20860657,0.7539620896989726,14.577177757722886,0.5620631498448069,111.05214304453679,1.0,,none,10.0,1205.0,20,1.0,near4,91.67875043807003,0.0,mega,Lognormal K and storage-coefficient fields.,,False,121,121,14641,80,4,10.0,50.0,1.5630035152920425,4111831,4.3536931034207464e-05,4.3536931034207464e-05,5.674512708418567e-05,2.9021537971477406e-05,0.0012656469914487363,"pumping-support geometric mean within 130 m, with arithmetic and annular transmissivity targets retained as support sensitivity",1.9552763585429285,0.43200000000000005,0.5744597857400745,0.8911735241349293,0.0010000000000000002,0.00115481175161571,0.5084953469991368,3.247577200003434
mega_heterogeneous_leakage_00000,heterogeneous leakage,20960608,1.013132069269895,104.7555267389359,0.0,0.0,1.0,31.4289285288987,none,5.0,605.0,28,5.0,far4,35.23977791364772,0.003,mega,Heterogeneous K with distributed vertical exchange.,31.4289285288987,False,123,123,15129,112,4,50.0,201.12185361118767,0.10288678668133103,5875331,3.6054740335987235e-05,3.6054740335987235e-05,3.6548091556677865e-05,4.362162894020412e-05,0.001000000000000001,"pumping-support geometric mean within 130 m, with arithmetic and annular transmissivity targets retained as support sensitivity",1.2098722257795367,0.43200000000000005,0.873754928937436,2.108787736437146,0.0010000000000000002,0.0010000000000000005,4.336808689942016e-16,6.222401099999843
mega_heterogeneous_leakage_00001,heterogeneous leakage,20960609,0.3455931058933256,134.71903748369746,0.0,0.0,1.0,114.72558824483815,none,10.0,805.0,20,5.0,sparse3,24.003879480029127,0.001,mega,Heterogeneous K with distributed vertical exchange.,114.72558824483815,False,81,81,6561,60,3,22.360679774997898,196.9771560359221,0.527756630983751,2160804,6.362053193094665e-05,6.362053193094665e-05,6.413613711200644e-05,7.959566324229649e-05,0.001000000000000001,"pumping-support geometric mean within 130 m, with arithmetic and annular transmissivity targets retained as support sensitivity",1.2511002474592503,0.4320000000000001,0.45706449173856056,0.3263743508306536,0.0009999999999999994,0.0010000000000000002,2.1684043449710084e-16,3.0114747999978135
mega_heterogeneous_leakage_00002,heterogeneous leakage,20960610,0.6419370947492129,10.081519688519181,0.0,0.0,1.0,44.682313795791345,none,10.0,605.0,20,5.0,near4,70.66896282677861,0.01,mega,Heterogeneous K with distributed vertical exchange.,44.682313795791345,False,61,61,3721,80,4,10.0,53.85164807134504,0.6858252097371171,1260564,4.554105073988158e-05,4.554105073988158e-05,5.520466605627993e-05,5.012925087590209e-05,0.001000000000000001,"pumping-support geometric mean within 130 m, with arithmetic and annular transmissivity targets retained as support sensitivity",1.2121957038627493,0.43200000000000005,0.529457124385167,0.701912361410022,0.001000000000000001,0.0010000000000000005,4.336808689942016e-16,4.742688600003021
mega_heterogeneous_leakage_00003,heterogeneous leakage,20960611,0.5662396039129057,46.262151550312765,0.0,0.0,1.0,151.73121930366833,none,10.0,605.0,20,1.0,sparse3,63.65132998891159,0.0,mega,Heterogeneous K with distributed vertical exchange.,151.73121930366833,False,61,61,3721,60,3,22.360679774997898,201.24611797498108,0.7572321053313648,1260563,4.542871285232413e-05,4.542871285232413e-05,5.394442999515401e-05,3.7323721587077486e-05,0.001000000000000001,"pumping-support geometric mean within 130 m, with arithmetic and annular transmissivity targets retained as support sensitivity",1.4453121956046064,0.43200000000000005,0.5065780360998894,0.5882290678174171,0.001000000000000001,0.0010000000000000005,4.336808689942016e-16,3.648645300003409
mega_heterogeneous_leakage_00004,heterogeneous leakage,20960612,0.5359135648264836,13.746323295437003,0.0,0.0,1.0,41.02842514699812,none,7.5,1005.0,20,2.0,far4,122.38209438737195,0.0,mega,Heterogeneous K with distributed vertical exchange.,41.02842514699812,False,135,135,18225,80,4,54.08326913195984,201.9436802675439,0.11053429966308599,5867909,5.3860153352082046e-05,5.3860153352082046e-05,5.966090936922277e-05,7.675009987376844e-05,0.0010000000000000002,"pumping-support geometric mean within 130 m, with arithmetic and annular transmissivity targets retained as support sensitivity",1.424988513717285,0.43200000000000005,0.500894940301421,0.6127866749696228,0.0010000000000000002,0.0010000000000000005,4.336808689942016e-16,5.410743000000366
mega_heterogeneous_leakage_00005,heterogeneous leakage,20960613,0.43519326959543003,10.195105026746518,0.0,0.0,1.0,99.06786800829373,none,7.5,405.0,40,1.0,standard4,149.19057706907387,0.001,mega,Heterogeneous K with distributed vertical exchange.,99.06786800829373,False,55,55,3025,160,4,16.77050983124842,97.78803607803972,0.6130501287467419,1584916,5.127614674990725e-05,5.127614674990725e-05,5.5737154237303605e-05,5.4875866654390355e-05,0.0010000000000000002,"pumping-support geometric mean within 130 m, with arithmetic and annular transmissivity targets retained as support sensitivity",1.08699966300421,0.43199999999999994,0.474880345702093,0.45496766587690085,0.0009999999999999994,0.0010000000000000002,2.1684043449710084e-16,5.342856700000993
mega_heterogeneous_leakage_00006,heterogeneous leakage,20960614,0.7529037388805455,15.380685761556922,0.0,0.0,1.0,236.93559820758787,none,10.0,1205.0,28,1.0,dense5,74.7956632444507,0.01,mega,Heterogeneous K with distributed vertical exchange.,236.93559820758787,False,121,121,14641,140,5,10.0,196.468827043885,0.6876751121598204,5688826,4.747274506586296e-05,4.747274506586296e-05,6.267309359974254e-05,5.331943340939455e-05,0.001000000000000001,"pumping-support geometric mean within 130 m, with arithmetic and annular transmissivity targets retained as support sensitivity",1.3201910593708213,0.4320000000000001,0.5736551673493199,0.9175079128536783,0.0010000000000000002,0.0010000000000000005,4.336808689942016e-16,5.289464900000894
mega_heterogeneous_leakage_00007,heterogeneous leakage,20960615,0.6046786380328696,9.840158084636707,0.0,0.0,1.0,99.7448251987708,none,5.0,1205.0,20,2.0,mixed4,66.3865977027921,0.0,mega,Heterogeneous K with distributed vertical exchange.,99.7448251987708,False,243,243,59049,80,4,11.180339887498949,201.55644370746373,1.2750997600063632,18869205,4.747927183116557e-05,4.747927183116557e-05,6.0580485956309657e-05,2.5676286656834008e-05,0.001000000000000001,"pumping-support geometric mean within 130 m, with arithmetic and annular transmissivity targets retained as support sensitivity",2.3593943612631203,0.4320000000000001,0.5188154272392026,0.6763912732276337,0.0009999999999999994,0.0010000000000000007,6.505213034913023e-16,7.919023200003721
mega_heterogeneous_leakage_00008,heterogeneous leakage,20960616,0.8996047984660897,13.868794156712324,0.0,0.0,1.0,136.2864982480679,none,5.0,1005.0,20,5.0,standard4,146.44043469258446,0.0,mega,Heterogeneous K with distributed vertical exchange.,136.2864982480679,False,203,203,41209,80,4,18.027756377319946,101.24228365658294,0.9332469550331406,13186245,3.368147356653561e-05,3.368147356653561e-05,4.744140585088573e-05,3.908988531802055e-05,0.001000000000000001,"pumping-support geometric mean within 130 m, with arithmetic and annular transmissivity targets retained as support sensitivity",1.40853118427756,0.43200000000000005,0.6482413161505717,1.1365463000240683,0.0009999999999999994,0.0010000000000000007,6.505213034913023e-16,5.6173810999971465
mega_heterogeneous_leakage_00009,heterogeneous leakage,20960617,0.17327103897152135,28.92806167450797,0.0,0.0,1.0,29.384980961022737,none,5.0,1005.0,40,5.0,mixed4,97.7778836519422,0.003,mega,Heterogeneous K with distributed vertical exchange.,29.384980961022737,False,203,203,41209,160,4,10.0,201.55644370746373,0.46335434311766804,19840700,4.745382169947109e-05,4.745382169947109e-05,4.7682802879771315e-05,6.193926690777058e-05,0.001000000000000001,"pumping-support geometric mean within 130 m, with arithmetic and annular transmissivity targets retained as support sensitivity",1.3052535009727348,0.43200000000000005,0.43853234890541903,0.17549039584735052,0.0009999999999999994,0.0010000000000000007,6.505213034913023e-16,9.059340299994801
mega_heterogeneous_leakage_00010,heterogeneous leakage,20960618,1.0759861514588125,126.27963825040591,0.0,0.0,1.0,48.344918438757595,none,7.5,805.0,20,2.0,mixed4,36.184247438350084,0.01,mega,Heterogeneous K with distributed vertical exchange.,48.344918438757595,False,109,109,11881,80,4,10.606601717798213,204.02205763103166,0.5357770302043622,3849373,6.122813758301962e-05,6.122813758301962e-05,6.277487671776926e-05,7.191863052444056e-05,0.0010000000000000002,"pumping-support geometric mean within 130 m, with arithmetic and annular transmissivity targets retained as support sensitivity",1.1746009818921184,0.4320000000000001,0.8785790616766564,1.9486107963060442,0.001000000000000001,0.0010000000000000005,4.336808689942016e-16,4.8298274999979185
mega_heterogeneous_leakage_00011,heterogeneous leakage,20960619,0.9836814467059074,24.352506942778618,0.0,0.0,1.0,72.11833079573842,none,7.5,805.0,20,2.0,mixed4,165.04335776392557,0.01,mega,Heterogeneous K with distributed vertical exchange.,72.11833079573842,False,109,109,11881,80,4,7.5,201.9436802675439,0.5578610933443402,3849373,6.252686762865175e-05,6.252686762865175e-05,9.237066859279564e-05,6.775773803164777e-05,0.0010000000000000002,"pumping-support geometric mean within 130 m, with arithmetic and annular transmissivity targets retained as support sensitivity",1.4772956345964232,0.432,0.6805766109559556,1.1168768428606708,0.001000000000000001,0.0010000000000000005,4.336808689942016e-16,5.055308999995759
mega_heterogeneous_leakage_00012,heterogeneous leakage,20960620,0.6008193603140766,14.958558719533565,0.0,0.0,1.0,57.27965068517791,none,5.0,1005.0,28,1.0,far4,19.409220780870264,0.01,mega,Heterogeneous K with distributed vertical exchange.,57.27965068517791,False,203,203,41209,112,4,47.43416490252569,200.81085628023203,0.1838258131329096,15848026,6.26082665412684e-05,6.26082665412684e-05,7.189178418561874e-05,5.731086271276772e-05,0.001000000000000001,"pumping-support geometric mean within 130 m, with arithmetic and annular transmissivity targets retained as support sensitivity",1.254418111727407,0.43200000000000005,0.5178133880399257,0.6635281912130832,0.0009999999999999994,0.0010000000000000007,6.505213034913023e-16,8.355164399996283
mega_heterogeneous_leakage_00013,heterogeneous leakage,20960621,0.6320238552664272,25.6543208745766,0.0,0.0,1.0,59.36604446150154,none,10.0,605.0,40,10.0,near4,34.32921873644943,0.001,mega,Heterogeneous K with distributed vertical exchange.,59.36604446150154,False,61,61,3721,160,4,14.142135623730951,50.0,0.2800769344711187,1916900,6.189661339258167e-05,6.189661339258167e-05,7.273071834707532e-05,0.00010342581007073707,0.001000000000000001,"pumping-support geometric mean within 130 m, with arithmetic and annular transmissivity targets retained as support sensitivity",1.6709445703394927,0.43200000000000005,0.5312812301194252,0.763577311282693,0.001000000000000001,0.0010000000000000005,4.336808689942016e-16,4.201075500001025
mega_heterogeneous_leakage_00014,heterogeneous leakage,20960622,0.36438961046867235,64.25291863077945,0.0,0.0,1.0,60.01832785482779,none,10.0,805.0,40,1.0,dense5,137.50265453931948,0.001,mega,Heterogeneous K with distributed vertical exchange.,60.01832785482779,False,81,81,6561,200,5,14.142135623730951,205.1828452868319,0.4782466465884063,3271536,5.769510035784351e-05,5.769510035784351e-05,5.81915854539206e-05,7.5380583858604e-05,0.001000000000000001,"pumping-support geometric mean within 130 m, with arithmetic and annular transmissivity targets retained as support sensitivity",1.3065335425550775,0.4320000000000001,0.4635994868142655,0.4404716865318125,0.0009999999999999994,0.0010000000000000002,2.1684043449710084e-16,7.202894199996081
mega_heterogeneous_leakage_00015,heterogeneous leakage,20960623,1.4995728833709876,11.02597364364917,0.0,0.0,1.0,79.59750555246428,none,5.0,1005.0,40,5.0,mixed4,107.7978443000076,0.003,mega,Heterogeneous K with distributed vertical exchange.,79.59750555246428,False,203,203,41209,160,4,11.180339887498949,199.24858845171275,0.4523582302262285,19840700,4.977885018338749e-05,4.977885018338749e-05,0.0001354984534915285,2.6119064402220734e-05,0.001000000000000001,"pumping-support geometric mean within 130 m, with arithmetic and annular transmissivity targets retained as support sensitivity",5.187722324388003,0.43200000000000005,1.2716584593976086,2.6569463003408376,0.0009999999999999994,0.0010000000000000007,6.505213034913023e-16,10.584480199999234
mega_heterogeneous_leakage_00016,heterogeneous leakage,20960624,0.7669752432869781,24.816462190709156,0.0,0.0,1.0,134.60162400621908,none,10.0,1205.0,20,1.0,standard4,25.9255316538737,0.003,mega,Heterogeneous K with distributed vertical exchange.,134.60162400621908,False,121,121,14641,80,4,22.360679774997898,98.48857801796105,0.25562887976330884,4727412,9.488615431545145e-05,9.488615431545145e-05,0.00011448227391015398,0.00015393664031780092,0.001000000000000001,"pumping-support geometric mean within 130 m, with arithmetic and annular transmissivity targets retained as support sensitivity",1.6223298481044413,0.4320000000000001,0.5805800071945719,0.8918107777387511,0.0010000000000000002,0.0010000000000000005,4.336808689942016e-16,3.301634700001159
mega_heterogeneous_leakage_00017,heterogeneous leakage,20960625,1.1802218568315181,120.8005121555025,0.0,0.0,1.0,41.552018260347104,none,5.0,1205.0,40,10.0,standard4,133.78707600521622,0.01,mega,Heterogeneous K with distributed vertical exchange.,41.552018260347104,False,243,243,59049,160,4,21.213203435596427,98.99494936611666,0.16145730907527758,28378061,0.00010767144375201776,0.00010767144375201776,0.00011589442377211387,0.00014006407405423236,0.001000000000000001,"pumping-support geometric mean within 130 m, with arithmetic and annular transmissivity targets retained as support sensitivity",1.300846995019583,0.4320000000000001,0.8775823451285893,1.5757882607899198,0.0009999999999999994,0.0010000000000000007,6.505213034913023e-16,10.560883499994816
mega_heterogeneous_leakage_00018,heterogeneous leakage,20960626,1.049598320928726,20.4846648692638,0.0,0.0,1.0,139.4267452385623,none,7.5,1005.0,20,2.0,mixed4,157.1937487026142,0.0,mega,Heterogeneous K with distributed vertical exchange.,139.4267452385623,False,135,135,18225,80,4,10.606601717798213,201.9436802675439,1.551674175175987,5867909,4.592196331147898e-05,4.592196331147898e-05,6.599542563523964e-05,2.8956753338313336e-05,0.0010000000000000002,"pumping-support geometric mean within 130 m, with arithmetic and annular transmissivity targets retained as support sensitivity",2.2791030770676763,0.43200000000000005,0.7447673732685209,1.3281156841255173,0.0010000000000000002,0.0010000000000000005,4.336808689942016e-16,4.944568300001265
mega_heterogeneous_leakage_00019,heterogeneous leakage,20960627,0.8510373515798756,122.06513204727787,0.0,0.0,1.0,154.37966246035506,none,10.0,1205.0,28,2.0,mixed4,9.894009185794282,0.01,mega,Heterogeneous K with distributed vertical exchange.,154.37966246035506,False,121,121,14641,112,4,10.0,202.23748416156684,2.2092312804342793,5688827,2.056146001188702e-05,2.056146001188702e-05,2.1132238220931995e-05,2.337413662867292e-05,0.001000000000000001,"pumping-support geometric mean within 130 m, with arithmetic and annular transmissivity targets retained as support sensitivity",1.1367936233691496,0.4320000000000001,0.6611001482347767,1.2549460625664228,0.0010000000000000002,0.0010000000000000005,4.336808689942016e-16,5.777938300001551
mega_heterogeneous_leakage_00020,heterogeneous leakage,20960628,0.21990429595334687,15.450728203876764,0.0,0.0,1.0,80.8978588282118,none,7.5,805.0,20,1.0,far4,98.0927209129639,0.0,mega,Heterogeneous K with distributed vertical exchange.,80.8978588282118,False,109,109,11881,80,4,53.033008588991066,197.29419656948858,0.178429154753917,3849372,5.1458074364789094e-05,5.1458074364789094e-05,5.2648496756133584e-05,5.840472213811697e-05,0.0010000000000000002,"pumping-support geometric mean within 130 m, with arithmetic and annular transmissivity targets retained as support sensitivity",1.1349962636394575,0.4320000000000001,0.4425167058904048,0.22100717688093363,0.001000000000000001,0.0010000000000000005,4.336808689942016e-16,6.002381099999184
mega_heterogeneous_leakage_00021,heterogeneous leakage,20960629,0.7988399731667187,18.928891357255058,0.0,0.0,1.0,28.083885953664414,none,5.0,805.0,40,1.0,mixed4,67.02955180964491,0.0,mega,Heterogeneous K with distributed vertical exchange.,28.083885953664414,False,163,163,26569,160,4,11.180339887498949,201.55644370746373,0.40058823377483416,12836057,3.857430177457253e-05,3.857430177457253e-05,5.07529491109427e-05,5.023263263231126e-05,0.001000000000000001,"pumping-support geometric mean within 130 m, with arithmetic and annular transmissivity targets retained as support sensitivity",1.315719190655529,0.43200000000000005,0.5919960550032322,0.9318675411471443,0.0010000000000000002,0.0010000000000000005,4.336808689942016e-16,9.977943699996104
mega_heterogeneous_leakage_00022,heterogeneous leakage,20960630,1.4739862033465778,13.115721177332865,0.0,0.0,1.0,93.21236848881725,none,5.0,405.0,40,1.0,near4,160.4494048382982,0.001,mega,Heterogeneous K with distributed vertical exchange.,93.21236848881725,False,83,83,6889,160,4,11.180339887498949,47.43416490252569,0.4948012794212996,3427988,6.332274094048327e-05,6.332274094048327e-05,0.00015456145645291266,5.921923853201069e-05,0.001000000000000001,"pumping-support geometric mean within 130 m, with arithmetic and annular transmissivity targets retained as support sensitivity",2.6099872319257393,0.43200000000000005,1.3166234311416327,2.3090232234826096,0.0009999999999999994,0.0010000000000000005,4.336808689942016e-16,5.067553200002294
mega_heterogeneous_leakage_00023,heterogeneous leakage,20960631,0.445491348709559,129.6713291914171,0.0,0.0,1.0,146.8536870906592,none,10.0,805.0,28,10.0,near4,164.81977719805283,0.003,mega,Heterogeneous K with distributed vertical exchange.,146.8536870906592,False,81,81,6561,112,4,10.0,50.99019513592785,1.0949808445089428,2605099,4.9135995612964017e-05,4.9135995612964017e-05,4.9608026040406495e-05,6.20709440136964e-05,0.001000000000000001,"pumping-support geometric mean within 130 m, with arithmetic and annular transmissivity targets retained as support sensitivity",1.2632479150848759,0.43200000000000005,0.47218315509114006,0.39596335764879864,0.0009999999999999994,0.0010000000000000002,2.1684043449710084e-16,3.4412406999981613
mega_heterogeneous_leakage_00024,heterogeneous leakage,20960632,0.4826378327551841,11.554671246309097,0.0,0.0,1.0,220.70098891920085,none,7.5,605.0,20,1.0,near4,169.55220741584287,0.01,mega,Heterogeneous K with distributed vertical exchange.,220.70098891920085,False,83,83,6889,80,4,7.5,53.033008588991066,0.9507701675946376,2264775,5.352821135752677e-05,5.352821135752677e-05,5.8886165611626875e-05,6.184117948963985e-05,0.0010000000000000002,"pumping-support geometric mean within 130 m, with arithmetic and annular transmissivity targets retained as support sensitivity",1.1553006895109743,0.43200000000000005,0.4862144010980119,0.5279406517511521,0.0009999999999999994,0.0010000000000000005,4.336808689942016e-16,3.7440357000014046
mega_heterogeneous_leakage_00025,heterogeneous leakage,20960633,0.5361597515459388,95.50417793736574,0.0,0.0,1.0,120.65328610598317,none,7.5,805.0,28,5.0,mixed4,138.9218987898673,0.003,mega,Heterogeneous K with distributed vertical exchange.,120.65328610598317,False,109,109,11881,112,4,10.606601717798213,201.80436070610565,0.6579375062744862,4634147,6.92709527121631e-05,6.92709527121631e-05,7.006046941326594e-05,8.923589729083306e-05,0.0010000000000000002,"pumping-support geometric mean within 130 m, with arithmetic and annular transmissivity targets retained as support sensitivity",1.2882152445864135,0.4320000000000001,0.48926942915617616,0.4681731626416318,0.001000000000000001,0.0010000000000000005,4.336808689942016e-16,4.693035500000406
mega_heterogeneous_leakage_00026,heterogeneous leakage,20960634,0.32798351639995404,76.79539613089882,0.0,0.0,1.0,92.81764951140865,none,10.0,605.0,28,1.0,mixed4,44.44344092042173,0.0,mega,Heterogeneous K with distributed vertical exchange.,92.81764951140865,False,61,61,3721,112,4,14.142135623730951,197.9898987322333,0.5755791545267548,1523097,5.395453037222453e-05,5.395453037222453e-05,5.5239209823556395e-05,7.134608680089704e-05,0.001000000000000001,"pumping-support geometric mean within 130 m, with arithmetic and annular transmissivity targets retained as support sensitivity",1.3223372774944138,0.43200000000000005,0.45431558376648046,0.30044728581646646,0.001000000000000001,0.0010000000000000005,4.336808689942016e-16,6.745200299999851
mega_heterogeneous_leakage_00027,heterogeneous leakage,20960635,0.9546136458277156,55.118871245082744,0.0,0.0,1.0,63.82201801426144,none,7.5,1005.0,20,10.0,dense5,12.688095450899418,0.001,mega,Heterogeneous K with distributed vertical exchange.,63.82201801426144,False,135,135,18225,100,5,7.5,200.124960961895,1.3921188129353863,5867910,4.716029779171056e-05,4.716029779171056e-05,5.7718995774923556e-05,4.0841249920703474e-05,0.0010000000000000002,"pumping-support geometric mean within 130 m, with arithmetic and annular transmissivity targets retained as support sensitivity",1.4132524319649757,0.43200000000000005,0.6815224117681741,1.174167396597399,0.0010000000000000002,0.0010000000000000005,4.336808689942016e-16,5.983838799998921
mega_heterogeneous_leakage_00028,heterogeneous leakage,20960636,0.5391487258451366,68.9624769653257,0.0,0.0,1.0,27.998201054444188,none,7.5,1005.0,20,5.0,dense5,140.84185355632442,0.003,mega,Heterogeneous K with distributed vertical exchange.,27.998201054444188,False,135,135,18225,100,5,10.606601717798213,202.63884129159445,0.8728060990567686,5867909,2.7297998096073892e-05,2.7297998096073892e-05,3.0208643082748707e-05,3.061121602329602e-05,0.0010000000000000002,"pumping-support geometric mean within 130 m, with arithmetic and annular transmissivity targets retained as support sensitivity",1.1213721942378863,0.43200000000000005,0.5048979064687601,0.6441525960537954,0.0010000000000000002,0.0010000000000000005,4.336808689942016e-16,7.072961700003361
mega_heterogeneous_leakage_00029,heterogeneous leakage,20960637,0.18095770484965998,84.44687083680763,0.0,0.0,1.0,193.78611254151375,none,10.0,605.0,28,1.0,dense5,166.26034101935073,0.001,mega,Heterogeneous K with distributed vertical exchange.,193.78611254151375,False,61,61,3721,140,5,10.0,196.468827043885,0.8207433799673107,1523097,5.040943139669883e-05,5.040943139669883e-05,5.065862939908502e-05,6.557662377660063e-05,0.001000000000000001,"pumping-support geometric mean within 130 m, with arithmetic and annular transmissivity targets retained as support sensitivity",1.3008800527929592,0.43200000000000005,0.43928804162373875,0.18869111574935835,0.001000000000000001,0.0010000000000000005,4.336808689942016e-16,6.224428300003638
mega_heterogeneous_leakage_00030,heterogeneous leakage,20960638,1.1602020066441447,50.11793452249548,0.0,0.0,1.0,57.23139648533042,none,7.5,605.0,20,2.0,mixed4,17.686199563278926,0.003,mega,Heterogeneous K with distributed vertical exchange.,57.23139648533042,False,83,83,6889,80,4,7.5,196.8660712261003,1.231553388192509,2264776,3.7284544558845476e-05,3.7284544558845476e-05,4.697622550441673e-05,3.626706763253685e-05,0.0010000000000000002,"pumping-support geometric mean within 130 m, with arithmetic and annular transmissivity targets retained as support sensitivity",1.2952860148602752,0.43200000000000005,0.9981139857596725,2.467722742388623,0.0009999999999999994,0.0010000000000000005,4.336808689942016e-16,5.003285700004199
mega_heterogeneous_leakage_00031,heterogeneous leakage,20960639,1.4107893985630768,22.901828849603568,0.0,0.0,1.0,87.18295437528303,none,5.0,605.0,20,1.0,dense5,54.0453107397861,0.01,mega,Heterogeneous K with distributed vertical exchange.,87.18295437528303,False,123,123,15129,100,5,11.180339887498949,197.0406049523803,0.2537565334664319,4882684,4.258486096590272e-05,4.258486096590272e-05,9.325466164983636e-05,6.473298371817746e-05,0.001000000000000001,"pumping-support geometric mean within 130 m, with arithmetic and annular transmissivity targets retained as support sensitivity",2.1898547872330605,0.43200000000000005,1.14326973781756,2.3612035849265363,0.0010000000000000002,0.0010000000000000005,4.336808689942016e-16,5.229201100002683
mega_heterogeneous_leakage_00032,heterogeneous leakage,20960640,1.3908599889489925,21.160237392097812,0.0,0.0,1.0,228.87626869087637,none,10.0,605.0,20,1.0,far4,178.7150988626655,0.0,mega,Heterogeneous K with distributed vertical exchange.,228.87626869087637,False,61,61,3721,80,4,50.0,200.0,0.12885730598762526,1260563,6.212208222207614e-05,6.212208222207614e-05,0.00018093601319643126,5.907685449964216e-05,0.001000000000000001,"pumping-support geometric mean within 130 m, with arithmetic and annular transmissivity targets retained as support sensitivity",3.0627225286262867,0.432,1.2206445584823442,2.413625523833118,0.001000000000000001,0.0010000000000000005,4.336808689942016e-16,6.256912199998624
mega_heterogeneous_leakage_00033,heterogeneous leakage,20960641,1.1123977957210898,9.416820858628364,0.0,0.0,1.0,30.995906782621322,none,5.0,605.0,20,10.0,mixed4,25.44554413104589,0.001,mega,Heterogeneous K with distributed vertical exchange.,30.995906782621322,False,123,123,15129,80,4,11.180339887498949,199.06029237394384,0.533560102825916,4882686,5.892536720203533e-05,5.892536720203533e-05,0.00010270151589401501,3.2642466354455104e-05,0.001000000000000001,"pumping-support geometric mean within 130 m, with arithmetic and annular transmissivity targets retained as support sensitivity",3.1462547829201672,0.43200000000000005,0.8202667725427896,1.7227828363095015,0.0010000000000000002,0.0010000000000000005,4.336808689942016e-16,5.545551600000181
mega_heterogeneous_leakage_00034,heterogeneous leakage,20960642,0.703036752482386,14.72921308669456,0.0,0.0,1.0,151.59024475256436,none,7.5,1005.0,20,5.0,mixed4,6.753323839527239,0.0,mega,Heterogeneous K with distributed vertical exchange.,151.59024475256436,False,135,135,18225,80,4,7.5,196.293784924536,1.507812991635029,5867909,5.346004015453792e-05,5.346004015453792e-05,7.401786540979192e-05,3.6992088517056783e-05,0.0010000000000000002,"pumping-support geometric mean within 130 m, with arithmetic and annular transmissivity targets retained as support sensitivity",2.000910691367502,0.43200000000000005,0.5541113641504112,0.8016261075280042,0.0010000000000000002,0.0010000000000000005,4.336808689942016e-16,3.85749080000096
mega_heterogeneous_leakage_00035,heterogeneous leakage,20960643,0.5516152995251888,38.81226343694001,0.0,0.0,1.0,87.8424456061982,none,5.0,1205.0,20,10.0,sparse3,86.04300035760899,0.001,mega,Heterogeneous K with distributed vertical exchange.,87.8424456061982,False,243,243,59049,60,3,20.0,200.5617112013158,0.6154367092411629,18869206,6.089489876047193e-05,6.089489876047193e-05,6.61852217056937e-05,5.5278077438902684e-05,0.001000000000000001,"pumping-support geometric mean within 130 m, with arithmetic and annular transmissivity targets retained as support sensitivity",1.197314103024773,0.432,0.5056994108980896,0.6472241864290933,0.0009999999999999994,0.0010000000000000007,6.505213034913023e-16,6.48386390000087
mega_heterogeneous_leakage_00036,heterogeneous leakage,20960644,1.383278490796759,51.867573131919485,0.0,0.0,1.0,27.30810272199866,none,7.5,605.0,20,1.0,far4,8.252672393132945,0.003,mega,Heterogeneous K with distributed vertical exchange.,27.30810272199866,False,83,83,6889,80,4,53.033008588991066,197.29419656948858,0.04853492203602065,2264775,4.89583092292411e-05,4.89583092292411e-05,5.563254361116514e-05,4.596296648495334e-05,0.0010000000000000002,"pumping-support geometric mean within 130 m, with arithmetic and annular transmissivity targets retained as support sensitivity",1.210377568414286,0.43200000000000005,1.075450971337552,2.6615544660880373,0.0009999999999999994,0.0010000000000000005,4.336808689942016e-16,4.9422449999983655
mega_heterogeneous_leakage_00037,heterogeneous leakage,20960645,1.1103064954081965,14.797433503898162,0.0,0.0,1.0,119.96214517806982,none,5.0,1005.0,28,10.0,mixed4,72.05896190975773,0.001,mega,Heterogeneous K with distributed vertical exchange.,119.96214517806982,False,203,203,41209,112,4,11.180339887498949,199.24858845171275,2.1848160627512168,15848028,3.558848776915316e-05,3.558848776915316e-05,6.13998232036757e-05,1.759452699931112e-05,0.001000000000000001,"pumping-support geometric mean within 130 m, with arithmetic and annular transmissivity targets retained as support sensitivity",3.489711499836267,0.4320000000000001,0.8148346730992747,1.7236972720547288,0.0009999999999999994,0.0010000000000000007,6.505213034913023e-16,6.91224940000393
mega_heterogeneous_leakage_00038,heterogeneous leakage,20960646,1.2216333646532727,19.114328135199212,0.0,0.0,1.0,49.0960695844196,none,10.0,605.0,20,1.0,far4,71.55065706590538,0.003,mega,Heterogeneous K with distributed vertical exchange.,49.0960695844196,False,61,61,3721,80,4,53.85164807134504,199.24858845171275,0.06064909148606807,1260563,5.227435421411509e-05,5.227435421411509e-05,0.00010125053777573319,2.99001391602976e-05,0.001000000000000001,"pumping-support geometric mean within 130 m, with arithmetic and annular transmissivity targets retained as support sensitivity",3.3862898507902943,0.43200000000000005,0.9494609439914282,2.2908255604577357,0.001000000000000001,0.0010000000000000005,4.336808689942016e-16,4.645246599997336
mega_heterogeneous_leakage_00039,heterogeneous leakage,20960647,0.7163412497925845,12.8277887756733,0.0,0.0,1.0,107.19093818263181,none,7.5,605.0,28,1.0,dense5,45.723934617596946,0.001,mega,Heterogeneous K with distributed vertical exchange.,107.19093818263181,False,83,83,6889,140,5,10.606601717798213,201.52543263816605,0.5520324379463553,2730061,4.9157917898114034e-05,4.9157917898114034e-05,6.355624140258463e-05,6.223908510699927e-05,0.0010000000000000002,"pumping-support geometric mean within 130 m, with arithmetic and annular transmissivity targets retained as support sensitivity",1.292899376542207,0.43200000000000005,0.5526630343497896,0.7511150627676674,0.0009999999999999994,0.0010000000000000005,4.336808689942016e-16,6.152739000004658
mega_heterogeneous_leakage_00040,heterogeneous leakage,20960648,0.4013393839404722,164.40285437767452,0.0,0.0,1.0,57.123742464338854,none,10.0,405.0,20,10.0,near4,168.6504922782187,0.001,mega,Heterogeneous K with distributed vertical exchange.,57.123742464338854,False,41,41,1681,80,4,10.0,50.99019513592785,0.862152945784884,613925,4.4615113357644125e-05,4.4615113357644125e-05,4.6013529750302315e-05,5.319930364368984e-05,0.001000000000000001,"pumping-support geometric mean within 130 m, with arithmetic and annular transmissivity targets retained as support sensitivity",1.192405434840724,0.43199999999999994,0.4683838312681837,0.4103762125534144,0.0010000000000000002,0.0010000000000000002,2.1684043449710084e-16,2.420439699999406
mega_heterogeneous_leakage_00041,heterogeneous leakage,20960649,1.3973279120754012,81.90904074106066,0.0,0.0,1.0,80.01241342979066,none,5.0,605.0,40,5.0,dense5,85.75669266555452,0.001,mega,Heterogeneous K with distributed vertical exchange.,80.01241342979066,False,123,123,15129,200,5,10.0,200.5617112013158,2.504652159444046,7364300,2.387260140933856e-05,2.387260140933856e-05,3.385206243772211e-05,1.7975881952752146e-05,0.001000000000000001,"pumping-support geometric mean within 130 m, with arithmetic and annular transmissivity targets retained as support sensitivity",1.8831934102982515,0.43200000000000005,0.9618533222397575,1.3441092890765567,0.0010000000000000002,0.0010000000000000005,4.336808689942016e-16,7.34955159999663
mega_heterogeneous_leakage_00042,heterogeneous leakage,20960650,1.1562617650270632,12.011192701643337,0.0,0.0,1.0,208.47373711437947,none,10.0,605.0,40,10.0,mixed4,50.735911984415175,0.01,mega,Heterogeneous K with distributed vertical exchange.,208.47373711437947,False,61,61,3721,160,4,14.142135623730951,198.4943324127921,0.9972300050159952,1916900,4.3274172079444e-05,4.3274172079444e-05,7.909814682046457e-05,3.944980619034997e-05,0.001000000000000001,"pumping-support geometric mean within 130 m, with arithmetic and annular transmissivity targets retained as support sensitivity",2.0050325833999456,0.43200000000000005,0.8727740461159386,1.8190624766074797,0.001000000000000001,0.0010000000000000005,4.336808689942016e-16,5.091303399996832
mega_heterogeneous_leakage_00043,heterogeneous leakage,20960651,0.2962818885608529,58.833151361636425,0.0,0.0,1.0,173.79830868021654,none,5.0,605.0,40,2.0,mixed4,134.7574983382948,0.003,mega,Heterogeneous K with distributed vertical exchange.,173.79830868021654,False,123,123,15129,160,4,7.0710678118654755,197.9898987322333,0.9675786464381626,7364299,5.7388114956675845e-05,5.7388114956675845e-05,5.82618382278874e-05,6.724684873419049e-05,0.001000000000000001,"pumping-support geometric mean within 130 m, with arithmetic and annular transmissivity targets retained as support sensitivity",1.171790514202415,0.43200000000000005,0.45125591166255535,0.2968504055596853,0.0010000000000000002,0.0010000000000000005,4.336808689942016e-16,6.690245199999481
mega_heterogeneous_leakage_00044,heterogeneous leakage,20960652,1.449205835644518,40.70949979597187,0.0,0.0,1.0,29.04708424867119,none,10.0,805.0,40,10.0,near4,178.20519274722412,0.001,mega,Heterogeneous K with distributed vertical exchange.,29.04708424867119,False,81,81,6561,160,4,10.0,50.0,0.6293787602682209,3271477,3.512130331141051e-05,3.512130331141051e-05,6.58189036787443e-05,3.067437919011021e-05,0.001000000000000001,"pumping-support geometric mean within 130 m, with arithmetic and annular transmissivity targets retained as support sensitivity",2.145728957408374,0.4320000000000001,1.2048527665278805,2.2079868121133335,0.0009999999999999994,0.0010000000000000002,2.1684043449710084e-16,5.970958799996879
mega_heterogeneous_leakage_00045,heterogeneous leakage,20960653,1.0259525220732342,10.86712423370985,0.0,0.0,1.0,30.917830057876998,none,7.5,1205.0,40,2.0,far4,42.14334512524972,0.01,mega,Heterogeneous K with distributed vertical exchange.,30.917830057876998,False,163,163,26569,160,4,48.023431780746364,201.80436070610565,0.07736187934788605,12836059,4.61755728952487e-05,4.61755728952487e-05,7.192439058680149e-05,4.170321242491527e-05,0.0010000000000000002,"pumping-support geometric mean within 130 m, with arithmetic and annular transmissivity targets retained as support sensitivity",1.724672666795108,0.43199999999999994,0.7273033007217183,1.3311469692990638,0.0010000000000000002,0.0010000000000000005,4.336808689942016e-16,10.201387400004023
mega_heterogeneous_leakage_00046,heterogeneous leakage,20960654,0.6952870568295362,15.148715847037924,0.0,0.0,1.0,43.36937871803429,none,5.0,1005.0,20,2.0,near4,142.8614196174526,0.0,mega,Heterogeneous K with distributed vertical exchange.,43.36937871803429,False,203,203,41209,80,4,11.180339887498949,50.0,0.3941364785473547,13186245,5.33065662983151e-05,5.33065662983151e-05,6.402330650937752e-05,7.562429898061376e-05,0.001000000000000001,"pumping-support geometric mean within 130 m, with arithmetic and annular transmissivity targets retained as support sensitivity",1.4186676094911796,0.43200000000000005,0.5540199538688707,0.8476225213592635,0.0009999999999999994,0.0010000000000000007,6.505213034913023e-16,5.36753430000681
mega_heterogeneous_leakage_00047,heterogeneous leakage,20960655,1.37033519286382,135.85446492676036,0.0,0.0,1.0,58.69879582125297,none,10.0,805.0,28,1.0,mixed4,14.117048451630668,0.001,mega,Heterogeneous K with distributed vertical exchange.,58.69879582125297,False,81,81,6561,112,4,10.0,196.468827043885,0.12854084909135455,2605097,0.00021369483116720497,0.00021369483116720497,0.00023441902323431191,0.0003230879535218322,0.001000000000000001,"pumping-support geometric mean within 130 m, with arithmetic and annular transmissivity targets retained as support sensitivity",1.5119128139745825,0.4320000000000001,1.062054089699738,1.4698834729316703,0.0009999999999999994,0.0010000000000000002,2.1684043449710084e-16,5.195953599999484
mega_heterogeneous_leakage_00048,heterogeneous leakage,20960656,0.21240500051096267,119.09200958280324,0.0,0.0,1.0,42.636781751967234,none,7.5,1005.0,20,5.0,near4,115.64742649705802,0.001,mega,Heterogeneous K with distributed vertical exchange.,42.636781751967234,False,135,135,18225,80,4,10.606601717798213,50.31152949374527,0.5526327356092895,5867909,5.083935685989599e-05,5.083935685989599e-05,5.094649392346063e-05,6.311340024645382e-05,0.0010000000000000002,"pumping-support geometric mean within 130 m, with arithmetic and annular transmissivity targets retained as support sensitivity",1.2414279830561756,0.43200000000000005,0.4421495759516956,0.22354136667869867,0.0010000000000000002,0.0010000000000000005,4.336808689942016e-16,4.280502800000249
mega_heterogeneous_leakage_00049,heterogeneous leakage,20960657,0.6627175990905974,66.4836615479428,0.0,0.0,1.0,192.80486193320206,none,10.0,605.0,28,2.0,dense5,22.197350484022255,0.0,mega,Heterogeneous K with distributed vertical exchange.,192.80486193320206,False,61,61,3721,140,5,10.0,206.15528128088303,0.8759420913969219,1523098,4.53473062928554e-05,4.53473062928554e-05,5.0272249299675334e-05,6.454906627807081e-05,0.001000000000000001,"pumping-support geometric mean within 130 m, with arithmetic and annular transmissivity targets retained as support sensitivity",1.4234377200094175,0.43200000000000005,0.539699034718998,0.7341789382980723,0.001000000000000001,0.0010000000000000005,4.336808689942016e-16,5.260315300001821
mega_heterogeneous_boundary_00000,heterogeneous boundary,21060608,0.7453987287622419,161.7765200182442,0.0,0.0,1.0,,none,5.0,605.0,28,1.0,sparse3,29.200648859544447,0.01,mega,Heterogeneous K with finite-domain boundary stress.,,False,123,123,15129,84,3,18.027756377319946,201.55644370746373,0.646317882584393,5243856,4.806130617829976e-05,4.806130617829976e-05,4.8588261138637674e-05,5.816946989055097e-05,0.001000000000000001,"pumping-support geometric mean within 130 m, with arithmetic and annular transmissivity targets retained as support sensitivity",1.2103181231644338,0.43200000000000005,0.5827568209262654,0.913666323979561,0.0010000000000000002,0.0010000000000000005,4.336808689942016e-16,5.286455000001297
mega_heterogeneous_boundary_00001,heterogeneous boundary,21060609,0.31608917001942194,65.2810753644517,0.0,0.0,1.0,,constant_head_x,5.0,805.0,28,5.0,dense5,60.81382010037171,0.001,mega,Heterogeneous K with finite-domain boundary stress.,,True,163,163,26569,140,5,11.180339887498949,201.55644370746373,1.1392283704388453,9150132,4.542618831989922e-05,4.542618831989922e-05,4.6131772077888076e-05,5.906817053558736e-05,0.001000000000000001,"pumping-support geometric mean within 130 m, with arithmetic and annular transmissivity targets retained as support sensitivity",1.300310959828258,0.43200000000000005,0.45309769611292267,0.29824605093609025,0.0010000000000000002,0.0010000000000000005,4.336808689942016e-16,6.441518599996925
mega_heterogeneous_boundary_00002,heterogeneous boundary,21060610,0.8367716811637937,28.87532845328034,0.0,0.0,1.0,,constant_head_all,7.5,605.0,40,10.0,mixed4,55.92888149041323,0.0,mega,Heterogeneous K with finite-domain boundary stress.,,True,83,83,6889,160,4,10.606601717798213,199.7029043354152,0.8480137725050579,3155322,5.9419628617155814e-05,5.9419628617155814e-05,7.68918929578037e-05,8.333662943509782e-05,0.0010000000000000002,"pumping-support geometric mean within 130 m, with arithmetic and annular transmissivity targets retained as support sensitivity",1.4025101027143851,0.43200000000000005,0.6141672042371671,0.9660148100385246,0.0009999999999999994,0.0010000000000000005,4.336808689942016e-16,4.929367899996578
mega_heterogeneous_boundary_00003,heterogeneous boundary,21060611,0.19116515955048238,43.13460947437219,0.0,0.0,1.0,,constant_head_x,10.0,1005.0,40,2.0,standard4,126.55632908602223,0.01,mega,Heterogeneous K with finite-domain boundary stress.,,True,101,101,10201,160,4,22.360679774997898,100.0,0.7256994202903598,4596552,4.731753029867505e-05,4.731753029867505e-05,4.765711652615666e-05,5.843443997546105e-05,0.001000000000000001,"pumping-support geometric mean within 130 m, with arithmetic and annular transmissivity targets retained as support sensitivity",1.2349427285535501,0.43200000000000005,0.44013110413003226,0.19898526131167718,0.0010000000000000002,0.0010000000000000005,4.336808689942016e-16,5.517788099998143
mega_heterogeneous_boundary_00004,heterogeneous boundary,21060612,1.1534351252891961,81.4205309762878,0.0,0.0,1.0,,none,5.0,805.0,20,2.0,far4,34.35934833232282,0.001,mega,Heterogeneous K with finite-domain boundary stress.,,False,163,163,26569,80,4,50.0,201.12185361118767,0.3928468129225504,7411211,3.1954828267034934e-05,3.1954828267034934e-05,5.408778659906151e-05,2.3965638319866458e-05,0.001000000000000001,"pumping-support geometric mean within 130 m, with arithmetic and annular transmissivity targets retained as support sensitivity",2.2568890457728856,0.4320000000000001,0.8439944869358896,1.7201073095024813,0.0010000000000000002,0.0010000000000000005,4.336808689942016e-16,4.746499600005336
mega_heterogeneous_boundary_00005,heterogeneous boundary,21060613,1.027011675746375,19.72595835287414,0.0,0.0,1.0,,none,10.0,1005.0,40,10.0,dense5,24.117932607924768,0.003,mega,Heterogeneous K with finite-domain boundary stress.,,False,101,101,10201,200,5,10.0,196.9771560359221,1.3977948992390754,4580987,5.0258839509964786e-05,5.0258839509964786e-05,8.524089691294354e-05,4.3885218102533495e-05,0.001000000000000001,"pumping-support geometric mean within 130 m, with arithmetic and annular transmissivity targets retained as support sensitivity",1.9423601066260299,0.43200000000000005,0.749998075817328,1.6933918600257496,0.0010000000000000002,0.0010000000000000005,4.336808689942016e-16,6.201987399996142
mega_heterogeneous_boundary_00006,heterogeneous boundary,21060614,0.6468709951718634,80.09375689088213,0.0,0.0,1.0,,constant_head_all,5.0,1205.0,40,2.0,standard4,70.42477943597046,0.003,mega,Heterogeneous K with finite-domain boundary stress.,,True,243,243,59049,160,4,20.615528128088304,101.24228365658294,0.9873695076085803,25917102,3.304307829924319e-05,3.304307829924319e-05,3.589285072754152e-05,3.5408655216550447e-05,0.001000000000000001,"pumping-support geometric mean within 130 m, with arithmetic and annular transmissivity targets retained as support sensitivity",1.0862441568697188,0.4320000000000001,0.5235863307202077,0.6179442189806157,0.0009999999999999994,0.0010000000000000007,6.505213034913023e-16,7.391243099998974
mega_heterogeneous_boundary_00007,heterogeneous boundary,21060615,1.375986822379951,20.407908992445307,0.0,0.0,1.0,,constant_head_east,10.0,1005.0,40,1.0,sparse3,59.06085283041787,0.003,mega,Heterogeneous K with finite-domain boundary stress.,,True,101,101,10201,120,3,22.360679774997898,197.2308292331602,0.3239081295741144,4594032,4.9540944626337936e-05,4.9540944626337936e-05,0.0001502093098527846,7.104750067329651e-05,0.001000000000000001,"pumping-support geometric mean within 130 m, with arithmetic and annular transmissivity targets retained as support sensitivity",3.0320235309547843,0.43200000000000005,1.1792243208598303,2.8512461585905022,0.0010000000000000002,0.0010000000000000005,4.336808689942016e-16,4.915791100000206
mega_heterogeneous_boundary_00008,heterogeneous boundary,21060616,0.29906736705123504,19.36451078481655,0.0,0.0,1.0,,constant_head_all,5.0,805.0,40,10.0,far4,105.72909081854033,0.01,mega,Heterogeneous K with finite-domain boundary stress.,,True,163,163,26569,160,4,52.20153254455275,202.6079958935481,0.6540557526316297,11745824,4.7875546056027535e-05,4.7875546056027535e-05,4.9486742120471134e-05,7.176736232611474e-05,0.001000000000000001,"pumping-support geometric mean within 130 m, with arithmetic and annular transmissivity targets retained as support sensitivity",1.4990400786682876,0.43200000000000005,0.45213351077807357,0.31598404645806855,0.0010000000000000002,0.0010000000000000005,4.336808689942016e-16,7.622704100002011
mega_heterogeneous_boundary_00009,heterogeneous boundary,21060617,0.3363581377402652,17.295766666510545,0.0,0.0,1.0,,constant_head_east,10.0,605.0,20,5.0,far4,138.38512377844194,0.001,mega,Heterogeneous K with finite-domain boundary stress.,,True,61,61,3721,80,4,50.0,198.4943324127921,0.5601297910732982,1110632,4.636419257081723e-05,4.636419257081723e-05,4.915791515032443e-05,4.899328943024602e-05,0.001000000000000001,"pumping-support geometric mean within 130 m, with arithmetic and annular transmissivity targets retained as support sensitivity",1.0602560386496547,0.43200000000000005,0.4569590554355804,0.34213882419897285,0.001000000000000001,0.0010000000000000005,4.336808689942016e-16,3.471290699999372
mega_heterogeneous_boundary_00010,heterogeneous boundary,21060618,0.7827226363260665,10.676320021780903,0.0,0.0,1.0,,constant_head_east,10.0,1205.0,28,1.0,near4,142.29069520223956,0.003,mega,Heterogeneous K with finite-domain boundary stress.,,True,121,121,14641,112,4,14.142135623730951,50.0,0.774223571401192,5088633,4.172331039270747e-05,4.172331039270747e-05,5.7952819316915856e-05,4.2034523527577665e-05,0.001000000000000001,"pumping-support geometric mean within 130 m, with arithmetic and annular transmissivity targets retained as support sensitivity",1.388979416337133,0.4320000000000001,0.5879451382917757,0.9742994566282087,0.0010000000000000002,0.0010000000000000005,4.336808689942016e-16,4.190768099993875
mega_heterogeneous_boundary_00011,heterogeneous boundary,21060619,0.6592910447026868,58.73608644656544,0.0,0.0,1.0,,constant_head_east,10.0,1005.0,28,10.0,dense5,124.11955370378269,0.001,mega,Heterogeneous K with finite-domain boundary stress.,,True,101,101,10201,140,5,14.142135623730951,202.48456731316588,0.8860240691098777,3578155,6.08516800482371e-05,6.08516800482371e-05,6.329128519858918e-05,0.00010028000199845893,0.001000000000000001,"pumping-support geometric mean within 130 m, with arithmetic and annular transmissivity targets retained as support sensitivity",1.6479413866464658,0.432,0.5241755058437051,0.63543407372526,0.0010000000000000002,0.0010000000000000005,4.336808689942016e-16,5.050318499997957
mega_heterogeneous_boundary_00012,heterogeneous boundary,21060620,0.7424090780872908,135.31042064640332,0.0,0.0,1.0,,constant_head_all,10.0,405.0,20,2.0,standard4,61.08334274597155,0.001,mega,Heterogeneous K with finite-domain boundary stress.,,True,41,41,1681,80,4,22.360679774997898,102.95630140987001,0.7528171705959106,549742,4.51848462229889e-05,4.51848462229889e-05,4.984341420850335e-05,5.255507688589247e-05,0.001000000000000001,"pumping-support geometric mean within 130 m, with arithmetic and annular transmissivity targets retained as support sensitivity",1.1631128858230746,0.4320000000000001,0.5662457615860718,0.783569193417331,0.0010000000000000002,0.0010000000000000002,2.1684043449710084e-16,2.7985321000014665
mega_heterogeneous_boundary_00013,heterogeneous boundary,21060621,1.175751386707303,121.54125200448681,0.0,0.0,1.0,,constant_head_east,5.0,1005.0,20,2.0,standard4,31.429262977844992,0.01,mega,Heterogeneous K with finite-domain boundary stress.,,True,203,203,41209,80,4,18.027756377319946,98.6154146165801,1.6052995582937788,11463636,1.5951363268462237e-05,1.5951363268462237e-05,2.162403093894695e-05,1.6278705766764508e-05,0.001000000000000001,"pumping-support geometric mean within 130 m, with arithmetic and annular transmissivity targets retained as support sensitivity",1.3556227499188271,0.43200000000000005,0.7943731723964653,1.1579853115407295,0.0009999999999999994,0.0010000000000000007,6.505213034913023e-16,4.356793499995547
mega_heterogeneous_boundary_00014,heterogeneous boundary,21060622,1.420862487241056,30.039294046293396,0.0,0.0,1.0,,none,5.0,405.0,28,2.0,standard4,103.5035943133822,0.0,mega,Heterogeneous K with finite-domain boundary stress.,,False,83,83,6889,112,4,20.615528128088304,98.2344135219425,0.6121339565291024,2441589,3.508897255634586e-05,3.508897255634586e-05,5.9637336973908445e-05,5.7218062288468e-05,0.001000000000000001,"pumping-support geometric mean within 130 m, with arithmetic and annular transmissivity targets retained as support sensitivity",1.6996033975672222,0.43200000000000005,1.4115971405598098,3.0136749104808582,0.0009999999999999994,0.0010000000000000005,4.336808689942016e-16,4.327906200000143
mega_heterogeneous_boundary_00015,heterogeneous boundary,21060623,1.2548022121403126,86.39177533991199,0.0,0.0,1.0,,constant_head_all,5.0,1205.0,20,10.0,near4,125.64877096566627,0.003,mega,Heterogeneous K with finite-domain boundary stress.,,True,243,243,59049,80,4,11.180339887498949,50.0,3.2616145564214287,16408249,1.3863084410473697e-05,1.3863084410473697e-05,1.7433277732449025e-05,1.7143820415168054e-05,0.001000000000000001,"pumping-support geometric mean within 130 m, with arithmetic and annular transmissivity targets retained as support sensitivity",1.257532394398321,0.432,0.9759762609570868,1.7493575922690596,0.0009999999999999994,0.0010000000000000007,6.505213034913023e-16,5.5184446000057505
mega_heterogeneous_boundary_00016,heterogeneous boundary,21060624,0.16678540378852597,45.478114129956815,0.0,0.0,1.0,,constant_head_x,10.0,1205.0,20,2.0,standard4,150.07102104118138,0.003,mega,Heterogeneous K with finite-domain boundary stress.,,True,121,121,14641,80,4,22.360679774997898,102.95630140987001,0.7137952618328545,4130258,4.665143966967628e-05,4.665143966967628e-05,4.675067467640955e-05,5.9806075601975306e-05,0.001000000000000001,"pumping-support geometric mean within 130 m, with arithmetic and annular transmissivity targets retained as support sensitivity",1.2819770627753986,0.43200000000000005,0.43802767445180874,0.166964884160268,0.0010000000000000002,0.0010000000000000005,4.336808689942016e-16,3.4651365999961854
mega_heterogeneous_boundary_00017,heterogeneous boundary,21060625,0.8375073960496033,137.09322020500232,0.0,0.0,1.0,,constant_head_all,10.0,605.0,28,10.0,dense5,145.6038337806248,0.001,mega,Heterogeneous K with finite-domain boundary stress.,,True,61,61,3721,140,5,14.142135623730951,202.48456731316588,0.6041656502075738,1377677,0.00010381406143874436,0.00010381406143874436,0.00010646768307743746,0.000147061059508788,0.001000000000000001,"pumping-support geometric mean within 130 m, with arithmetic and annular transmissivity targets retained as support sensitivity",1.4165813134626428,0.43200000000000005,0.5674981030412436,0.6101529255071113,0.001000000000000001,0.0010000000000000005,4.336808689942016e-16,3.8182889000017894
mega_heterogeneous_boundary_00018,heterogeneous boundary,21060626,1.3212123124903465,60.53110336932353,0.0,0.0,1.0,,constant_head_x,5.0,605.0,28,10.0,near4,36.41218834640665,0.0,mega,Heterogeneous K with finite-domain boundary stress.,,True,123,123,15129,112,4,11.180339887498949,50.0,1.1337326121535947,5257733,3.4842626606532255e-05,3.4842626606532255e-05,4.4248883073499864e-05,6.635833320225832e-05,0.001000000000000001,"pumping-support geometric mean within 130 m, with arithmetic and annular transmissivity targets retained as support sensitivity",1.9045158090870664,0.43200000000000005,0.9074573170918971,1.2612022701932537,0.0010000000000000002,0.0010000000000000005,4.336808689942016e-16,4.354740299997502
mega_heterogeneous_boundary_00019,heterogeneous boundary,21060627,1.251901337740145,14.176514587299108,0.0,0.0,1.0,,constant_head_x,5.0,605.0,20,2.0,mixed4,29.07371824522524,0.01,mega,Heterogeneous K with finite-domain boundary stress.,,True,123,123,15129,80,4,11.180339887498949,199.12307751739877,0.786655251723637,4265086,5.270210536166078e-05,5.270210536166078e-05,8.669456007098318e-05,4.672177624423988e-05,0.001000000000000001,"pumping-support geometric mean within 130 m, with arithmetic and annular transmissivity targets retained as support sensitivity",1.855549318540118,0.43200000000000005,0.9413290447778447,1.8970728889691448,0.0010000000000000002,0.0010000000000000005,4.336808689942016e-16,6.443747400000575
mega_heterogeneous_boundary_00020,heterogeneous boundary,21060628,0.7610314796160033,54.906745667327165,0.0,0.0,1.0,,constant_head_x,10.0,605.0,40,2.0,far4,69.02371793707344,0.003,mega,Heterogeneous K with finite-domain boundary stress.,,True,61,61,3721,160,4,53.85164807134504,202.48456731316588,0.47958569434940596,1768483,2.8552443814081213e-05,2.8552443814081213e-05,3.1197291289306924e-05,3.8668490692685326e-05,0.001000000000000001,"pumping-support geometric mean within 130 m, with arithmetic and annular transmissivity targets retained as support sensitivity",1.3542970592806203,0.43200000000000005,0.5778930818607412,0.8442921627911465,0.001000000000000001,0.0010000000000000005,4.336808689942016e-16,6.467910200000915
mega_heterogeneous_boundary_00021,heterogeneous boundary,21060629,1.4042195115319864,40.516235249197024,0.0,0.0,1.0,,constant_head_x,10.0,1005.0,20,5.0,sparse3,49.39447329577227,0.003,mega,Heterogeneous K with finite-domain boundary stress.,,True,101,101,10201,60,3,22.360679774997898,198.4943324127921,0.7843337603217406,2903418,4.5623016822045574e-05,4.5623016822045574e-05,5.491718775631537e-05,7.01367803281226e-05,0.001000000000000001,"pumping-support geometric mean within 130 m, with arithmetic and annular transmissivity targets retained as support sensitivity",1.5373113225215675,0.43200000000000005,1.155486492687796,2.7086555688182963,0.0010000000000000002,0.0010000000000000005,4.336808689942016e-16,2.4877292000019224
mega_heterogeneous_boundary_00022,heterogeneous boundary,21060630,1.341419621894458,35.87683880484882,0.0,0.0,1.0,,constant_head_all,5.0,605.0,40,2.0,mixed4,156.61598289780676,0.01,mega,Heterogeneous K with finite-domain boundary stress.,,True,123,123,15129,160,4,11.180339887498949,201.55644370746373,1.4911547514636245,6753022,4.0687932608392454e-05,4.0687932608392454e-05,5.5168379902063195e-05,3.245950466896179e-05,0.001000000000000001,"pumping-support geometric mean within 130 m, with arithmetic and annular transmissivity targets retained as support sensitivity",1.6996063391816307,0.43200000000000005,1.113326403146499,2.0313910853443993,0.0010000000000000002,0.0010000000000000005,4.336808689942016e-16,6.742527599999448
mega_heterogeneous_boundary_00023,heterogeneous boundary,21060631,0.4405337372893444,12.500784139499125,0.0,0.0,1.0,,constant_head_x,5.0,605.0,40,1.0,far4,122.63554201935573,0.001,mega,Heterogeneous K with finite-domain boundary stress.,,True,123,123,15129,160,4,47.16990566028302,202.48456731316588,0.26629349676184316,6746698,4.9328888434042025e-05,4.9328888434042025e-05,5.481013609189434e-05,4.533853020325069e-05,0.001000000000000001,"pumping-support geometric mean within 130 m, with arithmetic and annular transmissivity targets retained as support sensitivity",1.2089085342242647,0.43200000000000005,0.4767211247391694,0.47412954035009297,0.0010000000000000002,0.0010000000000000005,4.336808689942016e-16,9.162205600005109
mega_heterogeneous_boundary_00024,heterogeneous boundary,21060632,1.2174362690730993,133.54966393570808,0.0,0.0,1.0,,constant_head_x,10.0,1205.0,28,2.0,sparse3,168.97155273084678,0.0,mega,Heterogeneous K with finite-domain boundary stress.,,True,121,121,14641,84,3,20.0,203.9607805437114,0.30625955225473794,5091672,0.000149355121269742,0.000149355121269742,0.00015550774272309032,0.00020377038952282465,0.001000000000000001,"pumping-support geometric mean within 130 m, with arithmetic and annular transmissivity targets retained as support sensitivity",1.3643348001091056,0.4320000000000001,0.9132510484235916,1.43507540496764,0.0010000000000000002,0.0010000000000000005,4.336808689942016e-16,3.8300291000050493
mega_heterogeneous_boundary_00025,heterogeneous boundary,21060633,1.1735472622888226,114.19152919591482,0.0,0.0,1.0,,constant_head_all,7.5,605.0,20,5.0,near4,44.91772842697781,0.0,mega,Heterogeneous K with finite-domain boundary stress.,,True,83,83,6889,80,4,10.606601717798213,53.033008588991066,0.7216810504816371,1992106,8.612062223541317e-05,8.612062223541317e-05,9.573975937294328e-05,9.672350975917021e-05,0.0010000000000000002,"pumping-support geometric mean within 130 m, with arithmetic and annular transmissivity targets retained as support sensitivity",1.1231167082696376,0.43200000000000005,0.8142429874936261,1.319746389656401,0.0009999999999999994,0.0010000000000000005,4.336808689942016e-16,3.12071090000245
mega_heterogeneous_boundary_00026,heterogeneous boundary,21060634,0.5775714223958157,14.190544346588801,0.0,0.0,1.0,,constant_head_east,7.5,605.0,28,5.0,dense5,168.71930519902884,0.01,mega,Heterogeneous K with finite-domain boundary stress.,,True,83,83,6889,140,5,7.5,198.5730344231059,1.9495709372290524,2451210,4.7883371269844995e-05,4.7883371269844995e-05,5.4838901149088767e-05,3.503239373802273e-05,0.0010000000000000002,"pumping-support geometric mean within 130 m, with arithmetic and annular transmissivity targets retained as support sensitivity",1.5653769353924811,0.43200000000000005,0.5116095258721932,0.6553174303184119,0.0009999999999999994,0.0010000000000000005,4.336808689942016e-16,4.90226850000181
mega_heterogeneous_boundary_00027,heterogeneous boundary,21060635,0.3900722036366998,88.09798288266389,0.0,0.0,1.0,,constant_head_x,7.5,605.0,28,10.0,mixed4,14.236566758526498,0.001,mega,Heterogeneous K with finite-domain boundary stress.,,True,83,83,6889,112,4,7.5,201.9436802675439,1.3238296303562915,2453278,5.366710905802103e-05,5.366710905802103e-05,5.41967818430355e-05,6.809768728903148e-05,0.0010000000000000002,"pumping-support geometric mean within 130 m, with arithmetic and annular transmissivity targets retained as support sensitivity",1.2688905455184691,0.43200000000000005,0.46675321357697347,0.4148131017701813,0.0009999999999999994,0.0010000000000000005,4.336808689942016e-16,4.100636800001666
mega_heterogeneous_boundary_00028,heterogeneous boundary,21060636,0.28671610557003824,37.50652839839591,0.0,0.0,1.0,,constant_head_all,5.0,605.0,28,2.0,sparse3,108.06124727530357,0.001,mega,Heterogeneous K with finite-domain boundary stress.,,True,123,123,15129,84,3,20.615528128088304,199.24858845171275,0.6391301694900785,5264054,5.0799389016316054e-05,5.0799389016316054e-05,5.2962684433814575e-05,6.80359723073143e-05,0.001000000000000001,"pumping-support geometric mean within 130 m, with arithmetic and annular transmissivity targets retained as support sensitivity",1.3393069016137595,0.43200000000000005,0.4501651142701084,0.29685389342492025,0.0010000000000000002,0.0010000000000000005,4.336808689942016e-16,3.289148699994257
mega_heterogeneous_boundary_00029,heterogeneous boundary,21060637,0.6179811954287011,51.95349340046855,0.0,0.0,1.0,,constant_head_all,10.0,605.0,40,10.0,sparse3,82.22675296747423,0.001,mega,Heterogeneous K with finite-domain boundary stress.,,True,61,61,3721,120,3,20.0,202.23748416156684,0.810964429288141,1771478,5.737466198767053e-05,5.737466198767053e-05,6.284630003933223e-05,8.382807686413426e-05,0.001000000000000001,"pumping-support geometric mean within 130 m, with arithmetic and annular transmissivity targets retained as support sensitivity",1.461064413453946,0.43200000000000005,0.5289971199941809,0.7796336235979803,0.001000000000000001,0.0010000000000000005,4.336808689942016e-16,3.1360770000028424
mega_heterogeneous_boundary_00030,heterogeneous boundary,21060638,1.4777299625615132,55.838993294478975,0.0,0.0,1.0,,constant_head_x,7.5,805.0,28,10.0,far4,94.86846794913627,0.0,mega,Heterogeneous K with finite-domain boundary stress.,,True,109,109,11881,112,4,53.033008588991066,203.05479556021325,0.550383841222382,4152433,5.177658278012903e-05,5.177658278012903e-05,0.00012941887307170175,4.252826880818355e-05,0.0010000000000000002,"pumping-support geometric mean within 130 m, with arithmetic and annular transmissivity targets retained as support sensitivity",3.043125824270519,0.4320000000000001,3.187794951897221,8.947578336103602,0.001000000000000001,0.0010000000000000005,4.336808689942016e-16,4.364154999995662
mega_heterogeneous_boundary_00031,heterogeneous boundary,21060639,1.164474711019581,59.468046034088474,0.0,0.0,1.0,,constant_head_all,5.0,1205.0,20,5.0,dense5,149.79525492370615,0.01,mega,Heterogeneous K with finite-domain boundary stress.,,True,243,243,59049,100,5,11.180339887498949,201.55644370746373,0.4864379133638318,16408248,0.00011731142300232353,0.00011731142300232353,0.00016076433863929153,0.00014952741890290772,0.001000000000000001,"pumping-support geometric mean within 130 m, with arithmetic and annular transmissivity targets retained as support sensitivity",1.3704065173270241,0.432,0.8219462607032435,1.3428984874341818,0.0009999999999999994,0.0010000000000000007,6.505213034913023e-16,7.051576199999545
mega_heterogeneous_boundary_00032,heterogeneous boundary,21060640,0.32630586327503486,55.24021154650298,0.0,0.0,1.0,,constant_head_x,10.0,1205.0,40,10.0,mixed4,55.55643699991522,0.0,mega,Heterogeneous K with finite-domain boundary stress.,,True,121,121,14641,160,4,14.142135623730951,194.164878389476,1.1303939807682308,6533794,5.528470872512733e-05,5.528470872512733e-05,5.750443276680696e-05,6.244765347882707e-05,0.001000000000000001,"pumping-support geometric mean within 130 m, with arithmetic and annular transmissivity targets retained as support sensitivity",1.1295646647848598,0.43200000000000005,0.4562610435713644,0.3481019719717544,0.0010000000000000002,0.0010000000000000005,4.336808689942016e-16,5.323458800005028
mega_heterogeneous_boundary_00033,heterogeneous boundary,21060641,0.40445820270867894,129.11335210208088,0.0,0.0,1.0,,none,7.5,405.0,40,1.0,standard4,58.28436181497063,0.001,mega,Heterogeneous K with finite-domain boundary stress.,,False,55,55,3025,160,4,16.77050983124842,97.78803607803972,0.6217486360841605,1451507,5.3040122379101373e-05,5.3040122379101373e-05,5.541969821473632e-05,6.642408259804346e-05,0.0010000000000000002,"pumping-support geometric mean within 130 m, with arithmetic and annular transmissivity targets retained as support sensitivity",1.2523365259846304,0.43200000000000005,0.47120917014528263,0.44646895485515037,0.0009999999999999994,0.0010000000000000002,2.1684043449710084e-16,5.231286900001578
mega_heterogeneous_boundary_00034,heterogeneous boundary,21060642,0.5219059872212483,20.59951118917548,0.0,0.0,1.0,,constant_head_x,5.0,605.0,40,1.0,sparse3,170.27539848015945,0.003,mega,Heterogeneous K with finite-domain boundary stress.,,True,123,123,15129,120,3,20.615528128088304,198.11612756158948,0.6546693601742416,6746698,5.343857615031651e-05,5.343857615031651e-05,6.121899856784089e-05,5.3170978048789446e-05,0.001000000000000001,"pumping-support geometric mean within 130 m, with arithmetic and annular transmissivity targets retained as support sensitivity",1.1513611525382628,0.43200000000000005,0.49637725581995135,0.5769408785941911,0.0010000000000000002,0.0010000000000000005,4.336808689942016e-16,6.818533399993612
mega_heterogeneous_boundary_00035,heterogeneous boundary,21060643,0.6994870653768294,26.368455866556207,0.0,0.0,1.0,,none,7.5,605.0,40,10.0,sparse3,138.45560823885796,0.001,mega,Heterogeneous K with finite-domain boundary stress.,,False,83,83,6889,120,3,21.213203435596427,201.80436070610565,1.003265023523334,3136663,5.01108945466601e-05,5.01108945466601e-05,5.855215569502741e-05,6.643227197378281e-05,0.0010000000000000002,"pumping-support geometric mean within 130 m, with arithmetic and annular transmissivity targets retained as support sensitivity",1.3257051699990163,0.43200000000000005,0.5541644165089648,0.8267983938867609,0.0009999999999999994,0.0010000000000000005,4.336808689942016e-16,4.118320500005211
mega_heterogeneous_boundary_00036,heterogeneous boundary,21060644,0.37103454804310715,11.216008067521106,0.0,0.0,1.0,,constant_head_all,7.5,1205.0,40,5.0,sparse3,56.079222290098194,0.003,mega,Heterogeneous K with finite-domain boundary stress.,,True,163,163,26569,120,3,16.77050983124842,199.7029043354152,1.0268620994487425,11745823,4.806398720138878e-05,4.806398720138878e-05,5.162390554447334e-05,5.467690353204392e-05,0.0010000000000000002,"pumping-support geometric mean within 130 m, with arithmetic and annular transmissivity targets retained as support sensitivity",1.137585679335069,0.4320000000000001,0.4627571262466509,0.38449873063359485,0.0010000000000000002,0.0010000000000000005,4.336808689942016e-16,5.702381400005834
mega_heterogeneous_boundary_00037,heterogeneous boundary,21060645,0.5344762544340508,14.391582452507802,0.0,0.0,1.0,,constant_head_x,10.0,605.0,20,10.0,mixed4,112.8216189521174,0.003,mega,Heterogeneous K with finite-domain boundary stress.,,True,61,61,3721,80,4,10.0,196.9771560359221,1.0095576033294367,1112150,6.16055298070985e-05,6.16055298070985e-05,7.224432637047841e-05,7.315078004875433e-05,0.001000000000000001,"pumping-support geometric mean within 130 m, with arithmetic and annular transmissivity targets retained as support sensitivity",1.1874060701662128,0.43200000000000005,0.4964196693904979,0.544949544919411,0.001000000000000001,0.0010000000000000005,4.336808689942016e-16,2.8264848999970127
mega_heterogeneous_boundary_00038,heterogeneous boundary,21060646,0.9155019773058867,13.764552165764705,0.0,0.0,1.0,,constant_head_east,10.0,805.0,20,10.0,far4,79.27098480981014,0.01,mega,Heterogeneous K with finite-domain boundary stress.,,True,81,81,6561,80,4,50.99019513592785,203.9607805437114,0.6098398290750349,1895313,4.993408742935138e-05,4.993408742935138e-05,7.330696821918813e-05,3.716071633173522e-05,0.001000000000000001,"pumping-support geometric mean within 130 m, with arithmetic and annular transmissivity targets retained as support sensitivity",1.9727006219356444,0.432,0.6692161149232972,1.2632955235518366,0.0009999999999999994,0.0010000000000000002,2.1684043449710084e-16,3.367356499999005
mega_heterogeneous_boundary_00039,heterogeneous boundary,21060647,0.15461923970652017,92.81341894177838,0.0,0.0,1.0,,constant_head_all,7.5,1205.0,28,5.0,mixed4,40.576271024081116,0.001,mega,Heterogeneous K with finite-domain boundary stress.,,True,163,163,26569,112,4,10.606601717798213,196.8660712261003,1.0939742917950603,9158614,5.21141740104527e-05,5.21141740104527e-05,5.2294275326974996e-05,6.309678599410939e-05,0.0010000000000000002,"pumping-support geometric mean within 130 m, with arithmetic and annular transmissivity targets retained as support sensitivity",1.2107413614855314,0.43200000000000005,0.43724107242435123,0.15766593577791296,0.0010000000000000002,0.0010000000000000005,4.336808689942016e-16,4.5314175999956205
mega_heterogeneous_boundary_00040,heterogeneous boundary,21060648,0.8257844935699576,69.37776870718736,0.0,0.0,1.0,,constant_head_x,10.0,805.0,40,5.0,dense5,176.7080205628768,0.0,mega,Heterogeneous K with finite-domain boundary stress.,,True,81,81,6561,200,5,10.0,200.24984394500785,1.6322140520259247,3008064,3.482736142359988e-05,3.482736142359988e-05,4.0128789830080766e-05,3.833136086268748e-05,0.001000000000000001,"pumping-support geometric mean within 130 m, with arithmetic and annular transmissivity targets retained as support sensitivity",1.15222021392894,0.43200000000000005,0.6193177837182369,0.9716751754947061,0.0009999999999999994,0.0010000000000000002,2.1684043449710084e-16,6.410162299995136
mega_heterogeneous_boundary_00041,heterogeneous boundary,21060649,0.17010754504622438,106.79124259766394,0.0,0.0,1.0,,none,7.5,805.0,40,2.0,near4,72.43295296892354,0.01,mega,Heterogeneous K with finite-domain boundary stress.,,False,109,109,11881,160,4,7.5,47.43416490252569,1.2172718132829343,5313593,4.690044392747021e-05,4.690044392747021e-05,4.713341594678688e-05,5.640644793466501e-05,0.0010000000000000002,"pumping-support geometric mean within 130 m, with arithmetic and annular transmissivity targets retained as support sensitivity",1.202684734112442,0.432,0.4383847091399031,0.173881988303318,0.001000000000000001,0.0010000000000000005,4.336808689942016e-16,5.269282599998405
mega_heterogeneous_boundary_00042,heterogeneous boundary,21060650,1.2532780041778087,59.85610338543504,0.0,0.0,1.0,,constant_head_east,10.0,1005.0,40,1.0,mixed4,97.3857339520403,0.01,mega,Heterogeneous K with finite-domain boundary stress.,,True,101,101,10201,160,4,10.0,202.23748416156684,2.195141265850492,4594032,2.0692240693536497e-05,2.0692240693536497e-05,2.625470807210734e-05,2.0474323286182666e-05,0.001000000000000001,"pumping-support geometric mean within 130 m, with arithmetic and annular transmissivity targets retained as support sensitivity",1.2823236062617822,0.43200000000000005,0.962380276003201,1.7635013610566597,0.0010000000000000002,0.0010000000000000005,4.336808689942016e-16,7.588447399997676
mega_heterogeneous_boundary_00043,heterogeneous boundary,21060651,1.1156788984629888,8.374060216427578,0.0,0.0,1.0,,constant_head_x,7.5,1205.0,28,5.0,mixed4,42.10288995691363,0.001,mega,Heterogeneous K with finite-domain boundary stress.,,True,163,163,26569,112,4,10.606601717798213,201.80436070610565,1.1112819663949165,9150132,5.881245994557493e-05,5.881245994557493e-05,0.00010414593210307176,3.304601290426046e-05,0.0010000000000000002,"pumping-support geometric mean within 130 m, with arithmetic and annular transmissivity targets retained as support sensitivity",3.1515430440821723,0.4320000000000001,0.8060573116884849,1.5832237036598815,0.0010000000000000002,0.0010000000000000005,4.336808689942016e-16,6.014715199999046
mega_heterogeneous_boundary_00044,heterogeneous boundary,21060652,1.3998931035825097,33.279337267519665,0.0,0.0,1.0,,constant_head_x,5.0,805.0,28,2.0,sparse3,107.86930436006195,0.001,mega,Heterogeneous K with finite-domain boundary stress.,,True,163,163,26569,84,3,20.615528128088304,199.24858845171275,0.3974440611427536,9150132,9.218560447208686e-05,9.218560447208686e-05,0.00012592496101800231,0.00010635399838767157,0.001000000000000001,"pumping-support geometric mean within 130 m, with arithmetic and annular transmissivity targets retained as support sensitivity",1.3659937659369743,0.43200000000000005,1.2681883309087045,2.724914483082625,0.0010000000000000002,0.0010000000000000005,4.336808689942016e-16,3.7421713000003365
mega_heterogeneous_boundary_00045,heterogeneous boundary,21060653,0.9952296770069635,41.36573015072899,0.0,0.0,1.0,,constant_head_all,5.0,1205.0,20,5.0,far4,70.91039979903604,0.001,mega,Heterogeneous K with finite-domain boundary stress.,,True,243,243,59049,80,4,47.43416490252569,200.81085628023203,0.7243731563599822,16408248,3.2015167910376044e-05,3.2015167910376044e-05,3.934524502214131e-05,3.860976034887961e-05,0.001000000000000001,"pumping-support geometric mean within 130 m, with arithmetic and annular transmissivity targets retained as support sensitivity",1.2289563850573968,0.432,0.7052526648185444,1.3230005947039865,0.0009999999999999994,0.0010000000000000007,6.505213034913023e-16,5.902665699999488
mega_heterogeneous_boundary_00046,heterogeneous boundary,21060654,0.9991856150516624,174.2472161951292,0.0,0.0,1.0,,none,5.0,1205.0,40,2.0,sparse3,155.09666036705687,0.0,mega,Heterogeneous K with finite-domain boundary stress.,,False,243,243,59049,120,3,22.360679774997898,199.06029237394384,0.42876948765584255,25881065,9.263967238899526e-05,9.263967238899526e-05,9.365491706069122e-05,0.00011540692783689945,0.001000000000000001,"pumping-support geometric mean within 130 m, with arithmetic and annular transmissivity targets retained as support sensitivity",1.2457613985540035,0.432,0.7391925746636681,1.2052949690570558,0.0009999999999999994,0.0010000000000000007,6.505213034913023e-16,8.734249799999816
mega_heterogeneous_boundary_00047,heterogeneous boundary,21060655,1.1358334552442333,161.3291496004562,0.0,0.0,1.0,,none,5.0,405.0,28,1.0,standard4,177.9649682909333,0.001,mega,Heterogeneous K with finite-domain boundary stress.,,False,83,83,6889,112,4,20.0,100.12492197250393,0.7113881040257085,2441612,4.1349673231111463e-05,4.1349673231111463e-05,4.623393317786731e-05,4.4450869585318984e-05,0.001000000000000001,"pumping-support geometric mean within 130 m, with arithmetic and annular transmissivity targets retained as support sensitivity",1.1181208837965118,0.4320000000000001,0.8482481987890432,1.5231625270738063,0.0009999999999999994,0.0010000000000000005,4.336808689942016e-16,3.270844600003329
mega_heterogeneous_boundary_00048,heterogeneous boundary,21060656,1.1780890770938552,154.6769645063454,0.0,0.0,1.0,,constant_head_x,10.0,805.0,28,2.0,near4,165.3144084611881,0.001,mega,Heterogeneous K with finite-domain boundary stress.,,True,81,81,6561,112,4,10.0,50.99019513592785,1.2340211353486283,2341623,3.793519911702003e-05,3.793519911702003e-05,4.07083531896031e-05,4.6628638808658757e-05,0.001000000000000001,"pumping-support geometric mean within 130 m, with arithmetic and annular transmissivity targets retained as support sensitivity",1.229165521573296,0.4320000000000001,0.8242588581548669,1.1962629870426664,0.0009999999999999994,0.0010000000000000002,2.1684043449710084e-16,3.317429800001264
mega_heterogeneous_boundary_00049,heterogeneous boundary,21060657,0.5501363850627211,171.62729796243133,0.0,0.0,1.0,,constant_head_all,7.5,605.0,20,2.0,far4,113.18343693277458,0.0,mega,Heterogeneous K with finite-domain boundary stress.,,True,83,83,6889,80,4,50.31152949374527,201.9436802675439,0.3900501548479887,1992106,4.783558412260766e-05,4.783558412260766e-05,4.8703067448574454e-05,5.7898456005183165e-05,0.0010000000000000002,"pumping-support geometric mean within 130 m, with arithmetic and annular transmissivity targets retained as support sensitivity",1.2103637295780334,0.43200000000000005,0.48910617296766556,0.42093779155325595,0.0009999999999999994,0.0010000000000000005,4.336808689942016e-16,3.950863300000492
mega_combined_leakage_boundary_00000,combined leakage boundary,21160608,0.7729334991326843,169.09612831259622,0.19065643277986188,60.86778176971406,2.1258758592458245,241.65302815735916,constant_head_all,5.0,1005.0,28,10.0,far4,4.371690186696615,0.001,mega,"Combined K heterogeneity, possible storage variability, leakage, anisotropy, and boundary stress.",241.65302815735916,True,203,203,41209,112,4,50.24937810560445,200.5617112013158,0.4109141627894613,15856874,7.517061987518374e-05,7.517061987518374e-05,7.839296128482902e-05,9.720311784955944e-05,0.0008358269017674893,"pumping-support geometric mean within 130 m, with arithmetic and annular transmissivity targets retained as support sensitivity",1.293099857510279,0.29628850094077325,0.4093062500700249,0.8958588735424292,0.0009999999999999994,0.0010182826171364723,0.19138462611094745,6.095550500001991
mega_combined_leakage_boundary_00001,combined leakage boundary,21160609,1.4119739791475272,29.454243742235278,0.33086260893330327,29.87177926679479,2.34186122470685,55.42885037763075,constant_head_x,10.0,1005.0,20,5.0,standard4,120.85065165525918,0.01,mega,"Combined K heterogeneity, possible storage variability, leakage, anisotropy, and boundary stress.",55.42885037763075,True,101,101,10201,80,4,22.360679774997898,102.95630140987001,0.21697303154706812,3320605,5.59066188670647e-05,5.59066188670647e-05,0.00024164878120322325,4.103877463171814e-05,0.0013535277021798637,"pumping-support geometric mean within 130 m, with arithmetic and annular transmissivity targets retained as support sensitivity",5.888304009361361,0.28229498887859406,0.7440016709744101,2.1995817815208016,0.0010000000000000002,0.001056587441835699,0.3434652988795256,4.702897999995912
mega_combined_leakage_boundary_00002,combined leakage boundary,21160610,1.4132202806430751,25.378523924306904,0.4914454382533399,12.993676341188625,0.5292651710281939,27.881711264895483,constant_head_east,5.0,805.0,40,10.0,sparse3,70.16264503011513,0.003,mega,"Combined K heterogeneity, possible storage variability, leakage, anisotropy, and boundary stress.",27.881711264895483,True,163,163,26569,120,3,20.615528128088304,202.48456731316588,0.04784760179874238,12837628,5.301144006395295e-05,5.301144006395295e-05,0.00010764652708097775,6.772547126538405e-05,0.0009616264183381656,"pumping-support geometric mean within 130 m, with arithmetic and annular transmissivity targets retained as support sensitivity",2.0306282370581346,0.5938094284495173,1.8131154001079948,2.9944226907336855,0.0010000000000000002,0.001125625815784702,0.5028498587835318,7.167903200002911
mega_combined_leakage_boundary_00003,combined leakage boundary,21160611,1.1392043961401388,146.72781181817817,0.6901245809866801,152.15583891067817,1.6251653178301777,33.049673031904895,constant_head_all,10.0,1205.0,28,1.0,dense5,154.98935617902836,0.01,mega,"Combined K heterogeneity, possible storage variability, leakage, anisotropy, and boundary stress.",33.049673031904895,True,121,121,14641,140,5,10.0,196.9771560359221,2.716084633896141,5700845,1.2097239036946274e-05,1.2097239036946274e-05,1.396107243645436e-05,1.2570773390221932e-05,0.0009847619405549419,"pumping-support geometric mean within 130 m, with arithmetic and annular transmissivity targets retained as support sensitivity",1.1540709738656678,0.33887144457503576,0.6237528580341313,1.1984373766346754,0.0010000000000000002,0.0013162260587329653,0.9762168975478543,6.418130699996254
mega_combined_leakage_boundary_00004,combined leakage boundary,21160612,1.0029442038514853,99.89652469702715,0.20522545620334773,139.83733910508448,1.9298479527258048,68.22123270965295,constant_head_all,10.0,1205.0,20,2.0,mixed4,3.6356063146912403,0.003,mega,"Combined K heterogeneity, possible storage variability, leakage, anisotropy, and boundary stress.",68.22123270965295,True,121,121,14641,80,4,10.0,200.24984394500785,1.0578043121163472,4738073,3.582522236509598e-05,3.582522236509598e-05,4.5464108897174966e-05,4.4212769441704825e-05,0.0011837888324554258,"pumping-support geometric mean within 130 m, with arithmetic and annular transmissivity targets retained as support sensitivity",1.2690530831560176,0.3109726539285285,0.4734273015933862,0.8933824272203456,0.0010000000000000002,0.001021146473926932,0.20515931912741467,5.919187500003318
mega_combined_leakage_boundary_00005,combined leakage boundary,21160613,1.3834580398908953,11.683900542604754,0.698152797870289,23.473176521030464,1.4087800409942304,87.31810804957534,constant_head_x,10.0,805.0,28,10.0,near4,7.844762236277211,0.0,mega,"Combined K heterogeneity, possible storage variability, leakage, anisotropy, and boundary stress.",87.31810804957534,True,81,81,6561,112,4,10.0,50.99019513592785,0.21704649794361242,2613423,5.35788698897245e-05,5.35788698897245e-05,0.00015234490807551583,4.4321326266624637e-05,0.001274017735583986,"pumping-support geometric mean within 130 m, with arithmetic and annular transmissivity targets retained as support sensitivity",3.4372822500629088,0.36396711963538225,0.970732410332255,2.6675055064041686,0.0009999999999999994,0.0012771894272618064,0.8271622895043408,3.9926794999992126
mega_combined_leakage_boundary_00006,combined leakage boundary,21160614,0.7452189760494645,98.17082643898787,0.038944210552144,28.153568070922063,1.0285614691968603,64.21214965750221,constant_head_x,10.0,1005.0,40,2.0,mixed4,159.38238245395985,0.003,mega,"Combined K heterogeneity, possible storage variability, leakage, anisotropy, and boundary stress.",64.21214965750221,True,101,101,10201,160,4,10.0,202.48456731316588,0.7952134876561257,5018700,4.9909398431739064e-05,4.9909398431739064e-05,5.512903687648967e-05,6.001789126791505e-05,0.0010030243275588578,"pumping-support geometric mean within 130 m, with arithmetic and annular transmissivity targets retained as support sensitivity",1.2025368598662103,0.42595980661405713,0.5999724913249161,1.4079773120590537,0.0010000000000000002,0.001000759299602535,0.03901345249606304,6.427706600006786
mega_combined_leakage_boundary_00007,combined leakage boundary,21160615,0.2033129323231831,12.63942624597061,0.758147455881407,155.02933676407153,0.3190557917265561,137.11720898112353,constant_head_east,5.0,605.0,20,10.0,far4,37.69191269956468,0.0,mega,"Combined K heterogeneity, possible storage variability, leakage, anisotropy, and boundary stress.",137.11720898112353,True,123,123,15129,80,4,50.0,200.0,0.2255487783249475,4882163,8.684397168699867e-05,8.684397168699867e-05,8.874134797794049e-05,9.584260567046468e-05,0.0009506299387791375,"pumping-support geometric mean within 130 m, with arithmetic and annular transmissivity targets retained as support sensitivity",1.1036184067663177,0.7648044927577828,0.7810913244008895,0.21229489096057827,0.0010000000000000002,0.0013969502361960975,0.9520506304773716,4.103237499999523
mega_combined_leakage_boundary_00008,combined leakage boundary,21160616,1.2259168252159127,96.50995126205359,0.1137779272412634,29.696690080542442,0.42231844282350167,76.82860593499672,constant_head_east,5.0,805.0,20,10.0,near4,52.13302512414214,0.01,mega,"Combined K heterogeneity, possible storage variability, leakage, anisotropy, and boundary stress.",76.82860593499672,True,163,163,26569,80,4,11.180339887498949,50.0,2.1523043033299882,8520853,2.7019071996889123e-05,2.7019071996889123e-05,3.933821216253798e-05,2.0959166008278075e-05,0.0009959982405248452,"pumping-support geometric mean within 130 m, with arithmetic and annular transmissivity targets retained as support sensitivity",1.8768977805224158,0.6647582302912047,1.3208421367551373,1.3196266410845097,0.0010000000000000002,0.0010064690624976991,0.11359583820817007,4.708615099996678
mega_combined_leakage_boundary_00009,combined leakage boundary,21160617,1.3594195177790491,34.50928616797559,0.27357070132738776,17.676562227153585,1.0694329835162106,190.56112658197412,constant_head_x,10.0,605.0,28,5.0,mixed4,133.08080943345112,0.001,mega,"Combined K heterogeneity, possible storage variability, leakage, anisotropy, and boundary stress.",190.56112658197412,True,61,61,3721,112,4,14.142135623730951,205.1828452868319,1.0046048076507106,1531834,4.280087024175509e-05,4.280087024175509e-05,5.5965420563736645e-05,4.814553120694453e-05,0.0010650888437092575,"pumping-support geometric mean within 130 m, with arithmetic and annular transmissivity targets retained as support sensitivity",1.3075766975676737,0.41774086296103774,1.3179253852089756,4.4883176988164655,0.0010000000000000002,0.0010376910672904626,0.27333668229054425,4.250321400002576
mega_combined_leakage_boundary_00010,combined leakage boundary,21160618,0.7297740689819964,11.54733029640286,0.5438840102912877,25.390617364659214,0.32436710123904133,114.09017185467002,constant_head_all,7.5,605.0,40,5.0,dense5,101.3800798794452,0.001,mega,"Combined K heterogeneity, possible storage variability, leakage, anisotropy, and boundary stress.",114.09017185467002,True,83,83,6889,200,5,7.5,198.5730344231059,1.0732860861137399,3443298,8.208970332533411e-05,8.208970332533411e-05,0.00010457917448171092,4.3809990930811683e-05,0.001083786001824153,"pumping-support geometric mean within 130 m, with arithmetic and annular transmissivity targets retained as support sensitivity",2.3871078779009767,0.7585170493668948,0.9767981658331113,0.7618780281944953,0.0009999999999999994,0.0011536251177970518,0.574064528347516,6.895179400002235
mega_combined_leakage_boundary_00011,combined leakage boundary,21160619,1.0618452197965624,68.9343020187862,0.5837007931012853,128.3146126601188,2.266099468033679,89.44784754164378,constant_head_east,10.0,605.0,40,1.0,dense5,18.88737757536172,0.003,mega,"Combined K heterogeneity, possible storage variability, leakage, anisotropy, and boundary stress.",89.44784754164378,True,61,61,3721,200,5,10.0,199.24858845171275,0.6344730109714979,1926796,4.9142290371468045e-05,4.9142290371468045e-05,6.323911672869756e-05,7.697996453983797e-05,0.0006964941436569583,"pumping-support geometric mean within 130 m, with arithmetic and annular transmissivity targets retained as support sensitivity",1.566470833124466,0.2869751307280612,0.5420175093367761,1.6162196825938844,0.001000000000000001,0.001193556996159361,0.6279718342747791,7.549787200005085
mega_combined_leakage_boundary_00012,combined leakage boundary,21160620,1.385144924226595,25.832062026106257,0.28001039833819336,21.02608806916528,0.6981646876488848,40.26501387531165,constant_head_x,7.5,1005.0,20,2.0,sparse3,116.22773128665385,0.01,mega,"Combined K heterogeneity, possible storage variability, leakage, anisotropy, and boundary stress.",40.26501387531165,True,135,135,18225,60,3,16.77050983124842,201.24611797498108,0.653117345622058,5871469,7.558323618768963e-05,7.558323618768963e-05,0.00012177839212276765,3.584885663759148e-05,0.0010409182052050067,"pumping-support geometric mean within 130 m, with arithmetic and annular transmissivity targets retained as support sensitivity",3.3969951497719335,0.517016980970859,1.306871157856383,2.3172190415856035,0.0009999999999999994,0.0010399904338060202,0.2855586087528482,4.743009799996798
mega_combined_leakage_boundary_00013,combined leakage boundary,21160621,0.2691007599110624,18.954051174523567,0.5018272710101747,34.83933782447639,2.7443894906959927,44.53832682252007,constant_head_x,7.5,605.0,28,10.0,sparse3,150.1919667120414,0.003,mega,"Combined K heterogeneity, possible storage variability, leakage, anisotropy, and boundary stress.",44.53832682252007,True,83,83,6889,84,3,16.77050983124842,198.1476722043436,0.9496680073441379,2738324,2.734561459234775e-05,2.734561459234775e-05,2.8278992875713682e-05,3.0531317719672894e-05,0.0010997126728681582,"pumping-support geometric mean within 130 m, with arithmetic and annular transmissivity targets retained as support sensitivity",1.1164977702939107,0.26077194906768997,0.2704731763348077,0.2776821829309592,0.0010000000000000002,0.0011325905382297198,0.5256818794596125,4.538608000002569
mega_combined_leakage_boundary_00014,combined leakage boundary,21160622,0.3679151299742221,24.0957817767243,0.03708142589111942,92.67698486484639,2.5318879696379155,78.59814797733304,constant_head_x,7.5,605.0,28,5.0,mixed4,32.0509113377994,0.01,mega,"Combined K heterogeneity, possible storage variability, leakage, anisotropy, and boundary stress.",78.59814797733304,True,83,83,6889,112,4,10.606601717798213,201.9436802675439,1.5415400835985655,2738601,3.0930294539628686e-05,3.0930294539628686e-05,3.4430099272710516e-05,2.8973395469523145e-05,0.0009959021961240034,"pumping-support geometric mean within 130 m, with arithmetic and annular transmissivity targets retained as support sensitivity",1.1883349781673753,0.2714947927119472,0.29087526793947,0.39410476445063464,0.0010000000000000002,0.0010006875780498043,0.037072114619069195,6.016156999998202
mega_combined_leakage_boundary_00015,combined leakage boundary,21160623,0.3720988020951487,118.87180088325803,0.7746292764928243,24.261906439864532,1.100152250602031,209.21066073225467,constant_head_all,5.0,805.0,28,1.0,sparse3,78.1021828088302,0.01,mega,"Combined K heterogeneity, possible storage variability, leakage, anisotropy, and boundary stress.",209.21066073225467,True,163,163,26569,84,3,20.615528128088304,199.06029237394384,0.5284611564702483,10260290,4.599361535116425e-05,4.599361535116425e-05,4.6445598739200424e-05,5.5692204667428175e-05,0.0012606246746229527,"pumping-support geometric mean within 130 m, with arithmetic and annular transmissivity targets retained as support sensitivity",1.210868165988139,0.41186733633580086,0.44425945369494757,0.43658015935088396,0.0010000000000000002,0.001380989280227217,1.2568343126107617,4.833856099998229
mega_combined_leakage_boundary_00016,combined leakage boundary,21160624,0.24358233573588894,9.309712696916113,0.44586903395682065,117.87215067687916,0.6718855643231133,39.11205312506661,constant_head_x,5.0,805.0,28,10.0,near4,102.71802176781718,0.001,mega,"Combined K heterogeneity, possible storage variability, leakage, anisotropy, and boundary stress.",39.11205312506661,True,163,163,26569,112,4,10.0,50.99019513592785,0.5081960590113778,10252465,5.716599527494889e-05,5.716599527494889e-05,5.9430621308912845e-05,7.312761479001571e-05,0.0010073811073515505,"pumping-support geometric mean within 130 m, with arithmetic and annular transmissivity targets retained as support sensitivity",1.2792152824121559,0.5270309156625997,0.5429010134807516,0.24725046288926997,0.0010000000000000002,0.00109869909856183,0.4241838595603072,6.005753899997217
mega_combined_leakage_boundary_00017,combined leakage boundary,21160625,1.4963396320569136,35.44115919657724,0.06080089879200057,8.185703339932212,1.6491871967113287,87.04026808049933,constant_head_east,5.0,1205.0,20,2.0,sparse3,174.40594679614665,0.001,mega,"Combined K heterogeneity, possible storage variability, leakage, anisotropy, and boundary stress.",87.04026808049933,True,243,243,59049,60,3,20.0,200.9975124224178,1.2643440170545668,18852056,1.479317670196492e-05,1.479317670196492e-05,6.943608144875114e-05,1.006771251690207e-05,0.0009980811120305145,"pumping-support geometric mean within 130 m, with arithmetic and annular transmissivity targets retained as support sensitivity",6.8969074486562,0.336394409381736,0.9302064950378791,1.7877545685800573,0.001000000000000001,0.0010018495634141627,0.06083282593035866,6.963172600000689
mega_combined_leakage_boundary_00018,combined leakage boundary,21160626,1.4777494262762745,93.95453579101559,0.05870198700147399,21.374626806007132,0.8408463892695279,56.1972164170889,constant_head_x,5.0,405.0,28,5.0,standard4,5.043049892104033,0.0,mega,"Combined K heterogeneity, possible storage variability, leakage, anisotropy, and boundary stress.",56.1972164170889,True,83,83,6889,112,4,20.0,100.4987562112089,0.4381754813541489,2738398,4.523861667688042e-05,4.523861667688042e-05,8.920272787116286e-05,4.105519873645995e-05,0.0009943959968264531,"pumping-support geometric mean within 130 m, with arithmetic and annular transmissivity targets retained as support sensitivity",2.172751091616187,0.47111335428247864,1.442967854688251,2.3514836874876788,0.0009999999999999994,0.0010017327183899805,0.05920905289082736,3.7593934000033187
mega_combined_leakage_boundary_00019,combined leakage boundary,21160627,0.6034895416545653,10.319575342397412,0.6969327389687319,8.096442346595135,2.6574945377492187,39.31368516725134,constant_head_east,7.5,805.0,20,1.0,standard4,42.765926764812065,0.003,mega,"Combined K heterogeneity, possible storage variability, leakage, anisotropy, and boundary stress.",39.31368516725134,True,109,109,11881,80,4,21.213203435596427,100.90218035305283,0.36385597411587756,3851998,3.123604350855724e-05,3.123604350855724e-05,3.776834834379147e-05,4.572955212202344e-05,0.0008964510194469301,"pumping-support geometric mean within 130 m, with arithmetic and annular transmissivity targets retained as support sensitivity",1.4639995013931788,0.26500102670386916,0.318147038677303,0.66896186186586,0.001000000000000001,0.001265896033891955,0.7493465488201998,5.325797199999215
mega_combined_leakage_boundary_00020,combined leakage boundary,21160628,1.1852887420486418,54.50042235512577,0.3819754229256813,127.28891884688203,2.3003616611263316,126.48864247432715,constant_head_all,5.0,1205.0,20,1.0,far4,159.22946159950504,0.01,mega,"Combined K heterogeneity, possible storage variability, leakage, anisotropy, and boundary stress.",126.48864247432715,True,243,243,59049,80,4,49.24428900898052,197.80040444852483,0.3057433218066115,18869616,1.7316511652486663e-05,1.7316511652486663e-05,2.8064664538736865e-05,1.841286496608451e-05,0.0015780420155439895,"pumping-support geometric mean within 130 m, with arithmetic and annular transmissivity targets retained as support sensitivity",1.6206881098195525,0.2848299714897802,0.5684331141012965,1.5212081319228887,0.001000000000000001,0.0010745024443999365,0.38024785842096603,8.604636800002481
mega_combined_leakage_boundary_00021,combined leakage boundary,21160629,1.1532232843569068,13.83336239680493,0.5015619993369896,89.89284495782339,0.35793265904939553,183.27517546797884,constant_head_east,10.0,1005.0,28,5.0,near4,126.40866249664305,0.003,mega,"Combined K heterogeneity, possible storage variability, leakage, anisotropy, and boundary stress.",183.27517546797884,True,101,101,10201,112,4,14.142135623730951,50.0,0.5696918918024695,3997530,0.00010882961855724098,0.00010882961855724098,0.00019584325586215746,4.81920619777421e-05,0.0011629544102755465,"pumping-support geometric mean within 130 m, with arithmetic and annular transmissivity targets retained as support sensitivity",4.063807353846143,0.7220762877312331,1.3809443527203449,1.4793520516644874,0.0010000000000000002,0.0011289546666009883,0.5050310722013688,4.0232621999966796
mega_combined_leakage_boundary_00022,combined leakage boundary,21160630,0.4746141533367242,10.121759043188522,0.19880712877646,52.62938546445003,1.105367002552682,46.74102372712064,constant_head_x,7.5,805.0,20,10.0,standard4,139.01954347716952,0.0,mega,"Combined K heterogeneity, possible storage variability, leakage, anisotropy, and boundary stress.",46.74102372712064,True,109,109,11881,80,4,21.213203435596427,100.90218035305283,0.40181916121460887,3854843,4.3489827362413664e-05,4.3489827362413664e-05,4.877471269313548e-05,5.302138820302105e-05,0.001012617716409565,"pumping-support geometric mean within 130 m, with arithmetic and annular transmissivity targets retained as support sensitivity",1.2191675943244855,0.41089466159629046,0.4601239573391756,0.5080811799086639,0.001000000000000001,0.0010199566258643291,0.20028493208060144,3.4314127000034205
mega_combined_leakage_boundary_00023,combined leakage boundary,21160631,1.0693275303861416,71.48938941747257,0.43232561337270053,92.04559097687903,0.3050874856042429,42.740903068833134,constant_head_x,10.0,1205.0,28,2.0,dense5,69.30790629142719,0.001,mega,"Combined K heterogeneity, possible storage variability, leakage, anisotropy, and boundary stress.",42.740903068833134,True,121,121,14641,140,5,10.0,202.48456731316588,0.16732652011647817,5695094,0.0002062211764024771,0.0002062211764024771,0.00021773035287268365,0.000267376436175572,0.0012717552533598531,"pumping-support geometric mean within 130 m, with arithmetic and annular transmissivity targets retained as support sensitivity",1.2965517937582685,0.7821166834390083,1.464984049725553,1.5481826962948653,0.0010000000000000002,0.001101566473081585,0.4741989911372008,7.2519717999966815
mega_combined_leakage_boundary_00024,combined leakage boundary,21160632,0.6336170445707903,172.19217828400758,0.7634040221669487,12.023156421336305,1.6206706886549207,90.7291259993903,constant_head_x,5.0,805.0,28,10.0,sparse3,110.69845381663552,0.003,mega,"Combined K heterogeneity, possible storage variability, leakage, anisotropy, and boundary stress.",90.7291259993903,True,163,163,26569,84,3,20.615528128088304,197.80040444852483,0.5453960147870294,10251730,4.978843752398868e-05,4.978843752398868e-05,5.194322919198664e-05,6.002439474433751e-05,0.0011451348105793312,"pumping-support geometric mean within 130 m, with arithmetic and annular transmissivity targets retained as support sensitivity",1.205589042946307,0.33934101774129294,0.4095435290379278,0.6054175941081318,0.0010000000000000002,0.0013329604802129037,0.8629858483246933,4.943714599998202
mega_combined_leakage_boundary_00025,combined leakage boundary,21160633,1.3958453330483327,138.0198017796191,0.6066426181103002,17.962411534364794,0.9893590327838466,108.93598700845287,constant_head_x,10.0,605.0,40,1.0,mixed4,145.9039171406969,0.001,mega,"Combined K heterogeneity, possible storage variability, leakage, anisotropy, and boundary stress.",108.93598700845287,True,61,61,3721,160,4,14.142135623730951,202.48456731316588,0.9881517158967986,1928492,3.296572696810062e-05,3.296572696810062e-05,3.785824261599383e-05,3.633783595443575e-05,0.000830049243599068,"pumping-support geometric mean within 130 m, with arithmetic and annular transmissivity targets retained as support sensitivity",1.1484121873795614,0.43431695639613965,1.0719521622229402,1.5737940075630334,0.001000000000000001,0.001208721932542436,0.7093533066250024,6.071003600001859
mega_combined_leakage_boundary_00026,combined leakage boundary,21160634,0.16963968702172,17.149527891511084,0.11799849870796064,58.74564939883171,1.5169324032853904,27.785020344009414,constant_head_all,5.0,805.0,20,2.0,sparse3,106.03092158612469,0.003,mega,"Combined K heterogeneity, possible storage variability, leakage, anisotropy, and boundary stress.",27.785020344009414,True,163,163,26569,60,3,20.615528128088304,197.80040444852483,0.24990860843265889,8533024,4.283445896983006e-05,4.283445896983006e-05,4.345146999905214e-05,4.87194300074387e-05,0.0010617315499504452,"pumping-support geometric mean within 130 m, with arithmetic and annular transmissivity targets retained as support sensitivity",1.1373887094442736,0.35075238486584076,0.3558719136031493,0.17257486182505094,0.0010000000000000002,0.001006983191258467,0.11819768169555629,4.955667300004279
mega_combined_leakage_boundary_00027,combined leakage boundary,21160635,0.27391161266793346,103.41661990791079,0.3881425305834323,11.63755007049471,0.5531599507848968,61.80334325456139,constant_head_east,7.5,1005.0,40,10.0,sparse3,179.7537976213557,0.003,mega,"Combined K heterogeneity, possible storage variability, leakage, anisotropy, and boundary stress.",61.80334325456139,True,135,135,18225,120,3,22.5,202.5,0.3095107367185512,8849804,6.973340386912321e-05,6.973340386912321e-05,7.016725750549954e-05,8.289989170341938e-05,0.0010520692917532289,"pumping-support geometric mean within 130 m, with arithmetic and annular transmissivity targets retained as support sensitivity",1.1888117760464876,0.5808424948640774,0.6022028200745181,0.2615916406453295,0.0010000000000000002,0.001078699050948944,0.409065789125208,6.120981300002313
mega_combined_leakage_boundary_00028,combined leakage boundary,21160636,0.5460814953692733,11.89085672728226,0.30461101555427295,123.84566040399893,0.4312572405082798,34.70991898555117,constant_head_x,10.0,805.0,28,2.0,standard4,64.93300443201524,0.0,mega,"Combined K heterogeneity, possible storage variability, leakage, anisotropy, and boundary stress.",34.70991898555117,True,81,81,6561,112,4,22.360679774997898,98.48857801796105,0.1529830440502412,2612865,7.763326742344703e-05,7.763326742344703e-05,8.671147281003375e-05,9.229332204582559e-05,0.0008655609607454856,"pumping-support geometric mean within 130 m, with arithmetic and annular transmissivity targets retained as support sensitivity",1.1888372743918658,0.6578328349628473,0.7625091945539638,0.5869713768567626,0.0009999999999999994,0.0010514066171241664,0.34621223097985776,4.449213400002918
mega_combined_leakage_boundary_00029,combined leakage boundary,21160637,1.0095449829436425,167.44578234811925,0.349569647017285,125.62993770426826,3.0769110756368816,29.557786212561407,constant_head_east,7.5,605.0,40,10.0,mixed4,48.2471328299802,0.0,mega,"Combined K heterogeneity, possible storage variability, leakage, anisotropy, and boundary stress.",29.557786212561407,True,83,83,6889,160,4,10.606601717798213,201.80436070610565,0.3776118449492709,3437286,5.0861199560984674e-05,5.0861199560984674e-05,5.282620146518331e-05,6.593815077513334e-05,0.000980180290887949,"pumping-support geometric mean within 130 m, with arithmetic and annular transmissivity targets retained as support sensitivity",1.2964332604084725,0.24627837211618162,0.3579400261736597,0.711286669776178,0.0009999999999999994,0.0010636841110365784,0.3788517019245898,7.766257499999483
mega_combined_leakage_boundary_00030,combined leakage boundary,21160638,1.0831020865358134,16.01078027749996,0.46704493529239466,23.882061079541984,0.5610764879999224,170.47431945537105,constant_head_all,5.0,405.0,20,10.0,near4,143.48756992055948,0.001,mega,"Combined K heterogeneity, possible storage variability, leakage, anisotropy, and boundary stress.",170.47431945537105,True,83,83,6889,80,4,11.180339887498949,50.0,0.8777616985376027,2275197,6.753460987653127e-05,6.753460987653127e-05,0.00010893018922780725,4.491734558478447e-05,0.0011600333534553895,"pumping-support geometric mean within 130 m, with arithmetic and annular transmissivity targets retained as support sensitivity",2.425125256393308,0.576730224414322,1.035240084760931,1.4675212332517797,0.0009999999999999994,0.0011216877213833794,0.5602128959657076,3.38874339999893
mega_combined_leakage_boundary_00031,combined leakage boundary,21160639,1.3342106946485117,42.75485532237932,0.5032350058541241,9.848290582005648,2.4405450653941205,94.37253108880427,constant_head_all,7.5,805.0,40,1.0,mixed4,116.53015113572701,0.003,mega,"Combined K heterogeneity, possible storage variability, leakage, anisotropy, and boundary stress.",94.37253108880427,True,109,109,11881,160,4,10.606601717798213,201.24611797498108,0.2701585592517648,5826989,9.288312273744092e-05,9.288312273744092e-05,0.0003151703731204311,3.491641803927666e-05,0.0010159237326443902,"pumping-support geometric mean within 130 m, with arithmetic and annular transmissivity targets retained as support sensitivity",9.026423408205943,0.2765287758498207,0.6704845273386667,1.9671998899603031,0.001000000000000001,0.0011371373677053686,0.5716299350548721,7.607249000000593
mega_combined_leakage_boundary_00032,combined leakage boundary,21160640,1.3428037435408697,23.429165230632243,0.680874058215437,19.154208104878318,0.6491772706810119,138.31319714406564,constant_head_east,5.0,605.0,40,1.0,standard4,30.14190988148732,0.01,mega,"Combined K heterogeneity, possible storage variability, leakage, anisotropy, and boundary stress.",138.31319714406564,True,123,123,15129,160,4,18.027756377319946,98.6154146165801,0.42641584832423673,7370211,3.650396898205234e-05,3.650396898205234e-05,6.449399700140107e-05,5.414372008211494e-05,0.0009354534247725986,"pumping-support geometric mean within 130 m, with arithmetic and annular transmissivity targets retained as support sensitivity",1.7667667050974758,0.5361694857565774,1.3575031073046715,2.60046343076963,0.0010000000000000002,0.0012749188179693456,0.8564707905343975,5.897704599999997
mega_combined_leakage_boundary_00033,combined leakage boundary,21160641,0.6616543332769821,11.230530009312373,0.12613302429003134,74.35058903197631,0.37778534947754927,38.47318172401862,constant_head_x,10.0,1205.0,20,2.0,standard4,121.41336852730045,0.003,mega,"Combined K heterogeneity, possible storage variability, leakage, anisotropy, and boundary stress.",38.47318172401862,True,121,121,14641,80,4,22.360679774997898,102.95630140987001,0.2263989749840451,4732180,7.770332543543795e-05,7.770332543543795e-05,8.937694656380324e-05,6.774330411574251e-05,0.0010368239834703946,"pumping-support geometric mean within 130 m, with arithmetic and annular transmissivity targets retained as support sensitivity",1.3193473175016481,0.702847639873352,0.8774416465202349,0.7716719973766897,0.0010000000000000002,0.001008018146031688,0.1271893839316198,4.566026799999236
mega_combined_leakage_boundary_00034,combined leakage boundary,21160642,0.6975261094443597,14.96096960801469,0.5626748409248454,18.884240494737945,2.0736197432041314,213.1966761254963,constant_head_x,10.0,1205.0,40,5.0,far4,15.709111285545706,0.01,mega,"Combined K heterogeneity, possible storage variability, leakage, anisotropy, and boundary stress.",213.1966761254963,True,121,121,14641,160,4,50.99019513592785,196.468827043885,0.6012709587268049,7140429,4.058549300195371e-05,4.058549300195371e-05,4.923949294035953e-05,3.787636011314081e-05,0.0009732669490326865,"pumping-support geometric mean within 130 m, with arithmetic and annular transmissivity targets retained as support sensitivity",1.300005934922886,0.29999857182702927,0.3812824635550699,0.7707005664374816,0.0010000000000000002,0.001170805713093748,0.6176856676156595,7.014316599997983
mega_combined_leakage_boundary_00035,combined leakage boundary,21160643,0.33099048145762566,56.508548668609954,0.4139301841739205,12.049725429005457,0.5457521970724375,176.7327606032303,constant_head_all,5.0,1205.0,28,10.0,near4,150.60630797868004,0.001,mega,"Combined K heterogeneity, possible storage variability, leakage, anisotropy, and boundary stress.",176.7327606032303,True,243,243,59049,112,4,11.180339887498949,51.478150704935004,0.9358178167454402,22676267,5.8686149302283997e-05,5.8686149302283997e-05,6.2248064739851e-05,6.285561146569127e-05,0.001017105019775297,"pumping-support geometric mean within 130 m, with arithmetic and annular transmissivity targets retained as support sensitivity",1.071046783831922,0.5847712336328866,0.6158002707751238,0.3138120868782741,0.001000000000000001,0.0010899129272235644,0.4350769351075872,8.056471799995052
mega_combined_leakage_boundary_00036,combined leakage boundary,21160644,0.9359594680342549,34.27918299040566,0.41254148400996693,10.175382685876157,0.9976512420514867,30.816557835836623,constant_head_all,10.0,605.0,28,10.0,far4,105.90497439783755,0.001,mega,"Combined K heterogeneity, possible storage variability, leakage, anisotropy, and boundary stress.",30.816557835836623,True,61,61,3721,112,4,50.99019513592785,196.468827043885,0.06711916177673799,1534787,3.3171241572997694e-05,3.3171241572997694e-05,5.5815022003229154e-05,2.844162079731173e-05,0.0009015009553795329,"pumping-support geometric mean within 130 m, with arithmetic and annular transmissivity targets retained as support sensitivity",1.96244167661868,0.43250822716927007,0.656238788710083,1.0894295811799328,0.0010000000000000002,0.0010888439028659172,0.43178567550649255,6.721144499999355
mega_combined_leakage_boundary_00037,combined leakage boundary,21160645,1.1603591466163694,117.45542396859678,0.20157663522632918,101.79002197605959,0.34760002417077873,102.31795057571064,constant_head_x,7.5,1005.0,40,10.0,far4,77.49288728281503,0.0,mega,"Combined K heterogeneity, possible storage variability, leakage, anisotropy, and boundary stress.",102.31795057571064,True,135,135,18225,160,4,53.033008588991066,200.124960961895,0.293448966931124,8852658,7.06263317469308e-05,7.06263317469308e-05,7.895677398727102e-05,8.618255535825813e-05,0.0011191363640943352,"pumping-support geometric mean within 130 m, with arithmetic and annular transmissivity targets retained as support sensitivity",1.2202609597093135,0.7327297886013615,1.3901441113763318,1.3355405826288747,0.001000000000000001,0.0010207810429875169,0.20820460068988625,5.935836099997687
mega_combined_leakage_boundary_00038,combined leakage boundary,21160646,0.7633747673968599,157.7052339253698,0.7387298962309635,9.760499134737813,0.33069140407669545,36.958600231430104,constant_head_x,10.0,605.0,40,5.0,mixed4,30.9069097043714,0.01,mega,"Combined K heterogeneity, possible storage variability, leakage, anisotropy, and boundary stress.",36.958600231430104,True,61,61,3721,160,4,14.142135623730951,197.2308292331602,0.37064430415539923,1928478,5.79916445251318e-05,5.79916445251318e-05,6.047827034566909e-05,6.85561298126598e-05,0.0009533790783307897,"pumping-support geometric mean within 130 m, with arithmetic and annular transmissivity targets retained as support sensitivity",1.182172541821084,0.7512289116706874,1.1021508208171,1.4163181084956729,0.001000000000000001,0.0013110936428020782,0.8289832945705233,5.968020500004059
mega_combined_leakage_boundary_00039,combined leakage boundary,21160647,0.619325785102744,37.51297219710555,0.7036691208526473,22.56431962484438,0.3133058956444677,75.14795174552484,constant_head_all,7.5,605.0,40,1.0,sparse3,20.235048188585782,0.0,mega,"Combined K heterogeneity, possible storage variability, leakage, anisotropy, and boundary stress.",75.14795174552484,True,83,83,6889,120,3,23.717082451262844,199.27995383379633,0.2606699479117778,3443453,6.591663163970726e-05,6.591663163970726e-05,7.211190329256199e-05,8.590078741931077e-05,0.0009313739371882914,"pumping-support geometric mean within 130 m, with arithmetic and annular transmissivity targets retained as support sensitivity",1.303173194419803,0.7717905615587318,0.9333699332525792,0.6791771183919036,0.0009999999999999994,0.001268007864196064,0.7765353533647746,6.272967299999436
mega_combined_leakage_boundary_00040,combined leakage boundary,21160648,0.381232660535011,9.419680355355188,0.6734574288643342,12.163377529209003,1.2429952648048979,132.66345242240976,constant_head_x,7.5,805.0,20,5.0,dense5,57.88040904347431,0.01,mega,"Combined K heterogeneity, possible storage variability, leakage, anisotropy, and boundary stress.",132.66345242240976,True,109,109,11881,100,5,10.606601717798213,201.9436802675439,1.0219687380489189,3854614,4.3449666954947654e-05,4.3449666954947654e-05,4.5874096867844165e-05,4.579471322573378e-05,0.0012420689026003422,"pumping-support geometric mean within 130 m, with arithmetic and annular transmissivity targets retained as support sensitivity",1.0557985844957194,0.3874797489788656,0.41718485243430636,0.41154783433657555,0.001000000000000001,0.0012532452381173232,0.7564362465094485,4.780891800000973
mega_combined_leakage_boundary_00041,combined leakage boundary,21160649,0.1655910962223199,147.20588399757864,0.2767963308759004,43.1046793977787,0.3401744834135568,111.33741092415278,constant_head_east,5.0,805.0,40,2.0,mixed4,86.55125161692823,0.0,mega,"Combined K heterogeneity, possible storage variability, leakage, anisotropy, and boundary stress.",111.33741092415278,True,163,163,26569,160,4,10.0,200.24984394500785,0.6631175646393908,12837623,8.079421327232065e-05,8.079421327232065e-05,8.120138332628141e-05,9.760755012930954e-05,0.0009271473135090983,"pumping-support geometric mean within 130 m, with arithmetic and annular transmissivity targets retained as support sensitivity",1.2081007559330859,0.740683857710586,0.7509010311454035,0.16644189015799618,0.0010000000000000002,0.0010389901494461896,0.2789169765232535,8.119963799996185
mega_combined_leakage_boundary_00042,combined leakage boundary,21160650,0.7566604548250487,9.726360349870774,0.2595276580023121,16.66105332670621,1.2357342909327498,222.4175260978162,constant_head_all,10.0,1005.0,20,5.0,dense5,104.4566778856861,0.003,mega,"Combined K heterogeneity, possible storage variability, leakage, anisotropy, and boundary stress.",222.4175260978162,True,101,101,10201,100,5,10.0,196.468827043885,1.268303085729224,3325801,4.095407973858432e-05,4.095407973858432e-05,5.736210446357351e-05,2.9656665774321577e-05,0.0009628425104045716,"pumping-support geometric mean within 130 m, with arithmetic and annular transmissivity targets retained as support sensitivity",1.9342061208121675,0.38861646565141983,0.5190316959237337,0.9114809151181698,0.0010000000000000002,0.00103440697330844,0.2659468881665365,4.372559499999625
mega_combined_leakage_boundary_00043,combined leakage boundary,21160651,0.8192636269694167,73.91948692895036,0.0011466958678256177,14.367873425372396,2.224387606297049,32.16554129095565,constant_head_east,7.5,805.0,20,1.0,near4,139.41100851586745,0.0,mega,"Combined K heterogeneity, possible storage variability, leakage, anisotropy, and boundary stress.",32.16554129095565,True,109,109,11881,80,4,10.606601717798213,48.023431780746364,0.41087191003481255,3851951,5.0292040184616226e-05,5.0292040184616226e-05,5.4154021402133114e-05,6.206575254878412e-05,0.0010002411854386551,"pumping-support geometric mean within 130 m, with arithmetic and annular transmissivity targets retained as support sensitivity",1.2341068749835553,0.28965332184013204,0.37732691745828045,0.689437276143807,0.001000000000000001,0.0010000006574354967,0.0011466427756951546,3.7397789000024204
mega_combined_leakage_boundary_00044,combined leakage boundary,21160652,0.7402813132412385,177.8220289211406,0.465839982829094,75.78208518113475,0.5632730473910067,59.79439708042895,constant_head_east,10.0,1005.0,20,2.0,sparse3,130.05638220226075,0.003,mega,"Combined K heterogeneity, possible storage variability, leakage, anisotropy, and boundary stress.",59.79439708042895,True,101,101,10201,60,3,22.360679774997898,198.4943324127921,0.33824015175344296,3318025,6.88962718920366e-05,6.88962718920366e-05,7.36501297356481e-05,8.504504580996752e-05,0.0008126896048890504,"pumping-support geometric mean within 130 m, with arithmetic and annular transmissivity targets retained as support sensitivity",1.234392565438617,0.5756046072322926,0.7592490282376192,0.7807739259486665,0.0010000000000000002,0.0011164653226175521,0.497145265143889,3.2223843000028864
mega_combined_leakage_boundary_00045,combined leakage boundary,21160653,1.430350018040962,61.39121697303237,0.42295224517626107,18.10174062040409,1.2710598659085852,41.806051006478064,constant_head_east,7.5,805.0,40,2.0,near4,83.01899711865475,0.01,mega,"Combined K heterogeneity, possible storage variability, leakage, anisotropy, and boundary stress.",41.806051006478064,True,109,109,11881,160,4,7.5,53.033008588991066,0.1650836224554948,5818538,0.00019973179238501584,0.00019973179238501584,0.00029348907735160046,0.0002401198713122415,0.0010460807218137117,"pumping-support geometric mean within 130 m, with arithmetic and annular transmissivity targets retained as support sensitivity",1.469415929467313,0.3831781566464402,0.8510418024117192,1.4767234325831196,0.001000000000000001,0.0010957245406691648,0.45773412978606215,8.003451399999904
mega_combined_leakage_boundary_00046,combined leakage boundary,21160654,1.3140578104357032,135.09943865515683,0.3298009205907567,37.20916283075361,0.6294565740030992,220.85635239770585,constant_head_east,10.0,605.0,20,5.0,mixed4,163.27233384098392,0.003,mega,"Combined K heterogeneity, possible storage variability, leakage, anisotropy, and boundary stress.",220.85635239770585,True,61,61,3721,80,4,10.0,199.24858845171275,1.6920324009790872,1265823,3.121104215039126e-05,3.121104215039126e-05,3.368224588215503e-05,3.599755596285926e-05,0.0008269344781589928,"pumping-support geometric mean within 130 m, with arithmetic and annular transmissivity targets retained as support sensitivity",1.1533596279612854,0.544503731069232,1.744996017737193,2.7728888190821044,0.0010000000000000002,0.0010558615688623378,0.3394130311571118,3.7034643000006326
mega_combined_leakage_boundary_00047,combined leakage boundary,21160655,1.1142207053319606,35.08283909975559,0.16852036049332234,28.429636938900085,2.759441786760663,81.96032865146395,constant_head_x,5.0,1005.0,40,5.0,dense5,151.13897128518462,0.001,mega,"Combined K heterogeneity, possible storage variability, leakage, anisotropy, and boundary stress.",81.96032865146395,True,203,203,41209,200,5,11.180339887498949,199.12307751739877,2.281889338358236,19840335,3.481257693352511e-05,3.481257693352511e-05,4.5286702917146635e-05,2.086245993623204e-05,0.0009383819589470004,"pumping-support geometric mean within 130 m, with arithmetic and annular transmissivity targets retained as support sensitivity",2.170726896807446,0.2600597426892234,0.49953501930016364,1.548439116137391,0.0009999999999999994,0.0010143902251610654,0.17127367430871251,10.133916099999624
mega_combined_leakage_boundary_00048,combined leakage boundary,21160656,1.250491980974246,10.190755310899789,0.5662410901132245,27.681367491088547,0.754937440425605,236.21564629511715,constant_head_x,7.5,605.0,40,5.0,sparse3,81.57879796188439,0.001,mega,"Combined K heterogeneity, possible storage variability, leakage, anisotropy, and boundary stress.",236.21564629511715,True,83,83,6889,120,3,22.5,197.29419656948858,0.800446905345845,3439139,5.506530373993853e-05,5.506530373993853e-05,0.00011228721267827731,3.701531123322196e-05,0.0010269494125196908,"pumping-support geometric mean within 130 m, with arithmetic and annular transmissivity targets retained as support sensitivity",3.0335342034757056,0.49719673110589524,1.1039892205165271,1.8916185805278005,0.0009999999999999994,0.0011566362769433452,0.53755166112072,3.907038700002886
mega_combined_leakage_boundary_00049,combined leakage boundary,21160657,0.9720611866678217,21.474563192277767,0.5690340955135006,18.58778152178126,0.7239165461344056,197.64302698878686,constant_head_x,7.5,1205.0,28,2.0,near4,146.653515791232,0.0,mega,"Combined K heterogeneity, possible storage variability, leakage, anisotropy, and boundary stress.",197.64302698878686,True,163,163,26569,112,4,10.606601717798213,54.08326913195984,0.6853005155260103,10251567,8.538267221515813e-05,8.538267221515813e-05,0.00011628819795542008,5.791887096889254e-05,0.0013616140204585514,"pumping-support geometric mean within 130 m, with arithmetic and annular transmissivity targets retained as support sensitivity",2.0077773618528743,0.5077377980452688,0.8263185000462642,1.4455599245605222,0.0009999999999999994,0.001174815730084972,0.6084900878562527,5.205356099999335
