scenario_id,scenario_class,seed,sigma_ln_k,corr_len_m,sigma_ln_s,corr_len_s_m,anisotropy_ratio,leakage_b_m,boundary_type,dx_m,domain_m,time_count,duration_days,obs_layout,obs_rotation_deg,noise_sd_m,ensemble_role,description
mega_homogeneous_confined_00000,homogeneous confined,20260608,0.0,0.0,0.0,0.0,1.0,,none,7.5,1005.0,20,2.0,dense5,161.9304513489286,0.001,mega,Homogeneous confined baseline.
mega_homogeneous_confined_00001,homogeneous confined,20260609,0.0,0.0,0.0,0.0,1.0,,none,5.0,605.0,28,2.0,sparse3,6.460375804430764,0.003,mega,Homogeneous confined baseline.
mega_homogeneous_confined_00002,homogeneous confined,20260610,0.0,0.0,0.0,0.0,1.0,,none,7.5,1005.0,20,5.0,far4,13.88896013955847,0.01,mega,Homogeneous confined baseline.
mega_homogeneous_confined_00003,homogeneous confined,20260611,0.0,0.0,0.0,0.0,1.0,,none,7.5,605.0,20,5.0,dense5,114.64701956243191,0.01,mega,Homogeneous confined baseline.
mega_homogeneous_confined_00004,homogeneous confined,20260612,0.0,0.0,0.0,0.0,1.0,,none,10.0,605.0,20,1.0,far4,133.4503421970705,0.01,mega,Homogeneous confined baseline.
mega_homogeneous_confined_00005,homogeneous confined,20260613,0.0,0.0,0.0,0.0,1.0,,none,10.0,805.0,20,5.0,dense5,92.72695372836762,0.001,mega,Homogeneous confined baseline.
mega_homogeneous_confined_00006,homogeneous confined,20260614,0.0,0.0,0.0,0.0,1.0,,none,10.0,405.0,20,10.0,standard4,83.56367375718357,0.003,mega,Homogeneous confined baseline.
mega_homogeneous_confined_00007,homogeneous confined,20260615,0.0,0.0,0.0,0.0,1.0,,none,5.0,805.0,20,5.0,near4,171.5908435200617,0.0,mega,Homogeneous confined baseline.
mega_homogeneous_confined_00008,homogeneous confined,20260616,0.0,0.0,0.0,0.0,1.0,,none,5.0,805.0,20,10.0,far4,109.99543158723203,0.001,mega,Homogeneous confined baseline.
mega_homogeneous_confined_00009,homogeneous confined,20260617,0.0,0.0,0.0,0.0,1.0,,none,7.5,405.0,28,10.0,standard4,5.942876545307979,0.0,mega,Homogeneous confined baseline.
mega_homogeneous_confined_00010,homogeneous confined,20260618,0.0,0.0,0.0,0.0,1.0,,none,7.5,1205.0,20,10.0,sparse3,167.9911584402858,0.003,mega,Homogeneous confined baseline.
mega_homogeneous_confined_00011,homogeneous confined,20260619,0.0,0.0,0.0,0.0,1.0,,none,10.0,1005.0,40,10.0,sparse3,168.61313127763754,0.003,mega,Homogeneous confined baseline.
mega_homogeneous_confined_00012,homogeneous confined,20260620,0.0,0.0,0.0,0.0,1.0,,none,7.5,605.0,40,1.0,mixed4,46.95437244909091,0.003,mega,Homogeneous confined baseline.
mega_homogeneous_confined_00013,homogeneous confined,20260621,0.0,0.0,0.0,0.0,1.0,,none,10.0,1005.0,20,2.0,sparse3,79.4526483476433,0.001,mega,Homogeneous confined baseline.
mega_homogeneous_confined_00014,homogeneous confined,20260622,0.0,0.0,0.0,0.0,1.0,,none,10.0,1205.0,20,2.0,mixed4,82.15099629274202,0.001,mega,Homogeneous confined baseline.
mega_homogeneous_confined_00015,homogeneous confined,20260623,0.0,0.0,0.0,0.0,1.0,,none,10.0,1205.0,20,2.0,far4,105.49934055939167,0.0,mega,Homogeneous confined baseline.
mega_homogeneous_confined_00016,homogeneous confined,20260624,0.0,0.0,0.0,0.0,1.0,,none,5.0,1005.0,20,2.0,mixed4,89.35957263515498,0.01,mega,Homogeneous confined baseline.
mega_homogeneous_confined_00017,homogeneous confined,20260625,0.0,0.0,0.0,0.0,1.0,,none,5.0,805.0,28,2.0,standard4,101.84030231391995,0.001,mega,Homogeneous confined baseline.
mega_homogeneous_confined_00018,homogeneous confined,20260626,0.0,0.0,0.0,0.0,1.0,,none,10.0,1205.0,20,2.0,dense5,43.582084933734336,0.003,mega,Homogeneous confined baseline.
mega_homogeneous_confined_00019,homogeneous confined,20260627,0.0,0.0,0.0,0.0,1.0,,none,10.0,1205.0,20,10.0,mixed4,34.05769061306288,0.003,mega,Homogeneous confined baseline.
mega_homogeneous_confined_00020,homogeneous confined,20260628,0.0,0.0,0.0,0.0,1.0,,none,5.0,605.0,40,5.0,sparse3,101.13213650086023,0.001,mega,Homogeneous confined baseline.
mega_homogeneous_confined_00021,homogeneous confined,20260629,0.0,0.0,0.0,0.0,1.0,,none,7.5,1005.0,40,10.0,far4,21.324673865522144,0.003,mega,Homogeneous confined baseline.
mega_homogeneous_confined_00022,homogeneous confined,20260630,0.0,0.0,0.0,0.0,1.0,,none,5.0,1005.0,28,1.0,far4,59.22916371641251,0.003,mega,Homogeneous confined baseline.
mega_homogeneous_confined_00023,homogeneous confined,20260631,0.0,0.0,0.0,0.0,1.0,,none,5.0,1205.0,20,10.0,mixed4,68.31022663783212,0.001,mega,Homogeneous confined baseline.
mega_homogeneous_confined_00024,homogeneous confined,20260632,0.0,0.0,0.0,0.0,1.0,,none,7.5,805.0,40,5.0,near4,121.14023141484763,0.0,mega,Homogeneous confined baseline.
mega_homogeneous_confined_00025,homogeneous confined,20260633,0.0,0.0,0.0,0.0,1.0,,none,10.0,605.0,40,10.0,dense5,121.59069681861072,0.003,mega,Homogeneous confined baseline.
mega_homogeneous_confined_00026,homogeneous confined,20260634,0.0,0.0,0.0,0.0,1.0,,none,5.0,605.0,40,5.0,sparse3,118.04461872686721,0.001,mega,Homogeneous confined baseline.
mega_homogeneous_confined_00027,homogeneous confined,20260635,0.0,0.0,0.0,0.0,1.0,,none,7.5,605.0,20,2.0,sparse3,99.37749756387662,0.001,mega,Homogeneous confined baseline.
mega_homogeneous_confined_00028,homogeneous confined,20260636,0.0,0.0,0.0,0.0,1.0,,none,10.0,1205.0,28,10.0,dense5,11.443964310033913,0.003,mega,Homogeneous confined baseline.
mega_homogeneous_confined_00029,homogeneous confined,20260637,0.0,0.0,0.0,0.0,1.0,,none,10.0,1005.0,40,2.0,near4,31.341349479533683,0.001,mega,Homogeneous confined baseline.
mega_homogeneous_confined_00030,homogeneous confined,20260638,0.0,0.0,0.0,0.0,1.0,,none,7.5,805.0,40,2.0,mixed4,24.844645027257563,0.01,mega,Homogeneous confined baseline.
mega_homogeneous_confined_00031,homogeneous confined,20260639,0.0,0.0,0.0,0.0,1.0,,none,7.5,1205.0,20,10.0,near4,99.04963008709284,0.003,mega,Homogeneous confined baseline.
mega_homogeneous_confined_00032,homogeneous confined,20260640,0.0,0.0,0.0,0.0,1.0,,none,10.0,805.0,28,1.0,far4,64.42567434802704,0.01,mega,Homogeneous confined baseline.
mega_homogeneous_confined_00033,homogeneous confined,20260641,0.0,0.0,0.0,0.0,1.0,,none,10.0,1205.0,20,10.0,far4,77.05831827959592,0.01,mega,Homogeneous confined baseline.
mega_homogeneous_confined_00034,homogeneous confined,20260642,0.0,0.0,0.0,0.0,1.0,,none,5.0,1005.0,40,2.0,sparse3,15.037077142782284,0.003,mega,Homogeneous confined baseline.
mega_homogeneous_confined_00035,homogeneous confined,20260643,0.0,0.0,0.0,0.0,1.0,,none,5.0,1205.0,20,5.0,mixed4,1.0629355341004627,0.003,mega,Homogeneous confined baseline.
mega_homogeneous_confined_00036,homogeneous confined,20260644,0.0,0.0,0.0,0.0,1.0,,none,10.0,1205.0,40,1.0,far4,162.92930265710163,0.0,mega,Homogeneous confined baseline.
mega_homogeneous_confined_00037,homogeneous confined,20260645,0.0,0.0,0.0,0.0,1.0,,none,5.0,1205.0,40,10.0,standard4,144.00236550912555,0.01,mega,Homogeneous confined baseline.
mega_homogeneous_confined_00038,homogeneous confined,20260646,0.0,0.0,0.0,0.0,1.0,,none,10.0,1205.0,28,2.0,dense5,14.454456852662315,0.01,mega,Homogeneous confined baseline.
mega_homogeneous_confined_00039,homogeneous confined,20260647,0.0,0.0,0.0,0.0,1.0,,none,5.0,605.0,28,10.0,mixed4,142.12731232013238,0.0,mega,Homogeneous confined baseline.
mega_homogeneous_confined_00040,homogeneous confined,20260648,0.0,0.0,0.0,0.0,1.0,,none,10.0,605.0,20,5.0,far4,129.0063369434969,0.003,mega,Homogeneous confined baseline.
mega_homogeneous_confined_00041,homogeneous confined,20260649,0.0,0.0,0.0,0.0,1.0,,none,10.0,805.0,20,10.0,far4,102.19305674580741,0.0,mega,Homogeneous confined baseline.
mega_homogeneous_confined_00042,homogeneous confined,20260650,0.0,0.0,0.0,0.0,1.0,,none,10.0,1005.0,20,2.0,dense5,61.139349253102054,0.003,mega,Homogeneous confined baseline.
mega_homogeneous_confined_00043,homogeneous confined,20260651,0.0,0.0,0.0,0.0,1.0,,none,10.0,1205.0,40,2.0,mixed4,5.114498246366832,0.01,mega,Homogeneous confined baseline.
mega_homogeneous_confined_00044,homogeneous confined,20260652,0.0,0.0,0.0,0.0,1.0,,none,5.0,605.0,20,5.0,far4,18.39403978706102,0.01,mega,Homogeneous confined baseline.
mega_homogeneous_confined_00045,homogeneous confined,20260653,0.0,0.0,0.0,0.0,1.0,,none,10.0,805.0,20,10.0,mixed4,133.31497922980725,0.003,mega,Homogeneous confined baseline.
mega_homogeneous_confined_00046,homogeneous confined,20260654,0.0,0.0,0.0,0.0,1.0,,none,5.0,1005.0,20,2.0,near4,42.625334690097866,0.001,mega,Homogeneous confined baseline.
mega_homogeneous_confined_00047,homogeneous confined,20260655,0.0,0.0,0.0,0.0,1.0,,none,7.5,1005.0,28,10.0,sparse3,8.802461871319004,0.0,mega,Homogeneous confined baseline.
mega_homogeneous_confined_00048,homogeneous confined,20260656,0.0,0.0,0.0,0.0,1.0,,none,5.0,605.0,28,10.0,mixed4,9.95549476463295,0.01,mega,Homogeneous confined baseline.
mega_homogeneous_confined_00049,homogeneous confined,20260657,0.0,0.0,0.0,0.0,1.0,,none,10.0,1205.0,28,1.0,near4,124.81411912257153,0.0,mega,Homogeneous confined baseline.
mega_vertical_leakage_00000,vertical leakage,20360608,0.0,0.0,0.0,0.0,1.0,93.16889814102649,none,5.0,605.0,20,1.0,sparse3,3.118381097252178,0.0,mega,Homogeneous aquifer with distributed vertical exchange.
mega_vertical_leakage_00001,vertical leakage,20360609,0.0,0.0,0.0,0.0,1.0,61.652103764292704,none,7.5,805.0,20,10.0,dense5,11.027404977401215,0.0,mega,Homogeneous aquifer with distributed vertical exchange.
mega_vertical_leakage_00002,vertical leakage,20360610,0.0,0.0,0.0,0.0,1.0,184.67915658812558,none,5.0,1205.0,40,2.0,mixed4,168.17170976361524,0.0,mega,Homogeneous aquifer with distributed vertical exchange.
mega_vertical_leakage_00003,vertical leakage,20360611,0.0,0.0,0.0,0.0,1.0,57.43561928708852,none,7.5,605.0,20,1.0,far4,84.90678948022224,0.0,mega,Homogeneous aquifer with distributed vertical exchange.
mega_vertical_leakage_00004,vertical leakage,20360612,0.0,0.0,0.0,0.0,1.0,47.10129619047344,none,10.0,605.0,20,1.0,sparse3,54.65726747035551,0.01,mega,Homogeneous aquifer with distributed vertical exchange.
mega_vertical_leakage_00005,vertical leakage,20360613,0.0,0.0,0.0,0.0,1.0,193.35938226743417,none,5.0,1005.0,40,1.0,sparse3,22.504654865029416,0.0,mega,Homogeneous aquifer with distributed vertical exchange.
mega_vertical_leakage_00006,vertical leakage,20360614,0.0,0.0,0.0,0.0,1.0,103.48151850598384,none,10.0,1205.0,40,5.0,standard4,51.275580147273324,0.001,mega,Homogeneous aquifer with distributed vertical exchange.
mega_vertical_leakage_00007,vertical leakage,20360615,0.0,0.0,0.0,0.0,1.0,73.63625763108882,none,10.0,805.0,20,2.0,far4,146.61223811263162,0.003,mega,Homogeneous aquifer with distributed vertical exchange.
mega_vertical_leakage_00008,vertical leakage,20360616,0.0,0.0,0.0,0.0,1.0,32.036866528839035,none,5.0,1005.0,40,5.0,near4,137.6163424871462,0.0,mega,Homogeneous aquifer with distributed vertical exchange.
mega_vertical_leakage_00009,vertical leakage,20360617,0.0,0.0,0.0,0.0,1.0,224.37900129100782,none,5.0,1005.0,28,2.0,near4,87.06549112377968,0.003,mega,Homogeneous aquifer with distributed vertical exchange.
mega_vertical_leakage_00010,vertical leakage,20360618,0.0,0.0,0.0,0.0,1.0,182.99791168902163,none,10.0,605.0,40,2.0,sparse3,79.26562470029447,0.001,mega,Homogeneous aquifer with distributed vertical exchange.
mega_vertical_leakage_00011,vertical leakage,20360619,0.0,0.0,0.0,0.0,1.0,37.9981504350024,none,10.0,1005.0,20,10.0,mixed4,4.465642071730723,0.0,mega,Homogeneous aquifer with distributed vertical exchange.
mega_vertical_leakage_00012,vertical leakage,20360620,0.0,0.0,0.0,0.0,1.0,193.16214408846773,none,7.5,805.0,28,1.0,mixed4,162.7966535473539,0.01,mega,Homogeneous aquifer with distributed vertical exchange.
mega_vertical_leakage_00013,vertical leakage,20360621,0.0,0.0,0.0,0.0,1.0,101.97224446543046,none,7.5,605.0,20,10.0,dense5,144.30441786285135,0.0,mega,Homogeneous aquifer with distributed vertical exchange.
mega_vertical_leakage_00014,vertical leakage,20360622,0.0,0.0,0.0,0.0,1.0,66.4861032607888,none,10.0,605.0,40,5.0,near4,91.05539702538546,0.001,mega,Homogeneous aquifer with distributed vertical exchange.
mega_vertical_leakage_00015,vertical leakage,20360623,0.0,0.0,0.0,0.0,1.0,89.96166003400181,none,7.5,605.0,28,1.0,mixed4,72.82678129100225,0.01,mega,Homogeneous aquifer with distributed vertical exchange.
mega_vertical_leakage_00016,vertical leakage,20360624,0.0,0.0,0.0,0.0,1.0,33.5019795354209,none,7.5,1205.0,20,1.0,far4,107.89836897973507,0.0,mega,Homogeneous aquifer with distributed vertical exchange.
mega_vertical_leakage_00017,vertical leakage,20360625,0.0,0.0,0.0,0.0,1.0,211.349864087094,none,7.5,605.0,20,2.0,dense5,175.53220177066044,0.01,mega,Homogeneous aquifer with distributed vertical exchange.
mega_vertical_leakage_00018,vertical leakage,20360626,0.0,0.0,0.0,0.0,1.0,249.84872254521304,none,10.0,1005.0,28,1.0,mixed4,60.02266546835849,0.0,mega,Homogeneous aquifer with distributed vertical exchange.
mega_vertical_leakage_00019,vertical leakage,20360627,0.0,0.0,0.0,0.0,1.0,162.75697317751755,none,7.5,605.0,28,10.0,sparse3,156.3853281226744,0.0,mega,Homogeneous aquifer with distributed vertical exchange.
mega_vertical_leakage_00020,vertical leakage,20360628,0.0,0.0,0.0,0.0,1.0,25.44585511135059,none,7.5,1005.0,28,1.0,mixed4,56.302928757432355,0.0,mega,Homogeneous aquifer with distributed vertical exchange.
mega_vertical_leakage_00021,vertical leakage,20360629,0.0,0.0,0.0,0.0,1.0,224.0969997697382,none,7.5,605.0,28,1.0,far4,123.73015411816911,0.001,mega,Homogeneous aquifer with distributed vertical exchange.
mega_vertical_leakage_00022,vertical leakage,20360630,0.0,0.0,0.0,0.0,1.0,59.028824933751665,none,7.5,805.0,40,2.0,dense5,63.47432769255267,0.003,mega,Homogeneous aquifer with distributed vertical exchange.
mega_vertical_leakage_00023,vertical leakage,20360631,0.0,0.0,0.0,0.0,1.0,49.25818829452172,none,10.0,1205.0,20,10.0,standard4,86.03882747850577,0.01,mega,Homogeneous aquifer with distributed vertical exchange.
mega_vertical_leakage_00024,vertical leakage,20360632,0.0,0.0,0.0,0.0,1.0,56.54436922778193,none,7.5,805.0,40,2.0,sparse3,137.43141763315535,0.01,mega,Homogeneous aquifer with distributed vertical exchange.
mega_vertical_leakage_00025,vertical leakage,20360633,0.0,0.0,0.0,0.0,1.0,39.18447604590975,none,5.0,1005.0,28,1.0,near4,121.48744409653848,0.003,mega,Homogeneous aquifer with distributed vertical exchange.
mega_vertical_leakage_00026,vertical leakage,20360634,0.0,0.0,0.0,0.0,1.0,163.7975697995035,none,10.0,605.0,28,5.0,dense5,59.18043280929157,0.0,mega,Homogeneous aquifer with distributed vertical exchange.
mega_vertical_leakage_00027,vertical leakage,20360635,0.0,0.0,0.0,0.0,1.0,129.54428464587335,none,7.5,1205.0,20,2.0,near4,124.02538770977002,0.001,mega,Homogeneous aquifer with distributed vertical exchange.
mega_vertical_leakage_00028,vertical leakage,20360636,0.0,0.0,0.0,0.0,1.0,167.75969750921212,none,7.5,605.0,28,10.0,far4,64.88642435146886,0.003,mega,Homogeneous aquifer with distributed vertical exchange.
mega_vertical_leakage_00029,vertical leakage,20360637,0.0,0.0,0.0,0.0,1.0,77.25210642495567,none,5.0,1005.0,40,2.0,far4,79.74831065447741,0.003,mega,Homogeneous aquifer with distributed vertical exchange.
mega_vertical_leakage_00030,vertical leakage,20360638,0.0,0.0,0.0,0.0,1.0,51.209984839419356,none,5.0,605.0,20,10.0,near4,148.7877121815436,0.01,mega,Homogeneous aquifer with distributed vertical exchange.
mega_vertical_leakage_00031,vertical leakage,20360639,0.0,0.0,0.0,0.0,1.0,40.21413142933558,none,10.0,605.0,40,1.0,near4,2.1399438417319,0.0,mega,Homogeneous aquifer with distributed vertical exchange.
mega_vertical_leakage_00032,vertical leakage,20360640,0.0,0.0,0.0,0.0,1.0,139.721425206158,none,5.0,605.0,20,10.0,mixed4,141.62331475296287,0.003,mega,Homogeneous aquifer with distributed vertical exchange.
mega_vertical_leakage_00033,vertical leakage,20360641,0.0,0.0,0.0,0.0,1.0,26.400090352948414,none,7.5,1005.0,28,10.0,far4,41.05891621368453,0.001,mega,Homogeneous aquifer with distributed vertical exchange.
mega_vertical_leakage_00034,vertical leakage,20360642,0.0,0.0,0.0,0.0,1.0,88.15797698198034,none,7.5,605.0,28,5.0,mixed4,102.36447349323197,0.0,mega,Homogeneous aquifer with distributed vertical exchange.
mega_vertical_leakage_00035,vertical leakage,20360643,0.0,0.0,0.0,0.0,1.0,200.48921274524633,none,5.0,605.0,28,1.0,sparse3,99.16900137985829,0.003,mega,Homogeneous aquifer with distributed vertical exchange.
mega_vertical_leakage_00036,vertical leakage,20360644,0.0,0.0,0.0,0.0,1.0,34.400957798025935,none,10.0,405.0,20,1.0,near4,151.46115610987556,0.01,mega,Homogeneous aquifer with distributed vertical exchange.
mega_vertical_leakage_00037,vertical leakage,20360645,0.0,0.0,0.0,0.0,1.0,46.98661717043072,none,5.0,805.0,40,5.0,far4,95.05990692902333,0.001,mega,Homogeneous aquifer with distributed vertical exchange.
mega_vertical_leakage_00038,vertical leakage,20360646,0.0,0.0,0.0,0.0,1.0,146.9404536238868,none,5.0,805.0,20,5.0,far4,90.30895525689904,0.001,mega,Homogeneous aquifer with distributed vertical exchange.
mega_vertical_leakage_00039,vertical leakage,20360647,0.0,0.0,0.0,0.0,1.0,146.0430410702687,none,5.0,1005.0,40,10.0,far4,5.328081671736942,0.01,mega,Homogeneous aquifer with distributed vertical exchange.
mega_vertical_leakage_00040,vertical leakage,20360648,0.0,0.0,0.0,0.0,1.0,78.39645151604655,none,7.5,1205.0,40,10.0,far4,47.29290327877105,0.01,mega,Homogeneous aquifer with distributed vertical exchange.
mega_vertical_leakage_00041,vertical leakage,20360649,0.0,0.0,0.0,0.0,1.0,46.246645833298935,none,5.0,1005.0,20,5.0,standard4,133.65791659560142,0.003,mega,Homogeneous aquifer with distributed vertical exchange.
mega_vertical_leakage_00042,vertical leakage,20360650,0.0,0.0,0.0,0.0,1.0,37.88724167613103,none,7.5,1005.0,40,5.0,mixed4,28.150333475638178,0.0,mega,Homogeneous aquifer with distributed vertical exchange.
mega_vertical_leakage_00043,vertical leakage,20360651,0.0,0.0,0.0,0.0,1.0,220.64640810562872,none,10.0,405.0,28,5.0,standard4,83.38279578196276,0.01,mega,Homogeneous aquifer with distributed vertical exchange.
mega_vertical_leakage_00044,vertical leakage,20360652,0.0,0.0,0.0,0.0,1.0,71.62871242646148,none,7.5,1205.0,28,10.0,near4,164.6559840180361,0.01,mega,Homogeneous aquifer with distributed vertical exchange.
mega_vertical_leakage_00045,vertical leakage,20360653,0.0,0.0,0.0,0.0,1.0,91.47356773806594,none,10.0,405.0,20,2.0,near4,165.76721762406854,0.01,mega,Homogeneous aquifer with distributed vertical exchange.
mega_vertical_leakage_00046,vertical leakage,20360654,0.0,0.0,0.0,0.0,1.0,63.67237944184919,none,10.0,1205.0,40,2.0,far4,131.43241822807101,0.001,mega,Homogeneous aquifer with distributed vertical exchange.
mega_vertical_leakage_00047,vertical leakage,20360655,0.0,0.0,0.0,0.0,1.0,46.531190972792345,none,10.0,1205.0,28,1.0,near4,164.9851521248446,0.001,mega,Homogeneous aquifer with distributed vertical exchange.
mega_vertical_leakage_00048,vertical leakage,20360656,0.0,0.0,0.0,0.0,1.0,32.886066939051574,none,7.5,1005.0,40,2.0,dense5,94.05156257907173,0.001,mega,Homogeneous aquifer with distributed vertical exchange.
mega_vertical_leakage_00049,vertical leakage,20360657,0.0,0.0,0.0,0.0,1.0,152.1242010723903,none,5.0,605.0,40,5.0,dense5,136.69883803707665,0.0,mega,Homogeneous aquifer with distributed vertical exchange.
mega_finite_no_flow_boundary_00000,finite no-flow boundary,20460608,0.0,0.0,0.0,0.0,1.0,,none,5.0,605.0,28,2.0,sparse3,101.0489538511954,0.0,mega,Finite no-flow model boundary stress test.
mega_finite_no_flow_boundary_00001,finite no-flow boundary,20460609,0.0,0.0,0.0,0.0,1.0,,none,10.0,1205.0,40,10.0,standard4,109.3244078906229,0.001,mega,Finite no-flow model boundary stress test.
mega_finite_no_flow_boundary_00002,finite no-flow boundary,20460610,0.0,0.0,0.0,0.0,1.0,,none,10.0,605.0,28,10.0,near4,123.31603560596994,0.001,mega,Finite no-flow model boundary stress test.
mega_finite_no_flow_boundary_00003,finite no-flow boundary,20460611,0.0,0.0,0.0,0.0,1.0,,none,10.0,605.0,28,1.0,dense5,40.51165324155721,0.003,mega,Finite no-flow model boundary stress test.
mega_finite_no_flow_boundary_00004,finite no-flow boundary,20460612,0.0,0.0,0.0,0.0,1.0,,none,5.0,605.0,40,10.0,standard4,7.4447135381572895,0.01,mega,Finite no-flow model boundary stress test.
mega_finite_no_flow_boundary_00005,finite no-flow boundary,20460613,0.0,0.0,0.0,0.0,1.0,,none,10.0,1205.0,20,1.0,far4,61.65819922094203,0.0,mega,Finite no-flow model boundary stress test.
mega_finite_no_flow_boundary_00006,finite no-flow boundary,20460614,0.0,0.0,0.0,0.0,1.0,,none,10.0,605.0,40,2.0,mixed4,131.3340786066956,0.003,mega,Finite no-flow model boundary stress test.
mega_finite_no_flow_boundary_00007,finite no-flow boundary,20460615,0.0,0.0,0.0,0.0,1.0,,none,10.0,1005.0,20,1.0,standard4,123.12468232611596,0.0,mega,Finite no-flow model boundary stress test.
mega_finite_no_flow_boundary_00008,finite no-flow boundary,20460616,0.0,0.0,0.0,0.0,1.0,,none,5.0,405.0,28,2.0,near4,4.244742366030078,0.0,mega,Finite no-flow model boundary stress test.
mega_finite_no_flow_boundary_00009,finite no-flow boundary,20460617,0.0,0.0,0.0,0.0,1.0,,none,10.0,1005.0,40,5.0,dense5,4.931273245979644,0.01,mega,Finite no-flow model boundary stress test.
mega_finite_no_flow_boundary_00010,finite no-flow boundary,20460618,0.0,0.0,0.0,0.0,1.0,,none,10.0,805.0,20,5.0,far4,107.7456560294567,0.0,mega,Finite no-flow model boundary stress test.
mega_finite_no_flow_boundary_00011,finite no-flow boundary,20460619,0.0,0.0,0.0,0.0,1.0,,none,7.5,1005.0,40,2.0,dense5,163.96184009259085,0.0,mega,Finite no-flow model boundary stress test.
mega_finite_no_flow_boundary_00012,finite no-flow boundary,20460620,0.0,0.0,0.0,0.0,1.0,,none,10.0,605.0,28,10.0,sparse3,176.2234366540133,0.0,mega,Finite no-flow model boundary stress test.
mega_finite_no_flow_boundary_00013,finite no-flow boundary,20460621,0.0,0.0,0.0,0.0,1.0,,none,10.0,805.0,28,5.0,far4,103.1660410626403,0.003,mega,Finite no-flow model boundary stress test.
mega_finite_no_flow_boundary_00014,finite no-flow boundary,20460622,0.0,0.0,0.0,0.0,1.0,,none,7.5,1005.0,40,1.0,mixed4,169.2094607417075,0.0,mega,Finite no-flow model boundary stress test.
mega_finite_no_flow_boundary_00015,finite no-flow boundary,20460623,0.0,0.0,0.0,0.0,1.0,,none,7.5,605.0,28,5.0,far4,147.57689439768154,0.0,mega,Finite no-flow model boundary stress test.
mega_finite_no_flow_boundary_00016,finite no-flow boundary,20460624,0.0,0.0,0.0,0.0,1.0,,none,5.0,405.0,40,1.0,standard4,68.05726303859512,0.01,mega,Finite no-flow model boundary stress test.
mega_finite_no_flow_boundary_00017,finite no-flow boundary,20460625,0.0,0.0,0.0,0.0,1.0,,none,10.0,805.0,20,1.0,dense5,16.2235445087195,0.0,mega,Finite no-flow model boundary stress test.
mega_finite_no_flow_boundary_00018,finite no-flow boundary,20460626,0.0,0.0,0.0,0.0,1.0,,none,5.0,605.0,28,1.0,sparse3,124.61452331565116,0.0,mega,Finite no-flow model boundary stress test.
mega_finite_no_flow_boundary_00019,finite no-flow boundary,20460627,0.0,0.0,0.0,0.0,1.0,,none,7.5,805.0,28,1.0,near4,124.07939689508052,0.01,mega,Finite no-flow model boundary stress test.
mega_finite_no_flow_boundary_00020,finite no-flow boundary,20460628,0.0,0.0,0.0,0.0,1.0,,none,5.0,1205.0,20,5.0,sparse3,122.73455783837427,0.001,mega,Finite no-flow model boundary stress test.
mega_finite_no_flow_boundary_00021,finite no-flow boundary,20460629,0.0,0.0,0.0,0.0,1.0,,none,7.5,805.0,20,2.0,dense5,144.27696521230794,0.0,mega,Finite no-flow model boundary stress test.
mega_finite_no_flow_boundary_00022,finite no-flow boundary,20460630,0.0,0.0,0.0,0.0,1.0,,none,7.5,1205.0,28,10.0,far4,11.527073652323274,0.01,mega,Finite no-flow model boundary stress test.
mega_finite_no_flow_boundary_00023,finite no-flow boundary,20460631,0.0,0.0,0.0,0.0,1.0,,none,5.0,1005.0,28,1.0,dense5,25.70674454551779,0.01,mega,Finite no-flow model boundary stress test.
mega_finite_no_flow_boundary_00024,finite no-flow boundary,20460632,0.0,0.0,0.0,0.0,1.0,,none,5.0,605.0,20,5.0,dense5,82.14189552329033,0.0,mega,Finite no-flow model boundary stress test.
mega_finite_no_flow_boundary_00025,finite no-flow boundary,20460633,0.0,0.0,0.0,0.0,1.0,,none,7.5,605.0,40,10.0,far4,13.669837574293922,0.003,mega,Finite no-flow model boundary stress test.
mega_finite_no_flow_boundary_00026,finite no-flow boundary,20460634,0.0,0.0,0.0,0.0,1.0,,none,7.5,1005.0,28,1.0,standard4,111.27818319913301,0.01,mega,Finite no-flow model boundary stress test.
mega_finite_no_flow_boundary_00027,finite no-flow boundary,20460635,0.0,0.0,0.0,0.0,1.0,,none,7.5,1205.0,28,2.0,dense5,55.55181078649359,0.001,mega,Finite no-flow model boundary stress test.
mega_finite_no_flow_boundary_00028,finite no-flow boundary,20460636,0.0,0.0,0.0,0.0,1.0,,none,10.0,1005.0,28,2.0,standard4,66.9856927898779,0.01,mega,Finite no-flow model boundary stress test.
mega_finite_no_flow_boundary_00029,finite no-flow boundary,20460637,0.0,0.0,0.0,0.0,1.0,,none,10.0,805.0,40,1.0,far4,170.89487876618838,0.001,mega,Finite no-flow model boundary stress test.
mega_finite_no_flow_boundary_00030,finite no-flow boundary,20460638,0.0,0.0,0.0,0.0,1.0,,none,5.0,805.0,20,2.0,mixed4,26.64822553790301,0.01,mega,Finite no-flow model boundary stress test.
mega_finite_no_flow_boundary_00031,finite no-flow boundary,20460639,0.0,0.0,0.0,0.0,1.0,,none,10.0,1205.0,20,1.0,standard4,152.50013691123965,0.0,mega,Finite no-flow model boundary stress test.
mega_finite_no_flow_boundary_00032,finite no-flow boundary,20460640,0.0,0.0,0.0,0.0,1.0,,none,7.5,605.0,20,10.0,mixed4,90.96615743546572,0.001,mega,Finite no-flow model boundary stress test.
mega_finite_no_flow_boundary_00033,finite no-flow boundary,20460641,0.0,0.0,0.0,0.0,1.0,,none,10.0,805.0,20,1.0,far4,149.4808166772447,0.001,mega,Finite no-flow model boundary stress test.
mega_finite_no_flow_boundary_00034,finite no-flow boundary,20460642,0.0,0.0,0.0,0.0,1.0,,none,7.5,1205.0,40,5.0,far4,148.55190613121704,0.01,mega,Finite no-flow model boundary stress test.
mega_finite_no_flow_boundary_00035,finite no-flow boundary,20460643,0.0,0.0,0.0,0.0,1.0,,none,10.0,1005.0,20,1.0,mixed4,31.140767953767465,0.001,mega,Finite no-flow model boundary stress test.
mega_finite_no_flow_boundary_00036,finite no-flow boundary,20460644,0.0,0.0,0.0,0.0,1.0,,none,10.0,1205.0,20,2.0,near4,175.74631568208594,0.001,mega,Finite no-flow model boundary stress test.
mega_finite_no_flow_boundary_00037,finite no-flow boundary,20460645,0.0,0.0,0.0,0.0,1.0,,none,10.0,405.0,28,5.0,near4,66.63205662361572,0.0,mega,Finite no-flow model boundary stress test.
mega_finite_no_flow_boundary_00038,finite no-flow boundary,20460646,0.0,0.0,0.0,0.0,1.0,,none,5.0,605.0,28,2.0,sparse3,65.3386130986215,0.0,mega,Finite no-flow model boundary stress test.
mega_finite_no_flow_boundary_00039,finite no-flow boundary,20460647,0.0,0.0,0.0,0.0,1.0,,none,10.0,1205.0,40,10.0,sparse3,84.0729597539248,0.0,mega,Finite no-flow model boundary stress test.
mega_finite_no_flow_boundary_00040,finite no-flow boundary,20460648,0.0,0.0,0.0,0.0,1.0,,none,5.0,605.0,40,1.0,far4,175.1085120628982,0.0,mega,Finite no-flow model boundary stress test.
mega_finite_no_flow_boundary_00041,finite no-flow boundary,20460649,0.0,0.0,0.0,0.0,1.0,,none,10.0,1205.0,28,1.0,mixed4,44.46479686019293,0.01,mega,Finite no-flow model boundary stress test.
mega_finite_no_flow_boundary_00042,finite no-flow boundary,20460650,0.0,0.0,0.0,0.0,1.0,,none,5.0,605.0,20,5.0,sparse3,122.27879462202561,0.01,mega,Finite no-flow model boundary stress test.
mega_finite_no_flow_boundary_00043,finite no-flow boundary,20460651,0.0,0.0,0.0,0.0,1.0,,none,10.0,605.0,28,10.0,mixed4,45.45302844655887,0.003,mega,Finite no-flow model boundary stress test.
mega_finite_no_flow_boundary_00044,finite no-flow boundary,20460652,0.0,0.0,0.0,0.0,1.0,,none,7.5,805.0,40,10.0,mixed4,65.59796271335571,0.01,mega,Finite no-flow model boundary stress test.
mega_finite_no_flow_boundary_00045,finite no-flow boundary,20460653,0.0,0.0,0.0,0.0,1.0,,none,7.5,605.0,20,10.0,sparse3,128.52237691784336,0.001,mega,Finite no-flow model boundary stress test.
mega_finite_no_flow_boundary_00046,finite no-flow boundary,20460654,0.0,0.0,0.0,0.0,1.0,,none,7.5,605.0,20,2.0,dense5,94.08242848590208,0.001,mega,Finite no-flow model boundary stress test.
mega_finite_no_flow_boundary_00047,finite no-flow boundary,20460655,0.0,0.0,0.0,0.0,1.0,,none,5.0,605.0,28,5.0,mixed4,57.65637428579391,0.01,mega,Finite no-flow model boundary stress test.
mega_finite_no_flow_boundary_00048,finite no-flow boundary,20460656,0.0,0.0,0.0,0.0,1.0,,none,10.0,1205.0,40,1.0,dense5,75.39009153899296,0.003,mega,Finite no-flow model boundary stress test.
mega_finite_no_flow_boundary_00049,finite no-flow boundary,20460657,0.0,0.0,0.0,0.0,1.0,,none,7.5,605.0,28,1.0,far4,150.14474770198782,0.001,mega,Finite no-flow model boundary stress test.
mega_constant_head_boundary_00000,constant head boundary,20560608,0.0,0.0,0.0,0.0,1.0,,constant_head_east,7.5,1205.0,28,10.0,mixed4,127.71543002032898,0.001,mega,Finite first type boundary stress test.
mega_constant_head_boundary_00001,constant head boundary,20560609,0.0,0.0,0.0,0.0,1.0,,constant_head_x,10.0,1005.0,40,5.0,standard4,12.54056320406712,0.003,mega,Finite first type boundary stress test.
mega_constant_head_boundary_00002,constant head boundary,20560610,0.0,0.0,0.0,0.0,1.0,,constant_head_all,5.0,605.0,40,1.0,far4,35.283144512415504,0.01,mega,Finite first type boundary stress test.
mega_constant_head_boundary_00003,constant head boundary,20560611,0.0,0.0,0.0,0.0,1.0,,constant_head_east,7.5,1005.0,20,5.0,dense5,7.066947413441577,0.0,mega,Finite first type boundary stress test.
mega_constant_head_boundary_00004,constant head boundary,20560612,0.0,0.0,0.0,0.0,1.0,,constant_head_all,10.0,805.0,20,10.0,far4,107.5805616101826,0.01,mega,Finite first type boundary stress test.
mega_constant_head_boundary_00005,constant head boundary,20560613,0.0,0.0,0.0,0.0,1.0,,constant_head_east,5.0,605.0,28,1.0,mixed4,35.80293519167533,0.001,mega,Finite first type boundary stress test.
mega_constant_head_boundary_00006,constant head boundary,20560614,0.0,0.0,0.0,0.0,1.0,,constant_head_x,5.0,605.0,40,5.0,far4,102.03327202943257,0.01,mega,Finite first type boundary stress test.
mega_constant_head_boundary_00007,constant head boundary,20560615,0.0,0.0,0.0,0.0,1.0,,constant_head_east,5.0,405.0,28,5.0,standard4,143.05082978253128,0.0,mega,Finite first type boundary stress test.
mega_constant_head_boundary_00008,constant head boundary,20560616,0.0,0.0,0.0,0.0,1.0,,constant_head_all,5.0,1005.0,20,10.0,far4,54.22973929440839,0.01,mega,Finite first type boundary stress test.
mega_constant_head_boundary_00009,constant head boundary,20560617,0.0,0.0,0.0,0.0,1.0,,constant_head_all,7.5,405.0,20,5.0,near4,8.314100496759016,0.003,mega,Finite first type boundary stress test.
mega_constant_head_boundary_00010,constant head boundary,20560618,0.0,0.0,0.0,0.0,1.0,81.74990769039225,constant_head_all,5.0,1005.0,28,1.0,far4,86.07058668461532,0.01,mega,Finite first type boundary stress test.
mega_constant_head_boundary_00011,constant head boundary,20560619,0.0,0.0,0.0,0.0,1.0,,constant_head_x,5.0,605.0,40,1.0,dense5,28.05335387715705,0.003,mega,Finite first type boundary stress test.
mega_constant_head_boundary_00012,constant head boundary,20560620,0.0,0.0,0.0,0.0,1.0,,constant_head_east,10.0,605.0,40,2.0,dense5,17.99652560746336,0.003,mega,Finite first type boundary stress test.
mega_constant_head_boundary_00013,constant head boundary,20560621,0.0,0.0,0.0,0.0,1.0,,constant_head_east,10.0,1005.0,20,5.0,far4,79.82944307358721,0.01,mega,Finite first type boundary stress test.
mega_constant_head_boundary_00014,constant head boundary,20560622,0.0,0.0,0.0,0.0,1.0,,constant_head_all,10.0,605.0,40,2.0,far4,86.25926137915494,0.01,mega,Finite first type boundary stress test.
mega_constant_head_boundary_00015,constant head boundary,20560623,0.0,0.0,0.0,0.0,1.0,,constant_head_all,10.0,605.0,20,5.0,far4,170.4719455512815,0.01,mega,Finite first type boundary stress test.
mega_constant_head_boundary_00016,constant head boundary,20560624,0.0,0.0,0.0,0.0,1.0,177.12475071256745,constant_head_east,5.0,605.0,20,5.0,sparse3,143.75532283613106,0.003,mega,Finite first type boundary stress test.
mega_constant_head_boundary_00017,constant head boundary,20560625,0.0,0.0,0.0,0.0,1.0,,constant_head_x,7.5,1205.0,20,10.0,sparse3,102.09889964926285,0.01,mega,Finite first type boundary stress test.
mega_constant_head_boundary_00018,constant head boundary,20560626,0.0,0.0,0.0,0.0,1.0,,constant_head_x,5.0,805.0,28,2.0,sparse3,43.80381221106863,0.003,mega,Finite first type boundary stress test.
mega_constant_head_boundary_00019,constant head boundary,20560627,0.0,0.0,0.0,0.0,1.0,,constant_head_all,5.0,1005.0,40,5.0,dense5,31.54950638289089,0.003,mega,Finite first type boundary stress test.
mega_constant_head_boundary_00020,constant head boundary,20560628,0.0,0.0,0.0,0.0,1.0,139.5597566335192,constant_head_all,7.5,805.0,40,5.0,mixed4,52.47225534161654,0.003,mega,Finite first type boundary stress test.
mega_constant_head_boundary_00021,constant head boundary,20560629,0.0,0.0,0.0,0.0,1.0,,constant_head_east,7.5,805.0,28,5.0,near4,77.47481358619869,0.01,mega,Finite first type boundary stress test.
mega_constant_head_boundary_00022,constant head boundary,20560630,0.0,0.0,0.0,0.0,1.0,243.73003244243682,constant_head_x,7.5,1005.0,40,10.0,mixed4,120.85190258239821,0.01,mega,Finite first type boundary stress test.
mega_constant_head_boundary_00023,constant head boundary,20560631,0.0,0.0,0.0,0.0,1.0,,constant_head_east,7.5,1205.0,40,10.0,standard4,165.4064688407359,0.01,mega,Finite first type boundary stress test.
mega_constant_head_boundary_00024,constant head boundary,20560632,0.0,0.0,0.0,0.0,1.0,,constant_head_x,7.5,1205.0,20,1.0,standard4,131.17554364590393,0.0,mega,Finite first type boundary stress test.
mega_constant_head_boundary_00025,constant head boundary,20560633,0.0,0.0,0.0,0.0,1.0,,constant_head_all,5.0,405.0,40,5.0,standard4,49.29863343817575,0.001,mega,Finite first type boundary stress test.
mega_constant_head_boundary_00026,constant head boundary,20560634,0.0,0.0,0.0,0.0,1.0,170.74049796409173,constant_head_all,5.0,1205.0,20,2.0,standard4,133.4804896171582,0.003,mega,Finite first type boundary stress test.
mega_constant_head_boundary_00027,constant head boundary,20560635,0.0,0.0,0.0,0.0,1.0,,constant_head_east,5.0,605.0,20,10.0,near4,98.86516714734314,0.003,mega,Finite first type boundary stress test.
mega_constant_head_boundary_00028,constant head boundary,20560636,0.0,0.0,0.0,0.0,1.0,164.06375581889824,constant_head_x,7.5,1005.0,40,5.0,mixed4,75.11844157181156,0.0,mega,Finite first type boundary stress test.
mega_constant_head_boundary_00029,constant head boundary,20560637,0.0,0.0,0.0,0.0,1.0,,constant_head_east,7.5,805.0,20,10.0,mixed4,31.298263327599365,0.001,mega,Finite first type boundary stress test.
mega_constant_head_boundary_00030,constant head boundary,20560638,0.0,0.0,0.0,0.0,1.0,,constant_head_east,7.5,1005.0,40,10.0,standard4,10.649627694739461,0.003,mega,Finite first type boundary stress test.
mega_constant_head_boundary_00031,constant head boundary,20560639,0.0,0.0,0.0,0.0,1.0,,constant_head_x,5.0,1205.0,20,2.0,near4,62.80594933871018,0.001,mega,Finite first type boundary stress test.
mega_constant_head_boundary_00032,constant head boundary,20560640,0.0,0.0,0.0,0.0,1.0,,constant_head_x,10.0,1205.0,28,5.0,near4,15.11671701678052,0.003,mega,Finite first type boundary stress test.
mega_constant_head_boundary_00033,constant head boundary,20560641,0.0,0.0,0.0,0.0,1.0,,constant_head_all,10.0,605.0,20,10.0,sparse3,12.077313195233648,0.01,mega,Finite first type boundary stress test.
mega_constant_head_boundary_00034,constant head boundary,20560642,0.0,0.0,0.0,0.0,1.0,,constant_head_x,7.5,605.0,40,2.0,dense5,150.7342842639187,0.01,mega,Finite first type boundary stress test.
mega_constant_head_boundary_00035,constant head boundary,20560643,0.0,0.0,0.0,0.0,1.0,107.21294194445191,constant_head_east,5.0,805.0,40,10.0,dense5,75.0031633802151,0.0,mega,Finite first type boundary stress test.
mega_constant_head_boundary_00036,constant head boundary,20560644,0.0,0.0,0.0,0.0,1.0,,constant_head_all,7.5,1205.0,40,2.0,mixed4,73.5754803576008,0.003,mega,Finite first type boundary stress test.
mega_constant_head_boundary_00037,constant head boundary,20560645,0.0,0.0,0.0,0.0,1.0,,constant_head_x,5.0,605.0,40,10.0,far4,165.79292345379642,0.0,mega,Finite first type boundary stress test.
mega_constant_head_boundary_00038,constant head boundary,20560646,0.0,0.0,0.0,0.0,1.0,,constant_head_x,10.0,1005.0,28,10.0,far4,71.69979827326758,0.01,mega,Finite first type boundary stress test.
mega_constant_head_boundary_00039,constant head boundary,20560647,0.0,0.0,0.0,0.0,1.0,83.78149651616032,constant_head_all,7.5,805.0,20,10.0,near4,88.90147015262849,0.0,mega,Finite first type boundary stress test.
mega_constant_head_boundary_00040,constant head boundary,20560648,0.0,0.0,0.0,0.0,1.0,,constant_head_east,7.5,605.0,28,10.0,far4,141.44782911138242,0.0,mega,Finite first type boundary stress test.
mega_constant_head_boundary_00041,constant head boundary,20560649,0.0,0.0,0.0,0.0,1.0,,constant_head_all,5.0,605.0,20,2.0,sparse3,149.8470386322304,0.01,mega,Finite first type boundary stress test.
mega_constant_head_boundary_00042,constant head boundary,20560650,0.0,0.0,0.0,0.0,1.0,,constant_head_x,5.0,405.0,40,2.0,standard4,164.85431374866175,0.001,mega,Finite first type boundary stress test.
mega_constant_head_boundary_00043,constant head boundary,20560651,0.0,0.0,0.0,0.0,1.0,,constant_head_east,7.5,805.0,20,5.0,near4,131.69894291888642,0.001,mega,Finite first type boundary stress test.
mega_constant_head_boundary_00044,constant head boundary,20560652,0.0,0.0,0.0,0.0,1.0,260.9693129274999,constant_head_x,10.0,1005.0,28,5.0,dense5,17.16611609258817,0.0,mega,Finite first type boundary stress test.
mega_constant_head_boundary_00045,constant head boundary,20560653,0.0,0.0,0.0,0.0,1.0,299.9475254375269,constant_head_all,7.5,405.0,40,10.0,standard4,38.603635671774285,0.001,mega,Finite first type boundary stress test.
mega_constant_head_boundary_00046,constant head boundary,20560654,0.0,0.0,0.0,0.0,1.0,,constant_head_x,10.0,605.0,20,2.0,mixed4,177.5942405571879,0.003,mega,Finite first type boundary stress test.
mega_constant_head_boundary_00047,constant head boundary,20560655,0.0,0.0,0.0,0.0,1.0,,constant_head_x,10.0,1205.0,40,5.0,sparse3,31.92929567973944,0.01,mega,Finite first type boundary stress test.
mega_constant_head_boundary_00048,constant head boundary,20560656,0.0,0.0,0.0,0.0,1.0,,constant_head_east,10.0,405.0,20,5.0,near4,122.10087680927516,0.01,mega,Finite first type boundary stress test.
mega_constant_head_boundary_00049,constant head boundary,20560657,0.0,0.0,0.0,0.0,1.0,235.5977508300261,constant_head_x,7.5,1205.0,28,5.0,sparse3,50.25839883024218,0.0,mega,Finite first type boundary stress test.
mega_heterogeneous_K_00000,heterogeneous K,20660608,1.3223257161985162,119.18637489748915,0.0,0.0,1.0,,none,10.0,605.0,20,1.0,mixed4,37.64617272232895,0.003,mega,Lognormal hydraulic-conductivity field.
mega_heterogeneous_K_00001,heterogeneous K,20660609,0.489921187320307,154.066381799836,0.0,0.0,1.0,,none,5.0,805.0,40,5.0,near4,102.60217274388478,0.003,mega,Lognormal hydraulic-conductivity field.
mega_heterogeneous_K_00002,heterogeneous K,20660610,0.7438685904277624,117.15443455856526,0.0,0.0,1.0,,none,7.5,1205.0,40,2.0,sparse3,56.69271559633685,0.01,mega,Lognormal hydraulic-conductivity field.
mega_heterogeneous_K_00003,heterogeneous K,20660611,0.34939104298678175,26.89834038437342,0.0,0.0,1.0,,none,10.0,605.0,40,10.0,dense5,168.79420095725507,0.01,mega,Lognormal hydraulic-conductivity field.
mega_heterogeneous_K_00004,heterogeneous K,20660612,0.38980041746391136,23.4365904660594,0.0,0.0,1.0,,none,7.5,1205.0,28,2.0,near4,112.74843036025892,0.01,mega,Lognormal hydraulic-conductivity field.
mega_heterogeneous_K_00005,heterogeneous K,20660613,1.409606666938244,89.52097396197597,0.0,0.0,1.0,,none,7.5,1005.0,28,1.0,standard4,93.98537713391676,0.0,mega,Lognormal hydraulic-conductivity field.
mega_heterogeneous_K_00006,heterogeneous K,20660614,0.6941556384395645,41.12173737658979,0.0,0.0,1.0,,none,7.5,605.0,40,1.0,mixed4,11.111821722497023,0.003,mega,Lognormal hydraulic-conductivity field.
mega_heterogeneous_K_00007,heterogeneous K,20660615,0.5397976754347364,21.313419109600627,0.0,0.0,1.0,,none,5.0,605.0,40,1.0,dense5,56.83659528678517,0.003,mega,Lognormal hydraulic-conductivity field.
mega_heterogeneous_K_00008,heterogeneous K,20660616,1.2688790311726703,75.19340779523354,0.0,0.0,1.0,,none,5.0,805.0,40,5.0,mixed4,123.88401478183886,0.0,mega,Lognormal hydraulic-conductivity field.
mega_heterogeneous_K_00009,heterogeneous K,20660617,1.4763452853093082,12.190517069406232,0.0,0.0,1.0,,none,7.5,605.0,40,2.0,dense5,152.50061687099355,0.0,mega,Lognormal hydraulic-conductivity field.
mega_heterogeneous_K_00010,heterogeneous K,20660618,0.3627455958586005,43.63287710519651,0.0,0.0,1.0,,none,5.0,605.0,20,1.0,dense5,23.732581627327015,0.0,mega,Lognormal hydraulic-conductivity field.
mega_heterogeneous_K_00011,heterogeneous K,20660619,0.4051053339494204,11.454269522463486,0.0,0.0,1.0,,none,5.0,605.0,28,2.0,sparse3,169.59772602896874,0.001,mega,Lognormal hydraulic-conductivity field.
mega_heterogeneous_K_00012,heterogeneous K,20660620,0.8675684978990829,37.542816319130985,0.0,0.0,1.0,,none,5.0,405.0,28,2.0,near4,156.86729267768717,0.003,mega,Lognormal hydraulic-conductivity field.
mega_heterogeneous_K_00013,heterogeneous K,20660621,0.7466975478238692,99.13197904401362,0.0,0.0,1.0,,none,10.0,605.0,40,10.0,standard4,73.98796632944462,0.001,mega,Lognormal hydraulic-conductivity field.
mega_heterogeneous_K_00014,heterogeneous K,20660622,0.3717908372236831,12.385436526986052,0.0,0.0,1.0,,none,5.0,405.0,40,1.0,standard4,117.99144152543957,0.003,mega,Lognormal hydraulic-conductivity field.
mega_heterogeneous_K_00015,heterogeneous K,20660623,0.2707908363760878,9.752949709075406,0.0,0.0,1.0,,none,5.0,805.0,20,1.0,dense5,27.915228389277317,0.0,mega,Lognormal hydraulic-conductivity field.
mega_heterogeneous_K_00016,heterogeneous K,20660624,0.4950568519712042,8.072290598547829,0.0,0.0,1.0,,none,7.5,805.0,40,1.0,mixed4,136.01967426117244,0.001,mega,Lognormal hydraulic-conductivity field.
mega_heterogeneous_K_00017,heterogeneous K,20660625,0.196547022652935,42.66762484915422,0.0,0.0,1.0,,none,7.5,1005.0,28,1.0,dense5,100.7677848643208,0.001,mega,Lognormal hydraulic-conductivity field.
mega_heterogeneous_K_00018,heterogeneous K,20660626,0.542413793677502,26.769395776654456,0.0,0.0,1.0,,none,7.5,1205.0,20,5.0,dense5,96.23697594834373,0.01,mega,Lognormal hydraulic-conductivity field.
mega_heterogeneous_K_00019,heterogeneous K,20660627,0.8992475746654433,18.847680587442106,0.0,0.0,1.0,,none,5.0,805.0,28,5.0,mixed4,15.545614696323081,0.01,mega,Lognormal hydraulic-conductivity field.
mega_heterogeneous_K_00020,heterogeneous K,20660628,0.8319097252984609,20.99991835948912,0.0,0.0,1.0,,none,7.5,805.0,20,1.0,sparse3,71.15973703254198,0.0,mega,Lognormal hydraulic-conductivity field.
mega_heterogeneous_K_00021,heterogeneous K,20660629,0.6964222528186312,44.251948421525746,0.0,0.0,1.0,,none,7.5,1205.0,28,10.0,mixed4,103.62017409786307,0.001,mega,Lognormal hydraulic-conductivity field.
mega_heterogeneous_K_00022,heterogeneous K,20660630,0.7090581061110661,18.65783328125403,0.0,0.0,1.0,,none,7.5,1005.0,20,2.0,dense5,17.618347946059725,0.01,mega,Lognormal hydraulic-conductivity field.
mega_heterogeneous_K_00023,heterogeneous K,20660631,0.9983231978078612,53.97594225731988,0.0,0.0,1.0,,none,10.0,1005.0,20,10.0,standard4,165.95291965465407,0.01,mega,Lognormal hydraulic-conductivity field.
mega_heterogeneous_K_00024,heterogeneous K,20660632,0.2506346300981762,16.19897429634882,0.0,0.0,1.0,,none,5.0,1205.0,40,2.0,mixed4,43.143677532391024,0.001,mega,Lognormal hydraulic-conductivity field.
mega_heterogeneous_K_00025,heterogeneous K,20660633,0.5633306491704184,13.828023003802649,0.0,0.0,1.0,,none,7.5,405.0,20,5.0,standard4,163.4036099494671,0.0,mega,Lognormal hydraulic-conductivity field.
mega_heterogeneous_K_00026,heterogeneous K,20660634,1.1573830428542617,177.80949760548316,0.0,0.0,1.0,,none,5.0,1205.0,28,2.0,sparse3,50.258581702122754,0.0,mega,Lognormal hydraulic-conductivity field.
mega_heterogeneous_K_00027,heterogeneous K,20660635,1.3474143226854387,58.2439765098907,0.0,0.0,1.0,,none,10.0,1005.0,20,1.0,near4,22.59633648991939,0.003,mega,Lognormal hydraulic-conductivity field.
mega_heterogeneous_K_00028,heterogeneous K,20660636,0.4723144024412559,25.61114568522085,0.0,0.0,1.0,,none,10.0,1205.0,40,2.0,near4,163.23922864460658,0.01,mega,Lognormal hydraulic-conductivity field.
mega_heterogeneous_K_00029,heterogeneous K,20660637,1.4038622619028194,26.03921150748606,0.0,0.0,1.0,,none,7.5,605.0,20,1.0,far4,167.01538210174925,0.01,mega,Lognormal hydraulic-conductivity field.
mega_heterogeneous_K_00030,heterogeneous K,20660638,0.3198463441574617,16.80188125499932,0.0,0.0,1.0,,none,5.0,605.0,20,2.0,sparse3,27.301164291919175,0.003,mega,Lognormal hydraulic-conductivity field.
mega_heterogeneous_K_00031,heterogeneous K,20660639,0.948587439600817,39.918665335817686,0.0,0.0,1.0,,none,7.5,1205.0,40,2.0,standard4,150.0834171951039,0.01,mega,Lognormal hydraulic-conductivity field.
mega_heterogeneous_K_00032,heterogeneous K,20660640,0.9098993446912,26.50330768175146,0.0,0.0,1.0,,none,7.5,605.0,40,2.0,dense5,35.137722551859625,0.003,mega,Lognormal hydraulic-conductivity field.
mega_heterogeneous_K_00033,heterogeneous K,20660641,1.3449355219091303,91.5015278918516,0.0,0.0,1.0,,none,5.0,605.0,28,10.0,near4,169.46479798928925,0.001,mega,Lognormal hydraulic-conductivity field.
mega_heterogeneous_K_00034,heterogeneous K,20660642,0.950497419363265,61.06350484262049,0.0,0.0,1.0,,none,7.5,405.0,40,2.0,standard4,85.0591591769423,0.01,mega,Lognormal hydraulic-conductivity field.
mega_heterogeneous_K_00035,heterogeneous K,20660643,0.35124112622512993,54.97310467583199,0.0,0.0,1.0,,none,7.5,1005.0,28,10.0,dense5,142.29662825457095,0.01,mega,Lognormal hydraulic-conductivity field.
mega_heterogeneous_K_00036,heterogeneous K,20660644,0.29171176866562126,53.69507345951217,0.0,0.0,1.0,,none,10.0,605.0,20,2.0,far4,71.82969078819029,0.01,mega,Lognormal hydraulic-conductivity field.
mega_heterogeneous_K_00037,heterogeneous K,20660645,1.1818205919061227,19.60687457236868,0.0,0.0,1.0,,none,7.5,1005.0,20,2.0,sparse3,165.53883628823857,0.01,mega,Lognormal hydraulic-conductivity field.
mega_heterogeneous_K_00038,heterogeneous K,20660646,0.5699824419995704,163.80535166254668,0.0,0.0,1.0,,none,5.0,1205.0,28,2.0,far4,121.5473514016933,0.001,mega,Lognormal hydraulic-conductivity field.
mega_heterogeneous_K_00039,heterogeneous K,20660647,0.45264972773564716,129.9051405035746,0.0,0.0,1.0,,none,7.5,1205.0,40,5.0,standard4,152.15453538653892,0.001,mega,Lognormal hydraulic-conductivity field.
mega_heterogeneous_K_00040,heterogeneous K,20660648,0.6392310240888541,19.817830887313566,0.0,0.0,1.0,,none,5.0,605.0,40,10.0,sparse3,88.56173798664932,0.0,mega,Lognormal hydraulic-conductivity field.
mega_heterogeneous_K_00041,heterogeneous K,20660649,1.0881970690226157,88.9185917698613,0.0,0.0,1.0,,none,7.5,1005.0,20,10.0,dense5,101.36932645498926,0.001,mega,Lognormal hydraulic-conductivity field.
mega_heterogeneous_K_00042,heterogeneous K,20660650,0.379511770222081,25.30716875045168,0.0,0.0,1.0,,none,5.0,805.0,28,10.0,dense5,87.44475631437427,0.01,mega,Lognormal hydraulic-conductivity field.
mega_heterogeneous_K_00043,heterogeneous K,20660651,1.1105427292022956,15.546967199102198,0.0,0.0,1.0,,none,10.0,1005.0,28,2.0,mixed4,13.543549482783957,0.0,mega,Lognormal hydraulic-conductivity field.
mega_heterogeneous_K_00044,heterogeneous K,20660652,1.4190980329485132,76.12339430829786,0.0,0.0,1.0,,none,10.0,605.0,28,2.0,sparse3,161.84293248465823,0.0,mega,Lognormal hydraulic-conductivity field.
mega_heterogeneous_K_00045,heterogeneous K,20660653,0.4647447282438967,177.39634479963803,0.0,0.0,1.0,,none,5.0,605.0,40,2.0,far4,166.04169951560652,0.003,mega,Lognormal hydraulic-conductivity field.
mega_heterogeneous_K_00046,heterogeneous K,20660654,0.6788574566663318,34.441708636611764,0.0,0.0,1.0,,none,5.0,1005.0,40,10.0,dense5,54.09636405542455,0.001,mega,Lognormal hydraulic-conductivity field.
mega_heterogeneous_K_00047,heterogeneous K,20660655,0.9633561836747085,11.179641611455175,0.0,0.0,1.0,,none,10.0,605.0,28,10.0,standard4,15.333272635230477,0.003,mega,Lognormal hydraulic-conductivity field.
mega_heterogeneous_K_00048,heterogeneous K,20660656,1.352217739360184,134.0693795808119,0.0,0.0,1.0,,none,5.0,805.0,40,10.0,near4,157.6303669528283,0.01,mega,Lognormal hydraulic-conductivity field.
mega_heterogeneous_K_00049,heterogeneous K,20660657,1.096280965153008,34.51349960220881,0.0,0.0,1.0,,none,7.5,1005.0,28,1.0,mixed4,40.777281403188624,0.001,mega,Lognormal hydraulic-conductivity field.
mega_anisotropic_heterogeneous_K_00000,anisotropic heterogeneous K,20760608,1.416051597302975,70.11013034355456,0.0,0.0,0.3136512315820732,,none,10.0,1005.0,20,10.0,standard4,133.41766179101498,0.003,mega,Lognormal K field with horizontal anisotropy.
mega_anisotropic_heterogeneous_K_00001,anisotropic heterogeneous K,20760609,0.8797197554967413,23.80413904327277,0.0,0.0,2.502818462186115,,none,10.0,805.0,28,1.0,sparse3,138.63826743551877,0.01,mega,Lognormal K field with horizontal anisotropy.
mega_anisotropic_heterogeneous_K_00002,anisotropic heterogeneous K,20760610,0.9459424103758088,65.5493158327439,0.0,0.0,4.782515848045722,,none,5.0,405.0,20,5.0,near4,114.02449575896041,0.0,mega,Lognormal K field with horizontal anisotropy.
mega_anisotropic_heterogeneous_K_00003,anisotropic heterogeneous K,20760611,1.2354185710514722,58.403665852191665,0.0,0.0,1.8513229764849777,,none,7.5,805.0,28,10.0,near4,156.68417237920377,0.001,mega,Lognormal K field with horizontal anisotropy.
mega_anisotropic_heterogeneous_K_00004,anisotropic heterogeneous K,20760612,0.4126368427081648,33.32436710605261,0.0,0.0,0.4298832767098032,,none,5.0,605.0,20,2.0,dense5,78.42465905339006,0.001,mega,Lognormal K field with horizontal anisotropy.
mega_anisotropic_heterogeneous_K_00005,anisotropic heterogeneous K,20760613,0.48237706496270105,23.292856706358247,0.0,0.0,3.5754194245010256,,none,7.5,1205.0,20,10.0,standard4,51.60812942611284,0.003,mega,Lognormal K field with horizontal anisotropy.
mega_anisotropic_heterogeneous_K_00006,anisotropic heterogeneous K,20760614,1.252014516842881,36.65872359025713,0.0,0.0,0.2097258640838603,,none,5.0,1005.0,20,1.0,far4,169.1101991647919,0.001,mega,Lognormal K field with horizontal anisotropy.
mega_anisotropic_heterogeneous_K_00007,anisotropic heterogeneous K,20760615,1.0125214947185637,151.47963121140197,0.0,0.0,0.8343000062280471,,none,10.0,605.0,20,5.0,far4,18.095652733054845,0.001,mega,Lognormal K field with horizontal anisotropy.
mega_anisotropic_heterogeneous_K_00008,anisotropic heterogeneous K,20760616,0.44996515186666275,96.04075007781319,0.0,0.0,0.88110035346932,,none,5.0,805.0,28,5.0,mixed4,34.183018765936055,0.0,mega,Lognormal K field with horizontal anisotropy.
mega_anisotropic_heterogeneous_K_00009,anisotropic heterogeneous K,20760617,0.9321007929660868,20.406113064990304,0.0,0.0,2.2650388891217923,,none,10.0,605.0,40,10.0,near4,49.26054435369503,0.003,mega,Lognormal K field with horizontal anisotropy.
mega_anisotropic_heterogeneous_K_00010,anisotropic heterogeneous K,20760618,0.737598441414143,48.2260664721895,0.0,0.0,0.7992908325353304,,none,7.5,1005.0,20,10.0,dense5,103.43574746398981,0.01,mega,Lognormal K field with horizontal anisotropy.
mega_anisotropic_heterogeneous_K_00011,anisotropic heterogeneous K,20760619,1.0663707779242553,50.954113589808685,0.0,0.0,1.8818477846411328,,none,10.0,805.0,40,1.0,near4,112.7911904812532,0.001,mega,Lognormal K field with horizontal anisotropy.
mega_anisotropic_heterogeneous_K_00012,anisotropic heterogeneous K,20760620,1.2921836176877741,55.56019722224814,0.0,0.0,1.436084465925539,,none,7.5,1205.0,20,10.0,far4,135.87017276779986,0.001,mega,Lognormal K field with horizontal anisotropy.
mega_anisotropic_heterogeneous_K_00013,anisotropic heterogeneous K,20760621,0.6331835084935332,10.692480433239075,0.0,0.0,0.35627095982608337,,none,10.0,805.0,28,10.0,near4,35.439904854857794,0.001,mega,Lognormal K field with horizontal anisotropy.
mega_anisotropic_heterogeneous_K_00014,anisotropic heterogeneous K,20760622,1.162803514413511,149.53538258566996,0.0,0.0,1.0891303922650424,,none,5.0,805.0,20,10.0,mixed4,125.85870612923652,0.01,mega,Lognormal K field with horizontal anisotropy.
mega_anisotropic_heterogeneous_K_00015,anisotropic heterogeneous K,20760623,0.5836892581950042,10.026416035205433,0.0,0.0,2.5717095742659706,,none,7.5,605.0,20,1.0,mixed4,75.14746171600217,0.003,mega,Lognormal K field with horizontal anisotropy.
mega_anisotropic_heterogeneous_K_00016,anisotropic heterogeneous K,20760624,0.47688501803410555,16.047311339258194,0.0,0.0,3.206870360537982,,none,5.0,605.0,20,1.0,dense5,104.51435356549761,0.003,mega,Lognormal K field with horizontal anisotropy.
mega_anisotropic_heterogeneous_K_00017,anisotropic heterogeneous K,20760625,0.670896888685859,17.584029356992822,0.0,0.0,0.6629756611724089,,none,7.5,605.0,20,1.0,far4,82.69160191306246,0.01,mega,Lognormal K field with horizontal anisotropy.
mega_anisotropic_heterogeneous_K_00018,anisotropic heterogeneous K,20760626,1.231224786238269,18.271987900475253,0.0,0.0,1.6392544111287692,,none,5.0,605.0,20,2.0,sparse3,143.05182809334187,0.01,mega,Lognormal K field with horizontal anisotropy.
mega_anisotropic_heterogeneous_K_00019,anisotropic heterogeneous K,20760627,0.17318900078761962,86.34180962409518,0.0,0.0,0.5093677140635862,,none,7.5,605.0,28,2.0,sparse3,160.96059438638716,0.001,mega,Lognormal K field with horizontal anisotropy.
mega_anisotropic_heterogeneous_K_00020,anisotropic heterogeneous K,20760628,1.129137031208514,22.748458171159456,0.0,0.0,2.6269832916567095,,none,7.5,605.0,40,1.0,near4,38.19171546694996,0.01,mega,Lognormal K field with horizontal anisotropy.
mega_anisotropic_heterogeneous_K_00021,anisotropic heterogeneous K,20760629,0.7302240587916213,74.09489460524503,0.0,0.0,0.7108403258554741,,none,7.5,1005.0,40,1.0,dense5,111.92348884861792,0.003,mega,Lognormal K field with horizontal anisotropy.
mega_anisotropic_heterogeneous_K_00022,anisotropic heterogeneous K,20760630,0.9171525243378792,30.97322856190978,0.0,0.0,4.974783278736626,,none,7.5,605.0,20,5.0,far4,167.27556389009968,0.0,mega,Lognormal K field with horizontal anisotropy.
mega_anisotropic_heterogeneous_K_00023,anisotropic heterogeneous K,20760631,0.8458559273045084,32.03582816041288,0.0,0.0,1.4983972458595773,,none,5.0,1005.0,20,10.0,sparse3,161.222254804743,0.0,mega,Lognormal K field with horizontal anisotropy.
mega_anisotropic_heterogeneous_K_00024,anisotropic heterogeneous K,20760632,0.49212261777466726,179.74669183567048,0.0,0.0,1.6507358890054504,,none,7.5,605.0,40,10.0,standard4,93.23674599168686,0.01,mega,Lognormal K field with horizontal anisotropy.
mega_anisotropic_heterogeneous_K_00025,anisotropic heterogeneous K,20760633,0.49632101187373945,37.20449003847135,0.0,0.0,0.49904040909318553,,none,10.0,1205.0,20,10.0,far4,27.302826362216443,0.0,mega,Lognormal K field with horizontal anisotropy.
mega_anisotropic_heterogeneous_K_00026,anisotropic heterogeneous K,20760634,0.7520911193294325,158.4017581870934,0.0,0.0,0.2503712025738956,,none,7.5,605.0,20,5.0,mixed4,179.43025665157745,0.001,mega,Lognormal K field with horizontal anisotropy.
mega_anisotropic_heterogeneous_K_00027,anisotropic heterogeneous K,20760635,1.2406195633082897,17.180673522866346,0.0,0.0,1.6272330835223456,,none,5.0,1205.0,40,2.0,standard4,39.29323351701339,0.001,mega,Lognormal K field with horizontal anisotropy.
mega_anisotropic_heterogeneous_K_00028,anisotropic heterogeneous K,20760636,1.3982726038104327,14.695596382291553,0.0,0.0,1.0212983454843183,,none,5.0,805.0,40,2.0,standard4,137.63065465558847,0.0,mega,Lognormal K field with horizontal anisotropy.
mega_anisotropic_heterogeneous_K_00029,anisotropic heterogeneous K,20760637,0.8391980422963473,8.082716359032776,0.0,0.0,1.2579848628636867,,none,7.5,1205.0,40,10.0,dense5,42.656624891272195,0.001,mega,Lognormal K field with horizontal anisotropy.
mega_anisotropic_heterogeneous_K_00030,anisotropic heterogeneous K,20760638,0.873388288455977,78.36847818198977,0.0,0.0,0.2866443965959853,,none,5.0,1205.0,20,2.0,standard4,137.75209842840474,0.0,mega,Lognormal K field with horizontal anisotropy.
mega_anisotropic_heterogeneous_K_00031,anisotropic heterogeneous K,20760639,0.5336128748420046,164.43294811798157,0.0,0.0,4.030008543215303,,none,10.0,1205.0,28,1.0,mixed4,51.21467436489136,0.001,mega,Lognormal K field with horizontal anisotropy.
mega_anisotropic_heterogeneous_K_00032,anisotropic heterogeneous K,20760640,0.833078208159018,83.95574042473746,0.0,0.0,0.3019962023865807,,none,5.0,805.0,40,1.0,near4,75.79706129366365,0.003,mega,Lognormal K field with horizontal anisotropy.
mega_anisotropic_heterogeneous_K_00033,anisotropic heterogeneous K,20760641,0.7960241974082433,9.520393934682255,0.0,0.0,1.145949191392238,,none,10.0,805.0,20,5.0,sparse3,39.97773361919248,0.0,mega,Lognormal K field with horizontal anisotropy.
mega_anisotropic_heterogeneous_K_00034,anisotropic heterogeneous K,20760642,0.4736312865782355,15.869230320129141,0.0,0.0,0.5196937638507907,,none,10.0,605.0,40,1.0,far4,134.72687721715837,0.003,mega,Lognormal K field with horizontal anisotropy.
mega_anisotropic_heterogeneous_K_00035,anisotropic heterogeneous K,20760643,0.24820279558911704,121.902206195852,0.0,0.0,1.456746964262154,,none,5.0,605.0,28,1.0,dense5,74.22558079070265,0.01,mega,Lognormal K field with horizontal anisotropy.
mega_anisotropic_heterogeneous_K_00036,anisotropic heterogeneous K,20760644,1.0718828970894279,175.94933992906238,0.0,0.0,0.467486085216199,,none,5.0,605.0,28,5.0,far4,10.344068596563856,0.003,mega,Lognormal K field with horizontal anisotropy.
mega_anisotropic_heterogeneous_K_00037,anisotropic heterogeneous K,20760645,0.8967353232647108,12.22248601628012,0.0,0.0,0.9770835423680089,,none,5.0,605.0,20,10.0,sparse3,173.5200663555253,0.001,mega,Lognormal K field with horizontal anisotropy.
mega_anisotropic_heterogeneous_K_00038,anisotropic heterogeneous K,20760646,0.6162522986919283,9.172026259158097,0.0,0.0,2.7206934689897397,,none,10.0,1005.0,40,1.0,dense5,75.73081146425626,0.001,mega,Lognormal K field with horizontal anisotropy.
mega_anisotropic_heterogeneous_K_00039,anisotropic heterogeneous K,20760647,1.3125091098389852,29.628695249082025,0.0,0.0,2.654370337961588,,none,10.0,1205.0,40,5.0,dense5,62.042148366003325,0.001,mega,Lognormal K field with horizontal anisotropy.
mega_anisotropic_heterogeneous_K_00040,anisotropic heterogeneous K,20760648,1.1032414592825017,35.43287773389851,0.0,0.0,1.140353271349005,,none,7.5,1005.0,28,1.0,mixed4,38.593580408909126,0.01,mega,Lognormal K field with horizontal anisotropy.
mega_anisotropic_heterogeneous_K_00041,anisotropic heterogeneous K,20760649,1.0396233440929734,52.756446384472085,0.0,0.0,2.2961213030138135,,none,7.5,405.0,40,10.0,near4,50.94505370857765,0.001,mega,Lognormal K field with horizontal anisotropy.
mega_anisotropic_heterogeneous_K_00042,anisotropic heterogeneous K,20760650,0.8629669812192307,160.0163506451439,0.0,0.0,1.4588691555764906,,none,10.0,605.0,40,10.0,near4,152.25943009153465,0.01,mega,Lognormal K field with horizontal anisotropy.
mega_anisotropic_heterogeneous_K_00043,anisotropic heterogeneous K,20760651,0.953586349770541,15.77340137012601,0.0,0.0,0.6081058291671348,,none,10.0,1205.0,28,10.0,mixed4,28.233951962455482,0.001,mega,Lognormal K field with horizontal anisotropy.
mega_anisotropic_heterogeneous_K_00044,anisotropic heterogeneous K,20760652,0.8010837447009832,129.63615799012067,0.0,0.0,0.9563826418934765,,none,10.0,605.0,40,1.0,far4,51.8609025369773,0.001,mega,Lognormal K field with horizontal anisotropy.
mega_anisotropic_heterogeneous_K_00045,anisotropic heterogeneous K,20760653,0.41983799021873824,23.944872538978824,0.0,0.0,0.6224773929310636,,none,5.0,805.0,40,2.0,far4,17.98251969902087,0.003,mega,Lognormal K field with horizontal anisotropy.
mega_anisotropic_heterogeneous_K_00046,anisotropic heterogeneous K,20760654,0.909120257915602,63.266652329466,0.0,0.0,0.2557554643746202,,none,7.5,405.0,28,2.0,standard4,45.45423117074019,0.0,mega,Lognormal K field with horizontal anisotropy.
mega_anisotropic_heterogeneous_K_00047,anisotropic heterogeneous K,20760655,0.1718986859954013,63.47768494717427,0.0,0.0,4.9270979778890345,,none,7.5,805.0,40,1.0,near4,30.364427674002588,0.01,mega,Lognormal K field with horizontal anisotropy.
mega_anisotropic_heterogeneous_K_00048,anisotropic heterogeneous K,20760656,0.35863031222878333,11.921022326826714,0.0,0.0,1.9580838560511995,,none,7.5,605.0,20,10.0,sparse3,31.455204685891825,0.01,mega,Lognormal K field with horizontal anisotropy.
mega_anisotropic_heterogeneous_K_00049,anisotropic heterogeneous K,20760657,1.4610044804622906,15.231124256459829,0.0,0.0,1.3395355975424672,,none,5.0,405.0,40,5.0,standard4,60.586448717916255,0.01,mega,Lognormal K field with horizontal anisotropy.
mega_heterogeneous_storage_00000,heterogeneous storage,20860608,1.176285690687931,10.894809879674728,0.8177894806141439,88.36207374182011,1.0,,none,7.5,605.0,20,10.0,dense5,137.55035729162915,0.003,mega,Lognormal K and storage-coefficient fields.
mega_heterogeneous_storage_00001,heterogeneous storage,20860609,1.0483417829061799,11.258957898746726,0.6293289589299206,38.85685977918701,1.0,,none,5.0,1205.0,40,5.0,far4,13.486303286398705,0.003,mega,Lognormal K and storage-coefficient fields.
mega_heterogeneous_storage_00002,heterogeneous storage,20860610,1.1181777769779382,148.19314494316944,0.24778673718530758,72.40296252214246,1.0,,none,7.5,1205.0,20,5.0,near4,110.39979569022715,0.0,mega,Lognormal K and storage-coefficient fields.
mega_heterogeneous_storage_00003,heterogeneous storage,20860611,1.0812468220457363,65.32487903846811,0.4745979896604674,67.6834480988767,1.0,,none,5.0,605.0,40,1.0,near4,173.5129685236511,0.001,mega,Lognormal K and storage-coefficient fields.
mega_heterogeneous_storage_00004,heterogeneous storage,20860612,0.8054871584368276,14.542403838536492,0.38636666165581335,14.664856193239505,1.0,,none,7.5,805.0,40,10.0,mixed4,29.549540558750298,0.0,mega,Lognormal K and storage-coefficient fields.
mega_heterogeneous_storage_00005,heterogeneous storage,20860613,0.9299589499718848,157.15361191962168,0.832307389703328,145.90934164170045,1.0,,none,10.0,605.0,28,1.0,dense5,99.97124588175058,0.003,mega,Lognormal K and storage-coefficient fields.
mega_heterogeneous_storage_00006,heterogeneous storage,20860614,0.9804833753795266,66.02770560592886,0.32401667048390126,150.1759660489168,1.0,,none,10.0,1205.0,20,2.0,mixed4,139.28805589293094,0.003,mega,Lognormal K and storage-coefficient fields.
mega_heterogeneous_storage_00007,heterogeneous storage,20860615,0.7517614220472828,9.273250410446938,0.8218849160348878,50.48563374796124,1.0,,none,7.5,1005.0,40,2.0,dense5,17.23240069064526,0.0,mega,Lognormal K and storage-coefficient fields.
mega_heterogeneous_storage_00008,heterogeneous storage,20860616,0.1506253966394423,8.284965998451709,0.18241942618142606,20.57551013478813,1.0,,none,10.0,1205.0,40,5.0,far4,129.16561137225972,0.01,mega,Lognormal K and storage-coefficient fields.
mega_heterogeneous_storage_00009,heterogeneous storage,20860617,1.0639863053922274,57.23913637493801,0.5598236672611736,71.13400204500061,1.0,,none,5.0,1205.0,40,1.0,standard4,31.69446901862702,0.001,mega,Lognormal K and storage-coefficient fields.
mega_heterogeneous_storage_00010,heterogeneous storage,20860618,1.100213712257357,60.625834009505276,0.8655827053035788,26.739603507454834,1.0,,none,5.0,805.0,20,5.0,standard4,46.9407235238903,0.003,mega,Lognormal K and storage-coefficient fields.
mega_heterogeneous_storage_00011,heterogeneous storage,20860619,0.7314222686286346,41.37627571433142,0.9240137880003179,8.864946360517521,1.0,,none,5.0,1205.0,20,10.0,far4,40.02705170058765,0.001,mega,Lognormal K and storage-coefficient fields.
mega_heterogeneous_storage_00012,heterogeneous storage,20860620,0.8103572660200946,22.257579385130533,0.42115711321931637,157.4683475123453,1.0,,none,10.0,1005.0,40,5.0,far4,159.54294475208133,0.01,mega,Lognormal K and storage-coefficient fields.
mega_heterogeneous_storage_00013,heterogeneous storage,20860621,1.1913735032020152,12.353871350370401,0.796665782199848,103.33768364546744,1.0,,none,7.5,1005.0,40,10.0,far4,72.95123482592714,0.01,mega,Lognormal K and storage-coefficient fields.
mega_heterogeneous_storage_00014,heterogeneous storage,20860622,0.9040146210565208,18.519596909296,0.17310240520404224,12.237608057433667,1.0,,none,10.0,405.0,40,1.0,standard4,148.03129127453727,0.003,mega,Lognormal K and storage-coefficient fields.
mega_heterogeneous_storage_00015,heterogeneous storage,20860623,0.15323251523309814,26.116779419384745,0.16421942022182828,11.207686608613253,1.0,,none,7.5,605.0,40,2.0,dense5,159.35486551841848,0.003,mega,Lognormal K and storage-coefficient fields.
mega_heterogeneous_storage_00016,heterogeneous storage,20860624,0.7290631560474224,8.70254291213831,0.38308108806999663,24.551106830191422,1.0,,none,10.0,605.0,28,10.0,dense5,157.45067729166308,0.001,mega,Lognormal K and storage-coefficient fields.
mega_heterogeneous_storage_00017,heterogeneous storage,20860625,1.1896499267143508,80.43640150898243,0.44018505366917315,22.435427758417934,1.0,,none,7.5,605.0,20,2.0,standard4,75.79335285422454,0.001,mega,Lognormal K and storage-coefficient fields.
mega_heterogeneous_storage_00018,heterogeneous storage,20860626,0.7486625728783636,71.82862554557789,0.22468238158084675,62.44799179485367,1.0,,none,10.0,805.0,20,1.0,mixed4,161.85868812976796,0.01,mega,Lognormal K and storage-coefficient fields.
mega_heterogeneous_storage_00019,heterogeneous storage,20860627,0.3904472462491887,13.504251674603506,0.16017413725879898,107.08462109610828,1.0,,none,5.0,605.0,28,2.0,mixed4,10.257849002350339,0.001,mega,Lognormal K and storage-coefficient fields.
mega_heterogeneous_storage_00020,heterogeneous storage,20860628,0.9620074539097988,98.5680283029016,0.5350159810899662,21.846409480307006,1.0,,none,5.0,1205.0,40,5.0,sparse3,53.834057176238275,0.003,mega,Lognormal K and storage-coefficient fields.
mega_heterogeneous_storage_00021,heterogeneous storage,20860629,0.32690885511525974,36.99969670298734,0.31824002696063347,21.528324953124415,1.0,,none,10.0,405.0,20,5.0,near4,79.44786599083876,0.001,mega,Lognormal K and storage-coefficient fields.
mega_heterogeneous_storage_00022,heterogeneous storage,20860630,0.3004387937806545,8.435763344690173,0.43128932318261226,19.553886803842644,1.0,,none,7.5,1005.0,20,1.0,sparse3,132.52759215122072,0.01,mega,Lognormal K and storage-coefficient fields.
mega_heterogeneous_storage_00023,heterogeneous storage,20860631,0.7142683121411999,44.519687495440415,0.3591027064066662,62.547330838933966,1.0,,none,5.0,605.0,40,10.0,far4,92.68156406000057,0.0,mega,Lognormal K and storage-coefficient fields.
mega_heterogeneous_storage_00024,heterogeneous storage,20860632,0.260565611119001,36.272271022287384,0.8934745621094402,23.44708785568952,1.0,,none,5.0,1005.0,28,1.0,dense5,11.729999337236663,0.0,mega,Lognormal K and storage-coefficient fields.
mega_heterogeneous_storage_00025,heterogeneous storage,20860633,0.5123172745867659,32.58972532402054,0.4266930064812937,42.68528015473648,1.0,,none,10.0,805.0,28,1.0,standard4,52.14278878395306,0.01,mega,Lognormal K and storage-coefficient fields.
mega_heterogeneous_storage_00026,heterogeneous storage,20860634,0.9290818987576438,10.49400932010299,0.5092460701779092,26.47153793668387,1.0,,none,10.0,1005.0,40,5.0,mixed4,177.44255393115682,0.003,mega,Lognormal K and storage-coefficient fields.
mega_heterogeneous_storage_00027,heterogeneous storage,20860635,0.9567269088105043,92.28528510441762,0.4418593857163241,38.124601571287954,1.0,,none,10.0,1205.0,20,2.0,standard4,162.87475272493944,0.01,mega,Lognormal K and storage-coefficient fields.
mega_heterogeneous_storage_00028,heterogeneous storage,20860636,0.6061151889713466,10.541570917743208,0.33750949373972383,152.89321892600222,1.0,,none,5.0,805.0,40,5.0,sparse3,48.11593149703257,0.001,mega,Lognormal K and storage-coefficient fields.
mega_heterogeneous_storage_00029,heterogeneous storage,20860637,0.9492953986829368,55.972826449905966,0.5237967023171057,24.51583015997738,1.0,,none,10.0,1005.0,40,5.0,dense5,14.505751638137802,0.001,mega,Lognormal K and storage-coefficient fields.
mega_heterogeneous_storage_00030,heterogeneous storage,20860638,1.0463515873792573,72.83376745057805,0.827748742161211,83.83672848148665,1.0,,none,5.0,1005.0,28,10.0,near4,98.66613056073322,0.003,mega,Lognormal K and storage-coefficient fields.
mega_heterogeneous_storage_00031,heterogeneous storage,20860639,0.8783903560293957,11.563686450218615,0.18701529840640002,44.0208909372805,1.0,,none,7.5,1005.0,40,5.0,sparse3,2.484448627954496,0.01,mega,Lognormal K and storage-coefficient fields.
mega_heterogeneous_storage_00032,heterogeneous storage,20860640,0.22680507103576436,27.736823548193406,0.6979327399837467,34.37719038431149,1.0,,none,7.5,1205.0,28,2.0,standard4,148.2926598587901,0.003,mega,Lognormal K and storage-coefficient fields.
mega_heterogeneous_storage_00033,heterogeneous storage,20860641,0.9960331828993343,78.16949749842561,0.7891202908199981,15.931613478409458,1.0,,none,7.5,805.0,40,2.0,dense5,143.1439299650473,0.003,mega,Lognormal K and storage-coefficient fields.
mega_heterogeneous_storage_00034,heterogeneous storage,20860642,0.6585398141399176,18.22479179571808,0.4111112625912209,38.67423844189861,1.0,,none,10.0,605.0,20,10.0,sparse3,114.4085970393916,0.0,mega,Lognormal K and storage-coefficient fields.
mega_heterogeneous_storage_00035,heterogeneous storage,20860643,0.5207083857282921,35.6349139655732,0.830558036047501,9.884099499070839,1.0,,none,7.5,1205.0,20,1.0,near4,92.17275414470305,0.001,mega,Lognormal K and storage-coefficient fields.
mega_heterogeneous_storage_00036,heterogeneous storage,20860644,0.5039296467257173,48.41737035318925,0.9461362285778483,9.269845664999382,1.0,,none,10.0,805.0,20,10.0,mixed4,6.2560028536902275,0.0,mega,Lognormal K and storage-coefficient fields.
mega_heterogeneous_storage_00037,heterogeneous storage,20860645,0.27229896479928495,46.51856122117871,0.3423573693819514,99.47600413701906,1.0,,none,7.5,605.0,40,2.0,sparse3,9.13150558970214,0.01,mega,Lognormal K and storage-coefficient fields.
mega_heterogeneous_storage_00038,heterogeneous storage,20860646,0.6184342538206326,81.18925890245973,0.684818077359354,29.183835395653176,1.0,,none,5.0,1205.0,28,2.0,standard4,147.9561990108538,0.003,mega,Lognormal K and storage-coefficient fields.
mega_heterogeneous_storage_00039,heterogeneous storage,20860647,0.5226571783159285,52.7430213170952,0.2255667174415426,23.351818171324904,1.0,,none,5.0,1005.0,40,2.0,mixed4,0.7218350290459101,0.01,mega,Lognormal K and storage-coefficient fields.
mega_heterogeneous_storage_00040,heterogeneous storage,20860648,0.7625733545891369,24.026633153894185,0.5400853082692982,36.63178734711461,1.0,,none,10.0,805.0,40,10.0,dense5,75.20534095490643,0.01,mega,Lognormal K and storage-coefficient fields.
mega_heterogeneous_storage_00041,heterogeneous storage,20860649,0.20288524343880515,23.848227164585804,0.5577574220374413,71.81883779096624,1.0,,none,5.0,1205.0,20,10.0,far4,21.501537812195462,0.003,mega,Lognormal K and storage-coefficient fields.
mega_heterogeneous_storage_00042,heterogeneous storage,20860650,0.6331511752742146,74.08714994457092,0.5938059884537515,96.65125255668725,1.0,,none,5.0,805.0,28,2.0,standard4,36.50051069281795,0.003,mega,Lognormal K and storage-coefficient fields.
mega_heterogeneous_storage_00043,heterogeneous storage,20860651,0.20856557755250293,146.36551738698697,0.45926372490382317,33.21437951703911,1.0,,none,10.0,605.0,40,2.0,mixed4,133.32242150916736,0.003,mega,Lognormal K and storage-coefficient fields.
mega_heterogeneous_storage_00044,heterogeneous storage,20860652,1.086139094363694,91.32481169609042,0.7662934518512271,25.25947817172079,1.0,,none,7.5,605.0,40,2.0,sparse3,138.6636641586722,0.0,mega,Lognormal K and storage-coefficient fields.
mega_heterogeneous_storage_00045,heterogeneous storage,20860653,0.19445562601847421,11.646509682475195,0.12453559540600145,102.16184869490695,1.0,,none,10.0,605.0,40,1.0,mixed4,113.50612489719587,0.01,mega,Lognormal K and storage-coefficient fields.
mega_heterogeneous_storage_00046,heterogeneous storage,20860654,0.5946741856865837,136.80478767118265,0.9923186479353965,47.958713830179384,1.0,,none,7.5,1205.0,28,10.0,dense5,23.996068579399438,0.001,mega,Lognormal K and storage-coefficient fields.
mega_heterogeneous_storage_00047,heterogeneous storage,20860655,0.8505735569658087,25.820882570340103,0.7475868377790886,77.70899515735177,1.0,,none,10.0,605.0,20,10.0,near4,25.273855945337694,0.003,mega,Lognormal K and storage-coefficient fields.
mega_heterogeneous_storage_00048,heterogeneous storage,20860656,0.8295203449253022,9.05503213344723,0.1711421156125485,60.94789795164613,1.0,,none,7.5,1005.0,20,10.0,sparse3,164.36541052283957,0.0,mega,Lognormal K and storage-coefficient fields.
mega_heterogeneous_storage_00049,heterogeneous storage,20860657,0.7539620896989726,14.577177757722886,0.5620631498448069,111.05214304453679,1.0,,none,10.0,1205.0,20,1.0,near4,91.67875043807003,0.0,mega,Lognormal K and storage-coefficient fields.
mega_heterogeneous_leakage_00000,heterogeneous leakage,20960608,1.013132069269895,104.7555267389359,0.0,0.0,1.0,31.4289285288987,none,5.0,605.0,28,5.0,far4,35.23977791364772,0.003,mega,Heterogeneous K with distributed vertical exchange.
mega_heterogeneous_leakage_00001,heterogeneous leakage,20960609,0.3455931058933256,134.71903748369746,0.0,0.0,1.0,114.72558824483815,none,10.0,805.0,20,5.0,sparse3,24.003879480029127,0.001,mega,Heterogeneous K with distributed vertical exchange.
mega_heterogeneous_leakage_00002,heterogeneous leakage,20960610,0.6419370947492129,10.081519688519181,0.0,0.0,1.0,44.682313795791345,none,10.0,605.0,20,5.0,near4,70.66896282677861,0.01,mega,Heterogeneous K with distributed vertical exchange.
mega_heterogeneous_leakage_00003,heterogeneous leakage,20960611,0.5662396039129057,46.262151550312765,0.0,0.0,1.0,151.73121930366833,none,10.0,605.0,20,1.0,sparse3,63.65132998891159,0.0,mega,Heterogeneous K with distributed vertical exchange.
mega_heterogeneous_leakage_00004,heterogeneous leakage,20960612,0.5359135648264836,13.746323295437003,0.0,0.0,1.0,41.02842514699812,none,7.5,1005.0,20,2.0,far4,122.38209438737195,0.0,mega,Heterogeneous K with distributed vertical exchange.
mega_heterogeneous_leakage_00005,heterogeneous leakage,20960613,0.43519326959543003,10.195105026746518,0.0,0.0,1.0,99.06786800829373,none,7.5,405.0,40,1.0,standard4,149.19057706907387,0.001,mega,Heterogeneous K with distributed vertical exchange.
mega_heterogeneous_leakage_00006,heterogeneous leakage,20960614,0.7529037388805455,15.380685761556922,0.0,0.0,1.0,236.93559820758787,none,10.0,1205.0,28,1.0,dense5,74.7956632444507,0.01,mega,Heterogeneous K with distributed vertical exchange.
mega_heterogeneous_leakage_00007,heterogeneous leakage,20960615,0.6046786380328696,9.840158084636707,0.0,0.0,1.0,99.7448251987708,none,5.0,1205.0,20,2.0,mixed4,66.3865977027921,0.0,mega,Heterogeneous K with distributed vertical exchange.
mega_heterogeneous_leakage_00008,heterogeneous leakage,20960616,0.8996047984660897,13.868794156712324,0.0,0.0,1.0,136.2864982480679,none,5.0,1005.0,20,5.0,standard4,146.44043469258446,0.0,mega,Heterogeneous K with distributed vertical exchange.
mega_heterogeneous_leakage_00009,heterogeneous leakage,20960617,0.17327103897152135,28.92806167450797,0.0,0.0,1.0,29.384980961022737,none,5.0,1005.0,40,5.0,mixed4,97.7778836519422,0.003,mega,Heterogeneous K with distributed vertical exchange.
mega_heterogeneous_leakage_00010,heterogeneous leakage,20960618,1.0759861514588125,126.27963825040591,0.0,0.0,1.0,48.344918438757595,none,7.5,805.0,20,2.0,mixed4,36.184247438350084,0.01,mega,Heterogeneous K with distributed vertical exchange.
mega_heterogeneous_leakage_00011,heterogeneous leakage,20960619,0.9836814467059074,24.352506942778618,0.0,0.0,1.0,72.11833079573842,none,7.5,805.0,20,2.0,mixed4,165.04335776392557,0.01,mega,Heterogeneous K with distributed vertical exchange.
mega_heterogeneous_leakage_00012,heterogeneous leakage,20960620,0.6008193603140766,14.958558719533565,0.0,0.0,1.0,57.27965068517791,none,5.0,1005.0,28,1.0,far4,19.409220780870264,0.01,mega,Heterogeneous K with distributed vertical exchange.
mega_heterogeneous_leakage_00013,heterogeneous leakage,20960621,0.6320238552664272,25.6543208745766,0.0,0.0,1.0,59.36604446150154,none,10.0,605.0,40,10.0,near4,34.32921873644943,0.001,mega,Heterogeneous K with distributed vertical exchange.
mega_heterogeneous_leakage_00014,heterogeneous leakage,20960622,0.36438961046867235,64.25291863077945,0.0,0.0,1.0,60.01832785482779,none,10.0,805.0,40,1.0,dense5,137.50265453931948,0.001,mega,Heterogeneous K with distributed vertical exchange.
mega_heterogeneous_leakage_00015,heterogeneous leakage,20960623,1.4995728833709876,11.02597364364917,0.0,0.0,1.0,79.59750555246428,none,5.0,1005.0,40,5.0,mixed4,107.7978443000076,0.003,mega,Heterogeneous K with distributed vertical exchange.
mega_heterogeneous_leakage_00016,heterogeneous leakage,20960624,0.7669752432869781,24.816462190709156,0.0,0.0,1.0,134.60162400621908,none,10.0,1205.0,20,1.0,standard4,25.9255316538737,0.003,mega,Heterogeneous K with distributed vertical exchange.
mega_heterogeneous_leakage_00017,heterogeneous leakage,20960625,1.1802218568315181,120.8005121555025,0.0,0.0,1.0,41.552018260347104,none,5.0,1205.0,40,10.0,standard4,133.78707600521622,0.01,mega,Heterogeneous K with distributed vertical exchange.
mega_heterogeneous_leakage_00018,heterogeneous leakage,20960626,1.049598320928726,20.4846648692638,0.0,0.0,1.0,139.4267452385623,none,7.5,1005.0,20,2.0,mixed4,157.1937487026142,0.0,mega,Heterogeneous K with distributed vertical exchange.
mega_heterogeneous_leakage_00019,heterogeneous leakage,20960627,0.8510373515798756,122.06513204727787,0.0,0.0,1.0,154.37966246035506,none,10.0,1205.0,28,2.0,mixed4,9.894009185794282,0.01,mega,Heterogeneous K with distributed vertical exchange.
mega_heterogeneous_leakage_00020,heterogeneous leakage,20960628,0.21990429595334687,15.450728203876764,0.0,0.0,1.0,80.8978588282118,none,7.5,805.0,20,1.0,far4,98.0927209129639,0.0,mega,Heterogeneous K with distributed vertical exchange.
mega_heterogeneous_leakage_00021,heterogeneous leakage,20960629,0.7988399731667187,18.928891357255058,0.0,0.0,1.0,28.083885953664414,none,5.0,805.0,40,1.0,mixed4,67.02955180964491,0.0,mega,Heterogeneous K with distributed vertical exchange.
mega_heterogeneous_leakage_00022,heterogeneous leakage,20960630,1.4739862033465778,13.115721177332865,0.0,0.0,1.0,93.21236848881725,none,5.0,405.0,40,1.0,near4,160.4494048382982,0.001,mega,Heterogeneous K with distributed vertical exchange.
mega_heterogeneous_leakage_00023,heterogeneous leakage,20960631,0.445491348709559,129.6713291914171,0.0,0.0,1.0,146.8536870906592,none,10.0,805.0,28,10.0,near4,164.81977719805283,0.003,mega,Heterogeneous K with distributed vertical exchange.
mega_heterogeneous_leakage_00024,heterogeneous leakage,20960632,0.4826378327551841,11.554671246309097,0.0,0.0,1.0,220.70098891920085,none,7.5,605.0,20,1.0,near4,169.55220741584287,0.01,mega,Heterogeneous K with distributed vertical exchange.
mega_heterogeneous_leakage_00025,heterogeneous leakage,20960633,0.5361597515459388,95.50417793736574,0.0,0.0,1.0,120.65328610598317,none,7.5,805.0,28,5.0,mixed4,138.9218987898673,0.003,mega,Heterogeneous K with distributed vertical exchange.
mega_heterogeneous_leakage_00026,heterogeneous leakage,20960634,0.32798351639995404,76.79539613089882,0.0,0.0,1.0,92.81764951140865,none,10.0,605.0,28,1.0,mixed4,44.44344092042173,0.0,mega,Heterogeneous K with distributed vertical exchange.
mega_heterogeneous_leakage_00027,heterogeneous leakage,20960635,0.9546136458277156,55.118871245082744,0.0,0.0,1.0,63.82201801426144,none,7.5,1005.0,20,10.0,dense5,12.688095450899418,0.001,mega,Heterogeneous K with distributed vertical exchange.
mega_heterogeneous_leakage_00028,heterogeneous leakage,20960636,0.5391487258451366,68.9624769653257,0.0,0.0,1.0,27.998201054444188,none,7.5,1005.0,20,5.0,dense5,140.84185355632442,0.003,mega,Heterogeneous K with distributed vertical exchange.
mega_heterogeneous_leakage_00029,heterogeneous leakage,20960637,0.18095770484965998,84.44687083680763,0.0,0.0,1.0,193.78611254151375,none,10.0,605.0,28,1.0,dense5,166.26034101935073,0.001,mega,Heterogeneous K with distributed vertical exchange.
mega_heterogeneous_leakage_00030,heterogeneous leakage,20960638,1.1602020066441447,50.11793452249548,0.0,0.0,1.0,57.23139648533042,none,7.5,605.0,20,2.0,mixed4,17.686199563278926,0.003,mega,Heterogeneous K with distributed vertical exchange.
mega_heterogeneous_leakage_00031,heterogeneous leakage,20960639,1.4107893985630768,22.901828849603568,0.0,0.0,1.0,87.18295437528303,none,5.0,605.0,20,1.0,dense5,54.0453107397861,0.01,mega,Heterogeneous K with distributed vertical exchange.
mega_heterogeneous_leakage_00032,heterogeneous leakage,20960640,1.3908599889489925,21.160237392097812,0.0,0.0,1.0,228.87626869087637,none,10.0,605.0,20,1.0,far4,178.7150988626655,0.0,mega,Heterogeneous K with distributed vertical exchange.
mega_heterogeneous_leakage_00033,heterogeneous leakage,20960641,1.1123977957210898,9.416820858628364,0.0,0.0,1.0,30.995906782621322,none,5.0,605.0,20,10.0,mixed4,25.44554413104589,0.001,mega,Heterogeneous K with distributed vertical exchange.
mega_heterogeneous_leakage_00034,heterogeneous leakage,20960642,0.703036752482386,14.72921308669456,0.0,0.0,1.0,151.59024475256436,none,7.5,1005.0,20,5.0,mixed4,6.753323839527239,0.0,mega,Heterogeneous K with distributed vertical exchange.
mega_heterogeneous_leakage_00035,heterogeneous leakage,20960643,0.5516152995251888,38.81226343694001,0.0,0.0,1.0,87.8424456061982,none,5.0,1205.0,20,10.0,sparse3,86.04300035760899,0.001,mega,Heterogeneous K with distributed vertical exchange.
mega_heterogeneous_leakage_00036,heterogeneous leakage,20960644,1.383278490796759,51.867573131919485,0.0,0.0,1.0,27.30810272199866,none,7.5,605.0,20,1.0,far4,8.252672393132945,0.003,mega,Heterogeneous K with distributed vertical exchange.
mega_heterogeneous_leakage_00037,heterogeneous leakage,20960645,1.1103064954081965,14.797433503898162,0.0,0.0,1.0,119.96214517806982,none,5.0,1005.0,28,10.0,mixed4,72.05896190975773,0.001,mega,Heterogeneous K with distributed vertical exchange.
mega_heterogeneous_leakage_00038,heterogeneous leakage,20960646,1.2216333646532727,19.114328135199212,0.0,0.0,1.0,49.0960695844196,none,10.0,605.0,20,1.0,far4,71.55065706590538,0.003,mega,Heterogeneous K with distributed vertical exchange.
mega_heterogeneous_leakage_00039,heterogeneous leakage,20960647,0.7163412497925845,12.8277887756733,0.0,0.0,1.0,107.19093818263181,none,7.5,605.0,28,1.0,dense5,45.723934617596946,0.001,mega,Heterogeneous K with distributed vertical exchange.
mega_heterogeneous_leakage_00040,heterogeneous leakage,20960648,0.4013393839404722,164.40285437767452,0.0,0.0,1.0,57.123742464338854,none,10.0,405.0,20,10.0,near4,168.6504922782187,0.001,mega,Heterogeneous K with distributed vertical exchange.
mega_heterogeneous_leakage_00041,heterogeneous leakage,20960649,1.3973279120754012,81.90904074106066,0.0,0.0,1.0,80.01241342979066,none,5.0,605.0,40,5.0,dense5,85.75669266555452,0.001,mega,Heterogeneous K with distributed vertical exchange.
mega_heterogeneous_leakage_00042,heterogeneous leakage,20960650,1.1562617650270632,12.011192701643337,0.0,0.0,1.0,208.47373711437947,none,10.0,605.0,40,10.0,mixed4,50.735911984415175,0.01,mega,Heterogeneous K with distributed vertical exchange.
mega_heterogeneous_leakage_00043,heterogeneous leakage,20960651,0.2962818885608529,58.833151361636425,0.0,0.0,1.0,173.79830868021654,none,5.0,605.0,40,2.0,mixed4,134.7574983382948,0.003,mega,Heterogeneous K with distributed vertical exchange.
mega_heterogeneous_leakage_00044,heterogeneous leakage,20960652,1.449205835644518,40.70949979597187,0.0,0.0,1.0,29.04708424867119,none,10.0,805.0,40,10.0,near4,178.20519274722412,0.001,mega,Heterogeneous K with distributed vertical exchange.
mega_heterogeneous_leakage_00045,heterogeneous leakage,20960653,1.0259525220732342,10.86712423370985,0.0,0.0,1.0,30.917830057876998,none,7.5,1205.0,40,2.0,far4,42.14334512524972,0.01,mega,Heterogeneous K with distributed vertical exchange.
mega_heterogeneous_leakage_00046,heterogeneous leakage,20960654,0.6952870568295362,15.148715847037924,0.0,0.0,1.0,43.36937871803429,none,5.0,1005.0,20,2.0,near4,142.8614196174526,0.0,mega,Heterogeneous K with distributed vertical exchange.
mega_heterogeneous_leakage_00047,heterogeneous leakage,20960655,1.37033519286382,135.85446492676036,0.0,0.0,1.0,58.69879582125297,none,10.0,805.0,28,1.0,mixed4,14.117048451630668,0.001,mega,Heterogeneous K with distributed vertical exchange.
mega_heterogeneous_leakage_00048,heterogeneous leakage,20960656,0.21240500051096267,119.09200958280324,0.0,0.0,1.0,42.636781751967234,none,7.5,1005.0,20,5.0,near4,115.64742649705802,0.001,mega,Heterogeneous K with distributed vertical exchange.
mega_heterogeneous_leakage_00049,heterogeneous leakage,20960657,0.6627175990905974,66.4836615479428,0.0,0.0,1.0,192.80486193320206,none,10.0,605.0,28,2.0,dense5,22.197350484022255,0.0,mega,Heterogeneous K with distributed vertical exchange.
mega_heterogeneous_boundary_00000,heterogeneous boundary,21060608,0.7453987287622419,161.7765200182442,0.0,0.0,1.0,,none,5.0,605.0,28,1.0,sparse3,29.200648859544447,0.01,mega,Heterogeneous K with finite-domain boundary stress.
mega_heterogeneous_boundary_00001,heterogeneous boundary,21060609,0.31608917001942194,65.2810753644517,0.0,0.0,1.0,,constant_head_x,5.0,805.0,28,5.0,dense5,60.81382010037171,0.001,mega,Heterogeneous K with finite-domain boundary stress.
mega_heterogeneous_boundary_00002,heterogeneous boundary,21060610,0.8367716811637937,28.87532845328034,0.0,0.0,1.0,,constant_head_all,7.5,605.0,40,10.0,mixed4,55.92888149041323,0.0,mega,Heterogeneous K with finite-domain boundary stress.
mega_heterogeneous_boundary_00003,heterogeneous boundary,21060611,0.19116515955048238,43.13460947437219,0.0,0.0,1.0,,constant_head_x,10.0,1005.0,40,2.0,standard4,126.55632908602223,0.01,mega,Heterogeneous K with finite-domain boundary stress.
mega_heterogeneous_boundary_00004,heterogeneous boundary,21060612,1.1534351252891961,81.4205309762878,0.0,0.0,1.0,,none,5.0,805.0,20,2.0,far4,34.35934833232282,0.001,mega,Heterogeneous K with finite-domain boundary stress.
mega_heterogeneous_boundary_00005,heterogeneous boundary,21060613,1.027011675746375,19.72595835287414,0.0,0.0,1.0,,none,10.0,1005.0,40,10.0,dense5,24.117932607924768,0.003,mega,Heterogeneous K with finite-domain boundary stress.
mega_heterogeneous_boundary_00006,heterogeneous boundary,21060614,0.6468709951718634,80.09375689088213,0.0,0.0,1.0,,constant_head_all,5.0,1205.0,40,2.0,standard4,70.42477943597046,0.003,mega,Heterogeneous K with finite-domain boundary stress.
mega_heterogeneous_boundary_00007,heterogeneous boundary,21060615,1.375986822379951,20.407908992445307,0.0,0.0,1.0,,constant_head_east,10.0,1005.0,40,1.0,sparse3,59.06085283041787,0.003,mega,Heterogeneous K with finite-domain boundary stress.
mega_heterogeneous_boundary_00008,heterogeneous boundary,21060616,0.29906736705123504,19.36451078481655,0.0,0.0,1.0,,constant_head_all,5.0,805.0,40,10.0,far4,105.72909081854033,0.01,mega,Heterogeneous K with finite-domain boundary stress.
mega_heterogeneous_boundary_00009,heterogeneous boundary,21060617,0.3363581377402652,17.295766666510545,0.0,0.0,1.0,,constant_head_east,10.0,605.0,20,5.0,far4,138.38512377844194,0.001,mega,Heterogeneous K with finite-domain boundary stress.
mega_heterogeneous_boundary_00010,heterogeneous boundary,21060618,0.7827226363260665,10.676320021780903,0.0,0.0,1.0,,constant_head_east,10.0,1205.0,28,1.0,near4,142.29069520223956,0.003,mega,Heterogeneous K with finite-domain boundary stress.
mega_heterogeneous_boundary_00011,heterogeneous boundary,21060619,0.6592910447026868,58.73608644656544,0.0,0.0,1.0,,constant_head_east,10.0,1005.0,28,10.0,dense5,124.11955370378269,0.001,mega,Heterogeneous K with finite-domain boundary stress.
mega_heterogeneous_boundary_00012,heterogeneous boundary,21060620,0.7424090780872908,135.31042064640332,0.0,0.0,1.0,,constant_head_all,10.0,405.0,20,2.0,standard4,61.08334274597155,0.001,mega,Heterogeneous K with finite-domain boundary stress.
mega_heterogeneous_boundary_00013,heterogeneous boundary,21060621,1.175751386707303,121.54125200448681,0.0,0.0,1.0,,constant_head_east,5.0,1005.0,20,2.0,standard4,31.429262977844992,0.01,mega,Heterogeneous K with finite-domain boundary stress.
mega_heterogeneous_boundary_00014,heterogeneous boundary,21060622,1.420862487241056,30.039294046293396,0.0,0.0,1.0,,none,5.0,405.0,28,2.0,standard4,103.5035943133822,0.0,mega,Heterogeneous K with finite-domain boundary stress.
mega_heterogeneous_boundary_00015,heterogeneous boundary,21060623,1.2548022121403126,86.39177533991199,0.0,0.0,1.0,,constant_head_all,5.0,1205.0,20,10.0,near4,125.64877096566627,0.003,mega,Heterogeneous K with finite-domain boundary stress.
mega_heterogeneous_boundary_00016,heterogeneous boundary,21060624,0.16678540378852597,45.478114129956815,0.0,0.0,1.0,,constant_head_x,10.0,1205.0,20,2.0,standard4,150.07102104118138,0.003,mega,Heterogeneous K with finite-domain boundary stress.
mega_heterogeneous_boundary_00017,heterogeneous boundary,21060625,0.8375073960496033,137.09322020500232,0.0,0.0,1.0,,constant_head_all,10.0,605.0,28,10.0,dense5,145.6038337806248,0.001,mega,Heterogeneous K with finite-domain boundary stress.
mega_heterogeneous_boundary_00018,heterogeneous boundary,21060626,1.3212123124903465,60.53110336932353,0.0,0.0,1.0,,constant_head_x,5.0,605.0,28,10.0,near4,36.41218834640665,0.0,mega,Heterogeneous K with finite-domain boundary stress.
mega_heterogeneous_boundary_00019,heterogeneous boundary,21060627,1.251901337740145,14.176514587299108,0.0,0.0,1.0,,constant_head_x,5.0,605.0,20,2.0,mixed4,29.07371824522524,0.01,mega,Heterogeneous K with finite-domain boundary stress.
mega_heterogeneous_boundary_00020,heterogeneous boundary,21060628,0.7610314796160033,54.906745667327165,0.0,0.0,1.0,,constant_head_x,10.0,605.0,40,2.0,far4,69.02371793707344,0.003,mega,Heterogeneous K with finite-domain boundary stress.
mega_heterogeneous_boundary_00021,heterogeneous boundary,21060629,1.4042195115319864,40.516235249197024,0.0,0.0,1.0,,constant_head_x,10.0,1005.0,20,5.0,sparse3,49.39447329577227,0.003,mega,Heterogeneous K with finite-domain boundary stress.
mega_heterogeneous_boundary_00022,heterogeneous boundary,21060630,1.341419621894458,35.87683880484882,0.0,0.0,1.0,,constant_head_all,5.0,605.0,40,2.0,mixed4,156.61598289780676,0.01,mega,Heterogeneous K with finite-domain boundary stress.
mega_heterogeneous_boundary_00023,heterogeneous boundary,21060631,0.4405337372893444,12.500784139499125,0.0,0.0,1.0,,constant_head_x,5.0,605.0,40,1.0,far4,122.63554201935573,0.001,mega,Heterogeneous K with finite-domain boundary stress.
mega_heterogeneous_boundary_00024,heterogeneous boundary,21060632,1.2174362690730993,133.54966393570808,0.0,0.0,1.0,,constant_head_x,10.0,1205.0,28,2.0,sparse3,168.97155273084678,0.0,mega,Heterogeneous K with finite-domain boundary stress.
mega_heterogeneous_boundary_00025,heterogeneous boundary,21060633,1.1735472622888226,114.19152919591482,0.0,0.0,1.0,,constant_head_all,7.5,605.0,20,5.0,near4,44.91772842697781,0.0,mega,Heterogeneous K with finite-domain boundary stress.
mega_heterogeneous_boundary_00026,heterogeneous boundary,21060634,0.5775714223958157,14.190544346588801,0.0,0.0,1.0,,constant_head_east,7.5,605.0,28,5.0,dense5,168.71930519902884,0.01,mega,Heterogeneous K with finite-domain boundary stress.
mega_heterogeneous_boundary_00027,heterogeneous boundary,21060635,0.3900722036366998,88.09798288266389,0.0,0.0,1.0,,constant_head_x,7.5,605.0,28,10.0,mixed4,14.236566758526498,0.001,mega,Heterogeneous K with finite-domain boundary stress.
mega_heterogeneous_boundary_00028,heterogeneous boundary,21060636,0.28671610557003824,37.50652839839591,0.0,0.0,1.0,,constant_head_all,5.0,605.0,28,2.0,sparse3,108.06124727530357,0.001,mega,Heterogeneous K with finite-domain boundary stress.
mega_heterogeneous_boundary_00029,heterogeneous boundary,21060637,0.6179811954287011,51.95349340046855,0.0,0.0,1.0,,constant_head_all,10.0,605.0,40,10.0,sparse3,82.22675296747423,0.001,mega,Heterogeneous K with finite-domain boundary stress.
mega_heterogeneous_boundary_00030,heterogeneous boundary,21060638,1.4777299625615132,55.838993294478975,0.0,0.0,1.0,,constant_head_x,7.5,805.0,28,10.0,far4,94.86846794913627,0.0,mega,Heterogeneous K with finite-domain boundary stress.
mega_heterogeneous_boundary_00031,heterogeneous boundary,21060639,1.164474711019581,59.468046034088474,0.0,0.0,1.0,,constant_head_all,5.0,1205.0,20,5.0,dense5,149.79525492370615,0.01,mega,Heterogeneous K with finite-domain boundary stress.
mega_heterogeneous_boundary_00032,heterogeneous boundary,21060640,0.32630586327503486,55.24021154650298,0.0,0.0,1.0,,constant_head_x,10.0,1205.0,40,10.0,mixed4,55.55643699991522,0.0,mega,Heterogeneous K with finite-domain boundary stress.
mega_heterogeneous_boundary_00033,heterogeneous boundary,21060641,0.40445820270867894,129.11335210208088,0.0,0.0,1.0,,none,7.5,405.0,40,1.0,standard4,58.28436181497063,0.001,mega,Heterogeneous K with finite-domain boundary stress.
mega_heterogeneous_boundary_00034,heterogeneous boundary,21060642,0.5219059872212483,20.59951118917548,0.0,0.0,1.0,,constant_head_x,5.0,605.0,40,1.0,sparse3,170.27539848015945,0.003,mega,Heterogeneous K with finite-domain boundary stress.
mega_heterogeneous_boundary_00035,heterogeneous boundary,21060643,0.6994870653768294,26.368455866556207,0.0,0.0,1.0,,none,7.5,605.0,40,10.0,sparse3,138.45560823885796,0.001,mega,Heterogeneous K with finite-domain boundary stress.
mega_heterogeneous_boundary_00036,heterogeneous boundary,21060644,0.37103454804310715,11.216008067521106,0.0,0.0,1.0,,constant_head_all,7.5,1205.0,40,5.0,sparse3,56.079222290098194,0.003,mega,Heterogeneous K with finite-domain boundary stress.
mega_heterogeneous_boundary_00037,heterogeneous boundary,21060645,0.5344762544340508,14.391582452507802,0.0,0.0,1.0,,constant_head_x,10.0,605.0,20,10.0,mixed4,112.8216189521174,0.003,mega,Heterogeneous K with finite-domain boundary stress.
mega_heterogeneous_boundary_00038,heterogeneous boundary,21060646,0.9155019773058867,13.764552165764705,0.0,0.0,1.0,,constant_head_east,10.0,805.0,20,10.0,far4,79.27098480981014,0.01,mega,Heterogeneous K with finite-domain boundary stress.
mega_heterogeneous_boundary_00039,heterogeneous boundary,21060647,0.15461923970652017,92.81341894177838,0.0,0.0,1.0,,constant_head_all,7.5,1205.0,28,5.0,mixed4,40.576271024081116,0.001,mega,Heterogeneous K with finite-domain boundary stress.
mega_heterogeneous_boundary_00040,heterogeneous boundary,21060648,0.8257844935699576,69.37776870718736,0.0,0.0,1.0,,constant_head_x,10.0,805.0,40,5.0,dense5,176.7080205628768,0.0,mega,Heterogeneous K with finite-domain boundary stress.
mega_heterogeneous_boundary_00041,heterogeneous boundary,21060649,0.17010754504622438,106.79124259766394,0.0,0.0,1.0,,none,7.5,805.0,40,2.0,near4,72.43295296892354,0.01,mega,Heterogeneous K with finite-domain boundary stress.
mega_heterogeneous_boundary_00042,heterogeneous boundary,21060650,1.2532780041778087,59.85610338543504,0.0,0.0,1.0,,constant_head_east,10.0,1005.0,40,1.0,mixed4,97.3857339520403,0.01,mega,Heterogeneous K with finite-domain boundary stress.
mega_heterogeneous_boundary_00043,heterogeneous boundary,21060651,1.1156788984629888,8.374060216427578,0.0,0.0,1.0,,constant_head_x,7.5,1205.0,28,5.0,mixed4,42.10288995691363,0.001,mega,Heterogeneous K with finite-domain boundary stress.
mega_heterogeneous_boundary_00044,heterogeneous boundary,21060652,1.3998931035825097,33.279337267519665,0.0,0.0,1.0,,constant_head_x,5.0,805.0,28,2.0,sparse3,107.86930436006195,0.001,mega,Heterogeneous K with finite-domain boundary stress.
mega_heterogeneous_boundary_00045,heterogeneous boundary,21060653,0.9952296770069635,41.36573015072899,0.0,0.0,1.0,,constant_head_all,5.0,1205.0,20,5.0,far4,70.91039979903604,0.001,mega,Heterogeneous K with finite-domain boundary stress.
mega_heterogeneous_boundary_00046,heterogeneous boundary,21060654,0.9991856150516624,174.2472161951292,0.0,0.0,1.0,,none,5.0,1205.0,40,2.0,sparse3,155.09666036705687,0.0,mega,Heterogeneous K with finite-domain boundary stress.
mega_heterogeneous_boundary_00047,heterogeneous boundary,21060655,1.1358334552442333,161.3291496004562,0.0,0.0,1.0,,none,5.0,405.0,28,1.0,standard4,177.9649682909333,0.001,mega,Heterogeneous K with finite-domain boundary stress.
mega_heterogeneous_boundary_00048,heterogeneous boundary,21060656,1.1780890770938552,154.6769645063454,0.0,0.0,1.0,,constant_head_x,10.0,805.0,28,2.0,near4,165.3144084611881,0.001,mega,Heterogeneous K with finite-domain boundary stress.
mega_heterogeneous_boundary_00049,heterogeneous boundary,21060657,0.5501363850627211,171.62729796243133,0.0,0.0,1.0,,constant_head_all,7.5,605.0,20,2.0,far4,113.18343693277458,0.0,mega,Heterogeneous K with finite-domain boundary stress.
mega_combined_leakage_boundary_00000,combined leakage boundary,21160608,0.7729334991326843,169.09612831259622,0.19065643277986188,60.86778176971406,2.1258758592458245,241.65302815735916,constant_head_all,5.0,1005.0,28,10.0,far4,4.371690186696615,0.001,mega,"Combined K heterogeneity, possible storage variability, leakage, anisotropy, and boundary stress."
mega_combined_leakage_boundary_00001,combined leakage boundary,21160609,1.4119739791475272,29.454243742235278,0.33086260893330327,29.87177926679479,2.34186122470685,55.42885037763075,constant_head_x,10.0,1005.0,20,5.0,standard4,120.85065165525918,0.01,mega,"Combined K heterogeneity, possible storage variability, leakage, anisotropy, and boundary stress."
mega_combined_leakage_boundary_00002,combined leakage boundary,21160610,1.4132202806430751,25.378523924306904,0.4914454382533399,12.993676341188625,0.5292651710281939,27.881711264895483,constant_head_east,5.0,805.0,40,10.0,sparse3,70.16264503011513,0.003,mega,"Combined K heterogeneity, possible storage variability, leakage, anisotropy, and boundary stress."
mega_combined_leakage_boundary_00003,combined leakage boundary,21160611,1.1392043961401388,146.72781181817817,0.6901245809866801,152.15583891067817,1.6251653178301777,33.049673031904895,constant_head_all,10.0,1205.0,28,1.0,dense5,154.98935617902836,0.01,mega,"Combined K heterogeneity, possible storage variability, leakage, anisotropy, and boundary stress."
mega_combined_leakage_boundary_00004,combined leakage boundary,21160612,1.0029442038514853,99.89652469702715,0.20522545620334773,139.83733910508448,1.9298479527258048,68.22123270965295,constant_head_all,10.0,1205.0,20,2.0,mixed4,3.6356063146912403,0.003,mega,"Combined K heterogeneity, possible storage variability, leakage, anisotropy, and boundary stress."
mega_combined_leakage_boundary_00005,combined leakage boundary,21160613,1.3834580398908953,11.683900542604754,0.698152797870289,23.473176521030464,1.4087800409942304,87.31810804957534,constant_head_x,10.0,805.0,28,10.0,near4,7.844762236277211,0.0,mega,"Combined K heterogeneity, possible storage variability, leakage, anisotropy, and boundary stress."
mega_combined_leakage_boundary_00006,combined leakage boundary,21160614,0.7452189760494645,98.17082643898787,0.038944210552144,28.153568070922063,1.0285614691968603,64.21214965750221,constant_head_x,10.0,1005.0,40,2.0,mixed4,159.38238245395985,0.003,mega,"Combined K heterogeneity, possible storage variability, leakage, anisotropy, and boundary stress."
mega_combined_leakage_boundary_00007,combined leakage boundary,21160615,0.2033129323231831,12.63942624597061,0.758147455881407,155.02933676407153,0.3190557917265561,137.11720898112353,constant_head_east,5.0,605.0,20,10.0,far4,37.69191269956468,0.0,mega,"Combined K heterogeneity, possible storage variability, leakage, anisotropy, and boundary stress."
mega_combined_leakage_boundary_00008,combined leakage boundary,21160616,1.2259168252159127,96.50995126205359,0.1137779272412634,29.696690080542442,0.42231844282350167,76.82860593499672,constant_head_east,5.0,805.0,20,10.0,near4,52.13302512414214,0.01,mega,"Combined K heterogeneity, possible storage variability, leakage, anisotropy, and boundary stress."
mega_combined_leakage_boundary_00009,combined leakage boundary,21160617,1.3594195177790491,34.50928616797559,0.27357070132738776,17.676562227153585,1.0694329835162106,190.56112658197412,constant_head_x,10.0,605.0,28,5.0,mixed4,133.08080943345112,0.001,mega,"Combined K heterogeneity, possible storage variability, leakage, anisotropy, and boundary stress."
mega_combined_leakage_boundary_00010,combined leakage boundary,21160618,0.7297740689819964,11.54733029640286,0.5438840102912877,25.390617364659214,0.32436710123904133,114.09017185467002,constant_head_all,7.5,605.0,40,5.0,dense5,101.3800798794452,0.001,mega,"Combined K heterogeneity, possible storage variability, leakage, anisotropy, and boundary stress."
mega_combined_leakage_boundary_00011,combined leakage boundary,21160619,1.0618452197965624,68.9343020187862,0.5837007931012853,128.3146126601188,2.266099468033679,89.44784754164378,constant_head_east,10.0,605.0,40,1.0,dense5,18.88737757536172,0.003,mega,"Combined K heterogeneity, possible storage variability, leakage, anisotropy, and boundary stress."
mega_combined_leakage_boundary_00012,combined leakage boundary,21160620,1.385144924226595,25.832062026106257,0.28001039833819336,21.02608806916528,0.6981646876488848,40.26501387531165,constant_head_x,7.5,1005.0,20,2.0,sparse3,116.22773128665385,0.01,mega,"Combined K heterogeneity, possible storage variability, leakage, anisotropy, and boundary stress."
mega_combined_leakage_boundary_00013,combined leakage boundary,21160621,0.2691007599110624,18.954051174523567,0.5018272710101747,34.83933782447639,2.7443894906959927,44.53832682252007,constant_head_x,7.5,605.0,28,10.0,sparse3,150.1919667120414,0.003,mega,"Combined K heterogeneity, possible storage variability, leakage, anisotropy, and boundary stress."
mega_combined_leakage_boundary_00014,combined leakage boundary,21160622,0.3679151299742221,24.0957817767243,0.03708142589111942,92.67698486484639,2.5318879696379155,78.59814797733304,constant_head_x,7.5,605.0,28,5.0,mixed4,32.0509113377994,0.01,mega,"Combined K heterogeneity, possible storage variability, leakage, anisotropy, and boundary stress."
mega_combined_leakage_boundary_00015,combined leakage boundary,21160623,0.3720988020951487,118.87180088325803,0.7746292764928243,24.261906439864532,1.100152250602031,209.21066073225467,constant_head_all,5.0,805.0,28,1.0,sparse3,78.1021828088302,0.01,mega,"Combined K heterogeneity, possible storage variability, leakage, anisotropy, and boundary stress."
mega_combined_leakage_boundary_00016,combined leakage boundary,21160624,0.24358233573588894,9.309712696916113,0.44586903395682065,117.87215067687916,0.6718855643231133,39.11205312506661,constant_head_x,5.0,805.0,28,10.0,near4,102.71802176781718,0.001,mega,"Combined K heterogeneity, possible storage variability, leakage, anisotropy, and boundary stress."
mega_combined_leakage_boundary_00017,combined leakage boundary,21160625,1.4963396320569136,35.44115919657724,0.06080089879200057,8.185703339932212,1.6491871967113287,87.04026808049933,constant_head_east,5.0,1205.0,20,2.0,sparse3,174.40594679614665,0.001,mega,"Combined K heterogeneity, possible storage variability, leakage, anisotropy, and boundary stress."
mega_combined_leakage_boundary_00018,combined leakage boundary,21160626,1.4777494262762745,93.95453579101559,0.05870198700147399,21.374626806007132,0.8408463892695279,56.1972164170889,constant_head_x,5.0,405.0,28,5.0,standard4,5.043049892104033,0.0,mega,"Combined K heterogeneity, possible storage variability, leakage, anisotropy, and boundary stress."
mega_combined_leakage_boundary_00019,combined leakage boundary,21160627,0.6034895416545653,10.319575342397412,0.6969327389687319,8.096442346595135,2.6574945377492187,39.31368516725134,constant_head_east,7.5,805.0,20,1.0,standard4,42.765926764812065,0.003,mega,"Combined K heterogeneity, possible storage variability, leakage, anisotropy, and boundary stress."
mega_combined_leakage_boundary_00020,combined leakage boundary,21160628,1.1852887420486418,54.50042235512577,0.3819754229256813,127.28891884688203,2.3003616611263316,126.48864247432715,constant_head_all,5.0,1205.0,20,1.0,far4,159.22946159950504,0.01,mega,"Combined K heterogeneity, possible storage variability, leakage, anisotropy, and boundary stress."
mega_combined_leakage_boundary_00021,combined leakage boundary,21160629,1.1532232843569068,13.83336239680493,0.5015619993369896,89.89284495782339,0.35793265904939553,183.27517546797884,constant_head_east,10.0,1005.0,28,5.0,near4,126.40866249664305,0.003,mega,"Combined K heterogeneity, possible storage variability, leakage, anisotropy, and boundary stress."
mega_combined_leakage_boundary_00022,combined leakage boundary,21160630,0.4746141533367242,10.121759043188522,0.19880712877646,52.62938546445003,1.105367002552682,46.74102372712064,constant_head_x,7.5,805.0,20,10.0,standard4,139.01954347716952,0.0,mega,"Combined K heterogeneity, possible storage variability, leakage, anisotropy, and boundary stress."
mega_combined_leakage_boundary_00023,combined leakage boundary,21160631,1.0693275303861416,71.48938941747257,0.43232561337270053,92.04559097687903,0.3050874856042429,42.740903068833134,constant_head_x,10.0,1205.0,28,2.0,dense5,69.30790629142719,0.001,mega,"Combined K heterogeneity, possible storage variability, leakage, anisotropy, and boundary stress."
mega_combined_leakage_boundary_00024,combined leakage boundary,21160632,0.6336170445707903,172.19217828400758,0.7634040221669487,12.023156421336305,1.6206706886549207,90.7291259993903,constant_head_x,5.0,805.0,28,10.0,sparse3,110.69845381663552,0.003,mega,"Combined K heterogeneity, possible storage variability, leakage, anisotropy, and boundary stress."
mega_combined_leakage_boundary_00025,combined leakage boundary,21160633,1.3958453330483327,138.0198017796191,0.6066426181103002,17.962411534364794,0.9893590327838466,108.93598700845287,constant_head_x,10.0,605.0,40,1.0,mixed4,145.9039171406969,0.001,mega,"Combined K heterogeneity, possible storage variability, leakage, anisotropy, and boundary stress."
mega_combined_leakage_boundary_00026,combined leakage boundary,21160634,0.16963968702172,17.149527891511084,0.11799849870796064,58.74564939883171,1.5169324032853904,27.785020344009414,constant_head_all,5.0,805.0,20,2.0,sparse3,106.03092158612469,0.003,mega,"Combined K heterogeneity, possible storage variability, leakage, anisotropy, and boundary stress."
mega_combined_leakage_boundary_00027,combined leakage boundary,21160635,0.27391161266793346,103.41661990791079,0.3881425305834323,11.63755007049471,0.5531599507848968,61.80334325456139,constant_head_east,7.5,1005.0,40,10.0,sparse3,179.7537976213557,0.003,mega,"Combined K heterogeneity, possible storage variability, leakage, anisotropy, and boundary stress."
mega_combined_leakage_boundary_00028,combined leakage boundary,21160636,0.5460814953692733,11.89085672728226,0.30461101555427295,123.84566040399893,0.4312572405082798,34.70991898555117,constant_head_x,10.0,805.0,28,2.0,standard4,64.93300443201524,0.0,mega,"Combined K heterogeneity, possible storage variability, leakage, anisotropy, and boundary stress."
mega_combined_leakage_boundary_00029,combined leakage boundary,21160637,1.0095449829436425,167.44578234811925,0.349569647017285,125.62993770426826,3.0769110756368816,29.557786212561407,constant_head_east,7.5,605.0,40,10.0,mixed4,48.2471328299802,0.0,mega,"Combined K heterogeneity, possible storage variability, leakage, anisotropy, and boundary stress."
mega_combined_leakage_boundary_00030,combined leakage boundary,21160638,1.0831020865358134,16.01078027749996,0.46704493529239466,23.882061079541984,0.5610764879999224,170.47431945537105,constant_head_all,5.0,405.0,20,10.0,near4,143.48756992055948,0.001,mega,"Combined K heterogeneity, possible storage variability, leakage, anisotropy, and boundary stress."
mega_combined_leakage_boundary_00031,combined leakage boundary,21160639,1.3342106946485117,42.75485532237932,0.5032350058541241,9.848290582005648,2.4405450653941205,94.37253108880427,constant_head_all,7.5,805.0,40,1.0,mixed4,116.53015113572701,0.003,mega,"Combined K heterogeneity, possible storage variability, leakage, anisotropy, and boundary stress."
mega_combined_leakage_boundary_00032,combined leakage boundary,21160640,1.3428037435408697,23.429165230632243,0.680874058215437,19.154208104878318,0.6491772706810119,138.31319714406564,constant_head_east,5.0,605.0,40,1.0,standard4,30.14190988148732,0.01,mega,"Combined K heterogeneity, possible storage variability, leakage, anisotropy, and boundary stress."
mega_combined_leakage_boundary_00033,combined leakage boundary,21160641,0.6616543332769821,11.230530009312373,0.12613302429003134,74.35058903197631,0.37778534947754927,38.47318172401862,constant_head_x,10.0,1205.0,20,2.0,standard4,121.41336852730045,0.003,mega,"Combined K heterogeneity, possible storage variability, leakage, anisotropy, and boundary stress."
mega_combined_leakage_boundary_00034,combined leakage boundary,21160642,0.6975261094443597,14.96096960801469,0.5626748409248454,18.884240494737945,2.0736197432041314,213.1966761254963,constant_head_x,10.0,1205.0,40,5.0,far4,15.709111285545706,0.01,mega,"Combined K heterogeneity, possible storage variability, leakage, anisotropy, and boundary stress."
mega_combined_leakage_boundary_00035,combined leakage boundary,21160643,0.33099048145762566,56.508548668609954,0.4139301841739205,12.049725429005457,0.5457521970724375,176.7327606032303,constant_head_all,5.0,1205.0,28,10.0,near4,150.60630797868004,0.001,mega,"Combined K heterogeneity, possible storage variability, leakage, anisotropy, and boundary stress."
mega_combined_leakage_boundary_00036,combined leakage boundary,21160644,0.9359594680342549,34.27918299040566,0.41254148400996693,10.175382685876157,0.9976512420514867,30.816557835836623,constant_head_all,10.0,605.0,28,10.0,far4,105.90497439783755,0.001,mega,"Combined K heterogeneity, possible storage variability, leakage, anisotropy, and boundary stress."
mega_combined_leakage_boundary_00037,combined leakage boundary,21160645,1.1603591466163694,117.45542396859678,0.20157663522632918,101.79002197605959,0.34760002417077873,102.31795057571064,constant_head_x,7.5,1005.0,40,10.0,far4,77.49288728281503,0.0,mega,"Combined K heterogeneity, possible storage variability, leakage, anisotropy, and boundary stress."
mega_combined_leakage_boundary_00038,combined leakage boundary,21160646,0.7633747673968599,157.7052339253698,0.7387298962309635,9.760499134737813,0.33069140407669545,36.958600231430104,constant_head_x,10.0,605.0,40,5.0,mixed4,30.9069097043714,0.01,mega,"Combined K heterogeneity, possible storage variability, leakage, anisotropy, and boundary stress."
mega_combined_leakage_boundary_00039,combined leakage boundary,21160647,0.619325785102744,37.51297219710555,0.7036691208526473,22.56431962484438,0.3133058956444677,75.14795174552484,constant_head_all,7.5,605.0,40,1.0,sparse3,20.235048188585782,0.0,mega,"Combined K heterogeneity, possible storage variability, leakage, anisotropy, and boundary stress."
mega_combined_leakage_boundary_00040,combined leakage boundary,21160648,0.381232660535011,9.419680355355188,0.6734574288643342,12.163377529209003,1.2429952648048979,132.66345242240976,constant_head_x,7.5,805.0,20,5.0,dense5,57.88040904347431,0.01,mega,"Combined K heterogeneity, possible storage variability, leakage, anisotropy, and boundary stress."
mega_combined_leakage_boundary_00041,combined leakage boundary,21160649,0.1655910962223199,147.20588399757864,0.2767963308759004,43.1046793977787,0.3401744834135568,111.33741092415278,constant_head_east,5.0,805.0,40,2.0,mixed4,86.55125161692823,0.0,mega,"Combined K heterogeneity, possible storage variability, leakage, anisotropy, and boundary stress."
mega_combined_leakage_boundary_00042,combined leakage boundary,21160650,0.7566604548250487,9.726360349870774,0.2595276580023121,16.66105332670621,1.2357342909327498,222.4175260978162,constant_head_all,10.0,1005.0,20,5.0,dense5,104.4566778856861,0.003,mega,"Combined K heterogeneity, possible storage variability, leakage, anisotropy, and boundary stress."
mega_combined_leakage_boundary_00043,combined leakage boundary,21160651,0.8192636269694167,73.91948692895036,0.0011466958678256177,14.367873425372396,2.224387606297049,32.16554129095565,constant_head_east,7.5,805.0,20,1.0,near4,139.41100851586745,0.0,mega,"Combined K heterogeneity, possible storage variability, leakage, anisotropy, and boundary stress."
mega_combined_leakage_boundary_00044,combined leakage boundary,21160652,0.7402813132412385,177.8220289211406,0.465839982829094,75.78208518113475,0.5632730473910067,59.79439708042895,constant_head_east,10.0,1005.0,20,2.0,sparse3,130.05638220226075,0.003,mega,"Combined K heterogeneity, possible storage variability, leakage, anisotropy, and boundary stress."
mega_combined_leakage_boundary_00045,combined leakage boundary,21160653,1.430350018040962,61.39121697303237,0.42295224517626107,18.10174062040409,1.2710598659085852,41.806051006478064,constant_head_east,7.5,805.0,40,2.0,near4,83.01899711865475,0.01,mega,"Combined K heterogeneity, possible storage variability, leakage, anisotropy, and boundary stress."
mega_combined_leakage_boundary_00046,combined leakage boundary,21160654,1.3140578104357032,135.09943865515683,0.3298009205907567,37.20916283075361,0.6294565740030992,220.85635239770585,constant_head_east,10.0,605.0,20,5.0,mixed4,163.27233384098392,0.003,mega,"Combined K heterogeneity, possible storage variability, leakage, anisotropy, and boundary stress."
mega_combined_leakage_boundary_00047,combined leakage boundary,21160655,1.1142207053319606,35.08283909975559,0.16852036049332234,28.429636938900085,2.759441786760663,81.96032865146395,constant_head_x,5.0,1005.0,40,5.0,dense5,151.13897128518462,0.001,mega,"Combined K heterogeneity, possible storage variability, leakage, anisotropy, and boundary stress."
mega_combined_leakage_boundary_00048,combined leakage boundary,21160656,1.250491980974246,10.190755310899789,0.5662410901132245,27.681367491088547,0.754937440425605,236.21564629511715,constant_head_x,7.5,605.0,40,5.0,sparse3,81.57879796188439,0.001,mega,"Combined K heterogeneity, possible storage variability, leakage, anisotropy, and boundary stress."
mega_combined_leakage_boundary_00049,combined leakage boundary,21160657,0.9720611866678217,21.474563192277767,0.5690340955135006,18.58778152178126,0.7239165461344056,197.64302698878686,constant_head_x,7.5,1205.0,28,2.0,near4,146.653515791232,0.0,mega,"Combined K heterogeneity, possible storage variability, leakage, anisotropy, and boundary stress."
