scenario_class,obs_layout,pathway,response_count,mu_lnM_T,sd_lnM_T,cov_M_T,median_M_T,mu_lnM_S,sd_lnM_S,cov_M_S,median_M_S,mu_lnM_capacity,sd_lnM_capacity,cov_M_capacity,median_M_capacity,mu_lnM_response_time,sd_lnM_response_time,cov_M_response_time,median_M_response_time,mean_response_model_factor_cov,median_sd_eta,boundary_hit_fraction
homogeneous confined,dense5,Theis confined,830,0.2325374449339483,0.7544292795765974,0.875664651256284,1.1869457515203585,-0.009755103500058163,0.4418350985020755,0.46430190851171543,1.012894918133777,0.2325374449339483,0.7544292795765974,0.875664651256284,1.1869457515203585,-0.24229254843400647,0.5373061663044811,0.5785226703033727,0.838948150436742,0.587119841867025,0.3810622174915338,0.01566265060240964
homogeneous confined,dense5,Hantush-Jacob leaky,830,-0.11608150651406166,1.403229478262023,2.4827180362598305,1.1218632002268307,-0.31885886076824416,1.2579047070775018,1.9662789924569675,0.9933429572977618,-0.11608150651406166,1.403229478262023,2.4827180362598305,1.1218632002268307,-0.2027773542541825,0.762371146707198,0.8878065248769709,0.8524555253224491,0.5919197707667568,0.3852908874209581,0.8662650602409638
homogeneous confined,dense5,Lagging Darcy no-leakage,830,-0.5075280925452571,1.5671856045504031,3.2647986593651215,0.9447477383549338,-0.09079774960806476,0.8229955179504447,0.984173773450701,1.0673905315622347,-0.5075280925452571,1.5671856045504031,3.2647986593651215,0.9447477383549338,0.41673034293719236,0.885267136996648,1.0906668023942012,1.1969041270073912,0.48875522557555007,0.3466015041669469,0.1216867469879518
homogeneous confined,dense5,Lagging Darcy with leakage,830,-1.4483405193181573,2.3856598364211177,17.184298608847698,0.8714801874262407,-0.7917522418512488,1.546005058518142,3.1487982946622326,1.0248138865026633,-1.4483405193181573,2.3856598364211177,17.184298608847698,0.8714801874262407,0.6565882774669084,1.1240819928011132,1.593108756356822,1.318441661322938,0.4856403953863282,0.34713272186953636,0.20722891566265061
homogeneous confined,sparse3,Theis confined,501,0.33352264492585976,0.8533913481886375,1.0351366546165472,1.2258026699031443,0.027673760003455585,0.4630995310791363,0.48907464581888693,1.023114059376,0.33352264492585976,0.8533913481886375,1.0351366546165472,1.2258026699031443,-0.30584888492240425,0.5725311824046164,0.6228163423617569,0.8270811976227141,0.5608907074129436,0.3729160038940636,0.023952095808383235
homogeneous confined,sparse3,Hantush-Jacob leaky,501,-0.012398845001018103,1.5789177158320116,3.3312589637576893,1.1798632709459649,-0.3504780548365278,1.3823132129393503,2.3996717735996795,1.0052080230997,-0.012398845001018103,1.5789177158320116,3.3312589637576893,1.1798632709459649,-0.33807920983550976,1.0429866654573379,1.4027832092847083,0.835547219321669,0.5618947949190098,0.3720641033633109,0.8822355289421158
homogeneous confined,sparse3,Lagging Darcy no-leakage,501,-0.6589743171277245,1.7815651896352005,4.785634345336734,0.9505514754664921,-0.2048396674627312,0.9475167389447819,1.2058890536822187,1.0434204750017,-0.6589743171277245,1.7815651896352005,4.785634345336734,0.9505514754664921,0.45413464966499323,0.9693878722576703,1.2486978886874467,1.1292794883567092,0.48488201052076824,0.3551684817184511,0.13572854291417166
homogeneous confined,sparse3,Lagging Darcy with leakage,501,-1.700465307863738,2.5515262264503717,25.904027564309914,0.8550022209594359,-1.0163732609487,1.6572065962589286,3.8190818724658975,0.9949014457992998,-1.700465307863738,2.5515262264503717,25.904027564309914,0.8550022209594359,0.6840920469150381,1.2177014952351621,1.8453318530057579,1.238577478548717,0.48222326399987536,0.3544024987349755,0.2634730538922156
homogeneous confined,far4,Theis confined,664,0.3839195216984396,1.240532225085791,1.9129966470685436,1.2500242879065115,0.005573795684625258,0.6813502892213705,0.7686363774615774,1.0348252782972962,0.3839195216984396,1.240532225085791,1.9129966470685436,1.2500242879065115,-0.3783457260138144,0.8374827149749884,1.0082302096643556,0.8286192998688224,0.6375584369970392,0.3681812025156206,0.05120481927710843
homogeneous confined,far4,Hantush-Jacob leaky,664,-0.0945085576205654,1.921761637786783,6.258746029152087,1.2122978756314686,-0.5700038017223868,1.7846558973648077,4.813232591223764,1.022391836686278,-0.0945085576205654,1.921761637786783,6.258746029152087,1.2122978756314686,-0.47549524410182153,1.5017388635868014,2.921880837387997,0.8330001521689245,0.6195791959232855,0.36818256370400904,0.8539156626506024
homogeneous confined,far4,Lagging Darcy no-leakage,664,-0.8095278125989772,2.1173565847891513,9.355072374692238,0.9536285425043606,-0.27274868508492534,1.1598318759389767,1.6849310280651113,1.0317901192893364,-0.8095278125989772,2.1173565847891513,9.355072374692238,0.9536285425043606,0.5367791275140518,1.110794166643869,1.560279988871684,1.1016759368796205,0.5595754193707727,0.37466217775850646,0.21234939759036145
homogeneous confined,far4,Lagging Darcy with leakage,664,-1.9908249188789011,2.798327633462985,50.155092097233236,0.701605228670553,-1.2413947134350323,1.8480985062416837,5.425052128127258,0.9301208182335536,-1.9908249188789011,2.798327633462985,50.155092097233236,0.701605228670553,0.7494302054438687,1.421143313598075,2.556496490309546,1.3374735538805902,0.55775716722605,0.3750734495185949,0.32228915662650603
homogeneous confined,standard4,Theis confined,668,0.2343772092091377,0.44861760192366035,0.4721651695587361,1.185107509980075,0.01228257098206624,0.1309912403401551,0.1315551642107008,1.017611829676869,0.2343772092091377,0.44861760192366035,0.4721651695587361,1.185107509980075,-0.2220946382270715,0.47688561443177435,0.5053284754968774,0.8569234550480878,0.5024701279942304,0.32415213589804814,0.005988023952095809
homogeneous confined,standard4,Hantush-Jacob leaky,668,0.10097843861952567,0.8740172600931967,1.0708151228324418,1.1664744102450366,-0.08967606957485343,0.5804110791632685,0.6329034780933089,1.008529874309498,0.10097843861952567,0.8740172600931967,1.0708151228324418,1.1664744102450366,-0.1906545081943791,0.501823466498452,0.5351384935233083,0.8644716192764601,0.5046242697531271,0.3287413958733377,0.8667664670658682
homogeneous confined,standard4,Lagging Darcy no-leakage,668,-0.5932285219490522,1.5384552827024842,3.1086478632331818,0.9694575831394597,-0.15756120149477026,0.7858360551382203,0.9243146417152722,1.0481044176847707,-0.5932285219490522,1.5384552827024842,3.1086478632331818,0.9694575831394597,0.43566732045428186,0.822257542757152,0.9829594507424689,1.1174441260720145,0.4342992579915916,0.30770499533093354,0.07634730538922156
homogeneous confined,standard4,Lagging Darcy with leakage,668,-1.5550449407046012,2.4500172027885276,20.0866303897134,0.9237347040676186,-0.8554523159398439,1.526793259032936,3.0478237103575463,1.0144889665315064,-1.5550449407046012,2.4500172027885276,20.0866303897134,0.9237347040676186,0.6995926247647574,1.0057499739987819,1.3228050790912622,1.1653867021379587,0.43192285536617536,0.30770566872080835,0.19461077844311378
homogeneous confined,near4,Theis confined,668,0.18465877576981168,0.2273603023191907,0.23033040903287694,1.1615424687560902,-0.017819918654084024,0.10688835949954173,0.10719439056003026,1.0035897892147494,0.18465877576981168,0.2273603023191907,0.23033040903287694,1.1615424687560902,-0.20247869442389574,0.2897946995239038,0.2959868140874619,0.8570698528444355,0.4398130225243918,0.300726069523118,0.0
homogeneous confined,near4,Hantush-Jacob leaky,668,0.11599793139824269,0.36115230760907113,0.37325502266870936,1.1065241994178727,-0.05249434887326733,0.22545920146785958,0.228354902883434,0.9896980528716476,0.11599793139824269,0.36115230760907113,0.37325502266870936,1.1065241994178727,-0.16849228027151003,0.2914008289925174,0.2976977048393699,0.8719716361800532,0.45301977424335366,0.32399479362722083,0.9191616766467066
homogeneous confined,near4,Lagging Darcy no-leakage,668,-0.1112856944098495,0.2677093718964819,0.2725783343919687,0.9530316661412429,0.11183215869008219,0.11650249656586112,0.11689893386774054,1.0980987179350952,-0.1112856944098495,0.2677093718964819,0.2725783343919687,0.9530316661412429,0.2231178530999316,0.3268666563924889,0.33579489947707075,1.172000714441052,0.3424827727585894,0.24762670011776106,0.0344311377245509
homogeneous confined,near4,Lagging Darcy with leakage,668,-0.828135541125394,1.7950393471170338,4.907381817850269,0.91534806938936,-0.3713826246294617,1.1569723490122432,1.677391857247157,1.0383719031893952,-0.828135541125394,1.7950393471170338,4.907381817850269,0.91534806938936,0.4567529164959323,0.700411211497988,0.7957741417989268,1.2190022735031714,0.339437451871885,0.2467890456801255,0.09730538922155689
homogeneous confined,mixed4,Theis confined,668,0.4511684513680708,1.2385960338562687,1.9071558894074179,1.2507355880593773,0.03210015997866535,0.6841677341646738,0.772614985806143,1.0317150627812324,0.4511684513680708,1.2385960338562687,1.9071558894074179,1.2507355880593773,-0.41906829138940555,0.8216349603652502,0.9819358316958127,0.8056959757400423,0.5763143972194508,0.3618507567150655,0.06437125748502993
homogeneous confined,mixed4,Hantush-Jacob leaky,668,0.02524005418136855,1.9093570683662324,6.107982545555091,1.168791588979504,-0.5468633495166262,1.7175785877528604,4.255280220497775,0.9969225955664414,0.02524005418136855,1.9093570683662324,6.107982545555091,1.168791588979504,-0.5721034036979947,1.6172508574618656,3.560064084917616,0.8209076508637055,0.5783153175952979,0.3713920175535159,0.8817365269461078
homogeneous confined,mixed4,Lagging Darcy no-leakage,668,-0.6489317097503143,1.9605922522923513,6.7607917215576085,0.9375541234113147,-0.16670821602940705,1.1234129520732121,1.59143945689674,1.0615335780550041,-0.6489317097503143,1.9605922522923513,6.7607917215576085,0.9375541234113147,0.48222349372090717,1.0182671378456147,1.349210757144409,1.2539251157749531,0.48315634590372586,0.3526197972275378,0.19461077844311378
homogeneous confined,mixed4,Lagging Darcy with leakage,668,-1.5924357194448215,2.5593598893190617,26.428584833084766,0.8622168988687519,-0.9510758838721386,1.7855049295344305,4.820847882427356,1.0290555271995647,-1.5924357194448215,2.5593598893190617,26.428584833084766,0.8622168988687519,0.6413598355726831,1.29567520247545,2.087817775692922,1.368744679831543,0.47961244317922447,0.35083728082481463,0.27844311377245506
vertical leakage,sparse3,Theis confined,501,1.2908452296512876,1.6362395751929375,3.680417772715177,2.3353919814579998,0.6979410469791255,1.2678020157205543,1.997356097068234,1.480384470374,1.2908452296512876,1.6362395751929375,3.680417772715177,2.3353919814579998,-0.5929041826721619,0.9959959237507324,1.302552715695625,0.6741483672149702,0.6204832530590346,0.3708315179779536,0.17165668662674652
vertical leakage,sparse3,Hantush-Jacob leaky,501,0.21775571318112807,2.3071745530709875,14.28317577566013,1.4982067211473262,-0.5670163931007801,2.26984445084019,13.107638655314929,1.1077028390630999,0.21775571318112807,2.3071745530709875,14.28317577566013,1.4982067211473262,-0.7847721062819083,1.854360210842089,5.490440781842134,0.7384413355927315,0.5729542731588567,0.3631537022365536,0.564870259481038
vertical leakage,sparse3,Lagging Darcy no-leakage,501,0.7303285300052565,2.2205756848959277,11.726547573091004,1.734711803239979,0.6877461218351778,1.4958657731316438,2.8932592986838777,1.3749076637823001,0.7303285300052565,2.2205756848959277,11.726547573091004,1.734711803239979,-0.04258240817007873,1.321200194482852,2.174664550110186,0.8993051787956045,0.5311161317885859,0.3639621450937459,0.32934131736526945
vertical leakage,sparse3,Lagging Darcy with leakage,501,-1.349918731772023,2.9105639242813215,69.10219391100115,0.9282851751130583,-1.0671132064745006,2.178355664886568,10.67870084669952,1.0291280368719,-1.349918731772023,2.9105639242813215,69.10219391100115,0.9282851751130583,0.2828055252975223,1.9970506842591622,7.2772450223577545,1.1556123788571788,0.5049660772613271,0.3543004154921676,0.24750499001996007
vertical leakage,dense5,Theis confined,835,0.9835669354703365,1.3776089493230512,2.3814374762842916,1.7553443464638077,0.5198757877932925,1.076524709584349,1.4786627897822546,1.242702646587,0.9835669354703365,1.3776089493230512,2.3814374762842916,1.7553443464638077,-0.4636911476770441,0.7755513934686082,0.9081946195220458,0.7138170732559452,0.5273658054353427,0.3451720185432849,0.11017964071856287
vertical leakage,dense5,Hantush-Jacob leaky,835,0.276190619550529,1.8518276401417602,5.4638791658544985,1.3939067324623247,-0.27774509863948094,1.7597217139348402,4.5959830456812485,1.0881170261341,0.276190619550529,1.8518276401417602,5.4638791658544985,1.3939067324623247,-0.55393571819001,1.3759483924658455,2.37503899560186,0.7714596452518019,0.4957774015355859,0.3354172867441069,0.5976047904191617
vertical leakage,dense5,Lagging Darcy no-leakage,835,0.629672386228753,1.7296943007003107,4.3499831176236725,1.4007065787099557,0.4629601261615418,1.3141763517997174,2.1503701624901024,1.2765814658237,0.629672386228753,1.7296943007003107,4.3499831176236725,1.4007065787099557,-0.16671226006721113,1.2360956227496889,1.8996415692859117,0.9646997539535873,0.43983302090687804,0.3142979212328176,0.20479041916167665
vertical leakage,dense5,Lagging Darcy with leakage,835,-1.2457782352760856,2.656835148639752,34.08837449843393,0.9107679818038614,-0.8605870734222544,1.9269085562742192,6.322625442561201,1.0719376163685002,-1.2457782352760856,2.656835148639752,34.08837449843393,0.9107679818038614,0.3851911618538312,1.5233734425863974,3.0302574372432978,1.213683067572348,0.40837652451611023,0.2960604399209127,0.20119760479041915
vertical leakage,mixed4,Theis confined,664,1.1633906925315534,1.7126285533920207,4.217310949307562,2.0274526012851917,0.6934552774986946,1.3640760232659253,2.329861970096877,1.3772100853639269,1.1633906925315534,1.7126285533920207,4.217310949307562,2.0274526012851917,-0.4699354150328585,0.9579692125312808,1.2261884855617076,0.7087805961750233,0.5754236915147889,0.33760165596353153,0.19126506024096385
vertical leakage,mixed4,Hantush-Jacob leaky,664,0.345146835134836,2.3222601364937736,14.79318324157118,1.4232425049502817,-0.5808849842122521,2.388686679231503,17.309335593709466,1.0940282035739732,0.345146835134836,2.3222601364937736,14.79318324157118,1.4232425049502817,-0.9260318193470882,2.141562298247053,9.85543516468416,0.7447633422486504,0.5390452539259182,0.3359220072611957,0.6219879518072289
vertical leakage,mixed4,Lagging Darcy no-leakage,664,0.847620327032014,2.041491197778785,7.972822193860078,1.6154239563433934,0.7426562098466133,1.5633791954293843,3.243579001606501,1.3986002525255454,0.847620327032014,2.041491197778785,7.972822193860078,1.6154239563433934,-0.1049641171854007,1.2706819884765854,2.0064998377657166,0.9635094287051059,0.4902978967132883,0.3078966265469324,0.3253012048192771
vertical leakage,mixed4,Lagging Darcy with leakage,664,-0.834907315393448,2.7332931031519667,41.89476180280239,0.9376943055968491,-0.8371916931875976,2.1708502795229343,10.504297312159201,1.0933544738808196,-0.834907315393448,2.7332931031519667,41.89476180280239,0.9376943055968491,-0.0022843777941497106,2.044797908077218,8.027716995756718,1.1753730568048857,0.46311605145027357,0.30360257533273205,0.2394578313253012
vertical leakage,far4,Theis confined,668,1.6216375931975877,1.7120532213872401,4.212924643415931,4.763262768685198,1.0604038184849907,1.4325167997439265,2.6046621558099075,2.224905023842793,1.6216375931975877,1.7120532213872401,4.212924643415931,4.763262768685198,-0.5612337747125972,0.9761245095938298,1.2621446864385784,0.6430344399472682,0.6347417469829458,0.4029128302810804,0.23652694610778444
vertical leakage,far4,Hantush-Jacob leaky,668,0.4775689304604289,2.5627540324802696,26.659648088235684,2.097528731928636,-0.5588696661260878,2.6206719935961806,30.9830493352606,1.2638882416029678,0.4775689304604289,2.5627540324802696,26.659648088235684,2.097528731928636,-1.0364385965865168,2.16258562833938,10.316164296372202,0.6848365288301022,0.5904183111855319,0.38522754217718613,0.5134730538922155
vertical leakage,far4,Lagging Darcy no-leakage,668,0.9191048601031364,2.537193957928202,24.97500762999678,3.0760154768308348,0.9015675145689092,1.7684222865363048,4.670406798115042,1.808860217469479,0.9191048601031364,2.537193957928202,24.97500762999678,3.0760154768308348,-0.01753734553422729,1.5389093702034904,3.1110453741481168,0.8615445997112242,0.5675307604741103,0.39683449686644,0.41317365269461076
vertical leakage,far4,Lagging Darcy with leakage,668,-1.6079858810185854,3.2467475880588093,194.54660326876186,0.8592999762727197,-1.3946967765564042,2.4199814729697353,18.666345970371573,0.6972955576747375,-1.6079858810185854,3.2467475880588093,194.54660326876186,0.8592999762727197,0.21328910446218124,2.2734315056081056,13.21550411175502,1.1534492327326638,0.5454949352925096,0.38285436758807057,0.3263473053892216
vertical leakage,standard4,Theis confined,668,1.1691668352556914,1.1092700181333073,1.5565577498703376,2.110484196961706,0.5733051484289754,0.7169062671158677,0.8196888356837863,1.3671623538599498,1.1691668352556914,1.1092700181333073,1.5565577498703376,2.110484196961706,-0.595861686826716,0.7169442965299393,0.8197444452188567,0.6870717992637334,0.6392035890703404,0.46813626366761485,0.0658682634730539
vertical leakage,standard4,Hantush-Jacob leaky,668,0.43656611480357993,1.5854962374190074,3.369236854845067,1.5191777696837176,-0.019600905944796913,1.2672684438780555,1.9956670627527024,1.1395855781738107,0.43656611480357993,1.5854962374190074,3.369236854845067,1.5191777696837176,-0.45616702074837695,0.9549996461841342,1.220392027716509,0.7702357212791957,0.6009636984134397,0.4498361716377741,0.4550898203592814
vertical leakage,standard4,Lagging Darcy no-leakage,668,0.6115367886403952,1.841488123978549,5.357048121739013,1.5851211732141512,0.415227895908657,1.1209287243217179,1.5852564625507455,1.3077540914130108,0.6115367886403952,1.841488123978549,5.357048121739013,1.5851211732141512,-0.19630889273173818,1.3209378545281476,2.1737516363877476,0.8842678164147253,0.5514533835506877,0.43236007899879664,0.15568862275449102
vertical leakage,standard4,Lagging Darcy with leakage,668,-2.1031255299976186,2.8976377070634807,66.55570578677221,0.6115654578022109,-1.3291459751667192,1.943761901851245,6.537407410857328,0.9237458541448892,-2.1031255299976186,2.8976377070634807,66.55570578677221,0.6115654578022109,0.7739795548308996,1.2245345719949126,1.8653099547881467,1.5608017109224617,0.5252521058284807,0.42095836475971204,0.2245508982035928
vertical leakage,near4,Theis confined,664,0.5632866274271314,0.537866293536611,0.5792171579691703,1.4702815280442219,0.19416586098394834,0.31911496171946563,0.3274142003397385,1.123796293874884,0.5632866274271314,0.537866293536611,0.5792171579691703,1.4702815280442219,-0.36912076644318315,0.43011159970124696,0.45079220608026366,0.7370929919381616,0.47449458573095393,0.2946860285344286,0.0
vertical leakage,near4,Hantush-Jacob leaky,664,0.24072396013628322,0.8432319838621875,1.0178939402438387,1.3025646835987266,-0.003646071761654018,0.5512812920230142,0.5959433931144321,1.0578254587190052,0.24072396013628322,0.8432319838621875,1.0178939402438387,1.3025646835987266,-0.24437003189793724,0.4443156499741989,0.46717364119458676,0.7972825252049812,0.4635360975029166,0.2971746162735234,0.5873493975903614
vertical leakage,near4,Lagging Darcy no-leakage,664,0.40701011950157473,0.6641660616298666,0.7446085370981437,1.2382879052054012,0.19468778049921331,0.5336593165358201,0.5740085541113874,1.209697741207307,0.40701011950157473,0.6641660616298666,0.7446085370981437,1.2382879052054012,-0.2123223390023615,0.9283042045589878,1.169314653607967,0.9469785705483394,0.39072723636650153,0.2500599114860489,0.046686746987951805
vertical leakage,near4,Lagging Darcy with leakage,664,-1.232337712346889,2.2650086241041456,12.963863460659086,0.8991933416957907,-0.675172763741395,1.4885636960759838,2.858136064046064,1.0497917503996945,-1.232337712346889,2.2650086241041456,12.963863460659086,0.8991933416957907,0.5571649486054939,0.8399028915859182,1.012289993284834,1.2454369508610523,0.3594151248882363,0.23271850565783225,0.12951807228915663
finite no-flow boundary,sparse3,Theis confined,501,0.38357447229127,0.9792512337660388,1.2684286437267867,1.2208847554748226,0.023678690866175297,0.5507552057713277,0.5952840381905153,1.0286910147144,0.38357447229127,0.9792512337660388,1.2684286437267867,1.2208847554748226,-0.3598957814250947,0.7791860906749292,0.9138701779009564,0.8288320355278568,0.5519311712100718,0.3679655284919931,0.03992015968063872
finite no-flow boundary,sparse3,Hantush-Jacob leaky,501,-0.028011283597463976,1.6300011029128938,3.6403420812435066,1.1751436423411337,-0.38729656280074987,1.4350105112362381,2.6153638469122664,1.0045339827367,-0.028011283597463976,1.6300011029128938,3.6403420812435066,1.1751436423411337,-0.3592852792032859,1.0819329145669156,1.4912605974878108,0.8398593938015356,0.5492549818395587,0.3684252935634082,0.8662674650698603
finite no-flow boundary,sparse3,Lagging Darcy no-leakage,501,-0.7249412608298015,1.9696824137256514,6.88528953658442,0.9536286353870839,-0.23263719950098644,1.078094430131732,1.4823086457912034,1.0430522935887,-0.7249412608298015,1.9696824137256514,6.88528953658442,0.9536286353870839,0.49230406132881505,1.0145450022857636,1.3413091164900097,1.1385610791346732,0.4726675939917905,0.3475432692711412,0.1536926147704591
finite no-flow boundary,sparse3,Lagging Darcy with leakage,501,-1.814428893180281,2.7163031132662447,39.99837682188395,0.8822180090754153,-1.1255172258447808,1.8499905504854675,5.444709607417894,1.0124689496065,-1.814428893180281,2.7163031132662447,39.99837682188395,0.8822180090754153,0.6889116673355,1.2917631664300329,2.074852340231785,1.2035996039380725,0.4696240005837781,0.3462363884313433,0.26746506986027946
finite no-flow boundary,standard4,Theis confined,664,0.26245606979433095,0.48451911872270237,0.5143964227079535,1.1804915222437038,0.008870111734336592,0.16747314927195464,0.16865433037867614,1.0153977098417615,0.26245606979433095,0.48451911872270237,0.5143964227079535,1.1804915222437038,-0.2535859580599944,0.546366942336889,0.589795073829598,0.8590656959838952,0.5986885831086691,0.39480066887297793,0.006024096385542169
finite no-flow boundary,standard4,Hantush-Jacob leaky,664,0.15074910073248188,0.7613824068117067,0.8862890942407152,1.1632499113970998,-0.07173294581490341,0.4625419101139734,0.488420469956628,1.0027067221345645,0.15074910073248188,0.7613824068117067,0.8862890942407152,1.1632499113970998,-0.22248204654738535,0.5571880664902212,0.6033659291052961,0.8665666573461591,0.6013094244211394,0.3981629925792419,0.8674698795180723
finite no-flow boundary,standard4,Lagging Darcy no-leakage,664,-0.6216593233759579,1.485901204376995,2.845455184681702,0.9178828234757657,-0.1327094214883325,0.7419892631744548,0.8568565903538482,1.047731773910175,-0.6216593233759579,1.485901204376995,2.845455184681702,0.9178828234757657,0.4889499018876253,0.8295485387927338,0.9950035767865016,1.2055793911912407,0.5078005559972786,0.3723998201531178,0.07228915662650602
finite no-flow boundary,standard4,Lagging Darcy with leakage,664,-1.8229976005285151,2.557526266994246,26.30471542407426,0.7694239407443048,-1.003051535793553,1.6040002446424013,3.4788906190656976,0.9924131843461725,-1.8229976005285151,2.557526266994246,26.30471542407426,0.7694239407443048,0.8199460647349618,1.0510787055006086,1.4207460704323593,1.3783600570385377,0.5043365127038991,0.3712479302762912,0.21234939759036145
finite no-flow boundary,near4,Theis confined,668,0.15801602974959025,0.2128570403285657,0.21529099208183097,1.1541328632738983,-0.009465614237620717,0.1076775650584527,0.10799043604254531,1.0073324633610063,0.15801602974959025,0.2128570403285657,0.21529099208183097,1.1541328632738983,-0.167481643987211,0.283227871699277,0.28900394389479644,0.8647872458111364,0.45395419699491313,0.3104294307094265,0.0
finite no-flow boundary,near4,Hantush-Jacob leaky,668,0.08243347355485213,0.2905622270957258,0.29680425563180285,1.0964364412238878,-0.047744309672203306,0.14105694546750125,0.14176151737363907,0.9868378885198013,0.08243347355485213,0.2905622270957258,0.29680425563180285,1.0964364412238878,-0.13017778322705548,0.2800563153775667,0.28563841966518055,0.879032761641286,0.4665692245184928,0.3292706435785246,0.8967065868263473
finite no-flow boundary,near4,Lagging Darcy no-leakage,668,-0.12874928999504962,0.30322392004455784,0.31032925235880304,0.951316652850916,0.11288939717452881,0.12989652688922906,0.13044639742906108,1.0976914884914495,-0.12874928999504962,0.30322392004455784,0.31032925235880304,0.951316652850916,0.24163868716957837,0.3541505905860147,0.36555091173234966,1.173334098110542,0.3596577253971107,0.2602564975398916,0.0344311377245509
finite no-flow boundary,near4,Lagging Darcy with leakage,668,-0.8592354017595837,1.8131204502848006,5.076742781392263,0.9181066744994457,-0.381144198268919,1.1544889101153906,1.6708723532864491,1.0405676400944297,-0.8592354017595837,1.8131204502848006,5.076742781392263,0.9181066744994457,0.4780912034906645,0.7237430534392256,0.8297218091874524,1.2428897363134583,0.3561906611946148,0.26010582468609206,0.12275449101796407
finite no-flow boundary,dense5,Theis confined,835,0.3374463425869197,0.7785080185568719,0.9128096064503713,1.2090995495044157,0.022273220397039488,0.3843887047566277,0.3990344287272037,1.0144888115109998,0.3374463425869197,0.7785080185568719,0.9128096064503713,1.2090995495044157,-0.3151731221898802,0.6265696939333963,0.6934050132159147,0.8267527408239227,0.5035893108852688,0.3209897723625994,0.02874251497005988
finite no-flow boundary,dense5,Hantush-Jacob leaky,835,0.16211864949909455,1.0141925673713381,1.3405631291629097,1.150375259748689,-0.1903053313696137,1.005062102270981,1.3213676315271354,0.9968409277286999,0.16211864949909455,1.0141925673713381,1.3405631291629097,1.150375259748689,-0.3524239808687082,1.0495906668264157,1.417426755522658,0.8439532226442461,0.509744039100781,0.3327244397950721,0.9017964071856287
finite no-flow boundary,dense5,Lagging Darcy no-leakage,835,-0.5062728027168167,1.4850936016064107,2.8416219140166583,0.9572098333086608,-0.08570209424995927,0.7925599383450341,0.9349559157790887,1.0611043880165,-0.5062728027168167,1.4850936016064107,2.8416219140166583,0.9572098333086608,0.4205707084668574,0.8023636928468323,0.9506194885987571,1.1627875193993702,0.4049477795634697,0.2716094302731904,0.11616766467065869
finite no-flow boundary,dense5,Lagging Darcy with leakage,835,-1.319372746338087,2.2615716173766547,12.862809451956148,0.9133313444767635,-0.6880087533841396,1.4570438385865725,2.7121899138459185,1.0302812332745,-1.319372746338087,2.2615716173766547,12.862809451956148,0.9133313444767635,0.6313639929539476,1.0294329798654658,1.3731708909835287,1.2300360892989741,0.40234507757845794,0.2712194185462765,0.18562874251497005
finite no-flow boundary,far4,Theis confined,668,0.4451724950255484,1.0532989172437046,1.4257122469871812,1.268257320997019,0.07889560849287779,0.5255596250159374,0.564028801870821,1.044212477835588,0.4451724950255484,1.0532989172437046,1.4257122469871812,1.268257320997019,-0.36627688653267065,0.7607112805711056,0.8852600536971267,0.827521498853746,0.624613597737052,0.3874727376560585,0.04790419161676647
finite no-flow boundary,far4,Hantush-Jacob leaky,668,-0.050164148838398565,1.8402771263823292,5.344702771713563,1.2393772390153441,-0.46657005904415577,1.6891243207162243,4.0425446969084255,1.0326805120307891,-0.050164148838398565,1.8402771263823292,5.344702771713563,1.2393772390153441,-0.41640591020575723,1.3133761580380765,2.147621781800687,0.8320491974429979,0.6091215739635175,0.38728962352143875,0.8637724550898204
finite no-flow boundary,far4,Lagging Darcy no-leakage,668,-0.8256275564065351,2.1205630678551217,9.419577242701266,0.905049319560985,-0.2936195062423947,1.1439934189343257,1.643604676771138,1.0331427974747027,-0.8256275564065351,2.1205630678551217,9.419577242701266,0.905049319560985,0.5320080501641402,1.1364577788618238,1.6243065700966295,1.1260974108925184,0.5490671177767947,0.3942731840362377,0.20958083832335328
finite no-flow boundary,far4,Lagging Darcy with leakage,668,-2.083642002465437,2.7994911273453646,50.31875401619657,0.6494963183493849,-1.2758403543152055,1.8274676232243443,5.216216138393995,0.8812135040098215,-2.083642002465437,2.7994911273453646,50.31875401619657,0.6494963183493849,0.8078016481502313,1.3713053332611722,2.3572526943403673,1.390081972250062,0.5470028083478917,0.3921406341688183,0.33532934131736525
finite no-flow boundary,mixed4,Theis confined,664,0.3309458651270042,1.2247274464579967,1.8658772166059712,1.2118389905865186,-0.02255128063418761,0.7042652035912351,0.8013253257308531,1.0191855238946426,0.3309458651270042,1.2247274464579967,1.8658772166059712,1.2118389905865186,-0.35349714576119184,0.8575816197726053,1.0423112847589993,0.8262415472029818,0.5870179967360849,0.3480507841829202,0.06325301204819277
finite no-flow boundary,mixed4,Hantush-Jacob leaky,664,-0.1901129775026119,2.0020347896751223,7.351501500627854,1.1384754576230702,-0.6677418118453783,1.7913183747316708,4.873387093023824,0.9832712478446108,-0.1901129775026119,2.0020347896751223,7.351501500627854,1.1384754576230702,-0.4776288343427665,1.638474934584578,3.6949074281310637,0.8392502503880384,0.5820162969412439,0.35216437425917013,0.8810240963855421
finite no-flow boundary,mixed4,Lagging Darcy no-leakage,664,-0.4087588096119306,1.907037891588726,6.080287133254392,0.9446286743429286,-0.059355045208147154,1.0579794120266128,1.4362354079573616,1.0511496578405242,-0.4087588096119306,1.907037891588726,6.080287133254392,0.9446286743429286,0.3494037644037835,1.036491365451024,1.3885188660506838,1.1785458848008343,0.4933604726389725,0.323898935846311,0.18825301204819278
finite no-flow boundary,mixed4,Lagging Darcy with leakage,664,-1.4299937955300168,2.603844645745974,29.64919612880357,0.8788401972296283,-0.9346249904615471,1.801330525224105,4.9655175243648575,1.0227192015853466,-1.4299937955300168,2.603844645745974,29.64919612880357,0.8788401972296283,0.49536880506846975,1.4871580248911347,2.851432836413528,1.3137942308497583,0.48902780700816145,0.32421173254085467,0.26506024096385544
constant head boundary,mixed4,Theis confined,668,0.5133224218326089,1.2329602150920989,1.8902640237978896,1.3067640551891082,0.1012850631987477,0.7457258714806547,0.862479282445799,1.0730360203144458,0.5133224218326089,1.2329602150920989,1.8902640237978896,1.3067640551891082,-0.4120373586338614,0.8283226046662242,0.9929710986574454,0.7774216985786675,0.5619802562336956,0.35052867529605825,0.0658682634730539
constant head boundary,mixed4,Hantush-Jacob leaky,668,0.04274969955794022,1.8982244233343795,5.97641958743816,1.208229178561692,-0.44927029980675726,1.7283963904631376,4.339716138741128,1.0262383547885823,0.04274969955794022,1.8982244233343795,5.97641958743816,1.208229178561692,-0.4920199993646973,1.4778679791197706,2.807595977820192,0.8074546753543772,0.5598369852126717,0.3511705026619884,0.8248502994011976
constant head boundary,mixed4,Lagging Darcy no-leakage,668,-0.3383271226698111,1.845718088046202,5.400443250023368,0.9860284214903654,-0.02625508975127183,1.0477519338511823,1.4133352423208405,1.093756233714876,-0.3383271226698111,1.845718088046202,5.400443250023368,0.9860284214903654,0.31207203291853924,1.0094139368472987,1.3304854840708245,1.1308445729013432,0.4772413627696081,0.3203254137122321,0.20209580838323354
constant head boundary,mixed4,Lagging Darcy with leakage,668,-1.457336832965438,2.551594744015562,25.908563425182617,0.913958132342257,-0.9279635655681763,1.7879221757429402,4.842609602309989,1.026891324123843,-1.457336832965438,2.551594744015562,25.908563425182617,0.913958132342257,0.5293732673972619,1.4096484515790564,2.5088669402117394,1.2139433494218885,0.4730852943743878,0.315832068510561,0.27994011976047906
constant head boundary,standard4,Theis confined,664,0.2965817725352514,0.5391147451393182,0.5807661938255589,1.204253693065335,0.041655766742107934,0.18469933245641712,0.18628578601721396,1.0298090384683583,0.2965817725352514,0.5391147451393182,0.5807661938255589,1.204253693065335,-0.25492600579314345,0.5677190040868375,0.6166891617757936,0.850815769407067,0.5710913940538376,0.391468013638199,0.007530120481927711
constant head boundary,standard4,Hantush-Jacob leaky,664,0.10038452700894311,1.038156798998251,1.3921633806606284,1.1758290790011452,-0.11084539731082244,0.6999879661283822,0.7951658444035734,1.0125032179094011,0.10038452700894311,1.038156798998251,1.3921633806606284,1.1758290790011452,-0.21122992431976556,0.6155007300328595,0.6786685498037959,0.8644919455455458,0.5710846032210298,0.39292299498686334,0.7801204819277109
constant head boundary,standard4,Lagging Darcy no-leakage,664,-0.5859245745715653,1.6582717744130944,3.8262938486994176,0.9604597651685338,-0.14491056282905151,0.8196283931368723,0.9786418722211475,1.0724749694250881,-0.5859245745715653,1.6582717744130944,3.8262938486994176,0.9604597651685338,0.4410140117425137,0.9389689971600875,1.189500664658595,1.164507924106208,0.4957455653143411,0.3633160098628933,0.0963855421686747
constant head boundary,standard4,Lagging Darcy with leakage,664,-1.8456665453816952,2.609231011059929,30.068873288767993,0.7899385140009672,-1.0274262630739028,1.6145065983129216,3.5430665071676666,0.992572223632908,-1.8456665453816952,2.609231011059929,30.068873288767993,0.7899385140009672,0.8182402823077926,1.0934341902887241,1.5183988193790612,1.3438232822551102,0.4900775142561514,0.3592595866778186,0.22590361445783133
constant head boundary,far4,Theis confined,668,0.6574104771541263,1.1288019310480932,1.6049353326734082,1.431400552348592,0.17242395203792035,0.5772571862156674,0.6288580449382091,1.0919753751325374,0.6574104771541263,1.1288019310480932,1.6049353326734082,1.431400552348592,-0.4849865251162058,0.8681868955484293,1.0606368145751541,0.7877984790371108,0.6521257725575484,0.40161011944185565,0.058383233532934134
constant head boundary,far4,Hantush-Jacob leaky,668,0.22710732492039432,1.7919608779719614,4.879236448612021,1.3433751156404925,-0.336653757900713,1.5422310945906756,3.128650957692475,1.0493027472544043,0.22710732492039432,1.7919608779719614,4.879236448612021,1.3433751156404925,-0.5637610828211074,1.4607255944137374,2.728776682060513,0.7952054021580004,0.6367136822771065,0.40171379591347867,0.7529940119760479
constant head boundary,far4,Lagging Darcy no-leakage,668,-0.5229704507170085,1.9988714647343273,7.304266626753887,1.0307050618874944,-0.10582475169560193,1.0582835989210826,1.4369218521347094,1.0547809621863768,-0.5229704507170085,1.9988714647343273,7.304266626753887,1.0307050618874944,0.41714569902140664,1.1205233274957975,1.5842497540375078,1.0580981777276015,0.5736216196005216,0.40047213224622763,0.19011976047904192
constant head boundary,far4,Lagging Darcy with leakage,668,-2.0726341763648346,2.810318176602891,51.8709202001333,0.5183574402844363,-1.2818065809945498,1.8696398244491348,5.654070826722946,0.9119086290387125,-2.0726341763648346,2.810318176602891,51.8709202001333,0.5183574402844363,0.7908275953702847,1.3788570803231206,2.3862598214177764,1.5957369670953976,0.568914959407425,0.39240918034042627,0.31137724550898205
constant head boundary,dense5,Theis confined,830,0.37774018389888503,0.7994802469009263,0.9459941457998705,1.2232001935310186,0.06269045295471237,0.4171215102180697,0.43594046261021646,1.031737619196947,0.37774018389888503,0.7994802469009263,0.9459941457998705,1.2232001935310186,-0.31504973094417277,0.6016465944823709,0.6604303468471208,0.8215987337369527,0.4943964519379923,0.3167495200376741,0.02891566265060241
constant head boundary,dense5,Hantush-Jacob leaky,830,0.1270363941068432,1.256968954106475,1.9633682243855315,1.1648988382110013,-0.19095396401022924,1.1120172010790659,1.5632732391789073,1.0105373205456352,0.1270363941068432,1.256968954106475,1.9633682243855315,1.1648988382110013,-0.3179903581170724,0.9749838813638867,1.2598590841035295,0.8393494891700901,0.4989646280448098,0.3301108653495757,0.863855421686747
constant head boundary,dense5,Lagging Darcy no-leakage,830,-0.3840732345908173,1.4932842794166676,2.8807840904358155,0.9705204242441481,-0.032064762280798235,0.7883107064699774,0.9282215406860619,1.0919173072255919,-0.3840732345908173,1.4932842794166676,2.8807840904358155,0.9705204242441481,0.3520084723100191,0.8306726502521922,0.9968698661936695,1.147974460251446,0.40458300609172204,0.28443877162342757,0.10843373493975904
constant head boundary,dense5,Lagging Darcy with leakage,830,-1.2587821972542828,2.33328427002383,15.179448585618841,0.9108923549651983,-0.6661001196739293,1.527780456957827,3.052917137298807,1.0351555594198454,-1.2587821972542828,2.33328427002383,15.179448585618841,0.9108923549651983,0.5926820775803534,1.0224267014514095,1.3580912993106813,1.2403955261880986,0.399943919232655,0.2805828762097189,0.18433734939759036
constant head boundary,near4,Theis confined,668,0.21344125264397917,0.23322860451643693,0.2364364934234717,1.1917016051812328,-0.00819192301152968,0.12434821356722285,0.12483044849829843,1.01550367875142,0.21344125264397917,0.23322860451643693,0.2364364934234717,1.1917016051812328,-0.22163317565550883,0.30053398519966207,0.30744953356129406,0.8407465732835196,0.4661179712409601,0.3009373917059943,0.0
constant head boundary,near4,Hantush-Jacob leaky,668,0.13745602211955138,0.3116176987802562,0.3193379485957302,1.1443672107655463,-0.04730486070075635,0.16236613502305972,0.16344214054253076,0.9954481465739324,0.13745602211955138,0.3116176987802562,0.3193379485957302,1.1443672107655463,-0.18476088282030778,0.3021692455462325,0.3091997509622042,0.8569992745630567,0.4772898163260708,0.32351384693762275,0.8787425149700598
constant head boundary,near4,Lagging Darcy no-leakage,668,-0.10752492508599687,0.31554874530088095,0.32356902387707354,0.9604660862353379,0.12592243314109441,0.12345650447398814,0.12392841745330078,1.1075867770987038,-0.10752492508599687,0.31554874530088095,0.32356902387707354,0.9604660862353379,0.23344735822709123,0.3587672615216795,0.3706274842797802,1.1627189799036877,0.3695925498025848,0.2683428447691135,0.040419161676646706
constant head boundary,near4,Lagging Darcy with leakage,668,-1.0087695265032819,1.9608817928642597,6.764714970910423,0.8961105034400754,-0.48156146649862763,1.26172629567308,1.9782154869355193,1.033952235862957,-1.0087695265032819,1.9608817928642597,6.764714970910423,0.8961105034400754,0.5272080600046544,0.7570150763226272,0.8796062818564413,1.2578414976804517,0.3633047544491904,0.2658435256756862,0.10179640718562874
constant head boundary,sparse3,Theis confined,501,0.4399169488378942,1.0444792611866358,1.4060803875516685,1.273737198339821,0.06542219807374706,0.6128563682826919,0.6751698866136243,1.0493096878743,0.4399169488378942,1.0444792611866358,1.4060803875516685,1.273737198339821,-0.37449475076414707,0.8148001587855219,0.9707478538157698,0.8129306619011801,0.5837755648189912,0.3689154612740647,0.04590818363273453
constant head boundary,sparse3,Hantush-Jacob leaky,501,-0.03389042095177773,1.8257910305036165,5.199678694817591,1.2112304392835451,-0.44825614106613804,1.5995808708966208,3.4523153863017373,1.0189356537634,-0.03389042095177773,1.8257910305036165,5.199678694817591,1.2112304392835451,-0.4143657201143603,1.3420370897983003,2.2485739907927806,0.8290188740581996,0.57885334102474,0.3702267076091037,0.8263473053892215
constant head boundary,sparse3,Lagging Darcy no-leakage,501,-0.5174183438487984,1.971708608754346,6.913417464704647,0.9993881515462635,-0.13319240590403708,1.037488862276887,1.3907006482149222,1.0669194353318001,-0.5174183438487984,1.971708608754346,6.913417464704647,0.9993881515462635,0.38422593794476123,1.0823904580028056,1.4923311452840629,1.0956286860057995,0.49895948981241783,0.3541634493356406,0.17165668662674652
constant head boundary,sparse3,Lagging Darcy with leakage,501,-1.5576787216762045,2.6175851129001018,30.733302269539355,0.8873406789333084,-0.9227702989536086,1.7282312348903912,4.338411809549675,1.0257781375174,-1.5576787216762045,2.6175851129001018,30.733302269539355,0.8873406789333084,0.6349084227225957,1.3143898046688829,2.1511039627127353,1.186161872418618,0.49583918419707296,0.3544254833987881,0.25149700598802394
heterogeneous K,mixed4,Theis confined,664,0.35021376160715767,1.4413514336827677,2.642808065698458,1.2812407917087791,0.013756546748528687,0.926379527973828,1.1657020907092286,1.0394081731622884,0.35021376160715767,1.4413514336827677,2.642808065698458,1.2812407917087791,-0.33645721485862895,0.8899235541223548,1.0989667872471907,0.8152038401755445,0.6271941801605599,0.3872050228160311,0.0783132530120482
heterogeneous K,mixed4,Hantush-Jacob leaky,664,-0.2195822488913323,1.9973824259068274,7.282159275694626,1.153243914517504,-0.6556422102515056,1.8996072385541614,5.992572741867567,0.9712850876552158,-0.2195822488913323,1.9973824259068274,7.282159275694626,1.153243914517504,-0.43605996136017333,1.4868077681391318,2.8497654633713054,0.8451917474317806,0.6270689203220075,0.3919048173958293,0.8569277108433735
heterogeneous K,mixed4,Lagging Darcy no-leakage,664,-0.5043376089241223,1.976537268498168,6.98101250781877,0.8944962839089148,-0.05550559370267497,1.2152083236904336,1.8380994995677717,1.1024040013413654,-0.5043376089241223,1.976537268498168,6.98101250781877,0.8944962839089148,0.44883201522144733,1.0355534933022856,1.386470401926744,1.297860325518404,0.5353709701549597,0.36269366446785256,0.21686746987951808
heterogeneous K,mixed4,Lagging Darcy with leakage,664,-1.5352322451657223,2.5646078795787073,26.786832507069384,0.7052938406198834,-0.9619390878866375,1.818082643237561,5.124462019164724,0.9416398372780014,-1.5352322451657223,2.5646078795787073,26.786832507069384,0.7052938406198834,0.5732931572790849,1.5416287565216462,3.125449659609823,1.5107532190511759,0.5328401146039813,0.3624966712244708,0.25903614457831325
heterogeneous K,near4,Theis confined,664,0.18157250426725127,0.372153764474339,0.3854190861010819,1.1951635254458663,0.02716100744761258,0.23071084983887624,0.23381520733221992,1.0111289046428704,0.18157250426725127,0.372153764474339,0.3854190861010819,1.1951635254458663,-0.15441149681963867,0.48914422422470943,0.5199148066099074,0.8441264620792284,0.4593649580956862,0.29976358892959587,0.0
heterogeneous K,near4,Hantush-Jacob leaky,664,0.09959442270922869,0.5018549446082374,0.5351764656988167,1.1476994419886064,-0.016466304913715788,0.31349299393687774,0.32135540121951034,0.9928163265687351,0.09959442270922869,0.5018549446082374,0.5351764656988167,1.1476994419886064,-0.11606072762294448,0.49207555322946694,0.523421851419746,0.8636500666403143,0.47340006109378946,0.31614505038108504,0.9231927710843374
heterogeneous K,near4,Lagging Darcy no-leakage,664,-0.1980409398152292,0.6163985833085063,0.6798583695100734,0.9373081911246058,0.14450486970611656,0.26814608707697285,0.27303915684471985,1.1296527333186925,-0.1980409398152292,0.6163985833085063,0.6798583695100734,0.9373081911246058,0.3425458095213458,0.6181994201080616,0.6822477254117514,1.2311969192135885,0.3575005824463017,0.2485504531862634,0.04066265060240964
heterogeneous K,near4,Lagging Darcy with leakage,664,-0.9992049488531425,1.9703834110281528,6.895005173632342,0.8671734123331681,-0.39535260770176844,1.1855762187271743,1.7544047334647614,1.0623299593074371,-0.9992049488531425,1.9703834110281528,6.895005173632342,0.8671734123331681,0.6038523411513741,0.9254031237808669,1.1638729260510496,1.3337006769192397,0.35365400390691026,0.24644592063066,0.1355421686746988
heterogeneous K,sparse3,Theis confined,498,0.41917591662418396,0.9492156933171396,1.209168983205788,1.283117640860173,0.08038566880674744,0.5273504278278864,0.5662298445095614,1.0446569848412761,0.41917591662418396,0.9492156933171396,1.209168983205788,1.283117640860173,-0.33879024781743655,0.8850238913510436,1.090234571417316,0.8116089894224258,0.5711710425340145,0.3642313887944802,0.0321285140562249
heterogeneous K,sparse3,Hantush-Jacob leaky,498,0.12455630118188292,1.516060222904072,2.9930955402599677,1.2346483476139667,-0.25534193744546446,1.2537416177705922,1.9533652030678468,1.005161242662858,0.12455630118188292,1.516060222904072,2.9930955402599677,1.2346483476139667,-0.37989823862734734,1.2681243599442658,1.9983772448695016,0.832864224344133,0.5689291814781385,0.36615310023025915,0.8614457831325302
heterogeneous K,sparse3,Lagging Darcy no-leakage,498,-0.6077277981023501,1.9143947634574443,6.168672161122198,0.9372832253285008,-0.14478501076986788,1.0513425931030727,1.4213354792790323,1.0760740263149615,-0.6077277981023501,1.9143947634574443,6.168672161122198,0.9372832253285008,0.46294278733248223,1.0554135963882831,1.4304576113613992,1.2199062904076834,0.48938696218731326,0.3453523986622511,0.1606425702811245
heterogeneous K,sparse3,Lagging Darcy with leakage,498,-1.5425893733917393,2.5474394078791796,25.63512539033918,0.8332865025256935,-0.8772776692386465,1.7209829535543208,4.281634934290192,0.972265402284767,-1.5425893733917393,2.5474394078791796,25.63512539033918,0.8332865025256935,0.6653117041530926,1.3345843303414164,2.221817698063858,1.3197687346638574,0.486307125878617,0.3427018393281752,0.2570281124497992
heterogeneous K,dense5,Theis confined,840,0.3502508303769178,0.8436582421097468,1.018613108773345,1.3031685981060788,0.027439521553237988,0.5301532860375938,0.5696809578545556,1.0338474231992534,0.3502508303769178,0.8436582421097468,1.018613108773345,1.3031685981060788,-0.3228113088236798,0.6403956465150705,0.7120241544024422,0.7692190501449518,0.4995271486472484,0.3233525540054223,0.02142857142857143
heterogeneous K,dense5,Hantush-Jacob leaky,840,0.1102478939159528,1.2673738548585942,1.9960006195390414,1.2397662286475677,-0.21939085373013228,1.1292440303208964,1.606047593673774,0.9938528738830663,0.1102478939159528,1.2673738548585942,1.9960006195390414,1.2397662286475677,-0.32963874764608514,0.972783915131597,1.255460961448493,0.8003277067647816,0.5104227992998017,0.339525710148016,0.8976190476190476
heterogeneous K,dense5,Lagging Darcy no-leakage,840,-0.4889678166999078,1.5736888690572783,3.3014395742535765,0.9536368485162515,-0.08021159418500051,0.8790361063272147,1.0796366036177865,1.1002806098426727,-0.4889678166999078,1.5736888690572783,3.3014395742535765,0.9536368485162515,0.40875622251490723,0.9106359401589984,1.136493425467106,1.229387863527581,0.4046785080655144,0.26072954583570973,0.09642857142857143
heterogeneous K,dense5,Lagging Darcy with leakage,840,-1.320871245182892,2.3473361609264054,15.689102175478581,0.8766181591711724,-0.6954178811159809,1.539687644410797,3.115159683121132,1.0298167174501274,-1.320871245182892,2.3473361609264054,15.689102175478581,0.8766181591711724,0.6254533640669111,1.101876566630914,1.5386259489834004,1.3208732329781696,0.40087219450036377,0.26045694567256117,0.2
heterogeneous K,standard4,Theis confined,668,0.3015270357247913,0.625278667415924,0.6916785413546707,1.2344970261676695,0.046080462393534534,0.3972779613965838,0.4134813830612574,1.0252126630173495,0.3015270357247913,0.625278667415924,0.6916785413546707,1.2344970261676695,-0.2554465733312567,0.6449921240410039,0.7182676137049219,0.8240065794988681,0.5992429460720777,0.44236010222603944,0.008982035928143712
heterogeneous K,standard4,Hantush-Jacob leaky,668,0.14467823647594924,0.9360037610332513,1.1838592867675248,1.2085647335863965,-0.07719521747556246,0.6753436474810887,0.7601913162961483,0.9902708090606825,0.14467823647594924,0.9360037610332513,1.1838592867675248,1.2085647335863965,-0.2218734539515117,0.7013306099633217,0.7970964283744812,0.8373847736079361,0.6019765339917362,0.4522439325470356,0.8488023952095808
heterogeneous K,standard4,Lagging Darcy no-leakage,668,-0.7100853885017878,1.6364046524404503,3.6814854527811445,0.867757327126016,-0.125304809858805,0.8554598903663096,1.0386738086634077,1.0724398111384483,-0.7100853885017878,1.6364046524404503,3.6814854527811445,0.867757327126016,0.5847805786429828,0.9743397605417525,1.2585699844694325,1.3589047704146733,0.5114734860652517,0.4076402476771742,0.08233532934131736
heterogeneous K,standard4,Lagging Darcy with leakage,668,-1.8800587018707515,2.6036958571007562,29.637698848984925,0.7187673810056515,-0.9864066400807775,1.591490042786066,3.4042937257312675,0.9231324631265843,-1.8800587018707515,2.6036958571007562,29.637698848984925,0.7187673810056515,0.8936520617899739,1.1675081703948271,1.705342727199678,1.5295177967867655,0.5076708301397878,0.4053864677596145,0.2275449101796407
heterogeneous K,far4,Theis confined,668,0.4173569703485772,1.3212833930387682,2.1749541617670154,1.3135124641364075,0.09385775417123789,0.8267848796733789,0.9904259093769731,1.103900538751861,0.4173569703485772,1.3212833930387682,2.1749541617670154,1.3135124641364075,-0.3234992161773393,0.8565715661208069,1.0405784700757301,0.8406494336519021,0.5693472902617365,0.39327187006847664,0.0658682634730539
heterogeneous K,far4,Hantush-Jacob leaky,668,0.03536588071694301,1.8588589391898576,5.538012156139109,1.269007208342181,-0.34556563344184354,1.554102057924668,3.1925507338848544,1.053320821409426,0.03536588071694301,1.8588589391898576,5.538012156139109,1.269007208342181,-0.3809315141587865,1.2893154262991842,2.066785385010443,0.8449891090698031,0.5655380225465765,0.39279810175427526,0.8532934131736527
heterogeneous K,far4,Lagging Darcy no-leakage,668,-0.8717841722207529,2.202930807584985,11.274391576132501,0.864360574233711,-0.2511750184555162,1.285354059994052,2.0538035240880794,1.0255277606474205,-0.8717841722207529,2.202930807584985,11.274391576132501,0.864360574233711,0.6206091537652367,1.130235682674981,1.6085452773467876,1.3692014928618004,0.5096275003448871,0.3840251173761746,0.19161676646706588
heterogeneous K,far4,Lagging Darcy with leakage,668,-1.927385264451662,2.665605751087737,34.89405717372902,0.6229529802534757,-1.1046752593757956,1.7926666095134725,4.885671295350511,0.8426786801289722,-1.927385264451662,2.665605751087737,34.89405717372902,0.6229529802534757,0.8227100050758663,1.3118503250832796,2.142391984799586,1.5979756989649103,0.506807414339749,0.38160264667742116,0.3068862275449102
anisotropic heterogeneous K,standard4,Theis confined,664,0.28988017165813523,0.6272852883901716,0.6943628506154748,1.2569492528240922,0.1108280431406146,0.4751259438470757,0.5032450906704251,1.0884580116114138,0.28988017165813523,0.6272852883901716,0.6943628506154748,1.2569492528240922,-0.17905212851752061,0.6999319827180297,0.7950854035316519,0.8728882461530068,0.5978191387002987,0.4044345348292566,0.007530120481927711
anisotropic heterogeneous K,standard4,Hantush-Jacob leaky,664,0.10760466483248021,1.065409373236428,1.4530917912834433,1.2302796554716826,-0.03723887273192034,0.784667506597771,0.9224736000772109,1.034062551402766,0.10760466483248021,1.065409373236428,1.4530917912834433,1.2302796554716826,-0.14484353756440055,0.7902035088810735,0.9312172943232756,0.8920290160593823,0.5986327108815699,0.4100608673927293,0.8629518072289156
anisotropic heterogeneous K,standard4,Lagging Darcy no-leakage,664,-0.68229011592714,1.6557538458466678,3.8092723178183046,0.8766343937304647,-0.05700669409471026,0.8885467554899197,1.0965075374113435,1.0812489823045397,-0.68229011592714,1.6557538458466678,3.8092723178183046,0.8766343937304647,0.6252834218324298,1.0381855300590788,1.3922263317016796,1.4535513301783594,0.5112825828175755,0.38987234082394884,0.08433734939759036
anisotropic heterogeneous K,standard4,Lagging Darcy with leakage,664,-1.8798656035239243,2.6348713781288264,32.162155075052674,0.7043585572457661,-0.9323611443897972,1.6308880253100597,3.6460073224740936,0.821134060672819,-1.8798656035239243,2.6348713781288264,32.162155075052674,0.7043585572457661,0.9475044591341274,1.2444140713325764,1.9247650683747064,1.7854001209077506,0.5077856048796224,0.3855786134175666,0.24397590361445784
anisotropic heterogeneous K,sparse3,Theis confined,498,0.33583790502943395,1.187260686931156,1.7590531450704538,1.2747298326978835,0.05698857669553272,0.8375263163770852,1.008303244881687,1.0665778374457926,0.33583790502943395,1.187260686931156,1.7590531450704538,1.2747298326978835,-0.27884932833390125,0.8276597712536239,0.9918734263965935,0.8477156331435569,0.5953829237594326,0.3879590604398039,0.04819277108433735
anisotropic heterogeneous K,sparse3,Hantush-Jacob leaky,498,0.054768157938632996,1.6410598003144472,3.7117487874850226,1.2327613650674791,-0.31091083735055425,1.4778597184576245,2.8075573542665717,1.0159477242208632,0.054768157938632996,1.6410598003144472,3.7117487874850226,1.2327613650674791,-0.36567899528918724,1.4472004633390392,2.6684226263275836,0.8692132521699212,0.5905191839806903,0.3902620524718148,0.8734939759036144
anisotropic heterogeneous K,sparse3,Lagging Darcy no-leakage,498,-0.6761539353514139,2.068154860492796,8.428706796851428,0.9197143873890014,-0.11322723016826385,1.2220379355035997,1.857983760541606,1.0813803321524924,-0.6761539353514139,2.068154860492796,8.428706796851428,0.9197143873890014,0.56292670518315,1.1013006420400036,1.5372377130415515,1.3751814474749289,0.5094199421234888,0.3679162334561116,0.18674698795180722
anisotropic heterogeneous K,sparse3,Lagging Darcy with leakage,498,-1.4740198674916247,2.5957814122165486,29.03342520057027,0.834270717641158,-0.7639345708754285,1.6816620299896594,3.9889079982417277,0.9202286804865919,-1.4740198674916247,2.5957814122165486,29.03342520057027,0.834270717641158,0.7100852966161962,1.3750662403505243,2.371647900297383,1.5127657085626618,0.5057261257323451,0.36257708317123527,0.24899598393574296
anisotropic heterogeneous K,near4,Theis confined,668,0.1656541967859715,0.4286902112479495,0.4491611705640224,1.1900837198380694,0.09067736119539656,0.4118344146478656,0.42993000741068166,1.0920570506709204,0.1656541967859715,0.4286902112479495,0.4491611705640224,1.1900837198380694,-0.07497683559057498,0.6536314857605415,0.7300763844363279,0.9028949252577628,0.4748429455317265,0.31520265614448695,0.0
anisotropic heterogeneous K,near4,Hantush-Jacob leaky,668,0.038543576869063095,0.712334763615198,0.8130200709654972,1.1461741897344104,0.017235662461443806,0.5557819279159256,0.6015957019335044,1.044140578579135,0.038543576869063095,0.712334763615198,0.8130200709654972,1.1461741897344104,-0.021307914407619293,0.6474554611296892,0.7216247673929614,0.9416221420270627,0.49013768434815475,0.33492365128470136,0.8997005988023952
anisotropic heterogeneous K,near4,Lagging Darcy no-leakage,668,-0.2648585775134655,0.785874945143874,0.924375954807313,0.9049953212136649,0.19921819365878313,0.469341285714731,0.4964143728560985,1.2379708608933615,-0.2648585775134655,0.785874945143874,0.924375954807313,0.9049953212136649,0.4640767711722486,0.7372254713485757,0.8497210202672124,1.4509827157678006,0.37370184345757623,0.25716494009231894,0.04640718562874251
anisotropic heterogeneous K,near4,Lagging Darcy with leakage,668,-1.0113723042632823,1.9574273089082108,6.718086301660681,0.8121674913174531,-0.30860837330215535,1.2367936118092278,1.9017359698247964,1.0772673435815026,-1.0113723042632823,1.9574273089082108,6.718086301660681,0.8121674913174531,0.7027639309611269,0.9663939604591274,1.2427618631921733,1.6196112848402457,0.36933899432726447,0.2560247410743974,0.11826347305389222
anisotropic heterogeneous K,dense5,Theis confined,835,0.35420882370872875,0.9635339015914415,1.2371140127135332,1.2773674744789325,0.07384542338708769,0.6601360796472997,0.7390318323749491,1.0996431652133007,0.35420882370872875,0.9635339015914415,1.2371140127135332,1.2773674744789325,-0.2803634003216411,0.8854856332229839,1.0910551692489823,0.840133604033156,0.5297176868285894,0.3338146947002979,0.033532934131736525
anisotropic heterogeneous K,dense5,Hantush-Jacob leaky,835,0.11476049061036718,1.330653107345652,2.207849259363799,1.2197114288456798,-0.18628012348103037,1.2326706496861461,1.8894004947117535,1.0308985196196998,0.11476049061036718,1.330653107345652,2.207849259363799,1.2197114288456798,-0.30104061409139754,1.2573021497178072,1.9644041287434006,0.863327409709459,0.5348724771231498,0.3483121005805383,0.8838323353293414
anisotropic heterogeneous K,dense5,Lagging Darcy no-leakage,835,-0.38336675012702476,1.5596186903606957,3.2227775643178487,0.9249384309551882,0.05086460956782817,0.8947217653013644,1.1075712982603103,1.1701635393063008,-0.38336675012702476,1.5596186903606957,3.2227775643178487,0.9249384309551882,0.43423135969485294,0.9825413553288943,1.27507058549257,1.371510424063091,0.4338424482216728,0.2940270621984231,0.09341317365269461
anisotropic heterogeneous K,dense5,Lagging Darcy with leakage,835,-1.2691523366071429,2.3989502098440556,17.741295983570822,0.8357212761770804,-0.6472859432538679,1.616237325260068,3.5537749529410574,0.9698984537354998,-1.2691523366071429,2.3989502098440556,17.741295983570822,0.8357212761770804,0.6218663933532749,1.327497788963394,2.1967094287326296,1.5477544887748826,0.42945434944347444,0.2940292972302557,0.18323353293413175
anisotropic heterogeneous K,far4,Theis confined,668,0.45019169202006976,1.3538089799085107,2.2915842144980543,1.356700694534965,0.09957232277555486,0.9416861666305765,1.1946898159678783,1.1023971989684267,0.45019169202006976,1.3538089799085107,2.2915842144980543,1.356700694534965,-0.35061936924451487,0.9163646497281148,1.1470519361959928,0.7715673577474058,0.6342621039214981,0.3898663034047659,0.06736526946107785
anisotropic heterogeneous K,far4,Hantush-Jacob leaky,668,0.04577403961225918,1.880511284879355,5.774115212571659,1.3245586919065224,-0.4571029774852387,1.767659790826848,4.66382609284393,1.00286395443493,0.04577403961225918,1.880511284879355,5.774115212571659,1.3245586919065224,-0.502877017097498,1.5555135703017562,3.2002522459387497,0.7774184133205958,0.6254859290993029,0.38986703196334627,0.8458083832335329
anisotropic heterogeneous K,far4,Lagging Darcy no-leakage,668,-0.7654831470713046,2.220096990201282,11.713999840464622,0.8540029035132913,-0.16796643597432442,1.3434308054117723,2.2536179906892193,1.006653734688203,-0.7654831470713046,2.220096990201282,11.713999840464622,0.8540029035132913,0.5975167110969803,1.1941381134009101,1.778166354039267,1.4455706994546769,0.5671441507760737,0.39504809459589224,0.23802395209580837
anisotropic heterogeneous K,far4,Lagging Darcy with leakage,668,-2.0251831966894565,2.868461969031407,61.18508746659695,0.5710932051032818,-1.2133406393827508,1.911860259005208,6.138047621955092,0.6893449921298314,-2.0251831966894565,2.868461969031407,61.18508746659695,0.5710932051032818,0.8118425573067053,1.5687200001096442,3.2733995902995474,1.9054178000943525,0.5630351455264422,0.38929194580840143,0.3532934131736527
anisotropic heterogeneous K,mixed4,Theis confined,668,0.49170743923539373,1.265105533353874,1.9888363351633647,1.295935923647407,0.14622485223862264,0.8863166530983168,1.092533254072343,1.1215679078204432,0.49170743923539373,1.265105533353874,1.9888363351633647,1.295935923647407,-0.34548258699677115,0.9676346503807876,1.2452188081457845,0.8009635376118314,0.5461969069137097,0.3479856626713383,0.07035928143712575
anisotropic heterogeneous K,mixed4,Hantush-Jacob leaky,668,-0.14240490138331685,1.9184224813894848,6.217722025344281,1.177820551947712,-0.5605356838721369,1.903440570345024,6.037629477758824,0.9937343208092364,-0.14240490138331685,1.9184224813894848,6.217722025344281,1.177820551947712,-0.4181307824888201,1.5385677235760788,3.1092413276463375,0.8574547224745377,0.543915129561991,0.3610551967721566,0.8727544910179641
anisotropic heterogeneous K,mixed4,Lagging Darcy no-leakage,668,-0.5243356215888412,2.1318479910438954,9.650871679085702,0.890891339515088,-0.012393925869456271,1.3247276820559812,2.186981771908245,1.1546778994678255,-0.5243356215888412,2.1318479910438954,9.650871679085702,0.890891339515088,0.5119416957193849,1.153339549732329,1.66786386134332,1.4586135516625818,0.4522022348354611,0.31394194255859476,0.20808383233532934
anisotropic heterogeneous K,mixed4,Lagging Darcy with leakage,668,-1.5658944048826364,2.629632775051245,31.721275680740124,0.7273210243430932,-0.9469289745152756,1.8931962951582875,5.918128590086621,0.8762292314509473,-1.5658944048826364,2.629632775051245,31.721275680740124,0.7273210243430932,0.618965430367361,1.6234057668687871,3.598546446527264,1.6025862692354496,0.44790907178927497,0.3150247102258093,0.25898203592814373
heterogeneous storage,dense5,Theis confined,830,0.3945527959853525,0.8545212479933944,1.0370676387717996,1.3247376585348443,0.07503755701509415,0.5870946824271942,0.6415125795215901,1.0612667255366766,0.3945527959853525,0.8545212479933944,1.0370676387717996,1.3247376585348443,-0.3195152389702583,0.7429362415871476,0.8582794155764321,0.7803527078633317,0.5290190652620163,0.35972006857082983,0.02650602409638554
heterogeneous storage,dense5,Hantush-Jacob leaky,830,0.15805679135104678,1.2735228642704894,2.0155645041208596,1.2469912485435055,-0.18339500499866246,1.1779256457303127,1.7334534357881592,1.0007197880386265,0.15805679135104678,1.2735228642704894,2.0155645041208596,1.2469912485435055,-0.34145179634970924,1.0829844111894826,1.4937219721996018,0.7942052749683701,0.5381648502200191,0.3694628415644663,0.8819277108433735
heterogeneous storage,dense5,Lagging Darcy no-leakage,830,-0.4538600249427277,1.6112631125793757,3.5231029913483045,0.9428567675917114,-0.028452510747374905,0.9845880364657522,1.2792177399775273,1.0903630164097684,-0.4538600249427277,1.6112631125793757,3.5231029913483045,0.9428567675917114,0.4254075141953527,0.9866955863354596,1.2835006557414639,1.314618244810935,0.44078598811219355,0.33075300844529343,0.1216867469879518
heterogeneous storage,dense5,Lagging Darcy with leakage,830,-1.388195857669428,2.427758395872135,19.02255844720034,0.8397578156769638,-0.7500172988638135,1.6039459765402315,3.478562792807834,0.934724735722725,-1.388195857669428,2.427758395872135,19.02255844720034,0.8397578156769638,0.6381785588056146,1.2584061290427857,1.967840660704321,1.5003819894514405,0.437172855352217,0.3282206836496399,0.20602409638554217
heterogeneous storage,far4,Theis confined,664,0.48588965273450113,1.3273626517958357,2.196233744632875,1.3853149632214619,0.13399242517133722,0.8577955697354439,1.0426786075115786,1.1426557534840585,0.48588965273450113,1.3273626517958357,2.196233744632875,1.3853149632214619,-0.3518972275631639,0.9088711296240746,1.1332566035486293,0.797019030707842,0.6335242403146628,0.4317544768084549,0.07078313253012049
heterogeneous storage,far4,Hantush-Jacob leaky,664,-0.014725426159036542,1.952073501514699,6.646587744372013,1.3230561564370995,-0.48943530385812123,1.8524925138492065,5.47083719438233,1.0455391595548418,-0.014725426159036542,1.952073501514699,6.646587744372013,1.3230561564370995,-0.47470987769908474,1.5579786347313973,3.2137556392093405,0.8160956249305095,0.6203472459373404,0.4268058426916732,0.8237951807228916
heterogeneous storage,far4,Lagging Darcy no-leakage,664,-0.7406894457040175,2.08121215690432,8.663373045875005,0.8807859687781245,-0.14810124070003378,1.1967580715342254,1.7855048568616478,1.0456180608673582,-0.7406894457040175,2.08121215690432,8.663373045875005,0.8807859687781245,0.5925882050039838,1.1727067771389064,1.719311124760917,1.4284068874008267,0.5636811723678614,0.41414004718912,0.2003012048192771
heterogeneous storage,far4,Lagging Darcy with leakage,664,-1.9553188023153414,2.745639758261402,43.336822709625864,0.6229780778727707,-1.1849218969949518,1.8603327310552058,5.553705626297443,0.7269279485914343,-1.9553188023153414,2.745639758261402,43.336822709625864,0.6229780778727707,0.7703969053203894,1.6192674641503428,3.5726174986904926,1.8399569198614083,0.5594293222020507,0.41238697863629925,0.3132530120481928
heterogeneous storage,near4,Theis confined,668,0.18879959105212368,0.3561991285478356,0.3678019848664567,1.2224822629181646,-0.013113494565146802,0.42819023205449186,0.44858779811914745,0.9933342671541672,0.18879959105212368,0.3561991285478356,0.3678019848664567,1.2224822629181646,-0.20191308561727045,0.6094546662063226,0.6706814377102408,0.8335057730069981,0.420992175172589,0.2926954091347628,0.0
heterogeneous storage,near4,Hantush-Jacob leaky,668,0.10238530029190297,0.4700427218565261,0.49724118235018,1.157410080269826,-0.055406034451303834,0.4692352679161925,0.49628944073502296,0.965352511911234,0.10238530029190297,0.4700427218565261,0.49724118235018,1.157410080269826,-0.15779133474320683,0.5990494736458263,0.6570363302697649,0.8627505161167269,0.4355927511532917,0.3095759896676803,0.9041916167664671
heterogeneous storage,near4,Lagging Darcy no-leakage,668,-0.13062545496020753,0.5117694644932114,0.5471809314293545,0.9467379152273543,0.10147993020705949,0.4951133764102884,0.5270642141074443,1.1237547686488336,-0.13062545496020753,0.5117694644932114,0.5471809314293545,0.9467379152273543,0.232105385167267,0.746100077512247,0.8630436261354447,1.230591643672876,0.3297448679186482,0.23952692042110485,0.02844311377245509
heterogeneous storage,near4,Lagging Darcy with leakage,668,-0.8850394107597855,1.8852030566311921,5.826879082994929,0.8825015428659035,-0.39510642397779666,1.205024589032316,1.8088695976173514,0.9942977346794989,-0.8850394107597855,1.8852030566311921,5.826879082994929,0.8825015428659035,0.4899329867819888,0.9636095520061324,1.2372631166358665,1.3155406118200612,0.32429685567098293,0.2387334669215661,0.09131736526946108
heterogeneous storage,mixed4,Theis confined,668,0.5440747887820299,1.2402523260042642,1.9121511033119718,1.399470755987654,0.12108059142685654,0.8167308005263375,0.9738989977432198,1.0889212046408983,0.5440747887820299,1.2402523260042642,1.9121511033119718,1.399470755987654,-0.4229941973551733,0.893243725688431,1.1049151314836605,0.7589599651212668,0.5959940757784675,0.37357503272694415,0.06437125748502993
heterogeneous storage,mixed4,Hantush-Jacob leaky,668,-0.048745107915555426,1.9083059732534533,6.095411506768783,1.2714126707999636,-0.52170146866977,1.8372652722235199,5.314148734741986,0.9870354654746673,-0.048745107915555426,1.9083059732534533,6.095411506768783,1.2714126707999636,-0.47295636075421454,1.3971846868091973,2.458381534246275,0.7929102902371856,0.5956558115932336,0.37826101279193225,0.8727544910179641
heterogeneous storage,mixed4,Lagging Darcy no-leakage,668,-0.49057306349136376,1.9922690867417265,7.206856319507379,0.9646241986513924,-0.04206946023383319,1.196789380511356,1.785592745959869,1.0986923894502816,-0.49057306349136376,1.9922690867417265,7.206856319507379,0.9646241986513924,0.44850360325753064,1.1124939188560878,1.564441500339849,1.2868304582967858,0.502370240234069,0.34380091043181943,0.20808383233532934
heterogeneous storage,mixed4,Lagging Darcy with leakage,668,-1.316939614530968,2.4756135047833596,21.396774276280453,0.8428634280668833,-0.7911121674307343,1.7397034746222835,4.430160848663419,0.9053684368436136,-1.316939614530968,2.4756135047833596,21.396774276280453,0.8428634280668833,0.5258274471002334,1.516117655134685,2.993385258462166,1.4267471800577154,0.49808656091904396,0.3425183869909205,0.25
heterogeneous storage,standard4,Theis confined,668,0.34199135030444283,0.5309878886564862,0.5707100525669734,1.292811169265448,0.055209286733137845,0.40864240364425275,0.4263106965550547,1.0601776090878632,0.34199135030444283,0.5309878886564862,0.5707100525669734,1.292811169265448,-0.286782063571305,0.675456064977919,0.7603489092826268,0.8014189943529617,0.5504122971116786,0.3409908290011501,0.0029940119760479044
heterogeneous storage,standard4,Hantush-Jacob leaky,668,0.19913824061754823,0.915207789832526,1.1449133617372143,1.2592962018418703,-0.05135742695294707,0.6762163180888676,0.7614151331362727,1.0366752604622418,0.19913824061754823,0.915207789832526,1.1449133617372143,1.2592962018418703,-0.2504956675704953,0.687816542520289,0.7777842781646208,0.8079154389118375,0.5546342004893915,0.34509337182561906,0.8847305389221557
heterogeneous storage,standard4,Lagging Darcy no-leakage,668,-0.6019758594532427,1.5959577808196344,3.4307109171073584,0.9315844906693473,-0.11695599760927945,0.8628324453732127,1.051354369238575,1.0858563075070553,-0.6019758594532427,1.5959577808196344,3.4307109171073584,0.9315844906693473,0.48501986184396323,0.999539146411867,1.3098771315201325,1.296266630585783,0.4629098363803977,0.32274799349154715,0.08532934131736528
heterogeneous storage,standard4,Lagging Darcy with leakage,668,-1.630003794647186,2.542319755479589,25.302786061717416,0.829720966889,-0.8659987856808807,1.5692784659076053,3.2765367778949526,0.869706097595456,-1.630003794647186,2.542319755479589,25.302786061717416,0.829720966889,0.7640050089663054,1.1866969696434697,1.7574960923415923,1.4450711853427511,0.45899231220230163,0.32038901172257744,0.2125748502994012
heterogeneous storage,sparse3,Theis confined,501,0.4434530847248074,1.1748213456206977,1.7250267643276869,1.3539439507750155,0.10469300900986835,0.833031132396299,1.0007936870647944,1.1011538749016765,0.4434530847248074,1.1748213456206977,1.7250267643276869,1.3539439507750155,-0.33876007571493905,0.8872009228099479,1.0941077679975377,0.7928887753959701,0.5907119795307622,0.3805463676529343,0.05389221556886228
heterogeneous storage,sparse3,Hantush-Jacob leaky,501,-0.054581277219313905,1.7346059152185647,4.389104518748805,1.2598705135947086,-0.4485110646800046,1.7174196379706201,4.25405454894532,1.0112201854719016,-0.054581277219313905,1.7346059152185647,4.389104518748805,1.2598705135947086,-0.3939297874606907,1.3685359331393179,2.346716558003435,0.814895353859033,0.5855846212153704,0.386878948043291,0.8522954091816367
heterogeneous storage,sparse3,Lagging Darcy no-leakage,501,-0.6336672925795447,1.975939948041411,6.972607553131104,0.922812057698523,-0.07512950991303546,1.1166835019692631,1.5747460536993685,1.0696502217436672,-0.6336672925795447,1.975939948041411,6.972607553131104,0.922812057698523,0.5585377826665091,1.1508309953044624,1.6613168764970039,1.3577828040208617,0.5181891381763818,0.3659603141725654,0.16766467065868262
heterogeneous storage,sparse3,Lagging Darcy with leakage,501,-1.5477892699795712,2.575396502031126,27.540972755015027,0.8256870835623477,-0.8836243884634677,1.7415346649417505,4.44502351405683,0.8802453124378016,-1.5477892699795712,2.575396502031126,27.540972755015027,0.8256870835623477,0.6641648815161035,1.651338882676605,3.7796476015561016,1.5609904081357713,0.5150658051725612,0.3659572373982663,0.2375249500998004
heterogeneous leakage,far4,Theis confined,664,1.5620583784963673,1.9422306338641324,6.517530780995127,3.7571200204648902,1.0671843032134904,1.5625434746917897,3.238942278920177,2.172570004315379,1.5620583784963673,1.9422306338641324,6.517530780995127,3.7571200204648902,-0.494874075282877,1.3032628542280371,2.1132227044845076,0.6530995668037258,0.7241166471781317,0.43552954521556064,0.2786144578313253
heterogeneous leakage,far4,Hantush-Jacob leaky,664,0.2163787757177119,2.877588362057586,62.81102851232222,2.004281309464539,-0.9932516972508548,2.896973007099354,66.4276246361789,1.2155374941682795,0.2163787757177119,2.877588362057586,62.81102851232222,2.004281309464539,-1.2096304729685667,2.559491910078371,26.437529276084508,0.6760202011327318,0.6583262392485083,0.422607720175545,0.572289156626506
heterogeneous leakage,far4,Lagging Darcy no-leakage,664,1.1228901245613587,2.3840872366804815,17.11975218487523,3.248404525188506,1.1114454881409712,1.761044247162421,4.607202255865898,2.112239781805209,1.1228901245613587,2.3840872366804815,17.11975218487523,3.248404525188506,-0.011444636420387408,1.4820761467169206,2.8273535673943497,0.8845326526297157,0.6409052762976364,0.4280363386396884,0.40210843373493976
heterogeneous leakage,far4,Lagging Darcy with leakage,664,-1.4678212160268171,3.184783061547123,159.39762965069755,0.8926112338913462,-1.5453324226810852,2.591565609180391,28.7173143382359,0.5469033205844747,-1.4678212160268171,3.184783061547123,159.39762965069755,0.8926112338913462,-0.0775112066542678,2.615746587193886,30.58564880973064,1.2847335461263076,0.6072515167568074,0.41122990048170943,0.286144578313253
heterogeneous leakage,sparse3,Theis confined,498,1.4481197030759843,1.4760685622501653,2.7991974230307335,2.759005481736551,0.8835873360309507,1.2344493373948588,1.8947115360083933,1.6305014396773572,1.4481197030759843,1.4760685622501653,2.7991974230307335,2.759005481736551,-0.5645323670450337,1.0532041560134204,1.4254999504217278,0.6563680561845139,0.6602602981929232,0.44638545579484135,0.19879518072289157
heterogeneous leakage,sparse3,Hantush-Jacob leaky,498,0.4464531262475977,2.399617747999276,17.769823727188488,1.7935124836396703,-0.477087110552596,2.3376301072123367,15.334965774604678,1.1472500005714439,0.4464531262475977,2.399617747999276,17.769823727188488,1.7935124836396703,-0.9235402368001937,2.122901697903584,9.466959595216018,0.7115363481836209,0.6086309182231239,0.42937844551711396,0.5662650602409639
heterogeneous leakage,sparse3,Lagging Darcy no-leakage,498,0.9663124262712337,2.1086651743056746,9.182870621190737,2.0207230138068106,0.8773580749143093,1.5316077856467,3.0727604323755444,1.5555075799386646,0.9663124262712337,2.1086651743056746,9.182870621190737,2.0207230138068106,-0.08895435135692425,1.3464303490606133,2.2645172366379547,0.8972683334386874,0.5654486203667528,0.4079965501882134,0.321285140562249
heterogeneous leakage,sparse3,Lagging Darcy with leakage,498,-1.2344128127808667,2.9730194641116436,83.04227925039126,0.8732784662882159,-1.0798770047755128,2.3228632268234723,14.814013472805936,0.9900578865005875,-1.2344128127808667,2.9730194641116436,83.04227925039126,0.8732784662882159,0.15453580800535383,2.145646712791989,9.942990338198124,1.324941980323156,0.5358243693377457,0.3817736896832089,0.24899598393574296
heterogeneous leakage,near4,Theis confined,668,0.7176525228925954,0.6646863402174429,0.7453300912727152,1.7296392424106322,0.2686327662778457,0.42927638607728313,0.44983362393979187,1.1877743805172387,0.7176525228925954,0.6646863402174429,0.7453300912727152,1.7296392424106322,-0.44901975661474974,0.591015043132787,0.6465855090895499,0.6829979992969275,0.458002653942686,0.30102092048944434,0.0074850299401197605
heterogeneous leakage,near4,Hantush-Jacob leaky,668,0.3333115102270329,0.9224619075549397,1.1583771917668781,1.432719496035133,0.04743228527387076,0.6226918991676156,0.6882254363533707,1.0839725581400308,0.3333115102270329,0.9224619075549397,1.1583771917668781,1.432719496035133,-0.2858792249531621,0.5706713212839433,0.6204453084475032,0.7725565626990609,0.4397323972727507,0.29773878402086773,0.5479041916167665
heterogeneous leakage,near4,Lagging Darcy no-leakage,668,0.567028926117275,0.9236356060273008,1.160567716360653,1.4683964964789795,0.09053156680506479,0.8329130529423525,1.0005969732372468,1.2034411080067338,0.567028926117275,0.9236356060273008,1.160567716360653,1.4683964964789795,-0.47649735931221016,1.347284204556046,2.2676307654041294,0.8672148886131944,0.36751353996368885,0.24881037428028405,0.02844311377245509
heterogeneous leakage,near4,Lagging Darcy with leakage,668,-1.173428527100061,2.243656951566367,12.350928505100692,0.8932230750822215,-0.6311726735370752,1.4545350109356083,2.7009552112413386,1.0596755931888389,-1.173428527100061,2.243656951566367,12.350928505100692,0.8932230750822215,0.5422558535629858,0.9391439176852869,1.1898341521359794,1.260856499182562,0.33456906909526096,0.2183723506907127,0.12874251497005987
heterogeneous leakage,standard4,Theis confined,668,1.0773409874782052,0.9870012652987169,1.2841229000779584,2.1660159341931005,0.5763979089839975,0.7403980111981121,0.854469021779809,1.4535588215895014,1.0773409874782052,0.9870012652987169,1.2841229000779584,2.1660159341931005,-0.5009430784942078,0.7190721390242065,0.8228594667263246,0.6801751357125523,0.5845649220093981,0.38572855317262456,0.058383233532934134
heterogeneous leakage,standard4,Hantush-Jacob leaky,668,0.3786851708734107,1.6033367971593608,3.474885378545525,1.5998247992441037,-0.011721202402911229,1.288128618558378,2.062886570331715,1.1763336872271732,0.3786851708734107,1.6033367971593608,3.474885378545525,1.5998247992441037,-0.390406373276322,1.0164707723197162,1.3453920090376033,0.7643320503315422,0.5546235739277325,0.3686058446518903,0.45808383233532934
heterogeneous leakage,standard4,Lagging Darcy no-leakage,668,0.3491490862685786,1.9200745701606978,6.237978210762545,1.512831812412335,0.32854844965311114,1.1478151884359293,1.653480794182623,1.3637129088618931,0.3491490862685786,1.9200745701606978,6.237978210762545,1.512831812412335,-0.020600636615467457,1.378135763316384,2.383471536533241,0.9393029605409359,0.5054465848906451,0.3641898640974844,0.16766467065868262
heterogeneous leakage,standard4,Lagging Darcy with leakage,668,-2.2066350410216655,2.871343466041747,61.693297707279974,0.4409582197410128,-1.3338260293267723,1.9636457925977504,6.802306129139534,0.8109379981769634,-2.2066350410216655,2.871343466041747,61.693297707279974,0.4409582197410128,0.8728090116948934,1.2254005461690738,1.867858314672629,1.8775394895324642,0.4819954439558696,0.34929461261725814,0.2410179640718563
heterogeneous leakage,dense5,Theis confined,840,1.082925957853135,1.362514426100108,2.3239932280168616,1.9491499595685677,0.6382561441036828,1.1205285482567289,1.5842627145166246,1.3338738349928119,1.082925957853135,1.362514426100108,2.3239932280168616,1.9491499595685677,-0.44466981374945214,0.8225675401521771,0.9834694152978877,0.6938138807776383,0.5405180390792578,0.3457692713060523,0.11904761904761904
heterogeneous leakage,dense5,Hantush-Jacob leaky,840,0.3931530864198531,1.8982320450421886,5.976508474157672,1.4589652884031197,-0.28651636944319314,1.9183706773669642,6.21708815125962,1.1167566768639645,0.3931530864198531,1.8982320450421886,5.976508474157672,1.4589652884031197,-0.6796694558630463,1.7817273610780304,4.787077643229292,0.7531420371747598,0.5067452908163831,0.3340101774082297,0.5976190476190476
heterogeneous leakage,dense5,Lagging Darcy no-leakage,840,0.7037463987524107,1.8596898668159478,5.546853528028935,1.517873428775583,0.4914995180986075,1.472255537819231,2.7814984117939012,1.3364290758327222,0.7037463987524107,1.8596898668159478,5.546853528028935,1.517873428775583,-0.21224688065380323,1.4197513373879702,2.5506731742845643,0.9549961047445166,0.4504325806903602,0.3061645286273383,0.2261904761904762
heterogeneous leakage,dense5,Lagging Darcy with leakage,840,-1.1688206166960244,2.7374883219472306,42.37857079282769,0.9054813696294917,-0.8593822381389739,2.043728749702847,8.009918179922748,1.0696131067747698,-1.1688206166960244,2.7374883219472306,42.37857079282769,0.9054813696294917,0.30943837855705053,1.8299353838437915,5.240674140088022,1.3330184568089045,0.4184579527372883,0.2865908837846322,0.19047619047619047
heterogeneous leakage,mixed4,Theis confined,664,1.3054748017219675,1.8919725045494238,5.904045939360101,2.639356648944708,0.8259441009398295,1.527624393048714,3.052111253422207,1.6471016625037516,1.3054748017219675,1.8919725045494238,5.904045939360101,2.639356648944708,-0.47953070078213783,1.0882796849391971,1.5061773805073873,0.6522551246375019,0.5997111023127939,0.36940799814471226,0.24397590361445784
heterogeneous leakage,mixed4,Hantush-Jacob leaky,664,0.15072772107638738,2.5834944458858504,28.123063067609746,1.4556564447506584,-0.8151814593911976,2.6602783335221027,34.40211725528393,1.0831552812132546,0.15072772107638738,2.5834944458858504,28.123063067609746,1.4556564447506584,-0.9659091804675848,2.185730023157873,10.853430338428682,0.7006193089187881,0.5503634851144885,0.3669659572256133,0.6460843373493976
heterogeneous leakage,mixed4,Lagging Darcy no-leakage,664,1.1286492659464107,1.9733950859904275,6.936935550701755,2.331487889409837,0.9009264595827018,1.6975225172968578,4.103960294037723,1.5914154092630957,1.1286492659464107,1.9733950859904275,6.936935550701755,2.331487889409837,-0.227722806363709,1.470235364656154,2.772174839815048,0.9443427095102197,0.5063999385609186,0.33759530739551236,0.34789156626506024
heterogeneous leakage,mixed4,Lagging Darcy with leakage,664,-0.9022952895478651,2.7594315136880696,45.0144903445816,0.9095551298029475,-0.9994133012410048,2.385748059945453,17.18792810647659,1.0723691670143107,-0.9022952895478651,2.7594315136880696,45.0144903445816,0.9095551298029475,-0.09711801169313962,2.1809887766294773,10.740702992131432,1.187675233262413,0.4731858724724835,0.3245606059681859,0.23493975903614459
heterogeneous boundary,sparse3,Theis confined,498,0.36848212714949835,1.1711783999560146,1.7151921898129974,1.3272120176425628,0.037792841891942715,0.7444821038414025,0.8606051883697787,1.0525976509250277,0.36848212714949835,1.1711783999560146,1.7151921898129974,1.3272120176425628,-0.3306892852575556,0.7719130567720841,0.902536566573103,0.7861911110761763,0.5711042905954883,0.37529226028842344,0.05421686746987952
heterogeneous boundary,sparse3,Hantush-Jacob leaky,498,-0.003200599632894063,1.6901106666708683,4.049699637410167,1.2816813555043383,-0.4155418198218691,1.576926322876947,3.3198643001684895,1.0174015325400143,-0.003200599632894063,1.6901106666708683,4.049699637410167,1.2816813555043383,-0.41234122018897507,1.3748799128164262,2.3709323463248677,0.796311428748599,0.5679606125450594,0.3804840820599586,0.8413654618473896
heterogeneous boundary,sparse3,Lagging Darcy no-leakage,498,-0.6680883117225647,1.9803363149131465,7.034757277800005,0.9268263876182846,-0.15663892268285312,1.1331287268634918,1.6158544010351938,1.0862585864490202,-0.6680883117225647,1.9803363149131465,7.034757277800005,0.9268263876182846,0.5114493890397115,1.054645547584572,1.4287323763717477,1.2174955139645287,0.49626876357852906,0.35511535854570825,0.1606425702811245
heterogeneous boundary,sparse3,Lagging Darcy with leakage,498,-1.6374536632474623,2.6261405920899143,31.43120996879409,0.7649436665681822,-0.915332189164341,1.7029592700993539,4.144324144369896,0.9685716567539976,-1.6374536632474623,2.6261405920899143,31.43120996879409,0.7649436665681822,0.7221214740831212,1.31806298012219,2.1637755510283254,1.4675937943036594,0.4935796455293344,0.35291680135610115,0.25100401606425704
heterogeneous boundary,dense5,Theis confined,835,0.31798897299501405,0.8328659052414132,1.0005184355768684,1.267880711260648,0.04154206569416115,0.5314059992092998,0.5712258509128928,1.0235053058954997,0.31798897299501405,0.8328659052414132,1.0005184355768684,1.267880711260648,-0.27644690730085286,0.7259961167090119,0.8330440172923964,0.7949452685453707,0.5208061552085687,0.3340750374236973,0.02035928143712575
heterogeneous boundary,dense5,Hantush-Jacob leaky,835,0.09279376289623709,1.3490479329370293,2.2740774927118705,1.199876000087397,-0.18876613886480342,1.0906192428779247,1.5117125730719454,0.989528281288999,0.09279376289623709,1.3490479329370293,2.2740774927118705,1.199876000087397,-0.2815599017610405,0.9861854965214899,1.2824629030780148,0.8195390092379116,0.5312628153528933,0.3519300425166422,0.874251497005988
heterogeneous boundary,dense5,Lagging Darcy no-leakage,835,-0.5710128602864998,1.6922145250503142,4.065012479049238,0.9131523231747233,-0.10790607598271687,0.9841023590169476,1.2782325464949906,1.0924582073233007,-0.5710128602864998,1.6922145250503142,4.065012479049238,0.9131523231747233,0.46310678430378294,0.9213519364875562,1.1563087222526518,1.2704856405001266,0.4321136275413016,0.302932484320186,0.11137724550898204
heterogeneous boundary,dense5,Lagging Darcy with leakage,835,-1.4009174943959957,2.4147658968748615,18.431802677581253,0.8161309084319721,-0.7759960336798655,1.655602090922051,3.8082493706631606,1.010801501784499,-1.4009174943959957,2.4147658968748615,18.431802677581253,0.8161309084319721,0.6249214607161302,1.346837877948926,2.2660026584501205,1.4471991258415016,0.427941849289004,0.3007148129726597,0.21077844311377245
heterogeneous boundary,mixed4,Theis confined,668,0.4945783295438974,1.2598990159895591,1.9724982477712827,1.3296606196537526,0.06791095695412001,0.7510914683149904,0.8705931796479991,1.0492674261616661,0.4945783295438974,1.2598990159895591,1.9724982477712827,1.3296606196537526,-0.4266673725897773,0.8786810643615147,1.0790107211674014,0.7448813681625854,0.5933533190879683,0.3601985962033446,0.07335329341317365
heterogeneous boundary,mixed4,Hantush-Jacob leaky,668,-0.03714855055243267,1.8826165069861756,5.797718449281439,1.229854210776364,-0.5564038985956159,1.789162283127059,4.85382034835957,0.9754710912455274,-0.03714855055243267,1.8826165069861756,5.797718449281439,1.229854210776364,-0.5192553480431832,1.5683641583739778,3.2714025270623543,0.7890233356107882,0.5892949624985064,0.380683371665481,0.874251497005988
heterogeneous boundary,mixed4,Lagging Darcy no-leakage,668,-0.5414740294638427,1.9271817702670468,6.326038425298926,0.9091523389847622,-0.06953926872491024,1.1228702510564608,1.5900866705676235,1.0933446126702864,-0.5414740294638427,1.9271817702670468,6.326038425298926,0.9091523389847622,0.4719347607389325,1.0362133046389692,1.3879112431727971,1.2945812758505213,0.497970576321811,0.3279409916313547,0.19311377245508982
heterogeneous boundary,mixed4,Lagging Darcy with leakage,668,-1.4477152670977969,2.598035354491872,29.20406594671177,0.7903214613890095,-0.8526002092536159,1.7960392683599724,4.916566278094697,1.0020115316378857,-1.4477152670977969,2.598035354491872,29.20406594671177,0.7903214613890095,0.5951150578441808,1.4247888061388714,2.571820865992881,1.4341718719327246,0.4940226268912973,0.3270900737933959,0.2410179640718563
heterogeneous boundary,standard4,Theis confined,668,0.24587591798526945,0.5033586522018059,0.5369914293233455,1.236551144811244,0.058669865563132105,0.31200304427157893,0.3197523614397144,1.037615117657986,0.24587591798526945,0.5033586522018059,0.5369914293233455,1.236551144811244,-0.18720605242213736,0.5731842180496586,0.623649743111829,0.8542977178646557,0.5318254061891854,0.34426020699938703,0.0029940119760479044
heterogeneous boundary,standard4,Hantush-Jacob leaky,668,0.09556838040041134,0.9527658237614421,1.216047124334182,1.1967980168568826,-0.05108442614431117,0.6771804607583947,0.76276845696865,1.0139617327660604,0.09556838040041134,0.9527658237614421,1.216047124334182,1.1967980168568826,-0.14665280654472254,0.5651903612136733,0.6134794107705372,0.8649023143827328,0.5343166976519232,0.3481843962548893,0.8473053892215568
heterogeneous boundary,standard4,Lagging Darcy no-leakage,668,-0.5568489539580581,1.4732186622318126,2.7859564743001184,0.9106863110178369,-0.07891863013106963,0.7298734596928462,0.8387798473025094,1.0814526467649677,-0.5568489539580581,1.4732186622318126,2.7859564743001184,0.9106863110178369,0.4779303238269884,0.930633718075753,1.1736994416283046,1.2717051699353463,0.45130626098429616,0.3290771073539424,0.07335329341317365
heterogeneous boundary,standard4,Lagging Darcy with leakage,668,-1.719189633907763,2.519611334037579,23.88725696271856,0.7411386062937455,-0.9067399415675147,1.556693434391866,3.2067069270789834,0.9575309326958855,-1.719189633907763,2.519611334037579,23.88725696271856,0.7411386062937455,0.8124496923402481,1.1253291774821228,1.596225249840606,1.505318092058342,0.44686896568099477,0.3286086729067059,0.20658682634730538
heterogeneous boundary,far4,Theis confined,668,0.4911749328814113,1.1736822626183603,1.7219453964066431,1.350615658904121,0.0755324296893242,0.6758209866306771,0.7608605969963151,1.0778927709049961,0.4911749328814113,1.1736822626183603,1.7219453964066431,1.350615658904121,-0.41564250319208706,0.9273920016187165,1.1676013259562146,0.7867014181666994,0.6373814524029567,0.41642120398659876,0.05389221556886228
heterogeneous boundary,far4,Hantush-Jacob leaky,668,-0.03933653666364391,1.9495840234092219,6.613655819455574,1.2894403688142602,-0.5841628825271094,1.775814878585962,4.734798490346964,1.006926124546263,-0.03933653666364391,1.9495840234092219,6.613655819455574,1.2894403688142602,-0.5448263458634655,1.5286910697126093,3.0576244315702072,0.7994844751973793,0.6270064203477077,0.4167739438648431,0.8053892215568862
heterogeneous boundary,far4,Lagging Darcy no-leakage,668,-0.6177643281609974,2.191981020129698,11.004213941030306,0.9339768200832764,-0.17165433164759936,1.2326146829893323,1.889233642291938,1.0419045446212711,-0.6177643281609974,2.191981020129698,11.004213941030306,0.9339768200832764,0.4461099965133979,1.1844960128550654,1.7514305949532825,1.1873871443603752,0.564711291079422,0.417429825196588,0.21107784431137724
heterogeneous boundary,far4,Lagging Darcy with leakage,668,-1.9452245358440696,2.8536788576651153,58.65050459922305,0.6607159683771189,-1.2614848358957522,1.920815036139656,6.247083034055163,0.7895762733677473,-1.9452245358440696,2.8536788576651153,58.65050459922305,0.6607159683771189,0.6837396999483176,1.519498953852762,3.010501310145174,1.473782287578064,0.5609124328604143,0.4176031795957816,0.3188622754491018
heterogeneous boundary,near4,Theis confined,664,0.22926794775786227,0.3760235874179585,0.38971540542605104,1.2306424117626948,-0.009893503848533797,0.2275420515523677,0.23051933829501647,0.9996476787604411,0.22926794775786227,0.3760235874179585,0.38971540542605104,1.2306424117626948,-0.23916145160639607,0.5186390010664889,0.5555514026883266,0.7975944914821592,0.4764551511537033,0.32316538854824406,0.0
heterogeneous boundary,near4,Hantush-Jacob leaky,664,0.11048489435425753,0.6078121128239273,0.6685190292110943,1.1801940783052245,-0.07366494135113302,0.3538523139244879,0.3652233481776124,0.970062704538187,0.11048489435425753,0.6078121128239273,0.6685190292110943,1.1801940783052245,-0.18414983570539054,0.5086135970379235,0.5433501261171123,0.826929338485718,0.49142192967681725,0.34454303565423744,0.8855421686746988
heterogeneous boundary,near4,Lagging Darcy no-leakage,664,-0.13237818670209311,0.5561761897359766,0.6020918432007454,0.949039994300721,0.1436180480726424,0.2571288085112421,0.261437965472697,1.1348366799863636,-0.13237818670209311,0.5561761897359766,0.6020918432007454,0.949039994300721,0.27599623477473545,0.5606416146849088,0.6077223951580146,1.2215543990499034,0.37135114312795175,0.2593729844612866,0.03313253012048193
heterogeneous boundary,near4,Lagging Darcy with leakage,664,-0.9885427219292771,2.030297829368056,7.7903289230343535,0.8766925336746652,-0.4416551067243379,1.2869140542900692,2.0589050030032894,1.0468023188979727,-0.9885427219292771,2.030297829368056,7.7903289230343535,0.8766925336746652,0.5468876152049391,0.8820348556920774,1.0849341381086284,1.3158483107678702,0.3662099158528957,0.2588154380620812,0.13855421686746988
combined leakage boundary,far4,Theis confined,664,1.6948086577209136,1.9533893530757316,6.6640747224317645,4.877160244600532,1.2072562672723568,1.7048281292488432,4.158310395884437,2.712343984787219,1.6948086577209136,1.9533893530757316,6.6640747224317645,4.877160244600532,-0.4875523904485568,1.2731571373132955,2.01439502225327,0.6258449439345304,0.6890733132442249,0.41951446693228517,0.3147590361445783
combined leakage boundary,far4,Hantush-Jacob leaky,664,0.3864821848962461,2.8235270610912586,53.838028185539066,2.0826271562569025,-0.7562235841948599,2.9143821765431404,69.87509842240532,1.2324313154926683,0.3864821848962461,2.8235270610912586,53.838028185539066,2.0826271562569025,-1.142705769091106,2.4429145223638025,19.73974562271224,0.6371466521431298,0.6277744234591062,0.3848897850751733,0.5557228915662651
combined leakage boundary,far4,Lagging Darcy no-leakage,664,1.219357884401892,2.452921477911421,20.230506768964933,4.57553347095832,1.1554821748253417,1.896596587418206,5.9574720265433045,2.4770107330724285,1.219357884401892,2.452921477911421,20.230506768964933,4.57553347095832,-0.06387570957655023,1.6196567266872137,3.575046819999811,0.9120121741477126,0.6072248968386927,0.40064192085672734,0.47289156626506024
combined leakage boundary,far4,Lagging Darcy with leakage,664,-1.0666839963787123,3.251032080334598,197.27366870436006,0.9956449005868259,-1.1070920564771547,2.5242331877677318,24.167802737448714,0.7481033447704962,-1.0666839963787123,3.251032080334598,197.27366870436006,0.9956449005868259,-0.04040806009844244,2.5103484302512284,23.336235486523147,1.228587181110545,0.5762859204139674,0.38666465590057403,0.31626506024096385
combined leakage boundary,standard4,Theis confined,668,1.2860255837592154,1.2111851669983145,1.8264924783076417,2.4329068871080777,0.7581911835605518,0.9760746450250445,1.2620446916942476,1.6807784876955154,1.2860255837592154,1.2111851669983145,1.8264924783076417,2.4329068871080777,-0.5278344001986636,0.8825065636712609,1.085769279768034,0.6597007945948156,0.6725984490082708,0.43136679835243896,0.11826347305389222
combined leakage boundary,standard4,Hantush-Jacob leaky,668,0.44037023400782416,1.982887552467627,7.071130607694588,1.6732714406656048,-0.07092596651798308,1.6452716271748056,3.7393899889409967,1.2610980558375957,0.44037023400782416,1.982887552467627,7.071130607694588,1.6732714406656048,-0.5112962005258072,1.3640447418910393,2.329744243417243,0.7506835569506697,0.6175077910899659,0.39928731748785745,0.5149700598802395
combined leakage boundary,standard4,Lagging Darcy no-leakage,668,0.47545344574841486,2.166642991696382,10.408017673093237,1.595706253871239,0.4746182927929208,1.5351973879076566,3.091511290733268,1.4916787314520081,0.47545344574841486,2.166642991696382,10.408017673093237,1.595706253871239,-0.0008351529554940631,1.6446110918403996,3.7350386136096323,1.0128027937373638,0.5676978844528099,0.38981544699599313,0.22005988023952097
combined leakage boundary,standard4,Lagging Darcy with leakage,668,-2.189289351632725,2.9658961453677173,81.30392871564128,0.3870580011234074,-1.2876655888506692,2.0362870815180485,7.887341880266448,0.7369815127188923,-2.189289351632725,2.9658961453677173,81.30392871564128,0.3870580011234074,0.9016237627820561,1.4765759473771485,2.801562573217991,2.0482725854370107,0.5363386264517304,0.37469076865355866,0.27694610778443113
combined leakage boundary,sparse3,Theis confined,501,1.3889440960966066,1.567038640666594,3.2639762899873253,2.733527740814724,0.9978899438349562,1.3520333846354615,2.285037355425139,1.8915899947141992,1.3889440960966066,1.567038640666594,3.2639762899873253,2.733527740814724,-0.3910541522616506,0.9943437055945973,1.299149835977263,0.6712042405316776,0.5225860427816067,0.3351980437873883,0.19161676646706588
combined leakage boundary,sparse3,Hantush-Jacob leaky,501,0.3822303010390556,2.4193120250857962,18.63604740912958,1.718785333133879,-0.3062911582865898,2.4454197299412996,19.86129596731473,1.2446522356339969,0.3822303010390556,2.4193120250857962,18.63604740912958,1.718785333133879,-0.6885214593256453,1.792496255702189,4.8841170664288525,0.7077023952311835,0.47953319037164505,0.3293956585598299,0.5688622754491018
combined leakage boundary,sparse3,Lagging Darcy no-leakage,501,0.9521736475453934,2.1241500159021323,9.492368244848427,1.9906451509082264,0.8955012072923892,1.6924996750598476,4.067093341168639,1.7347595327384497,0.9521736475453934,2.1241500159021323,9.492368244848427,1.9906451509082264,-0.05667244025300409,1.4637569503431536,2.7425229382500915,0.9421899344740864,0.45019860341058326,0.3109634067382194,0.3193612774451098
combined leakage boundary,sparse3,Lagging Darcy with leakage,501,-0.9113141389002295,2.867671092614106,61.046422388978876,0.9769548101549506,-0.7251890741264296,2.2042000023107526,11.306215465658758,0.982275146267369,-0.9113141389002295,2.867671092614106,61.046422388978876,0.9769548101549506,0.18612506477379978,2.068920418088314,8.442252819974044,1.191231150898609,0.42124685287253844,0.3057155298865371,0.2215568862275449
combined leakage boundary,dense5,Theis confined,835,1.0749554273540531,1.5257387030666485,3.042393944977813,2.0550974948712453,0.6365687438161305,1.2357448474473012,1.8985899649941094,1.4561449837036704,1.0749554273540531,1.5257387030666485,3.042393944977813,2.0550974948712453,-0.4383866835379226,0.9259147575612011,1.164831109759761,0.6502846003462109,0.5695781987482329,0.3739707193822622,0.14011976047904193
combined leakage boundary,dense5,Hantush-Jacob leaky,835,0.4236677077704415,1.8940925406414586,5.928467957997176,1.5514500257412662,-0.16292156033957644,1.8782141423440097,5.748493415065906,1.1800627089566567,0.4236677077704415,1.8940925406414586,5.928467957997176,1.5514500257412662,-0.5865892681100179,1.6068785480979773,3.496331602527133,0.7118848694750569,0.5357452775592838,0.3603415014857965,0.5892215568862276
combined leakage boundary,dense5,Lagging Darcy no-leakage,835,0.6644489943722661,1.9387242154712088,6.472291143528714,1.5526613825388644,0.4677692526476162,1.587677175912416,3.381942302268829,1.4470873585837463,0.6644489943722661,1.9387242154712088,6.472291143528714,1.5526613825388644,-0.19667974172464997,1.6584121431890533,3.8272454711840767,0.9748217190425389,0.4837789456028083,0.3316579934611834,0.237125748502994
combined leakage boundary,dense5,Lagging Darcy with leakage,835,-1.1580504808437508,2.6952650390503163,37.7836587519752,0.8921324717997916,-0.7788152392302096,2.0415587463271274,7.973939034681543,0.9835137211415984,-1.1580504808437508,2.6952650390503163,37.7836587519752,0.8921324717997916,0.37923524161354116,1.8638518777240876,5.591398241201737,1.3939406615084036,0.4523318730531256,0.3168295531978388,0.19880239520958085
combined leakage boundary,mixed4,Theis confined,664,1.305016744162782,1.7054380430609997,4.162887312924918,2.454711556736533,0.8870338866756423,1.4849472517763898,2.8409279214885985,1.694383937487265,1.305016744162782,1.7054380430609997,4.162887312924918,2.454711556736533,-0.4179828574871395,1.1273502295656577,1.6012884970749237,0.6912673930659212,0.5783001178915025,0.3606374795009943,0.22289156626506024
combined leakage boundary,mixed4,Hantush-Jacob leaky,664,0.30096693237377,2.4052723005668235,18.013633981974248,1.5291101508319573,-0.5317782583170348,2.5142537499843183,23.56674252415815,1.1559662527933972,0.30096693237377,2.4052723005668235,18.013633981974248,1.5291101508319573,-0.8327451906908048,2.043115186257905,7.999725356908868,0.7399190146414928,0.5309651374553416,0.3502099848278652,0.6204819277108434
combined leakage boundary,mixed4,Lagging Darcy no-leakage,664,0.8946617160357089,2.034742734467774,7.862188058156302,1.9816996456644793,0.8113738159339451,1.7930400892707778,4.889080859949111,1.6789412458868789,0.8946617160357089,2.034742734467774,7.862188058156302,1.9816996456644793,-0.0832879001017638,1.655876421696725,3.8100988183397964,1.062922813059385,0.48824313944966685,0.3366510971515146,0.32981927710843373
combined leakage boundary,mixed4,Lagging Darcy with leakage,664,-0.9182262793375798,2.9027011203972,67.54049212569073,0.9111227591776491,-0.8184811795300069,2.369716734537969,16.54286662405307,0.9891629472113956,-0.9182262793375798,2.9027011203972,67.54049212569073,0.9111227591776491,0.09974509980757296,2.1654048687638334,10.379885134249758,1.3467775185268696,0.4599076396015732,0.32915891094969774,0.28313253012048195
combined leakage boundary,near4,Theis confined,668,0.6946740986546712,0.7037343710447808,0.8005594258475065,1.6914404130341567,0.31588834382121017,0.5650409518432524,0.6132899685973029,1.3267590624122085,0.6946740986546712,0.7037343710447808,0.8005594258475065,1.6914404130341567,-0.378785754833461,0.7233565770264511,0.8291527313979272,0.7186454766704816,0.5076057306444115,0.34974398694111164,0.005988023952095809
combined leakage boundary,near4,Hantush-Jacob leaky,668,0.37280359497869403,0.9177124028072926,1.149547490959996,1.405376691195358,0.1291854251847441,0.6714562019362516,0.7547524118619678,1.166898303074009,0.37280359497869403,0.9177124028072926,1.149547490959996,1.405376691195358,-0.24361816979394987,0.7395134902332727,0.8531436251945047,0.7941153571179334,0.49409265520119633,0.33812614317116274,0.5808383233532934
combined leakage boundary,near4,Lagging Darcy no-leakage,668,0.461518941266922,0.9980882023211174,1.3068733531594214,1.3559185857799927,0.19146377079716634,0.9667993730477505,1.243564242557346,1.3928212740322656,0.461518941266922,0.9980882023211174,1.3068733531594214,1.3559185857799927,-0.27005517046975563,1.4027491492166293,2.4807740549914197,0.9824280158707465,0.41746123558145676,0.30033494502337627,0.058383233532934134
combined leakage boundary,near4,Lagging Darcy with leakage,668,-1.4343255509760706,2.4839733445327385,21.84594246613859,0.7716532625091392,-0.7034879151755897,1.6278930904115343,3.626919764752602,0.9558323213721192,-1.4343255509760706,2.4839733445327385,21.84594246613859,0.7716532625091392,0.7308376358004808,1.0821659446773595,1.4918057420253186,1.5780788437863567,0.3868665524793532,0.2793636005080255,0.17664670658682635
