scenario_id,family,split,truth_model,truth_T_m2_s,truth_S,truth_delay_s,truth_tau_q_s,truth_tau_s_s,truth_leakage_B_m,pathway,T_fit_m2_s,S_fit,tau_q_fit_s,tau_s_fit_s,leakage_B_fit_m,delta_logT,delta_logS,sd_epsilon,bias_eta,rmse_m,aic,bic,parameter_count,boundary_hit,reliability_class
theis_clean_00,theis_clean,verification,Theis homogeneous truth,5e-05,0.001,0.0,0.0,0.0,,Theis fixed-rate,5.000000000000004e-05,0.0010000000000000002,,,,8.881784197001248e-16,2.2204460492503128e-16,5.4622153405382e-16,-4.625929269271499e-17,9.266463474563715e-17,-2171.251168870434,-2167.508766848618,2,False,A
theis_clean_00,theis_clean,verification,Theis homogeneous truth,5e-05,0.001,0.0,0.0,0.0,,Theis schedule-aware,5.000000000000004e-05,0.0010000000000000002,,,,8.881784197001248e-16,2.2204460492503128e-16,5.4622153405382e-16,-4.625929269271499e-17,9.266463474563715e-17,-2171.251168870434,-2167.508766848618,2,False,A
theis_clean_00,theis_clean,verification,Theis homogeneous truth,5e-05,0.001,0.0,0.0,0.0,,Hantush-Jacob leaky,4.996536006178601e-05,0.0009995932359076099,,,99999.99899222057,-0.0006930388602422785,-0.00040684684334442266,0.0005915605405811481,1.9961994532758364e-05,0.00023533799811473378,-708.4984422960325,-702.8848392633089,3,True,C
theis_clean_00,theis_clean,verification,Theis homogeneous truth,5e-05,0.001,0.0,0.0,0.0,,Cooper-Jacob late-time,6.272796530692989e-05,0.0007133672969439928,,,,0.22678436042880495,-0.3377588482294828,0.4291996465312825,-0.4213479534940155,0.021503456871029197,-45.31891596556886,-41.57651394375308,2,False,C
theis_clean_00,theis_clean,verification,Theis homogeneous truth,5e-05,0.001,0.0,0.0,0.0,,Lagging Darcy no-leakage,4.794966672497175e-05,0.0010179155067931687,13.243408724697073,42.5836913870811,,-0.04187115459268138,0.01775691546284914,0.018273802640683328,-0.002559828929042308,0.0024589439534266084,-376.2776664488746,-368.792862405243,4,False,A
theis_clean_00,theis_clean,verification,Theis homogeneous truth,5e-05,0.001,0.0,0.0,0.0,,Lagging Darcy with leakage,4.495061544382751e-05,0.000985575952727165,25.47500301210713,59.91848756162619,80.55525550827404,-0.10645855286170039,-0.014529085113392988,0.014611272137192021,-0.0023852259006855252,0.0017879099962651835,-395.414001030633,-386.05799597609354,5,False,B
leaky_clean_00,leaky_clean,holdout,Hantush-Jacob clean leaky truth,5e-05,0.001,0.0,0.0,0.0,35.0,Theis fixed-rate,6.565014139605945e-05,0.0011982581334939331,,,,0.27231674910446996,0.18086894684506774,0.0681599514495196,-0.004890694475732,0.015672297774881945,-254.6050562086641,-250.86265418684832,2,False,C
leaky_clean_00,leaky_clean,holdout,Hantush-Jacob clean leaky truth,5e-05,0.001,0.0,0.0,0.0,35.0,Theis schedule-aware,6.565014139605945e-05,0.0011982581334939331,,,,0.27231674910446996,0.18086894684506774,0.0681599514495196,-0.004890694475732,0.015672297774881945,-254.6050562086641,-250.86265418684832,2,False,C
leaky_clean_00,leaky_clean,holdout,Hantush-Jacob clean leaky truth,5e-05,0.001,0.0,0.0,0.0,35.0,Hantush-Jacob leaky,5.000000000000004e-05,0.0010000000000000002,,,34.99999999999999,8.881784197001248e-16,2.2204460492503128e-16,6.2212391032871235e-16,4.857225732735041e-17,1.0247547538209171e-16,-2169.251168870434,-2163.63756583771,3,False,A
leaky_clean_00,leaky_clean,holdout,Hantush-Jacob clean leaky truth,5e-05,0.001,0.0,0.0,0.0,35.0,Cooper-Jacob late-time,0.00010140865309459903,0.0007737621025756504,,,,0.7071354183266563,-0.2564908136508588,0.60165610856707,-0.53662135583422,0.015532420027665078,-17.24128875060911,-13.49888672879333,2,False,C
leaky_clean_00,leaky_clean,holdout,Hantush-Jacob clean leaky truth,5e-05,0.001,0.0,0.0,0.0,35.0,Lagging Darcy no-leakage,6.517796010555654e-05,0.0012138497037165862,0.00022825575052637427,16.562345265561444,,0.2650983711668367,0.19379688243326001,0.07248056794626288,0.0018257539580416964,0.01566236988248745,-244.92540003258574,-237.4405959889542,4,False,C
leaky_clean_00,leaky_clean,holdout,Hantush-Jacob clean leaky truth,5e-05,0.001,0.0,0.0,0.0,35.0,Lagging Darcy with leakage,4.403946222776984e-05,0.0009769285088884257,25.292470270244536,61.253576756941584,30.08602220708462,-0.12693690464345683,-0.023341803732958633,0.013700316710671475,-0.0021576462975126665,0.0012358460065334368,-401.68213420966686,-392.3261291551274,5,False,B
theis_noise_00,theis_noise,calibration,Theis plus measurement noise,5e-05,0.001,0.0,0.0,0.0,,Theis fixed-rate,6.487785697104584e-05,0.0010356262412913098,,,,0.26048337317759696,0.03500630778945999,0.9688555080653883,0.2654198820101145,0.02683325622444478,3.496869359152004,7.239271380967786,2,False,C
theis_noise_00,theis_noise,calibration,Theis plus measurement noise,5e-05,0.001,0.0,0.0,0.0,,Theis schedule-aware,6.487785697104584e-05,0.0010356262412913098,,,,0.26048337317759696,0.03500630778945999,0.9688555080653883,0.2654198820101145,0.02683325622444478,3.496869359152004,7.239271380967786,2,False,C
theis_noise_00,theis_noise,calibration,Theis plus measurement noise,5e-05,0.001,0.0,0.0,0.0,,Hantush-Jacob leaky,6.474325421605004e-05,0.0010347855418195372,,,99999.99999999984,0.25840650773267526,0.03419419927574767,0.9688791693244609,0.26559605695634375,0.02696722569400986,5.503584308281501,11.117187341005176,3,True,C
theis_noise_00,theis_noise,calibration,Theis plus measurement noise,5e-05,0.001,0.0,0.0,0.0,,Cooper-Jacob late-time,6.200698997854608e-05,0.0007251754140958109,,,,0.21522411485154302,-0.321341702915778,1.0718814081453232,-0.09227838378598019,0.023768274200284576,10.015270993209683,13.757673015025464,2,False,C
theis_noise_00,theis_noise,calibration,Theis plus measurement noise,5e-05,0.001,0.0,0.0,0.0,,Lagging Darcy no-leakage,3.11109693680968e-05,0.0012152384572156603,0.00010000000030228025,409.9234282678893,,-0.47446253563095464,0.19494031861867292,0.8379448369568597,0.01165151067149058,0.026412604571468518,-9.974175281753443,-2.489371238121878,4,True,C
theis_noise_00,theis_noise,calibration,Theis plus measurement noise,5e-05,0.001,0.0,0.0,0.0,,Lagging Darcy with leakage,8.874273606015489e-06,0.0006141797174385634,0.00010047078834168588,547.9451158309172,12.741568150746303,-1.7288665206258547,-0.48746769425176933,0.8319499122413198,0.011913591299893283,0.01441958422122011,-8.662884151855955,0.6931209026834999,5,False,D
theis_noise_01,theis_noise,calibration,Theis plus measurement noise,5e-05,0.001,0.0,0.0,0.0,,Theis fixed-rate,5.3212208558803716e-05,0.001038442874808974,,,,0.062264848780023745,0.03772235541516823,0.4949104770772571,0.05793138722550064,0.012441765756064132,-63.8678698840296,-60.12546786221382,2,False,B
theis_noise_01,theis_noise,calibration,Theis plus measurement noise,5e-05,0.001,0.0,0.0,0.0,,Theis schedule-aware,5.3212208558803716e-05,0.001038442874808974,,,,0.062264848780023745,0.03772235541516823,0.4949104770772571,0.05793138722550064,0.012441765756064132,-63.8678698840296,-60.12546786221382,2,False,B
theis_noise_01,theis_noise,calibration,Theis plus measurement noise,5e-05,0.001,0.0,0.0,0.0,,Hantush-Jacob leaky,5.316583674614317e-05,0.0010379717081791214,,,99999.87193507134,0.06139301821639885,0.037268528282764446,0.49492965094188984,0.057974274503636326,0.012506497239544159,-61.86322098732143,-56.24961795459775,3,True,C
theis_noise_01,theis_noise,calibration,Theis plus measurement noise,5e-05,0.001,0.0,0.0,0.0,,Cooper-Jacob late-time,6.37217671696868e-05,0.0006986867237704832,,,,0.2425032125889445,-0.35855281493461133,0.6732578245965772,-0.40806515713263325,0.024143034511885,-19.69868888335506,-15.95628686153928,2,False,C
theis_noise_01,theis_noise,calibration,Theis plus measurement noise,5e-05,0.001,0.0,0.0,0.0,,Lagging Darcy no-leakage,4.281985842591805e-05,0.0010713130226006266,0.0003273770168482309,75.6073687171652,,-0.15502102853274655,0.06888502009845109,0.47907511861971047,0.011553198356255928,0.012140995747682438,-63.62825863606187,-56.14345459243031,4,False,C
theis_noise_01,theis_noise,calibration,Theis plus measurement noise,5e-05,0.001,0.0,0.0,0.0,,Lagging Darcy with leakage,3.467905669637986e-05,0.0009589862277902033,0.00010000002604103024,88.59517509974867,41.20868847940147,-0.3658870541054648,-0.04187856521307747,0.47810235202383056,0.008641355215554666,0.009246381687915086,-61.835874672085595,-52.47986961754614,5,True,C
theis_noise_02,theis_noise,calibration,Theis plus measurement noise,5e-05,0.001,0.0,0.0,0.0,,Theis fixed-rate,7.29529415914596e-05,0.0009858074872436961,,,,0.37779159211986335,-0.014294189645670833,0.762494632641859,0.1544235920776513,0.032540987452978384,-21.07221846838881,-17.32981644657303,2,False,C
theis_noise_02,theis_noise,calibration,Theis plus measurement noise,5e-05,0.001,0.0,0.0,0.0,,Theis schedule-aware,7.29529415914596e-05,0.0009858074872436961,,,,0.37779159211986335,-0.014294189645670833,0.762494632641859,0.1544235920776513,0.032540987452978384,-21.07221846838881,-17.32981644657303,2,False,C
theis_noise_02,theis_noise,calibration,Theis plus measurement noise,5e-05,0.001,0.0,0.0,0.0,,Hantush-Jacob leaky,7.272846512857155e-05,0.000984635969527413,,,99999.99999976768,0.37470984482486436,-0.015483280203225378,0.7626430791599057,0.15465694727709076,0.03277577452266209,-19.048447379210042,-13.434844346486368,3,True,C
theis_noise_02,theis_noise,calibration,Theis plus measurement noise,5e-05,0.001,0.0,0.0,0.0,,Cooper-Jacob late-time,6.207971395516825e-05,0.0007250452547772363,,,,0.216396262755278,-0.32152120569313847,0.8238559347489061,-0.12281095517009277,0.02282822913590425,-14.534340059845992,-10.79193803803021,2,False,C
theis_noise_02,theis_noise,calibration,Theis plus measurement noise,5e-05,0.001,0.0,0.0,0.0,,Lagging Darcy no-leakage,3.987843262523508e-05,0.0011254227329917936,0.00010000001264552606,234.54325665556567,,-0.2261873633828141,0.11815872773464808,0.66780906222809,0.005670686868985281,0.012772653497128951,-31.767315285647655,-24.282511242016092,4,True,C
theis_noise_02,theis_noise,calibration,Theis plus measurement noise,5e-05,0.001,0.0,0.0,0.0,,Lagging Darcy with leakage,2.5493478448735527e-05,0.0009097441459117208,0.00010018263099240432,278.40802735478684,27.154891788498713,-0.673600333081045,-0.09459187734242548,0.6662532019834942,0.004303513396909528,0.009456656756292434,-29.99272617053741,-20.636721115997954,5,False,C
theis_noise_03,theis_noise,calibration,Theis plus measurement noise,5e-05,0.001,0.0,0.0,0.0,,Theis fixed-rate,6.951592049685199e-05,0.001010269255522998,,,,0.3295327928067902,0.01021688495119844,0.7632998246790762,0.1746192043856978,0.029704719126646188,-20.441259213424935,-16.698857191609154,2,False,C
theis_noise_03,theis_noise,calibration,Theis plus measurement noise,5e-05,0.001,0.0,0.0,0.0,,Theis schedule-aware,6.951592049685199e-05,0.001010269255522998,,,,0.3295327928067902,0.01021688495119844,0.7632998246790762,0.1746192043856978,0.029704719126646188,-20.441259213424935,-16.698857191609154,2,False,C
theis_noise_03,theis_noise,calibration,Theis plus measurement noise,5e-05,0.001,0.0,0.0,0.0,,Hantush-Jacob leaky,6.931912962624056e-05,0.0010092568123683365,,,99999.99999999984,0.3266979034581566,0.00921423065960289,0.7633854344935155,0.17489405613689954,0.029909076582899142,-18.42336853400129,-12.809765501277617,3,True,C
theis_noise_03,theis_noise,calibration,Theis plus measurement noise,5e-05,0.001,0.0,0.0,0.0,,Cooper-Jacob late-time,6.221207997222938e-05,0.0007303711778184982,,,,0.2185261872324993,-0.31420241129802434,0.8378106212607964,-0.13253748614529978,0.022964394220845705,-12.787654950275467,-9.045252928459686,2,False,C
theis_noise_03,theis_noise,calibration,Theis plus measurement noise,5e-05,0.001,0.0,0.0,0.0,,Lagging Darcy no-leakage,3.777532922849348e-05,0.0011391566681777888,0.0001000000411040425,247.53914726723812,,-0.28036678179459,0.13028822388911024,0.6624389037976309,0.01227308423177767,0.0167027357578862,-32.52912665606765,-25.04432261243609,4,True,C
theis_noise_03,theis_noise,calibration,Theis plus measurement noise,5e-05,0.001,0.0,0.0,0.0,,Lagging Darcy with leakage,1.8410108220054427e-05,0.0007866728341507962,0.00010000000000654295,311.75553863056297,19.545268921988015,-0.9991231318704844,-0.23994282963912533,0.6589444292572546,0.010715488163208517,0.015783418180821688,-31.040745323469444,-21.68474026892999,5,True,C
theis_noise_04,theis_noise,calibration,Theis plus measurement noise,5e-05,0.001,0.0,0.0,0.0,,Theis fixed-rate,6.200522515996374e-05,0.0010295333063281972,,,,0.21519565283946643,0.029105598908190252,0.5385974378923846,0.06564923000859162,0.021631476146868937,-55.69126345267158,-51.94886143085579,2,False,C
theis_noise_04,theis_noise,calibration,Theis plus measurement noise,5e-05,0.001,0.0,0.0,0.0,,Theis schedule-aware,6.200522515996374e-05,0.0010295333063281972,,,,0.21519565283946643,0.029105598908190252,0.5385974378923846,0.06564923000859162,0.021631476146868937,-55.69126345267158,-51.94886143085579,2,False,C
theis_noise_04,theis_noise,calibration,Theis plus measurement noise,5e-05,0.001,0.0,0.0,0.0,,Hantush-Jacob leaky,6.190004361794641e-05,0.0010287906397319388,,,99999.99999999984,0.21349787891395594,0.028383976221044497,0.5386773492052364,0.06577916245586511,0.021779301412449627,-53.67439216761858,-48.060789134894904,3,True,C
theis_noise_04,theis_noise,calibration,Theis plus measurement noise,5e-05,0.001,0.0,0.0,0.0,,Cooper-Jacob late-time,6.273331708994021e-05,0.0007237837955999093,,,,0.22686967412736317,-0.3232625560557074,0.6175359832963377,-0.30371682555501267,0.023240733762714322,-32.68742915972063,-28.945027137904848,2,False,C
theis_noise_04,theis_noise,calibration,Theis plus measurement noise,5e-05,0.001,0.0,0.0,0.0,,Lagging Darcy no-leakage,4.2313109175090395e-05,0.001088094842115487,23.400178579075817,149.91128683675453,,-0.16692605781136227,0.08442831569660315,0.49207341704459806,-0.0009469460767934044,0.012020514351086184,-61.0866078913385,-53.60180384770694,4,False,C
theis_noise_04,theis_noise,calibration,Theis plus measurement noise,5e-05,0.001,0.0,0.0,0.0,,Lagging Darcy with leakage,2.91866814530571e-05,0.0009094037977270406,33.43520773299131,196.96749449627254,30.65437405828618,-0.538310514827157,-0.09496606152006916,0.49020679109130494,-0.00041753092548309223,0.011302435977336047,-59.45161168790062,-50.09560663336117,5,False,C
theis_noise_05,theis_noise,calibration,Theis plus measurement noise,5e-05,0.001,0.0,0.0,0.0,,Theis fixed-rate,8.063469719420824e-05,0.0010166934304057346,,,,0.47790603773230067,0.01655562659396134,0.8946781198386574,0.20951336681422836,0.04352424905315804,-5.078827593528551,-1.3364255717127689,2,False,C
theis_noise_05,theis_noise,calibration,Theis plus measurement noise,5e-05,0.001,0.0,0.0,0.0,,Theis schedule-aware,8.063469719420824e-05,0.0010166934304057346,,,,0.47790603773230067,0.01655562659396134,0.8946781198386574,0.20951336681422836,0.04352424905315804,-5.078827593528551,-1.3364255717127689,2,False,C
theis_noise_05,theis_noise,calibration,Theis plus measurement noise,5e-05,0.001,0.0,0.0,0.0,,Hantush-Jacob leaky,8.02539929992752e-05,0.0010153274613800424,,,99999.99999999984,0.47317351234445476,0.01521118251175069,0.8948280469493464,0.21005096892242933,0.043700851438948175,-3.0505194166095,2.5630836161141737,3,True,C
theis_noise_05,theis_noise,calibration,Theis plus measurement noise,5e-05,0.001,0.0,0.0,0.0,,Cooper-Jacob late-time,6.235284195499595e-05,0.0007143529026702411,,,,0.22078624633268365,-0.3363781773065914,0.9675581187500737,-0.09196580416076534,0.024511096101440127,0.2642234851809331,4.006625506996715,2,False,C
theis_noise_05,theis_noise,calibration,Theis plus measurement noise,5e-05,0.001,0.0,0.0,0.0,,Lagging Darcy no-leakage,3.17281388931864e-05,0.0012113851907854449,0.001161997089473101,412.97867976728406,,-0.4548190560384269,0.19176449061417633,0.7312731467329529,0.007490087622316455,0.023553481978583812,-23.050370941960832,-15.565566898329267,4,False,C
theis_noise_05,theis_noise,calibration,Theis plus measurement noise,5e-05,0.001,0.0,0.0,0.0,,Lagging Darcy with leakage,9.586125640983951e-06,0.0006408514408792109,0.00010033729857001165,549.9788603796549,13.329862407537277,-1.6517061980601424,-0.44495761042120446,0.7255415810890695,0.007992148422608225,0.015930587700915478,-21.804957670848573,-12.448952616309118,5,False,D
theis_noise_06,theis_noise,holdout,Theis plus measurement noise,5e-05,0.001,0.0,0.0,0.0,,Theis fixed-rate,4.439941875234548e-05,0.0010218932738790048,,,,-0.11879662723904706,0.021657057638638195,0.840140157710351,0.22507982560182968,0.013389176611179806,-10.336979060534052,-6.59457703871827,2,False,C
theis_noise_06,theis_noise,holdout,Theis plus measurement noise,5e-05,0.001,0.0,0.0,0.0,,Theis schedule-aware,4.439941875234548e-05,0.0010218932738790048,,,,-0.11879662723904706,0.021657057638638195,0.840140157710351,0.22507982560182968,0.013389176611179806,-10.336979060534052,-6.59457703871827,2,False,C
theis_noise_06,theis_noise,holdout,Theis plus measurement noise,5e-05,0.001,0.0,0.0,0.0,,Hantush-Jacob leaky,3.797228638980781e-05,0.0009198816718510775,,,44.90905228063214,-0.27516641730578617,-0.08351023476417448,0.8383924569839971,0.22853795700892174,0.00897427507352877,-8.421418989619976,-2.8078159568963024,3,False,C
theis_noise_06,theis_noise,holdout,Theis plus measurement noise,5e-05,0.001,0.0,0.0,0.0,,Cooper-Jacob late-time,6.344535475876994e-05,0.000705354626245766,,,,0.23815597500049546,-0.34905458668854183,1.0718778021903967,-0.27544619768503575,0.0218176724234302,12.785692704988556,16.528094726804337,2,False,C
theis_noise_06,theis_noise,holdout,Theis plus measurement noise,5e-05,0.001,0.0,0.0,0.0,,Lagging Darcy no-leakage,3.2392528321250305e-05,0.0011209092093916713,0.00010069022056731436,208.54482059550097,,-0.43409521659264805,0.11414015008009772,0.8256067872435737,0.054180697517629835,0.030944938751418957,-11.197027259580185,-3.7122232159486206,4,False,C
theis_noise_06,theis_noise,holdout,Theis plus measurement noise,5e-05,0.001,0.0,0.0,0.0,,Lagging Darcy with leakage,8.719703604123976e-06,0.0004953559772503241,0.00010000616372596122,278.55277294433216,11.953165927579137,-1.746437758437698,-0.7024786289147451,0.8144830464331804,0.05673102809605976,0.019671476070126682,-10.472683443340095,-1.11667838880064,5,True,D
theis_noise_07,theis_noise,holdout,Theis plus measurement noise,5e-05,0.001,0.0,0.0,0.0,,Theis fixed-rate,6.251427216412127e-05,0.0009633065703882671,,,,0.22337187987120097,-0.037383568533559716,0.7202245300549899,0.12348894504853086,0.01932532200238653,-27.097096012211196,-23.354693990395415,2,False,C
theis_noise_07,theis_noise,holdout,Theis plus measurement noise,5e-05,0.001,0.0,0.0,0.0,,Theis schedule-aware,6.251427216412127e-05,0.0009633065703882671,,,,0.22337187987120097,-0.037383568533559716,0.7202245300549899,0.12348894504853086,0.01932532200238653,-27.097096012211196,-23.354693990395415,2,False,C
theis_noise_07,theis_noise,holdout,Theis plus measurement noise,5e-05,0.001,0.0,0.0,0.0,,Hantush-Jacob leaky,6.239769368284552e-05,0.0009624790810126858,,,99999.98902095629,0.2215053090533814,-0.038242947069178745,0.7202836121472149,0.12359865676301779,0.01954675420110062,-25.086963990289092,-19.47336095756542,3,True,C
theis_noise_07,theis_noise,holdout,Theis plus measurement noise,5e-05,0.001,0.0,0.0,0.0,,Cooper-Jacob late-time,6.213064234689593e-05,0.0007211029907071088,,,,0.21721629734978082,-0.3269733076444919,0.7916646860501504,-0.17651869730046674,0.02283592270069282,-17.06052711393341,-13.31812509211763,2,False,C
theis_noise_07,theis_noise,holdout,Theis plus measurement noise,5e-05,0.001,0.0,0.0,0.0,,Lagging Darcy no-leakage,4.649871870079003e-05,0.0010414640178212345,0.00010000000029618131,117.14353710600831,,-0.07259824803619637,0.0406274327027172,0.6920946715235522,0.02252947855158124,0.008308905458823502,-28.289767597987847,-20.804963554356284,4,True,C
theis_noise_07,theis_noise,holdout,Theis plus measurement noise,5e-05,0.001,0.0,0.0,0.0,,Lagging Darcy with leakage,4.1707297618797986e-05,0.0009857881332382991,0.00010000142123762422,123.72715290110602,60.17782770580953,-0.18134688908573002,-0.01431382248031163,0.6918768134051049,0.021689251321353974,0.008359375958428443,-26.323759448342933,-16.967754393803478,5,True,C
theis_noise_08,theis_noise,holdout,Theis plus measurement noise,5e-05,0.001,0.0,0.0,0.0,,Theis fixed-rate,5.9730722644697356e-05,0.0011026948021786765,,,,0.17782349976451864,0.09775700404931888,0.9198334863904206,0.22038069950672337,0.024820838829231757,-2.298038048900141,1.4443639729156414,2,False,C
theis_noise_08,theis_noise,holdout,Theis plus measurement noise,5e-05,0.001,0.0,0.0,0.0,,Theis schedule-aware,5.9730722644697356e-05,0.0011026948021786765,,,,0.17782349976451864,0.09775700404931888,0.9198334863904206,0.22038069950672337,0.024820838829231757,-2.298038048900141,1.4443639729156414,2,False,C
theis_noise_08,theis_noise,holdout,Theis plus measurement noise,5e-05,0.001,0.0,0.0,0.0,,Hantush-Jacob leaky,5.9610170305213285e-05,0.0011020261227348191,,,99999.99999999984,0.17580319679026862,0.09715041529080115,0.9198128788534506,0.22064926307677277,0.02485690919669393,-0.2935874117350892,5.320015620988585,3,True,C
theis_noise_08,theis_noise,holdout,Theis plus measurement noise,5e-05,0.001,0.0,0.0,0.0,,Cooper-Jacob late-time,6.2329055515862e-05,0.000720002834314386,,,,0.22040469231554047,-0.32850013043202597,1.0160297541459897,-0.2346169371437875,0.023995652337237418,7.0613090103242255,10.803711032140008,2,False,C
theis_noise_08,theis_noise,holdout,Theis plus measurement noise,5e-05,0.001,0.0,0.0,0.0,,Lagging Darcy no-leakage,3.074945295422717e-05,0.0011852358150015194,0.00010003388334359953,305.2184541710987,,-0.48615080144029854,0.16994175479050294,0.7948056729684574,0.010255490420471145,0.028647175537028724,-15.049535279985399,-7.564731236353834,4,True,C
theis_noise_08,theis_noise,holdout,Theis plus measurement noise,5e-05,0.001,0.0,0.0,0.0,,Lagging Darcy with leakage,5.399896193228993e-06,0.0004164344731078709,0.00010008526708018581,445.2079796521039,9.805995813450522,-2.225643275518803,-0.8760261572246033,0.7847735269185305,0.012495751072456615,0.020996853464280072,-14.264706636929976,-4.9087015823905205,5,True,D
theis_noise_09,theis_noise,holdout,Theis plus measurement noise,5e-05,0.001,0.0,0.0,0.0,,Theis fixed-rate,3.7185353753534235e-05,0.0010723432193350132,,,,-0.2961080379785016,0.06984617869612474,0.8460296916721647,0.2827450232705008,0.02243810167867955,-7.876989456914375,-4.1345874350985925,2,False,C
theis_noise_09,theis_noise,holdout,Theis plus measurement noise,5e-05,0.001,0.0,0.0,0.0,,Theis schedule-aware,3.7185353753534235e-05,0.0010723432193350132,,,,-0.2961080379785016,0.06984617869612474,0.8460296916721647,0.2827450232705008,0.02243810167867955,-7.876989456914375,-4.1345874350985925,2,False,C
theis_noise_09,theis_noise,holdout,Theis plus measurement noise,5e-05,0.001,0.0,0.0,0.0,,Hantush-Jacob leaky,2.2886825968307778e-05,0.0007698767894505564,,,22.93432112936029,-0.7814615456347243,-0.26152479063854167,0.8378361843441103,0.294857292079608,0.012737688547846952,-6.2790746097223895,-0.6654715769987156,3,False,C
theis_noise_09,theis_noise,holdout,Theis plus measurement noise,5e-05,0.001,0.0,0.0,0.0,,Cooper-Jacob late-time,6.22226583420975e-05,0.0007126248567264973,,,,0.21869621000969006,-0.33880014468075725,1.1066940810407087,-0.3227208958742382,0.023604485159397875,16.719024506564438,20.46142652838022,2,False,C
theis_noise_09,theis_noise,holdout,Theis plus measurement noise,5e-05,0.001,0.0,0.0,0.0,,Lagging Darcy no-leakage,2.6875651549683166e-05,0.0011851186477934243,0.00013943846834467077,298.1306977320528,,-0.6208022755650521,0.1698428942951386,0.8026477880402406,0.03795638361413702,0.03900111019477301,-14.00563599784181,-6.520831954210246,4,False,C
theis_noise_09,theis_noise,holdout,Theis plus measurement noise,5e-05,0.001,0.0,0.0,0.0,,Lagging Darcy with leakage,4.8946906976657005e-06,0.0003920481307621302,0.00010001823967306173,394.0901887936683,9.469892354108929,-2.3238719188443886,-0.9363706641723811,0.7860985811779675,0.04844337902076495,0.017569648993386467,-13.929373136433,-4.573368081893545,5,True,D
theis_noise_10,theis_noise,holdout,Theis plus measurement noise,5e-05,0.001,0.0,0.0,0.0,,Theis fixed-rate,5.475127731691254e-05,0.0010080958147028404,,,,0.0907776929855943,0.008063219400497095,0.7407951374199879,0.10874033062251602,0.013046493741980194,-24.768751729134337,-21.026349707318555,2,False,B
theis_noise_10,theis_noise,holdout,Theis plus measurement noise,5e-05,0.001,0.0,0.0,0.0,,Theis schedule-aware,5.475127731691254e-05,0.0010080958147028404,,,,0.0907776929855943,0.008063219400497095,0.7407951374199879,0.10874033062251602,0.013046493741980194,-24.768751729134337,-21.026349707318555,2,False,B
theis_noise_10,theis_noise,holdout,Theis plus measurement noise,5e-05,0.001,0.0,0.0,0.0,,Hantush-Jacob leaky,5.468343247984705e-05,0.00100754025541063,,,99979.28398572865,0.08953777841217464,0.0075119697830524496,0.7408060955606789,0.10883616228909943,0.013163334385218838,-22.76553987941653,-17.151936846692855,3,True,C
theis_noise_10,theis_noise,holdout,Theis plus measurement noise,5e-05,0.001,0.0,0.0,0.0,,Cooper-Jacob late-time,6.201939068129031e-05,0.0007155898245299485,,,,0.21542408364398186,-0.3346481469428736,0.8215029884121465,-0.2854760317610005,0.021865139680425846,-10.30382848400371,-6.561426462187927,2,False,C
theis_noise_10,theis_noise,holdout,Theis plus measurement noise,5e-05,0.001,0.0,0.0,0.0,,Lagging Darcy no-leakage,3.889821614504747e-05,0.0010582744107600903,0.000657738532434602,131.29552528970444,,-0.25107461330902314,0.056639667254286444,0.6915024461088002,-0.00011957369493101333,0.019013660806524557,-28.4238668625989,-20.939062818967336,4,False,C
theis_noise_10,theis_noise,holdout,Theis plus measurement noise,5e-05,0.001,0.0,0.0,0.0,,Lagging Darcy with leakage,1.6979320973555356e-05,0.0006544421560951432,0.00012268981324473077,173.8241654496852,17.515915338151657,-1.0800268151233938,-0.42397207630765066,0.6857217976076658,-0.0008384346627972652,0.02203749732101511,-27.2296848847842,-17.873679830244743,5,False,D
theis_noise_11,theis_noise,holdout,Theis plus measurement noise,5e-05,0.001,0.0,0.0,0.0,,Theis fixed-rate,5.397074118415183e-05,0.0010989754461408542,,,,0.07641906437013625,0.0943783331708554,0.8930487885082846,0.2451394971567671,0.016322252021443485,-4.311044653839289,-0.568642632023507,2,False,C
theis_noise_11,theis_noise,holdout,Theis plus measurement noise,5e-05,0.001,0.0,0.0,0.0,,Theis schedule-aware,5.397074118415183e-05,0.0010989754461408542,,,,0.07641906437013625,0.0943783331708554,0.8930487885082846,0.2451394971567671,0.016322252021443485,-4.311044653839289,-0.568642632023507,2,False,C
theis_noise_11,theis_noise,holdout,Theis plus measurement noise,5e-05,0.001,0.0,0.0,0.0,,Hantush-Jacob leaky,5.3904405609669276e-05,0.0010984670853760958,,,99999.99999999967,0.07518920587509892,0.0939156491492839,0.8930317327768016,0.24526506486330812,0.01634772508326787,-2.3092325496305293,3.3043704830931446,3,True,C
theis_noise_11,theis_noise,holdout,Theis plus measurement noise,5e-05,0.001,0.0,0.0,0.0,,Cooper-Jacob late-time,6.066292932658879e-05,0.0007463979431790136,,,,0.19330978657612582,-0.2924963851079262,1.0051544395884995,-0.19374088339952925,0.024390628256733164,5.270507647783574,9.012909669599356,2,False,C
theis_noise_11,theis_noise,holdout,Theis plus measurement noise,5e-05,0.001,0.0,0.0,0.0,,Lagging Darcy no-leakage,3.2073284354820814e-05,0.0012078132502000303,0.00010829921686387907,301.0326143700523,,-0.4439995849050744,0.18881149335643438,0.7932023195209171,0.014042833664165496,0.02318474909258157,-15.236189302371923,-7.751385258740358,4,False,C
theis_noise_11,theis_noise,holdout,Theis plus measurement noise,5e-05,0.001,0.0,0.0,0.0,,Lagging Darcy with leakage,1.0665020432955965e-05,0.0006479877922489546,0.00015324556297105033,397.2133381511238,13.852814787427647,-1.5450537376176883,-0.4338834219293044,0.7876888915218955,0.013343467177406624,0.01339156357693306,-13.907097524140525,-4.55109246960107,5,False,D
leaky_truth_00,leaky_truth,calibration,Hantush-Jacob leaky truth,5e-05,0.001,0.0,0.0,0.0,35.0,Theis fixed-rate,7.870241825927667e-05,0.0012096225808323872,,,,0.45365087708700075,0.19030839428507942,0.771703348693791,0.20787382811349628,0.011312254121303506,-18.458077887781712,-14.715675865965931,2,False,C
leaky_truth_00,leaky_truth,calibration,Hantush-Jacob leaky truth,5e-05,0.001,0.0,0.0,0.0,35.0,Theis schedule-aware,7.870241825927667e-05,0.0012096225808323872,,,,0.45365087708700075,0.19030839428507942,0.771703348693791,0.20787382811349628,0.011312254121303506,-18.458077887781712,-14.715675865965931,2,False,C
leaky_truth_00,leaky_truth,calibration,Hantush-Jacob leaky truth,5e-05,0.001,0.0,0.0,0.0,35.0,Hantush-Jacob leaky,7.858016790315245e-05,0.0012086608864236206,,,99999.99999894487,0.45209634541600147,0.1895130413229603,0.7716583368869179,0.2079520454232342,0.01112345520994389,-16.460798375452203,-10.84719534272853,3,True,C
leaky_truth_00,leaky_truth,calibration,Hantush-Jacob leaky truth,5e-05,0.001,0.0,0.0,0.0,35.0,Cooper-Jacob late-time,0.00010027768818306625,0.0007896952182271563,,,,0.695920213977004,-0.2361082076733859,0.9322440491194517,-0.2625900290878235,0.016673990726016736,-0.0061428416953113185,3.736259180120471,2,False,C
leaky_truth_00,leaky_truth,calibration,Hantush-Jacob leaky truth,5e-05,0.001,0.0,0.0,0.0,35.0,Lagging Darcy no-leakage,5.094505616021159e-05,0.001397142349867013,0.0001869528020262669,249.0344214218541,,0.018724716366944158,0.3344289719104767,0.6953155503163992,0.017966475789625912,0.02588956032759316,-27.863237449760888,-20.378433406129325,4,False,C
leaky_truth_00,leaky_truth,calibration,Hantush-Jacob leaky truth,5e-05,0.001,0.0,0.0,0.0,35.0,Lagging Darcy with leakage,9.6196625102109e-06,0.0005568921072462262,0.0002759142539055147,384.9584596085032,10.813380125997469,-1.6482138234645813,-0.5853837611459052,0.6817668957021192,0.016512322846159767,0.008153177014655356,-27.756293780972136,-18.40028872643268,5,False,D
leaky_truth_01,leaky_truth,calibration,Hantush-Jacob leaky truth,5e-05,0.001,0.0,0.0,0.0,35.0,Theis fixed-rate,6.83683791303944e-05,0.0012205194502185163,,,,0.31288741889452676,0.19927654699470077,0.36337539266760505,0.03413599721398947,0.014058054980505868,-93.76249789673982,-90.02009587492404,2,False,C
leaky_truth_01,leaky_truth,calibration,Hantush-Jacob leaky truth,5e-05,0.001,0.0,0.0,0.0,35.0,Theis schedule-aware,6.83683791303944e-05,0.0012205194502185163,,,,0.31288741889452676,0.19927654699470077,0.36337539266760505,0.03413599721398947,0.014058054980505868,-93.76249789673982,-90.02009587492404,2,False,C
leaky_truth_01,leaky_truth,calibration,Hantush-Jacob leaky truth,5e-05,0.001,0.0,0.0,0.0,35.0,Hantush-Jacob leaky,5.9212170696377045e-05,0.0011126153654130706,,,50.569182709084366,0.16910410141934026,0.10671342892956683,0.36106378630044006,0.03749371970896929,0.007255351462985005,-92.28010676359621,-86.66650373087253,3,False,C
leaky_truth_01,leaky_truth,calibration,Hantush-Jacob leaky truth,5e-05,0.001,0.0,0.0,0.0,35.0,Cooper-Jacob late-time,0.00010296631147022039,0.0007536875158084164,,,,0.7223788561967593,-0.2827774321435633,0.7127575527234482,-0.5324621076610541,0.01750147250918247,-7.867387027566657,-4.124985005750875,2,False,C
leaky_truth_01,leaky_truth,calibration,Hantush-Jacob leaky truth,5e-05,0.001,0.0,0.0,0.0,35.0,Lagging Darcy no-leakage,6.291631028011493e-05,0.0012492396796913484,0.00010000000000021716,36.83618357384578,,0.22978242959482106,0.22253511000440987,0.3611229751150504,0.017547773453612,0.017685957506096767,-90.67447949530992,-83.18967545167835,4,True,C
leaky_truth_01,leaky_truth,calibration,Hantush-Jacob leaky truth,5e-05,0.001,0.0,0.0,0.0,35.0,Lagging Darcy with leakage,3.962935993032229e-05,0.0009737268544668819,0.00010648591266619946,59.85759963027417,27.26098471064362,-0.23245274949622116,-0.02662445156169892,0.3533721299676531,0.00975653392276791,0.005191168911978564,-90.8356333471634,-81.47962829262394,5,False,C
leaky_truth_02,leaky_truth,calibration,Hantush-Jacob leaky truth,5e-05,0.001,0.0,0.0,0.0,35.0,Theis fixed-rate,8.694219470630866e-05,0.0011669933507284184,,,,0.5532204637327718,0.15443065554047314,0.581185641563243,0.11956894920407886,0.011170646582911736,-47.07704784019417,-43.334645818378384,2,False,C
leaky_truth_02,leaky_truth,calibration,Hantush-Jacob leaky truth,5e-05,0.001,0.0,0.0,0.0,35.0,Theis schedule-aware,8.694219470630866e-05,0.0011669933507284184,,,,0.5532204637327718,0.15443065554047314,0.581185641563243,0.11956894920407886,0.011170646582911736,-47.07704784019417,-43.334645818378384,2,False,C
leaky_truth_02,leaky_truth,calibration,Hantush-Jacob leaky truth,5e-05,0.001,0.0,0.0,0.0,35.0,Hantush-Jacob leaky,8.67449949890598e-05,0.001165696115441544,,,99999.8517779459,0.5509497170838145,0.15331843255544642,0.5811809749711584,0.11967648986812633,0.011064380939951839,-45.07420755266413,-39.46060451994045,3,True,C
leaky_truth_02,leaky_truth,calibration,Hantush-Jacob leaky truth,5e-05,0.001,0.0,0.0,0.0,35.0,Cooper-Jacob late-time,0.00010039180274779865,0.0007892024600726002,,,,0.6970575525580112,-0.2367323876659552,0.7148843777654414,-0.292657069382243,0.01574215389002872,-21.647927042280394,-17.905525020464612,2,False,C
leaky_truth_02,leaky_truth,calibration,Hantush-Jacob leaky truth,5e-05,0.001,0.0,0.0,0.0,35.0,Lagging Darcy no-leakage,6.0345982654441594e-05,0.00130100059559379,0.00010003830544338785,145.29170443162286,,0.18807137245049685,0.2631336573271812,0.5266919484549459,0.011237314440222829,0.018157280064148726,-54.53764003709429,-47.05283599346273,4,True,C
leaky_truth_02,leaky_truth,calibration,Hantush-Jacob leaky truth,5e-05,0.001,0.0,0.0,0.0,35.0,Lagging Darcy with leakage,2.6152982645440802e-05,0.0008608696319105336,0.00010000000123659137,208.42855852457748,18.940059295265367,-0.6480597623223839,-0.14981220075683122,0.5189155752906961,0.007377290631795448,0.0055958362512403105,-53.978008086746755,-44.6220030322073,5,True,C
leaky_truth_03,leaky_truth,calibration,Hantush-Jacob leaky truth,5e-05,0.001,0.0,0.0,0.0,35.0,Theis fixed-rate,8.265159485465785e-05,0.0011921470200064069,,,,0.5026111151398005,0.17575589996908672,0.5703489796067784,0.1327466077803213,0.009632098380322144,-48.33055351720332,-44.588151495387535,2,False,C
leaky_truth_03,leaky_truth,calibration,Hantush-Jacob leaky truth,5e-05,0.001,0.0,0.0,0.0,35.0,Theis schedule-aware,8.265159485465785e-05,0.0011921470200064069,,,,0.5026111151398005,0.17575589996908672,0.5703489796067784,0.1327466077803213,0.009632098380322144,-48.33055351720332,-44.588151495387535,2,False,C
leaky_truth_03,leaky_truth,calibration,Hantush-Jacob leaky truth,5e-05,0.001,0.0,0.0,0.0,35.0,Hantush-Jacob leaky,8.249363734009166e-05,0.0011910354389198336,,,99993.09183551432,0.5006981617879419,0.17482304553067016,0.5703196033363244,0.13285048292504267,0.009501292974972106,-46.331299143303056,-40.71769611057938,3,True,C
leaky_truth_03,leaky_truth,calibration,Hantush-Jacob leaky truth,5e-05,0.001,0.0,0.0,0.0,35.0,Cooper-Jacob late-time,0.00010059948401678766,0.0007941758313860103,,,,0.6991241231665623,-0.23045039214313184,0.7274499820181236,-0.30624371520706123,0.01514790956347681,-19.57349354617598,-15.831091524360197,2,False,C
leaky_truth_03,leaky_truth,calibration,Hantush-Jacob leaky truth,5e-05,0.001,0.0,0.0,0.0,35.0,Lagging Darcy no-leakage,5.761067795041386e-05,0.0013161552636768755,0.00010050684937482678,149.06097736516855,,0.14168492617632367,0.2747148074612361,0.515201861288509,0.018810811966789916,0.020455512191819215,-56.61212137672115,-49.127317333089586,4,False,C
leaky_truth_03,leaky_truth,calibration,Hantush-Jacob leaky truth,5e-05,0.001,0.0,0.0,0.0,35.0,Lagging Darcy with leakage,1.8214749294470524e-05,0.0007125955914928005,0.00010000048235871645,227.52571504734513,14.71361671094975,-1.0097913387477346,-0.3388412123397814,0.5028770476617527,0.014618681592279576,0.009296872294990101,-56.960474461689984,-47.60446940715053,5,True,D
leaky_truth_04,leaky_truth,calibration,Hantush-Jacob leaky truth,5e-05,0.001,0.0,0.0,0.0,35.0,Theis fixed-rate,7.803502232805738e-05,0.0012075021282656367,,,,0.4451347246950847,0.18855386908186694,0.40618762950383097,0.0415676699012344,0.00986694780418024,-82.99015347492978,-79.247751453114,2,False,C
leaky_truth_04,leaky_truth,calibration,Hantush-Jacob leaky truth,5e-05,0.001,0.0,0.0,0.0,35.0,Theis schedule-aware,7.803502232805738e-05,0.0012075021282656367,,,,0.4451347246950847,0.18855386908186694,0.40618762950383097,0.0415676699012344,0.00986694780418024,-82.99015347492978,-79.247751453114,2,False,C
leaky_truth_04,leaky_truth,calibration,Hantush-Jacob leaky truth,5e-05,0.001,0.0,0.0,0.0,35.0,Hantush-Jacob leaky,7.792380926086869e-05,0.001206566768647549,,,99999.99884395268,0.44370853952934197,0.18777894532878667,0.4061307089268384,0.04162680126558075,0.009644701328809391,-81.0020182988697,-75.38841526614603,3,True,C
leaky_truth_04,leaky_truth,calibration,Hantush-Jacob leaky truth,5e-05,0.001,0.0,0.0,0.0,35.0,Cooper-Jacob late-time,0.00010141704530304625,0.0007846930249093186,,,,0.7072181712373408,-0.24246268875106955,0.611189744847157,-0.43713537800778224,0.015987780532505786,-24.10136983643803,-20.35896781462225,2,False,C
leaky_truth_04,leaky_truth,calibration,Hantush-Jacob leaky truth,5e-05,0.001,0.0,0.0,0.0,35.0,Lagging Darcy no-leakage,6.3373654157677e-05,0.0012652583617877688,4.342090601636135,73.48856746196479,,0.2370252200869335,0.23527633989303295,0.38575208911122905,-0.0009999385868641093,0.016694055277827094,-84.45602996527955,-76.97122592164799,4,False,C
leaky_truth_04,leaky_truth,calibration,Hantush-Jacob leaky truth,5e-05,0.001,0.0,0.0,0.0,35.0,Lagging Darcy with leakage,2.9891978788670603e-05,0.0008800174046817612,37.94907785165268,173.80991140246743,20.759260564596623,-0.5144328289592233,-0.12781359365801204,0.3765056261462836,0.00038175748443507185,0.006577170336473819,-84.78545294585767,-75.42944789131822,5,False,C
leaky_truth_05,leaky_truth,calibration,Hantush-Jacob leaky truth,5e-05,0.001,0.0,0.0,0.0,35.0,Theis fixed-rate,9.064147082559103e-05,0.0011998323737835257,,,,0.5948888382737045,0.18218185852287694,0.7133837440765437,0.17170409855769472,0.014897087679482076,-26.67415903240029,-22.93175701058451,2,False,C
leaky_truth_05,leaky_truth,calibration,Hantush-Jacob leaky truth,5e-05,0.001,0.0,0.0,0.0,35.0,Theis schedule-aware,9.064147082559103e-05,0.0011998323737835257,,,,0.5948888382737045,0.18218185852287694,0.7133837440765437,0.17170409855769472,0.014897087679482076,-26.67415903240029,-22.93175701058451,2,False,C
leaky_truth_05,leaky_truth,calibration,Hantush-Jacob leaky truth,5e-05,0.001,0.0,0.0,0.0,35.0,Hantush-Jacob leaky,9.038976748684912e-05,0.0011984575802133396,,,99999.83928001019,0.5921080640461858,0.1810353802011192,0.7133966783316106,0.17190581498103982,0.01488514875739521,-24.666212838010296,-19.05260980528662,3,True,C
leaky_truth_05,leaky_truth,calibration,Hantush-Jacob leaky truth,5e-05,0.001,0.0,0.0,0.0,35.0,Cooper-Jacob late-time,0.00010082030962316946,0.000776595654095886,,,,0.7013168142707151,-0.2528354577652733,0.8424009223916756,-0.275101750667824,0.016637315929155447,-8.51209891256753,-4.7696968907517485,2,False,C
leaky_truth_05,leaky_truth,calibration,Hantush-Jacob leaky truth,5e-05,0.001,0.0,0.0,0.0,35.0,Lagging Darcy no-leakage,5.166611838742634e-05,0.0013948158634598323,0.00023584616771634258,249.35474028770795,,0.03277921091042014,0.3327624090410561,0.6161164619041474,0.013045518430322783,0.024015242145659886,-39.48324109138889,-31.998437047757328,4,False,C
leaky_truth_05,leaky_truth,calibration,Hantush-Jacob leaky truth,5e-05,0.001,0.0,0.0,0.0,35.0,Lagging Darcy with leakage,9.483101796456612e-06,0.0005560941243492658,0.00015334714735181193,396.0540500171972,10.780000960890714,-1.6625115489583555,-0.5868177106612583,0.6022919725306255,0.01158522383888492,0.009341720636469045,-39.66567240449524,-30.309667349955784,5,False,D
leaky_truth_06,leaky_truth,holdout,Hantush-Jacob leaky truth,5e-05,0.001,0.0,0.0,0.0,35.0,Theis fixed-rate,6.019622964648839e-05,0.0012198899029913478,,,,0.18558671446825678,0.19876061122326508,0.6677982784743484,0.167275150623004,0.022307502378952772,-32.79113803486137,-29.048736013045588,2,False,C
leaky_truth_06,leaky_truth,holdout,Hantush-Jacob leaky truth,5e-05,0.001,0.0,0.0,0.0,35.0,Theis schedule-aware,6.019622964648839e-05,0.0012198899029913478,,,,0.18558671446825678,0.19876061122326508,0.6677982784743484,0.167275150623004,0.022307502378952772,-32.79113803486137,-29.048736013045588,2,False,C
leaky_truth_06,leaky_truth,holdout,Hantush-Jacob leaky truth,5e-05,0.001,0.0,0.0,0.0,35.0,Hantush-Jacob leaky,3.809042331762142e-05,0.0008958982531778077,,,25.294572010536513,-0.2720601113837049,-0.10992842917645597,0.6578694832906697,0.17577712776213483,0.005608074750909271,-31.832449401890983,-26.21884636916731,3,False,C
leaky_truth_06,leaky_truth,holdout,Hantush-Jacob leaky truth,5e-05,0.001,0.0,0.0,0.0,35.0,Cooper-Jacob late-time,0.00010253321873955627,0.0007619552400442124,,,,0.7181638259099947,-0.27186746512021687,0.9712578494089005,-0.4254981180413993,0.016532810274349465,8.781172187988524,12.523574209804305,2,False,C
leaky_truth_06,leaky_truth,holdout,Hantush-Jacob leaky truth,5e-05,0.001,0.0,0.0,0.0,35.0,Lagging Darcy no-leakage,5.009138977723295e-05,0.0013037450842092826,0.00011522206452517866,116.95050650332938,,0.0018261271590514674,0.26524095682470716,0.6652820173606222,0.06517581911634407,0.031112445113976598,-31.666616425342006,-24.181812381710444,4,False,C
leaky_truth_06,leaky_truth,holdout,Hantush-Jacob leaky truth,5e-05,0.001,0.0,0.0,0.0,35.0,Lagging Darcy with leakage,7.990368657009345e-06,0.0004023275169978094,0.00010000000000000524,189.1777479167158,9.651206872117083,-1.8337861069134513,-0.9104888031663846,0.6406040334926201,0.06431084280106965,0.013409191836697986,-33.27203531524416,-23.916030260704705,5,True,D
leaky_truth_07,leaky_truth,holdout,Hantush-Jacob leaky truth,5e-05,0.001,0.0,0.0,0.0,35.0,Theis fixed-rate,7.55737728658333e-05,0.0011600271585192937,,,,0.4130862978026488,0.14844341736083702,0.5870981317930678,0.09869159184090721,0.010035729740581742,-46.77101689326141,-43.028614871445626,2,False,C
leaky_truth_07,leaky_truth,holdout,Hantush-Jacob leaky truth,5e-05,0.001,0.0,0.0,0.0,35.0,Theis schedule-aware,7.55737728658333e-05,0.0011600271585192937,,,,0.4130862978026488,0.14844341736083702,0.5870981317930678,0.09869159184090721,0.010035729740581742,-46.77101689326141,-43.028614871445626,2,False,C
leaky_truth_07,leaky_truth,holdout,Hantush-Jacob leaky truth,5e-05,0.001,0.0,0.0,0.0,35.0,Hantush-Jacob leaky,7.029880177076076e-05,0.0011096260190135516,,,77.00195640448354,0.3407317487305645,0.10402303874640154,0.5863903107949759,0.10074633393338682,0.006993143277945945,-44.82682877536241,-39.213225742638734,3,False,C
leaky_truth_07,leaky_truth,holdout,Hantush-Jacob leaky truth,5e-05,0.001,0.0,0.0,0.0,35.0,Cooper-Jacob late-time,0.00010047171211975728,0.0007847913033059958,,,,0.697853211005261,-0.2423374522067615,0.7681590957882252,-0.34670032111651544,0.015475441006974747,-13.25935820432193,-9.51695618250615,2,False,C
leaky_truth_07,leaky_truth,holdout,Hantush-Jacob leaky truth,5e-05,0.001,0.0,0.0,0.0,35.0,Lagging Darcy no-leakage,6.331449595882766e-05,0.0012272408783871001,0.00010838785658819103,75.55141682986583,,0.2360913015934551,0.20476846136543725,0.5763031583305022,0.03305733820891442,0.01730018490589323,-45.75719823028197,-38.27239418665041,4,False,C
leaky_truth_07,leaky_truth,holdout,Hantush-Jacob leaky truth,5e-05,0.001,0.0,0.0,0.0,35.0,Lagging Darcy with leakage,3.630785972135361e-05,0.0009057101736790072,0.00010000107997306527,100.83551758175982,24.218624823570273,-0.31998876634527307,-0.09903592071852758,0.5695655994754709,0.02885636179069878,0.0063632919436533335,-44.92150564861345,-35.565500594073995,5,True,C
leaky_truth_08,leaky_truth,holdout,Hantush-Jacob leaky truth,5e-05,0.001,0.0,0.0,0.0,35.0,Theis fixed-rate,7.880092183664992e-05,0.001280476939774148,,,,0.4549016898019049,0.24723261772851074,0.7539419827072843,0.15676503481071874,0.012750979597445764,-22.05087403014406,-18.308472008328277,2,False,C
leaky_truth_08,leaky_truth,holdout,Hantush-Jacob leaky truth,5e-05,0.001,0.0,0.0,0.0,35.0,Theis schedule-aware,7.880092183664992e-05,0.001280476939774148,,,,0.4549016898019049,0.24723261772851074,0.7539419827072843,0.15676503481071874,0.012750979597445764,-22.05087403014406,-18.308472008328277,2,False,C
leaky_truth_08,leaky_truth,holdout,Hantush-Jacob leaky truth,5e-05,0.001,0.0,0.0,0.0,35.0,Hantush-Jacob leaky,7.866631782142327e-05,0.0012795750029090892,,,99999.99999999984,0.4531920764460889,0.24652799382042642,0.753905940109727,0.15691335622680502,0.012638506783721574,-20.051426524839652,-14.437823492115978,3,True,C
leaky_truth_08,leaky_truth,holdout,Hantush-Jacob leaky truth,5e-05,0.001,0.0,0.0,0.0,35.0,Cooper-Jacob late-time,0.00010078299584934701,0.0007826689394716315,,,,0.7009466440082674,-0.24504548278190427,0.8790697042643469,-0.37934975730942105,0.016740673777024158,-1.0268854428465755,2.715516578969207,2,False,C
leaky_truth_08,leaky_truth,holdout,Hantush-Jacob leaky truth,5e-05,0.001,0.0,0.0,0.0,35.0,Lagging Darcy no-leakage,4.858902462789949e-05,0.0013957527378114015,0.00010000000046322422,205.36853521389503,,-0.0286253307269473,0.3334338667406389,0.6695975999004785,0.010181757905275396,0.02838930569169689,-31.502751521724456,-24.017947478092893,4,True,C
leaky_truth_08,leaky_truth,holdout,Hantush-Jacob leaky truth,5e-05,0.001,0.0,0.0,0.0,35.0,Lagging Darcy with leakage,4.151452183368063e-06,0.0003098297914418903,0.0001070910635184485,367.5456231678124,7.7339310664605385,-2.488564808691412,-1.17173219215638,0.6485838849062812,0.012420073785469212,0.01219416349706513,-32.557128104979874,-23.20112305044042,5,False,D
leaky_truth_09,leaky_truth,holdout,Hantush-Jacob leaky truth,5e-05,0.001,0.0,0.0,0.0,35.0,Theis fixed-rate,5.9300716154186685e-05,0.0012769224489702958,,,,0.17059837730171065,0.24445284613058954,0.6457578082998203,0.19099195722077034,0.02094487058919966,-34.88696618770455,-31.14456416588877,2,False,C
leaky_truth_09,leaky_truth,holdout,Hantush-Jacob leaky truth,5e-05,0.001,0.0,0.0,0.0,35.0,Theis schedule-aware,5.9300716154186685e-05,0.0012769224489702958,,,,0.17059837730171065,0.24445284613058954,0.6457578082998203,0.19099195722077034,0.02094487058919966,-34.88696618770455,-31.14456416588877,2,False,C
leaky_truth_09,leaky_truth,holdout,Hantush-Jacob leaky truth,5e-05,0.001,0.0,0.0,0.0,35.0,Hantush-Jacob leaky,3.576488742031549e-05,0.0009281101855455754,,,24.609544186369643,-0.3350563916340985,-0.07460481882019881,0.6343417778458537,0.20862346223852338,0.005170899605331706,-33.67726640493936,-28.063663372215686,3,False,C
leaky_truth_09,leaky_truth,holdout,Hantush-Jacob leaky truth,5e-05,0.001,0.0,0.0,0.0,35.0,Cooper-Jacob late-time,0.00010061608026275114,0.0007753962686026572,,,,0.6992890830299857,-0.25438106597940807,0.9237925842850209,-0.4333865576135733,0.017677065987090332,5.112025022760756,8.85442704457654,2,False,C
leaky_truth_09,leaky_truth,holdout,Hantush-Jacob leaky truth,5e-05,0.001,0.0,0.0,0.0,35.0,Lagging Darcy no-leakage,4.5338350321520747e-05,0.0013826939437769244,0.00010000000009936381,181.06526343157927,,-0.09786974562647473,0.32403372940495795,0.6073840295270929,0.034767811524373825,0.03368124380901392,-40.7152329100595,-33.230428866427935,4,True,C
leaky_truth_09,leaky_truth,holdout,Hantush-Jacob leaky truth,5e-05,0.001,0.0,0.0,0.0,35.0,Lagging Darcy with leakage,4.495828766556835e-06,0.00031053821853697873,0.00010000000342210702,290.9124426509706,7.9194605770104,-2.408872979292277,-1.1694482981075802,0.5757583490092335,0.04220725583633427,0.011680508233968458,-43.74630092643188,-34.39029587189242,5,True,D
leaky_truth_10,leaky_truth,holdout,Hantush-Jacob leaky truth,5e-05,0.001,0.0,0.0,0.0,35.0,Theis fixed-rate,7.002945298385357e-05,0.0011926058842576543,,,,0.3368929050400391,0.1761407316689161,0.5449590803022223,0.07233558987166551,0.012495300470562454,-54.4308248814854,-50.688422859669615,2,False,C
leaky_truth_10,leaky_truth,holdout,Hantush-Jacob leaky truth,5e-05,0.001,0.0,0.0,0.0,35.0,Theis schedule-aware,7.002945298385357e-05,0.0011926058842576543,,,,0.3368929050400391,0.1761407316689161,0.5449590803022223,0.07233558987166551,0.012495300470562454,-54.4308248814854,-50.688422859669615,2,False,C
leaky_truth_10,leaky_truth,holdout,Hantush-Jacob leaky truth,5e-05,0.001,0.0,0.0,0.0,35.0,Hantush-Jacob leaky,5.967133309069018e-05,0.0010844107720290568,,,50.40676536359063,0.17682871691025334,0.0810367722236667,0.5429126681916945,0.07867195006072908,0.006248660237748029,-52.629545318263034,-47.01594228553936,3,False,C
leaky_truth_10,leaky_truth,holdout,Hantush-Jacob leaky truth,5e-05,0.001,0.0,0.0,0.0,35.0,Cooper-Jacob late-time,0.00010029714726274627,0.0007795048430748338,,,,0.696114247088863,-0.24909637745058072,0.7247841260226839,-0.42749861897088853,0.014607525578217342,-13.318077089749373,-9.575675067933592,2,False,C
leaky_truth_10,leaky_truth,holdout,Hantush-Jacob leaky truth,5e-05,0.001,0.0,0.0,0.0,35.0,Lagging Darcy no-leakage,5.686270769296275e-05,0.0012513770465712617,0.000352221636390338,84.96533365746234,,0.1286167200084634,0.22424458221417892,0.5207066382134127,0.0027885145456351588,0.023079162102321516,-55.65573094021883,-48.17092689658727,4,False,C
leaky_truth_10,leaky_truth,holdout,Hantush-Jacob leaky truth,5e-05,0.001,0.0,0.0,0.0,35.0,Lagging Darcy with leakage,1.4543854097237987e-05,0.0005546373621561842,0.00010000000237371077,142.47562924668716,12.698859557489586,-1.2348544998614122,-0.5894407803158968,0.5021378257909666,0.00022450510396136714,0.014343154254669671,-57.14309562834781,-47.78709057380836,5,True,D
leaky_truth_11,leaky_truth,holdout,Hantush-Jacob leaky truth,5e-05,0.001,0.0,0.0,0.0,35.0,Theis fixed-rate,6.994901145194152e-05,0.0012909492548655364,,,,0.33574356337392686,0.25537780424885453,0.7404026816065249,0.1834362860636745,0.01226122829254497,-22.94599510784586,-19.20359308603008,2,False,C
leaky_truth_11,leaky_truth,holdout,Hantush-Jacob leaky truth,5e-05,0.001,0.0,0.0,0.0,35.0,Theis schedule-aware,6.994901145194152e-05,0.0012909492548655364,,,,0.33574356337392686,0.25537780424885453,0.7404026816065249,0.1834362860636745,0.01226122829254497,-22.94599510784586,-19.20359308603008,2,False,C
leaky_truth_11,leaky_truth,holdout,Hantush-Jacob leaky truth,5e-05,0.001,0.0,0.0,0.0,35.0,Hantush-Jacob leaky,6.866608299076274e-05,0.0012783299552554923,,,164.1279270264605,0.31723237452267566,0.2455545035834662,0.7400867453474134,0.1845310039544883,0.011513246763532246,-20.950638219977275,-15.337035187253601,3,False,C
leaky_truth_11,leaky_truth,holdout,Hantush-Jacob leaky truth,5e-05,0.001,0.0,0.0,0.0,35.0,Cooper-Jacob late-time,9.816722910531721e-05,0.0008189180840339821,,,,0.6746494384049542,-0.19977121962587813,0.893363346669114,-0.3444433260587398,0.016645194581095164,-1.0513194751263226,2.6910825466894597,2,False,C
leaky_truth_11,leaky_truth,holdout,Hantush-Jacob leaky truth,5e-05,0.001,0.0,0.0,0.0,35.0,Lagging Darcy no-leakage,4.918761218213487e-05,0.0014093032833900668,0.0004745516946091544,196.86714853997,,-0.01638119854898529,0.3430954570146911,0.6766760901076326,0.018786491423042506,0.026814305698511724,-30.466800616933348,-22.981996573301785,4,False,C
leaky_truth_11,leaky_truth,holdout,Hantush-Jacob leaky truth,5e-05,0.001,0.0,0.0,0.0,35.0,Lagging Darcy with leakage,8.024375130636596e-06,0.000477762057880106,0.00011023453182707165,308.71451991389256,9.880730883786727,-1.8295392047849637,-0.738642457289395,0.6599516513771175,0.019158577173251423,0.009791311285755286,-30.865783800775432,-21.509778746235977,5,False,D
step_rate_00,step_rate,calibration,Step-rate pumping schedule,5e-05,0.001,0.0,0.0,0.0,,Theis fixed-rate,7.427696349329401e-05,0.0011516883667373583,,,,0.39577785102441676,0.141229010692989,0.7734352017952929,0.20731091193772755,0.014617453738744844,-18.27553245579692,-14.533130433981139,2,False,C
step_rate_00,step_rate,calibration,Step-rate pumping schedule,5e-05,0.001,0.0,0.0,0.0,,Theis schedule-aware,5.8112141647648026e-05,0.0010133952575724495,,,,0.15035161504165442,0.013306334329410611,0.7724518209669239,0.2198420023517349,0.012492591707719117,-17.981421972531166,-14.239019950715385,2,False,C
step_rate_00,step_rate,calibration,Step-rate pumping schedule,5e-05,0.001,0.0,0.0,0.0,,Hantush-Jacob leaky,5.80266355086917e-05,0.0010126893281840405,,,99999.9999997364,0.148879132611591,0.012609493317009201,0.7724690088750062,0.21993241940013195,0.012594429368715772,-15.976432099747019,-10.362829067023345,3,True,C
step_rate_00,step_rate,calibration,Step-rate pumping schedule,5e-05,0.001,0.0,0.0,0.0,,Cooper-Jacob late-time,9.863386571818913e-05,0.0007339293427472827,,,,0.6793916629113174,-0.30934251828830983,0.9487267298957838,-0.29904928175122664,0.019789082288208557,2.5756091225823283,6.318011144398111,2,False,C
step_rate_00,step_rate,calibration,Step-rate pumping schedule,5e-05,0.001,0.0,0.0,0.0,,Lagging Darcy no-leakage,3.570281009716037e-05,0.0011608767478496766,0.00045935720643286334,269.7625000858282,,-0.3367936055341804,0.1491755367441513,0.6893639299783807,0.018780806012356932,0.015328842151483184,-28.684843889495617,-21.200039845864055,4,False,C
step_rate_00,step_rate,calibration,Step-rate pumping schedule,5e-05,0.001,0.0,0.0,0.0,,Lagging Darcy with leakage,1.3921671110456267e-05,0.0006999202236390664,0.00010000000028553133,353.76147609203275,16.112496457798446,-1.2785763066888969,-0.35678891666328183,0.6840773822226994,0.01684257054333756,0.011954204911335654,-27.430543440128417,-18.074538385588962,5,True,D
step_rate_01,step_rate,calibration,Step-rate pumping schedule,5e-05,0.001,0.0,0.0,0.0,,Theis fixed-rate,6.489513008448346e-05,0.0011607438889354369,,,,0.2607495782474122,0.14906108314886557,0.3658324895552528,0.033048947105746344,0.017835139666373942,-93.14780628566301,-89.40540426384723,2,False,C
step_rate_01,step_rate,calibration,Step-rate pumping schedule,5e-05,0.001,0.0,0.0,0.0,,Theis schedule-aware,5.179287644678084e-05,0.0010178314563444378,,,,0.03522961404808705,0.01767434090883958,0.3577686412421395,0.04022772509638065,0.0063436976850248915,-95.0701605437302,-91.32775852191442,2,False,B
step_rate_01,step_rate,calibration,Step-rate pumping schedule,5e-05,0.001,0.0,0.0,0.0,,Hantush-Jacob leaky,5.174761639394898e-05,0.0010173354205643584,,,99999.99999409808,0.034355365636227535,0.017186876420762588,0.3577852861291035,0.04026141917879917,0.006387399390047167,-93.06472594832846,-87.45112291560478,3,True,C
step_rate_01,step_rate,calibration,Step-rate pumping schedule,5e-05,0.001,0.0,0.0,0.0,,Cooper-Jacob late-time,0.00010123392111249071,0.0006999715397664261,,,,0.7054108841205873,-0.35671560224180426,0.7490870865002754,-0.5685363573043788,0.020659215254179557,-2.5372296885579804,1.205172333257802,2,False,C
step_rate_01,step_rate,calibration,Step-rate pumping schedule,5e-05,0.001,0.0,0.0,0.0,,Lagging Darcy no-leakage,4.577829884330213e-05,0.001045653992008297,0.00017043345910213703,50.48084712101332,,-0.08821285098030086,0.04464251934006241,0.3497069613558307,0.012045716006610335,0.006377713657608485,-93.81577051947802,-86.33096647584645,4,False,B
step_rate_01,step_rate,calibration,Step-rate pumping schedule,5e-05,0.001,0.0,0.0,0.0,,Lagging Darcy with leakage,4.146729226728173e-05,0.000991657319148812,0.00012052727732140248,55.657904849632445,63.08468930866378,-0.18711802707342895,-0.0083776757833672,0.3493307567852504,0.010319360283205228,0.005396451882355351,-91.93446860922339,-82.57846355468394,5,False,C
step_rate_02,step_rate,calibration,Step-rate pumping schedule,5e-05,0.001,0.0,0.0,0.0,,Theis fixed-rate,8.213428980841954e-05,0.0011121263247420732,,,,0.49633258289002025,0.1062737907629982,0.5804357024465244,0.11901267857552057,0.01425062305083174,-47.214372186765615,-43.47197016494983,2,False,C
step_rate_02,step_rate,calibration,Step-rate pumping schedule,5e-05,0.001,0.0,0.0,0.0,,Theis schedule-aware,6.539292980053142e-05,0.000984172335523035,,,,0.2683911401655078,-0.015954259538043178,0.5875629449039844,0.12854148563672144,0.01795052807144832,-45.77001676905653,-42.02761474724075,2,False,C
step_rate_02,step_rate,calibration,Step-rate pumping schedule,5e-05,0.001,0.0,0.0,0.0,,Hantush-Jacob leaky,6.524717089203268e-05,0.0009831817995156966,,,99999.99999966624,0.26615968185816186,-0.016961232378770588,0.5876793005425864,0.12867621756164896,0.018118045620960557,-43.747203748869055,-38.13360071614538,3,True,C
step_rate_02,step_rate,calibration,Step-rate pumping schedule,5e-05,0.001,0.0,0.0,0.0,,Cooper-Jacob late-time,9.874426759578867e-05,0.0007334323492448945,,,,0.6805103470052386,-0.310019915720865,0.732687362702771,-0.3287007102124621,0.019215710218219908,-17.897307090664928,-14.154905068849146,2,False,C
step_rate_02,step_rate,calibration,Step-rate pumping schedule,5e-05,0.001,0.0,0.0,0.0,,Lagging Darcy no-leakage,4.233398801740826e-05,0.001093709829507281,0.00010000151178800573,167.48321420976762,,-0.1664327427790982,0.08957543070759418,0.5180615775462398,0.010141137571338383,0.007733214168928042,-56.12725515690181,-48.64245111327025,4,True,C
step_rate_02,step_rate,calibration,Step-rate pumping schedule,5e-05,0.001,0.0,0.0,0.0,,Lagging Darcy with leakage,3.077167034920219e-05,0.0009362280757991984,0.00010000072189676158,193.29901214109776,33.63673301725684,-0.48542853257562624,-0.06589616146179512,0.5165957582782493,0.00838083501291371,0.006558868879689265,-54.40514584358638,-45.04914078904693,5,True,C
step_rate_03,step_rate,calibration,Step-rate pumping schedule,5e-05,0.001,0.0,0.0,0.0,,Theis fixed-rate,7.82991848131596e-05,0.0011356781262803679,,,,0.4485141864436571,0.12722994060879803,0.5694710873754596,0.13178053014126043,0.015035205742644006,-48.50728164536567,-44.76487962354989,2,False,C
step_rate_03,step_rate,calibration,Step-rate pumping schedule,5e-05,0.001,0.0,0.0,0.0,,Theis schedule-aware,6.148739664064916e-05,0.001002478377338827,,,,0.20680921571038535,0.0024753112266539612,0.5715654368826061,0.14442513198288373,0.01476018688894924,-47.67855074462304,-43.93614872280725,2,False,C
step_rate_03,step_rate,calibration,Step-rate pumping schedule,5e-05,0.001,0.0,0.0,0.0,,Hantush-Jacob leaky,6.137172327048755e-05,0.0010016476615168713,,,99999.99999999984,0.20492619059308553,0.0016463056118115505,0.5716292326147467,0.14455910160698401,0.014913006162341874,-45.663039709022,-40.04943667629833,3,True,C
step_rate_03,step_rate,calibration,Step-rate pumping schedule,5e-05,0.001,0.0,0.0,0.0,,Cooper-Jacob late-time,9.89451814406442e-05,0.0007378928618984832,,,,0.6825429685235707,-0.3039566384996596,0.746547124479834,-0.34241786887782405,0.019898755585199435,-15.729116532880305,-11.986714511064523,2,False,C
step_rate_03,step_rate,calibration,Step-rate pumping schedule,5e-05,0.001,0.0,0.0,0.0,,Lagging Darcy no-leakage,4.0935033850507114e-05,0.0011011980513734854,0.00010843632594841541,166.98172721070426,,-0.20003673566696026,0.09639872473651613,0.5030875857258772,0.018420000315607112,0.01001771105705718,-58.89602749100277,-51.411223447371206,4,False,C
step_rate_03,step_rate,calibration,Step-rate pumping schedule,5e-05,0.001,0.0,0.0,0.0,,Lagging Darcy with leakage,2.486274091630847e-05,0.0008500105383399741,0.00010000000010166224,203.5866292915057,25.187452871072512,-0.6986526713479553,-0.16250653152760172,0.49973965584288954,0.016014792994739072,0.010646987765672066,-57.55237538878899,-48.196370334249536,5,True,C
step_rate_04,step_rate,calibration,Step-rate pumping schedule,5e-05,0.001,0.0,0.0,0.0,,Theis fixed-rate,7.39080468596733e-05,0.001149595159815602,,,,0.3907987050916376,0.13940984545335716,0.40928870717436855,0.0405963270558953,0.013727945585698278,-82.29080182808264,-78.54839980626686,2,False,C
step_rate_04,step_rate,calibration,Step-rate pumping schedule,5e-05,0.001,0.0,0.0,0.0,,Theis schedule-aware,5.8319006362941216e-05,0.0010126069867333815,,,,0.15390504445463815,0.012528180325820825,0.41174343079725895,0.05183218029765952,0.011715511999734543,-81.42601226872483,-77.68361024690905,2,False,C
step_rate_04,step_rate,calibration,Step-rate pumping schedule,5e-05,0.001,0.0,0.0,0.0,,Hantush-Jacob leaky,5.8233222234781965e-05,0.0010118985495495066,,,99999.99999994549,0.15243301522479674,0.011828318359434495,0.4118162328134538,0.051923157583209596,0.011834218821879652,-79.4066249202001,-73.79302188747643,3,True,C
step_rate_04,step_rate,calibration,Step-rate pumping schedule,5e-05,0.001,0.0,0.0,0.0,,Cooper-Jacob late-time,9.973596944743484e-05,0.0007288959812872825,,,,0.6905033832801064,-0.3162242440029366,0.644332975014273,-0.4735333171128549,0.019308338029611623,-18.12063012644147,-14.378228104625688,2,False,C
step_rate_04,step_rate,calibration,Step-rate pumping schedule,5e-05,0.001,0.0,0.0,0.0,,Lagging Darcy no-leakage,4.4494315908984144e-05,0.001066085257079526,22.289830526179035,118.46768765995142,,-0.11666155679680593,0.06399330104416051,0.37670787959832613,-0.000696332188539997,0.006894369901832315,-86.73377986273323,-79.24897581910166,4,False,B
step_rate_04,step_rate,calibration,Step-rate pumping schedule,5e-05,0.001,0.0,0.0,0.0,,Lagging Darcy with leakage,3.4494160318839156e-05,0.0009444555417831745,33.71368772451309,154.4855152252979,39.099802014390896,-0.3712329618385627,-0.057146663785619556,0.3752982113910218,4.244924212794728e-06,0.006965908647374804,-85.09386014695035,-75.7378550924109,5,False,C
step_rate_05,step_rate,calibration,Step-rate pumping schedule,5e-05,0.001,0.0,0.0,0.0,,Theis fixed-rate,8.55268397796692e-05,0.0011444595821304819,,,,0.5368072368050772,0.13493254491619794,0.715527404927695,0.17137104714628373,0.017811824113882394,-26.41249730688157,-22.670095285065788,2,False,C
step_rate_05,step_rate,calibration,Step-rate pumping schedule,5e-05,0.001,0.0,0.0,0.0,,Theis schedule-aware,6.693181406523081e-05,0.0010138320641251237,,,,0.29165139523508615,0.01373727421933716,0.7225872731009942,0.1857823594621583,0.021550060983215574,-25.066793447845825,-21.324391426030044,2,False,C
step_rate_05,step_rate,calibration,Step-rate pumping schedule,5e-05,0.001,0.0,0.0,0.0,,Hantush-Jacob leaky,6.676266698468096e-05,0.001012820168584552,,,99999.67831421601,0.28912104140939027,0.012738685898828333,0.7226763719220818,0.1859916488636162,0.021691017844377755,-23.048864229526362,-17.43526119680269,3,True,C
step_rate_05,step_rate,calibration,Step-rate pumping schedule,5e-05,0.001,0.0,0.0,0.0,,Cooper-Jacob late-time,9.915879634312701e-05,0.0007217361447802972,,,,0.6846995631327689,-0.32609565732539925,0.8591276034767855,-0.31202141409908796,0.020654905988934477,-5.520932298975502,-1.77853027715972,2,False,C
step_rate_05,step_rate,calibration,Step-rate pumping schedule,5e-05,0.001,0.0,0.0,0.0,,Lagging Darcy no-leakage,3.594270897263038e-05,0.001161827908252155,0.00010806483924926496,273.80678681471426,,-0.3300967520487684,0.1499945478510071,0.6102399277211052,0.01336165006932355,0.01450572353552176,-40.4017626625111,-32.91695861887954,4,False,C
step_rate_05,step_rate,calibration,Step-rate pumping schedule,5e-05,0.001,0.0,0.0,0.0,,Lagging Darcy with leakage,1.3772287534598324e-05,0.0006990585773907587,0.00010000000006261241,363.26978516954875,16.045642401836787,-1.2893645819677877,-0.35802073855597594,0.6049137008670458,0.011690230144128367,0.013524556726439329,-39.24852854075784,-29.892523486218384,5,True,D
step_rate_06,step_rate,holdout,Step-rate pumping schedule,5e-05,0.001,0.0,0.0,0.0,,Theis fixed-rate,5.7248644201934186e-05,0.0011596464597489317,,,,0.1353809546634935,0.1481151825860983,0.667725964082569,0.16614745767528655,0.02565632625355722,-32.83977413950682,-29.09737211769104,2,False,B
step_rate_06,step_rate,holdout,Step-rate pumping schedule,5e-05,0.001,0.0,0.0,0.0,,Theis schedule-aware,4.570780626758075e-05,0.001012284132596355,,,,-0.08975390663212322,0.012209294893729713,0.6549037455387061,0.17188521986201236,0.008117372599010736,-34.38087272029977,-30.63847069848399,2,False,B
step_rate_06,step_rate,holdout,Step-rate pumping schedule,5e-05,0.001,0.0,0.0,0.0,,Hantush-Jacob leaky,3.97026219661822e-05,0.0009204758061632215,,,48.62030161093234,-0.23060577542762603,-0.08286456201865343,0.6532919441258194,0.17460429691772358,0.006070611653372209,-32.500886125445916,-26.887283092722242,3,False,C
step_rate_06,step_rate,holdout,Step-rate pumping schedule,5e-05,0.001,0.0,0.0,0.0,,Cooper-Jacob late-time,0.00010081524957605404,0.0007076874927967497,,,,0.7012666242433551,-0.3457526770864538,0.990943814329751,-0.4613504335750582,0.019425279900032108,11.714562524067029,15.456964545882812,2,False,C
step_rate_06,step_rate,holdout,Step-rate pumping schedule,5e-05,0.001,0.0,0.0,0.0,,Lagging Darcy no-leakage,3.713391591198547e-05,0.0010732555934808165,0.00010122574078606317,118.1471723234543,,-0.29749227789349786,0.07069663983111972,0.6491542844959355,0.0702731478302674,0.0176707332631199,-33.91965077732884,-26.434846733697277,4,False,C
step_rate_06,step_rate,holdout,Step-rate pumping schedule,5e-05,0.001,0.0,0.0,0.0,,Lagging Darcy with leakage,1.4812057074655494e-05,0.0006081485040574807,0.00010000002915602132,158.61141824333856,15.915657480753264,-1.2165814891128364,-0.49733617674562736,0.6394391123324961,0.06638147627947001,0.016141300310824818,-33.412882366914225,-24.05687731237477,5,True,D
step_rate_07,step_rate,holdout,Step-rate pumping schedule,5e-05,0.001,0.0,0.0,0.0,,Theis fixed-rate,7.133985962840497e-05,0.0011062286871069394,,,,0.3554322068584568,0.10095665126238029,0.589988090989287,0.0983916993152149,0.015146100625869739,-46.32087389099545,-42.578471869179666,2,False,C
step_rate_07,step_rate,holdout,Step-rate pumping schedule,5e-05,0.001,0.0,0.0,0.0,,Theis schedule-aware,5.6749756468899235e-05,0.0009738296721306447,,,,0.12662835962722863,-0.02651886524114369,0.5869801215161514,0.10686555430959188,0.00918237704387354,-46.55798476586303,-42.81558274404725,2,False,B
step_rate_07,step_rate,holdout,Step-rate pumping schedule,5e-05,0.001,0.0,0.0,0.0,,Hantush-Jacob leaky,5.6671887400860687e-05,0.0009731355967811322,,,99999.99484271347,0.1252552693136665,-0.02723184701847431,0.5870108554563556,0.10692724343260866,0.009316727385188147,-44.551308159107435,-38.93770512638376,3,True,C
step_rate_07,step_rate,holdout,Step-rate pumping schedule,5e-05,0.001,0.0,0.0,0.0,,Cooper-Jacob late-time,9.882157468549736e-05,0.0007293676593887571,,,,0.6812929427491348,-0.31557734024045214,0.7958346891110273,-0.3844041994424729,0.01939050767839389,-8.675059565839977,-4.932657544024194,2,False,C
step_rate_07,step_rate,holdout,Step-rate pumping schedule,5e-05,0.001,0.0,0.0,0.0,,Lagging Darcy no-leakage,4.6095716412980384e-05,0.0010300527996952168,0.00010838976363669481,86.45957393087399,,-0.08130297920094974,0.029610062767717375,0.5701706393936595,0.03220547220979046,0.005887452681748948,-46.78909996178376,-39.3042959181522,4,False,B
step_rate_07,step_rate,holdout,Step-rate pumping schedule,5e-05,0.001,0.0,0.0,0.0,,Lagging Darcy with leakage,3.879101357028288e-05,0.000938143429532787,0.00010000000047730131,95.01841261374979,46.770295369932654,-0.2538343946377558,-0.06385243171578085,0.5694388007400253,0.030497520604724892,0.006526031639181268,-44.92813857674382,-35.57213352220437,5,True,C
step_rate_08,step_rate,holdout,Step-rate pumping schedule,5e-05,0.001,0.0,0.0,0.0,,Theis fixed-rate,7.491680605870459e-05,0.0012193554149107337,,,,0.40435523988161287,0.19832237068612393,0.7582422984019483,0.15495769220256875,0.016546155137176343,-21.573880604381202,-17.83147858256542,2,False,C
step_rate_08,step_rate,holdout,Step-rate pumping schedule,5e-05,0.001,0.0,0.0,0.0,,Theis schedule-aware,5.5987250138189355e-05,0.0010688573114169383,,,,0.11310098328110278,0.06659014457158681,0.7568593753996027,0.1784233786800524,0.013131356602631799,-21.10422095551596,-17.361818933700178,2,False,B
step_rate_08,step_rate,holdout,Step-rate pumping schedule,5e-05,0.001,0.0,0.0,0.0,,Hantush-Jacob leaky,5.590839548974445e-05,0.0010682493559373669,,,99999.99999999984,0.11169155110782898,0.06602119262804713,0.7568640154944242,0.17855554013189437,0.013191549862314555,-19.099843657584657,-13.486240624860983,3,True,C
step_rate_08,step_rate,holdout,Step-rate pumping schedule,5e-05,0.001,0.0,0.0,0.0,,Cooper-Jacob late-time,9.912270207313107e-05,0.000727302063536346,,,,0.6843354921459859,-0.31841339456958845,0.8954719352707272,-0.41594911897623027,0.020641212665078006,1.9493592918192335,5.691761313635016,2,False,C
step_rate_08,step_rate,holdout,Step-rate pumping schedule,5e-05,0.001,0.0,0.0,0.0,,Lagging Darcy no-leakage,3.44273625263716e-05,0.0011531872798333021,0.00010000009401393465,221.85891925263152,,-0.37317133495119603,0.14252965639982404,0.6624389193501609,0.011116658179849937,0.017845021007790427,-32.5321450340975,-25.04734099046594,4,True,C
step_rate_08,step_rate,holdout,Step-rate pumping schedule,5e-05,0.001,0.0,0.0,0.0,,Lagging Darcy with leakage,7.966155528986142e-06,0.0004832691877624624,0.00010123262864461989,321.9124657534937,11.502022455344168,-1.836820996758591,-0.7271814560172538,0.6526402633493205,0.011268741545276554,0.017987125470459782,-31.96195442951717,-22.605949374977715,5,False,D
step_rate_09,step_rate,holdout,Step-rate pumping schedule,5e-05,0.001,0.0,0.0,0.0,,Theis fixed-rate,5.709076196134044e-05,0.0012128872433033208,,,,0.13261931112808242,0.19300366876013292,0.6456969099996727,0.18800122488932927,0.02279483476259477,-35.017773080254216,-31.275371058438434,2,False,C
step_rate_09,step_rate,holdout,Step-rate pumping schedule,5e-05,0.001,0.0,0.0,0.0,,Theis schedule-aware,4.398755714791263e-05,0.0010520651994508957,,,,-0.12811620359600367,0.05075508905939344,0.6323807816457562,0.2007340672752104,0.008112367292697405,-36.30246570400052,-32.56006368218473,2,False,B
step_rate_09,step_rate,holdout,Step-rate pumping schedule,5e-05,0.001,0.0,0.0,0.0,,Hantush-Jacob leaky,3.875275710528986e-05,0.0009708824234841755,,,52.72507880146326,-0.25482110105565536,-0.029549906092414462,0.6304603164363588,0.20516069015635172,0.005456107483802797,-34.36674759541795,-28.753144562694274,3,False,C
step_rate_09,step_rate,holdout,Step-rate pumping schedule,5e-05,0.001,0.0,0.0,0.0,,Cooper-Jacob late-time,9.896123629893202e-05,0.0007207211591553669,,,,0.6827052154936933,-0.3275029583105661,0.9371461794367246,-0.4661004288844121,0.019638143365910434,7.569338700897159,11.31174072271294,2,False,C
step_rate_09,step_rate,holdout,Step-rate pumping schedule,5e-05,0.001,0.0,0.0,0.0,,Lagging Darcy no-leakage,3.2963992818987927e-05,0.001134226741780689,0.00010000002908740241,188.92070521004254,,-0.4166071663711073,0.1259511339787108,0.5892208813321649,0.036887333575983554,0.02106915744150561,-43.598421426029354,-36.11361738239779,4,True,C
step_rate_09,step_rate,holdout,Step-rate pumping schedule,5e-05,0.001,0.0,0.0,0.0,,Lagging Darcy with leakage,7.91363454277281e-06,0.00046271732220733907,0.00010581810204132932,262.6718562029994,11.417700887793709,-1.8434358421042358,-0.7706389465377386,0.5739476153172519,0.03878178534334179,0.017616940362113993,-44.08811182494054,-34.73210677040109,5,False,D
step_rate_10,step_rate,holdout,Step-rate pumping schedule,5e-05,0.001,0.0,0.0,0.0,,Theis fixed-rate,6.629017587607673e-05,0.0011371641305982525,,,,0.2820187039529776,0.128537558438523,0.5490599418278314,0.0717621873110458,0.01702897958791139,-53.73695310320748,-49.9945510813917,2,False,C
step_rate_10,step_rate,holdout,Step-rate pumping schedule,5e-05,0.001,0.0,0.0,0.0,,Theis schedule-aware,5.1688027538152094e-05,0.0009962078923875471,,,,0.033203173604083334,-0.0037993158813161994,0.5419280580029056,0.08423373850430987,0.005920165983210002,-54.65232042520445,-50.909918403388666,2,False,B
step_rate_10,step_rate,holdout,Step-rate pumping schedule,5e-05,0.001,0.0,0.0,0.0,,Hantush-Jacob leaky,5.1637175496369946e-05,0.0009956904801719656,,,99999.9999226569,0.03221886301200261,-0.0043188325738812445,0.541933048413415,0.08428302617476165,0.005992923332129549,-52.65010473342757,-47.036501700703894,3,True,C
step_rate_10,step_rate,holdout,Step-rate pumping schedule,5e-05,0.001,0.0,0.0,0.0,,Cooper-Jacob late-time,9.8652691993172e-05,0.0007246050295935101,,,,0.679582514992254,-0.32212855934526397,0.7528111383979319,-0.46529649747461016,0.01840330596484572,-8.457152981590866,-4.714750959775084,2,False,C
step_rate_10,step_rate,holdout,Step-rate pumping schedule,5e-05,0.001,0.0,0.0,0.0,,Lagging Darcy no-leakage,4.107232295922854e-05,0.001043021202669425,0.00015350206106765128,96.52663884711637,,-0.1966885180845486,0.042121504354127474,0.5094264897598315,0.002832503675653547,0.011785141501553777,-57.75814086925807,-50.27333682562651,4,False,C
step_rate_10,step_rate,holdout,Step-rate pumping schedule,5e-05,0.001,0.0,0.0,0.0,,Lagging Darcy with leakage,2.2853699899022398e-05,0.0007415955433112212,0.00010333786070753093,122.47374351546443,22.334396201719205,-0.7829099800131526,-0.29895127430731244,0.5034274146482162,0.0012926853047367838,0.014634024551302176,-56.89655134753859,-47.54054629299914,5,False,C
step_rate_11,step_rate,holdout,Step-rate pumping schedule,5e-05,0.001,0.0,0.0,0.0,,Theis fixed-rate,6.722240051029813e-05,0.001223889542899436,,,,0.2959835274822699,0.20203393728879537,0.7349316809138299,0.17952347584883374,0.014545659483678173,-23.73703819239953,-19.99463617058375,2,False,C
step_rate_11,step_rate,holdout,Step-rate pumping schedule,5e-05,0.001,0.0,0.0,0.0,,Theis schedule-aware,5.046783955326726e-05,0.0010653466095677227,,,,0.009313287454742192,0.06330020120556698,0.7287503592716934,0.1989591592004427,0.006664448476160207,-23.865780687620756,-20.123378665804974,2,False,B
step_rate_11,step_rate,holdout,Step-rate pumping schedule,5e-05,0.001,0.0,0.0,0.0,,Hantush-Jacob leaky,5.0423927993049614e-05,0.0010648988230773815,,,99999.99999999984,0.008442818752324137,0.06287979284315551,0.7287429014550859,0.1990170639261503,0.006685155470721544,-21.864716954783574,-16.2511139220599,3,True,C
step_rate_11,step_rate,holdout,Step-rate pumping schedule,5e-05,0.001,0.0,0.0,0.0,,Cooper-Jacob late-time,9.65913270959123e-05,0.0007615412190344743,,,,0.658465950143901,-0.27241097937318803,0.8991036967707626,-0.37566226468963365,0.018945675868281907,0.6541225660168717,4.396524587832654,2,False,C
step_rate_11,step_rate,holdout,Step-rate pumping schedule,5e-05,0.001,0.0,0.0,0.0,,Lagging Darcy no-leakage,3.521835472319695e-05,0.0011595652588617565,0.00010000000000471454,209.6863879511568,,-0.35045561772729794,0.14804515802856702,0.6590958958485196,0.019667089057013126,0.015209709861845602,-32.98801398436814,-25.503209940736575,4,True,C
step_rate_11,step_rate,holdout,Step-rate pumping schedule,5e-05,0.001,0.0,0.0,0.0,,Lagging Darcy with leakage,1.3783562870568123e-05,0.0006743479587717176,0.00010000000007166472,271.6931288002941,15.781450308321405,-1.288546219519648,-0.3940090419805988,0.6524859466037465,0.01880827881772083,0.013168492283803034,-31.958553544507666,-22.60254848996821,5,True,D
recovery_00,recovery,calibration,Pumping plus recovery schedule,5e-05,0.001,0.0,0.0,0.0,,Theis fixed-rate,0.00010580262205492107,0.0013404241301159883,,,,0.7495522968167546,0.29298607889444234,0.8491154852061645,0.16518551795666592,0.07716859315443093,-13.79009372069838,-9.669207699605542,2,False,C
recovery_00,recovery,calibration,Pumping plus recovery schedule,5e-05,0.001,0.0,0.0,0.0,,Theis schedule-aware,5.569109671387008e-05,0.0010010246317234473,,,,0.1077972851716593,0.0010241071466643263,0.747711575615935,0.20283473563114035,0.010282303747668978,-26.54616701316638,-22.42528099207354,2,False,B
recovery_00,recovery,calibration,Pumping plus recovery schedule,5e-05,0.001,0.0,0.0,0.0,,Hantush-Jacob leaky,5.459772670529121e-05,0.000993568916324252,,,99999.99999999718,0.08796924102170754,-0.006451852184935013,0.7482785460267756,0.2044727222461173,0.00946246281418441,-24.398969033129802,-18.217640001490544,3,True,C
recovery_00,recovery,calibration,Pumping plus recovery schedule,5e-05,0.001,0.0,0.0,0.0,,Cooper-Jacob late-time,9549296.58551372,1e-09,,,,25.975465606313158,-13.815510557964274,1.9438437363869812,3.509489378291395,0.14889707998286703,164.91842183968808,169.03930786078092,2,True,D
recovery_00,recovery,calibration,Pumping plus recovery schedule,5e-05,0.001,0.0,0.0,0.0,,Lagging Darcy no-leakage,4.10998435406649e-05,0.0012199771085454588,0.00010001326251045358,247.16114295278862,,-0.19601869072967762,0.19883209508179983,0.6612237309978405,0.01834994158678152,0.014778525503960444,-40.94819746404072,-32.706425421855045,4,True,C
recovery_00,recovery,calibration,Pumping plus recovery schedule,5e-05,0.001,0.0,0.0,0.0,,Lagging Darcy with leakage,3.0754599063205527e-05,0.0010963474537406235,0.00010000004452599966,290.26893724185004,49.97975301797581,-0.4859834593279803,0.09198415812198857,0.6563954630719031,0.01643941646295195,0.01573878734419647,-39.80676651617488,-29.504551463442787,5,True,C
recovery_01,recovery,calibration,Pumping plus recovery schedule,5e-05,0.001,0.0,0.0,0.0,,Theis fixed-rate,9.25771925250283e-05,0.001396056697106829,,,,0.6160198048612961,0.33365161748882877,0.5764738425112841,0.024193141384354012,0.08234195734995317,-60.8006047636094,-56.67971874251656,2,False,C
recovery_01,recovery,calibration,Pumping plus recovery schedule,5e-05,0.001,0.0,0.0,0.0,,Theis schedule-aware,5.175494446717505e-05,0.0010273346260721889,,,,0.034496967412595995,0.02696770657313882,0.3668652506447334,0.04560664583949166,0.00712886251994537,-112.42399308756943,-108.30310706647658,2,False,B
recovery_01,recovery,calibration,Pumping plus recovery schedule,5e-05,0.001,0.0,0.0,0.0,,Hantush-Jacob leaky,5.109313797286359e-05,0.0010208844817648655,,,99999.9997572541,0.021627196518976648,0.020669390533533494,0.36677433864510356,0.04627738070673409,0.006412733609045407,-110.42568406691518,-104.24435503527593,3,True,C
recovery_01,recovery,calibration,Pumping plus recovery schedule,5e-05,0.001,0.0,0.0,0.0,,Cooper-Jacob late-time,9549296.58551372,1e-09,,,,25.975465606313158,-13.815510557964274,2.14216386346938,3.3144899234256227,0.14918862780796338,162.95222118715415,167.073107208247,2,True,D
recovery_01,recovery,calibration,Pumping plus recovery schedule,5e-05,0.001,0.0,0.0,0.0,,Lagging Darcy no-leakage,4.675733443930447e-05,0.0010844229862168513,0.0006085874025327145,59.203358417192305,,-0.06705187559660009,0.08104803559297587,0.3549684033557342,0.009477257733253912,0.008057701069087484,-113.11094062903818,-104.86916858685251,4,False,B
recovery_01,recovery,calibration,Pumping plus recovery schedule,5e-05,0.001,0.0,0.0,0.0,,Lagging Darcy with leakage,4.0723088553361736e-05,0.0010232710205656961,0.00010000109206491372,69.8749701109773,79.7623365225959,-0.2052277875022713,0.023004379121659865,0.35152762255466125,0.0068970424831331775,0.007912556782530238,-112.26017696709111,-101.95796191435902,5,True,C
recovery_02,recovery,calibration,Pumping plus recovery schedule,5e-05,0.001,0.0,0.0,0.0,,Theis fixed-rate,0.00011111089852843473,0.0012693891791211098,,,,0.7985057829718538,0.23853582344954322,0.6885306524038608,0.09452211745489383,0.07481042474256959,-39.19767491258003,-35.07678889148719,2,False,C
recovery_02,recovery,calibration,Pumping plus recovery schedule,5e-05,0.001,0.0,0.0,0.0,,Theis schedule-aware,5.9837434695910815e-05,0.0009524043961373929,,,,0.17960845793264008,-0.04876554852813694,0.5918530283743253,0.1278743689909841,0.014484446793004686,-55.15880358311063,-51.037917562017796,2,False,C
recovery_02,recovery,calibration,Pumping plus recovery schedule,5e-05,0.001,0.0,0.0,0.0,,Hantush-Jacob leaky,5.823674863171116e-05,0.0009438585947791635,,,99999.99999999878,0.15249356983649673,-0.05777891772296836,0.5942803528489722,0.13041400276765608,0.013638269085862994,-52.60088916026999,-46.419560128630735,3,True,C
recovery_02,recovery,calibration,Pumping plus recovery schedule,5e-05,0.001,0.0,0.0,0.0,,Cooper-Jacob late-time,9549296.58551372,1e-09,,,,25.975465606313158,-13.815510557964274,1.9611834958854626,3.4926477355557277,0.14933208234436138,164.7322083008518,168.85309432194464,2,True,D
recovery_02,recovery,calibration,Pumping plus recovery schedule,5e-05,0.001,0.0,0.0,0.0,,Lagging Darcy no-leakage,4.358943401026376e-05,0.0011264537852152827,0.0002243849636444498,173.21793540061202,,-0.13720822365618363,0.11907445494011637,0.5055928898609462,0.008938390959346896,0.008996260068330876,-72.10500407900096,-63.86323203681529,4,False,B
recovery_02,recovery,calibration,Pumping plus recovery schedule,5e-05,0.001,0.0,0.0,0.0,,Lagging Darcy with leakage,3.898043890054517e-05,0.001083944987549198,0.00010004649655701661,187.71753095528553,89.08988444375676,-0.24896305177781658,0.08060715223629537,0.5045156534045068,0.007945830770340778,0.009737597898785462,-70.35622776095968,-60.05401270822759,5,True,C
recovery_03,recovery,calibration,Pumping plus recovery schedule,5e-05,0.001,0.0,0.0,0.0,,Theis fixed-rate,0.00010945022167061171,0.0013165357410194053,,,,0.7834468438526238,0.27500384810026285,0.7025165375117702,0.10263815541856197,0.07775561280216033,-36.720468238496395,-32.59958221740356,2,False,C
recovery_03,recovery,calibration,Pumping plus recovery schedule,5e-05,0.001,0.0,0.0,0.0,,Theis schedule-aware,5.811344776289334e-05,0.0009862449641688746,,,,0.15037409056106463,-0.013850512874252893,0.5706406690321157,0.1389657978201645,0.012219733632626763,-58.68571892796321,-54.56483290687037,2,False,C
recovery_03,recovery,calibration,Pumping plus recovery schedule,5e-05,0.001,0.0,0.0,0.0,,Hantush-Jacob leaky,5.6864741663142694e-05,0.0009781611785110043,,,99999.99999980089,0.12865248921267367,-0.022080818322559755,0.571464965203695,0.1407453197643246,0.01114818954844104,-56.44300754182809,-50.26167851018883,3,True,C
recovery_03,recovery,calibration,Pumping plus recovery schedule,5e-05,0.001,0.0,0.0,0.0,,Cooper-Jacob late-time,9549296.58551372,1e-09,,,,25.975465606313158,-13.815510557964274,1.9679980235406933,3.4666887860526505,0.14835547047207073,164.1692385091504,168.29012453024325,2,True,D
recovery_03,recovery,calibration,Pumping plus recovery schedule,5e-05,0.001,0.0,0.0,0.0,,Lagging Darcy no-leakage,4.5286897197396156e-05,0.0011399305589480302,0.00010000000380135424,155.44432103181381,,-0.09900525986917968,0.1309673473476373,0.5031360455123257,0.01778117039880043,0.00967216312770509,-72.61483966451596,-64.37306762233028,4,True,C
recovery_03,recovery,calibration,Pumping plus recovery schedule,5e-05,0.001,0.0,0.0,0.0,,Lagging Darcy with leakage,3.6896202814563314e-05,0.0010570983380576683,0.00010000016812345544,179.64903872401464,63.95529308693006,-0.30391436443110387,0.05552773761989657,0.4990871537391781,0.01567692250756062,0.009326328574845236,-71.56756669800893,-61.26535164527684,5,True,C
recovery_04,recovery,calibration,Pumping plus recovery schedule,5e-05,0.001,0.0,0.0,0.0,,Theis fixed-rate,9.830877068121497e-05,0.0013544948531713258,,,,0.6760902413583655,0.3034285827361079,0.5925227639423333,0.0342127791511147,0.07847946655803509,-57.52274356825916,-53.40185754716632,2,False,C
recovery_04,recovery,calibration,Pumping plus recovery schedule,5e-05,0.001,0.0,0.0,0.0,,Theis schedule-aware,5.296123902704194e-05,0.0010043183560717395,,,,0.057537301452652054,0.0043090587287067696,0.42526996775994474,0.06571896465573723,0.007322545201878514,-94.79978328335704,-90.6788972622642,2,False,B
recovery_04,recovery,calibration,Pumping plus recovery schedule,5e-05,0.001,0.0,0.0,0.0,,Hantush-Jacob leaky,5.211165801703727e-05,0.0009974537288232432,,,99999.9999952774,0.04136568062329256,-0.0025495184386537064,0.4258340861859644,0.0668511547572913,0.006852921774374743,-92.60198053372886,-86.42065150208961,3,True,C
recovery_04,recovery,calibration,Pumping plus recovery schedule,5e-05,0.001,0.0,0.0,0.0,,Cooper-Jacob late-time,9549296.58551372,1e-09,,,,25.975465606313158,-13.815510557964274,2.104834445743343,3.3602106866778843,0.14902490481600295,163.50862764023816,167.629513661331,2,True,D
recovery_04,recovery,calibration,Pumping plus recovery schedule,5e-05,0.001,0.0,0.0,0.0,,Lagging Darcy no-leakage,4.520863396767291e-05,0.0010883944676801508,0.0001000109587191854,88.27047904239934,,-0.10073491984746773,0.08470364492997723,0.38923287447680266,0.0006414473859191597,0.006858159622792537,-102.46354678698283,-94.22177474479716,4,True,C
recovery_04,recovery,calibration,Pumping plus recovery schedule,5e-05,0.001,0.0,0.0,0.0,,Lagging Darcy with leakage,3.997759176700575e-05,0.0010343065699123268,0.00010053515953422864,98.31349921636168,84.1093609103667,-0.223703914112977,0.033731221418889346,0.38686614467486186,-0.0006424210721850329,0.008462764999252389,-101.17103525603527,-90.86882020330317,5,False,C
recovery_05,recovery,calibration,Pumping plus recovery schedule,5e-05,0.001,0.0,0.0,0.0,,Theis fixed-rate,0.00011974071451877377,0.0013074576682027097,,,,0.8733056873034171,0.26808454029722767,0.7900616325348557,0.13371118455970868,0.07695736335706103,-22.677207512646312,-18.556321491553476,2,False,C
recovery_05,recovery,calibration,Pumping plus recovery schedule,5e-05,0.001,0.0,0.0,0.0,,Theis schedule-aware,6.190136874083245e-05,0.000991686087829481,,,,0.2135192861476998,-0.008348665496424627,0.6909388068656594,0.17962347499222386,0.017414956665492396,-36.03688691554984,-31.916000894457007,2,False,C
recovery_05,recovery,calibration,Pumping plus recovery schedule,5e-05,0.001,0.0,0.0,0.0,,Hantush-Jacob leaky,6.024986489823884e-05,0.0009832740626056335,,,99999.99999999841,0.18647732458722185,-0.01686739544931609,0.6919561370351052,0.18246818545773438,0.015845627987440037,-33.75848686097734,-27.577157829338084,3,True,C
recovery_05,recovery,calibration,Pumping plus recovery schedule,5e-05,0.001,0.0,0.0,0.0,,Cooper-Jacob late-time,9549296.58551372,1e-09,,,,25.975465606313158,-13.815510557964274,1.9064956265467559,3.5122461588662337,0.1492395779512893,164.47543171260088,168.59631773369372,2,True,D
recovery_05,recovery,calibration,Pumping plus recovery schedule,5e-05,0.001,0.0,0.0,0.0,,Lagging Darcy no-leakage,4.241633614934225e-05,0.0012239220690667143,0.00010000000003742722,246.852517733783,,-0.16448943085294337,0.20206051300003158,0.5712623473563203,0.013342384617425592,0.014457644020878731,-57.925715663913465,-49.68394362172779,4,True,C
recovery_05,recovery,calibration,Pumping plus recovery schedule,5e-05,0.001,0.0,0.0,0.0,,Lagging Darcy with leakage,2.99606482019617e-05,0.0010803701178105883,0.0001000000000601891,299.8728989789313,45.69289446312048,-0.5121382114336772,0.07730368410379207,0.563625022657887,0.011492140332998136,0.014034923744666509,-57.49465817696921,-47.192443124237116,5,True,C
recovery_06,recovery,holdout,Pumping plus recovery schedule,5e-05,0.001,0.0,0.0,0.0,,Theis fixed-rate,8.396929860549753e-05,0.0014003601189992625,,,,0.5184282338147017,0.33672943140041606,0.7847458524333564,0.13205996913265458,0.08487867546812165,-23.478869393699554,-19.357983372606718,2,False,C
recovery_06,recovery,holdout,Pumping plus recovery schedule,5e-05,0.001,0.0,0.0,0.0,,Theis schedule-aware,4.7489418981645926e-05,0.0010229905643420903,,,,-0.05151607748299998,0.02273026340993419,0.6320133903009199,0.14876317882113763,0.007061364222791033,-47.05376325880914,-42.932877237716305,2,False,B
recovery_06,recovery,holdout,Pumping plus recovery schedule,5e-05,0.001,0.0,0.0,0.0,,Hantush-Jacob leaky,4.492798465087569e-05,0.000990961345205627,,,130.29431617242736,-0.10696213866313105,-0.009079751259892905,0.6309735840590074,0.15059661296892185,0.00806255285983899,-45.15760308962282,-38.97627405798356,3,False,B
recovery_06,recovery,holdout,Pumping plus recovery schedule,5e-05,0.001,0.0,0.0,0.0,,Cooper-Jacob late-time,9549296.58551372,1e-09,,,,25.975465606313158,-13.815510557964274,2.0804363673373554,3.4041923135660435,0.14915256515994893,164.2349752693832,168.35586129047604,2,True,D
recovery_06,recovery,holdout,Pumping plus recovery schedule,5e-05,0.001,0.0,0.0,0.0,,Lagging Darcy no-leakage,4.2428505608212505e-05,0.0011019492472857564,0.0001000000000477999,92.26658073367838,,-0.1642025670035539,0.09708065457555938,0.627899015849664,0.07142555646555425,0.01240393884499822,-46.23363725490557,-37.99186521271989,4,True,C
recovery_06,recovery,holdout,Pumping plus recovery schedule,5e-05,0.001,0.0,0.0,0.0,,Lagging Darcy with leakage,3.392548754648672e-05,0.000993753430984731,0.00010000000036006283,110.60734728493189,57.46985329776847,-0.387856428506523,-0.006266160456304258,0.622803819515801,0.06624451599469264,0.016359676986141512,-45.2735894933981,-34.971374440666004,5,True,C
recovery_07,recovery,holdout,Pumping plus recovery schedule,5e-05,0.001,0.0,0.0,0.0,,Theis fixed-rate,0.0001039299010112626,0.0012685324772729067,,,,0.7316936377158719,0.23786070262492337,0.676622270175767,0.07229561924990523,0.07734051750058635,-41.6533177957607,-37.53243177466786,2,False,C
recovery_07,recovery,holdout,Pumping plus recovery schedule,5e-05,0.001,0.0,0.0,0.0,,Theis schedule-aware,5.724755212075208e-05,0.0009430537222307438,,,,0.13536187837594485,-0.058632028479604574,0.5490303680458822,0.09724193376725528,0.010795486286011565,-64.74005205217003,-60.61916603107719,2,False,B
recovery_07,recovery,holdout,Pumping plus recovery schedule,5e-05,0.001,0.0,0.0,0.0,,Hantush-Jacob leaky,5.598685910730328e-05,0.0009345651372675224,,,99999.99999939873,0.11309399897216374,-0.06767395171465991,0.5506235757003874,0.09870571658191743,0.010427904967024969,-62.36020235856735,-56.17887332692809,3,True,C
recovery_07,recovery,holdout,Pumping plus recovery schedule,5e-05,0.001,0.0,0.0,0.0,,Cooper-Jacob late-time,9549296.58551372,1e-09,,,,25.975465606313158,-13.815510557964274,2.0191762694007664,3.4641454492383463,0.14918722211557855,164.83581297324787,168.9566989943407,2,True,D
recovery_07,recovery,holdout,Pumping plus recovery schedule,5e-05,0.001,0.0,0.0,0.0,,Lagging Darcy no-leakage,4.7803595296240304e-05,0.0010502763272493502,0.00010000000835421802,100.04979137519528,,-0.04492215335675552,0.049053298355500125,0.5186977158652866,0.018574127141248606,0.005418701123896143,-69.07943660908744,-60.837664566901765,4,True,C
recovery_07,recovery,holdout,Pumping plus recovery schedule,5e-05,0.001,0.0,0.0,0.0,,Lagging Darcy with leakage,4.6059874428266375e-05,0.0010365577874952296,0.0001000002131321237,103.88326124573578,163.96771489055604,-0.0820808373036225,0.035905403867541937,0.5185640982041407,0.01779937907928282,0.00535799136239446,-67.11546036933149,-56.81324531659939,5,True,C
recovery_08,recovery,holdout,Pumping plus recovery schedule,5e-05,0.001,0.0,0.0,0.0,,Theis fixed-rate,0.0001001622354698245,0.0014247519015708526,,,,0.6947682206624418,0.3539976944019198,0.8235928541437009,0.12929577233573136,0.07937003710012276,-18.085285512634133,-13.964399491541295,2,False,C
recovery_08,recovery,holdout,Pumping plus recovery schedule,5e-05,0.001,0.0,0.0,0.0,,Theis schedule-aware,4.950327741442829e-05,0.001060724528230661,,,,-0.009984127652821969,0.05895219183122298,0.6966764623640243,0.18216691853975173,0.006982136485309684,-35.034126874622196,-30.91324085352936,2,False,B
recovery_08,recovery,holdout,Pumping plus recovery schedule,5e-05,0.001,0.0,0.0,0.0,,Hantush-Jacob leaky,4.889308806676676e-05,0.0010551354346307823,,,99999.9999125084,-0.022386967265814295,0.05366913274639927,0.6964470592412169,0.18312812542580534,0.0064056680078845435,-33.02991524238607,-26.84858621074681,3,True,C
recovery_08,recovery,holdout,Pumping plus recovery schedule,5e-05,0.001,0.0,0.0,0.0,,Cooper-Jacob late-time,9549296.58551372,1e-09,,,,25.975465606313158,-13.815510557964274,2.0459828664745987,3.412125783163466,0.14945276878802372,163.92058089597106,168.0414669170639,2,True,D
recovery_08,recovery,holdout,Pumping plus recovery schedule,5e-05,0.001,0.0,0.0,0.0,,Lagging Darcy no-leakage,4.0345805507373206e-05,0.001206772596716425,0.00013105544757627724,186.77288363096756,,-0.21453556884493627,0.18794952065054127,0.626955946928957,0.017893415931857736,0.01503970458948429,-47.118632937156676,-38.876860894971,4,False,C
recovery_08,recovery,holdout,Pumping plus recovery schedule,5e-05,0.001,0.0,0.0,0.0,,Lagging Darcy with leakage,2.9152119425822392e-05,0.0010487613332155225,0.0001000000008767807,220.81796307089667,45.68123434180969,-0.53949538769933,0.04760978514424895,0.6190314882478465,0.016900079082877335,0.017176286471414635,-46.59824987348842,-36.296034820756326,5,True,C
recovery_09,recovery,holdout,Pumping plus recovery schedule,5e-05,0.001,0.0,0.0,0.0,,Theis fixed-rate,7.801925835717968e-05,0.0014948627908965798,,,,0.4449326928012834,0.40203442396623523,0.7896967113642863,0.15469189912824852,0.08763163775720352,-22.175525545800927,-18.054639524708087,2,False,C
recovery_09,recovery,holdout,Pumping plus recovery schedule,5e-05,0.001,0.0,0.0,0.0,,Theis schedule-aware,4.2955953745829124e-05,0.0010846627583865364,,,,-0.15184774621296981,0.08126911691376582,0.6309660011670158,0.17616956792304533,0.01258041932239346,-45.99969418677793,-41.87880816568509,2,False,C
recovery_09,recovery,holdout,Pumping plus recovery schedule,5e-05,0.001,0.0,0.0,0.0,,Hantush-Jacob leaky,3.733985761624206e-05,0.000998710255896428,,,72.07653133764329,-0.2919616804915757,-0.001290576539328035,0.6267906477646937,0.18057742812600255,0.01434744661416611,-44.494674035246966,-38.31334500360771,3,False,C
recovery_09,recovery,holdout,Pumping plus recovery schedule,5e-05,0.001,0.0,0.0,0.0,,Cooper-Jacob late-time,9549296.58551372,1e-09,,,,25.975465606313158,-13.815510557964274,2.1009112688560934,3.3534030274166464,0.14923300131515205,163.278620596745,167.39950661783783,2,True,D
recovery_09,recovery,holdout,Pumping plus recovery schedule,5e-05,0.001,0.0,0.0,0.0,,Lagging Darcy no-leakage,3.865440496978643e-05,0.001188399829846932,0.00010433067287405008,133.51951558784097,,-0.25736226613115426,0.17260772142802527,0.6215976247980032,0.058038948177758044,0.01888358677045782,-47.65009764069201,-39.40832559850634,4,False,C
recovery_09,recovery,holdout,Pumping plus recovery schedule,5e-05,0.001,0.0,0.0,0.0,,Lagging Darcy with leakage,2.8158665145767516e-05,0.001014358414677588,0.0001000000011415856,156.06362376801192,44.60299996017321,-0.5741678777558895,0.014256308866015265,0.6118957840856442,0.05677809552658999,0.022389058624925903,-47.48121151001921,-37.17899645728711,5,True,C
recovery_10,recovery,holdout,Pumping plus recovery schedule,5e-05,0.001,0.0,0.0,0.0,,Theis fixed-rate,9.733608654097585e-05,0.0013265880069849023,,,,0.6661467941518627,0.2826102376530326,0.6899500115012939,0.048632741324974076,0.07994706330134412,-39.7680244102491,-35.64713838915626,2,False,C
recovery_10,recovery,holdout,Pumping plus recovery schedule,5e-05,0.001,0.0,0.0,0.0,,Theis schedule-aware,5.207769027508833e-05,0.0009833178518193133,,,,0.04071364193202136,-0.01682286235288078,0.5446498302193726,0.08102535960372118,0.0056248195601854385,-66.20009068458008,-62.07920466348724,2,False,B
recovery_10,recovery,holdout,Pumping plus recovery schedule,5e-05,0.001,0.0,0.0,0.0,,Hantush-Jacob leaky,5.123071395405176e-05,0.0009764740123582639,,,99999.99999999735,0.02431622867515849,-0.023807142067909723,0.5452007210364561,0.08213419607207335,0.0056734117365855605,-64.0502801191316,-57.86895108749234,3,True,C
recovery_10,recovery,holdout,Pumping plus recovery schedule,5e-05,0.001,0.0,0.0,0.0,,Cooper-Jacob late-time,9549296.58551372,1e-09,,,,25.975465606313158,-13.815510557964274,2.1112728106130523,3.392182111704728,0.14938858046678638,164.4009636645331,168.52184968562594,2,True,D
recovery_10,recovery,holdout,Pumping plus recovery schedule,5e-05,0.001,0.0,0.0,0.0,,Lagging Darcy no-leakage,4.510597814841472e-05,0.0010668215279589165,0.00010827109954974293,90.93424922791372,,-0.1030082145239827,0.06468369306110186,0.5152233036909022,0.004540384587758202,0.008534159099534722,-69.93010324453009,-61.688331202344415,4,False,B
recovery_10,recovery,holdout,Pumping plus recovery schedule,5e-05,0.001,0.0,0.0,0.0,,Lagging Darcy with leakage,4.019735389920236e-05,0.0010146416140462302,0.000126160342895695,99.19424041009692,86.5242778779557,-0.21822183537255246,0.014535460533311654,0.5134636543187056,0.003756711854025954,0.0100887635799853,-68.32838172058995,-58.02616666785785,5,False,C
recovery_11,recovery,holdout,Pumping plus recovery schedule,5e-05,0.001,0.0,0.0,0.0,,Theis fixed-rate,9.916910546094338e-05,0.0014263850302339,,,,0.6848035234704913,0.3551432927233747,0.793531601887961,0.13375431153494172,0.07871829659361353,-22.182133066554872,-18.061247045462032,2,False,C
recovery_11,recovery,holdout,Pumping plus recovery schedule,5e-05,0.001,0.0,0.0,0.0,,Theis schedule-aware,5.058251135070743e-05,0.0010558571132160027,,,,0.011582885642931145,0.05435286667437665,0.6659126418483948,0.175556275150089,0.006859004574072994,-40.21065155497414,-36.089765533881305,2,False,B
recovery_11,recovery,holdout,Pumping plus recovery schedule,5e-05,0.001,0.0,0.0,0.0,,Hantush-Jacob leaky,4.994231473155234e-05,0.0010498312594470478,,,99999.99997919195,-0.0011543713993101953,0.048629445966427584,0.6658755202686181,0.17635001259221567,0.006359841733170132,-38.181978289545974,-32.000649257906716,3,True,C
recovery_11,recovery,holdout,Pumping plus recovery schedule,5e-05,0.001,0.0,0.0,0.0,,Cooper-Jacob late-time,9549296.58551372,1e-09,,,,25.975465606313158,-13.815510557964274,2.0266016397218434,3.414232714366459,0.14821221770046603,163.6875160999039,167.80840212099673,2,True,D
recovery_11,recovery,holdout,Pumping plus recovery schedule,5e-05,0.001,0.0,0.0,0.0,,Lagging Darcy no-leakage,4.1478544704546555e-05,0.0012091432274492868,0.00010000000736964624,181.6417057109422,,-0.18684670695069194,0.18991203231590092,0.6070913091443537,0.020570556765402922,0.013841922867821817,-50.83382629409616,-42.59205425191048,4,True,C
recovery_11,recovery,holdout,Pumping plus recovery schedule,5e-05,0.001,0.0,0.0,0.0,,Lagging Darcy with leakage,3.1630526812590866e-05,0.001081926871460234,0.00010000000099357243,212.81395908779547,51.38720176969458,-0.4579003127769257,0.07874359168942226,0.6015188169450579,0.01856530774457761,0.01473571213307652,-49.915034243645394,-39.6128191909133,5,True,C
lagging_darcy_truth_00,lagging_darcy_truth,calibration,Lagging Darcy truth,5e-05,0.001,0.0,100.0,1000.0,,Theis fixed-rate,0.0001794043423608321,0.0003451828108935763,,,,1.2776191488134934,-1.0636811156430859,0.41878234053157554,0.0033997396028431887,0.06921500844179578,-80.5661139307324,-76.82371190891662,2,False,D
lagging_darcy_truth_00,lagging_darcy_truth,calibration,Lagging Darcy truth,5e-05,0.001,0.0,100.0,1000.0,,Theis schedule-aware,0.0001794043423608321,0.0003451828108935763,,,,1.2776191488134934,-1.0636811156430859,0.41878234053157554,0.0033997396028431887,0.06921500844179578,-80.5661139307324,-76.82371190891662,2,False,D
lagging_darcy_truth_00,lagging_darcy_truth,calibration,Lagging Darcy truth,5e-05,0.001,0.0,100.0,1000.0,,Hantush-Jacob leaky,0.00016717952724394405,0.00034550068635591887,,,99999.99999127687,1.207045243012236,-1.0627606492180097,0.4430608453949804,0.004804670715841738,0.07337926510421727,-73.15342348119634,-67.53982044847267,3,True,D
lagging_darcy_truth_00,lagging_darcy_truth,calibration,Lagging Darcy truth,5e-05,0.001,0.0,100.0,1000.0,,Cooper-Jacob late-time,6.575878964579522e-05,0.000665129882410463,,,,0.2739703395207579,-0.40777294550173493,1.0563553345607823,0.5973300355037989,0.020065087825007245,21.816579629251745,25.558981651067526,2,False,C
lagging_darcy_truth_00,lagging_darcy_truth,calibration,Lagging Darcy truth,5e-05,0.001,0.0,100.0,1000.0,,Lagging Darcy no-leakage,4.819904537492194e-05,0.0010314479784171342,79.73471906343251,1035.8090363286171,,-0.03668379006726776,0.03096361931229043,0.18487104356159909,-0.000123711854714195,0.00630338717838494,-155.06783053391678,-147.58302649028522,4,False,B
lagging_darcy_truth_00,lagging_darcy_truth,calibration,Lagging Darcy truth,5e-05,0.001,0.0,100.0,1000.0,,Lagging Darcy with leakage,3.931824877190234e-05,0.0010154152238450944,76.45597890465342,1125.9687183691265,56.049457484790764,-0.24033424898683994,0.015297616372372539,0.18466079053562523,-0.0001305453657297357,0.006228371310593793,-153.177070496839,-143.82106544229956,5,False,C
lagging_darcy_truth_01,lagging_darcy_truth,calibration,Lagging Darcy truth,5e-05,0.001,0.0,100.0,1000.0,,Theis fixed-rate,0.00016050785946392917,0.00040654581234228254,,,,1.1663199045656123,-0.9000586568553721,0.3829230008798646,0.0068773369978375925,0.06446815292000935,-89.14720348239794,-85.40480146058216,2,False,D
lagging_darcy_truth_01,lagging_darcy_truth,calibration,Lagging Darcy truth,5e-05,0.001,0.0,100.0,1000.0,,Theis schedule-aware,0.00016050785946392917,0.00040654581234228254,,,,1.1663199045656123,-0.9000586568553721,0.3829230008798646,0.0068773369978375925,0.06446815292000935,-89.14720348239794,-85.40480146058216,2,False,D
lagging_darcy_truth_01,lagging_darcy_truth,calibration,Lagging Darcy truth,5e-05,0.001,0.0,100.0,1000.0,,Hantush-Jacob leaky,0.00015266068758039352,0.00040436192348776884,,,99999.99999998901,1.1161947249304207,-0.90544495183805,0.40120227913294676,0.00850719784625036,0.06803733733740067,-82.6643237640111,-77.05072073128743,3,True,D
lagging_darcy_truth_01,lagging_darcy_truth,calibration,Lagging Darcy truth,5e-05,0.001,0.0,100.0,1000.0,,Cooper-Jacob late-time,6.690440549767143e-05,0.0006481342566374223,,,,0.29124181152102047,-0.43365741792109097,0.8844864651852121,0.48012821366263064,0.01889392326678823,3.8336875172638805,7.576089539079662,2,False,C
lagging_darcy_truth_01,lagging_darcy_truth,calibration,Lagging Darcy truth,5e-05,0.001,0.0,100.0,1000.0,,Lagging Darcy no-leakage,5.586499701531003e-05,0.0009117712780541615,84.31497515718414,683.9006318814921,,0.11091500714432166,-0.09236611196855884,0.16864641651013473,5.176817489171518e-05,0.006930117728480892,-163.88585173797887,-156.4010476943473,4,False,B
lagging_darcy_truth_01,lagging_darcy_truth,calibration,Lagging Darcy truth,5e-05,0.001,0.0,100.0,1000.0,,Lagging Darcy with leakage,5.586529192318447e-05,0.0009117677702289235,84.3140002569774,683.8918221464153,74213.62516327955,0.11092028606872516,-0.09236995924042436,0.1686464177673439,5.177885829373471e-05,0.0069302686592002585,-161.88585102042066,-152.5298459658812,5,False,B
lagging_darcy_truth_02,lagging_darcy_truth,calibration,Lagging Darcy truth,5e-05,0.001,0.0,100.0,1000.0,,Theis fixed-rate,0.00014931740830191191,0.00040332785556200626,,,,1.09405129179678,-0.9080055104029102,0.4278174731328241,0.0014931957179761812,0.05832475039215798,-78.51959581548687,-74.77719379367109,2,False,D
lagging_darcy_truth_02,lagging_darcy_truth,calibration,Lagging Darcy truth,5e-05,0.001,0.0,100.0,1000.0,,Theis schedule-aware,0.00014931740830191191,0.00040332785556200626,,,,1.09405129179678,-0.9080055104029102,0.4278174731328241,0.0014931957179761812,0.05832475039215798,-78.51959581548687,-74.77719379367109,2,False,D
lagging_darcy_truth_02,lagging_darcy_truth,calibration,Lagging Darcy truth,5e-05,0.001,0.0,100.0,1000.0,,Hantush-Jacob leaky,0.00014300053686665536,0.00040025924416037993,,,99999.99999901805,1.050825379136989,-0.9156428314060495,0.4412429162672704,0.0024893055540589487,0.06229910446972924,-73.55233701420788,-67.9387339814842,3,True,D
lagging_darcy_truth_02,lagging_darcy_truth,calibration,Lagging Darcy truth,5e-05,0.001,0.0,100.0,1000.0,,Cooper-Jacob late-time,6.58078431435304e-05,0.0006649820356165176,,,,0.2747160225099505,-0.4079952528016704,0.9634953912156046,0.5250067733733309,0.01978076192547577,12.13207235482337,15.874474376639153,2,False,C
lagging_darcy_truth_02,lagging_darcy_truth,calibration,Lagging Darcy truth,5e-05,0.001,0.0,100.0,1000.0,,Lagging Darcy no-leakage,3.975232415335854e-05,0.001174859301326493,193.08496844527363,1722.098445749366,,-0.22935469677018455,0.16114839687436994,0.31659647179317096,-0.0015581745566085395,0.009145200678182856,-103.42159469759736,-95.93679065396579,4,False,C
lagging_darcy_truth_02,lagging_darcy_truth,calibration,Lagging Darcy truth,5e-05,0.001,0.0,100.0,1000.0,,Lagging Darcy with leakage,6.7796550810566365e-06,0.0006592588406411904,91.35091918058725,2196.94415855855,11.428375442528043,-1.998096777770413,-0.4166390436889553,0.3107027542362459,-0.0004973567358925318,0.009097931313017298,-103.22662343846613,-93.87061838392668,5,False,D
lagging_darcy_truth_03,lagging_darcy_truth,calibration,Lagging Darcy truth,5e-05,0.001,0.0,100.0,1000.0,,Theis fixed-rate,0.0001529558880790274,0.00040169678865504903,,,,1.1181265611850744,-0.9120577320350917,0.42065487488919373,0.004878794528575504,0.05974081566077804,-80.13445534603976,-76.39205332422398,2,False,D
lagging_darcy_truth_03,lagging_darcy_truth,calibration,Lagging Darcy truth,5e-05,0.001,0.0,100.0,1000.0,,Theis schedule-aware,0.0001529558880790274,0.00040169678865504903,,,,1.1181265611850744,-0.9120577320350917,0.42065487488919373,0.004878794528575504,0.05974081566077804,-80.13445534603976,-76.39205332422398,2,False,D
lagging_darcy_truth_03,lagging_darcy_truth,calibration,Lagging Darcy truth,5e-05,0.001,0.0,100.0,1000.0,,Hantush-Jacob leaky,0.0001460698067625277,0.0003990066008382942,,,99999.99999953745,1.072061630523639,-0.9187773187747436,0.4352172647089641,0.0061852365754364175,0.06366736935332233,-74.86401522085963,-69.25041218813595,3,True,D
lagging_darcy_truth_03,lagging_darcy_truth,calibration,Lagging Darcy truth,5e-05,0.001,0.0,100.0,1000.0,,Cooper-Jacob late-time,6.589701888881462e-05,0.0006679516045625733,,,,0.27607019816505723,-0.40353955632961425,0.9465599231823301,0.5315935595036894,0.0199392199664906,11.120073472137406,14.862475493953188,2,False,C
lagging_darcy_truth_03,lagging_darcy_truth,calibration,Lagging Darcy truth,5e-05,0.001,0.0,100.0,1000.0,,Lagging Darcy no-leakage,4.9336412874361405e-05,0.0010345209310987078,162.6136467374309,1192.4404614481896,,-0.013360599151435794,0.03393845105697501,0.30941834667059165,0.0006547737833893843,0.00577128716274472,-105.62420444375059,-98.13940040011902,4,False,B
lagging_darcy_truth_03,lagging_darcy_truth,calibration,Lagging Darcy truth,5e-05,0.001,0.0,100.0,1000.0,,Lagging Darcy with leakage,4.9336426516089845e-05,0.001034520134282486,162.61324957462423,1192.4374674973838,99987.66412520125,-0.013360322647211823,0.033937680829418865,0.30941834683621394,0.0006547617675511224,0.005771283460458975,-103.62420440042172,-94.26819934588227,5,True,C
lagging_darcy_truth_04,lagging_darcy_truth,calibration,Lagging Darcy truth,5e-05,0.001,0.0,100.0,1000.0,,Theis fixed-rate,0.00014766521472477383,0.00042251479095432593,,,,1.0829246433369315,-0.861530824621761,0.4068552424802238,0.002408687902208865,0.058123571138156235,-83.34143683650008,-79.5990348146843,2,False,D
lagging_darcy_truth_04,lagging_darcy_truth,calibration,Lagging Darcy truth,5e-05,0.001,0.0,100.0,1000.0,,Theis schedule-aware,0.00014766521472477383,0.00042251479095432593,,,,1.0829246433369315,-0.861530824621761,0.4068552424802238,0.002408687902208865,0.058123571138156235,-83.34143683650008,-79.5990348146843,2,False,D
lagging_darcy_truth_04,lagging_darcy_truth,calibration,Lagging Darcy truth,5e-05,0.001,0.0,100.0,1000.0,,Hantush-Jacob leaky,0.00014184132621080083,0.00041925172948803957,,,99999.99999995579,1.0426860063420422,-0.8692837530922419,0.42006711981404476,0.0035088345999506484,0.06184054318350168,-78.27185744740689,-72.65825441468321,3,True,D
lagging_darcy_truth_04,lagging_darcy_truth,calibration,Lagging Darcy truth,5e-05,0.001,0.0,100.0,1000.0,,Cooper-Jacob late-time,6.62468388109386e-05,0.0006636159003153185,,,,0.2813647422384338,-0.41005176026073875,0.8995342673739464,0.48699582806012726,0.019373164714617367,5.394084258898934,9.136486280714717,2,False,C
lagging_darcy_truth_04,lagging_darcy_truth,calibration,Lagging Darcy truth,5e-05,0.001,0.0,100.0,1000.0,,Lagging Darcy no-leakage,4.5164327585917366e-05,0.001082173067691917,182.1671338429512,1336.9795995905085,,-0.10171544288320003,0.07897111928950311,0.28973072749766343,-0.001841192592886959,0.006439764860018009,-111.93370207614198,-104.44889803251041,4,False,B
lagging_darcy_truth_04,lagging_darcy_truth,calibration,Lagging Darcy truth,5e-05,0.001,0.0,100.0,1000.0,,Lagging Darcy with leakage,1.0786801336144374e-05,0.0007463072815883808,104.36484621746274,1793.7562321755672,14.256202885833009,-1.5336997171744704,-0.2926178579737539,0.2871279328596728,-0.0016238688809788598,0.010999356584387773,-110.80042643595726,-101.44442138141781,5,False,D
lagging_darcy_truth_05,lagging_darcy_truth,calibration,Lagging Darcy truth,5e-05,0.001,0.0,100.0,1000.0,,Theis fixed-rate,0.00017468220066208686,0.00035234312760140446,,,,1.2509453213585795,-1.0431497838653214,0.4026854795073004,0.0040201218067957255,0.0682088606084681,-84.32722722484337,-80.58482520302759,2,False,D
lagging_darcy_truth_05,lagging_darcy_truth,calibration,Lagging Darcy truth,5e-05,0.001,0.0,100.0,1000.0,,Theis schedule-aware,0.00017468220066208686,0.00035234312760140446,,,,1.2509453213585795,-1.0431497838653214,0.4026854795073004,0.0040201218067957255,0.0682088606084681,-84.32722722484337,-80.58482520302759,2,False,D
lagging_darcy_truth_05,lagging_darcy_truth,calibration,Lagging Darcy truth,5e-05,0.001,0.0,100.0,1000.0,,Hantush-Jacob leaky,0.00016343163034249675,0.00035210587154949264,,,99999.99998970816,1.1843717344117826,-1.043823377159282,0.4261793738223338,0.005478322786135036,0.07239958152557305,-76.88037991718862,-71.26677688446495,3,True,D
lagging_darcy_truth_05,lagging_darcy_truth,calibration,Lagging Darcy truth,5e-05,0.001,0.0,100.0,1000.0,,Cooper-Jacob late-time,6.5991699430118e-05,0.0006584728706659246,,,,0.2775059624787132,-0.41783195733249495,1.0291947282003855,0.58038195218123,0.02058790642141917,19.251467314656733,22.993869336472514,2,False,C
lagging_darcy_truth_05,lagging_darcy_truth,calibration,Lagging Darcy truth,5e-05,0.001,0.0,100.0,1000.0,,Lagging Darcy no-leakage,4.8452337109002046e-05,0.001031810331685597,92.95879346732461,1066.8737709622865,,-0.03144243071086194,0.03131486304208789,0.1882442905264556,0.0001601987908933534,0.005636516999449764,-153.331943368164,-145.84713932453244,4,False,B
lagging_darcy_truth_05,lagging_darcy_truth,calibration,Lagging Darcy truth,5e-05,0.001,0.0,100.0,1000.0,,Lagging Darcy with leakage,4.845229741540185e-05,0.0010318107410979434,92.95894411866126,1066.8753885169579,99997.76502732886,-0.031443249941033646,0.031315259832324104,0.1882442906519429,0.00016014547959444675,0.005636516096730996,-151.33194332779385,-141.9759382732544,5,True,C
lagging_darcy_truth_06,lagging_darcy_truth,holdout,Lagging Darcy truth,5e-05,0.001,0.0,100.0,1000.0,,Theis fixed-rate,0.00017419770755729895,0.0003540828630752201,,,,1.2481678990718565,-1.0382243167563157,0.3973728613309623,0.004259995164294622,0.06708610553501228,-85.60143331600986,-81.85903129419408,2,False,D
lagging_darcy_truth_06,lagging_darcy_truth,holdout,Lagging Darcy truth,5e-05,0.001,0.0,100.0,1000.0,,Theis schedule-aware,0.00017419770755729895,0.0003540828630752201,,,,1.2481678990718565,-1.0382243167563157,0.3973728613309623,0.004259995164294622,0.06708610553501228,-85.60143331600986,-81.85903129419408,2,False,D
lagging_darcy_truth_06,lagging_darcy_truth,holdout,Lagging Darcy truth,5e-05,0.001,0.0,100.0,1000.0,,Hantush-Jacob leaky,0.00016308310709904587,0.00035376631572744526,,,99999.99999999932,1.182236924947772,-1.0391187088905605,0.4208146266104146,0.0057389931282445855,0.0711374221449399,-78.09548151099693,-72.48187847827326,3,True,D
lagging_darcy_truth_06,lagging_darcy_truth,holdout,Lagging Darcy truth,5e-05,0.001,0.0,100.0,1000.0,,Cooper-Jacob late-time,6.672128360994778e-05,0.0006522528049368535,,,,0.28850099119549283,-0.42732305457308417,1.007922320115171,0.5656324382923684,0.018466301918152024,17.132577268512417,20.8749792903282,2,False,C
lagging_darcy_truth_06,lagging_darcy_truth,holdout,Lagging Darcy truth,5e-05,0.001,0.0,100.0,1000.0,,Lagging Darcy no-leakage,5.192875795678934e-05,0.0009629227388777936,73.64720306715584,862.2886643144083,,0.03784973449886391,-0.03778210002065456,0.14240245994998774,9.518277238431313e-06,0.00524116337513442,-180.12397192396784,-172.6391678803363,4,False,B
lagging_darcy_truth_06,lagging_darcy_truth,holdout,Lagging Darcy truth,5e-05,0.001,0.0,100.0,1000.0,,Lagging Darcy with leakage,5.1814637492827545e-05,0.0009628587079281044,73.62555896531443,863.2115911756325,601.9518579202673,0.035649681001520224,-0.03784859868779991,0.14240240062215978,9.567823944287476e-06,0.0052368599343174446,-178.12401191728756,-168.7680068627481,5,False,B
lagging_darcy_truth_07,lagging_darcy_truth,holdout,Lagging Darcy truth,5e-05,0.001,0.0,100.0,1000.0,,Theis fixed-rate,0.00014652619145172048,0.00042681680214196526,,,,1.0751811882899274,-0.8514003926116077,0.47574055573742813,0.0030673832851313212,0.05838398373926255,-68.32525773094551,-64.58285570912973,2,False,D
lagging_darcy_truth_07,lagging_darcy_truth,holdout,Lagging Darcy truth,5e-05,0.001,0.0,100.0,1000.0,,Theis schedule-aware,0.00014652619145172048,0.00042681680214196526,,,,1.0751811882899274,-0.8514003926116077,0.47574055573742813,0.0030673832851313212,0.05838398373926255,-68.32525773094551,-64.58285570912973,2,False,D
lagging_darcy_truth_07,lagging_darcy_truth,holdout,Lagging Darcy truth,5e-05,0.001,0.0,100.0,1000.0,,Hantush-Jacob leaky,0.00014086094488216885,0.00042353061175672506,,,99999.9999990669,1.035750191818976,-0.8591294847237305,0.48686612595969914,0.004218373238200695,0.062017989518703756,-64.10442826624927,-58.4908252335256,3,True,D
lagging_darcy_truth_07,lagging_darcy_truth,holdout,Lagging Darcy truth,5e-05,0.001,0.0,100.0,1000.0,,Cooper-Jacob late-time,6.584217027045851e-05,0.000662630750510546,,,,0.2752375131929497,-0.41153738133333523,0.9193784623123248,0.4804074105483849,0.019735574045810816,6.726146989393507,10.468549011209289,2,False,C
lagging_darcy_truth_07,lagging_darcy_truth,holdout,Lagging Darcy truth,5e-05,0.001,0.0,100.0,1000.0,,Lagging Darcy no-leakage,4.827540847168837e-05,0.0010233883794176176,171.33307132919754,1142.6196797650668,,-0.03510071579901033,0.0231190624461554,0.38105410459291666,-0.0017151720830298038,0.006373090390458559,-85.63170555926409,-78.14690151563252,4,False,B
lagging_darcy_truth_07,lagging_darcy_truth,holdout,Lagging Darcy truth,5e-05,0.001,0.0,100.0,1000.0,,Lagging Darcy with leakage,2.3240631775424742e-05,0.0009221727775596961,132.4563742177319,1433.6589406849334,24.93459740630388,-0.7661208889849888,-0.08102267866529171,0.38049596470749797,-0.0017495681057192087,0.009436443886088407,-83.77237907722555,-74.4163740226861,5,False,C
lagging_darcy_truth_08,lagging_darcy_truth,holdout,Lagging Darcy truth,5e-05,0.001,0.0,100.0,1000.0,,Theis fixed-rate,0.00015125708379131123,0.00041375546976846016,,,,1.106957925369957,-0.8824801323940539,0.46279871405922407,0.004508401013251516,0.06026422625530459,-70.9703657844027,-67.22796376258692,2,False,D
lagging_darcy_truth_08,lagging_darcy_truth,holdout,Lagging Darcy truth,5e-05,0.001,0.0,100.0,1000.0,,Theis schedule-aware,0.00015125708379131123,0.00041375546976846016,,,,1.106957925369957,-0.8824801323940539,0.46279871405922407,0.004508401013251516,0.06026422625530459,-70.9703657844027,-67.22796376258692,2,False,D
lagging_darcy_truth_08,lagging_darcy_truth,holdout,Lagging Darcy truth,5e-05,0.001,0.0,100.0,1000.0,,Hantush-Jacob leaky,0.00014477193925498458,0.0004108512648234858,,,99999.99999967158,1.0631366660683037,-0.8895240160567137,0.4755343129784848,0.005788881060189983,0.06397576045096047,-66.36165843741942,-60.74805540469575,3,True,D
lagging_darcy_truth_08,lagging_darcy_truth,holdout,Lagging Darcy truth,5e-05,0.001,0.0,100.0,1000.0,,Cooper-Jacob late-time,6.597571094653574e-05,0.0006617978809680846,,,,0.277263652902207,-0.4127950854216545,0.9589941995345443,0.5000145381744637,0.01977135056173608,10.730465593267661,14.472867615083445,2,False,C
lagging_darcy_truth_08,lagging_darcy_truth,holdout,Lagging Darcy truth,5e-05,0.001,0.0,100.0,1000.0,,Lagging Darcy no-leakage,4.38210608001676e-05,0.0011090507934338142,170.740033740465,1386.5869758919491,,-0.13190846342586865,0.10350450843193756,0.3530521538211809,0.00046719760460621024,0.007616177413593615,-92.95986868683973,-85.47506464320816,4,False,B
lagging_darcy_truth_08,lagging_darcy_truth,holdout,Lagging Darcy truth,5e-05,0.001,0.0,100.0,1000.0,,Lagging Darcy with leakage,3.008069438828558e-05,0.0010478826920939795,146.55346454596227,1519.0055137244099,36.57791049956807,-0.5081394218960142,0.04677164460882922,0.35259076891010527,0.0007173446050273887,0.007047687374172952,-91.08529091890217,-81.72928586436272,5,False,C
lagging_darcy_truth_09,lagging_darcy_truth,holdout,Lagging Darcy truth,5e-05,0.001,0.0,100.0,1000.0,,Theis fixed-rate,0.00015606184344945664,0.0003960039456076584,,,,1.138229355631153,-0.9263311041215904,0.4356586559892927,0.0003046098021696868,0.062045534037654435,-76.77657884749368,-73.0341768256779,2,False,D
lagging_darcy_truth_09,lagging_darcy_truth,holdout,Lagging Darcy truth,5e-05,0.001,0.0,100.0,1000.0,,Theis schedule-aware,0.00015606184344945664,0.0003960039456076584,,,,1.138229355631153,-0.9263311041215904,0.4356586559892927,0.0003046098021696868,0.062045534037654435,-76.77657884749368,-73.0341768256779,2,False,D
lagging_darcy_truth_09,lagging_darcy_truth,holdout,Lagging Darcy truth,5e-05,0.001,0.0,100.0,1000.0,,Hantush-Jacob leaky,0.0001488125676305571,0.00039324149037269667,,,99999.9999905816,1.0906645732870863,-0.9333313765081505,0.4509179814876454,0.0012449672305443887,0.06592406586544443,-71.47129222193678,-65.8576891892131,3,True,D
lagging_darcy_truth_09,lagging_darcy_truth,holdout,Lagging Darcy truth,5e-05,0.001,0.0,100.0,1000.0,,Cooper-Jacob late-time,6.590413962962154e-05,0.0006575810331729723,,,,0.2761782509453801,-0.4191872781546413,0.996274738672739,0.5177595750791109,0.018967187131050774,14.323795071753912,18.066197093569695,2,False,C
lagging_darcy_truth_09,lagging_darcy_truth,holdout,Lagging Darcy truth,5e-05,0.001,0.0,100.0,1000.0,,Lagging Darcy no-leakage,3.506848542607844e-05,0.001217207488099493,164.1363678804845,1793.258308762051,,-0.3547201293749353,0.1965592909273533,0.28121008404849246,-0.0032468570471837466,0.0160222842489731,-114.79474188864228,-107.30993784501071,4,False,C
lagging_darcy_truth_09,lagging_darcy_truth,holdout,Lagging Darcy truth,5e-05,0.001,0.0,100.0,1000.0,,Lagging Darcy with leakage,6.05514538308727e-06,0.0006431543034386026,82.03531720218332,2269.8352836567165,10.980476375801528,-2.111114618292299,-0.44137060929018085,0.2625899468359001,-0.0012666111822420625,0.007698257260197539,-119.37693680201915,-110.0209317474797,5,False,D
lagging_darcy_truth_10,lagging_darcy_truth,holdout,Lagging Darcy truth,5e-05,0.001,0.0,100.0,1000.0,,Theis fixed-rate,0.00015886633925775177,0.00037826052657166897,,,,1.1560402096624756,-0.9721720970335761,0.33291746783104265,0.004418130830294587,0.06217461020868693,-102.58855463485469,-98.84615261303891,2,False,D
lagging_darcy_truth_10,lagging_darcy_truth,holdout,Lagging Darcy truth,5e-05,0.001,0.0,100.0,1000.0,,Theis schedule-aware,0.00015886633925775177,0.00037826052657166897,,,,1.1560402096624756,-0.9721720970335761,0.33291746783104265,0.004418130830294587,0.06217461020868693,-102.58855463485469,-98.84615261303891,2,False,D
lagging_darcy_truth_10,lagging_darcy_truth,holdout,Lagging Darcy truth,5e-05,0.001,0.0,100.0,1000.0,,Hantush-Jacob leaky,0.00015072408273740412,0.000376223910792132,,,99999.9999960121,1.1034278932589041,-0.9775708054105434,0.3541623564982419,0.005737732183269897,0.06630130094115996,-94.64568320142435,-89.03208016870067,3,True,D
lagging_darcy_truth_10,lagging_darcy_truth,holdout,Lagging Darcy truth,5e-05,0.001,0.0,100.0,1000.0,,Cooper-Jacob late-time,6.57671570795487e-05,0.0006595102684237314,,,,0.27409757576536364,-0.41625773693273976,0.9416496662645792,0.5563158313437858,0.019398004551919194,11.85179220202012,15.594194223835903,2,False,C
lagging_darcy_truth_10,lagging_darcy_truth,holdout,Lagging Darcy truth,5e-05,0.001,0.0,100.0,1000.0,,Lagging Darcy no-leakage,5.198101093864685e-05,0.0009689842783844149,127.50358234782234,997.1807813033139,,0.0388554722041342,-0.03150689180047788,0.12302933309014773,0.00012810379715223522,0.005897184613475073,-194.16242776985106,-186.6776237262195,4,False,B
lagging_darcy_truth_10,lagging_darcy_truth,holdout,Lagging Darcy truth,5e-05,0.001,0.0,100.0,1000.0,,Lagging Darcy with leakage,5.1980881790087834e-05,0.0009689858916979146,127.5037722750085,997.1850341523713,97029.35029104857,0.03885298766762521,-0.03150522684863849,0.12302933349468924,0.00012812366477643033,0.00589714610264723,-192.1624274377001,-182.80642238316065,5,False,B
lagging_darcy_truth_11,lagging_darcy_truth,holdout,Lagging Darcy truth,5e-05,0.001,0.0,100.0,1000.0,,Theis fixed-rate,0.0001583145349092409,0.00039525567296407445,,,,1.1525607760007857,-0.9282224501452736,0.4514431372564664,0.0030674444255475684,0.06276135046400708,-73.35766261471278,-69.615260592897,2,False,D
lagging_darcy_truth_11,lagging_darcy_truth,holdout,Lagging Darcy truth,5e-05,0.001,0.0,100.0,1000.0,,Theis schedule-aware,0.0001583145349092409,0.00039525567296407445,,,,1.1525607760007857,-0.9282224501452736,0.4514431372564664,0.0030674444255475684,0.06276135046400708,-73.35766261471278,-69.615260592897,2,False,D
lagging_darcy_truth_11,lagging_darcy_truth,holdout,Lagging Darcy truth,5e-05,0.001,0.0,100.0,1000.0,,Hantush-Jacob leaky,0.0001506592216881013,0.0003928171116666446,,,99999.99999984406,1.1029974709405355,-0.9344111401445578,0.4666279782739379,0.004272611056655774,0.06667741522642054,-68.17985801282703,-62.56625498010335,3,True,D
lagging_darcy_truth_11,lagging_darcy_truth,holdout,Lagging Darcy truth,5e-05,0.001,0.0,100.0,1000.0,,Cooper-Jacob late-time,6.484460535905046e-05,0.000678955898309435,,,,0.25997071542925687,-0.38719910447623945,1.0191547892440072,0.5562760340380607,0.020554495320880564,17.561398317794584,21.303800339610365,2,False,C
lagging_darcy_truth_11,lagging_darcy_truth,holdout,Lagging Darcy truth,5e-05,0.001,0.0,100.0,1000.0,,Lagging Darcy no-leakage,3.945538242294442e-05,0.00119948984973291,166.40506434972195,1674.8172025596268,,-0.23685253086634817,0.18189634118003292,0.32583552002289995,-0.0001415139307520824,0.008953505242657334,-100.66136061037997,-93.1765565667484,4,False,C
lagging_darcy_truth_11,lagging_darcy_truth,holdout,Lagging Darcy truth,5e-05,0.001,0.0,100.0,1000.0,,Lagging Darcy with leakage,1.3356677983645515e-05,0.000903636748325521,107.29562349286786,2027.1783378058199,17.02881420407859,-1.3200065221579065,-0.10132782641763133,0.32386564515000615,0.0003097962301445943,0.006132627852023796,-99.24346515372639,-89.88746009918694,5,False,D
lagging_leaky_truth_00,lagging_leaky_truth,calibration,Lagging Darcy leaky truth,5e-05,0.001,0.0,100.0,1000.0,35.0,Theis fixed-rate,0.00022362802116449943,0.00036711269618254987,,,,1.497961046268112,-1.002086403998265,0.3513962576740231,0.0022920914157753803,0.0386255625055837,-97.40919026786139,-93.66678824604561,2,False,D
lagging_leaky_truth_00,lagging_leaky_truth,calibration,Lagging Darcy leaky truth,5e-05,0.001,0.0,100.0,1000.0,35.0,Theis schedule-aware,0.00022362802116449943,0.00036711269618254987,,,,1.497961046268112,-1.002086403998265,0.3513962576740231,0.0022920914157753803,0.0386255625055837,-97.40919026786139,-93.66678824604561,2,False,D
lagging_leaky_truth_00,lagging_leaky_truth,calibration,Lagging Darcy leaky truth,5e-05,0.001,0.0,100.0,1000.0,35.0,Hantush-Jacob leaky,0.00020675375479003687,0.00036875021209878693,,,99999.99980150937,1.4195054893266432,-0.9976357961451219,0.3756497236485598,0.003475967707804366,0.04224242402690665,-88.99978948533877,-83.38618645261509,3,True,D
lagging_leaky_truth_00,lagging_leaky_truth,calibration,Lagging Darcy leaky truth,5e-05,0.001,0.0,100.0,1000.0,35.0,Cooper-Jacob late-time,0.00010929399745365465,0.0006783211340813104,,,,0.7820184701644516,-0.38813445409058467,0.8461375573487566,0.42224940402955813,0.013106019306541086,-2.172685344476535,1.5697166773392475,2,False,C
lagging_leaky_truth_00,lagging_leaky_truth,calibration,Lagging Darcy leaky truth,5e-05,0.001,0.0,100.0,1000.0,35.0,Lagging Darcy no-leakage,8.46993189083085e-05,0.00102523068993688,88.430358018546,798.4721711607066,,0.527084554973311,0.024917650620468093,0.19087254605014342,-0.00010142795169127324,0.009676782372955496,-152.00088949614906,-144.5160854525175,4,False,C
lagging_leaky_truth_00,lagging_leaky_truth,calibration,Lagging Darcy leaky truth,5e-05,0.001,0.0,100.0,1000.0,35.0,Lagging Darcy with leakage,2.9910220771243026e-05,0.000955962102858795,70.74412630661728,1208.2085406256904,21.24609729403598,-0.5138227516285412,-0.045037008077568365,0.18733351531626835,-0.00013478275770356478,0.006109478053569522,-151.79755391206743,-142.44154885752798,5,False,C
lagging_leaky_truth_01,lagging_leaky_truth,calibration,Lagging Darcy leaky truth,5e-05,0.001,0.0,100.0,1000.0,35.0,Theis fixed-rate,0.00019910675744227768,0.00044236950761983296,,,,1.3818181450071811,-0.8156097560594044,0.3160008565196273,0.004815503890641966,0.03454880412446307,-107.59217514787359,-103.84977312605781,2,False,D
lagging_leaky_truth_01,lagging_leaky_truth,calibration,Lagging Darcy leaky truth,5e-05,0.001,0.0,100.0,1000.0,35.0,Theis schedule-aware,0.00019910675744227768,0.00044236950761983296,,,,1.3818181450071811,-0.8156097560594044,0.3160008565196273,0.004815503890641966,0.03454880412446307,-107.59217514787359,-103.84977312605781,2,False,D
lagging_leaky_truth_01,lagging_leaky_truth,calibration,Lagging Darcy leaky truth,5e-05,0.001,0.0,100.0,1000.0,35.0,Hantush-Jacob leaky,0.00018859413136218734,0.00044016746403468236,,,99999.9999999922,1.3275742474375878,-0.8206000244008445,0.3336235915102591,0.006143565666427935,0.03758578597568205,-100.37716514732473,-94.76356211460106,3,True,D
lagging_leaky_truth_01,lagging_leaky_truth,calibration,Lagging Darcy leaky truth,5e-05,0.001,0.0,100.0,1000.0,35.0,Cooper-Jacob late-time,0.00011249556143625533,0.0006400984882183997,,,,0.8108907615380505,-0.44613322662668925,0.6483142684759782,0.2766057839192188,0.01148242156014962,-30.43065567903851,-26.688253657222727,2,False,C
lagging_leaky_truth_01,lagging_leaky_truth,calibration,Lagging Darcy leaky truth,5e-05,0.001,0.0,100.0,1000.0,35.0,Lagging Darcy no-leakage,9.523302786106193e-05,0.0008876981631722775,80.90048227581838,468.3134774544722,,0.6443038075160965,-0.11912350010874537,0.1706046128283618,-2.2877191273631046e-06,0.007599730948381296,-162.77759775462044,-155.2927937109889,4,False,C
lagging_leaky_truth_01,lagging_leaky_truth,calibration,Lagging Darcy leaky truth,5e-05,0.001,0.0,100.0,1000.0,35.0,Lagging Darcy with leakage,8.55973489757609e-05,0.0009006723114416831,82.86276105693453,513.5809219769753,101.95040941703874,0.5376313073306376,-0.10461378181996818,0.17042343989356137,7.788447603065038e-06,0.006664318724270366,-160.87959867380334,-151.5235936192639,5,False,C
lagging_leaky_truth_02,lagging_leaky_truth,calibration,Lagging Darcy leaky truth,5e-05,0.001,0.0,100.0,1000.0,35.0,Theis fixed-rate,0.00018494414805876995,0.00044113898410406353,,,,1.3080308716834521,-0.8183952964881749,0.38161962552942236,0.0002209414597289979,0.029070090190592413,-89.49031468000008,-85.7479126581843,2,False,D
lagging_leaky_truth_02,lagging_leaky_truth,calibration,Lagging Darcy leaky truth,5e-05,0.001,0.0,100.0,1000.0,35.0,Theis schedule-aware,0.00018494414805876995,0.00044113898410406353,,,,1.3080308716834521,-0.8183952964881749,0.38161962552942236,0.0002209414597289979,0.029070090190592413,-89.49031468000008,-85.7479126581843,2,False,D
lagging_leaky_truth_02,lagging_leaky_truth,calibration,Lagging Darcy leaky truth,5e-05,0.001,0.0,100.0,1000.0,35.0,Hantush-Jacob leaky,0.00017655316150240946,0.0004376719011295199,,,99999.99999616931,1.2615990239080341,-0.8262857334886123,0.39271336884445135,0.0009834882380533132,0.03250805892230259,-84.73908255368409,-79.12547952096041,3,True,D
lagging_leaky_truth_02,lagging_leaky_truth,calibration,Lagging Darcy leaky truth,5e-05,0.001,0.0,100.0,1000.0,35.0,Cooper-Jacob late-time,0.00010942956930057094,0.0006776595426070531,,,,0.783258134150276,-0.38911026670816695,0.7292328963411925,0.3495392365305447,0.011926177086440308,-17.206300406568616,-13.463898384752834,2,False,C
lagging_leaky_truth_02,lagging_leaky_truth,calibration,Lagging Darcy leaky truth,5e-05,0.001,0.0,100.0,1000.0,35.0,Lagging Darcy no-leakage,7.286098544205796e-05,0.0011920076074517774,258.58400334179237,1483.737544961463,,0.3765303112057152,0.1756389507132098,0.32299621048547117,-0.0016512590590401037,0.011562110400260329,-101.50029250383675,-94.01548846020518,4,False,C
lagging_leaky_truth_02,lagging_leaky_truth,calibration,Lagging Darcy leaky truth,5e-05,0.001,0.0,100.0,1000.0,35.0,Lagging Darcy with leakage,6.109887566594283e-06,0.0005842659062362137,86.08799632084678,2046.7231830854732,9.159908763161877,-2.1021146339533496,-0.537399080882479,0.310685707506508,-0.00039734010867737796,0.005487869583805034,-103.23193606164945,-93.87593100711,5,False,D
lagging_leaky_truth_03,lagging_leaky_truth,calibration,Lagging Darcy leaky truth,5e-05,0.001,0.0,100.0,1000.0,35.0,Theis fixed-rate,0.0001896840269467604,0.0004385349374070477,,,,1.3333366663164279,-0.8243157955272405,0.3719070065085272,0.003018898499163994,0.030011128741911808,-91.96203176536918,-88.2196297435534,2,False,D
lagging_leaky_truth_03,lagging_leaky_truth,calibration,Lagging Darcy leaky truth,5e-05,0.001,0.0,100.0,1000.0,35.0,Theis schedule-aware,0.0001896840269467604,0.0004385349374070477,,,,1.3333366663164279,-0.8243157955272405,0.3719070065085272,0.003018898499163994,0.030011128741911808,-91.96203176536918,-88.2196297435534,2,False,D
lagging_leaky_truth_03,lagging_leaky_truth,calibration,Lagging Darcy leaky truth,5e-05,0.001,0.0,100.0,1000.0,35.0,Hantush-Jacob leaky,0.00018052466673102962,0.00043556219593386404,,,99999.99990257893,1.283844420797602,-0.8311176778835392,0.3843440722156705,0.004043398593844712,0.03347099276987723,-86.80198067220324,-81.18837763947957,3,True,D
lagging_leaky_truth_03,lagging_leaky_truth,calibration,Lagging Darcy leaky truth,5e-05,0.001,0.0,100.0,1000.0,35.0,Cooper-Jacob late-time,0.00010967637267375205,0.000681949445823052,,,,0.7855109573766917,-0.3827997502453305,0.7178998994735356,0.3567706749770953,0.011423412040415961,-18.03099381837696,-14.288591796561178,2,False,C
lagging_leaky_truth_03,lagging_leaky_truth,calibration,Lagging Darcy leaky truth,5e-05,0.001,0.0,100.0,1000.0,35.0,Lagging Darcy no-leakage,8.723065169411611e-05,0.0010133830544005985,207.28142496491026,973.6770317538513,,0.5565327739751574,0.01329429238897827,0.3134579194688325,0.000394693162046076,0.0076115476533128515,-104.37914090377893,-96.89433686014736,4,False,C
lagging_leaky_truth_03,lagging_leaky_truth,calibration,Lagging Darcy leaky truth,5e-05,0.001,0.0,100.0,1000.0,35.0,Lagging Darcy with leakage,6.504084501361458e-05,0.001044588997085171,183.48924554170742,1098.2123093643547,53.96185885775918,0.2629924519412573,0.043623503827665326,0.31298222060060593,0.0005344773614379591,0.0058909414929514195,-102.52487443704402,-93.16886938250457,5,False,C
lagging_leaky_truth_04,lagging_leaky_truth,calibration,Lagging Darcy leaky truth,5e-05,0.001,0.0,100.0,1000.0,35.0,Theis fixed-rate,0.00018281694206764027,0.0004643375071995979,,,,1.2964623301924822,-0.7671436049669837,0.3570151188117746,0.0008681093004335883,0.028811241521943167,-95.88808005579907,-92.14567803398329,2,False,D
lagging_leaky_truth_04,lagging_leaky_truth,calibration,Lagging Darcy leaky truth,5e-05,0.001,0.0,100.0,1000.0,35.0,Theis schedule-aware,0.00018281694206764027,0.0004643375071995979,,,,1.2964623301924822,-0.7671436049669837,0.3570151188117746,0.0008681093004335883,0.028811241521943167,-95.88808005579907,-92.14567803398329,2,False,D
lagging_leaky_truth_04,lagging_leaky_truth,calibration,Lagging Darcy leaky truth,5e-05,0.001,0.0,100.0,1000.0,35.0,Hantush-Jacob leaky,0.0001751326828278437,0.00046054193563086155,,,99999.99960881054,1.2535208688040358,-0.7753513620022277,0.3680555907441857,0.0017108453775067714,0.03200813686590527,-90.96354832997898,-85.3499452972553,3,True,D
lagging_leaky_truth_04,lagging_leaky_truth,calibration,Lagging Darcy leaky truth,5e-05,0.001,0.0,100.0,1000.0,35.0,Cooper-Jacob late-time,0.00011064883669481421,0.0006716448737922891,,,,0.7943385476364592,-0.3980255397626604,0.6666657721278623,0.3045854647007029,0.01124061251156056,-26.65960260813661,-22.917200586320828,2,False,C
lagging_leaky_truth_04,lagging_leaky_truth,calibration,Lagging Darcy leaky truth,5e-05,0.001,0.0,100.0,1000.0,35.0,Lagging Darcy no-leakage,8.147964363833332e-05,0.001069986815833201,233.6214733606131,1088.8043509146844,,0.4883302123118288,0.06764632674668851,0.2953893027154219,-0.0017513610525359106,0.009375284001771839,-110.0771081819777,-102.59230413834614,4,False,C
lagging_leaky_truth_04,lagging_leaky_truth,calibration,Lagging Darcy leaky truth,5e-05,0.001,0.0,100.0,1000.0,35.0,Lagging Darcy with leakage,7.788827298811334e-06,0.0005971498238045264,89.41381186088383,1694.635714045977,9.95080408224959,-1.8593326961830163,-0.5155872359284055,0.287572117525678,-0.0014027853480786945,0.007319071409567509,-110.65243142262698,-101.29642636808752,5,False,D
lagging_leaky_truth_05,lagging_leaky_truth,calibration,Lagging Darcy leaky truth,5e-05,0.001,0.0,100.0,1000.0,35.0,Theis fixed-rate,0.00021752478438760996,0.00037610259972900144,,,,1.470289789816049,-0.9778933011952471,0.33524655802877884,0.002719525239798381,0.03751499990632578,-101.92468419509811,-98.18228217328233,2,False,D
lagging_leaky_truth_05,lagging_leaky_truth,calibration,Lagging Darcy leaky truth,5e-05,0.001,0.0,100.0,1000.0,35.0,Theis schedule-aware,0.00021752478438760996,0.00037610259972900144,,,,1.470289789816049,-0.9778933011952471,0.33524655802877884,0.002719525239798381,0.03751499990632578,-101.92468419509811,-98.18228217328233,2,False,D
lagging_leaky_truth_05,lagging_leaky_truth,calibration,Lagging Darcy leaky truth,5e-05,0.001,0.0,100.0,1000.0,35.0,Hantush-Jacob leaky,0.0002020708245783574,0.00037688623508881706,,,99999.99965840144,1.39659524724592,-0.9758119007640907,0.35870372035630804,0.0039358108826823765,0.04122084489958126,-93.42948042883444,-87.81587739611076,3,True,D
lagging_leaky_truth_05,lagging_leaky_truth,calibration,Lagging Darcy leaky truth,5e-05,0.001,0.0,100.0,1000.0,35.0,Cooper-Jacob late-time,0.00010993889733515166,0.0006651244634353212,,,,0.7879017272574328,-0.4077810927784701,0.8027390798383148,0.39722372165363407,0.012668716055945299,-7.39056449774483,-3.6481624759290474,2,False,C
lagging_leaky_truth_05,lagging_leaky_truth,calibration,Lagging Darcy leaky truth,5e-05,0.001,0.0,100.0,1000.0,35.0,Lagging Darcy no-leakage,8.494156918910142e-05,0.0010244069686115148,107.07750336404197,835.6376757067308,,0.5299405933751205,0.024113877947501573,0.19233575354086907,0.00010404359068213326,0.008184156320959243,-151.26777020738595,-143.7829661637544,4,False,C
lagging_leaky_truth_05,lagging_leaky_truth,calibration,Lagging Darcy leaky truth,5e-05,0.001,0.0,100.0,1000.0,35.0,Lagging Darcy with leakage,5.572894838559313e-05,0.0010458530837136372,97.01433188497843,1020.0806488379474,41.99757774025172,0.10847672616713562,0.04483290043726493,0.19103364403871814,0.00014907055054157298,0.005730122647391333,-149.91988287741592,-140.56387782287646,5,False,B
lagging_leaky_truth_06,lagging_leaky_truth,holdout,Lagging Darcy leaky truth,5e-05,0.001,0.0,100.0,1000.0,35.0,Theis fixed-rate,0.00021670399980946919,0.0003781803128460576,,,,1.4665093607632478,-0.9723841789882569,0.32725433577451446,0.0029285083574103186,0.03685101471523451,-104.24033021113625,-100.49792818932048,2,False,D
lagging_leaky_truth_06,lagging_leaky_truth,holdout,Lagging Darcy leaky truth,5e-05,0.001,0.0,100.0,1000.0,35.0,Theis schedule-aware,0.00021670399980946919,0.0003781803128460576,,,,1.4665093607632478,-0.9723841789882569,0.32725433577451446,0.0029285083574103186,0.03685101471523451,-104.24033021113625,-100.49792818932048,2,False,D
lagging_leaky_truth_06,lagging_leaky_truth,holdout,Lagging Darcy leaky truth,5e-05,0.001,0.0,100.0,1000.0,35.0,Hantush-Jacob leaky,0.00020148497588932945,0.0003788184827078873,,,99999.99999802098,1.3936918118354782,-0.97069812607309,0.3506222227023034,0.0041613029138896996,0.04030179334898291,-95.6160678045986,-90.00246477187493,3,True,D
lagging_leaky_truth_06,lagging_leaky_truth,holdout,Lagging Darcy leaky truth,5e-05,0.001,0.0,100.0,1000.0,35.0,Cooper-Jacob late-time,0.00011197879733758275,0.0006485202071378569,,,,0.8062865384597775,-0.4330621158994425,0.7721236298028035,0.3689931754606029,0.011794818859092029,-11.774158730032855,-8.031756708217074,2,False,C
lagging_leaky_truth_06,lagging_leaky_truth,holdout,Lagging Darcy leaky truth,5e-05,0.001,0.0,100.0,1000.0,35.0,Lagging Darcy no-leakage,8.917320733686508e-05,0.0009500151733454978,77.98826071588134,649.3802460205437,,0.5785576228602194,-0.051277322572471404,0.14827961538037338,1.6148427288570817e-06,0.009121020637167354,-176.2414911150644,-168.75668707143285,4,False,C
lagging_leaky_truth_06,lagging_leaky_truth,holdout,Lagging Darcy leaky truth,5e-05,0.001,0.0,100.0,1000.0,35.0,Lagging Darcy with leakage,5.07199117931895e-05,0.000958843076074364,72.96189699945347,867.141014815768,34.779509854071755,0.01429556560604521,-0.04202785036146554,0.14492897730085527,9.13761450595472e-06,0.005249693517304556,-176.43566440119602,-167.07965934665657,5,False,B
lagging_leaky_truth_07,lagging_leaky_truth,holdout,Lagging Darcy leaky truth,5e-05,0.001,0.0,100.0,1000.0,35.0,Theis fixed-rate,0.0001811778330478291,0.0004697680430943055,,,,1.287456046524169,-0.7555162314330077,0.4362175187810218,0.0014081611275207906,0.0291560957775554,-76.65302212666965,-72.91062010485388,2,False,D
lagging_leaky_truth_07,lagging_leaky_truth,holdout,Lagging Darcy leaky truth,5e-05,0.001,0.0,100.0,1000.0,35.0,Theis schedule-aware,0.0001811778330478291,0.0004697680430943055,,,,1.287456046524169,-0.7555162314330077,0.4362175187810218,0.0014081611275207906,0.0291560957775554,-76.65302212666965,-72.91062010485388,2,False,D
lagging_leaky_truth_07,lagging_leaky_truth,holdout,Lagging Darcy leaky truth,5e-05,0.001,0.0,100.0,1000.0,35.0,Hantush-Jacob leaky,0.0001737345464536376,0.00046592016076018504,,,99999.99952041404,1.2455055337872174,-0.7637409883757582,0.4451341959431936,0.0022956606183936793,0.032256512898341604,-72.70968976046356,-67.09608672773989,3,True,D
lagging_leaky_truth_07,lagging_leaky_truth,holdout,Lagging Darcy leaky truth,5e-05,0.001,0.0,100.0,1000.0,35.0,Cooper-Jacob late-time,0.00010952452077497572,0.0006733921637963883,,,,0.7841254527769729,-0.3954274090968708,0.7064086444097293,0.30154010073857385,0.011769452245927781,-22.184698815400857,-18.442296793585076,2,False,C
lagging_leaky_truth_07,lagging_leaky_truth,holdout,Lagging Darcy leaky truth,5e-05,0.001,0.0,100.0,1000.0,35.0,Lagging Darcy no-leakage,8.640142304794977e-05,0.000992411228459817,209.22852989702483,878.1734127916511,,0.5469811407086088,-0.00761771277886491,0.38736513238400166,-0.001609335457961436,0.008909407703403371,-84.05492099787321,-76.57011695424164,4,False,C
lagging_leaky_truth_07,lagging_leaky_truth,holdout,Lagging Darcy leaky truth,5e-05,0.001,0.0,100.0,1000.0,35.0,Lagging Darcy with leakage,9.803458375742081e-06,0.0006289569092454317,93.09409774544464,1505.2591995512807,10.933151934504858,-1.6292877865206998,-0.4636925313924116,0.38389855765715675,-0.0014947801498294624,0.008433123249279039,-82.91800611617705,-73.5620010616376,5,False,D
lagging_leaky_truth_08,lagging_leaky_truth,holdout,Lagging Darcy leaky truth,5e-05,0.001,0.0,100.0,1000.0,35.0,Theis fixed-rate,0.00018768940003151046,0.0004527267402015184,,,,1.322765463642173,-0.7924665580242072,0.41810633280710247,0.002662271075016228,0.03098919388062272,-80.72244757734406,-76.98004555552828,2,False,D
lagging_leaky_truth_08,lagging_leaky_truth,holdout,Lagging Darcy leaky truth,5e-05,0.001,0.0,100.0,1000.0,35.0,Theis schedule-aware,0.00018768940003151046,0.0004527267402015184,,,,1.322765463642173,-0.7924665580242072,0.41810633280710247,0.002662271075016228,0.03098919388062272,-80.72244757734406,-76.98004555552828,2,False,D
lagging_leaky_truth_08,lagging_leaky_truth,holdout,Lagging Darcy leaky truth,5e-05,0.001,0.0,100.0,1000.0,35.0,Hantush-Jacob leaky,0.0001790474535127177,0.0004494753645469865,,,99999.99997518663,1.2756278687019096,-0.7996742329194672,0.4288357862088051,0.0036730908356554883,0.034176312920342476,-76.28836413556199,-70.67476110283832,3,True,D
lagging_leaky_truth_08,lagging_leaky_truth,holdout,Lagging Darcy leaky truth,5e-05,0.001,0.0,100.0,1000.0,35.0,Cooper-Jacob late-time,0.00010989453020501955,0.0006708636410052141,,,,0.7874980840878664,-0.39918938023986744,0.723366095441011,0.3192658508399759,0.012205519436305726,-19.389989599525737,-15.647587577709956,2,False,C
lagging_leaky_truth_08,lagging_leaky_truth,holdout,Lagging Darcy leaky truth,5e-05,0.001,0.0,100.0,1000.0,35.0,Lagging Darcy no-leakage,7.734434014899327e-05,0.0011283096987195081,219.0199664480447,1180.9206891307142,,0.436244396955014,0.1207206709947758,0.357481523075297,0.00011570991958192538,0.01084653610603258,-91.76303228693396,-84.2782282433024,4,False,C
lagging_leaky_truth_08,lagging_leaky_truth,holdout,Lagging Darcy leaky truth,5e-05,0.001,0.0,100.0,1000.0,35.0,Lagging Darcy with leakage,2.66719266124484e-05,0.0009996456320008821,138.32563383731105,1512.8552198183809,19.906095942335885,-0.6284114309063816,-0.00035443080229471664,0.3542226097643521,0.0007749745839858343,0.006520806569429625,-90.64198234441733,-81.28597728987788,5,False,C
lagging_leaky_truth_09,lagging_leaky_truth,holdout,Lagging Darcy leaky truth,5e-05,0.001,0.0,100.0,1000.0,35.0,Theis fixed-rate,0.00019320482570295023,0.00043156898198924736,,,,1.351727893796874,-0.8403279156755425,0.38526652621323143,-0.0005624888534621758,0.03282385361538142,-88.57717034746992,-84.83476832565414,2,False,D
lagging_leaky_truth_09,lagging_leaky_truth,holdout,Lagging Darcy leaky truth,5e-05,0.001,0.0,100.0,1000.0,35.0,Theis schedule-aware,0.00019320482570295023,0.00043156898198924736,,,,1.351727893796874,-0.8403279156755425,0.38526652621323143,-0.0005624888534621758,0.03282385361538142,-88.57717034746992,-84.83476832565414,2,False,D
lagging_leaky_truth_09,lagging_leaky_truth,holdout,Lagging Darcy leaky truth,5e-05,0.001,0.0,100.0,1000.0,35.0,Hantush-Jacob leaky,0.0001835102412732867,0.0004286390379284133,,,99999.99995983818,1.3002474712627228,-0.8471401176629436,0.39852559557158707,0.00017344307545543586,0.0360630088235627,-83.32897544669464,-77.71537241397097,3,True,D
lagging_leaky_truth_09,lagging_leaky_truth,holdout,Lagging Darcy leaky truth,5e-05,0.001,0.0,100.0,1000.0,35.0,Cooper-Jacob late-time,0.00010969609921650525,0.0006643587630234681,,,,0.7856908025745546,-0.4089329696600684,0.7577495061359691,0.33475632791405857,0.012706379053351001,-14.916991085033011,-11.17458906321723,2,False,C
lagging_leaky_truth_09,lagging_leaky_truth,holdout,Lagging Darcy leaky truth,5e-05,0.001,0.0,100.0,1000.0,35.0,Lagging Darcy no-leakage,6.553305976001296e-05,0.001259596643461245,208.58614966407143,1484.3007433839696,,0.2705317390406446,0.2307915454755778,0.2938519156703399,-0.0028711204742068405,0.016330768334654317,-110.57509940254927,-103.0902953589177,4,False,C
lagging_leaky_truth_09,lagging_leaky_truth,holdout,Lagging Darcy leaky truth,5e-05,0.001,0.0,100.0,1000.0,35.0,Lagging Darcy with leakage,6.00473583014005e-06,0.0006025705027396756,80.51007878860511,2115.4760703476527,9.196028463959776,-2.1194745425141432,-0.5065506034679693,0.2638229079621383,-0.001186117131998098,0.006004019484944592,-118.92738437955461,-109.57137932501516,5,False,D
lagging_leaky_truth_10,lagging_leaky_truth,holdout,Lagging Darcy leaky truth,5e-05,0.001,0.0,100.0,1000.0,35.0,Theis fixed-rate,0.00019689385095029405,0.00040925303372716564,,,,1.3706417504265669,-0.8934216498636445,0.25979953327147304,0.002861849010367571,0.03209006717233096,-126.39773283319201,-122.65533081137623,2,False,D
lagging_leaky_truth_10,lagging_leaky_truth,holdout,Lagging Darcy leaky truth,5e-05,0.001,0.0,100.0,1000.0,35.0,Theis schedule-aware,0.00019689385095029405,0.00040925303372716564,,,,1.3706417504265669,-0.8934216498636445,0.25979953327147304,0.002861849010367571,0.03209006717233096,-126.39773283319201,-122.65533081137623,2,False,D
lagging_leaky_truth_10,lagging_leaky_truth,holdout,Lagging Darcy leaky truth,5e-05,0.001,0.0,100.0,1000.0,35.0,Hantush-Jacob leaky,0.0001859617555884024,0.0004072871533078344,,,99999.99999989504,1.3135180320272528,-0.8982368059304446,0.2808628832609733,0.003917537752113231,0.03573042662557721,-116.91034146978092,-111.29673843705724,3,True,D
lagging_leaky_truth_10,lagging_leaky_truth,holdout,Lagging Darcy leaky truth,5e-05,0.001,0.0,100.0,1000.0,35.0,Cooper-Jacob late-time,0.0001093171135166383,0.0006687526303419739,,,,0.7822299513006776,-0.40234104755801253,0.7039607940969538,0.37743034303181,0.010897860602988207,-18.354004095582077,-14.611602073766296,2,False,C
lagging_leaky_truth_10,lagging_leaky_truth,holdout,Lagging Darcy leaky truth,5e-05,0.001,0.0,100.0,1000.0,35.0,Lagging Darcy no-leakage,9.084768606341661e-05,0.0009336724461792104,148.9315111226201,758.4487570519326,,0.5971613192318469,-0.06862960228518727,0.12648038154828425,3.761480899868811e-05,0.007067049581098147,-191.50669396981772,-184.02188992618616,4,False,C
lagging_leaky_truth_10,lagging_leaky_truth,holdout,Lagging Darcy leaky truth,5e-05,0.001,0.0,100.0,1000.0,35.0,Lagging Darcy with leakage,6.859143994584392e-05,0.0009662729591029301,138.32233394088107,883.1944321312706,57.07089332975682,0.31614473938720067,-0.034308918324833036,0.1253216983020648,8.190895637920938e-05,0.005499333421219272,-190.39018378214692,-181.03417872760747,5,False,C
lagging_leaky_truth_11,lagging_leaky_truth,holdout,Lagging Darcy leaky truth,5e-05,0.001,0.0,100.0,1000.0,35.0,Theis fixed-rate,0.0001969107053490909,0.0004297868273316732,,,,1.3707273482112423,-0.8444659436108404,0.4023281739303428,0.0016486190095984603,0.033193426402300275,-84.41650887872143,-80.67410685690565,2,False,D
lagging_leaky_truth_11,lagging_leaky_truth,holdout,Lagging Darcy leaky truth,5e-05,0.001,0.0,100.0,1000.0,35.0,Theis schedule-aware,0.0001969107053490909,0.0004297868273316732,,,,1.3707273482112423,-0.8444659436108404,0.4023281739303428,0.0016486190095984603,0.033193426402300275,-84.41650887872143,-80.67410685690565,2,False,D
lagging_leaky_truth_11,lagging_leaky_truth,holdout,Lagging Darcy leaky truth,5e-05,0.001,0.0,100.0,1000.0,35.0,Hantush-Jacob leaky,0.00018657344868575312,0.00042730814644588374,,,99999.99997207604,1.3168019828595916,-0.8502498715808613,0.415703905765971,0.002609551061451642,0.0365961306637031,-79.2757075079566,-73.66210447523292,3,True,D
lagging_leaky_truth_11,lagging_leaky_truth,holdout,Lagging Darcy leaky truth,5e-05,0.001,0.0,100.0,1000.0,35.0,Cooper-Jacob late-time,0.00010679169455890228,0.0007095140419047992,,,,0.7588571517715795,-0.3431749913096682,0.8052479293478109,0.40212918373263856,0.013237647635197731,-6.913923053494084,-3.171521031678302,2,False,C
lagging_leaky_truth_11,lagging_leaky_truth,holdout,Lagging Darcy leaky truth,5e-05,0.001,0.0,100.0,1000.0,35.0,Lagging Darcy no-leakage,7.133752163203277e-05,0.0012435714890976462,216.99572140008232,1455.718269865704,,0.355399433669718,0.21798747283612138,0.33039996797397037,-0.00036762260847560124,0.011963999290525216,-99.32583104223923,-91.84102699860766,4,False,C
lagging_leaky_truth_11,lagging_leaky_truth,holdout,Lagging Darcy leaky truth,5e-05,0.001,0.0,100.0,1000.0,35.0,Lagging Darcy with leakage,4.0396499091462275e-06,0.0004938614770478581,63.15988428170093,2190.984602435977,7.936575355924916,-2.5158649733618725,-0.705500211950979,0.3241272061608976,0.00036248849684729817,0.005069301101449825,-99.16594827886365,-89.8099432243242,5,False,D
